True_Regime,Pattern,F_T,F_S,F_I,True_P,Est_P,rand_p1,rand_p2,length,slope,curve,amp1,amp2,noise_std,phi,break_point,drift
R1,Composite,0.9981413381098587,0.9530657027138725,0.0,48,50,48.0,96.0,500,-0.25344457041413126,-2.694986525850173e-05,10.42431162707452,2.603601355249503,1.0876691832461736,,,
R2,Seasonal,0.6238389191487022,0.9578576330003725,0.0,48,50,48.0,96.0,500,0.0,0.0,24.46335453718199,8.113614724841682,1.300183651648183,,,
R3,Stationary_AR,0.13181169817687544,0.3395805124724448,0.0,None,17,,,500,0.0,0.0,0.0,0.0,5.0,0.4406777078279986,,
R4,Trending_ExponentialGrowth,0.9987986107716884,0.283337467429972,0.0,None,24,,,500,,,0.0,0.0,1.3900064526891112,,,
R1,Composite,0.9984289179985545,0.9168198930390826,0.0,48,50,48.0,96.0,500,-0.35017820012078005,1.3014800765345328e-05,9.02150767322108,4.584869116876793,0.6963778454710617,,,
R2,Seasonal,0.019007169551140013,0.9765238743682664,0.0,48,100,48.0,96.0,500,0.0,0.0,13.00847998961709,10.601204939908975,1.2568587341032362,,,
R3,Stationary_AR,0.17527675038442803,0.2525343528988109,0.0,None,24,,,500,0.0,0.0,0.0,0.0,5.0,0.6922147207168569,,
R4,Trending_MeanShift,0.9999469642514428,0.9997878873698929,0.0,None,250,,,500,,,0.0,0.0,1.343844955121721,,250.0,
R1,Composite,0.9953268946885429,0.975712591858875,0.0,48,50,48.0,96.0,500,-0.24840867629973337,-3.8836769362304204e-05,23.456402328125776,3.820220190554263,1.318172558323916,,,
R2,Seasonal,0.6561940653478947,0.8873338670435211,0.0,48,50,48.0,96.0,500,0.0,0.0,19.262692276234134,11.350836550881212,1.9450432458580365,,,
R3,Stationary_AR,0.008723031516916557,0.508706145959396,0.0,None,167,,,500,0.0,0.0,0.0,0.0,5.0,0.621286746618706,,
R4,Trending_ExponentialGrowth,0.9986228988022852,0.2551442501146445,0.0,None,24,,,500,,,0.0,0.0,1.198460339868971,,,
R1,Composite,0.9961197580721078,0.9914661939850069,0.0,12,12,12.0,24.0,500,-0.17206744989795136,1.676236603800883e-05,22.575642230515804,3.83394375046215,0.7373358402410287,,,
R2,Seasonal,0.012005574656778317,0.9859163650653953,0.0,12,24,12.0,24.0,500,0.0,0.0,12.821885579182457,11.137477862118148,1.6426479973329575,,,
R3,Stationary_AR,0.2089172364607823,0.23454230703078516,0.0,None,13,,,500,0.0,0.0,0.0,0.0,5.0,0.47109758972438354,,
R4,Trending_MeanShift,0.9999724662590457,0.9998902517118994,0.0,None,250,,,500,,,0.0,0.0,0.7961394577868439,,250.0,
R1,Composite,0.9970208115890002,0.97945864377204,0.0,36,36,36.0,72.0,500,-0.2800194025677951,-2.2590522255940543e-05,22.50124426916549,6.181608698099205,0.548925843604525,,,
R2,Seasonal,0.664919570740883,0.9259526609504208,0.0,36,36,36.0,72.0,500,0.0,0.0,16.612061277831057,8.148409301671524,1.801207965804016,,,
R3,Stationary_AR,0.09255599725245489,0.3888323836922386,0.0,None,50,,,500,0.0,0.0,0.0,0.0,5.0,0.6168534378638761,,
R4,Trending_MeanShift,0.9999268213889827,0.9997084168645238,0.0,None,250,,,500,,,0.0,0.0,0.8318050278756213,,250.0,
R1,Composite,0.9817816418509082,0.915323101065049,0.0,12,12,12.0,24.0,500,0.12010917029909804,2.4227594994927826e-05,12.256738502483332,7.441638929278857,0.606404674112687,,,
R2,Seasonal,0.6999283036775311,0.933080617691135,0.0,12,12,12.0,24.0,500,0.0,0.0,14.842145330069851,6.991351980194967,1.629756704942025,,,
R3,Stationary_AR,0.10130430452438322,0.3549196198980724,0.0,None,56,,,500,0.0,0.0,0.0,0.0,5.0,0.5422981093529249,,
R4,Trending_ExponentialGrowth,0.9996859865902955,0.16234487603042203,0.0,None,24,,,500,,,0.0,0.0,0.5942310419526441,,,
R1,Composite,0.9928675605821019,0.9811419695052553,0.0,36,36,36.0,72.0,500,-0.11675035033272299,-2.6950613738533666e-05,16.466897441415075,4.198602091949275,0.5030520795031472,,,
R2,Seasonal,0.6919918057223106,0.8749481841100707,0.0,36,36,36.0,72.0,500,0.0,0.0,16.237674773218487,11.032686126799684,1.7898483706906503,,,
R3,Stationary_AR,0.20032606359312333,0.33592422220066964,0.0,None,36,,,500,0.0,0.0,0.0,0.0,5.0,0.6348856991974537,,
R4,Trending_MeanShift,0.9999548534931674,0.9998193451346826,0.0,None,250,,,500,,,0.0,0.0,1.3013061786159585,,250.0,
R1,Composite,0.9659581202042352,0.9485222094548016,0.0,48,50,48.0,96.0,500,-0.1283640454837649,1.6859769182159144e-05,19.729803287832475,7.950243523413237,0.5820987076892459,,,
R2,Seasonal,0.4003476573179582,0.9339502447154263,0.0,48,50,48.0,96.0,500,0.0,0.0,18.576074670786397,5.6426823255683,1.8730765991180707,,,
R3,Stationary_AR,0.2448791586718121,0.24480574988773762,0.0,None,15,,,500,0.0,0.0,0.0,0.0,5.0,0.6721814374503061,,
R4,Trending_RandomWalkDrift,0.9972357935687108,0.12133832242245779,0.0,None,24,,,500,,,0.0,0.0,1.3673836074825387,,,0.4608038348793907
R1,Composite,0.9910935052773671,0.9775492469263699,0.0,48,50,48.0,96.0,500,0.12921229677096435,1.529308945660797e-05,17.68314110884497,2.6772742893486194,0.5133309475416196,,,
R2,Seasonal,0.6673487461320758,0.9080236445036687,0.0,48,50,48.0,96.0,500,0.0,0.0,16.802586014997466,9.16132829919172,0.8254192760527688,,,
R3,Stationary_WN,0.12400429978354033,0.12330321133211408,0.0,None,3,,,500,0.0,0.0,0.0,0.0,5.6035028791659425,,,
R4,Trending_RandomWalkDrift,0.9975380267589586,0.03554397022835987,0.0,None,24,,,500,,,0.0,0.0,1.468454175583776,,,-0.4698947018215427
R1,Composite,0.9972167889712887,0.9237218832938179,0.0,24,24,24.0,48.0,500,-0.21573593748303463,-1.702791026402559e-05,8.215865000072236,4.193862478984517,0.7191259345187712,,,
R2,Seasonal,0.6640733918263236,0.9603801893813367,0.0,24,24,24.0,48.0,500,0.0,0.0,21.190580265729913,7.237012153296955,1.6619488034799321,,,
R3,Stationary_WN,0.08794085683570385,0.16217741995631652,0.0,None,6,,,500,0.0,0.0,0.0,0.0,14.792194068747818,,,
R4,Trending_RandomWalkDrift,0.9848327406710066,0.0,0.0,None,24,,,500,,,0.0,0.0,0.951625906556419,,,-0.49143837651419464
R1,Composite,0.979304705568263,0.9199186989395025,0.0,36,36,36.0,72.0,500,-0.11683294727922938,3.542786270070767e-05,10.017430859492773,4.494744877338553,1.2465756800466044,,,
R2,Seasonal,0.7084084583481001,0.9223762976243169,0.0,36,36,36.0,72.0,500,0.0,0.0,15.654224792319022,8.419666235447703,0.9395080490139132,,,
R3,Stationary_WN,0.018492028474985434,0.28684242669770854,0.0,None,71,,,500,0.0,0.0,0.0,0.0,12.518191095157295,,,
R4,Trending_RandomWalkDrift,0.9965318868904346,0.7375748042692443,0.0,None,250,,,500,,,0.0,0.0,1.0678824919168965,,,-0.44602081707075747
R1,Composite,0.9868628202497178,0.9556104707616768,0.0,12,12,12.0,24.0,500,0.10627302655087634,2.1133453847160912e-05,12.9218543973535,4.8609165252226845,1.300518259513128,,,
R2,Seasonal,0.677251998279597,0.9158557753634141,0.0,12,12,12.0,24.0,500,0.0,0.0,11.112250231989531,5.795632986504815,1.4978871174693333,,,
R3,Stationary_AR,0.09271903730722775,0.24412994716234682,0.0,None,29,,,500,0.0,0.0,0.0,0.0,5.0,0.4117530816843232,,
R4,Trending_MeanShift,0.9999321400615783,0.9997287586426322,0.0,None,250,,,500,,,0.0,0.0,1.3863409532179427,,250.0,
R1,Composite,0.9952458300863124,0.9851749707836707,0.0,24,24,24.0,48.0,500,0.14978564319876528,3.0646046244283235e-05,18.95646093684209,3.2133202334942497,1.2490731399114754,,,
R2,Seasonal,0.7025956304079324,0.9356704806766641,0.0,24,24,24.0,48.0,500,0.0,0.0,23.162508927497207,11.325279601225992,1.0968600874060523,,,
R3,Stationary_AR,0.06073611278353719,0.28453857841723007,0.0,None,56,,,500,0.0,0.0,0.0,0.0,5.0,0.6052831208547023,,
R4,Trending_RandomWalkDrift,0.9953647898264444,0.0,0.0,None,24,,,500,,,0.0,0.0,0.7025711513169907,,,0.4561636536226872
R1,Composite,0.9984170140361657,0.9802788328451901,0.0,36,36,36.0,72.0,500,0.37289937154781194,-4.3229679740379044e-05,20.0490062352746,3.8646219826299513,1.3926396830734549,,,
R2,Seasonal,0.7196338959346005,0.970434053945625,0.0,36,36,36.0,72.0,500,0.0,0.0,28.69985530368286,9.520584139122947,0.5285442852991278,,,
R3,Stationary_WN,0.21065997900055,0.15413858113024703,0.0,None,2,,,500,0.0,0.0,0.0,0.0,5.623601195174578,,,
R4,Trending_ExponentialGrowth,0.9969281424793447,0.3113516315928848,0.0,None,24,,,500,,,0.0,0.0,1.2776819413057605,,,
R1,Composite,0.9977198510388425,0.9654927151326751,0.0,48,50,48.0,96.0,500,0.3650246419486801,-4.213104094183703e-05,17.893598299705985,5.673100130447982,0.5667478904384122,,,
R2,Seasonal,0.6476395792037153,0.9262953908997553,0.0,48,50,48.0,96.0,500,0.0,0.0,23.607875449189848,10.987200302411054,1.4810818249174678,,,
R3,Stationary_AR,0.09167911261252348,0.21818367605096167,0.0,None,22,,,500,0.0,0.0,0.0,0.0,5.0,0.5941180258665174,,
R4,Trending_ExponentialGrowth,0.9985129770360283,0.23592467864786282,0.0,None,24,,,500,,,0.0,0.0,1.1939086038711348,,,
R1,Composite,0.9971083606137733,0.8979599974887592,0.0,36,36,36.0,72.0,500,0.2804891435189395,-2.67968454442132e-05,8.566534310570601,4.533302385481876,1.4264503663692585,,,
R2,Seasonal,0.6587339248179613,0.8853286226857685,0.0,36,36,36.0,72.0,500,0.0,0.0,12.852261912016028,7.909552240650337,1.971742812229263,,,
R3,Stationary_AR,0.03310913828389073,0.4103739575222679,0.0,None,167,,,500,0.0,0.0,0.0,0.0,5.0,0.4064254642927998,,
R4,Trending_ExponentialGrowth,0.989061922520159,0.26088857196026904,0.0,None,24,,,500,,,0.0,0.0,0.6425951060773917,,,
R1,Composite,0.9979231079756268,0.9292319339902969,0.0,48,50,48.0,96.0,500,0.36840920798241006,-1.2058012302792362e-05,12.264876586815397,5.552412827026763,1.0368403240970148,,,
R2,Seasonal,0.6799004786268874,0.9147089540906664,0.0,48,50,48.0,96.0,500,0.0,0.0,20.32713890365742,10.973686274937675,0.5510649877542366,,,
R3,Stationary_AR,0.2172117076187845,0.33260306152145236,0.0,None,25,,,500,0.0,0.0,0.0,0.0,5.0,0.5956612245832045,,
R4,Trending_RandomWalkDrift,0.9936090396329287,0.6608481862280189,0.0,None,167,,,500,,,0.0,0.0,0.9081621480226765,,,-0.3247420836345958
R1,Composite,0.9978343503120439,0.9449618710088408,0.0,48,50,48.0,96.0,500,-0.31279768465495383,-3.490951430671825e-05,12.835772606551899,4.142464788244728,1.357323223792838,,,
R2,Seasonal,0.608831240712314,0.9793383695236708,0.0,48,50,48.0,96.0,500,0.0,0.0,25.68638562154246,5.830262139359249,0.6626286851471339,,,
R3,Stationary_WN,0.08527720056566601,0.11608780646797101,0.0,None,4,,,500,0.0,0.0,0.0,0.0,8.101642991450039,,,
R4,Trending_RandomWalkDrift,0.9925867809606796,0.07404500911232015,0.0,None,24,,,500,,,0.0,0.0,0.8176720685990568,,,0.25688722124548097
R1,Composite,0.9973211773606565,0.9894922069495632,0.0,12,12,12.0,24.0,500,0.2374382453961957,-1.3464299939989123e-05,23.686874317594768,3.8780494706348545,1.208423191096049,,,
R2,Seasonal,0.7373204292076949,0.9372854668684152,0.0,12,12,12.0,24.0,500,0.0,0.0,22.294652241897097,11.096317705843063,1.4789550789085124,,,
R3,Stationary_WN,0.2257557793338626,0.17723357693034691,0.0,None,2,,,500,0.0,0.0,0.0,0.0,10.943239606486069,,,
R4,Trending_MeanShift,0.9999897588229044,0.9999590564566363,0.0,None,250,,,500,,,0.0,0.0,0.5164547000453754,,250.0,
R1,Composite,0.9972212281319386,0.9691086258650894,0.0,36,36,36.0,72.0,500,-0.30578582194852744,-3.829922749538923e-05,19.612107030072853,6.289938457600568,0.9937433498482783,,,
R2,Seasonal,0.6617112643740817,0.8263230639394529,0.0,36,36,36.0,72.0,500,0.0,0.0,10.057081151661693,7.824326208844393,1.7830003764830182,,,
R3,Stationary_AR,0.08533611547939368,0.3052656864445362,0.0,None,56,,,500,0.0,0.0,0.0,0.0,5.0,0.6393064891462241,,
R4,Trending_RandomWalkDrift,0.9978993049532585,0.22040466759780264,0.0,None,24,,,500,,,0.0,0.0,0.831464910881711,,,-0.37648685644415303
R1,Composite,0.9865594053970149,0.9178262611113847,0.0,24,24,24.0,48.0,500,-0.19488030654925376,4.8993279264085886e-05,13.519991516783529,7.317016256847323,0.9081083983966827,,,
R2,Seasonal,0.7060266883363768,0.9671437515995112,0.0,24,24,24.0,48.0,500,0.0,0.0,18.88337726065864,6.524115989225295,0.5459526194005961,,,
R3,Stationary_AR,0.10023254524934933,0.23531634030592907,0.0,None,19,,,500,0.0,0.0,0.0,0.0,5.0,0.45393402113495646,,
R4,Trending_RandomWalkDrift,0.9990566718115339,0.9603716160487135,0.0,None,250,,,500,,,0.0,0.0,1.059714328272379,,,0.45219371533961283
R1,Composite,0.9932571640951949,0.9764594059421641,0.0,48,50,48.0,96.0,500,0.16196664569488697,3.9509302576936146e-05,19.713557844883177,2.7088225814435036,1.4911216094240503,,,
R2,Seasonal,0.6043222212729191,0.9619983412069856,0.0,48,50,48.0,96.0,500,0.0,0.0,22.72006176354085,7.0070673423347225,1.4156926743911855,,,
R3,Stationary_WN,0.05406703704728566,0.09395529524389856,0.0,None,3,,,500,0.0,0.0,0.0,0.0,7.8789393048286875,,,
R4,Trending_RandomWalkDrift,0.9768629767072202,0.9738671877465662,0.0,None,250,,,500,,,0.0,0.0,0.5488038073331929,,,0.17622382915086865
R1,Composite,0.9992767296542665,0.9448233350027885,0.0,12,12,12.0,24.0,500,-0.3605430575107904,-4.30150211076401e-05,8.745629664010206,3.669874319295214,0.9174376934194475,,,
R2,Seasonal,0.7432103134104029,0.9620244874643749,0.0,12,12,12.0,24.0,500,0.0,0.0,26.369581645881397,10.20608264150425,1.2003327183731738,,,
R3,Stationary_WN,0.3866258427602103,0.18751714241383277,0.0,None,2,,,500,0.0,0.0,0.0,0.0,9.244734039993777,,,
R4,Trending_ExponentialGrowth,0.9991903507456551,0.19691838403032647,0.0,None,24,,,500,,,0.0,0.0,0.9812010249107249,,,
R1,Composite,0.996577776038873,0.9851633118994011,0.0,36,36,36.0,72.0,500,0.2229109593164053,1.3474932587247791e-05,22.373952951367205,3.1916230916213495,1.4882035287193727,,,
R2,Seasonal,0.7173406069588246,0.9048445821731306,0.0,36,36,36.0,72.0,500,0.0,0.0,19.046447790207186,11.752500867191083,0.8394798435780015,,,
R3,Stationary_AR,0.09328241628263734,0.28214630164233434,0.0,None,33,,,500,0.0,0.0,0.0,0.0,5.0,0.5590456189928973,,
R4,Trending_ExponentialGrowth,0.9872615496702254,0.23336524285215665,0.0,None,24,,,500,,,0.0,0.0,0.9214655382677579,,,
R1,Composite,0.9978779466885545,0.96416639831477,0.0,48,50,48.0,96.0,500,0.2742279525134264,3.389864746281073e-05,14.20154958358492,2.288577769270223,1.3784325720299084,,,
R2,Seasonal,0.6136437289008001,0.9487384738849521,0.0,48,50,48.0,96.0,500,0.0,0.0,26.62756857279472,9.97120979568157,1.7760672409704756,,,
R3,Stationary_WN,0.1505557332747539,0.1059664056947568,0.0,None,2,,,500,0.0,0.0,0.0,0.0,13.91653564436388,,,
R4,Trending_RandomWalkDrift,0.9956521547617178,0.06813975236829828,0.0,None,24,,,500,,,0.0,0.0,1.0706641294570274,,,-0.30369445969482034
R1,Composite,0.9938787695100063,0.9025211829906787,0.0,24,24,24.0,48.0,500,0.24713964414959666,-2.4635161761761803e-05,11.313047799532226,6.514656226805137,1.4106257657217522,,,
R2,Seasonal,0.6347488539646189,0.9394758484141816,0.0,24,24,24.0,48.0,500,0.0,0.0,18.74399970054187,7.509229775576334,1.970025979454014,,,
R3,Stationary_WN,0.18351497461137822,0.1807362037469299,0.0,None,4,,,500,0.0,0.0,0.0,0.0,7.230711590038521,,,
R4,Trending_MeanShift,0.9998959788104087,0.999584248184014,0.0,None,250,,,500,,,0.0,0.0,0.8616991656867923,,250.0,
R1,Composite,0.9958012237374007,0.9398377106870188,0.0,24,24,24.0,48.0,500,-0.25758055368679555,3.9795766202413617e-05,12.319300743291963,5.442759958933758,0.9363372106244714,,,
R2,Seasonal,0.6554736940492237,0.9561560704980919,0.0,24,24,24.0,48.0,500,0.0,0.0,16.241901224653297,5.747074080021511,1.3498127147602728,,,
R3,Stationary_AR,0.04680990818640984,0.21008435554767868,0.0,None,36,,,500,0.0,0.0,0.0,0.0,5.0,0.40467008070364274,,
R4,Trending_MeanShift,0.9999876835982779,0.9999507695941173,0.0,None,250,,,500,,,0.0,0.0,0.6496571253345295,,250.0,
R1,Composite,0.990656717647746,0.9833849441366002,0.0,48,50,48.0,96.0,500,0.13406152541250133,1.0586059600789888e-05,21.450023232042625,3.636245193475592,0.8211040167350271,,,
R2,Seasonal,0.5604337766391556,0.8600237006825988,0.0,48,50,48.0,96.0,500,0.0,0.0,10.085185725405363,5.651384094154974,1.9715050036915596,,,
R3,Stationary_AR,0.17412060152242204,0.2644151730932467,0.0,None,21,,,500,0.0,0.0,0.0,0.0,5.0,0.47702773381397745,,
R4,Trending_MeanShift,0.9999621850405638,0.9998487370840917,0.0,None,250,,,500,,,0.0,0.0,1.0995599079008,,250.0,
R1,Composite,0.9971502666796918,0.9094719421932198,0.0,36,36,36.0,72.0,500,-0.35189525461305426,-4.890904197940512e-05,13.031797775114601,7.762806028829317,0.8739948676191578,,,
R2,Seasonal,0.714448073618142,0.9347916401014389,0.0,36,36,36.0,72.0,500,0.0,0.0,23.186689289286132,11.499822432013676,0.8159124856805031,,,
R3,Stationary_AR,0.008269016533082874,0.24635091707776613,0.0,None,125,,,500,0.0,0.0,0.0,0.0,5.0,0.6320443886234255,,
R4,Trending_MeanShift,0.9998870086001334,0.9995487862260395,0.0,None,250,,,500,,,0.0,0.0,1.4649087220149677,,250.0,
R1,Composite,0.9923503582193105,0.9825185908105925,0.0,36,36,36.0,72.0,500,-0.17884311161169375,3.0367593046314872e-05,21.84234290879874,4.9199299352223935,1.3259772602483264,,,
R2,Seasonal,0.7109867717665688,0.970349827491703,0.0,36,36,36.0,72.0,500,0.0,0.0,16.965566951073676,5.559230146746866,0.5063329061058042,,,
R3,Stationary_AR,0.08521550950200918,0.20962358543288206,0.0,None,83,,,500,0.0,0.0,0.0,0.0,5.0,0.5416977706268609,,
R4,Trending_MeanShift,0.9997625163254152,0.9990563206851698,0.0,None,250,,,500,,,0.0,0.0,1.3893924662150234,,250.0,
R1,Composite,0.9993986464238985,0.9945469268746295,0.0,12,12,12.0,24.0,500,-0.26953333813695435,2.184915860635523e-05,17.553845234694492,2.133125059270338,0.5894189252033786,,,
R2,Seasonal,0.6672649562858664,0.9500956265987003,0.0,12,12,12.0,24.0,500,0.0,0.0,17.82453770013441,6.7566091265984,1.8459770827490198,,,
R3,Stationary_WN,0.22427812095208766,0.09760558646590256,0.0,None,2,,,500,0.0,0.0,0.0,0.0,13.213347603467081,,,
R4,Trending_MeanShift,0.999963733939523,0.9998554992130413,0.0,None,250,,,500,,,0.0,0.0,1.2390212477679077,,250.0,
R1,Composite,0.9919640348378359,0.9605849478003557,0.0,12,12,12.0,24.0,500,0.18618394646769815,-2.5194508159577073e-05,15.892653385267689,6.10375038091713,0.9206281436279056,,,
R2,Seasonal,0.07116378388711475,0.998318983005207,0.0,12,24,12.0,24.0,500,0.0,0.0,10.687219115078419,10.467445675463864,0.5204920658894795,,,
R3,Stationary_AR,0.3163222218434538,0.28449874670358444,0.0,None,11,,,500,0.0,0.0,0.0,0.0,5.0,0.5065987263197518,,
R4,Trending_MeanShift,0.999975217747246,0.9999009030062603,0.0,None,250,,,500,,,0.0,0.0,0.8367343710901826,,250.0,
R1,Composite,0.9971598737225296,0.9496592162120194,0.0,24,24,24.0,48.0,500,0.26975390111846365,-4.5783776728970556e-05,11.650260129291723,4.601303457187687,0.9073661407294504,,,
R2,Seasonal,0.6673655797636991,0.9841845313906815,0.0,24,24,24.0,48.0,500,0.0,0.0,24.98682565786967,5.326892054879192,1.1798854943794672,,,
R3,Stationary_WN,0.19031306911848067,0.08425834386166398,0.0,None,3,,,500,0.0,0.0,0.0,0.0,11.47482283315606,,,
R4,Trending_ExponentialGrowth,0.96816817475319,0.21434203489743375,0.0,None,24,,,500,,,0.0,0.0,1.4075641088985829,,,
R1,Composite,0.9990305653416421,0.9672046970212494,0.0,48,50,48.0,96.0,500,-0.350079876718856,-3.668140251520753e-05,12.563925821793278,2.051802343420103,1.208364548947132,,,
R2,Seasonal,0.6562568239338973,0.957026064699071,0.0,48,50,48.0,96.0,500,0.0,0.0,23.836395542128848,8.578022246141554,0.6541229839965734,,,
R3,Stationary_WN,0.16777056812049995,0.07979024267602008,0.0,None,2,,,500,0.0,0.0,0.0,0.0,6.503123035222897,,,
R4,Trending_ExponentialGrowth,0.9979955645536392,0.20338096557469043,0.0,None,24,,,500,,,0.0,0.0,0.6575664800027207,,,
R1,Composite,0.9991027233789618,0.9801819389079529,0.0,24,24,24.0,48.0,500,0.3533079982663616,4.3717030596744744e-05,16.036339616315583,4.144773343542822,0.6798756319396307,,,
R2,Seasonal,0.6938322463339333,0.9614492085217441,0.0,24,24,24.0,48.0,500,0.0,0.0,25.851975653822645,9.398020504492635,1.341619176773635,,,
R3,Stationary_WN,0.11317849293597937,0.23186261001165354,0.0,None,7,,,500,0.0,0.0,0.0,0.0,8.740746418601073,,,
R4,Trending_RandomWalkDrift,0.9924859123742911,0.25158879945145773,0.0,None,24,,,500,,,0.0,0.0,0.8787879583112361,,,-0.12526348313278346
R1,Composite,0.9959586916279312,0.9299361111313035,0.0,12,12,12.0,24.0,500,-0.3314069512491574,4.266655608210957e-05,14.715940853343207,7.7522848078412405,1.0880505303884735,,,
R2,Seasonal,0.7439586120810817,0.9892559747385195,0.0,12,12,12.0,24.0,500,0.0,0.0,26.54900065754384,5.375807450330381,0.5900962121779844,,,
R3,Stationary_WN,0.18258617641194275,0.27532836793750537,0.0,None,6,,,500,0.0,0.0,0.0,0.0,5.981437103847415,,,
R4,Trending_ExponentialGrowth,0.9919915287840637,0.1775222942608743,0.0,None,24,,,500,,,0.0,0.0,1.3609284733537597,,,
R1,Composite,0.9971924787464028,0.986121335113481,0.0,24,24,24.0,48.0,500,-0.24574833369419605,-1.1065959096491495e-05,22.62060214568507,4.207394518699501,1.2666273586879104,,,
R2,Seasonal,0.7016338976790394,0.9428904550699717,0.0,24,24,24.0,48.0,500,0.0,0.0,19.25816924207439,8.70421050592569,1.010527083565592,,,
R3,Stationary_WN,0.15609111238908058,0.32332275172447666,0.0,None,8,,,500,0.0,0.0,0.0,0.0,8.383984943399021,,,
R4,Trending_RandomWalkDrift,0.9740273139431805,0.5713167884415141,0.0,None,125,,,500,,,0.0,0.0,0.6141076619137757,,,-0.3875112224141166
R1,Composite,0.994459218113685,0.9897762715450206,0.0,12,12,12.0,24.0,500,0.1323498896907905,2.184376194832573e-05,21.574979801996186,2.34682451127871,1.2882078536743644,,,
R2,Seasonal,0.7275641833006865,0.9486122174515921,0.0,12,12,12.0,24.0,500,0.0,0.0,15.4647802734953,6.632299236617312,1.163590982088947,,,
R3,Stationary_AR,0.13671141858638092,0.26246193485667857,0.0,None,42,,,500,0.0,0.0,0.0,0.0,5.0,0.5463820562365583,,
R4,Trending_ExponentialGrowth,0.9983513130029397,0.22914887664271422,0.0,None,24,,,500,,,0.0,0.0,1.2318628540744696,,,
R1,Composite,0.9983550551589484,0.9494791977021079,0.0,12,12,12.0,24.0,500,0.3704846927558786,-3.5608899536250644e-05,12.485163086126224,4.8119198304651025,1.1737635486296356,,,
R2,Seasonal,0.7047355555343007,0.8855657077556172,0.0,12,12,12.0,24.0,500,0.0,0.0,13.629404051571568,8.779994418262573,1.883505380921949,,,
R3,Stationary_AR,0.12069230638025108,0.3285844086594083,0.0,None,24,,,500,0.0,0.0,0.0,0.0,5.0,0.539241737484316,,
R4,Trending_MeanShift,0.9999717156131311,0.9998870117373878,0.0,None,250,,,500,,,0.0,0.0,1.0167888835605705,,250.0,
R1,Composite,0.9847957214052181,0.9249630061690707,0.0,48,50,48.0,96.0,500,0.14121777436396296,2.537209310916583e-05,14.111156396637647,6.381996572276277,1.250614139822865,,,
R2,Seasonal,0.6421371254334516,0.9535756707940329,0.0,48,50,48.0,96.0,500,0.0,0.0,24.2330898389519,8.904107163007186,1.3448980902401289,,,
R3,Stationary_WN,0.22875290347759247,0.1771362787582167,0.0,None,3,,,500,0.0,0.0,0.0,0.0,5.487860893886146,,,
R4,Trending_RandomWalkDrift,0.9728416715566565,0.0,0.0,None,24,,,500,,,0.0,0.0,0.7526193964871142,,,0.18355153386420567
R1,Composite,0.9988492425273519,0.9250027682087245,0.0,48,50,48.0,96.0,500,0.35013785549945053,-3.562940426103069e-05,8.155759368136646,2.060307594091114,1.2726889545555942,,,
R2,Seasonal,0.6520323726697885,0.8756368084774807,0.0,48,50,48.0,96.0,500,0.0,0.0,15.828255688739512,10.136800072184638,1.6243593353697319,,,
R3,Stationary_AR,0.10807266776712787,0.2077323031938385,0.0,None,38,,,500,0.0,0.0,0.0,0.0,5.0,0.590387974911539,,
R4,Trending_RandomWalkDrift,0.8885009259317916,0.0,0.0,None,125,,,500,,,0.0,0.0,0.8871134992427724,,,0.1184495932275007
R1,Composite,0.9987889206034407,0.9819416019471852,0.0,12,12,12.0,24.0,500,0.3049388825701091,4.718492220578295e-05,17.490136071955586,2.390716776976352,1.2964644078778547,,,
R2,Seasonal,0.6564953112053493,0.9446291009379592,0.0,12,12,12.0,24.0,500,0.0,0.0,12.587451114847338,4.932319113190968,1.4634513839784646,,,
R3,Stationary_AR,0.04891621013625369,0.35034095614107874,0.0,None,100,,,500,0.0,0.0,0.0,0.0,5.0,0.6411151160376339,,
R4,Trending_RandomWalkDrift,0.9967711699384221,0.9290827692060512,0.0,None,250,,,500,,,0.0,0.0,0.9917342811075878,,,0.3090187995276659
R1,Composite,0.9771589576047155,0.9081965291857308,0.0,24,24,24.0,48.0,500,-0.11247832775660897,-1.636064365498654e-05,11.764636225232053,6.737703488959518,1.2615362632237308,,,
R2,Seasonal,0.7104304486341697,0.8115672435845178,0.0,24,24,24.0,48.0,500,0.0,0.0,10.10087082279237,9.344279658322073,0.7277961335172267,,,
R3,Stationary_WN,0.10595590546758216,0.26694005339833526,0.0,None,8,,,500,0.0,0.0,0.0,0.0,13.090986785888237,,,
R4,Trending_RandomWalkDrift,0.9096743593233863,0.49814750500920757,0.0,None,250,,,500,,,0.0,0.0,1.3112803000701883,,,-0.1605172082400937
R1,Composite,0.9874414811192964,0.9544951544353792,0.0,12,12,12.0,24.0,500,0.1743535001616619,-1.2983143441834925e-05,17.878291902023932,7.453213780655243,1.113500301231987,,,
R2,Seasonal,0.7401156794089467,0.8685461334418821,0.0,12,12,12.0,24.0,500,0.0,0.0,14.774029091884886,11.09226984801409,1.3690657256089656,,,
R3,Stationary_WN,0.1122399717107011,0.09388220180987394,0.0,None,4,,,500,0.0,0.0,0.0,0.0,11.732295816957212,,,
R4,Trending_MeanShift,0.9998999569984387,0.9996019815527538,0.0,None,250,,,500,,,0.0,0.0,0.9229044933064444,,250.0,
R1,Composite,0.979372096878321,0.9694186954760541,0.0,24,24,24.0,48.0,500,0.11959019995595108,1.8812357760016865e-05,22.099388443152407,7.266751382474612,0.5938604750503955,,,
R2,Seasonal,0.7069296635465125,0.9608669154980876,0.0,24,24,24.0,48.0,500,0.0,0.0,27.964608781233164,10.596932474025468,0.7575221207151985,,,
R3,Stationary_AR,0.12241226690011242,0.3153593365617223,0.0,None,28,,,500,0.0,0.0,0.0,0.0,5.0,0.47184765670158446,,
R4,Trending_RandomWalkDrift,0.9732197926368176,0.7034011332917828,0.0,None,250,,,500,,,0.0,0.0,1.0952929892055803,,,-0.20632492404702119
R1,Composite,0.9972157028864945,0.984438708174232,0.0,12,12,12.0,24.0,500,-0.26345746240973283,3.1125683953919573e-05,21.306474922166473,5.00925529946774,0.9579099254693317,,,
R2,Seasonal,0.7366014691848024,0.9117014018714391,0.0,12,12,12.0,24.0,500,0.0,0.0,12.976808333032391,7.698711203728982,1.1084398535452364,,,
R3,Stationary_AR,0.2309430833941961,0.27527525940393816,0.0,None,17,,,500,0.0,0.0,0.0,0.0,5.0,0.4599606831877474,,
R4,Trending_RandomWalkDrift,0.9926592622864763,0.8788134345536847,0.0,None,250,,,500,,,0.0,0.0,1.3916204111563615,,,0.33145820016199323
R1,Composite,0.9760394999808006,0.9595111243924191,0.0,36,36,36.0,72.0,500,-0.10581581932069195,-3.4143675830421745e-05,19.64171673006006,7.236626021930691,1.3055311459288799,,,
R2,Seasonal,0.706358042952133,0.9539908507594854,0.0,36,36,36.0,72.0,500,0.0,0.0,23.99678729993177,9.687136692557784,0.9762343787824059,,,
R3,Stationary_AR,0.28177919282958064,0.2681653645247116,0.0,None,9,,,500,0.0,0.0,0.0,0.0,5.0,0.5167076934579276,,
R4,Trending_ExponentialGrowth,0.9890076283820852,0.24329069445889906,0.0,None,24,,,500,,,0.0,0.0,0.7859234586269043,,,
R1,Composite,0.9952726096435136,0.9489694262681391,0.0,12,12,12.0,24.0,500,0.18809293861728194,-4.3692004225253984e-05,9.972516585086616,3.6610969086089864,1.2344881469324187,,,
R2,Seasonal,0.7320059677630555,0.944255084966111,0.0,12,12,12.0,24.0,500,0.0,0.0,23.37484466799053,10.931960067748232,1.7346371919036574,,,
R3,Stationary_AR,0.23213929622623486,0.28920370245298976,0.0,None,18,,,500,0.0,0.0,0.0,0.0,5.0,0.6376190317967287,,
R4,Trending_RandomWalkDrift,0.9980287032065046,0.20760294205225505,0.0,None,24,,,500,,,0.0,0.0,0.8872102947742924,,,-0.4214811245599913
R1,Composite,0.9995416302746711,0.9965660699538014,0.0,24,24,24.0,48.0,500,0.316626709143105,2.3878159998292163e-05,24.44246926873483,2.1945297805815067,0.6237375969651943,,,
R2,Seasonal,0.6929954892888209,0.9900078283958681,0.0,24,24,24.0,48.0,500,0.0,0.0,24.34527141650147,4.3965678547041955,0.6091540966575424,,,
R3,Stationary_AR,0.20454152974944484,0.11583510247032014,0.0,None,8,,,500,0.0,0.0,0.0,0.0,5.0,0.5288778074622345,,
R4,Trending_ExponentialGrowth,0.9991214446760469,0.2167075662017819,0.0,None,24,,,500,,,0.0,0.0,1.0375747390827872,,,
R1,Composite,0.9946511252635332,0.9483172583682998,0.0,24,24,24.0,48.0,500,0.23901728666621586,-3.256643417855629e-05,14.132855450228764,5.221419231966642,1.4519606903380402,,,
R2,Seasonal,0.6486821404743719,0.983216029951364,0.0,24,24,24.0,48.0,500,0.0,0.0,23.351067920667404,4.997672181418959,1.2704967954926127,,,
R3,Stationary_AR,0.22563151031788553,0.3491252273528649,0.0,None,22,,,500,0.0,0.0,0.0,0.0,5.0,0.659369401447832,,
R4,Trending_RandomWalkDrift,0.995695256825254,0.12242246765674902,0.0,None,24,,,500,,,0.0,0.0,0.6065240138434916,,,0.397960362840449
R1,Composite,0.9979789009825513,0.9937898068596063,0.0,12,12,12.0,24.0,500,-0.21316233411516347,4.250293356178169e-05,22.525597059089655,2.2923565672722988,1.058109526847986,,,
R2,Seasonal,0.6750485653205702,0.9845201688573059,0.0,12,12,12.0,24.0,500,0.0,0.0,23.50785634466486,4.6840546538897,1.3999128008822808,,,
R3,Stationary_WN,0.13577464921448346,0.16804187704786122,0.0,None,3,,,500,0.0,0.0,0.0,0.0,14.783718468369226,,,
R4,Trending_RandomWalkDrift,0.9949848215451838,0.03203627155523059,0.0,None,24,,,500,,,0.0,0.0,1.2694776807146746,,,-0.4101550463134882
R1,Composite,0.996714913091059,0.961591538135723,0.0,48,50,48.0,96.0,500,0.3186974308342584,4.746262151842415e-05,20.316665676408697,6.154621422402867,1.2982014918171054,,,
R2,Seasonal,0.4720110207248728,0.9726195087264241,0.0,48,50,48.0,96.0,500,0.0,0.0,25.113304811560198,5.293959545861656,1.9898271310610327,,,
R3,Stationary_WN,0.0717500683065847,0.23373098870693187,0.0,None,14,,,500,0.0,0.0,0.0,0.0,5.075862112292581,,,
R4,Trending_RandomWalkDrift,0.9791537306292116,0.0112162848434334,0.0,None,24,,,500,,,0.0,0.0,1.4750419662407888,,,0.1805123609961004
R1,Composite,0.9991780364851834,0.962619413026303,0.0,48,50,48.0,96.0,500,-0.2775514791708198,-1.6782483116555553e-05,8.417666854160702,2.537621847232384,0.5902834458480454,,,
R2,Seasonal,0.6608948870679464,0.9348835388642093,0.0,48,50,48.0,96.0,500,0.0,0.0,17.80545903423134,8.017164049776422,0.9087466198861092,,,
R3,Stationary_AR,0.2577725728283782,0.2783122542881922,0.0,None,12,,,500,0.0,0.0,0.0,0.0,5.0,0.4864456495536856,,
R4,Trending_ExponentialGrowth,0.995567922479899,0.23167662280265522,0.0,None,24,,,500,,,0.0,0.0,1.46774667413779,,,
R1,Composite,0.997878830096305,0.8848003243417657,0.0,36,36,36.0,72.0,500,0.33726034801486204,2.1264893875231322e-05,9.012152121120764,5.974214383195701,0.8866242402136784,,,
R2,Seasonal,0.6461518299363525,0.9111287142812358,0.0,36,36,36.0,72.0,500,0.0,0.0,16.232188873178103,8.192891311963336,1.982411709257204,,,
R3,Stationary_AR,0.03615363810408845,0.24338838143287245,0.0,None,56,,,500,0.0,0.0,0.0,0.0,5.0,0.41238962438316634,,
R4,Trending_RandomWalkDrift,0.9699438286789711,0.43476909093074845,0.0,None,250,,,500,,,0.0,0.0,1.3504882891585486,,,-0.33216312078712895
R1,Composite,0.9983056842235325,0.9925060469083152,0.0,36,36,36.0,72.0,500,0.22611230341198452,4.4034966928138366e-05,24.148197822264994,2.8677880210137356,1.059720350072852,,,
R2,Seasonal,0.7193098914809378,0.8762417747980111,0.0,36,36,36.0,72.0,500,0.0,0.0,16.546599904696173,11.812770406770554,0.6666809296179671,,,
R3,Stationary_AR,0.2096036123193753,0.21292982825781182,0.0,None,11,,,500,0.0,0.0,0.0,0.0,5.0,0.49770760537583814,,
R4,Trending_MeanShift,0.9999794723658286,0.9999178688888934,0.0,None,250,,,500,,,0.0,0.0,0.6862571646712482,,250.0,
R1,Composite,0.9994734169614294,0.98741108372338,0.0,24,24,24.0,48.0,500,0.38278939395955236,-2.3337487102530627e-05,15.326159447121476,2.7735224790748436,0.6709156778855847,,,
R2,Seasonal,0.7047665252039225,0.9682625029991959,0.0,24,24,24.0,48.0,500,0.0,0.0,19.647483468076295,6.692485001238476,0.5010388134931585,,,
R3,Stationary_AR,0.21298829542083386,0.22159976986283014,0.0,None,10,,,500,0.0,0.0,0.0,0.0,5.0,0.42525789417497645,,
R4,Trending_MeanShift,0.9999239585645396,0.9996968165281842,0.0,None,250,,,500,,,0.0,0.0,1.192835107485633,,250.0,
R1,Composite,0.9950679602663168,0.9644960325212508,0.0,24,24,24.0,48.0,500,-0.28749409947438714,1.249818327165785e-05,20.828825747739515,7.463407365769248,0.5915091724883321,,,
R2,Seasonal,0.6796608861633353,0.9893069247798274,0.0,24,24,24.0,48.0,500,0.0,0.0,27.35643355155559,4.888568705285787,1.0667733191497937,,,
R3,Stationary_WN,0.17269308052587473,0.18742680536939682,0.0,None,5,,,500,0.0,0.0,0.0,0.0,14.013717473521965,,,
R4,Trending_MeanShift,0.9999696964227339,0.999878381378562,0.0,None,250,,,500,,,0.0,0.0,0.9965954241544209,,250.0,
R1,Composite,0.9959288351250469,0.9709588297440541,0.0,24,24,24.0,48.0,500,0.21264077673510104,3.7629194807886e-05,17.464622441260424,5.480653303575101,0.8002975394961998,,,
R2,Seasonal,0.6763849937880184,0.9749329697605128,0.0,24,24,24.0,48.0,500,0.0,0.0,21.819572961156275,6.006946938660187,1.1680294040995254,,,
R3,Stationary_WN,0.20517392939520251,0.12077759548540701,0.0,None,3,,,500,0.0,0.0,0.0,0.0,11.642562869880749,,,
R4,Trending_RandomWalkDrift,0.989195617404179,0.8711390088921314,0.0,None,250,,,500,,,0.0,0.0,0.6633901849809413,,,-0.49743852738716243
R1,Composite,0.9772960324988023,0.9679626964646053,0.0,36,36,36.0,72.0,500,0.15353487178536754,-4.673982940392866e-05,22.7873282497804,7.787760152634969,0.7138350749063122,,,
R2,Seasonal,0.7113929386443354,0.9457196212849304,0.0,36,36,36.0,72.0,500,0.0,0.0,23.780204488714034,10.803475318555922,1.073001744006207,,,
R3,Stationary_AR,0.18808638897782692,0.17837923818081836,0.0,None,9,,,500,0.0,0.0,0.0,0.0,5.0,0.4577494819373486,,
R4,Trending_ExponentialGrowth,0.9985588481075149,0.20513033034889105,0.0,None,24,,,500,,,0.0,0.0,0.890443411029048,,,
R1,Composite,0.9917725193224113,0.8702985061642847,0.0,12,12,12.0,24.0,500,-0.18267421164180825,1.1996534793423252e-05,8.550931492449317,6.576159386145932,0.6176678045102492,,,
R2,Seasonal,0.7408806288359779,0.943724374644944,0.0,12,12,12.0,24.0,500,0.0,0.0,24.007623285116846,11.477285533671106,1.374119512896417,,,
R3,Stationary_AR,0.09006129571916321,0.2912932595814758,0.0,None,50,,,500,0.0,0.0,0.0,0.0,5.0,0.4139716177176132,,
R4,Trending_MeanShift,0.9998529019513215,0.999411017129144,0.0,None,250,,,500,,,0.0,0.0,0.8153489500187265,,250.0,
R1,Composite,0.9990678366818417,0.9316317112037937,0.0,48,50,48.0,96.0,500,-0.38945038308602564,-3.531016038503382e-05,9.157488805739975,3.4836879378324914,1.0030897370260057,,,
R2,Seasonal,0.6412132430297216,0.9605881908002426,0.0,48,50,48.0,96.0,500,0.0,0.0,29.94458018336603,9.978044079637655,1.092801925828935,,,
R3,Stationary_AR,0.14371964706744733,0.36087934332787597,0.0,None,42,,,500,0.0,0.0,0.0,0.0,5.0,0.5848933371885451,,
R4,Trending_MeanShift,0.9998051059625567,0.9992219045317873,0.0,None,250,,,500,,,0.0,0.0,1.137989084349408,,250.0,
R1,Composite,0.9988926319185814,0.9833272987300202,0.0,36,36,36.0,72.0,500,-0.2756452492070898,2.751391448116626e-05,13.62947815601516,3.104072343991052,0.5981444574048086,,,
R2,Seasonal,0.02200673340968662,0.9956940399713659,0.0,36,71,36.0,72.0,500,0.0,0.0,10.935701744399102,11.397489373742756,0.7885034956646526,,,
R3,Stationary_WN,0.15294336909899653,0.22697114472540425,0.0,None,5,,,500,0.0,0.0,0.0,0.0,12.409414456603134,,,
R4,Trending_ExponentialGrowth,0.9991983963026355,0.19414687801112607,0.0,None,24,,,500,,,0.0,0.0,0.9113189011541901,,,
R1,Composite,0.9514075491003325,0.8816560128189479,0.0,48,50,48.0,96.0,500,0.1060846698043295,-3.8923934115358564e-05,12.048773058232863,7.8094496595468845,0.5654621653222366,,,
R2,Seasonal,0.5992981468421985,0.8126131899383369,0.0,48,50,48.0,96.0,500,0.0,0.0,10.668546218358674,7.756210341402976,1.8061954382266867,,,
R3,Stationary_WN,0.002883517613502251,0.5602139318822879,0.0,None,167,,,500,0.0,0.0,0.0,0.0,11.721601198911694,,,
R4,Trending_RandomWalkDrift,0.996461470675973,0.05555064696092338,0.0,None,24,,,500,,,0.0,0.0,1.217270574476454,,,0.4975584003595982
R1,Composite,0.9961166331186354,0.9765355400160035,0.0,24,24,24.0,48.0,500,-0.2999007206477803,2.8816514210157232e-05,23.29014402645292,6.490564336792792,0.8912332932406659,,,
R2,Seasonal,0.7015996531370905,0.9843906821902927,0.0,24,24,24.0,48.0,500,0.0,0.0,23.109928567747236,5.350388901733465,0.5542019568918879,,,
R3,Stationary_AR,0.014117368337036695,0.13788904241055855,0.0,None,45,,,500,0.0,0.0,0.0,0.0,5.0,0.4889734110379133,,
R4,Trending_ExponentialGrowth,0.9935264090493556,0.27380107621581373,0.0,None,24,,,500,,,0.0,0.0,0.5941710249691254,,,
R1,Composite,0.9904860130211143,0.9536426977043014,0.0,12,12,12.0,24.0,500,0.17478480899695772,-3.913537899959605e-05,14.189726534566459,6.143071132384345,0.5325689099862737,,,
R2,Seasonal,0.7475821008942651,0.978511206628096,0.0,12,12,12.0,24.0,500,0.0,0.0,21.746065714049934,6.337195242708991,0.6334447369676726,,,
R3,Stationary_WN,0.1073285639293311,0.16944190375613832,0.0,None,6,,,500,0.0,0.0,0.0,0.0,7.169493054029265,,,
R4,Trending_MeanShift,0.9999648643479169,0.9998594588407866,0.0,None,250,,,500,,,0.0,0.0,0.9918454030311746,,250.0,
R1,Composite,0.9974587064334363,0.981480470207789,0.0,12,12,12.0,24.0,500,0.28416026816956175,3.2846837271849797e-05,22.60700688079276,6.050873469634623,0.6945916690721474,,,
R2,Seasonal,0.7241529001111979,0.9876182346584779,0.0,12,12,12.0,24.0,500,0.0,0.0,25.68894401903728,5.365995546824435,0.9454509117447705,,,
R3,Stationary_WN,0.1646933651593715,0.15428296720134294,0.0,None,3,,,500,0.0,0.0,0.0,0.0,13.879783735065025,,,
R4,Trending_ExponentialGrowth,0.9991298049905373,0.2178599724214516,0.0,None,24,,,500,,,0.0,0.0,0.9755193291878054,,,
R1,Composite,0.9976063187863536,0.9724571719482059,0.0,48,100,48.0,96.0,500,0.1855007748478231,-1.5440985387816253e-05,8.001883988317097,6.834713050585939,0.8212838426206883,,,
R2,Seasonal,0.6388575959019475,0.924169458259713,0.0,48,50,48.0,96.0,500,0.0,0.0,14.127710194530314,6.542024439274912,1.0763429531184532,,,
R3,Stationary_WN,0.1598081983519476,0.12016399333498429,0.0,None,3,,,500,0.0,0.0,0.0,0.0,7.536500949411261,,,
R4,Trending_ExponentialGrowth,0.9983380224805077,0.19240964939564098,0.0,None,24,,,500,,,0.0,0.0,1.3480146073559012,,,
R1,Composite,0.9960331169822125,0.9892627586870564,0.0,12,12,12.0,24.0,500,0.18917642476925187,-3.784059763319724e-05,21.053637804521692,4.181878674845376,0.6297792946646094,,,
R2,Seasonal,0.6750797829321907,0.9853070834864978,0.0,12,12,12.0,24.0,500,0.0,0.0,25.673676156805193,5.397171839222798,1.3237439176120254,,,
R3,Stationary_AR,0.16493077345183726,0.9045238770942279,0.0,None,250,,,500,0.0,0.0,0.0,0.0,5.0,0.4335202511445117,,
R4,Trending_MeanShift,0.9998040794633833,0.9992248815207789,0.0,None,250,,,500,,,0.0,0.0,1.1419501226479722,,250.0,
R1,Composite,0.9861051347222632,0.8854313915367352,0.0,36,36,36.0,72.0,500,-0.15960763303864395,-3.0414221694984755e-05,12.00258109729209,7.927722969451683,1.2729756455692476,,,
R2,Seasonal,0.7148301831510411,0.9742281846754682,0.0,36,36,36.0,72.0,500,0.0,0.0,28.547796555954726,8.807793926234638,0.737397316682412,,,
R3,Stationary_AR,0.2538225037276215,0.34862893377676374,0.0,None,19,,,500,0.0,0.0,0.0,0.0,5.0,0.6933734272083608,,
R4,Trending_RandomWalkDrift,0.9914322730035645,0.0368562218140458,0.0,None,24,,,500,,,0.0,0.0,1.4207156052250398,,,-0.3022555704050939
R1,Composite,0.9996384243617124,0.9960197294913486,0.0,36,36,36.0,72.0,500,-0.3848772212858864,-4.234934301778552e-05,24.900173066102155,2.654438625289795,0.6027557137165291,,,
R2,Seasonal,0.6124859547352213,0.9857498690680561,0.0,36,36,36.0,72.0,500,0.0,0.0,27.935076465391834,5.174265569133665,1.7077390190912465,,,
R3,Stationary_AR,0.050064889816963665,0.26268762694703673,0.0,None,83,,,500,0.0,0.0,0.0,0.0,5.0,0.6137657903069771,,
R4,Trending_RandomWalkDrift,0.9954087084376998,0.1741541576169443,0.0,None,24,,,500,,,0.0,0.0,0.8108083587109651,,,-0.39771013495408125
R1,Composite,0.998819425054006,0.9545742203766576,0.0,12,12,12.0,24.0,500,-0.3146900906767384,-2.8056096121936227e-05,10.421572101357391,2.7370110510089285,1.4175661050913804,,,
R2,Seasonal,0.7192260380788533,0.896577837744071,0.0,12,12,12.0,24.0,500,0.0,0.0,12.458105294207044,7.749094039835445,1.5492507866852754,,,
R3,Stationary_AR,0.2224258408326507,0.24985942815775575,0.0,None,20,,,500,0.0,0.0,0.0,0.0,5.0,0.6680280445374968,,
R4,Trending_ExponentialGrowth,0.9987797671791505,0.2635985386445312,0.0,None,24,,,500,,,0.0,0.0,1.4831139143190253,,,
R1,Composite,0.998812109827689,0.9896777975765866,0.0,24,24,24.0,48.0,500,-0.368973570957267,4.832047040362195e-05,23.57297099306229,3.828632772812133,1.1361577607725941,,,
R2,Seasonal,0.7017621988048911,0.942650279187799,0.0,24,24,24.0,48.0,500,0.0,0.0,16.4712546782296,7.41546270140716,0.7745325759319206,,,
R3,Stationary_WN,0.1723737318098758,0.18585621560818033,0.0,None,3,,,500,0.0,0.0,0.0,0.0,13.149379257685466,,,
R4,Trending_MeanShift,0.9999262124096844,0.9997032001202744,0.0,None,250,,,500,,,0.0,0.0,1.4550365736169955,,250.0,
R1,Composite,0.9973417819115176,0.983992298502576,0.0,12,12,12.0,24.0,500,-0.281169721239904,-2.7087729428493498e-05,24.494073017985535,5.680909674848229,1.2759524121696009,,,
R2,Seasonal,0.7402128623162869,0.9658093818551508,0.0,12,12,12.0,24.0,500,0.0,0.0,18.30717000612883,6.748586109195352,0.7386804984735007,,,
R3,Stationary_AR,0.13196803042066918,0.274148299305064,0.0,None,28,,,500,0.0,0.0,0.0,0.0,5.0,0.55537007928878,,
R4,Trending_MeanShift,0.999964933984045,0.999859645762341,0.0,None,250,,,500,,,0.0,0.0,1.036211503259349,,250.0,
R1,Composite,0.9846901690085936,0.9814385834307457,0.0,24,24,24.0,48.0,500,0.14464628296072862,-3.802325524031844e-05,23.511265917032922,5.088183430416788,1.4026097873922572,,,
R2,Seasonal,0.7093914013405701,0.9568264158032661,0.0,24,24,24.0,48.0,500,0.0,0.0,26.566216979871072,10.574378467970412,0.6789451062878421,,,
R3,Stationary_WN,0.3192695056998318,0.1478062811048525,0.0,None,2,,,500,0.0,0.0,0.0,0.0,13.927632534422544,,,
R4,Trending_MeanShift,0.999930209241453,0.9997216450455921,0.0,None,250,,,500,,,0.0,0.0,1.449208215307106,,250.0,
R1,Composite,0.9982904285434182,0.8632617435567022,0.0,12,12,12.0,24.0,500,0.37616030986440596,4.261913916797769e-05,8.383716304889552,6.419630294211296,0.876858173667997,,,
R2,Seasonal,0.7369819145893629,0.8796471844387659,0.0,12,12,12.0,24.0,500,0.0,0.0,17.161476783981385,11.976354918365104,1.6534656307870859,,,
R3,Stationary_AR,0.0687042359464759,0.3022998864877027,0.0,None,33,,,500,0.0,0.0,0.0,0.0,5.0,0.42697596897254153,,
R4,Trending_ExponentialGrowth,0.9977799839080979,0.2333473743107678,0.0,None,24,,,500,,,0.0,0.0,0.5183724302507126,,,
R1,Composite,0.992125728672468,0.9522060330158953,0.0,12,12,12.0,24.0,500,-0.18924882803976512,-3.336456645413955e-05,17.079223052917733,6.904119583443389,1.3200102905441147,,,
R2,Seasonal,0.7185437094340088,0.9787461983209778,0.0,12,12,12.0,24.0,500,0.0,0.0,18.32249141475439,5.013734003050257,0.9259554832636403,,,
R3,Stationary_WN,0.18723813949752177,0.11401848443392248,0.0,None,2,,,500,0.0,0.0,0.0,0.0,6.512670433699192,,,
R4,Trending_ExponentialGrowth,0.9916280905115337,0.30674377776219397,0.0,None,24,,,500,,,0.0,0.0,1.4289741104080766,,,
R1,Composite,0.9985578316136985,0.9453721906140804,0.0,48,50,48.0,96.0,500,0.2559792374143498,2.9823787704000967e-05,8.740041406070157,2.604515359405937,1.0973009446106963,,,
R2,Seasonal,0.001432472462008727,0.959245763164232,0.0,48,100,48.0,96.0,500,0.0,0.0,10.59579503315048,11.557364674296554,1.9679223551382568,,,
R3,Stationary_AR,0.13757173940359924,0.2659291304613246,0.0,None,42,,,500,0.0,0.0,0.0,0.0,5.0,0.661702005634804,,
R4,Trending_RandomWalkDrift,0.9874951834084716,0.020869517543055216,0.0,None,24,,,500,,,0.0,0.0,0.7810825957283661,,,-0.22984829316565913
R1,Composite,0.9957463534581938,0.9257101996959901,0.0,24,24,24.0,48.0,500,0.20267535130291475,3.542088441885209e-05,10.237150319781758,4.900100732485823,1.1364343203483398,,,
R2,Seasonal,0.677716914932157,0.8860728531850157,0.0,24,24,24.0,48.0,500,0.0,0.0,16.223425390592716,10.051492422650055,1.9115391945066489,,,
R3,Stationary_AR,0.017487383868286632,0.2997561766814443,0.0,None,83,,,500,0.0,0.0,0.0,0.0,5.0,0.4706811456396184,,
R4,Trending_MeanShift,0.9999344726048497,0.9997366983693774,0.0,None,250,,,500,,,0.0,0.0,1.2397278837624,,250.0,
R1,Composite,0.9991128119741,0.9818351572325488,0.0,12,12,12.0,24.0,500,0.3630416870955189,3.397430022625403e-05,17.039467016134118,4.30384451050457,0.7434753893534527,,,
R2,Seasonal,0.7236630636842658,0.9687449139231958,0.0,12,12,12.0,24.0,500,0.0,0.0,23.878963765248933,7.8961114347788355,1.3119991298773528,,,
R3,Stationary_WN,0.1773867281947732,0.1825213839598142,0.0,None,5,,,500,0.0,0.0,0.0,0.0,9.952659889514955,,,
R4,Trending_RandomWalkDrift,0.9922729299703411,0.0,0.0,None,24,,,500,,,0.0,0.0,0.6098450036425414,,,-0.2789081179233091
R1,Composite,0.9948844711999494,0.9710168847923349,0.0,48,50,48.0,96.0,500,0.22497950280545095,-2.4076242427536275e-05,18.116430912008624,4.196515744655331,1.11672040640555,,,
R2,Seasonal,0.029227086989988438,0.9761953330040487,0.0,48,100,48.0,96.0,500,0.0,0.0,15.02308530016602,11.674217592872626,1.5435617663574988,,,
R3,Stationary_WN,0.10656623167056267,0.17447961222975095,0.0,None,6,,,500,0.0,0.0,0.0,0.0,8.174418021890826,,,
R4,Trending_ExponentialGrowth,0.9972882117171364,0.21839783399880375,0.0,None,24,,,500,,,0.0,0.0,1.260458827411156,,,
R1,Composite,0.9955078459474516,0.8237228709989669,0.0,24,24,24.0,48.0,500,-0.34378590145024907,4.9156629401670676e-05,9.261484908310319,7.910764865927777,1.0046149089396608,,,
R2,Seasonal,0.6416258442457399,0.9666449447134456,0.0,24,24,24.0,48.0,500,0.0,0.0,17.04513637094428,5.067607148375344,1.231818307980297,,,
R3,Stationary_AR,0.09469523954563541,0.2647700084134741,0.0,None,45,,,500,0.0,0.0,0.0,0.0,5.0,0.5426744136106342,,
R4,Trending_ExponentialGrowth,0.9971496683743627,0.2966561010678672,0.0,None,24,,,500,,,0.0,0.0,0.7862700314352015,,,
R1,Composite,0.9977735597312121,0.9844156660369415,0.0,12,12,12.0,24.0,500,0.2680289970819515,3.829002798047108e-05,21.88422185530237,4.548526181572798,1.3221565543196,,,
R2,Seasonal,0.7442511996699822,0.9862602703869785,0.0,12,12,12.0,24.0,500,0.0,0.0,25.22549050556721,5.870182948539655,0.6732881535748958,,,
R3,Stationary_WN,0.03344214254617506,0.2986380112814544,0.0,None,45,,,500,0.0,0.0,0.0,0.0,13.382385963506579,,,
R4,Trending_ExponentialGrowth,0.9986627167459323,0.24012404678773958,0.0,None,24,,,500,,,0.0,0.0,0.6253139242209187,,,
R1,Composite,0.9979553268722074,0.9827665039095344,0.0,48,50,48.0,96.0,500,0.3183736653252184,2.679549741905001e-05,23.23358541354257,3.5128422436236137,0.8600156958337014,,,
R2,Seasonal,0.5804156084211761,0.9703546182609603,0.0,48,50,48.0,96.0,500,0.0,0.0,28.76082507869533,7.4379097384629755,1.723281957726277,,,
R3,Stationary_WN,0.1854658247140919,0.1446709091024747,0.0,None,3,,,500,0.0,0.0,0.0,0.0,9.245913503851401,,,
R4,Trending_ExponentialGrowth,0.9923241451058455,0.20226495074240125,0.0,None,24,,,500,,,0.0,0.0,1.419479897353114,,,
R1,Composite,0.9870015143675253,0.9642809755756641,0.0,36,36,36.0,72.0,500,-0.12333074290024273,3.322707533762587e-05,13.13470527529958,3.9996528873774793,1.3092305503429689,,,
R2,Seasonal,0.7152513053595494,0.9753281425942957,0.0,36,36,36.0,72.0,500,0.0,0.0,22.941420120421018,6.8459963578458884,0.6258382941096158,,,
R3,Stationary_WN,0.024542286486783138,0.2911183719134318,0.0,None,38,,,500,0.0,0.0,0.0,0.0,6.154769677676199,,,
R4,Trending_ExponentialGrowth,0.9964143928789254,0.20902067101916655,0.0,None,24,,,500,,,0.0,0.0,0.7045828499820574,,,
R1,Composite,0.9957506969430013,0.9812450795455906,0.0,48,50,48.0,96.0,500,0.21060309156804366,-2.272832313554386e-05,19.223656608769875,2.75694306388474,1.0815820915147003,,,
R2,Seasonal,0.003025515472912632,0.9605421286427226,0.0,48,100,48.0,96.0,500,0.0,0.0,11.23477659474715,8.761917899114753,1.7681000862563305,,,
R3,Stationary_AR,0.3124964197375385,0.29283059381633614,0.0,None,7,,,500,0.0,0.0,0.0,0.0,5.0,0.420945909259062,,
R4,Trending_RandomWalkDrift,0.9916793816367521,0.8680515370247646,0.0,None,250,,,500,,,0.0,0.0,0.8377117590102175,,,-0.3739187502820138
R1,Composite,0.9959390550112562,0.9691041443633289,0.0,12,12,12.0,24.0,500,0.22065084274878355,-4.145900342680318e-05,14.405211177208328,3.49381595352068,1.3875221885707996,,,
R2,Seasonal,0.6846229262488368,0.9145240639522187,0.0,12,12,12.0,24.0,500,0.0,0.0,14.367009308438334,7.6521135703874945,1.7660211057742816,,,
R3,Stationary_WN,0.14167813373353533,0.0756523995645022,0.0,None,2,,,500,0.0,0.0,0.0,0.0,7.826948106662842,,,
R4,Trending_ExponentialGrowth,0.9943405301199665,0.34200642330894415,0.0,None,24,,,500,,,0.0,0.0,1.2399610272743993,,,
R1,Composite,0.9991645669638007,0.9656058199609131,0.0,24,24,24.0,48.0,500,0.3548646602531462,-3.1509067860031775e-05,10.462929340658226,3.1230684376113875,0.9644969911225897,,,
R2,Seasonal,0.6776189148470313,0.9818097141511838,0.0,24,24,24.0,48.0,500,0.0,0.0,24.418140135634722,5.80887323009949,1.0705571912742649,,,
R3,Stationary_AR,0.040663879680744586,0.2284995046230196,0.0,None,62,,,500,0.0,0.0,0.0,0.0,5.0,0.5447111440980943,,
R4,Trending_ExponentialGrowth,0.9953332629248549,0.24304563965708792,0.0,None,24,,,500,,,0.0,0.0,1.10878842970528,,,
R1,Composite,0.99935706762639,0.9934559043365137,0.0,24,24,24.0,48.0,500,-0.37963231768776995,1.2107553848244473e-05,23.696172443944576,3.243176110883917,0.7731841169535292,,,
R2,Seasonal,0.6689023934698124,0.9600151997378435,0.0,24,24,24.0,48.0,500,0.0,0.0,23.374684161664817,8.183206520020148,1.4272538216493305,,,
R3,Stationary_AR,0.1894886723093775,0.3798355575503639,0.0,None,19,,,500,0.0,0.0,0.0,0.0,5.0,0.5693991242586995,,
R4,Trending_MeanShift,0.9999662001856198,0.9998647982922297,0.0,None,250,,,500,,,0.0,0.0,0.5042993401017294,,250.0,
R1,Composite,0.9950269100163825,0.9615513839667731,0.0,12,12,12.0,24.0,500,0.22927966277288148,4.451799770207984e-05,18.28093528641934,7.1415028859740515,0.827972414130796,,,
R2,Seasonal,0.7020847189580215,0.9889246456941324,0.0,12,12,12.0,24.0,500,0.0,0.0,24.307935921076304,4.556531592035016,1.0018636535420005,,,
R3,Stationary_WN,0.08096580196640812,0.09321836392267013,0.0,None,3,,,500,0.0,0.0,0.0,0.0,9.505172899773342,,,
R4,Trending_RandomWalkDrift,0.9936945946286863,0.18790068063813092,0.0,None,24,,,500,,,0.0,0.0,1.0436006312996242,,,-0.1085847044864591
R1,Composite,0.9989400028923863,0.9501058735955392,0.0,24,24,24.0,48.0,500,-0.31969431794232794,2.504506864337997e-05,8.771819035226345,2.5922947451303253,1.225993670071769,,,
R2,Seasonal,0.6809849145141231,0.971084605714364,0.0,24,24,24.0,48.0,500,0.0,0.0,29.193153116842176,8.936444251464547,1.615194185554923,,,
R3,Stationary_WN,0.12495589251829209,0.21370184537635828,0.0,None,4,,,500,0.0,0.0,0.0,0.0,11.441743423776245,,,
R4,Trending_RandomWalkDrift,0.998499650371029,0.23953290802498872,0.0,None,24,,,500,,,0.0,0.0,0.7658050149847564,,,0.4931237600015962
R1,Composite,0.9934127676719476,0.9508764687160522,0.0,36,36,36.0,72.0,500,-0.25471869662528646,2.055228522218078e-05,18.12298413755578,7.79481831597964,0.6422017282386976,,,
R2,Seasonal,0.6460618495767658,0.9478444630660174,0.0,36,36,36.0,72.0,500,0.0,0.0,16.06645146736659,6.109738934348807,1.40233779453232,,,
R3,Stationary_AR,0.07041589369664059,0.37851325164943006,0.0,None,100,,,500,0.0,0.0,0.0,0.0,5.0,0.5965028042806273,,
R4,Trending_RandomWalkDrift,0.9869954054091962,0.3625837838470717,0.0,None,100,,,500,,,0.0,0.0,1.483009025261028,,,0.468120371941518
R1,Composite,0.9944252434194487,0.9409075523678246,0.0,36,36,36.0,72.0,500,-0.1776002046606711,4.8792189384864775e-05,9.34479102925706,3.499388464879283,1.231117118765097,,,
R2,Seasonal,0.717630875817786,0.9284905317160225,0.0,36,36,36.0,72.0,500,0.0,0.0,15.688734396277509,8.30105963995431,0.5201259623900283,,,
R3,Stationary_AR,0.10329876522208759,0.25997630939343175,0.0,None,62,,,500,0.0,0.0,0.0,0.0,5.0,0.6073160111598823,,
R4,Trending_RandomWalkDrift,0.9980728943765075,0.14088689313549152,0.0,None,24,,,500,,,0.0,0.0,0.5393729144125738,,,-0.47136569420022845
R1,Composite,0.995913362463645,0.9886181099959218,0.0,12,12,12.0,24.0,500,-0.19645783142623724,3.081781598083006e-05,22.157002829297667,3.5490746245692684,1.2641473793622828,,,
R2,Seasonal,0.7550204659268914,0.9445902309119917,0.0,12,12,12.0,24.0,500,0.0,0.0,23.34554961132221,11.368095158404657,0.5132165727741693,,,
R3,Stationary_WN,0.20519656945213471,0.08759893569558164,0.0,None,2,,,500,0.0,0.0,0.0,0.0,9.053235279088398,,,
R4,Trending_RandomWalkDrift,0.9909291377597337,0.8086707079146767,0.0,None,167,,,500,,,0.0,0.0,1.0035625704563174,,,0.28853642261287116
R1,Composite,0.9913140898214371,0.8939390925287839,0.0,12,12,12.0,24.0,500,0.1791399960499806,-3.085497592199232e-05,9.12829938550789,6.000549311161258,0.8580676266029408,,,
R2,Seasonal,0.7361079415232977,0.9184032266257873,0.0,12,12,12.0,24.0,500,0.0,0.0,17.474132330977827,9.779174706540408,1.376123369018644,,,
R3,Stationary_WN,0.08498194139395066,0.04541491519652996,0.0,None,3,,,500,0.0,0.0,0.0,0.0,5.577470264103143,,,
R4,Trending_RandomWalkDrift,0.970630077715059,0.535108773759065,0.0,None,250,,,500,,,0.0,0.0,1.3420142303677118,,,-0.38213547151925453
R1,Composite,0.9987826400658056,0.9805868089095907,0.0,48,50,48.0,96.0,500,0.29119819341106495,3.528587721608511e-05,15.67476264529344,2.98165078572064,0.706695304626151,,,
R2,Seasonal,0.3644065944773095,0.9010604191326594,0.0,48,50,48.0,96.0,500,0.0,0.0,11.853282887711238,4.192552840459549,1.9859619898318774,,,
R3,Stationary_WN,0.21090348502445178,0.12805756449774708,0.0,None,2,,,500,0.0,0.0,0.0,0.0,13.266441106883164,,,
R4,Trending_RandomWalkDrift,0.9973181081696686,0.13476309762876582,0.0,None,24,,,500,,,0.0,0.0,0.8640029573185498,,,-0.3539161947719548
R1,Composite,0.9965363738814094,0.9784604300238989,0.0,12,12,12.0,24.0,500,-0.2801830308997539,1.905152536116558e-05,21.972954656881893,5.865298041062402,1.3666696419021462,,,
R2,Seasonal,0.7185135227672095,0.9755807396749469,0.0,12,12,12.0,24.0,500,0.0,0.0,26.769379846158465,7.682440399111205,1.5260671483165957,,,
R3,Stationary_WN,0.10551383151771865,0.27423656303245925,0.0,None,8,,,500,0.0,0.0,0.0,0.0,10.050805279767811,,,
R4,Trending_ExponentialGrowth,0.9979125484604506,0.2598117448207069,0.0,None,24,,,500,,,0.0,0.0,0.7791602526848501,,,
R1,Composite,0.975098919779569,0.8967424040409804,0.0,36,36,36.0,72.0,500,-0.12765782038731452,2.2417322832680618e-05,11.727585205580533,7.505082699457826,0.5226138718014266,,,
R2,Seasonal,0.5765130555594186,0.9783176744203332,0.0,36,36,36.0,72.0,500,0.0,0.0,28.740479603999496,6.277894955607961,1.7560453882268052,,,
R3,Stationary_WN,0.21238358848266692,0.16151955141869934,0.0,None,3,,,500,0.0,0.0,0.0,0.0,5.042551917007287,,,
R4,Trending_MeanShift,0.9999896317840766,0.999958525814112,0.0,None,250,,,500,,,0.0,0.0,0.5807616225878103,,250.0,
R1,Composite,0.9882140079060583,0.9236062910555973,0.0,48,50,48.0,96.0,500,0.13423634176976929,4.009929922257999e-05,12.194074558489714,5.726197150022136,1.006500318493396,,,
R2,Seasonal,0.6490931634212112,0.9278304085883653,0.0,48,50,48.0,96.0,500,0.0,0.0,24.483884878323458,11.385373016993888,1.5855606432626517,,,
R3,Stationary_WN,0.12136166825673567,0.20340614617355302,0.0,None,6,,,500,0.0,0.0,0.0,0.0,8.603220521474785,,,
R4,Trending_MeanShift,0.9996811924232784,0.9987236386801911,0.0,None,250,,,500,,,0.0,0.0,1.2342351244745124,,250.0,
R1,Composite,0.9978966061932637,0.9604911492836817,0.0,24,24,24.0,48.0,500,0.2512361385625427,4.0049022577782264e-05,12.4829377840656,4.5544602896830195,0.6405602730261787,,,
R2,Seasonal,0.6891201127430631,0.850648389730835,0.0,24,24,24.0,48.0,500,0.0,0.0,15.147882454314507,11.609863012103645,1.808804871580222,,,
R3,Stationary_AR,0.09923724120787425,0.18575892350686285,0.0,None,42,,,500,0.0,0.0,0.0,0.0,5.0,0.5271315946325567,,
R4,Trending_ExponentialGrowth,0.9997439112898903,0.08502178222122903,0.0,None,24,,,500,,,0.0,0.0,0.5090399520383478,,,
R1,Composite,0.9975311141834129,0.9524840310709192,0.0,36,36,36.0,72.0,500,-0.28174661816980767,3.01321991364586e-05,11.982751576589052,4.084377688126709,1.343269347046022,,,
R2,Seasonal,0.6954383120793683,0.9256038738584195,0.0,36,36,36.0,72.0,500,0.0,0.0,21.770181291371763,11.380609756007978,1.8325637825458094,,,
R3,Stationary_WN,0.06475314759673079,0.2533077289553647,0.0,None,25,,,500,0.0,0.0,0.0,0.0,6.151367701793,,,
R4,Trending_MeanShift,0.9999479089436921,0.999791919780476,0.0,None,250,,,500,,,0.0,0.0,1.0543380960081747,,250.0,
R1,Composite,0.9970274167129906,0.9686239052762552,0.0,12,12,12.0,24.0,500,0.36096384351874566,3.853210744688588e-05,23.378154543262923,7.955238568586126,1.3136324993856605,,,
R2,Seasonal,0.7341413897473339,0.9720065670815237,0.0,12,12,12.0,24.0,500,0.0,0.0,14.02677171404449,4.383401691902716,0.7476437321491423,,,
R3,Stationary_AR,0.19659026458008477,0.1814718011819495,0.0,None,16,,,500,0.0,0.0,0.0,0.0,5.0,0.61194687491005,,
R4,Trending_ExponentialGrowth,0.9723705318553525,0.19527088137300785,0.0,None,24,,,500,,,0.0,0.0,1.1234170092938038,,,
R1,Composite,0.9934522272125343,0.9560850415819259,0.0,48,50,48.0,96.0,500,-0.3006041997679775,3.181357075690388e-05,21.819821488244862,7.789071792878231,0.9985029662178903,,,
R2,Seasonal,0.6770205004343077,0.9044243848215598,0.0,48,50,48.0,96.0,500,0.0,0.0,13.073392596864803,7.468597733875382,0.5121820219208433,,,
R3,Stationary_AR,0.2638535187687341,0.24885711186340276,0.0,None,9,,,500,0.0,0.0,0.0,0.0,5.0,0.5264856688138181,,
R4,Trending_MeanShift,0.9999174898711353,0.9996681127422486,0.0,None,250,,,500,,,0.0,0.0,0.9490573020518266,,250.0,
R1,Composite,0.9989534782551612,0.9948384015105345,0.0,12,12,12.0,24.0,500,-0.2618354204937857,1.6689655817389112e-05,23.24451741353423,2.567449241548563,0.9747303589596628,,,
R2,Seasonal,0.7541371559411396,0.9426159684492175,0.0,12,12,12.0,24.0,500,0.0,0.0,22.373314645071005,11.077927942513591,0.5914286953595994,,,
R3,Stationary_AR,0.17919135443738987,0.22846185007500042,0.0,None,20,,,500,0.0,0.0,0.0,0.0,5.0,0.6351178779684632,,
R4,Trending_RandomWalkDrift,0.9966864486682064,0.9018250590855994,0.0,None,250,,,500,,,0.0,0.0,1.2413864569110684,,,0.372987356528379
R1,Composite,0.9955910835849094,0.9773273451496695,0.0,36,36,36.0,72.0,500,-0.2700360369404323,4.4101651725584365e-05,22.290501705322065,6.497864152090405,0.5025306041950275,,,
R2,Seasonal,0.6750805412273211,0.9908701616587989,0.0,36,36,36.0,72.0,500,0.0,0.0,26.29801057534287,4.41236335290247,0.9646040023693004,,,
R3,Stationary_WN,0.029699304517278646,0.18782219761823382,0.0,None,25,,,500,0.0,0.0,0.0,0.0,8.025557301968517,,,
R4,Trending_ExponentialGrowth,0.9743530418457618,0.2610534290932719,0.0,None,24,,,500,,,0.0,0.0,1.194543606016203,,,
R1,Composite,0.9916638534468049,0.9052587420550446,0.0,36,36,36.0,72.0,500,-0.2392861151186948,3.331633986577378e-05,12.961953941264712,7.758221928484297,0.8287347382768282,,,
R2,Seasonal,0.6700236736184969,0.8681988125864271,0.0,36,36,36.0,72.0,500,0.0,0.0,13.512744479110259,9.113395379680657,1.7608391931364684,,,
R3,Stationary_WN,0.07712014450046456,0.13882353677548942,0.0,None,7,,,500,0.0,0.0,0.0,0.0,5.162986208123504,,,
R4,Trending_MeanShift,0.9999475547328358,0.9997906209210546,0.0,None,250,,,500,,,0.0,0.0,0.7723246880217431,,250.0,
R1,Composite,0.9957981992134853,0.9562187677863647,0.0,48,50,48.0,96.0,500,-0.3477817126722909,2.327469827422712e-05,20.512065890944918,7.271523883302331,0.8110725383940833,,,
R2,Seasonal,0.6257078268855603,0.9295424850109743,0.0,48,50,48.0,96.0,500,0.0,0.0,19.583737989937983,8.575910007424417,1.7062030459301316,,,
R3,Stationary_AR,0.30880087427161995,0.3173271885747083,0.0,None,15,,,500,0.0,0.0,0.0,0.0,5.0,0.6214065942522853,,
R4,Trending_RandomWalkDrift,0.9886795273589846,0.6478770340822294,0.0,None,167,,,500,,,0.0,0.0,1.2280749886283489,,,0.3564102728409604
R1,Composite,0.9984135655282783,0.9636024894474132,0.0,36,36,36.0,72.0,500,0.33697362566305417,-4.811968465856048e-05,13.081879616733502,3.7853873203336876,1.186487841433312,,,
R2,Seasonal,0.5213967141613577,0.9844554895598302,0.0,36,36,36.0,72.0,500,0.0,0.0,27.429679056185165,4.5009369405962225,1.6865310836772183,,,
R3,Stationary_AR,0.1676985957679874,0.24550916518214638,0.0,None,19,,,500,0.0,0.0,0.0,0.0,5.0,0.5654143903281525,,
R4,Trending_MeanShift,0.9999566255059079,0.9998267235572154,0.0,None,250,,,500,,,0.0,0.0,1.1952548462639356,,250.0,
R1,Composite,0.9898923265378395,0.9103251211605333,0.0,24,24,24.0,48.0,500,-0.1540765956492982,1.1987832458857192e-05,9.653928119973266,5.161244581338152,1.009274178552179,,,
R2,Seasonal,0.6952506450813831,0.9369085855462671,0.0,24,24,24.0,48.0,500,0.0,0.0,15.912578481004827,7.564655710238534,0.9922180164844714,,,
R3,Stationary_WN,0.16103528314096804,0.08810195112022912,0.0,None,2,,,500,0.0,0.0,0.0,0.0,7.975543208160354,,,
R4,Trending_RandomWalkDrift,0.7144579331369278,0.7562029466433703,0.0,None,250,,,500,,,0.0,0.0,1.0110600491840636,,,-0.1771498372808552
R1,Composite,0.9990193740750427,0.9848210232202329,0.0,12,12,12.0,24.0,500,-0.35831799465629266,4.101019482340843e-05,17.484779036957,2.9061507091411243,1.2030111314578642,,,
R2,Seasonal,0.7283637126459178,0.9747187237271505,0.0,12,12,12.0,24.0,500,0.0,0.0,18.266145622115946,5.414245923226151,1.0052966422598244,,,
R3,Stationary_AR,0.24647411688486898,0.23743807153102758,0.0,None,9,,,500,0.0,0.0,0.0,0.0,5.0,0.5296944396812917,,
R4,Trending_ExponentialGrowth,0.9918255200340234,0.2744161241615315,0.0,None,24,,,500,,,0.0,0.0,1.1747565227233294,,,
R1,Composite,0.9947034989269711,0.9774690389413041,0.0,12,12,12.0,24.0,500,-0.2316773953634855,-2.858921240288341e-05,24.300087068674596,7.196722816820651,0.8294382854540335,,,
R2,Seasonal,0.7286857396882258,0.9415480707335363,0.0,12,12,12.0,24.0,500,0.0,0.0,24.914643736112367,11.842265153995013,1.8313862200986168,,,
R3,Stationary_WN,0.005296462853122241,0.2665658679664612,0.0,None,36,,,500,0.0,0.0,0.0,0.0,7.311684619180467,,,
R4,Trending_RandomWalkDrift,0.9977719031190189,0.03790954393920065,0.0,None,24,,,500,,,0.0,0.0,0.5233864413201805,,,-0.46389230353804867
R1,Composite,0.9966648316844317,0.9720904287141431,0.0,36,36,36.0,72.0,500,-0.3094745490348938,-3.727988103571997e-05,23.064120110227428,6.980238790342202,1.2496262267055456,,,
R2,Seasonal,0.6047096410045119,0.9850504663667666,0.0,36,36,36.0,72.0,500,0.0,0.0,24.771093538869913,4.584943326271944,1.5177659419361598,,,
R3,Stationary_WN,0.2323092823346704,0.17387076242484933,0.0,None,3,,,500,0.0,0.0,0.0,0.0,12.363731220624661,,,
R4,Trending_ExponentialGrowth,0.9974134059157225,0.2592525912647118,0.0,None,24,,,500,,,0.0,0.0,1.2927704297417826,,,
R1,Composite,0.9975112415235189,0.8681662569633007,0.0,24,24,24.0,48.0,500,-0.3278885791212127,-2.8346793687398453e-05,8.751595075124964,5.984599429310689,1.1350558692231785,,,
R2,Seasonal,0.6744827759098961,0.8989485121969436,0.0,24,24,24.0,48.0,500,0.0,0.0,18.72870242950414,11.110263703750785,1.9704112189379694,,,
R3,Stationary_WN,0.04791974740160898,0.2885823421072412,0.0,None,31,,,500,0.0,0.0,0.0,0.0,10.27309834534299,,,
R4,Trending_ExponentialGrowth,0.999636041510709,0.25757315980606954,0.0,None,24,,,500,,,0.0,0.0,0.5336446976010888,,,
R1,Composite,0.9976883622360505,0.9362873935933544,0.0,24,24,24.0,48.0,500,0.38790000150929893,4.340937450618094e-05,15.451050915727116,7.26415588227884,0.8256038045092577,,,
R2,Seasonal,0.6984676263816982,0.9905813830197072,0.0,24,24,24.0,48.0,500,0.0,0.0,23.485752758380407,4.1911524072840525,0.5043619763129901,,,
R3,Stationary_AR,0.04206640192380551,0.29600011341505106,0.0,None,100,,,500,0.0,0.0,0.0,0.0,5.0,0.6871575176133056,,
R4,Trending_MeanShift,0.9999575852963544,0.999830492380734,0.0,None,250,,,500,,,0.0,0.0,0.6326639637180735,,250.0,
R1,Composite,0.996629736484873,0.9834108006902154,0.0,24,24,24.0,48.0,500,0.2541522481561835,-1.7512718501278264e-05,22.4705510740761,5.239477913784565,0.7619598866589808,,,
R2,Seasonal,0.6517890380052953,0.9803727196435629,0.0,24,24,24.0,48.0,500,0.0,0.0,21.66570506565236,5.243940234664656,1.1635612487025548,,,
R3,Stationary_WN,0.18635217006097382,0.1541340708019342,0.0,None,2,,,500,0.0,0.0,0.0,0.0,11.910803033854144,,,
R4,Trending_RandomWalkDrift,0.9968742627246526,0.015775361673393884,0.0,None,24,,,500,,,0.0,0.0,1.2450109598627215,,,-0.43118450949070963
R1,Composite,0.9979881509264134,0.9909565140145858,0.0,36,36,36.0,72.0,500,-0.2061301040559917,2.038756351916592e-05,18.73627565939385,2.753826323515195,0.9070824743608631,,,
R2,Seasonal,0.5482117188985748,0.9459275159742432,0.0,36,36,36.0,72.0,500,0.0,0.0,17.219820032819605,5.558050607479612,1.8783192476921915,,,
R3,Stationary_WN,0.18983827701619926,0.27328804769183246,0.0,None,4,,,500,0.0,0.0,0.0,0.0,6.825456581138971,,,
R4,Trending_ExponentialGrowth,0.9991972778943877,0.24209355272125732,0.0,None,24,,,500,,,0.0,0.0,1.1700235679851518,,,
R1,Composite,0.9917362985556013,0.8963066856666376,0.0,24,24,24.0,48.0,500,-0.19167107388064614,-4.6512665564118776e-05,11.619566307461115,7.174118807320546,0.9401133789829823,,,
R2,Seasonal,0.7069521181522138,0.8807059492967553,0.0,24,24,24.0,48.0,500,0.0,0.0,14.973983099507207,10.396803755770268,0.859806342359795,,,
R3,Stationary_AR,0.005840581632204578,0.699041535455191,0.0,None,250,,,500,0.0,0.0,0.0,0.0,5.0,0.49204209265788873,,
R4,Trending_RandomWalkDrift,0.9781723457838901,0.683969677259284,0.0,None,250,,,500,,,0.0,0.0,1.1195703681484745,,,-0.16244341703726595
R1,Composite,0.9929564648807916,0.9596554748363131,0.0,48,50,48.0,96.0,500,-0.28455347564625827,-2.1039668231509504e-05,24.343851066113125,6.028848551345374,1.4828357624885358,,,
R2,Seasonal,0.6488049602891879,0.8774580356219733,0.0,48,50,48.0,96.0,500,0.0,0.0,13.341371601344092,8.28174987276519,1.506628774725681,,,
R3,Stationary_AR,0.09875432196726919,0.24382538427807565,0.0,None,29,,,500,0.0,0.0,0.0,0.0,5.0,0.45240116670233993,,
R4,Trending_MeanShift,0.9998942102221691,0.999581590467758,0.0,None,250,,,500,,,0.0,0.0,0.8478639741854082,,250.0,
R1,Composite,0.9967531218914967,0.9854236448146991,0.0,12,12,12.0,24.0,500,-0.15482319581188939,-3.2885595287768895e-05,16.42760387996784,2.8719875264377075,1.0609062477711326,,,
R2,Seasonal,0.6997004189855502,0.9780159211788381,0.0,12,12,12.0,24.0,500,0.0,0.0,17.80145067094314,4.679621463563422,0.9326420863252316,,,
R3,Stationary_AR,0.07472985766765772,0.2912278217625244,0.0,None,33,,,500,0.0,0.0,0.0,0.0,5.0,0.454452766549739,,
R4,Trending_RandomWalkDrift,0.9335969020536606,0.047318438069616886,0.0,None,125,,,500,,,0.0,0.0,1.2840594489363841,,,0.20728675595022603
R1,Composite,0.9979623669631208,0.9200801603073174,0.0,12,12,12.0,24.0,500,-0.28099345259397557,-2.493330137005928e-05,9.183192101437577,4.652844459111021,1.2157377912318754,,,
R2,Seasonal,0.750110814698596,0.9719677744322948,0.0,12,12,12.0,24.0,500,0.0,0.0,20.493794170731643,6.94636150801392,0.6626090312085706,,,
R3,Stationary_WN,0.16529623523926262,0.13935722739623724,0.0,None,5,,,500,0.0,0.0,0.0,0.0,7.2535272092654335,,,
R4,Trending_RandomWalkDrift,0.9979972011356786,0.30563344709298024,0.0,None,24,,,500,,,0.0,0.0,1.4823108678534482,,,0.45788568851755795
R1,Composite,0.9984056774483867,0.9547290700058021,0.0,48,50,48.0,96.0,500,0.35814633176273836,2.853921132500035e-05,13.957602220399135,2.7570435050710516,1.480058157610701,,,
R2,Seasonal,0.6717911380704571,0.8848691526601132,0.0,48,50,48.0,96.0,500,0.0,0.0,15.901960326911412,9.983658297802506,1.1499308384883844,,,
R3,Stationary_WN,0.2268480474474952,0.17476994210196695,0.0,None,3,,,500,0.0,0.0,0.0,0.0,7.7288569678818595,,,
R4,Trending_ExponentialGrowth,0.9991028932579263,0.22631896748163927,0.0,None,24,,,500,,,0.0,0.0,1.0280044114408398,,,
R1,Composite,0.9991251285708673,0.9682148668035675,0.0,36,36,36.0,72.0,500,0.3912834267977634,1.3388983271944751e-05,13.16656501572155,3.530723298719631,1.0917654566893689,,,
R2,Seasonal,0.6999301375733302,0.9018656616149024,0.0,36,36,36.0,72.0,500,0.0,0.0,18.705306635599836,11.361647297759728,1.5265318969457224,,,
R3,Stationary_AR,0.02339355479182703,0.25156352991968367,0.0,None,42,,,500,0.0,0.0,0.0,0.0,5.0,0.5137996061267157,,
R4,Trending_MeanShift,0.9998250798496757,0.9993048218024879,0.0,None,250,,,500,,,0.0,0.0,1.4239270058694404,,250.0,
R1,Composite,0.9969306600509077,0.9031794596737285,0.0,24,24,24.0,48.0,500,0.25868650424604056,3.569495429990519e-05,9.431539507037296,5.230134267860918,1.1387684330238095,,,
R2,Seasonal,0.6891221297889056,0.9895707337070523,0.0,24,24,24.0,48.0,500,0.0,0.0,27.330864188537312,5.0271206044936285,0.8070738699732034,,,
R3,Stationary_WN,0.17598609064331627,0.1037418714121855,0.0,None,2,,,500,0.0,0.0,0.0,0.0,7.316020024973558,,,
R4,Trending_ExponentialGrowth,0.9897822643405398,0.2381872979175742,0.0,None,24,,,500,,,0.0,0.0,0.6283750644157207,,,
R1,Composite,0.997795196201814,0.9724051763288124,0.0,36,36,36.0,72.0,500,0.21238700245289194,4.325346058783601e-05,13.44074532219403,2.7957804214937054,1.2809539153809935,,,
R2,Seasonal,0.4759707170173283,0.9787657199153237,0.0,36,36,36.0,72.0,500,0.0,0.0,26.223173593073003,4.609465396053648,1.943984516181866,,,
R3,Stationary_AR,0.08884760686097337,0.1824653292662497,0.0,None,25,,,500,0.0,0.0,0.0,0.0,5.0,0.49030818281272603,,
R4,Trending_RandomWalkDrift,0.9952922579291253,0.8717921644656468,0.0,None,250,,,500,,,0.0,0.0,0.6201649361337482,,,0.42747938814038267
R1,Composite,0.9912230971492813,0.9882157432022308,0.0,24,24,24.0,48.0,500,-0.1273882340860981,2.4930226426578117e-05,20.211919054156287,3.827566979478328,0.6741394911024539,,,
R2,Seasonal,0.6914394891952894,0.9389960744137598,0.0,24,24,24.0,48.0,500,0.0,0.0,13.352441005559204,6.127519049643764,0.8010693758904,,,
R3,Stationary_AR,0.2518087642744794,0.37532063873553134,0.0,None,21,,,500,0.0,0.0,0.0,0.0,5.0,0.6503347954415504,,
R4,Trending_MeanShift,0.9999892461928848,0.9999570271160743,0.0,None,250,,,500,,,0.0,0.0,0.5012503849325782,,250.0,
R1,Composite,0.9927919791744612,0.9470664525809186,0.0,48,50,48.0,96.0,500,0.1599161177835284,-4.322167197828815e-05,10.19196906337515,2.6061866223684333,1.3579730284101403,,,
R2,Seasonal,0.6670445461311493,0.900610815918878,0.0,48,50,48.0,96.0,500,0.0,0.0,15.045040828859813,8.531778175487245,0.9809842026740343,,,
R3,Stationary_AR,0.08024300628680059,0.21725453464226174,0.0,None,29,,,500,0.0,0.0,0.0,0.0,5.0,0.6663352387331907,,
R4,Trending_MeanShift,0.9998981898530523,0.9995930262155355,0.0,None,250,,,500,,,0.0,0.0,1.4703459746950744,,250.0,
R1,Composite,0.9950347213305579,0.9518023485615519,0.0,12,12,12.0,24.0,500,-0.23025663917666656,-4.755434665801956e-05,16.426761813805108,7.285709037914595,0.5402503838125018,,,
R2,Seasonal,0.6330409528010359,0.988235762629864,0.0,12,12,12.0,24.0,500,0.0,0.0,28.918516504783824,4.814721455017062,1.5047382360976969,,,
R3,Stationary_WN,0.0844116959742165,0.23718259963286148,0.0,None,11,,,500,0.0,0.0,0.0,0.0,5.381305411009235,,,
R4,Trending_MeanShift,0.9998820463672639,0.9995305318730605,0.0,None,250,,,500,,,0.0,0.0,1.2367065103340722,,250.0,
R1,Composite,0.9956503236126083,0.9406499774044066,0.0,12,12,12.0,24.0,500,-0.18371433571414092,-3.039020903932636e-05,10.799967830367798,4.940569741152268,0.8908411774462335,,,
R2,Seasonal,0.7511483379134513,0.943076592362049,0.0,12,12,12.0,24.0,500,0.0,0.0,20.268889146467238,9.84125139430903,0.7176293313055095,,,
R3,Stationary_AR,0.08612593915347089,0.239055619154539,0.0,None,56,,,500,0.0,0.0,0.0,0.0,5.0,0.5925484073710587,,
R4,Trending_RandomWalkDrift,0.9884811387990199,0.6781214642197904,0.0,None,250,,,500,,,0.0,0.0,0.8928437433350161,,,-0.39992931493076
R1,Composite,0.9937823665557476,0.9740144733485551,0.0,36,36,36.0,72.0,500,0.24415410041889357,1.0649490525522679e-05,24.696298827784812,7.6084020349309345,0.8443101091973961,,,
R2,Seasonal,0.7096600830302131,0.9704374256947816,0.0,36,36,36.0,72.0,500,0.0,0.0,27.517174419307825,9.022633282214798,0.9371262868912689,,,
R3,Stationary_WN,0.18541013586959965,0.17308303008717352,0.0,None,4,,,500,0.0,0.0,0.0,0.0,11.985677527184531,,,
R4,Trending_ExponentialGrowth,0.9966095960038956,0.25147397494975465,0.0,None,24,,,500,,,0.0,0.0,0.5215766120165598,,,
R1,Composite,0.9971034652067222,0.9551220757068078,0.0,36,36,36.0,72.0,500,-0.34766782237365346,4.464684708697119e-05,16.579413173931403,6.476972031064005,0.9669292461996768,,,
R2,Seasonal,0.6512054762807762,0.9791089494407402,0.0,36,36,36.0,72.0,500,0.0,0.0,22.94219887568063,5.522527894711566,1.4847552324545783,,,
R3,Stationary_AR,0.09839942440278071,0.2631946574006391,0.0,None,25,,,500,0.0,0.0,0.0,0.0,5.0,0.498731349884156,,
R4,Trending_ExponentialGrowth,0.9915072683589624,0.23355008511349729,0.0,None,24,,,500,,,0.0,0.0,1.4693316939910108,,,
R1,Composite,0.9704003183507472,0.9560534269136872,0.0,48,50,48.0,96.0,500,0.1362343859088378,-1.553217514143056e-05,22.117884534209992,5.825225945040755,1.3152996620088337,,,
R2,Seasonal,0.6682038167537641,0.9045326665865364,0.0,48,50,48.0,96.0,500,0.0,0.0,18.188681075775598,10.306043218939067,0.8888166348677469,,,
R3,Stationary_AR,0.09841761693062356,0.24627462815398826,0.0,None,36,,,500,0.0,0.0,0.0,0.0,5.0,0.6764030823713122,,
R4,Trending_RandomWalkDrift,0.9967537180441784,0.9063636438123859,0.0,None,250,,,500,,,0.0,0.0,0.5296036459104466,,,0.214548105232559
R1,Composite,0.9869720145878379,0.9664515338253579,0.0,48,50,48.0,96.0,500,0.14498303772777618,3.841895728648813e-05,21.13119234613956,6.361797259111149,0.821138752865745,,,
R2,Seasonal,0.6649219222348068,0.8688374377349696,0.0,48,50,48.0,96.0,500,0.0,0.0,15.433031897413569,10.334454717037328,1.304799788724972,,,
R3,Stationary_WN,0.03741989496059772,0.3004160381975505,0.0,None,45,,,500,0.0,0.0,0.0,0.0,14.70486481000777,,,
R4,Trending_RandomWalkDrift,0.9994612187606149,0.9721859104364426,0.0,None,250,,,500,,,0.0,0.0,1.4564146650491907,,,0.4328864227257967
R1,Composite,0.9936291087791458,0.9880666760836169,0.0,12,12,12.0,24.0,500,0.10842610904168987,3.5509446147185e-05,18.87025593041083,3.9848891007742164,0.568639423700874,,,
R2,Seasonal,0.7194291704635087,0.9067619695253905,0.0,12,12,12.0,24.0,500,0.0,0.0,13.94316536348773,8.403113467148657,1.5040192607582372,,,
R3,Stationary_AR,0.04459087401830186,0.173236194410468,0.0,None,100,,,500,0.0,0.0,0.0,0.0,5.0,0.6375220867474634,,
R4,Trending_ExponentialGrowth,0.9986632063783607,0.25071603218534666,0.0,None,24,,,500,,,0.0,0.0,0.6810833960336072,,,
R1,Composite,0.996153689002482,0.9881538631688953,0.0,24,24,24.0,48.0,500,0.15999694401332543,3.9644227348514386e-05,20.87198501489258,3.142261059494709,1.1769494353235435,,,
R2,Seasonal,0.6533703018749563,0.9794419686964905,0.0,24,24,24.0,48.0,500,0.0,0.0,28.309234539253858,6.668064750277076,1.5936978105007846,,,
R3,Stationary_WN,0.1936950017484661,0.17867895075948348,0.0,None,5,,,500,0.0,0.0,0.0,0.0,7.370090220496604,,,
R4,Trending_ExponentialGrowth,0.9971595910600461,0.22019743990013152,0.0,None,24,,,500,,,0.0,0.0,1.4024409374029134,,,
R1,Composite,0.9935342652287541,0.9864517217666467,0.0,24,24,24.0,48.0,500,0.1544469281833802,-2.4999208821566432e-05,20.08592411043599,4.3534741393708565,0.5616348125028959,,,
R2,Seasonal,0.6938020555641367,0.9541502929100563,0.0,24,24,24.0,48.0,500,0.0,0.0,17.909110693832986,7.157037100686786,1.0155705488586169,,,
R3,Stationary_WN,0.24958642812617715,0.10114662868576929,0.0,None,2,,,500,0.0,0.0,0.0,0.0,6.073188909745158,,,
R4,Trending_RandomWalkDrift,0.9657415686934354,0.2876016882612684,0.0,None,100,,,500,,,0.0,0.0,0.8649804435335431,,,0.1899825458623212
R1,Composite,0.9992279357260998,0.947758965116852,0.0,48,50,48.0,96.0,500,-0.3647639583438683,1.0204846667404502e-05,8.601076541965783,2.2827375535372756,1.0259031415811832,,,
R2,Seasonal,0.408877815870373,0.9647892054053508,0.0,48,50,48.0,96.0,500,0.0,0.0,19.223347820418766,4.153794819227651,1.595422237128379,,,
R3,Stationary_WN,0.018445965332010483,0.3152771801435834,0.0,None,62,,,500,0.0,0.0,0.0,0.0,9.892126374012538,,,
R4,Trending_ExponentialGrowth,0.9945590118441924,0.24761888995765813,0.0,None,24,,,500,,,0.0,0.0,0.7977981086920936,,,
R1,Composite,0.998883980537049,0.9765089281629422,0.0,48,50,48.0,96.0,500,0.3096108485358784,3.489873388425034e-05,14.261985195886226,2.585422798633612,1.0328400795403443,,,
R2,Seasonal,0.5955935685923891,0.981103084254809,0.0,48,50,48.0,96.0,500,0.0,0.0,23.869874723601235,4.98844020097472,0.6637073263634166,,,
R3,Stationary_AR,0.15043065442673087,0.23542105184151207,0.0,None,42,,,500,0.0,0.0,0.0,0.0,5.0,0.6941622735096488,,
R4,Trending_RandomWalkDrift,0.9964577118453231,0.8123576147325792,0.0,None,250,,,500,,,0.0,0.0,1.0470119665057631,,,-0.41732839750575323
R1,Composite,0.983452837332748,0.9741275044765064,0.0,12,12,12.0,24.0,500,0.153399490528479,-3.8372982829967745e-05,22.26167491106513,6.778625028736676,1.0920064297926393,,,
R2,Seasonal,0.7331355405300002,0.9624690309629402,0.0,12,12,12.0,24.0,500,0.0,0.0,21.62976003865115,8.146605807459895,1.186567028991106,,,
R3,Stationary_WN,0.12714291158292934,0.18425022378808242,0.0,None,5,,,500,0.0,0.0,0.0,0.0,10.858632204106886,,,
R4,Trending_MeanShift,0.9999207144087541,0.9996822643928223,0.0,None,250,,,500,,,0.0,0.0,0.8705129095578752,,250.0,
R1,Composite,0.9967128090042777,0.9488836636628554,0.0,36,36,36.0,72.0,500,-0.20500775248531924,2.0092706653310124e-05,9.942579915639485,4.0760419817307545,0.7302962581927273,,,
R2,Seasonal,0.6216841322137253,0.9739634188862671,0.0,36,36,36.0,72.0,500,0.0,0.0,17.076244957644505,4.3806288475309625,1.2109175797810023,,,
R3,Stationary_AR,0.0558333653634252,0.20855810255643892,0.0,None,50,,,500,0.0,0.0,0.0,0.0,5.0,0.6863920418971419,,
R4,Trending_ExponentialGrowth,0.9994868586820168,0.25436561935051816,0.0,None,24,,,500,,,0.0,0.0,0.7009952846478917,,,
R1,Composite,0.993015446011516,0.9258242169821895,0.0,48,50,48.0,96.0,500,0.25873875385575507,-4.870551872930866e-05,14.184898675574129,6.310577681905587,1.4092861284611176,,,
R2,Seasonal,0.6678992721262107,0.9104395247787723,0.0,48,50,48.0,96.0,500,0.0,0.0,19.56819073374941,10.48904173675523,1.1465903958604102,,,
R3,Stationary_WN,0.296101127753737,0.10066316858885294,0.0,None,2,,,500,0.0,0.0,0.0,0.0,6.9280909173524226,,,
R4,Trending_MeanShift,0.9997166550974517,0.9988776564243982,0.0,None,250,,,500,,,0.0,0.0,1.292024514230139,,250.0,
R1,Composite,0.9983044816913123,0.9355194060226535,0.0,12,12,12.0,24.0,500,0.3150316471367932,4.988647935206311e-05,10.975081315648737,5.409162202911245,0.8068433487249967,,,
R2,Seasonal,0.6738801469056643,0.978453729631173,0.0,12,12,12.0,24.0,500,0.0,0.0,17.224390317591716,4.257023579327614,1.1151416989575123,,,
R3,Stationary_AR,0.15800929431802524,0.20285940974047645,0.0,None,15,,,500,0.0,0.0,0.0,0.0,5.0,0.42884985387056124,,
R4,Trending_MeanShift,0.9999393298238408,0.9997579836761125,0.0,None,250,,,500,,,0.0,0.0,1.1697533821913286,,250.0,
R1,Composite,0.9815657738361521,0.9732903900162069,0.0,12,12,12.0,24.0,500,-0.10644989270443833,-4.1770219589767534e-05,22.28886342629381,7.373679141488827,0.6091728364977067,,,
R2,Seasonal,0.7350002508367373,0.9802659415262776,0.0,12,12,12.0,24.0,500,0.0,0.0,25.814235077723097,6.976050300608631,0.9833509088289482,,,
R3,Stationary_AR,0.19683823846527582,0.24825289686792962,0.0,None,29,,,500,0.0,0.0,0.0,0.0,5.0,0.6038222977847507,,
R4,Trending_RandomWalkDrift,0.9960458216210583,0.10587129999187872,0.0,None,24,,,500,,,0.0,0.0,1.4213024949153303,,,0.39038223917626647
R1,Composite,0.997764437017563,0.9868115792502467,0.0,24,24,24.0,48.0,500,-0.1362055917842993,-3.467011042484522e-05,12.789170512131847,2.1130123736965007,0.6932069468983975,,,
R2,Seasonal,0.7037002337667924,0.9492102779728596,0.0,24,24,24.0,48.0,500,0.0,0.0,24.218665049358087,10.414323930196716,0.9607955912801324,,,
R3,Stationary_WN,0.05900961191551923,0.2679967997505699,0.0,None,11,,,500,0.0,0.0,0.0,0.0,14.707000782737854,,,
R4,Trending_MeanShift,0.9999791800102361,0.9999165243049697,0.0,None,250,,,500,,,0.0,0.0,0.7085791875287875,,250.0,
R1,Composite,0.9977864035667118,0.9711156471599194,0.0,24,24,24.0,48.0,500,0.3754891563518946,4.882831802754669e-05,22.15308577469232,7.098613712666872,0.7118239069859473,,,
R2,Seasonal,0.6832814424251485,0.8165206878381648,0.0,24,24,24.0,48.0,500,0.0,0.0,13.661915337214154,11.676270622805326,1.9437900517642408,,,
R3,Stationary_WN,0.03782725660857034,0.3614868235541475,0.0,None,56,,,500,0.0,0.0,0.0,0.0,7.083463310590011,,,
R4,Trending_ExponentialGrowth,0.9965609040280826,0.14977565399849035,0.0,None,24,,,500,,,0.0,0.0,0.8246732118879421,,,
R1,Composite,0.9980317263982068,0.9865714567181404,0.0,12,12,12.0,24.0,500,0.21573877859166832,-1.3111180986116763e-05,16.230047048294942,2.917019055338484,0.998955866707175,,,
R2,Seasonal,0.734260561958203,0.9596794100914465,0.0,12,12,12.0,24.0,500,0.0,0.0,25.873230566273357,9.997008100184326,1.4511139176599666,,,
R3,Stationary_AR,0.09153616634215855,0.2806035193411506,0.0,None,36,,,500,0.0,0.0,0.0,0.0,5.0,0.6119609920329943,,
R4,Trending_MeanShift,0.9999296026301535,0.9997189460969319,0.0,None,250,,,500,,,0.0,0.0,0.6403639871009768,,250.0,
R1,Composite,0.9984838822445778,0.988184030885035,0.0,12,12,12.0,24.0,500,0.3088578895492795,3.2673176917226336e-05,23.665773705499404,4.553898472992236,1.0954299623237338,,,
R2,Seasonal,0.715944750520659,0.9909883282652856,0.0,12,12,12.0,24.0,500,0.0,0.0,27.550985073263924,4.850090869337226,0.8544419245429788,,,
R3,Stationary_WN,0.192479709429062,0.08090630720485503,0.0,None,2,,,500,0.0,0.0,0.0,0.0,14.91770371742355,,,
R4,Trending_RandomWalkDrift,0.9944239963250487,0.13092896984806623,0.0,None,24,,,500,,,0.0,0.0,1.0564111030824277,,,-0.2553557602577239
R1,Composite,0.9930543690043118,0.9093335487611794,0.0,12,12,12.0,24.0,500,0.2543980014617691,-2.6573960941472043e-05,13.075951199637986,7.888806922544447,0.9362747864367098,,,
R2,Seasonal,0.7282584576095057,0.9095048554236875,0.0,12,12,12.0,24.0,500,0.0,0.0,12.69241930472141,7.562379417841403,1.3077575720146104,,,
R3,Stationary_AR,0.12205337855800058,0.2695956442660671,0.0,None,31,,,500,0.0,0.0,0.0,0.0,5.0,0.525856566399773,,
R4,Trending_ExponentialGrowth,0.9978306016738832,0.2677194319492935,0.0,None,24,,,500,,,0.0,0.0,0.7903065251142898,,,
R1,Composite,0.995951833266902,0.9611663771152875,0.0,48,50,48.0,96.0,500,0.2287705781110611,2.3424102629580796e-05,15.699441197064294,5.169521947721782,0.7563452689694568,,,
R2,Seasonal,0.6131391100194719,0.9316856532840525,0.0,48,50,48.0,96.0,500,0.0,0.0,10.275982397843354,4.403072923603095,0.8196809888102015,,,
R3,Stationary_WN,0.13119969579244517,0.20241112168024977,0.0,None,6,,,500,0.0,0.0,0.0,0.0,7.990581239734244,,,
R4,Trending_RandomWalkDrift,0.9958922559329034,0.9122012533555245,0.0,None,250,,,500,,,0.0,0.0,1.2492139857810902,,,0.2532924118101567
R1,Composite,0.9975256157679577,0.8955189744500699,0.0,36,36,36.0,72.0,500,-0.34216165126153,-2.318761796443511e-05,10.481837978066133,6.088742817616565,1.4488992177541449,,,
R2,Seasonal,0.6973397078406942,0.9708121326105318,0.0,36,36,36.0,72.0,500,0.0,0.0,28.229896715533545,8.813185334007756,1.2543215359493534,,,
R3,Stationary_AR,0.06438823574657071,0.1980195554347185,0.0,None,50,,,500,0.0,0.0,0.0,0.0,5.0,0.6409591793170314,,
R4,Trending_ExponentialGrowth,0.9996513988131912,0.1776658124279702,0.0,None,24,,,500,,,0.0,0.0,0.6473172732067626,,,
R1,Composite,0.9978268109566889,0.9572578669793114,0.0,12,12,12.0,24.0,500,-0.30016188403582145,-3.856658512087661e-05,14.428164827994438,6.040208191104565,0.519686177257248,,,
R2,Seasonal,0.6303314244046878,0.9816343486531754,0.0,12,12,12.0,24.0,500,0.0,0.0,20.383388565896304,4.198418784360402,1.3257861717695554,,,
R3,Stationary_AR,0.21871120136461186,0.1755397721425308,0.0,None,9,,,500,0.0,0.0,0.0,0.0,5.0,0.40707522966712617,,
R4,Trending_RandomWalkDrift,0.8911273849950062,0.09999610177899465,0.0,None,24,,,500,,,0.0,0.0,1.2284718992978578,,,-0.11982828793373677
R1,Composite,0.9983020592290288,0.8960163931855463,0.0,48,50,48.0,96.0,500,-0.3292051540277835,-2.0563633881049974e-05,8.346079416053717,4.451365128967029,1.0479452773594717,,,
R2,Seasonal,0.614311690913722,0.948520696622332,0.0,48,50,48.0,96.0,500,0.0,0.0,22.07770505200886,7.936984342713575,1.5927283016551192,,,
R3,Stationary_AR,0.09436333571853839,0.25577122844680356,0.0,None,25,,,500,0.0,0.0,0.0,0.0,5.0,0.44856323036712736,,
R4,Trending_RandomWalkDrift,0.9969237285365199,0.7531919637724254,0.0,None,250,,,500,,,0.0,0.0,1.2735291835750384,,,-0.44392757568164976
R1,Composite,0.9972534284067875,0.9421269065607996,0.0,48,50,48.0,96.0,500,0.22273750199146874,1.995905294368481e-05,10.049199135187967,2.2841680793076433,1.4134529233877269,,,
R2,Seasonal,0.6509023936465792,0.8572018045537229,0.0,48,50,48.0,96.0,500,0.0,0.0,14.593435276141726,9.826166707527783,1.8825298825463463,,,
R3,Stationary_WN,0.09919994283193845,0.10822162194831053,0.0,None,2,,,500,0.0,0.0,0.0,0.0,12.661200466302464,,,
R4,Trending_MeanShift,0.9999374530409609,0.9997511955868223,0.0,None,250,,,500,,,0.0,0.0,0.6091193773821603,,250.0,
R1,Composite,0.984738902890675,0.9440508967592993,0.0,24,24,24.0,48.0,500,0.1497205586785541,3.4402897940940306e-05,17.554311840060574,7.968253716939171,0.7727104603147592,,,
R2,Seasonal,0.6448495838369983,0.9775877584948505,0.0,24,24,24.0,48.0,500,0.0,0.0,26.243498502580287,6.458609542511269,1.684664078448581,,,
R3,Stationary_WN,0.08776254610913048,0.10668644490269774,0.0,None,3,,,500,0.0,0.0,0.0,0.0,13.134756252791261,,,
R4,Trending_MeanShift,0.9999136693546741,0.999655108660786,0.0,None,250,,,500,,,0.0,0.0,0.7463497198822291,,250.0,
R1,Composite,0.9765251380344409,0.9618338702683262,0.0,36,36,36.0,72.0,500,-0.10544181728335833,-2.945226621336908e-05,19.869955074186237,7.371570435441004,0.744003641142348,,,
R2,Seasonal,0.7180779142922251,0.9641423216746895,0.0,36,36,36.0,72.0,500,0.0,0.0,28.8535458694386,10.571397413453536,0.6219136331041211,,,
R3,Stationary_WN,0.07028338089261232,0.09246464297115065,0.0,None,3,,,500,0.0,0.0,0.0,0.0,14.052222257804106,,,
R4,Trending_MeanShift,0.9999840333867842,0.9999362488010247,0.0,None,250,,,500,,,0.0,0.0,0.6402689985305244,,250.0,
R1,Composite,0.9978746673936049,0.9206736830034857,0.0,24,24,24.0,48.0,500,0.3472408185837692,4.128916758917231e-05,11.711249199292935,6.132596668018469,1.1180185368304343,,,
R2,Seasonal,0.6767962084856223,0.9334076122389479,0.0,24,24,24.0,48.0,500,0.0,0.0,19.785505894163272,9.234919534187368,1.7172232708120005,,,
R3,Stationary_WN,0.16103264957103314,0.2038066509168719,0.0,None,5,,,500,0.0,0.0,0.0,0.0,6.013016260532477,,,
R4,Trending_MeanShift,0.9999626440858005,0.9998506024242705,0.0,None,250,,,500,,,0.0,0.0,0.8602169842745595,,250.0,
R1,Composite,0.9751329459676683,0.9557403438808109,0.0,36,36,36.0,72.0,500,-0.11102971405670944,4.1114636475986424e-05,14.209819641692711,5.602330232027396,0.7836781219323815,,,
R2,Seasonal,0.6906531437250083,0.9297120222092199,0.0,36,36,36.0,72.0,500,0.0,0.0,22.73482638272612,11.253779429944519,1.6656482347113708,,,
R3,Stationary_WN,0.0638319735921753,0.15916697595427975,0.0,None,4,,,500,0.0,0.0,0.0,0.0,8.710045008728674,,,
R4,Trending_RandomWalkDrift,0.9653760347979891,0.374124788211626,0.0,None,125,,,500,,,0.0,0.0,1.1382046613599768,,,0.12628900055994363
R1,Composite,0.9900079136302673,0.9646654743759409,0.0,48,50,48.0,96.0,500,-0.22105681617864148,-2.610877726262701e-05,24.78818651789264,7.479958672064537,1.1747197389815958,,,
R2,Seasonal,0.5185877588317076,0.9669856112549512,0.0,48,50,48.0,96.0,500,0.0,0.0,16.602513687955863,4.191398520284243,1.2570040931105393,,,
R3,Stationary_WN,0.08044542569015545,0.28915479254371745,0.0,None,12,,,500,0.0,0.0,0.0,0.0,8.23323231430696,,,
R4,Trending_ExponentialGrowth,0.9969901210839139,0.2857801498746313,0.0,None,24,,,500,,,0.0,0.0,1.0568997019423925,,,
R1,Composite,0.9750123249497987,0.9063221693604941,0.0,36,36,36.0,72.0,500,0.10851156982425432,2.2569400365363563e-05,12.35974717328555,7.473180323320786,0.6882615118684394,,,
R2,Seasonal,0.6708963664066073,0.9472376083439311,0.0,36,36,36.0,72.0,500,0.0,0.0,27.541377977969027,11.166229577086158,1.8888096193580788,,,
R3,Stationary_AR,0.13861789149857906,0.240783186063397,0.0,None,31,,,500,0.0,0.0,0.0,0.0,5.0,0.6718264547031524,,
R4,Trending_MeanShift,0.999974102917082,0.9998964719571762,0.0,None,250,,,500,,,0.0,0.0,0.8019413980864007,,250.0,
R1,Composite,0.9896468755133493,0.9665875089267921,0.0,48,50,48.0,96.0,500,-0.17643859526566774,2.9809290012016726e-05,17.87955022994199,3.7697603221350753,1.2204675292138503,,,
R2,Seasonal,0.6284077555275525,0.9269768409065311,0.0,48,50,48.0,96.0,500,0.0,0.0,18.559427514603126,8.19531459901712,1.804204744545773,,,
R3,Stationary_AR,0.0,0.8776121191392453,0.0,None,250,,,500,0.0,0.0,0.0,0.0,5.0,0.6821293315117507,,
R4,Trending_ExponentialGrowth,0.9947081198507093,0.21303595790339602,0.0,None,24,,,500,,,0.0,0.0,1.187609202825922,,,
R1,Composite,0.9976402768531099,0.9721763374201883,0.0,12,12,12.0,24.0,500,-0.25469518271718516,-1.4261129947768018e-05,15.2400702228758,3.864706382337247,1.4703120933785363,,,
R2,Seasonal,0.7006410073282692,0.9873171329204821,0.0,12,12,12.0,24.0,500,0.0,0.0,22.900933957061827,4.674287886748179,1.15838135750333,,,
R3,Stationary_AR,0.1216799602761548,0.33543133866618646,0.0,None,50,,,500,0.0,0.0,0.0,0.0,5.0,0.5684947146225788,,
R4,Trending_ExponentialGrowth,0.9991423258352284,0.24957513004449094,0.0,None,24,,,500,,,0.0,0.0,1.1243361180010147,,,
R1,Composite,0.998429711646455,0.9090310311221004,0.0,12,12,12.0,24.0,500,-0.36933993485918737,2.823572140012596e-05,9.207847272667587,4.93740337491748,1.2572923887448935,,,
R2,Seasonal,0.6142430940389554,0.98076072481431,0.0,12,12,12.0,24.0,500,0.0,0.0,24.797344104210904,5.102545807179597,1.6378656754117151,,,
R3,Stationary_AR,0.05701381908392733,0.24471927411488914,0.0,None,38,,,500,0.0,0.0,0.0,0.0,5.0,0.4247194980885207,,
R4,Trending_MeanShift,0.9999605621609657,0.999842418471164,0.0,None,250,,,500,,,0.0,0.0,0.8022808795878653,,250.0,
R1,Composite,0.9885216181845551,0.9698016680936534,0.0,12,12,12.0,24.0,500,-0.15229648121360684,1.832637132596958e-05,18.276710294068614,6.206534649399366,0.9074988315676132,,,
R2,Seasonal,0.726963540550644,0.8504533423831426,0.0,12,12,12.0,24.0,500,0.0,0.0,11.24164575185041,8.822144522854988,1.5104636075505475,,,
R3,Stationary_WN,0.12459460394783084,0.08790978968614604,0.0,None,2,,,500,0.0,0.0,0.0,0.0,6.865652451937269,,,
R4,Trending_RandomWalkDrift,0.9974102907034965,0.026803995404749426,0.0,None,24,,,500,,,0.0,0.0,0.6249219933357252,,,0.3235685917661736
R1,Composite,0.988498750428817,0.9833144815651083,0.0,48,50,48.0,96.0,500,-0.16277353364505526,3.5167587233817065e-05,24.094625544624446,4.746011470374528,0.5866403979086796,,,
R2,Seasonal,0.6341875040038498,0.9309015197933779,0.0,48,50,48.0,96.0,500,0.0,0.0,22.661497291509797,10.105351762718765,1.94663503897908,,,
R3,Stationary_AR,0.11180835878071704,0.33003869875941516,0.0,None,45,,,500,0.0,0.0,0.0,0.0,5.0,0.6141076977645885,,
R4,Trending_ExponentialGrowth,0.9808257983194711,0.2980724864683757,0.0,None,24,,,500,,,0.0,0.0,1.1018448103929326,,,
R1,Composite,0.9973156108047417,0.98144930964793,0.0,36,36,36.0,72.0,500,-0.20320799211182167,-4.26935680034857e-05,17.29307696868456,3.9271740726807893,0.8832827136153755,,,
R2,Seasonal,0.7084093509675753,0.9736075121419018,0.0,36,36,36.0,72.0,500,0.0,0.0,17.48540633687912,5.353890115978111,0.5311066321136682,,,
R3,Stationary_WN,0.0,0.19101852190250856,0.0,None,125,,,500,0.0,0.0,0.0,0.0,6.992658353925991,,,
R4,Trending_ExponentialGrowth,0.9898837929219072,0.22207280566761645,0.0,None,24,,,500,,,0.0,0.0,0.9691996969902348,,,
R1,Composite,0.9965143152220134,0.9484536038737023,0.0,36,36,36.0,72.0,500,0.26444186728881125,3.864742435940351e-05,14.616696715611269,5.573257467151632,1.3063301773012805,,,
R2,Seasonal,0.6935507370102385,0.9659662220313603,0.0,36,36,36.0,72.0,500,0.0,0.0,20.302538154012485,7.105542096299645,1.1616945537260568,,,
R3,Stationary_WN,0.01605964574916985,0.20077486648256127,0.0,None,12,,,500,0.0,0.0,0.0,0.0,12.570198808507753,,,
R4,Trending_ExponentialGrowth,0.9787309387319667,0.2215786672983161,0.0,None,24,,,500,,,0.0,0.0,1.4642169403377985,,,
R1,Composite,0.9973558091864204,0.9660046592656323,0.0,24,24,24.0,48.0,500,-0.31643437802864016,-3.5443438459332724e-05,18.450774010173234,5.8232062699786225,1.230347209457115,,,
R2,Seasonal,0.6951183055437204,0.9019542476017786,0.0,24,24,24.0,48.0,500,0.0,0.0,18.44870549187975,11.193689253697922,1.39246759785421,,,
R3,Stationary_AR,0.15457428657298355,0.38169748963337746,0.0,None,38,,,500,0.0,0.0,0.0,0.0,5.0,0.4934605737434098,,
R4,Trending_RandomWalkDrift,0.9991542557818626,0.9491092831734436,0.0,None,250,,,500,,,0.0,0.0,1.4216893568041717,,,0.4785460942820281
R1,Composite,0.9981002382097022,0.986393671136603,0.0,36,36,36.0,72.0,500,0.31877143766099014,-3.520354560467984e-05,22.752500166754402,3.326825023351084,1.474225127153669,,,
R2,Seasonal,0.7037991203674354,0.925685850044078,0.0,36,36,36.0,72.0,500,0.0,0.0,20.622653092534716,10.67472271120796,1.466405318038091,,,
R3,Stationary_WN,0.08773713052440513,0.210853860136612,0.0,None,13,,,500,0.0,0.0,0.0,0.0,9.603616335664984,,,
R4,Trending_MeanShift,0.9998612596854162,0.9994416066026847,0.0,None,250,,,500,,,0.0,0.0,1.4996089872525635,,250.0,
R1,Composite,0.9927776794823717,0.9853635435974584,0.0,12,12,12.0,24.0,500,0.15552088144695403,-2.1921980004017772e-05,20.621123423088882,4.543657878176392,0.9848202585549046,,,
R2,Seasonal,0.7244512047810032,0.8838861340917109,0.0,12,12,12.0,24.0,500,0.0,0.0,14.310847818691068,9.55718649282677,1.7506409558040417,,,
R3,Stationary_AR,0.06166970357341617,0.32915903447426154,0.0,None,100,,,500,0.0,0.0,0.0,0.0,5.0,0.6239963753111482,,
R4,Trending_ExponentialGrowth,0.9968612119062654,0.20047155174818698,0.0,None,24,,,500,,,0.0,0.0,1.2283383542263202,,,
R1,Composite,0.9985309915052426,0.9814113926929074,0.0,36,36,36.0,72.0,500,0.3113131470419029,2.5267135154952985e-05,18.26479324398622,4.109710995285584,1.0225400009483097,,,
R2,Seasonal,0.7183003473615721,0.9337218777682798,0.0,36,36,36.0,72.0,500,0.0,0.0,20.9773121231674,10.60595616911908,0.6655107736161663,,,
R3,Stationary_AR,0.009803638594048536,0.5172011884182874,0.0,None,167,,,500,0.0,0.0,0.0,0.0,5.0,0.535383858469414,,
R4,Trending_RandomWalkDrift,0.9974788553785399,0.2425133156040279,0.0,None,24,,,500,,,0.0,0.0,1.3426671146230942,,,-0.434566676647565
R1,Composite,0.987525887067161,0.7824367353145552,0.0,24,24,24.0,48.0,500,-0.20386629274220974,2.4678546973647388e-05,8.23954075537752,7.989536899411524,1.0358182887323952,,,
R2,Seasonal,0.6946646677845949,0.9751007582763069,0.0,24,24,24.0,48.0,500,0.0,0.0,23.839376182982253,6.859091359971738,0.8654974599066403,,,
R3,Stationary_WN,0.2726757188792295,0.1946836222288575,0.0,None,3,,,500,0.0,0.0,0.0,0.0,12.027192856736985,,,
R4,Trending_RandomWalkDrift,0.9752730987468341,0.3539377227969921,0.0,None,125,,,500,,,0.0,0.0,1.4512155098410555,,,0.20090773315429045
R1,Composite,0.9974094138810998,0.9091418562808953,0.0,24,24,24.0,48.0,500,0.26468658211184204,1.4954384166286388e-05,8.994699884925945,4.241893360476343,1.2318648041815194,,,
R2,Seasonal,0.6793517998834936,0.9911178359186299,0.0,24,24,24.0,48.0,500,0.0,0.0,25.830213387008676,4.2996373454662296,0.8042359340671883,,,
R3,Stationary_WN,0.043099219672474764,0.14641092147677948,0.0,None,15,,,500,0.0,0.0,0.0,0.0,10.790197947318854,,,
R4,Trending_MeanShift,0.9999660984429856,0.9998643665895676,0.0,None,250,,,500,,,0.0,0.0,0.9459425653777194,,250.0,
R1,Composite,0.9982414488656739,0.9602887734976424,0.0,48,50,48.0,96.0,500,0.38240523614033917,-2.632114090388919e-05,15.503727361062245,4.484209621929532,1.136166592244026,,,
R2,Seasonal,0.5556779831643361,0.9610121445261282,0.0,48,50,48.0,96.0,500,0.0,0.0,22.457302357992358,6.446731653312883,1.537680083043434,,,
R3,Stationary_AR,0.05912108376860936,0.2532063211606961,0.0,None,28,,,500,0.0,0.0,0.0,0.0,5.0,0.42252930782281717,,
R4,Trending_RandomWalkDrift,0.9979757058015701,0.28853732421826106,0.0,None,24,,,500,,,0.0,0.0,1.1285968180762733,,,0.350757025183852
R1,Composite,0.9869595137108375,0.9793979252295337,0.0,12,12,12.0,24.0,500,0.13922176678612655,-1.5739541551288134e-05,21.48081769320516,5.579086447302423,1.1883965099699894,,,
R2,Seasonal,0.7122547745612415,0.9646013951021997,0.0,12,12,12.0,24.0,500,0.0,0.0,20.4578237173373,6.949781274621224,1.4834059897154668,,,
R3,Stationary_AR,0.2754869946472255,0.26248753480627185,0.0,None,10,,,500,0.0,0.0,0.0,0.0,5.0,0.45534361749817037,,
R4,Trending_RandomWalkDrift,0.9978086965679341,0.8422935817147001,0.0,None,167,,,500,,,0.0,0.0,1.1651336579557676,,,-0.42308009245776645
R1,Composite,0.9961298765643055,0.9374869613791283,0.0,24,24,24.0,48.0,500,-0.32603079764827836,-1.6583742424474976e-05,16.30487840916053,7.065958333393184,1.3778419902862264,,,
R2,Seasonal,0.7095958534198133,0.9589183860221134,0.0,24,24,24.0,48.0,500,0.0,0.0,26.215044986532302,10.171458118316394,0.6770256282725025,,,
R3,Stationary_WN,0.0726713708829313,0.20230459722386518,0.0,None,12,,,500,0.0,0.0,0.0,0.0,11.258234199801567,,,
R4,Trending_MeanShift,0.9999005311889437,0.9996035676019063,0.0,None,250,,,500,,,0.0,0.0,1.0927913768978648,,250.0,
R1,Composite,0.9907452655875865,0.973718867972199,0.0,48,50,48.0,96.0,500,0.17850919275192406,-4.108664751720776e-05,19.292453013152887,3.465230267672424,0.6624548124385463,,,
R2,Seasonal,0.6636358372255885,0.9213822757624216,0.0,48,50,48.0,96.0,500,0.0,0.0,18.76643069316127,9.373202567948738,1.10147195492052,,,
R3,Stationary_WN,0.24335126908205384,0.10741943267050313,0.0,None,2,,,500,0.0,0.0,0.0,0.0,6.944156483173273,,,
R4,Trending_RandomWalkDrift,0.9901447610711028,0.9264056923858651,0.0,None,250,,,500,,,0.0,0.0,0.6078029853051315,,,0.30477314237644393
R1,Composite,0.9847266428735765,0.9674708149318726,0.0,24,24,24.0,48.0,500,0.11767350727199286,-1.1583773612215713e-05,15.783639936878929,4.905858129173585,1.1561931061963382,,,
R2,Seasonal,0.7000963240583027,0.9749977309225185,0.0,24,24,24.0,48.0,500,0.0,0.0,23.714567006279204,6.983644286410745,0.7440800605819657,,,
R3,Stationary_WN,0.15590389678190197,0.10309759192064971,0.0,None,3,,,500,0.0,0.0,0.0,0.0,10.697552810188258,,,
R4,Trending_MeanShift,0.9999549567994718,0.9998201076042418,0.0,None,250,,,500,,,0.0,0.0,0.6555826091062479,,250.0,
R1,Composite,0.989907633111038,0.972744891916315,0.0,12,12,12.0,24.0,500,-0.1828359273750333,2.1423558766979014e-05,21.47812286462453,6.900151816473979,0.9812523724171487,,,
R2,Seasonal,0.741264295004473,0.9563959023335431,0.0,12,12,12.0,24.0,500,0.0,0.0,22.118544352561674,9.093163746883189,1.1759123150592654,,,
R3,Stationary_WN,0.08627875136386487,0.22098723929258812,0.0,None,8,,,500,0.0,0.0,0.0,0.0,8.298935616260703,,,
R4,Trending_MeanShift,0.999979864208005,0.9999194122968154,0.0,None,250,,,500,,,0.0,0.0,0.7906723583189037,,250.0,
R1,Composite,0.9991378516171103,0.9605243904933309,0.0,24,24,24.0,48.0,500,0.36450277127480213,1.6586069905616784e-05,10.833851016800347,3.084635803340866,1.248081245036237,,,
R2,Seasonal,0.6711050530262073,0.9914109807368456,0.0,24,24,24.0,48.0,500,0.0,0.0,25.278597930341018,4.091169598558657,0.8422148529602744,,,
R3,Stationary_WN,0.20639206618334371,0.09932147434906446,0.0,None,2,,,500,0.0,0.0,0.0,0.0,6.935894672108348,,,
R4,Trending_ExponentialGrowth,0.9831954191039675,0.30808938251794205,0.0,None,24,,,500,,,0.0,0.0,0.9822076295696605,,,
R1,Composite,0.9985179753626408,0.9543901792454943,0.0,12,12,12.0,24.0,500,-0.3834526914662759,3.380212202976077e-05,13.240095943044157,5.23373205760616,1.0281325009670907,,,
R2,Seasonal,0.7443453434107583,0.9766860500802083,0.0,12,12,12.0,24.0,500,0.0,0.0,28.218024145815207,8.668310554524671,0.8701120527367061,,,
R3,Stationary_AR,0.05608547230957506,0.19834027147278044,0.0,None,38,,,500,0.0,0.0,0.0,0.0,5.0,0.5728795739196999,,
R4,Trending_RandomWalkDrift,0.998116751496948,0.20371772432574065,0.0,None,24,,,500,,,0.0,0.0,1.3125351418985134,,,-0.4302369516347274
R1,Composite,0.9715488316138728,0.8310612954292146,0.0,36,36,36.0,72.0,500,-0.12431477204625999,2.06792915860716e-05,9.259932868326734,7.877439920344022,0.6727127771362925,,,
R2,Seasonal,0.7024740353631722,0.9606847781133798,0.0,36,36,36.0,72.0,500,0.0,0.0,28.595514719512135,10.646324244492783,1.5434346725723027,,,
R3,Stationary_WN,0.1360308613007034,0.17421864601802706,0.0,None,5,,,500,0.0,0.0,0.0,0.0,12.405718198976432,,,
R4,Trending_MeanShift,0.9999709863972792,0.9998842659128915,0.0,None,250,,,500,,,0.0,0.0,0.708021007634121,,250.0,
R1,Composite,0.9984681413744092,0.8759257060930397,0.0,24,24,24.0,48.0,500,-0.3704138630096574,-3.7644872967731374e-05,8.18598234456082,5.214986003588704,1.1612152985163395,,,
R2,Seasonal,0.6920035580050357,0.9438911974020139,0.0,24,24,24.0,48.0,500,0.0,0.0,16.347140328946047,7.214763451127108,0.9035386070313987,,,
R3,Stationary_WN,0.04069887865584709,0.18055962285827654,0.0,None,10,,,500,0.0,0.0,0.0,0.0,14.197963019040804,,,
R4,Trending_ExponentialGrowth,0.9992118043541678,0.2769145881637396,0.0,None,24,,,500,,,0.0,0.0,0.8327280586474245,,,
R1,Composite,0.9950232537438014,0.877071392481873,0.0,48,50,48.0,96.0,500,0.3184566016006095,-2.8352486259720046e-05,11.953728040501199,7.749807779685674,0.7207363333324068,,,
R2,Seasonal,0.6436822931432473,0.8935486704982506,0.0,48,50,48.0,96.0,500,0.0,0.0,13.299876817631269,7.697885062075528,1.3800074571294068,,,
R3,Stationary_AR,0.16037746314875267,0.31386750052811885,0.0,None,29,,,500,0.0,0.0,0.0,0.0,5.0,0.6264098902767063,,
R4,Trending_MeanShift,0.9999780701684837,0.9999120570003709,0.0,None,250,,,500,,,0.0,0.0,0.942237699639205,,250.0,
R1,Composite,0.9992984590152599,0.9942291832381548,0.0,36,36,36.0,72.0,500,-0.3326514312777029,2.5614448656489905e-05,22.70708125494226,2.3737729935697915,0.8261466084919359,,,
R2,Seasonal,0.7024516151121822,0.9631760355529602,0.0,36,36,36.0,72.0,500,0.0,0.0,29.97831157668248,10.854715854504201,1.392011423918192,,,
R3,Stationary_AR,0.11372371156494754,0.33033106100217824,0.0,None,36,,,500,0.0,0.0,0.0,0.0,5.0,0.48553937905762673,,
R4,Trending_RandomWalkDrift,0.9944311033822109,0.16538451402939514,0.0,None,24,,,500,,,0.0,0.0,0.7745451507209127,,,-0.2500524611953826
R1,Composite,0.9919515646554375,0.9194689710169616,0.0,48,50,48.0,96.0,500,-0.1585579807708334,-1.9082983186219292e-05,10.271316931130558,5.118296495954807,0.6352874252065913,,,
R2,Seasonal,0.5342313144735438,0.9041695225288983,0.0,48,50,48.0,96.0,500,0.0,0.0,11.407740096324764,5.219404807645538,1.5156215588751771,,,
R3,Stationary_WN,0.1731173317440191,0.1797008608483146,0.0,None,3,,,500,0.0,0.0,0.0,0.0,11.03417264612614,,,
R4,Trending_MeanShift,0.9999848038065569,0.9999392228318549,0.0,None,250,,,500,,,0.0,0.0,0.5058971971019346,,250.0,
R1,Composite,0.9894025117095638,0.903308055715678,0.0,48,50,48.0,96.0,500,0.1480466502842119,-1.3479225439721106e-05,9.336369304677056,5.037952898177714,0.6462601007836606,,,
R2,Seasonal,0.6484546719068641,0.8990532340157619,0.0,48,50,48.0,96.0,500,0.0,0.0,20.47617947382448,11.362120517199479,1.8432861888606453,,,
R3,Stationary_AR,0.1243450360000895,0.31384632992108885,0.0,None,38,,,500,0.0,0.0,0.0,0.0,5.0,0.6395351634320523,,
R4,Trending_ExponentialGrowth,0.9984000657731641,0.2246368012547778,0.0,None,24,,,500,,,0.0,0.0,0.7386743767094276,,,
R1,Composite,0.9975802736052172,0.9569897844632104,0.0,12,12,12.0,24.0,500,0.32128628786463653,-3.2487867701355e-05,14.40653944129954,5.899452310795367,0.8118578958557292,,,
R2,Seasonal,0.7109045289049752,0.9340976693802963,0.0,12,12,12.0,24.0,500,0.0,0.0,12.5024551199277,6.144758239372694,1.355912319373504,,,
R3,Stationary_WN,0.020168052725965224,0.26570687941133864,0.0,None,31,,,500,0.0,0.0,0.0,0.0,10.644786306934382,,,
R4,Trending_ExponentialGrowth,0.9967135252708407,0.2425056893214219,0.0,None,24,,,500,,,0.0,0.0,0.5897693624818668,,,
R1,Composite,0.9994841733195419,0.9958926433145866,0.0,24,24,24.0,48.0,500,-0.3139259607208418,-2.818848070584684e-05,23.562457751918814,2.348758458951771,0.7136498489349578,,,
R2,Seasonal,0.7069437959161246,0.9395946664844348,0.0,24,24,24.0,48.0,500,0.0,0.0,15.087053609150423,7.1548764244660905,0.5599028633399472,,,
R3,Stationary_WN,0.13902428199483452,0.2765325830481221,0.0,None,6,,,500,0.0,0.0,0.0,0.0,8.91412215403031,,,
R4,Trending_RandomWalkDrift,0.9954734812499451,0.21155749584400774,0.0,None,24,,,500,,,0.0,0.0,0.5179679050355166,,,-0.22679552147671667
R1,Composite,0.9980585604031069,0.9670523672959324,0.0,36,36,36.0,72.0,500,-0.30385001163738323,1.2636365137533355e-05,14.608168962616158,4.632511840917806,0.8443537059706976,,,
R2,Seasonal,0.6608262562357392,0.922875333308557,0.0,36,36,36.0,72.0,500,0.0,0.0,11.402558159291555,5.390125224915128,1.2540956844947697,,,
R3,Stationary_WN,0.21218549026809108,0.16155582795876922,0.0,None,3,,,500,0.0,0.0,0.0,0.0,8.62044501538253,,,
R4,Trending_MeanShift,0.9999433257475099,0.9997732200495222,0.0,None,250,,,500,,,0.0,0.0,1.2488864101444848,,250.0,
R1,Composite,0.9989099950488222,0.9819665835705228,0.0,12,12,12.0,24.0,500,-0.3672622568162621,-1.4477982273696669e-05,18.65920540586597,4.626211134001357,0.8845927935910466,,,
R2,Seasonal,0.7433493884154748,0.969891890796394,0.0,12,12,12.0,24.0,500,0.0,0.0,21.827043653313737,7.537871414448416,0.9030075774934938,,,
R3,Stationary_AR,0.09745541830980431,0.389562780068202,0.0,None,100,,,500,0.0,0.0,0.0,0.0,5.0,0.4737986540491286,,
R4,Trending_MeanShift,0.9998674991108782,0.9994679272856557,0.0,None,250,,,500,,,0.0,0.0,1.2286260344997806,,250.0,
R1,Composite,0.9890223518350767,0.9351176474739618,0.0,36,36,36.0,72.0,500,-0.16952065544818784,-1.4296922941872455e-05,14.69773486978019,7.13644617343375,0.7992655470148249,,,
R2,Seasonal,0.5981281713352669,0.9879040172520198,0.0,36,36,36.0,72.0,500,0.0,0.0,29.187677982660773,4.619646658859649,1.569492434373066,,,
R3,Stationary_AR,0.17963332456230208,0.19379560288008735,0.0,None,33,,,500,0.0,0.0,0.0,0.0,5.0,0.6570113855530231,,
R4,Trending_ExponentialGrowth,0.9735321209879331,0.37801307092560255,0.0,None,24,,,500,,,0.0,0.0,1.2339678388923367,,,
R1,Composite,0.9983273425296851,0.9791401485383081,0.0,24,24,24.0,48.0,500,-0.21816564596548815,2.0397844127071273e-05,11.832421447704395,2.2246045277813,0.9546287403599444,,,
R2,Seasonal,0.6918826374845826,0.9902116073046746,0.0,24,24,24.0,48.0,500,0.0,0.0,28.660540535069078,5.1876650734620515,0.6961004791677552,,,
R3,Stationary_AR,0.3248382474228272,0.23313887992374605,0.0,None,11,,,500,0.0,0.0,0.0,0.0,5.0,0.581956604147787,,
R4,Trending_MeanShift,0.9996974108957128,0.9987919073795422,0.0,None,250,,,500,,,0.0,0.0,1.3676025231894235,,250.0,
R1,Composite,0.9987090699170011,0.9788466801530817,0.0,24,24,24.0,48.0,500,0.34894956739896027,-1.714036457719146e-05,17.0122105588922,3.3056348376370672,1.3759412780486602,,,
R2,Seasonal,0.6672106579403716,0.9789497205176773,0.0,24,24,24.0,48.0,500,0.0,0.0,28.137207421923335,7.041179104602881,1.5390213415096565,,,
R3,Stationary_WN,0.25748234784141555,0.08419738908264196,0.0,None,2,,,500,0.0,0.0,0.0,0.0,10.20893304200575,,,
R4,Trending_RandomWalkDrift,0.9550729641423741,0.26928764384881043,0.0,None,24,,,500,,,0.0,0.0,1.0536622693014723,,,-0.12231872904300385
R1,Composite,0.9956736931595126,0.88952082517966,0.0,12,12,12.0,24.0,500,-0.284728139792752,-1.4658428769239014e-05,11.19984239232442,7.3996349831942965,1.0522553652759519,,,
R2,Seasonal,0.7245462205490378,0.9827491692530066,0.0,12,12,12.0,24.0,500,0.0,0.0,23.684598895746277,5.85220562185652,0.9674280574187355,,,
R3,Stationary_AR,0.0560122954600526,0.45063256353307757,0.0,None,100,,,500,0.0,0.0,0.0,0.0,5.0,0.6941009050690634,,
R4,Trending_ExponentialGrowth,0.9978342093986202,0.3253459137143142,0.0,None,24,,,500,,,0.0,0.0,0.728101910033085,,,
R1,Composite,0.9975307821184135,0.9615179448962197,0.0,36,36,36.0,72.0,500,0.28932951766042125,1.1009112845192011e-05,15.001376864657948,5.632337681267932,0.5341846737962446,,,
R2,Seasonal,0.7098268922851666,0.948565431426523,0.0,36,36,36.0,72.0,500,0.0,0.0,20.580200299812503,8.994012730348851,0.7631770320046287,,,
R3,Stationary_AR,0.2531757027060708,0.2912751756002,0.0,None,20,,,500,0.0,0.0,0.0,0.0,5.0,0.6161408648561174,,
R4,Trending_ExponentialGrowth,0.9783498126975844,0.14678233768156213,0.0,None,24,,,500,,,0.0,0.0,1.381466632181776,,,
R1,Composite,0.9984489347969638,0.9892369012630946,0.0,36,36,36.0,72.0,500,-0.22545453549515568,3.155890755206482e-05,16.119890290649508,2.2560350443206687,0.8092878884528052,,,
R2,Seasonal,0.6585553796967196,0.9677494780278445,0.0,36,36,36.0,72.0,500,0.0,0.0,22.861151843159274,6.820325640552609,1.6081542542128167,,,
R3,Stationary_WN,0.16220073325409812,0.19894041623169467,0.0,None,4,,,500,0.0,0.0,0.0,0.0,12.162148022784177,,,
R4,Trending_ExponentialGrowth,0.9976819152181018,0.19824163072918277,0.0,None,24,,,500,,,0.0,0.0,0.9716673693217006,,,
R1,Composite,0.9972445133179522,0.9726817617351711,0.0,48,50,48.0,96.0,500,-0.31125646792124284,4.135184939963429e-05,18.561748000767295,3.2633664955713173,1.4854170923017354,,,
R2,Seasonal,0.5305210427929232,0.9778150582629913,0.0,48,50,48.0,96.0,500,0.0,0.0,22.923213699818547,4.730225343711067,1.221798602481803,,,
R3,Stationary_WN,0.030902418531325804,0.24748714995374388,0.0,None,42,,,500,0.0,0.0,0.0,0.0,6.172636903041325,,,
R4,Trending_RandomWalkDrift,0.9921477700868837,0.26049696091430685,0.0,None,24,,,500,,,0.0,0.0,1.330266548454281,,,-0.20386528238190926
R1,Composite,0.9940007565652303,0.9894969887507933,0.0,24,24,24.0,48.0,500,-0.15198192580744752,2.524404730498302e-05,21.368719768160595,3.702962458982558,1.0029372930022316,,,
R2,Seasonal,0.7094095966394873,0.9598387326668275,0.0,24,24,24.0,48.0,500,0.0,0.0,26.977642261954202,10.43975956881285,0.5996359529875863,,,
R3,Stationary_WN,0.14881979399580192,0.1289881053582954,0.0,None,3,,,500,0.0,0.0,0.0,0.0,5.455446545133951,,,
R4,Trending_MeanShift,0.9999685238155741,0.9998741597220102,0.0,None,250,,,500,,,0.0,0.0,0.9227427179382099,,250.0,
R1,Composite,0.9939017003511686,0.9926130549367727,0.0,12,12,12.0,24.0,500,0.11140656650128344,2.480375505396349e-05,22.99472796923852,3.2224603408984063,0.8530758109410139,,,
R2,Seasonal,0.7299619655453855,0.9725492294101951,0.0,12,12,12.0,24.0,500,0.0,0.0,25.316197618291852,8.063524666421067,1.268263283605569,,,
R3,Stationary_WN,0.08933260951394018,0.1600130056480149,0.0,None,6,,,500,0.0,0.0,0.0,0.0,11.973792700451632,,,
R4,Trending_RandomWalkDrift,0.9593281022972852,0.8861833954964354,0.0,None,250,,,500,,,0.0,0.0,1.2390222755564015,,,0.13054436560655902
R1,Composite,0.9897015298461577,0.9772711263225111,0.0,36,36,36.0,72.0,500,-0.1521532350835363,-4.9811035484196034e-05,24.647013094092642,5.644595938349094,1.4993469210191614,,,
R2,Seasonal,0.6923322781308452,0.9401702474142837,0.0,36,36,36.0,72.0,500,0.0,0.0,15.62895714442754,7.127693058977999,1.0941027595197528,,,
R3,Stationary_WN,0.20311385417793448,0.13040767289727806,0.0,None,3,,,500,0.0,0.0,0.0,0.0,5.9949588128943345,,,
R4,Trending_RandomWalkDrift,0.9969553489490729,0.10869972263725103,0.0,None,24,,,500,,,0.0,0.0,1.2033823774416414,,,-0.37386300220455626
R1,Composite,0.9994394449048949,0.9913368057069588,0.0,24,24,24.0,48.0,500,-0.31325874750533944,3.1350658143520215e-05,15.36241370111128,2.2513177897846277,0.6480963309683597,,,
R2,Seasonal,0.7064566840398925,0.9786971123134095,0.0,24,24,24.0,48.0,500,0.0,0.0,29.91869564051623,8.281621299338614,0.6006444812050233,,,
R3,Stationary_WN,0.05269518418241004,0.29128695856857734,0.0,None,19,,,500,0.0,0.0,0.0,0.0,10.646724388327382,,,
R4,Trending_RandomWalkDrift,0.9942606665709722,0.29376253186677426,0.0,None,24,,,500,,,0.0,0.0,1.2840112559769543,,,0.24433764644432526
R1,Composite,0.9980994311722173,0.952074402591863,0.0,36,36,36.0,72.0,500,0.29981858532522265,-1.5975704103541187e-05,11.549534084896981,4.600506552338296,0.8485988912838517,,,
R2,Seasonal,0.6969640797443893,0.8228340642559031,0.0,36,36,36.0,72.0,500,0.0,0.0,12.252553009697674,10.228181595756514,1.4441021760327328,,,
R3,Stationary_AR,0.09763318137537924,0.3010896646251392,0.0,None,62,,,500,0.0,0.0,0.0,0.0,5.0,0.6560081975528851,,
R4,Trending_RandomWalkDrift,0.9883534109714684,0.27941865039690084,0.0,None,125,,,500,,,0.0,0.0,0.8988265300519078,,,0.3075450981985207
R1,Composite,0.9972996770134949,0.9305609379147912,0.0,12,12,12.0,24.0,500,-0.23706849289990056,-2.5336325004414382e-05,9.716528514104809,5.025827478543903,0.9059672466620202,,,
R2,Seasonal,0.6798248217140104,0.8962002003343814,0.0,12,12,12.0,24.0,500,0.0,0.0,11.684826148635823,6.79467090568607,1.9019164267852202,,,
R3,Stationary_AR,0.30304032291301874,0.2101244541005427,0.0,None,20,,,500,0.0,0.0,0.0,0.0,5.0,0.6972710276637046,,
R4,Trending_MeanShift,0.9999763073275594,0.9999053995538187,0.0,None,250,,,500,,,0.0,0.0,0.7668866766122673,,250.0,
R1,Composite,0.9955893792916769,0.978320646932542,0.0,36,36,36.0,72.0,500,0.25214658056273176,-1.1564358194404926e-05,22.50760910482287,5.402971260805323,1.3148627470360723,,,
R2,Seasonal,0.6845369006961763,0.9748574923914067,0.0,36,36,36.0,72.0,500,0.0,0.0,23.829198534907096,6.746121821631621,1.224919257813419,,,
R3,Stationary_WN,0.04866513386511717,0.21665704192489277,0.0,None,12,,,500,0.0,0.0,0.0,0.0,7.356170825461375,,,
R4,Trending_RandomWalkDrift,0.9890956765850005,0.8001195089828744,0.0,None,250,,,500,,,0.0,0.0,1.045093488652754,,,-0.32003153871178147
R1,Composite,0.9937865333742032,0.9779973708775209,0.0,48,50,48.0,96.0,500,0.14483393719253335,-2.5719932924562237e-05,14.36298682597471,2.964010620575892,0.6768030234998301,,,
R2,Seasonal,0.6466039116894353,0.9507860906588486,0.0,48,50,48.0,96.0,500,0.0,0.0,25.424479626619423,9.741355514517487,1.2877269101611672,,,
R3,Stationary_WN,0.18992974314377264,0.05610871359515246,0.0,None,2,,,500,0.0,0.0,0.0,0.0,14.840302032648758,,,
R4,Trending_RandomWalkDrift,0.9971166394793921,0.14582579000238372,0.0,None,24,,,500,,,0.0,0.0,1.3710499467407642,,,-0.34903382356586077
R1,Composite,0.9991025772295747,0.9837687382261183,0.0,24,24,24.0,48.0,500,0.32925968138042316,-3.7962860481484975e-05,14.718680252948882,3.247384867791973,0.6218809613493185,,,
R2,Seasonal,0.7019982644795861,0.9774267466847819,0.0,24,24,24.0,48.0,500,0.0,0.0,23.78933676107026,6.625394478126283,0.7287540677999251,,,
R3,Stationary_AR,0.056951726381024526,0.22594122056543897,0.0,None,29,,,500,0.0,0.0,0.0,0.0,5.0,0.5323230088505829,,
R4,Trending_RandomWalkDrift,0.998401908699484,0.22667429647794757,0.0,None,24,,,500,,,0.0,0.0,1.2547773214221902,,,0.4678946729400346
R1,Composite,0.9970490131173292,0.9914426723093406,0.0,12,12,12.0,24.0,500,0.1667631730693902,4.691300247048331e-05,22.697207358330697,4.003724653195957,0.6334206289410483,,,
R2,Seasonal,0.7214934852557009,0.9616066022420572,0.0,12,12,12.0,24.0,500,0.0,0.0,27.95814124198888,10.176900151553436,1.999396096031304,,,
R3,Stationary_WN,0.1379972678787189,0.1866330321246431,0.0,None,6,,,500,0.0,0.0,0.0,0.0,8.277736886782758,,,
R4,Trending_RandomWalkDrift,0.9738214109009488,0.5350133531207175,0.0,None,100,,,500,,,0.0,0.0,0.98091604009162,,,0.24458252277039236
R1,Composite,0.9944126413305993,0.9771162670146222,0.0,48,50,48.0,96.0,500,-0.14786181207246807,-4.140448337804779e-05,16.58093457254472,3.493687302862025,0.9715361387735693,,,
R2,Seasonal,0.6024287238415258,0.9190163067974788,0.0,48,50,48.0,96.0,500,0.0,0.0,19.27063506956009,9.0868878957518,1.7739499224554507,,,
R3,Stationary_AR,0.06575791064913483,0.3035752724013334,0.0,None,56,,,500,0.0,0.0,0.0,0.0,5.0,0.52859980296363,,
R4,Trending_RandomWalkDrift,0.9944188847624609,0.0,0.0,None,24,,,500,,,0.0,0.0,0.8311533896856786,,,0.14484710430041128
R1,Composite,0.9993296992385616,0.9859976074121454,0.0,24,24,24.0,48.0,500,-0.27858222370119967,3.1651978209463626e-05,11.575825460074935,2.3087736324200665,0.5040206414356463,,,
R2,Seasonal,0.5821385546354385,0.9579008835241912,0.0,24,24,24.0,48.0,500,0.0,0.0,19.465539931091826,5.869956100526652,1.9068521451071077,,,
R3,Stationary_AR,0.13074886517979545,0.3446424373902973,0.0,None,71,,,500,0.0,0.0,0.0,0.0,5.0,0.6873338229210033,,
R4,Trending_ExponentialGrowth,0.9934901811221135,0.2086448344265308,0.0,None,24,,,500,,,0.0,0.0,1.402370130743189,,,
R1,Composite,0.999020528592216,0.9810869659757268,0.0,12,12,12.0,24.0,500,0.38366986959156313,4.856689621714005e-05,18.84294723383246,4.213433387232836,1.1785903315087654,,,
R2,Seasonal,0.7386257044560036,0.9312309982907174,0.0,12,12,12.0,24.0,500,0.0,0.0,18.1653881251612,9.525106093924453,1.0620575865732698,,,
R3,Stationary_AR,0.0,0.26471597967118654,0.0,None,83,,,500,0.0,0.0,0.0,0.0,5.0,0.6235914708305598,,
R4,Trending_RandomWalkDrift,0.9973606834961252,0.18256562756590378,0.0,None,24,,,500,,,0.0,0.0,0.8643109541721862,,,0.42973095229548475
R1,Composite,0.9959234819753687,0.9780053287703719,0.0,48,50,48.0,96.0,500,-0.1946681227931775,-2.732997073458454e-05,18.01344337659131,2.838804985366779,0.7190782277557245,,,
R2,Seasonal,0.4504558779422896,0.9624389900338237,0.0,48,50,48.0,96.0,500,0.0,0.0,19.006942855533314,4.533779831173505,1.638298206872658,,,
R3,Stationary_AR,0.0,0.31048068150203234,0.0,None,125,,,500,0.0,0.0,0.0,0.0,5.0,0.42710685240895496,,
R4,Trending_RandomWalkDrift,0.9944930388339248,0.3635266969801849,0.0,None,24,,,500,,,0.0,0.0,1.333829586571039,,,-0.2548699856728843
R1,Composite,0.987836400970726,0.9567676696121349,0.0,48,50,48.0,96.0,500,0.1326161230975684,4.49303112489633e-05,16.82798062287582,4.944215486033983,1.4091519778043167,,,
R2,Seasonal,0.6089296939585457,0.9778777904350904,0.0,48,50,48.0,96.0,500,0.0,0.0,21.396688779402737,5.063847892774319,0.613784976550346,,,
R3,Stationary_AR,0.051261352720371245,0.2524226453775671,0.0,None,83,,,500,0.0,0.0,0.0,0.0,5.0,0.6823159589918617,,
R4,Trending_ExponentialGrowth,0.9987274167780504,0.19212921011124673,0.0,None,24,,,500,,,0.0,0.0,1.386854334470103,,,
R1,Composite,0.9966046291765224,0.9715066892547781,0.0,36,36,36.0,72.0,500,0.232514701777374,2.300594137068732e-05,17.01469569480586,5.276650273263846,0.9103936483456001,,,
R2,Seasonal,0.6640139364050284,0.9750973994400283,0.0,36,36,36.0,72.0,500,0.0,0.0,23.37821695788135,6.270846499529562,1.2701894808894398,,,
R3,Stationary_WN,0.12086736703770506,0.1864357042774477,0.0,None,3,,,500,0.0,0.0,0.0,0.0,5.168211270396906,,,
R4,Trending_MeanShift,0.9998732109554049,0.9994966340205276,0.0,None,250,,,500,,,0.0,0.0,0.8640333433512016,,250.0,
R1,Composite,0.9964761665906916,0.984867735692477,0.0,24,24,24.0,48.0,500,0.13869572838838,4.837358435518422e-05,15.883522123438684,2.8632644843276145,0.9511722887742716,,,
R2,Seasonal,0.6908779274028548,0.9086084551235206,0.0,24,24,24.0,48.0,500,0.0,0.0,13.547908095429147,7.9090647875453,1.0898349522607025,,,
R3,Stationary_WN,0.04371784739489282,0.20426282925054529,0.0,None,12,,,500,0.0,0.0,0.0,0.0,10.995920900665926,,,
R4,Trending_RandomWalkDrift,0.9986315014685554,0.19800488891914692,0.0,None,24,,,500,,,0.0,0.0,1.2001608775484551,,,-0.48258315774337457
R1,Composite,0.9982936375566664,0.9911979611544219,0.0,36,36,36.0,72.0,500,0.2808716489079426,-4.9366258127268185e-05,22.952143099948962,2.2021392368630552,1.3024415084889758,,,
R2,Seasonal,0.03538213028846138,0.9953443907708954,0.0,36,71,36.0,72.0,500,0.0,0.0,11.239918412801792,11.385577993577632,0.9413204710929418,,,
R3,Stationary_AR,0.2673926464014925,0.3478833768685877,0.0,None,18,,,500,0.0,0.0,0.0,0.0,5.0,0.6889603748848552,,
R4,Trending_MeanShift,0.9999823315905819,0.9999291889607981,0.0,None,250,,,500,,,0.0,0.0,0.5061092864118494,,250.0,
R1,Composite,0.9991768846918919,0.9918998010592164,0.0,24,24,24.0,48.0,500,0.3586080325844798,2.5460002759215182e-05,24.024349485480656,2.6025689365450315,1.311521218703194,,,
R2,Seasonal,0.6709763002485911,0.9795974604618095,0.0,24,24,24.0,48.0,500,0.0,0.0,28.633071575446976,7.045980570460234,1.5102998332786826,,,
R3,Stationary_WN,0.11391505739635821,0.08743842285040815,0.0,None,2,,,500,0.0,0.0,0.0,0.0,9.717544753345603,,,
R4,Trending_RandomWalkDrift,0.9996087136412083,0.9865547852776855,0.0,None,250,,,500,,,0.0,0.0,0.6358839195241182,,,0.4668633891526649
R1,Composite,0.9974219974742464,0.9631914040672415,0.0,24,24,24.0,48.0,500,0.38054241673836253,4.9098677878084804e-05,21.43949819197794,7.774347455622841,0.6469273114502966,,,
R2,Seasonal,0.692795506330451,0.9121739103470765,0.0,24,24,24.0,48.0,500,0.0,0.0,19.702812845007855,11.149751927357633,1.6220677463541882,,,
R3,Stationary_AR,0.18801151103967795,0.32965276644859964,0.0,None,19,,,500,0.0,0.0,0.0,0.0,5.0,0.43942864786736174,,
R4,Trending_RandomWalkDrift,0.9979761735531282,0.9937554742355924,0.0,None,250,,,500,,,0.0,0.0,1.1858689203807744,,,0.24780257232669867
R1,Composite,0.9969808541590527,0.9299932810755396,0.0,24,24,24.0,48.0,500,-0.26719209638797436,-1.7973044764004466e-05,10.951176005298741,4.816087127881751,1.3356340442783765,,,
R2,Seasonal,0.6614361000744814,0.952918158346549,0.0,24,24,24.0,48.0,500,0.0,0.0,12.630612498289231,4.720928689764058,1.0747959522869301,,,
R3,Stationary_AR,0.05761610025078068,0.25708699076070685,0.0,None,36,,,500,0.0,0.0,0.0,0.0,5.0,0.6080945801133815,,
R4,Trending_ExponentialGrowth,0.9989490615116625,0.25301250297350264,0.0,None,24,,,500,,,0.0,0.0,0.7330799580280115,,,
R1,Composite,0.9965935848084658,0.9739197191583168,0.0,48,50,48.0,96.0,500,0.337088454658378,-4.255758472387502e-05,23.163100439094656,5.820464165425761,0.8205351788484798,,,
R2,Seasonal,0.6580872013630359,0.8733299020732019,0.0,48,50,48.0,96.0,500,0.0,0.0,11.812044924306111,7.618894271674443,1.0091773647909699,,,
R3,Stationary_AR,0.0755934407742408,0.22994311029207737,0.0,None,56,,,500,0.0,0.0,0.0,0.0,5.0,0.6867914779895236,,
R4,Trending_ExponentialGrowth,0.9988948469774591,0.24522909983936336,0.0,None,24,,,500,,,0.0,0.0,0.7100471877888309,,,
R1,Composite,0.9977848442624118,0.9849970773861716,0.0,12,12,12.0,24.0,500,0.26391643452075747,1.6681173318626353e-05,21.27595281278649,4.312346397632016,1.289590623519914,,,
R2,Seasonal,0.040818561806964304,0.9977574445697698,0.0,12,24,12.0,24.0,500,0.0,0.0,10.87912878221086,10.497597073675973,0.5973825698411139,,,
R3,Stationary_AR,0.06715950814728677,0.2503021776866473,0.0,None,38,,,500,0.0,0.0,0.0,0.0,5.0,0.4294371221414764,,
R4,Trending_MeanShift,0.9997445109178069,0.9989884182121688,0.0,None,250,,,500,,,0.0,0.0,1.210291594484679,,250.0,
R1,Composite,0.9970167552676497,0.9653068057375436,0.0,24,24,24.0,48.0,500,-0.32452158687101085,3.9553114537517334e-05,17.845374055088463,6.109343337178165,0.8151128233661443,,,
R2,Seasonal,0.7111356614198603,0.9417740826603932,0.0,24,24,24.0,48.0,500,0.0,0.0,20.425770359515354,9.639565539535102,0.5346603565347279,,,
R3,Stationary_WN,0.3218848967424899,0.16415453397640434,0.0,None,2,,,500,0.0,0.0,0.0,0.0,6.304174339913838,,,
R4,Trending_ExponentialGrowth,0.9788306449834173,0.22264653202556683,0.0,None,24,,,500,,,0.0,0.0,1.3022519983226521,,,
R1,Composite,0.9957575946901089,0.9626649446018481,0.0,12,12,12.0,24.0,500,-0.22983256520217632,-4.666518905799552e-05,17.200603876414565,6.23262031906764,1.1840181909908964,,,
R2,Seasonal,0.726332760985203,0.9206335462893193,0.0,12,12,12.0,24.0,500,0.0,0.0,17.361366344350763,9.449238485471799,1.6677016312534354,,,
R3,Stationary_WN,0.21420267456873054,0.0874195122362953,0.0,None,3,,,500,0.0,0.0,0.0,0.0,11.500544688431923,,,
R4,Trending_RandomWalkDrift,0.9870938160953222,0.07201540723994004,0.0,None,24,,,500,,,0.0,0.0,1.3865892513303348,,,0.1465561289395171
R1,Composite,0.9982986575471853,0.9796596648921226,0.0,36,36,36.0,72.0,500,-0.308872683492448,-4.5194105903383686e-05,19.274323309120028,4.632027876542544,1.0378358600901971,,,
R2,Seasonal,0.6827894167962837,0.9767492957885048,0.0,36,36,36.0,72.0,500,0.0,0.0,26.858075145759596,7.1450887197053765,1.3931745230265151,,,
R3,Stationary_AR,0.27805708397994755,0.28659623367695364,0.0,None,14,,,500,0.0,0.0,0.0,0.0,5.0,0.46773823957813254,,
R4,Trending_MeanShift,0.9999851161001692,0.9999405020291945,0.0,None,250,,,500,,,0.0,0.0,0.7093946514471755,,250.0,
R1,Composite,0.9797128337337548,0.9759112876888033,0.0,36,36,36.0,72.0,500,-0.1138815541616281,3.368687779879131e-05,18.82339750627235,5.0784887369232425,0.9989197612609922,,,
R2,Seasonal,0.512764008925011,0.972989086582209,0.0,36,36,36.0,72.0,500,0.0,0.0,20.750376831757606,4.482069643829332,1.9856609330155952,,,
R3,Stationary_WN,0.10790197893129072,0.10022769976102752,0.0,None,3,,,500,0.0,0.0,0.0,0.0,10.951625399492979,,,
R4,Trending_ExponentialGrowth,0.9963936018351769,0.2417845340072119,0.0,None,24,,,500,,,0.0,0.0,0.5718935343537156,,,
R1,Composite,0.9721446100472158,0.9429190723221503,0.0,48,50,48.0,96.0,500,0.11167212431322299,2.7549522051891913e-05,18.70205363539283,7.647401794204458,1.1780964138427121,,,
R2,Seasonal,0.6044514376869041,0.9492878362809856,0.0,48,50,48.0,96.0,500,0.0,0.0,28.247708180619348,9.925219608634134,1.9630277783668688,,,
R3,Stationary_AR,0.11279517985807208,0.1465329662177357,0.0,None,29,,,500,0.0,0.0,0.0,0.0,5.0,0.5872177687679885,,
R4,Trending_ExponentialGrowth,0.9935330938532331,0.3393205508104691,0.0,None,24,,,500,,,0.0,0.0,0.5377967487988523,,,
R1,Composite,0.9826054967523173,0.9669017964751804,0.0,24,24,24.0,48.0,500,0.11458399699181403,3.43579525669263e-05,19.736918018168964,6.885610181444888,0.5365402618426024,,,
R2,Seasonal,0.7052739974928077,0.9868436131926608,0.0,24,24,24.0,48.0,500,0.0,0.0,29.007180935543936,6.227879439175384,0.5240395171720278,,,
R3,Stationary_WN,0.17812796767844952,0.07653596822608599,0.0,None,3,,,500,0.0,0.0,0.0,0.0,11.164431745809203,,,
R4,Trending_RandomWalkDrift,0.9320850044106301,0.4812058988740391,0.0,None,125,,,500,,,0.0,0.0,1.1035031809881821,,,-0.2034449760944589
R1,Composite,0.9979019976261911,0.9758707800972957,0.0,12,12,12.0,24.0,500,-0.3701788608377312,-4.634436571254311e-05,23.59294128000127,7.118603080939428,1.002370700244093,,,
R2,Seasonal,0.7391865251256353,0.8807344238656198,0.0,12,12,12.0,24.0,500,0.0,0.0,14.714723848363116,10.413355825021991,1.138738263282403,,,
R3,Stationary_AR,0.021578100904802944,0.2507013730940185,0.0,None,42,,,500,0.0,0.0,0.0,0.0,5.0,0.5941430124504428,,
R4,Trending_ExponentialGrowth,0.977444413260396,0.20815692682467335,0.0,None,24,,,500,,,0.0,0.0,0.994605909711851,,,
R1,Composite,0.9969226378921625,0.9722986682334881,0.0,12,12,12.0,24.0,500,0.32904684006304763,-4.5548172671026225e-05,20.568210536306374,6.558887654462942,1.0923251527610653,,,
R2,Seasonal,0.742363621122165,0.9311302799019889,0.0,12,12,12.0,24.0,500,0.0,0.0,13.735514547827496,7.324954056731657,0.8209531344549952,,,
R3,Stationary_WN,0.14584288318726812,0.24117996405239706,0.0,None,6,,,500,0.0,0.0,0.0,0.0,13.89713998899271,,,
R4,Trending_MeanShift,0.9999639601268316,0.9998562618850942,0.0,None,250,,,500,,,0.0,0.0,0.5985200822597213,,250.0,
R1,Composite,0.9951396111978384,0.9036733243862125,0.0,12,12,12.0,24.0,500,-0.25913011435030153,-3.187743206355443e-05,12.09054033130791,7.796731124779947,0.77407970461356,,,
R2,Seasonal,0.737604600494991,0.9716553170683782,0.0,12,12,12.0,24.0,500,0.0,0.0,24.414189736626646,8.089803095155805,1.1768866912639373,,,
R3,Stationary_AR,0.1920061796763729,0.21742851867373025,0.0,None,10,,,500,0.0,0.0,0.0,0.0,5.0,0.5108898569660619,,
R4,Trending_MeanShift,0.9999731778829101,0.9998924736493946,0.0,None,250,,,500,,,0.0,0.0,0.6004405645006748,,250.0,
R1,Composite,0.9983875919215994,0.9760690068808506,0.0,36,36,36.0,72.0,500,-0.24038770627657283,-1.6578189622867795e-05,13.045370981312177,2.6192222615817453,1.116539564259579,,,
R2,Seasonal,0.7069452019297096,0.9455977793947767,0.0,36,36,36.0,72.0,500,0.0,0.0,25.792687081293764,11.561240335139233,1.3118751372988195,,,
R3,Stationary_WN,0.22333266552221687,0.16976594596507422,0.0,None,3,,,500,0.0,0.0,0.0,0.0,5.472298334621634,,,
R4,Trending_RandomWalkDrift,0.9963883667778555,0.9102771044358675,0.0,None,250,,,500,,,0.0,0.0,0.6102543982889098,,,0.16576585640320757
R1,Composite,0.9844619295844481,0.9836446149946297,0.0,36,36,36.0,72.0,500,-0.10813740382100323,2.297680604483837e-05,19.21241055899049,4.082628306600638,1.0800789623168532,,,
R2,Seasonal,0.6986676773088133,0.9919389451815281,0.0,36,36,36.0,72.0,500,0.0,0.0,29.805414860325563,4.906665678804283,0.6754301500334952,,,
R3,Stationary_AR,0.009074889299031774,0.6309742848634279,0.0,None,167,,,500,0.0,0.0,0.0,0.0,5.0,0.47408695372916076,,
R4,Trending_MeanShift,0.9998467084469016,0.9993826163103571,0.0,None,250,,,500,,,0.0,0.0,1.476372648831879,,250.0,
R1,Composite,0.9980851117881434,0.9797566593335374,0.0,36,36,36.0,72.0,500,0.24844090373187008,1.765991471439499e-05,15.904295769027014,3.715531736560972,0.9472357847645475,,,
R2,Seasonal,0.7061677328666687,0.9549170134383794,0.0,36,36,36.0,72.0,500,0.0,0.0,26.184360993229078,10.559651155860156,1.08301739118752,,,
R3,Stationary_AR,0.10534741623876487,0.2164022092744008,0.0,None,29,,,500,0.0,0.0,0.0,0.0,5.0,0.605400260077334,,
R4,Trending_ExponentialGrowth,0.9970270733199943,0.22618852694747027,0.0,None,24,,,500,,,0.0,0.0,1.0199512754450857,,,
R1,Composite,0.9887387025917787,0.953977673357604,0.0,48,50,48.0,96.0,500,-0.20658186680613605,4.16809904012584e-05,18.197848276667074,6.652445701779683,0.9754005879023978,,,
R2,Seasonal,0.6595871518276784,0.8848371007176278,0.0,48,50,48.0,96.0,500,0.0,0.0,17.75034706961705,10.943571886657129,1.5265736673522448,,,
R3,Stationary_WN,0.1312957928902706,0.26234203609439666,0.0,None,7,,,500,0.0,0.0,0.0,0.0,10.005929170172358,,,
R4,Trending_RandomWalkDrift,0.9934719572020797,0.09768299169205019,0.0,None,24,,,500,,,0.0,0.0,1.2742479042947354,,,0.22168615708674913
R1,Composite,0.9974821990632923,0.8932737187489138,0.0,36,36,36.0,72.0,500,0.30251358523114036,4.01973534349747e-05,9.54795913453648,6.178481084348542,0.756678293677084,,,
R2,Seasonal,0.536286807263398,0.974617453817396,0.0,36,36,36.0,72.0,500,0.0,0.0,23.737709280059526,4.868139359582132,1.9958060769826877,,,
R3,Stationary_AR,0.0168494946625245,0.47698297074477425,0.0,None,167,,,500,0.0,0.0,0.0,0.0,5.0,0.6586135851832751,,
R4,Trending_ExponentialGrowth,0.9993338361519426,0.1989817070828872,0.0,None,24,,,500,,,0.0,0.0,0.95122283489128,,,
R1,Composite,0.996158647833894,0.9874071101967401,0.0,24,24,24.0,48.0,500,0.21088925762512803,2.0871578714708178e-05,24.740863639339004,4.285156814479201,1.2865917041538197,,,
R2,Seasonal,0.6938395934112243,0.9179317799521559,0.0,24,24,24.0,48.0,500,0.0,0.0,14.606624026028356,8.00281726671043,1.2341800341072902,,,
R3,Stationary_WN,0.15548714054103607,0.17729653181236493,0.0,None,3,,,500,0.0,0.0,0.0,0.0,7.22576591973902,,,
R4,Trending_MeanShift,0.999805719706893,0.9992153466551367,0.0,None,250,,,500,,,0.0,0.0,1.46674589749144,,250.0,
R1,Composite,0.9963309423940866,0.8965136656474819,0.0,48,50,48.0,96.0,500,-0.28338948440589135,-4.970540560618968e-05,11.195815807268737,6.26427089122351,1.126818986637868,,,
R2,Seasonal,0.6439392817809628,0.9447662301638036,0.0,48,50,48.0,96.0,500,0.0,0.0,18.32490329072683,7.284851924575358,0.951352522085571,,,
R3,Stationary_WN,0.11759087507038468,0.10586026455651087,0.0,None,3,,,500,0.0,0.0,0.0,0.0,10.398252254642031,,,
R4,Trending_ExponentialGrowth,0.9995098170424429,0.1914524383709082,0.0,None,24,,,500,,,0.0,0.0,0.7214091600512286,,,
R1,Composite,0.9950786673399129,0.9190070193410014,0.0,12,12,12.0,24.0,500,-0.2660688061779174,-4.324534347921099e-05,13.866609332169618,7.8647627714177,1.2151554171403531,,,
R2,Seasonal,0.7041958873239633,0.839773190861596,0.0,12,12,12.0,24.0,500,0.0,0.0,10.03050379300771,7.877628097078513,1.8746009631579164,,,
R3,Stationary_AR,0.19444037541469605,0.2099682626623165,0.0,None,22,,,500,0.0,0.0,0.0,0.0,5.0,0.5439183102813004,,
R4,Trending_ExponentialGrowth,0.9974497719066546,0.22237377751500187,0.0,None,24,,,500,,,0.0,0.0,0.7151544097354433,,,
R1,Composite,0.9987472112758013,0.972608729683825,0.0,12,12,12.0,24.0,500,0.31942664513067676,3.009355859414379e-05,14.436408420604838,4.474742584579586,0.8625615772633,,,
R2,Seasonal,0.6794916941232547,0.9862039139541908,0.0,12,12,12.0,24.0,500,0.0,0.0,20.605154347216043,4.126856125767297,1.1209176555606535,,,
R3,Stationary_AR,0.14076464058292038,0.31327605284258697,0.0,None,24,,,500,0.0,0.0,0.0,0.0,5.0,0.42726645557948967,,
R4,Trending_MeanShift,0.9999272582661427,0.9997114650551634,0.0,None,250,,,500,,,0.0,0.0,0.887244083389063,,250.0,
R1,Composite,0.9987625479330678,0.9868374559574239,0.0,36,36,36.0,72.0,500,0.28893710216776775,1.0360660882238247e-05,18.236728022963415,3.641211231943423,0.6355688246110696,,,
R2,Seasonal,0.6338384822560124,0.8940399149758754,0.0,36,36,36.0,72.0,500,0.0,0.0,13.518139892711096,7.352508307920292,1.9819340963802556,,,
R3,Stationary_AR,0.217267415929132,0.29062118543170135,0.0,None,17,,,500,0.0,0.0,0.0,0.0,5.0,0.6270214765572806,,
R4,Trending_MeanShift,0.9999646297018256,0.9998584999401289,0.0,None,250,,,500,,,0.0,0.0,0.6421851380677143,,250.0,
R1,Composite,0.9965564226951651,0.8950513175983685,0.0,48,50,48.0,96.0,500,-0.3572840214366826,2.3946122126399845e-05,11.99143210085647,5.8444802028857,1.4107709967292643,,,
R2,Seasonal,0.6375352871715633,0.9452198921660268,0.0,48,50,48.0,96.0,500,0.0,0.0,17.81614909760081,6.976968718569931,1.1710053923423787,,,
R3,Stationary_AR,0.02958667807581039,0.21102596297883014,0.0,None,100,,,500,0.0,0.0,0.0,0.0,5.0,0.48009188802002484,,
R4,Trending_ExponentialGrowth,0.9966935232344367,0.21437860461984903,0.0,None,24,,,500,,,0.0,0.0,0.8661797271815536,,,
R1,Composite,0.997364144474476,0.9824226612507787,0.0,48,50,48.0,96.0,500,0.32642696899482715,-3.0344681164246637e-05,24.45972358117305,3.430643845951036,1.1065557444643885,,,
R2,Seasonal,0.6002672049789257,0.9488892456987542,0.0,48,50,48.0,96.0,500,0.0,0.0,18.28290103855728,6.642134325648692,1.4347330197813912,,,
R3,Stationary_WN,0.06802798242159624,0.2381500641458718,0.0,None,14,,,500,0.0,0.0,0.0,0.0,14.215235029112357,,,
R4,Trending_MeanShift,0.9999841217560258,0.9999365038954128,0.0,None,250,,,500,,,0.0,0.0,0.5811408676904287,,250.0,
R1,Composite,0.9991829914096875,0.9818053700592169,0.0,24,24,24.0,48.0,500,0.39971647694524703,2.8171724008437667e-05,17.740780116733745,4.293512864019228,0.7555469822934027,,,
R2,Seasonal,0.655564563852584,0.9524082835080245,0.0,24,24,24.0,48.0,500,0.0,0.0,19.347805351647647,7.219528285436615,1.7272677574748496,,,
R3,Stationary_AR,0.15617233807386477,0.17640902301101813,0.0,None,10,,,500,0.0,0.0,0.0,0.0,5.0,0.4674909813676104,,
R4,Trending_ExponentialGrowth,0.9587510872227027,0.3443100849721885,0.0,None,24,,,500,,,0.0,0.0,1.4344461618780042,,,
R1,Composite,0.9932801206477682,0.8779253196241795,0.0,12,12,12.0,24.0,500,-0.24857009582433684,4.76148327310053e-05,10.029946095369706,7.189821485272908,1.2981643361329005,,,
R2,Seasonal,0.7246264758844373,0.9800871175929128,0.0,12,12,12.0,24.0,500,0.0,0.0,18.790873203768232,5.003568726599251,0.8213429858311648,,,
R3,Stationary_WN,0.21557228456777677,0.20754437665950576,0.0,None,4,,,500,0.0,0.0,0.0,0.0,8.005711314221452,,,
R4,Trending_ExponentialGrowth,0.9770772248250202,0.22861377053049192,0.0,None,24,,,500,,,0.0,0.0,0.9387773301582244,,,
R1,Composite,0.9963755165364249,0.9798015389000028,0.0,24,24,24.0,48.0,500,-0.29241334138625064,1.3839636595959141e-05,24.307019207955026,6.4243849945205,0.6766181087029571,,,
R2,Seasonal,0.6214562045068064,0.917547421278317,0.0,24,24,24.0,48.0,500,0.0,0.0,15.208740051484469,7.28166652883519,1.94255840494409,,,
R3,Stationary_AR,0.27297396241264327,0.23557733879013432,0.0,None,18,,,500,0.0,0.0,0.0,0.0,5.0,0.6009362578806661,,
R4,Trending_RandomWalkDrift,0.9876579111869302,0.7269682741884783,0.0,None,250,,,500,,,0.0,0.0,0.9258234779015105,,,-0.278282012807871
R1,Composite,0.9986010649382815,0.973559566916913,0.0,48,50,48.0,96.0,500,0.37474905353747445,-1.1833731423415134e-05,17.161467277726274,4.2432240331976425,0.767579607549713,,,
R2,Seasonal,0.5448253318707073,0.9740878233410746,0.0,48,50,48.0,96.0,500,0.0,0.0,26.139120188578843,5.951917162620169,1.506879032151045,,,
R3,Stationary_AR,0.11229610746603669,0.3287257300362555,0.0,None,26,,,500,0.0,0.0,0.0,0.0,5.0,0.5774124596806175,,
R4,Trending_RandomWalkDrift,0.9575973098035149,0.17469866634652131,0.0,None,24,,,500,,,0.0,0.0,1.0593632682840122,,,0.11006678806070003
R1,Composite,0.9987337739131065,0.9904041593299282,0.0,24,24,24.0,48.0,500,-0.3171750742470423,2.374219907124473e-05,22.352966899542903,3.868276071817456,0.6199827190767621,,,
R2,Seasonal,0.63929244492493,0.9742196679685047,0.0,24,24,24.0,48.0,500,0.0,0.0,29.0222425555579,7.576052474870359,1.8867312517180965,,,
R3,Stationary_WN,0.16365090238219537,0.19322069226467065,0.0,None,4,,,500,0.0,0.0,0.0,0.0,10.363709587801315,,,
R4,Trending_MeanShift,0.9996567470979684,0.9986237390394048,0.0,None,250,,,500,,,0.0,0.0,1.4902715935126571,,250.0,
R1,Composite,0.9979904756261669,0.888296241898491,0.0,12,12,12.0,24.0,500,0.3722686791785249,1.5683460167364688e-05,9.793839961127704,6.213244163726545,1.4311551068864108,,,
R2,Seasonal,0.6902298433626554,0.9506594400855359,0.0,12,12,12.0,24.0,500,0.0,0.0,15.31512581019012,6.077864998197988,1.4222454538417264,,,
R3,Stationary_AR,0.17185632427851516,0.20275756522202004,0.0,None,24,,,500,0.0,0.0,0.0,0.0,5.0,0.4875307803768856,,
R4,Trending_RandomWalkDrift,0.9971004472857474,0.17040266566112583,0.0,None,24,,,500,,,0.0,0.0,1.115266254494014,,,0.3620231809505615
R1,Composite,0.9991476941266586,0.9889813673389416,0.0,36,36,36.0,72.0,500,-0.31066178843183917,2.2416700875376857e-05,16.795839557366705,2.1507654982205486,1.0233604750148988,,,
R2,Seasonal,0.719093106731873,0.8590060267374581,0.0,36,36,36.0,72.0,500,0.0,0.0,11.812502490103382,9.168984861956815,0.6004324605950868,,,
R3,Stationary_WN,0.17212893639020532,0.1309445585452148,0.0,None,3,,,500,0.0,0.0,0.0,0.0,10.44343381300279,,,
R4,Trending_RandomWalkDrift,0.9978204618087912,0.0,0.0,None,24,,,500,,,0.0,0.0,1.2426981974536833,,,-0.4593047147503593
R1,Composite,0.9905984478781884,0.966225001014916,0.0,12,12,12.0,24.0,500,0.1613269934990086,1.869855637464142e-05,18.1339297001656,6.517798315233382,1.2110974628061868,,,
R2,Seasonal,0.7319620003185507,0.9513248344038726,0.0,12,12,12.0,24.0,500,0.0,0.0,23.27408790232166,9.92772024547563,1.5047989617749291,,,
R3,Stationary_WN,0.16848984083329033,0.12839678371697028,0.0,None,3,,,500,0.0,0.0,0.0,0.0,13.885808838341438,,,
R4,Trending_RandomWalkDrift,0.8681098875437185,0.8688738008215784,0.0,None,167,,,500,,,0.0,0.0,1.1233511636706437,,,-0.24042418758434791
R1,Composite,0.9953264029207579,0.9726698566927863,0.0,24,24,24.0,48.0,500,-0.11326516391283215,-3.855082622632192e-05,11.036175975008206,3.27849850535018,0.5335701849280028,,,
R2,Seasonal,0.710350074065952,0.9445625463771149,0.0,24,24,24.0,48.0,500,0.0,0.0,19.720753899416472,9.026760870608168,0.5444798553721628,,,
R3,Stationary_AR,0.1592355326516094,0.22238793050161554,0.0,None,20,,,500,0.0,0.0,0.0,0.0,5.0,0.44391472440993224,,
R4,Trending_RandomWalkDrift,0.9937052114309303,0.18287104590117287,0.0,None,24,,,500,,,0.0,0.0,0.9831841608845437,,,0.2663584441506144
R1,Composite,0.9963095719152149,0.9656876181822852,0.0,36,36,36.0,72.0,500,-0.29953312468412796,-3.8007019038012544e-05,21.066460995196636,6.917112734270976,1.282883978098654,,,
R2,Seasonal,0.7177992394010606,0.9575512360103701,0.0,36,36,36.0,72.0,500,0.0,0.0,20.555313015572267,8.246013510026515,0.6087939841531365,,,
R3,Stationary_WN,0.21602414209754073,0.0930504105370571,0.0,None,2,,,500,0.0,0.0,0.0,0.0,12.58166771797696,,,
R4,Trending_RandomWalkDrift,0.9815779533641682,0.07929790219447586,0.0,None,24,,,500,,,0.0,0.0,1.2309346673444868,,,-0.13476148962736417
R1,Composite,0.9826852790305618,0.9324362312493656,0.0,48,50,48.0,96.0,500,0.12928855661988703,4.9197649414348865e-05,15.911278305348883,7.118302434364459,1.0893751043388429,,,
R2,Seasonal,0.6412922146933351,0.9677331283168991,0.0,48,50,48.0,96.0,500,0.0,0.0,28.20013211345994,8.562128856951075,0.8483138735674881,,,
R3,Stationary_WN,0.14658865835960766,0.12839428564149458,0.0,None,3,,,500,0.0,0.0,0.0,0.0,5.760179224732624,,,
R4,Trending_RandomWalkDrift,0.9801899089758114,0.0,0.0,None,24,,,500,,,0.0,0.0,0.6196238448805884,,,-0.10333570128748085
R1,Composite,0.988013956999412,0.9622458998490633,0.0,24,24,24.0,48.0,500,0.19089551132250482,-1.2825753068168534e-05,21.254436183422914,7.663947106099376,0.9078168093608623,,,
R2,Seasonal,0.7028660349754692,0.8944399045826004,0.0,24,24,24.0,48.0,500,0.0,0.0,10.845450198842627,6.990130269242516,0.7460287702655075,,,
R3,Stationary_WN,0.1716322119997512,0.07666082233490457,0.0,None,2,,,500,0.0,0.0,0.0,0.0,12.501864681356288,,,
R4,Trending_RandomWalkDrift,0.9975250050276977,0.8055332191870441,0.0,None,250,,,500,,,0.0,0.0,1.298762013989094,,,0.43413371681854607
R1,Composite,0.9823716827057918,0.9705468564009558,0.0,12,12,12.0,24.0,500,-0.15801334398768718,2.9004576922182155e-05,23.369286128099787,7.960388425583027,0.9063110384910038,,,
R2,Seasonal,0.7222969966068072,0.952398164216534,0.0,12,12,12.0,24.0,500,0.0,0.0,24.743449731737638,10.276692973815392,1.8046173994953318,,,
R3,Stationary_WN,0.1703830855751286,0.2336908876242869,0.0,None,5,,,500,0.0,0.0,0.0,0.0,12.361926772774318,,,
R4,Trending_ExponentialGrowth,0.9992005505961284,0.2097966212130995,0.0,None,24,,,500,,,0.0,0.0,0.8827511688414206,,,
R1,Composite,0.9911669447500908,0.9567258475190026,0.0,24,24,24.0,48.0,500,-0.1843720590272116,4.951515204851445e-05,14.59372333300215,4.33209361942998,1.4335785063802942,,,
R2,Seasonal,0.6016835122310996,0.9832601497951909,0.0,24,24,24.0,48.0,500,0.0,0.0,26.376031384352054,5.088399739645731,1.7312308746781229,,,
R3,Stationary_AR,0.09451382529336738,0.3823321878516325,0.0,None,45,,,500,0.0,0.0,0.0,0.0,5.0,0.6617400388858427,,
R4,Trending_ExponentialGrowth,0.9946095506099094,0.1679359750730003,0.0,None,24,,,500,,,0.0,0.0,1.0540904980756953,,,
R1,Composite,0.9940400853957239,0.978839968549912,0.0,24,24,24.0,48.0,500,0.23417705948994696,-1.4652003317601264e-05,24.458096289432106,6.643062642496278,0.6880048322145876,,,
R2,Seasonal,0.6756423677605883,0.984098211933239,0.0,24,24,24.0,48.0,500,0.0,0.0,28.205277143046377,6.151852796956124,1.113746795913578,,,
R3,Stationary_WN,0.23107236523841812,0.2195458507749002,0.0,None,4,,,500,0.0,0.0,0.0,0.0,14.836097835513234,,,
R4,Trending_RandomWalkDrift,0.9961810835272457,0.0602744455650035,0.0,None,24,,,500,,,0.0,0.0,0.6222025078394663,,,0.3952715173053474
R1,Composite,0.9822193382712486,0.8876654261431276,0.0,36,36,36.0,72.0,500,0.1631601557044966,-4.954223943515932e-05,10.842118961267666,7.1255150347805465,0.8116340827028284,,,
R2,Seasonal,0.7110122215251218,0.9477617130061724,0.0,36,36,36.0,72.0,500,0.0,0.0,21.63733598135871,9.510091811629259,0.9010095142435299,,,
R3,Stationary_WN,0.20119596601373468,0.1602551459267718,0.0,None,3,,,500,0.0,0.0,0.0,0.0,9.819368684652474,,,
R4,Trending_ExponentialGrowth,0.9988604475249085,0.27842990374207843,0.0,None,24,,,500,,,0.0,0.0,1.3864404645530044,,,
R1,Composite,0.9981429809608005,0.9537027068732576,0.0,24,24,24.0,48.0,500,-0.3791245576837733,-2.5272777855665748e-05,15.475687183652047,6.240576712995607,0.7116901545552483,,,
R2,Seasonal,0.6836412005838237,0.9825514203740452,0.0,24,24,24.0,48.0,500,0.0,0.0,29.820328933866605,6.966181782500481,1.239407554949541,,,
R3,Stationary_WN,0.025483076564744023,0.2237233341969317,0.0,None,15,,,500,0.0,0.0,0.0,0.0,13.31913393644846,,,
R4,Trending_RandomWalkDrift,0.9798004908159423,0.6880450616538667,0.0,None,250,,,500,,,0.0,0.0,1.3660145142901536,,,-0.39011927403113744
R1,Composite,0.9775261757628976,0.9020456280820895,0.0,48,50,48.0,96.0,500,0.11793777440462963,2.5233109747081893e-05,12.77340340197086,6.978094265718784,1.149841391218923,,,
R2,Seasonal,0.44275478620029907,0.907960813380186,0.0,48,50,48.0,96.0,500,0.0,0.0,11.05722410478474,4.131140460497772,1.775070584998543,,,
R3,Stationary_AR,0.05449758757401846,0.15547107480532174,0.0,None,25,,,500,0.0,0.0,0.0,0.0,5.0,0.46643571644866355,,
R4,Trending_ExponentialGrowth,0.9977490694653194,0.2319853247781184,0.0,None,24,,,500,,,0.0,0.0,0.8318253983805642,,,
R1,Composite,0.9925583502351574,0.9776124654674253,0.0,12,12,12.0,24.0,500,-0.14108871751993413,2.6875866494957196e-05,15.050478148078234,4.439294177340291,0.6490357906800974,,,
R2,Seasonal,0.7533976003080965,0.8905651476527525,0.0,12,12,12.0,24.0,500,0.0,0.0,16.32465614786804,11.57184953806207,0.7720836224385743,,,
R3,Stationary_AR,0.2398405559629021,0.3018695100125387,0.0,None,20,,,500,0.0,0.0,0.0,0.0,5.0,0.5327017350041876,,
R4,Trending_RandomWalkDrift,0.9849009776074383,0.250245975600742,0.0,None,24,,,500,,,0.0,0.0,0.8302202255307144,,,0.30609315470774995
R1,Composite,0.9994732191942173,0.987920157700267,0.0,36,36,36.0,72.0,500,-0.3854867852785916,1.6518741514400135e-05,15.931914942586797,2.992112188171369,0.672809708645181,,,
R2,Seasonal,0.695736003331662,0.950760953932245,0.0,36,36,36.0,72.0,500,0.0,0.0,20.60236284188912,8.449540161124737,1.3524581690930162,,,
R3,Stationary_WN,0.14724471893822988,0.1638196670856773,0.0,None,3,,,500,0.0,0.0,0.0,0.0,8.313850170296185,,,
R4,Trending_MeanShift,0.9999465293515335,0.999785753347876,0.0,None,250,,,500,,,0.0,0.0,1.2077372618615492,,250.0,
R1,Composite,0.992793184266914,0.9789705499017352,0.0,24,24,24.0,48.0,500,-0.18828702537357397,-3.5372767571235405e-05,24.28510128723247,6.42579824399272,0.9986298390709688,,,
R2,Seasonal,0.7105766851243989,0.9633365571174466,0.0,24,24,24.0,48.0,500,0.0,0.0,26.4335813443992,9.72873186129452,0.5143504619377286,,,
R3,Stationary_AR,0.06260593711662088,0.35948210409994963,0.0,None,125,,,500,0.0,0.0,0.0,0.0,5.0,0.6920437814647893,,
R4,Trending_RandomWalkDrift,0.9899137147225741,0.9380441038164846,0.0,None,250,,,500,,,0.0,0.0,1.185205367561785,,,0.3134884087739269
R1,Composite,0.995750199871411,0.9455937503095333,0.0,48,50,48.0,96.0,500,0.2848446316104942,3.705405196983503e-05,16.995500739809295,6.435835057034465,1.0766843369414216,,,
R2,Seasonal,0.621523999524991,0.952497680660898,0.0,48,50,48.0,96.0,500,0.0,0.0,14.110082396156319,4.96655764811983,1.0124523231580065,,,
R3,Stationary_AR,0.06529213926065658,0.2086697421611634,0.0,None,56,,,500,0.0,0.0,0.0,0.0,5.0,0.684205871767229,,
R4,Trending_MeanShift,0.999613507988349,0.9984631336217603,0.0,None,250,,,500,,,0.0,0.0,1.2740028660132705,,250.0,
R1,Composite,0.9916551672630518,0.9465605804392161,0.0,36,36,36.0,72.0,500,0.18003601620211518,-3.6524856748385464e-05,12.63784440297991,4.990220191552069,1.2203859349858148,,,
R2,Seasonal,0.6962908384123412,0.9894861516576751,0.0,36,36,36.0,72.0,500,0.0,0.0,28.679317142152733,5.369796467239646,0.7844026111425512,,,
R3,Stationary_AR,0.2830665584982627,0.3973953554172076,0.0,None,22,,,500,0.0,0.0,0.0,0.0,5.0,0.6688681302034858,,
R4,Trending_MeanShift,0.9999158449473876,0.9996637483409234,0.0,None,250,,,500,,,0.0,0.0,1.464401226558262,,250.0,
R1,Composite,0.9918916028757379,0.9812674338929954,0.0,12,12,12.0,24.0,500,0.14384339691431192,4.5502001077546485e-05,22.25978949698551,5.696786661995346,0.9808037470773927,,,
R2,Seasonal,0.7500806014360448,0.8947586181191174,0.0,12,12,12.0,24.0,500,0.0,0.0,15.806938088287819,10.831336017309265,0.9653374570241957,,,
R3,Stationary_WN,0.20960252835576765,0.19646577192919779,0.0,None,3,,,500,0.0,0.0,0.0,0.0,14.678149191624573,,,
R4,Trending_RandomWalkDrift,0.9965370065089559,0.2695187783419958,0.0,None,24,,,500,,,0.0,0.0,0.8330545199104178,,,-0.4522679447308722
R1,Composite,0.9991950563134884,0.9904925049718803,0.0,36,36,36.0,72.0,500,0.3723998078782388,2.821928661102372e-05,22.95117830411258,2.398710775374139,1.394397310457518,,,
R2,Seasonal,0.7089776306638262,0.9444020153625579,0.0,36,36,36.0,72.0,500,0.0,0.0,18.489426247842623,8.3896169644845,0.8325842534215508,,,
R3,Stationary_WN,0.04066826218091424,0.26854363748678645,0.0,None,28,,,500,0.0,0.0,0.0,0.0,12.801712326283344,,,
R4,Trending_RandomWalkDrift,0.9981959544931777,0.11329173323407637,0.0,None,24,,,500,,,0.0,0.0,1.0223083858201834,,,0.48800621060005556
R1,Composite,0.9934066648108739,0.9171804389637542,0.0,12,12,12.0,24.0,500,-0.17408572979410974,-2.82478188808793e-05,10.498992936293167,6.123416143035922,0.7723847351966711,,,
R2,Seasonal,0.7105913115014119,0.9869253524661011,0.0,12,12,12.0,24.0,500,0.0,0.0,27.219938039784704,5.677840986386303,1.102405240105713,,,
R3,Stationary_AR,0.05837782794178581,0.31590678544449813,0.0,None,42,,,500,0.0,0.0,0.0,0.0,5.0,0.4589489798198426,,
R4,Trending_RandomWalkDrift,0.9947633664869713,0.982779640299211,0.0,None,250,,,500,,,0.0,0.0,0.7148585562953254,,,0.2361382582166988
R1,Composite,0.9960010670171253,0.9066374679402484,0.0,36,36,36.0,72.0,500,0.32833873247853906,2.7504630261285307e-05,13.63178398052614,7.786790417471407,1.428975039112853,,,
R2,Seasonal,0.712767243435236,0.9485191450952216,0.0,36,36,36.0,72.0,500,0.0,0.0,13.652064298314688,5.888858799655163,0.6264406389006223,,,
R3,Stationary_WN,0.136533202831714,0.17331326071589503,0.0,None,4,,,500,0.0,0.0,0.0,0.0,8.677397153315429,,,
R4,Trending_ExponentialGrowth,0.9975246314627432,0.20833786441464974,0.0,None,24,,,500,,,0.0,0.0,1.455140799281427,,,
R1,Composite,0.999144037491103,0.9695270935632349,0.0,48,100,48.0,96.0,500,0.3387908838294077,1.709262697733459e-05,8.27641544405499,7.765515004042366,1.374674978808186,,,
R2,Seasonal,0.011159976788152615,0.98112804734853,0.0,48,100,48.0,96.0,500,0.0,0.0,10.172869238378828,10.17100896135606,0.6971596784368366,,,
R3,Stationary_WN,0.0,0.31118905735559876,0.0,None,125,,,500,0.0,0.0,0.0,0.0,6.656631593351897,,,
R4,Trending_MeanShift,0.9998766152206658,0.9995064407002875,0.0,None,250,,,500,,,0.0,0.0,1.2135907146766665,,250.0,
R1,Composite,0.9985540521153228,0.9804126223052265,0.0,24,24,24.0,48.0,500,-0.3316386842443302,3.926451844191233e-05,16.972079203685457,4.226777418357967,0.6996544263667328,,,
R2,Seasonal,0.6995077578936324,0.9279912043326729,0.0,24,24,24.0,48.0,500,0.0,0.0,20.74341225515872,10.709046825183677,1.1535481424424368,,,
R3,Stationary_WN,0.11971255381292578,0.16796938612832335,0.0,None,4,,,500,0.0,0.0,0.0,0.0,5.465502350794319,,,
R4,Trending_ExponentialGrowth,0.9938047366311329,0.3294528644472594,0.0,None,24,,,500,,,0.0,0.0,0.9656004028224721,,,
R1,Composite,0.9975424755371214,0.9646242289956943,0.0,24,24,24.0,48.0,500,-0.328205028815432,-2.9715200105691006e-05,18.00348306484436,6.1504681545691655,0.8740851144210461,,,
R2,Seasonal,0.5901115715107335,0.9865417253742169,0.0,24,24,24.0,48.0,500,0.0,0.0,28.311895396737267,4.85468675108767,1.7343070567223657,,,
R3,Stationary_AR,0.03619023171921376,0.21153170940035193,0.0,None,38,,,500,0.0,0.0,0.0,0.0,5.0,0.5782194413915192,,
R4,Trending_RandomWalkDrift,0.9987215743441528,0.12001710577250224,0.0,None,24,,,500,,,0.0,0.0,0.7978852790730504,,,-0.3992876835251016
R1,Composite,0.9923987217421844,0.8636488436025043,0.0,48,50,48.0,96.0,500,0.20102426174958177,1.53934611166903e-05,9.50984057288841,6.673310741889969,0.6680983397840343,,,
R2,Seasonal,0.4670313836531591,0.9601629379389578,0.0,48,50,48.0,96.0,500,0.0,0.0,26.087117742930477,6.616241226511373,1.4601403293876343,,,
R3,Stationary_AR,0.00529676754233277,0.6048570987882302,0.0,None,167,,,500,0.0,0.0,0.0,0.0,5.0,0.6367033920381763,,
R4,Trending_MeanShift,0.9999786589874324,0.99991483707893,0.0,None,250,,,500,,,0.0,0.0,0.9714142739689293,,250.0,
R1,Composite,0.9978904463434802,0.9551033907167554,0.0,24,24,24.0,48.0,500,-0.27935317034123197,2.1341856410236074e-05,11.58972363874664,2.652771250447633,1.4995556276813373,,,
R2,Seasonal,0.6902358545868751,0.9661259258423273,0.0,24,24,24.0,48.0,500,0.0,0.0,25.64412073198605,8.773766522891073,1.2338098798821906,,,
R3,Stationary_AR,0.003690821980644965,0.24030298945235273,0.0,None,125,,,500,0.0,0.0,0.0,0.0,5.0,0.6790698126051732,,
R4,Trending_RandomWalkDrift,0.9672877919431333,0.7055497581125867,0.0,None,250,,,500,,,0.0,0.0,1.2122699100617385,,,-0.16665054853792327
R1,Composite,0.9888540801329255,0.9854249468274702,0.0,12,12,12.0,24.0,500,-0.12302767338705893,-2.609005185659444e-05,24.803512072351523,5.7840918092006754,0.7883208422980887,,,
R2,Seasonal,0.7321265705781661,0.9852089236498971,0.0,12,12,12.0,24.0,500,0.0,0.0,26.599011588127716,6.139318632435581,0.9183992159173193,,,
R3,Stationary_AR,0.15316013751461666,0.24104399024111012,0.0,None,17,,,500,0.0,0.0,0.0,0.0,5.0,0.4153408729110367,,
R4,Trending_MeanShift,0.9997573711982339,0.999035907764713,0.0,None,250,,,500,,,0.0,0.0,1.3500095885851813,,250.0,
R1,Composite,0.9695376085978449,0.9426384896194409,0.0,36,36,36.0,72.0,500,-0.133703006470423,3.889369951174209e-05,17.62720665211222,7.872820929690321,1.1360206104877952,,,
R2,Seasonal,0.7183611074726466,0.9587911975529398,0.0,36,36,36.0,72.0,500,0.0,0.0,25.86889661757484,10.179464309063114,0.6617867880526282,,,
R3,Stationary_WN,0.05231048333252053,0.28864023641492176,0.0,None,31,,,500,0.0,0.0,0.0,0.0,11.969853342695522,,,
R4,Trending_RandomWalkDrift,0.9968508445364391,0.10424265031458224,0.0,None,24,,,500,,,0.0,0.0,1.08977337875496,,,-0.37602842408806736
R1,Composite,0.9752804336553569,0.9469007689638592,0.0,24,24,24.0,48.0,500,0.1022548720558768,-3.7648191743596176e-05,11.74709747669794,4.94274231909506,0.7220737021366803,,,
R2,Seasonal,0.7057445738081909,0.9488117299355286,0.0,24,24,24.0,48.0,500,0.0,0.0,27.069313841073008,11.678624624074562,1.115060459547025,,,
R3,Stationary_AR,0.13416939718584886,0.22383022975457856,0.0,None,19,,,500,0.0,0.0,0.0,0.0,5.0,0.5782900858328087,,
R4,Trending_ExponentialGrowth,0.9957578447610372,0.21605741978104875,0.0,None,24,,,500,,,0.0,0.0,1.3848742292430098,,,
R1,Composite,0.9978461947542164,0.9210397908635222,0.0,12,12,12.0,24.0,500,-0.2740984476783116,-1.9691520449597998e-05,9.095033696631852,4.893868198883479,1.0013163623075565,,,
R2,Seasonal,0.04437121582903669,0.9883023106024997,0.0,12,24,12.0,24.0,500,0.0,0.0,11.784042455943837,10.710406811008092,1.4441024659945474,,,
R3,Stationary_WN,0.2304517531320358,0.10434491838520832,0.0,None,2,,,500,0.0,0.0,0.0,0.0,14.777422037858683,,,
R4,Trending_RandomWalkDrift,0.9916605370022472,0.8159334638161526,0.0,None,250,,,500,,,0.0,0.0,0.8550484527329457,,,-0.3766860290724886
R1,Composite,0.9992615866279859,0.948568290322275,0.0,48,50,48.0,96.0,500,0.3794467760548246,4.227020407542946e-05,9.51512141864711,3.084539026729171,0.8223726980256992,,,
R2,Seasonal,0.6289902346735314,0.958852832482585,0.0,48,50,48.0,96.0,500,0.0,0.0,28.473905023921397,9.394553916510489,1.4859489151114618,,,
R3,Stationary_AR,0.06478500016810351,0.22515383943616318,0.0,None,50,,,500,0.0,0.0,0.0,0.0,5.0,0.4431247606922025,,
R4,Trending_ExponentialGrowth,0.9957350497495577,0.26411113653487717,0.0,None,24,,,500,,,0.0,0.0,0.7068236284847964,,,
R1,Composite,0.9881491051126304,0.9691167684574697,0.0,48,50,48.0,96.0,500,0.15454132122344336,4.513270717768401e-05,22.65960706478893,5.973692735210338,1.4206511555356802,,,
R2,Seasonal,0.0408187255183321,0.9740673795215711,0.0,48,100,48.0,96.0,500,0.0,0.0,10.467108920751203,9.42650810799237,1.234261519739968,,,
R3,Stationary_AR,0.23020532223807222,0.31105041894654883,0.0,None,15,,,500,0.0,0.0,0.0,0.0,5.0,0.5124808654719457,,
R4,Trending_MeanShift,0.9998526131321892,0.9994056698011161,0.0,None,250,,,500,,,0.0,0.0,0.7942040106439557,,250.0,
R1,Composite,0.9973737816123762,0.8717325941804982,0.0,12,12,12.0,24.0,500,-0.3659206772334467,3.6643372408780715e-05,9.439242011652452,6.880709644662693,1.2433848542921013,,,
R2,Seasonal,0.7307716303410068,0.8593542460795663,0.0,12,12,12.0,24.0,500,0.0,0.0,10.643358949659385,8.114685704799175,1.2490594591018578,,,
R3,Stationary_AR,0.105206954189491,0.38102013529424594,0.0,None,56,,,500,0.0,0.0,0.0,0.0,5.0,0.6448581370777315,,
R4,Trending_RandomWalkDrift,0.9876167155901209,0.09117876120314683,0.0,None,24,,,500,,,0.0,0.0,0.9482199366804248,,,0.28552691605954095
R1,Composite,0.9984618815216019,0.9549602730673289,0.0,48,50,48.0,96.0,500,-0.3383643146786175,1.0482617200277146e-05,12.216564206470084,2.749117040796124,1.2209897757206765,,,
R2,Seasonal,0.5376743298410884,0.8833576575909429,0.0,48,50,48.0,96.0,500,0.0,0.0,11.956220572935273,5.723565390521773,1.9687998395550856,,,
R3,Stationary_WN,0.053217554722435945,0.2468318301722413,0.0,None,9,,,500,0.0,0.0,0.0,0.0,11.696853797719418,,,
R4,Trending_MeanShift,0.999824229393071,0.9992930994432533,0.0,None,250,,,500,,,0.0,0.0,1.2132986486982666,,250.0,
R1,Composite,0.9959553521950248,0.9809338482508324,0.0,12,12,12.0,24.0,500,-0.21023758072941712,-3.750018853559368e-05,21.546209370271406,4.819058046427978,1.4493425909591058,,,
R2,Seasonal,0.5834678310844263,0.9688939252856723,0.0,12,12,12.0,24.0,500,0.0,0.0,17.27335491141862,4.2944415570257375,1.6914380955638812,,,
R3,Stationary_AR,0.03855923332486533,0.1841733870235469,0.0,None,125,,,500,0.0,0.0,0.0,0.0,5.0,0.5112188810232976,,
R4,Trending_RandomWalkDrift,0.996543560145742,0.32253326596818255,0.0,None,24,,,500,,,0.0,0.0,0.5595095602940626,,,0.3430797446482704
R1,Composite,0.993948391919183,0.9529151500402911,0.0,48,50,48.0,96.0,500,0.28044883420925315,-2.877311561778268e-05,19.369481894158007,7.308690891753848,0.5800976565773589,,,
R2,Seasonal,0.5700650793238177,0.9283085727347906,0.0,48,50,48.0,96.0,500,0.0,0.0,11.385792802081806,4.557805470285313,1.3492358077773454,,,
R3,Stationary_AR,0.2180993511266912,0.22526576026854428,0.0,None,15,,,500,0.0,0.0,0.0,0.0,5.0,0.6445018506692142,,
R4,Trending_ExponentialGrowth,0.9824919040832014,0.27001945707903285,0.0,None,24,,,500,,,0.0,0.0,1.2907409924855344,,,
R1,Composite,0.99210644391546,0.9649989132050429,0.0,36,36,36.0,72.0,500,-0.11492584662287403,-3.7835355490396166e-05,12.947924452329337,3.324916078948064,1.3131396910004194,,,
R2,Seasonal,0.5671191670469071,0.9710318251237497,0.0,36,36,36.0,72.0,500,0.0,0.0,21.231292005374357,4.831805088633237,1.8965996720298253,,,
R3,Stationary_WN,0.09789904081132694,0.29628336402736466,0.0,None,10,,,500,0.0,0.0,0.0,0.0,7.19429048716227,,,
R4,Trending_RandomWalkDrift,0.9813956078541397,0.0,0.0,None,24,,,500,,,0.0,0.0,1.2936683935505657,,,-0.22168737402914895
R1,Composite,0.9993007080260847,0.986135555417711,0.0,36,36,36.0,72.0,500,-0.3736700086176138,-4.899757719072914e-05,18.110597534128487,3.644683602327895,0.8276789252498375,,,
R2,Seasonal,0.6775699974483343,0.8673694510734776,0.0,36,36,36.0,72.0,500,0.0,0.0,13.675714319179137,9.24510736804191,1.8210397645329026,,,
R3,Stationary_WN,0.217140557825801,0.16058279636973238,0.0,None,2,,,500,0.0,0.0,0.0,0.0,11.944781502779394,,,
R4,Trending_MeanShift,0.999981927561616,0.9999276652106682,0.0,None,250,,,500,,,0.0,0.0,0.6520339682905936,,250.0,
R1,Composite,0.9993699620592424,0.9810510761510476,0.0,36,36,36.0,72.0,500,0.36231272085586486,2.4458305445961145e-05,13.764679890680819,3.523027153088863,0.5065319854891936,,,
R2,Seasonal,0.6922177842648432,0.935317699755888,0.0,36,36,36.0,72.0,500,0.0,0.0,21.340829805606816,9.962329067902854,1.607993297250453,,,
R3,Stationary_WN,0.012847959688805699,0.2163012155193772,0.0,None,56,,,500,0.0,0.0,0.0,0.0,9.661599357885539,,,
R4,Trending_RandomWalkDrift,0.9974135919194218,0.9121282108536821,0.0,None,250,,,500,,,0.0,0.0,1.4258456870547411,,,0.31398577479940465
R1,Composite,0.9958417142004274,0.9505842338463854,0.0,24,24,24.0,48.0,500,0.14346191372449096,4.3424695673915416e-05,9.531524974646581,3.4631726072489144,0.9389966122327973,,,
R2,Seasonal,0.6966275745215702,0.9518088226036122,0.0,24,24,24.0,48.0,500,0.0,0.0,18.54234561130069,7.725785481072017,0.9474364109008815,,,
R3,Stationary_AR,0.24768731881539874,0.8805903913075751,0.0,None,250,,,500,0.0,0.0,0.0,0.0,5.0,0.5715414495062499,,
R4,Trending_ExponentialGrowth,0.9945097069235471,0.24087201756250398,0.0,None,24,,,500,,,0.0,0.0,0.7679061034500917,,,
R1,Composite,0.9951774984921038,0.9465010491009578,0.0,12,12,12.0,24.0,500,0.29298791962405,-4.362223214515503e-05,16.258347070604792,7.0507312991218765,1.2995813055530983,,,
R2,Seasonal,0.7385694334936643,0.945881945446375,0.0,12,12,12.0,24.0,500,0.0,0.0,10.17901467468874,4.734655533408909,0.5549302649153978,,,
R3,Stationary_AR,0.04922867679155951,0.28259668136885074,0.0,None,50,,,500,0.0,0.0,0.0,0.0,5.0,0.4176432432591471,,
R4,Trending_MeanShift,0.9999634489670348,0.9998549405319952,0.0,None,250,,,500,,,0.0,0.0,0.8700496220666118,,250.0,
R1,Composite,0.9986580142300663,0.990172439163601,0.0,48,50,48.0,96.0,500,0.2643783299634311,1.0153000592634771e-05,20.243451158782705,2.2823967990098915,0.6515317690453666,,,
R2,Seasonal,0.6373404629015699,0.944718529564896,0.0,48,50,48.0,96.0,500,0.0,0.0,25.037867188272568,9.61325547823403,1.8206511274602564,,,
R3,Stationary_AR,0.0925571343358007,0.28872381973322336,0.0,None,50,,,500,0.0,0.0,0.0,0.0,5.0,0.4431310666978209,,
R4,Trending_ExponentialGrowth,0.9965684485155181,0.20426172964537292,0.0,None,24,,,500,,,0.0,0.0,0.8564419655790843,,,
R1,Composite,0.9980645662936495,0.9646514336151522,0.0,24,24,24.0,48.0,500,-0.2867903426059887,4.666764717617146e-05,12.205177030789606,3.558076019585835,1.0448962231176266,,,
R2,Seasonal,0.6598604551431927,0.96518067974868,0.0,24,24,24.0,48.0,500,0.0,0.0,24.94706958026334,8.012315097948424,1.6471936120098738,,,
R3,Stationary_WN,0.04358622616864827,0.23741515049298934,0.0,None,9,,,500,0.0,0.0,0.0,0.0,9.477608884460619,,,
R4,Trending_MeanShift,0.9999142954339748,0.9996582193276187,0.0,None,250,,,500,,,0.0,0.0,1.1213706545345636,,250.0,
R1,Composite,0.997688778326585,0.8993879424819685,0.0,36,36,36.0,72.0,500,-0.34783293308449276,1.9407449062394338e-05,10.043834144788574,5.2649110051317,1.403766581295875,,,
R2,Seasonal,0.5823386612264119,0.9831729135833157,0.0,36,36,36.0,72.0,500,0.0,0.0,22.884224988154415,4.286862174080303,1.6396784367327784,,,
R3,Stationary_WN,0.1599259745482713,0.1883922932563732,0.0,None,4,,,500,0.0,0.0,0.0,0.0,10.53631776208892,,,
R4,Trending_ExponentialGrowth,0.9979882417857238,0.18816846067547988,0.0,None,24,,,500,,,0.0,0.0,1.1597060934302121,,,
R1,Composite,0.9939130970653326,0.9518484010839773,0.0,36,36,36.0,72.0,500,-0.23383926313287637,2.9425868080489107e-05,15.77403887225972,6.742681354261919,0.5739261401148797,,,
R2,Seasonal,0.6830810705982976,0.9410028488053498,0.0,36,36,36.0,72.0,500,0.0,0.0,24.024827460304387,10.75567056044683,1.9802073825819835,,,
R3,Stationary_AR,0.02394585213090472,0.4841142099589254,0.0,None,167,,,500,0.0,0.0,0.0,0.0,5.0,0.6900868604834435,,
R4,Trending_ExponentialGrowth,0.9959227047445244,0.23397584953633577,0.0,None,24,,,500,,,0.0,0.0,0.50102659542691,,,
R1,Composite,0.9931410225537819,0.9558058745890933,0.0,12,12,12.0,24.0,500,-0.21258407935838292,4.2586760535612584e-05,15.32820164017991,5.908740814229861,1.176588553423144,,,
R2,Seasonal,0.7403289289340629,0.8632500693991871,0.0,12,12,12.0,24.0,500,0.0,0.0,12.710373046009217,9.709343641168445,1.2138534197473771,,,
R3,Stationary_AR,0.07667954822817125,0.22125173442004897,0.0,None,33,,,500,0.0,0.0,0.0,0.0,5.0,0.5985561157451673,,
R4,Trending_RandomWalkDrift,0.9953655883225699,0.08666529255119582,0.0,None,24,,,500,,,0.0,0.0,0.7478021591135837,,,0.4703368669568322
R1,Composite,0.9947354479571741,0.9618996079455154,0.0,12,12,12.0,24.0,500,-0.2720783713156726,-1.604943046414857e-05,21.095584386171115,7.912745165773763,1.4471202768814868,,,
R2,Seasonal,0.7267070843976591,0.8975107668852527,0.0,12,12,12.0,24.0,500,0.0,0.0,14.997047237599507,9.513495140257637,1.5962627553646738,,,
R3,Stationary_WN,0.15783977559077667,0.10559377755292332,0.0,None,4,,,500,0.0,0.0,0.0,0.0,6.670167358875384,,,
R4,Trending_ExponentialGrowth,0.991411456112397,0.20034591869750518,0.0,None,24,,,500,,,0.0,0.0,1.2756798757759014,,,
R1,Composite,0.998181198538552,0.9754532036601606,0.0,48,50,48.0,96.0,500,0.38275108090195864,-1.7207691973204735e-05,20.55466866084945,4.860055609816346,0.9992705424027998,,,
R2,Seasonal,0.621635732400881,0.8853080242207216,0.0,48,50,48.0,96.0,500,0.0,0.0,13.708666666046412,7.714078726262476,1.7093861482493222,,,
R3,Stationary_WN,0.19055375272197284,0.11238046606167673,0.0,None,3,,,500,0.0,0.0,0.0,0.0,14.955344443391155,,,
R4,Trending_ExponentialGrowth,0.996684544867909,0.2980926184282022,0.0,None,24,,,500,,,0.0,0.0,1.4721173313740974,,,
R1,Composite,0.9913030009839708,0.9693026311527547,0.0,36,36,36.0,72.0,500,-0.2129031857995708,3.6393374397941044e-05,21.28170876226961,6.552046960997913,1.314013016328182,,,
R2,Seasonal,0.707319820291278,0.8513840195468103,0.0,36,36,36.0,72.0,500,0.0,0.0,14.43375220372333,11.14686998807347,1.412587018232558,,,
R3,Stationary_WN,0.2363778312175734,0.1222065281259449,0.0,None,2,,,500,0.0,0.0,0.0,0.0,8.352908966964328,,,
R4,Trending_ExponentialGrowth,0.9947097330154218,0.2266785289390758,0.0,None,24,,,500,,,0.0,0.0,0.836536439553883,,,
R1,Composite,0.9963752969111772,0.9692830466287695,0.0,24,24,24.0,48.0,500,0.2651187425992274,4.1616675060169245e-05,19.703759744586307,6.548232187919123,0.5116839601544538,,,
R2,Seasonal,0.7027509563642815,0.9375290399652477,0.0,24,24,24.0,48.0,500,0.0,0.0,23.73265841121135,11.42392663725773,1.142180746573238,,,
R3,Stationary_AR,0.14610382906137354,0.3142831961280521,0.0,None,28,,,500,0.0,0.0,0.0,0.0,5.0,0.5135035181315498,,
R4,Trending_ExponentialGrowth,0.998020031928749,0.17793701960564756,0.0,None,24,,,500,,,0.0,0.0,1.0528585847676601,,,
R1,Composite,0.9989313591637339,0.9797506424713146,0.0,48,50,48.0,96.0,500,-0.3204097068522365,-2.9000250158549427e-05,15.365687543776183,3.303610977435146,0.5604225558157929,,,
R2,Seasonal,0.5272886571860579,0.9596836078352076,0.0,48,50,48.0,96.0,500,0.0,0.0,24.329384333158288,6.830408798930009,1.4696822775095537,,,
R3,Stationary_WN,0.14583946435572792,0.12004071033113983,0.0,None,4,,,500,0.0,0.0,0.0,0.0,6.209515802324893,,,
R4,Trending_ExponentialGrowth,0.9994234406180448,0.28100406047169124,0.0,None,24,,,500,,,0.0,0.0,0.7724881007713443,,,
R1,Composite,0.9987921030360312,0.9835069000891029,0.0,48,50,48.0,96.0,500,0.3342129731282738,1.7647996644557697e-05,18.783093574730206,2.7432395850021365,0.9803526241147406,,,
R2,Seasonal,0.32476528448831254,0.9739011263462696,0.0,48,50,48.0,96.0,500,0.0,0.0,27.22700159612313,4.500112493903345,1.878705491573359,,,
R3,Stationary_AR,0.07074063196040958,0.29255284346203636,0.0,None,33,,,500,0.0,0.0,0.0,0.0,5.0,0.4819059919441331,,
R4,Trending_MeanShift,0.9998782007900198,0.9995169956226196,0.0,None,250,,,500,,,0.0,0.0,1.3063562896377068,,250.0,
R1,Composite,0.9975141154756406,0.9712057050137227,0.0,36,36,36.0,72.0,500,0.36800411927919274,4.740547020685485e-05,23.139414148665587,7.171991541431779,1.1555164716161799,,,
R2,Seasonal,0.6951371902731405,0.9793199488616601,0.0,36,36,36.0,72.0,500,0.0,0.0,27.701307140554707,7.2958201171464,1.3362509369022655,,,
R3,Stationary_AR,0.16307837262159808,0.2788600946138645,0.0,None,17,,,500,0.0,0.0,0.0,0.0,5.0,0.4677473879940682,,
R4,Trending_ExponentialGrowth,0.9961234027820642,0.2781601552688949,0.0,None,24,,,500,,,0.0,0.0,0.869394805578907,,,
R1,Composite,0.9995943103810306,0.989648323104724,0.0,24,24,24.0,48.0,500,-0.3651500178692765,1.99049270030245e-05,14.162092518030377,2.293319687108446,0.6825051557217635,,,
R2,Seasonal,0.694555709462771,0.9899568316869999,0.0,24,24,24.0,48.0,500,0.0,0.0,24.893786038890518,4.494415550814161,0.6212187965579807,,,
R3,Stationary_WN,0.09044346288431737,0.17446032335636874,0.0,None,4,,,500,0.0,0.0,0.0,0.0,13.959376899381503,,,
R4,Trending_ExponentialGrowth,0.9981240525349393,0.21236133494825593,0.0,None,24,,,500,,,0.0,0.0,0.6970600748404668,,,
R1,Composite,0.996510148293891,0.9903999797997897,0.0,24,24,24.0,48.0,500,-0.19428768916934747,-1.2343366422749172e-05,24.517750798192306,3.8268044516615087,1.0940171351084196,,,
R2,Seasonal,0.6976092996713339,0.9609299673370664,0.0,24,24,24.0,48.0,500,0.0,0.0,21.86680685026776,7.897848236732137,1.0958070536319127,,,
R3,Stationary_AR,0.2022712376506085,0.30234480139133046,0.0,None,14,,,500,0.0,0.0,0.0,0.0,5.0,0.4585812663028187,,
R4,Trending_MeanShift,0.9999919544375642,0.9999677427661594,0.0,None,250,,,500,,,0.0,0.0,0.5703410453643991,,250.0,
R1,Composite,0.9978082680318571,0.9708605661953027,0.0,36,36,36.0,72.0,500,-0.26865123546637987,-4.078880973634132e-05,15.947951509921896,3.3617187013602243,1.4082706039937392,,,
R2,Seasonal,0.5723465823308957,0.9392624195118385,0.0,36,36,36.0,72.0,500,0.0,0.0,14.502252458964035,5.2937779111414915,1.783750516430887,,,
R3,Stationary_AR,0.19757213240001037,0.2932889983615149,0.0,None,12,,,500,0.0,0.0,0.0,0.0,5.0,0.42310703895081725,,
R4,Trending_MeanShift,0.9998872077604454,0.9995493929711373,0.0,None,250,,,500,,,0.0,0.0,1.4307092963986743,,250.0,
R1,Composite,0.9965139629461093,0.93986150240126,0.0,48,50,48.0,96.0,500,0.274931701816038,2.8276176780926376e-05,13.950654738502475,4.960302381086724,1.1821037037014583,,,
R2,Seasonal,0.029228400673692922,0.984830384539397,0.0,48,100,48.0,96.0,500,0.0,0.0,13.624814139293107,10.283220159626286,0.578714547319899,,,
R3,Stationary_AR,0.17101408329321321,0.1781716222035249,0.0,None,22,,,500,0.0,0.0,0.0,0.0,5.0,0.5642803366882065,,
R4,Trending_ExponentialGrowth,0.9951456099715,0.24961061073989022,0.0,None,24,,,500,,,0.0,0.0,1.0279326103591009,,,
R1,Composite,0.994388703701916,0.9717527537598479,0.0,24,24,24.0,48.0,500,-0.14858410269925693,-1.9363922620312713e-05,14.065376710799121,3.4086475365233087,1.4586441650566508,,,
R2,Seasonal,0.7081380787579739,0.9654081838421863,0.0,24,24,24.0,48.0,500,0.0,0.0,24.749075756806988,8.78518378708355,0.6082381780970525,,,
R3,Stationary_AR,0.03540625606107528,0.25045800551229414,0.0,None,36,,,500,0.0,0.0,0.0,0.0,5.0,0.6258738872348728,,
R4,Trending_MeanShift,0.9999851599932322,0.9999406159956166,0.0,None,250,,,500,,,0.0,0.0,0.814206128660518,,250.0,
R1,Composite,0.9975688178562377,0.9824528816107242,0.0,24,24,24.0,48.0,500,0.21010480159477424,-3.142916768254467e-05,14.66697024348424,3.413457141463973,0.5383503008584581,,,
R2,Seasonal,0.6937901847173044,0.9242020995596301,0.0,24,24,24.0,48.0,500,0.0,0.0,17.153826837077922,8.812222729144729,1.362360251964911,,,
R3,Stationary_WN,0.09387422382433996,0.8739339722093316,0.0,None,250,,,500,0.0,0.0,0.0,0.0,10.215788158607399,,,
R4,Trending_MeanShift,0.9999886680589168,0.9999546161413867,0.0,None,250,,,500,,,0.0,0.0,0.57115117596391,,250.0,
R1,Composite,0.9940782855413199,0.9608204781367539,0.0,12,12,12.0,24.0,500,0.22051166087589413,-2.3794813152843253e-05,16.204350855670008,6.158247609280579,1.0812998520822754,,,
R2,Seasonal,0.7046875857364716,0.9652037830152208,0.0,12,12,12.0,24.0,500,0.0,0.0,20.72963969330783,7.010668916408809,1.457841363238256,,,
R3,Stationary_WN,0.0112375247560077,0.27197003553429167,0.0,None,83,,,500,0.0,0.0,0.0,0.0,7.738065526828565,,,
R4,Trending_RandomWalkDrift,0.9825596107723997,0.9122600393177461,0.0,None,250,,,500,,,0.0,0.0,1.3308541629700072,,,-0.34727034007441665
R1,Composite,0.9897836036224102,0.9777822389665863,0.0,12,12,12.0,24.0,500,0.13022192071790833,2.679713084352942e-05,19.969534483151516,5.826904447911509,0.7413137219710079,,,
R2,Seasonal,0.7394911122792738,0.9906494927333482,0.0,12,12,12.0,24.0,500,0.0,0.0,22.686522547822058,4.243141943246867,0.5132637173096861,,,
R3,Stationary_AR,0.0747624601553809,0.30919900057925176,0.0,None,26,,,500,0.0,0.0,0.0,0.0,5.0,0.5025172850022811,,
R4,Trending_RandomWalkDrift,0.9736192755378058,0.9480742265051273,0.0,None,250,,,500,,,0.0,0.0,0.5109289076668247,,,0.14006703559111078
R1,Composite,0.9977471516477486,0.9878607798907433,0.0,36,36,36.0,72.0,500,-0.16626103105829562,3.64879563122276e-05,13.07363606135342,2.573343062769572,0.5334575035103516,,,
R2,Seasonal,0.6873291055639223,0.8832478780671025,0.0,36,36,36.0,72.0,500,0.0,0.0,14.500450274007889,9.392977064908713,1.7665421338660607,,,
R3,Stationary_AR,0.089258074878373,0.2404514376245439,0.0,None,50,,,500,0.0,0.0,0.0,0.0,5.0,0.6793551214574685,,
R4,Trending_RandomWalkDrift,0.9911854269177319,0.15525679409237791,0.0,None,24,,,500,,,0.0,0.0,1.2849840563080897,,,-0.11628645040742627
R1,Composite,0.9978080050755601,0.9851126067012409,0.0,36,36,36.0,72.0,500,0.32285354337710703,-4.7214595844760365e-05,23.258656395110712,5.376000297605029,0.5285156659363142,,,
R2,Seasonal,0.6680304840124174,0.9831068081549058,0.0,36,36,36.0,72.0,500,0.0,0.0,20.416794517301128,4.61732846282825,1.0214517640605614,,,
R3,Stationary_WN,0.014951712740430612,0.23505590869704218,0.0,None,33,,,500,0.0,0.0,0.0,0.0,13.468747222752647,,,
R4,Trending_RandomWalkDrift,0.5266253618981445,0.6696413744329075,0.0,None,167,,,500,,,0.0,0.0,1.1886565590366867,,,-0.1097029131876055
R1,Composite,0.9989500921170346,0.9772524314950484,0.0,12,12,12.0,24.0,500,-0.3605754644129969,-4.889206632755418e-05,16.80868942912859,4.89588646603425,0.6117081402618273,,,
R2,Seasonal,0.7492765951125137,0.9719840218212303,0.0,12,12,12.0,24.0,500,0.0,0.0,22.30515081135625,7.408168932921004,0.6837933762023065,,,
R3,Stationary_WN,0.14538263948500962,0.2444761960658336,0.0,None,5,,,500,0.0,0.0,0.0,0.0,7.7854506930454725,,,
R4,Trending_RandomWalkDrift,0.9925185915559406,0.05312278050876473,0.0,None,24,,,500,,,0.0,0.0,0.6170375807636636,,,-0.19816087874696203
R1,Composite,0.9865123395704688,0.87689024055922,0.0,48,50,48.0,96.0,500,0.1414778231273912,1.403939251510957e-05,9.712652403469143,6.00972478120989,0.9701102623074817,,,
R2,Seasonal,0.5809455855474527,0.9618668706108421,0.0,48,50,48.0,96.0,500,0.0,0.0,15.705215373017891,4.661917849544124,1.1623376822757654,,,
R3,Stationary_AR,0.12218124403928965,0.34259890797094406,0.0,None,71,,,500,0.0,0.0,0.0,0.0,5.0,0.5486105330593494,,
R4,Trending_ExponentialGrowth,0.9996918243911973,0.30721090955820185,0.0,None,24,,,500,,,0.0,0.0,0.6410523673804881,,,
R1,Composite,0.9967013668413672,0.9224514201463129,0.0,24,24,24.0,48.0,500,0.34000384591188504,3.554129507041702e-05,14.34369208394058,7.2482155084754645,1.3814080279864671,,,
R2,Seasonal,0.70420475723012,0.9594790123146077,0.0,24,24,24.0,48.0,500,0.0,0.0,18.837086964613405,7.156551170888096,0.6720023583309392,,,
R3,Stationary_WN,0.14757473760310647,0.21017597602124782,0.0,None,4,,,500,0.0,0.0,0.0,0.0,7.442335246590293,,,
R4,Trending_RandomWalkDrift,0.9974261146233244,0.040951498208804504,0.0,None,24,,,500,,,0.0,0.0,0.711288928880331,,,0.43827809681802254
R1,Composite,0.9965689713569204,0.986238538218733,0.0,24,24,24.0,48.0,500,0.23763417394003636,-3.5374133919570255e-05,22.250552953923783,4.478957821458056,1.0444356814109872,,,
R2,Seasonal,0.6869809436976302,0.9463423505960327,0.0,24,24,24.0,48.0,500,0.0,0.0,25.370978786851428,10.862757446584784,1.6366814406135537,,,
R3,Stationary_AR,0.12132536274382577,0.30395618569263805,0.0,None,38,,,500,0.0,0.0,0.0,0.0,5.0,0.5213924360150156,,
R4,Trending_RandomWalkDrift,0.9789386463320972,0.08836833460633331,0.0,None,24,,,500,,,0.0,0.0,1.1346335083469834,,,0.13440082147008614
R1,Composite,0.9975465522090678,0.9086514164373571,0.0,12,12,12.0,24.0,500,0.3445394527290222,1.2553067206775218e-05,11.06412047769769,6.212524082680028,1.4911927092309163,,,
R2,Seasonal,0.6966173857947877,0.9689445066390281,0.0,12,12,12.0,24.0,500,0.0,0.0,13.36443902709271,4.218149901276287,1.053070351753111,,,
R3,Stationary_AR,0.21198116820683943,0.3016622043053431,0.0,None,15,,,500,0.0,0.0,0.0,0.0,5.0,0.5694895140202948,,
R4,Trending_RandomWalkDrift,0.9954978759610938,0.1543654683881459,0.0,None,24,,,500,,,0.0,0.0,0.6739224785296483,,,-0.3653536641694679
R1,Composite,0.9817777166320667,0.9481689784473506,0.0,24,24,24.0,48.0,500,-0.1539599408335896,2.3439900425982186e-05,16.83068999431847,7.297078973904373,0.8902001004614489,,,
R2,Seasonal,0.693721577042324,0.942572391260351,0.0,24,24,24.0,48.0,500,0.0,0.0,26.077829792694203,11.621584322661382,1.4960739408494175,,,
R3,Stationary_AR,0.04455534330637345,0.3698446854575771,0.0,None,62,,,500,0.0,0.0,0.0,0.0,5.0,0.5721702816321863,,
R4,Trending_ExponentialGrowth,0.9923250881022517,0.19034542247070108,0.0,None,24,,,500,,,0.0,0.0,1.1771742138638839,,,
R1,Composite,0.9992885741854234,0.9817314502719459,0.0,12,12,12.0,24.0,500,-0.32444466739060973,-3.0361548791996706e-05,13.594462870121848,3.2593093403745383,0.8343461166975925,,,
R2,Seasonal,0.7521631053107843,0.9610582841302694,0.0,12,12,12.0,24.0,500,0.0,0.0,19.68149543806561,7.901199661608995,0.6118638723262761,,,
R3,Stationary_AR,0.07434443134804403,0.27817802922355206,0.0,None,31,,,500,0.0,0.0,0.0,0.0,5.0,0.4502177269832155,,
R4,Trending_RandomWalkDrift,0.9919843494411049,0.8320342154505151,0.0,None,250,,,500,,,0.0,0.0,1.0751818276814624,,,-0.42701694345122043
R1,Composite,0.9786917947935273,0.9749841293079028,0.0,12,12,12.0,24.0,500,0.11536034420000801,1.316624251184255e-05,23.459503022227395,6.581789843680731,1.428048986543549,,,
R2,Seasonal,0.7319616437491084,0.97449144645947,0.0,12,12,12.0,24.0,500,0.0,0.0,21.44685165720547,6.680822939915569,0.972465535094388,,,
R3,Stationary_WN,0.13602862207727795,0.213769167169665,0.0,None,7,,,500,0.0,0.0,0.0,0.0,5.6068675855468335,,,
R4,Trending_RandomWalkDrift,0.9941812691443309,0.689509303761551,0.0,None,167,,,500,,,0.0,0.0,0.5997568879295101,,,-0.38334640621892857
R1,Composite,0.9980244826355356,0.8861777172911,0.0,36,36,36.0,72.0,500,-0.3813730996985508,3.551636668929802e-05,9.112769265376075,5.570911682617395,1.3914645201053477,,,
R2,Seasonal,0.7132460197601772,0.9505858972140957,0.0,36,36,36.0,72.0,500,0.0,0.0,20.297867896764842,8.764074444259833,0.7614468924639302,,,
R3,Stationary_WN,0.1553749424730918,0.17628079284238485,0.0,None,4,,,500,0.0,0.0,0.0,0.0,8.801588798774603,,,
R4,Trending_ExponentialGrowth,0.9969881959806032,0.19118071459113983,0.0,None,24,,,500,,,0.0,0.0,0.6402933733501563,,,
R1,Composite,0.9994191588960184,0.9926979378641784,0.0,36,36,36.0,72.0,500,-0.36541180182416444,-2.1733529406184083e-05,21.567354591481447,2.6337788343639637,1.1282055209446695,,,
R2,Seasonal,0.7032548641201498,0.9139692103023566,0.0,36,36,36.0,72.0,500,0.0,0.0,12.208824643717968,6.811243283091728,0.9602362282069793,,,
R3,Stationary_AR,0.14008108286393983,0.1835068394882874,0.0,None,31,,,500,0.0,0.0,0.0,0.0,5.0,0.6235679718101744,,
R4,Trending_ExponentialGrowth,0.9955201982381605,0.17900959406405836,0.0,None,24,,,500,,,0.0,0.0,1.288681202927139,,,
R1,Composite,0.9974148876764798,0.9125549514943293,0.0,24,24,24.0,48.0,500,0.30888578960687624,2.5623673910934986e-05,10.709788346946386,5.96220862470281,0.6794556199630846,,,
R2,Seasonal,0.6371393662885425,0.9577114628189662,0.0,24,24,24.0,48.0,500,0.0,0.0,13.793915229082103,4.69793655749564,1.213211424873161,,,
R3,Stationary_AR,0.07046181248418437,0.3708523006250324,0.0,None,83,,,500,0.0,0.0,0.0,0.0,5.0,0.5495050688282874,,
R4,Trending_MeanShift,0.9999785351289648,0.9999140735161373,0.0,None,250,,,500,,,0.0,0.0,0.9783210425201593,,250.0,
R1,Composite,0.9917589548625252,0.8971777268841079,0.0,24,24,24.0,48.0,500,-0.18362994336760924,4.565837024118242e-05,8.576268332416772,5.256098060701245,1.0659974959631433,,,
R2,Seasonal,0.692385444946193,0.9705515240723268,0.0,24,24,24.0,48.0,500,0.0,0.0,17.303429935586895,5.463949937432937,0.8447675358797703,,,
R3,Stationary_WN,0.3167649762533403,0.13276394523777701,0.0,None,2,,,500,0.0,0.0,0.0,0.0,7.408121579149879,,,
R4,Trending_RandomWalkDrift,0.9965738577140649,0.9060173886352242,0.0,None,250,,,500,,,0.0,0.0,0.6011918030678681,,,0.3245176333174671
R1,Composite,0.9991577522486054,0.9916871575351442,0.0,24,24,24.0,48.0,500,0.23822315672212815,3.056018156794637e-05,16.28833581496133,2.3082423748759915,0.6901645126740494,,,
R2,Seasonal,0.6850840516804245,0.9840411541785269,0.0,24,24,24.0,48.0,500,0.0,0.0,23.027934966963517,5.224468786190933,0.7812539043660122,,,
R3,Stationary_WN,0.21530043682368083,0.21263900354837983,0.0,None,3,,,500,0.0,0.0,0.0,0.0,13.593363904809543,,,
R4,Trending_RandomWalkDrift,0.9975673492463759,0.14546617848000665,0.0,None,24,,,500,,,0.0,0.0,1.0309435463137597,,,-0.3915918165964677
R1,Composite,0.9978698992456526,0.9903188980745263,0.0,48,50,48.0,96.0,500,0.26805818301249884,-3.2168584118402364e-05,24.063828990899758,2.006921181725335,0.7854665399687094,,,
R2,Seasonal,0.6089684336756345,0.9481886289583328,0.0,48,50,48.0,96.0,500,0.0,0.0,23.67650122129533,8.446564825822694,1.799316454303641,,,
R3,Stationary_AR,0.218724108910758,0.28407684160686564,0.0,None,22,,,500,0.0,0.0,0.0,0.0,5.0,0.49286507478308283,,
R4,Trending_RandomWalkDrift,0.9980359793077519,0.10930286472218786,0.0,None,24,,,500,,,0.0,0.0,1.295904359902772,,,-0.4268476320169099
R1,Composite,0.9785532452938839,0.9755057526264563,0.0,24,24,24.0,48.0,500,0.1021158042492066,4.1556553714137455e-05,23.962321747852634,6.720165260967365,1.2696289135366152,,,
R2,Seasonal,0.6854672798113222,0.9579487030357328,0.0,24,24,24.0,48.0,500,0.0,0.0,15.046742088596421,5.525090388310421,0.9037898047502507,,,
R3,Stationary_WN,0.1307559532849928,0.25266484383788046,0.0,None,7,,,500,0.0,0.0,0.0,0.0,7.59858246750864,,,
R4,Trending_RandomWalkDrift,0.9994451101593059,0.9587566035799311,0.0,None,250,,,500,,,0.0,0.0,1.0489678095291584,,,0.4782055409107071
R1,Composite,0.997662146716799,0.9768341660656744,0.0,12,12,12.0,24.0,500,-0.3221633340390685,1.671893027724138e-05,20.228586731573014,5.782877652466484,1.0332790718636127,,,
R2,Seasonal,0.6276237760511437,0.941446701327654,0.0,12,12,12.0,24.0,500,0.0,0.0,13.964457987706869,5.278539047305499,1.757333186740645,,,
R3,Stationary_WN,0.07846211709713657,0.1607912687239078,0.0,None,3,,,500,0.0,0.0,0.0,0.0,12.14521280720475,,,
R4,Trending_ExponentialGrowth,0.9840131073228411,0.24827568560115065,0.0,None,24,,,500,,,0.0,0.0,1.1933876305125533,,,
R1,Composite,0.9990978102365965,0.9924785032268624,0.0,36,36,36.0,72.0,500,0.2783200077387419,1.176571711350488e-05,19.988223333506497,3.1053471505440307,0.5214809240013104,,,
R2,Seasonal,0.711452279743165,0.9754093606402646,0.0,36,36,36.0,72.0,500,0.0,0.0,22.01290553255594,6.509312271889672,0.6470052891983353,,,
R3,Stationary_AR,0.10739793305298995,0.32782150436226754,0.0,None,29,,,500,0.0,0.0,0.0,0.0,5.0,0.6827897700164098,,
R4,Trending_MeanShift,0.9999286828694408,0.9997133412191797,0.0,None,250,,,500,,,0.0,0.0,1.1962030251621552,,250.0,
R1,Composite,0.9935610680413366,0.9671387908788317,0.0,12,12,12.0,24.0,500,-0.14503671007234512,-4.336474245560147e-05,15.109182199051698,5.2068842484183415,0.8871493401561334,,,
R2,Seasonal,0.6601014533738467,0.9712296637122055,0.0,12,12,12.0,24.0,500,0.0,0.0,17.695156541930483,4.940151522073751,1.5690568615086296,,,
R3,Stationary_WN,0.12750750344208805,0.21596556058549832,0.0,None,8,,,500,0.0,0.0,0.0,0.0,12.682840890049063,,,
R4,Trending_MeanShift,0.999933643600179,0.9997353464773633,0.0,None,250,,,500,,,0.0,0.0,1.3097517139333388,,250.0,
R1,Composite,0.9985728439284735,0.9297148980621293,0.0,24,24,24.0,48.0,500,0.35125958874211793,-2.9672152486483757e-05,9.14411312666608,3.763884985986932,1.300443570565661,,,
R2,Seasonal,0.6280549551267476,0.9535229533465532,0.0,24,24,24.0,48.0,500,0.0,0.0,14.695727294105232,5.228769988369294,1.5029036734110823,,,
R3,Stationary_AR,0.15458663487416968,0.2343607127943781,0.0,None,18,,,500,0.0,0.0,0.0,0.0,5.0,0.4778127087915192,,
R4,Trending_ExponentialGrowth,0.9985905776009175,0.22397336005072999,0.0,None,24,,,500,,,0.0,0.0,1.0486804830153225,,,
R1,Composite,0.9935358699971378,0.9719562248862932,0.0,36,36,36.0,72.0,500,-0.23326995571026043,-2.5646764965719646e-05,24.049158720094606,7.163137723062324,1.4900742678064274,,,
R2,Seasonal,0.7069215454218516,0.9326783238541392,0.0,36,36,36.0,72.0,500,0.0,0.0,17.420987533979144,8.578841059681281,0.9763202482789408,,,
R3,Stationary_WN,0.04605809115384385,0.21648594337267402,0.0,None,6,,,500,0.0,0.0,0.0,0.0,10.648990234869274,,,
R4,Trending_MeanShift,0.9996939735544876,0.998774050313765,0.0,None,250,,,500,,,0.0,0.0,1.4857964276806244,,250.0,
R1,Composite,0.9985148491503874,0.8969526778464549,0.0,24,24,24.0,48.0,500,0.39123455480482716,2.2896547971262962e-05,9.301479925830288,4.973404220952391,1.4053108672907026,,,
R2,Seasonal,0.6948820625599315,0.9666131394518668,0.0,24,24,24.0,48.0,500,0.0,0.0,23.36862465816902,7.860406713714506,1.1550509155616222,,,
R3,Stationary_WN,0.27337867607467525,0.165356498865874,0.0,None,2,,,500,0.0,0.0,0.0,0.0,14.560449910839345,,,
R4,Trending_RandomWalkDrift,0.9905858655904896,0.4646807793265979,0.0,None,125,,,500,,,0.0,0.0,1.4142785317884021,,,-0.31826883981064025
R1,Composite,0.9963950552836052,0.8890835665174313,0.0,12,12,12.0,24.0,500,0.2556370043916105,3.6172877671391095e-05,9.4543195516832,6.202026195299727,1.132520633024729,,,
R2,Seasonal,0.722660533120722,0.9379478833584131,0.0,12,12,12.0,24.0,500,0.0,0.0,22.02634778435361,10.539072342934322,1.835477228040813,,,
R3,Stationary_WN,0.1849930583118251,0.13811997910647622,0.0,None,3,,,500,0.0,0.0,0.0,0.0,11.624942992450151,,,
R4,Trending_RandomWalkDrift,0.9695713170268523,0.03561646755666814,0.0,None,24,,,500,,,0.0,0.0,0.6872508682665971,,,0.23561130334123118
R1,Composite,0.9934138206595587,0.9506500027848203,0.0,36,36,36.0,72.0,500,0.23616288439086117,-3.9960499345861417e-05,15.898010517855862,6.605402258759551,0.9903187845248402,,,
R2,Seasonal,0.6704652752790224,0.9623037473127259,0.0,36,36,36.0,72.0,500,0.0,0.0,21.53707292388114,7.394633581363585,1.4059805029848693,,,
R3,Stationary_WN,0.2491511924766695,0.10696798510585126,0.0,None,2,,,500,0.0,0.0,0.0,0.0,7.189588269334327,,,
R4,Trending_RandomWalkDrift,0.9967973508151887,0.15893702291300682,0.0,None,24,,,500,,,0.0,0.0,1.152170318029758,,,-0.40272691552900597
R1,Composite,0.9976500027515749,0.9810450690322295,0.0,36,36,36.0,72.0,500,-0.32214432431958673,2.6939850217165295e-05,21.905934638308416,4.644106216396419,1.3045328862909913,,,
R2,Seasonal,0.6619940979517085,0.9046607422602976,0.0,36,36,36.0,72.0,500,0.0,0.0,18.41565042704125,10.413693624696066,1.990170643867849,,,
R3,Stationary_AR,0.020817030069939957,0.28336771579273523,0.0,None,83,,,500,0.0,0.0,0.0,0.0,5.0,0.4643591929770388,,
R4,Trending_RandomWalkDrift,0.9669569258746781,0.661888893949012,0.0,None,250,,,500,,,0.0,0.0,1.0346002551389395,,,-0.1894349890991124
R1,Composite,0.9917579732110651,0.9665145702397536,0.0,48,50,48.0,96.0,500,0.17038482750363226,1.7579811986987887e-05,18.220425878916306,5.458739186596874,0.9226484358773538,,,
R2,Seasonal,0.6651380920639199,0.8517584942697094,0.0,48,50,48.0,96.0,500,0.0,0.0,15.944067049721419,11.498012228173065,1.6102210107130137,,,
R3,Stationary_WN,0.14921543033511953,0.11470294927511582,0.0,None,4,,,500,0.0,0.0,0.0,0.0,6.294951945236904,,,
R4,Trending_MeanShift,0.9999496510184391,0.9997992303708372,0.0,None,250,,,500,,,0.0,0.0,0.5561692927758616,,250.0,
R1,Composite,0.9872921286509729,0.9086520020514448,0.0,24,24,24.0,48.0,500,-0.2005568257119526,1.7634672080968305e-05,13.845437889259333,7.755979345699682,1.3123384600209165,,,
R2,Seasonal,0.659672203396297,0.9485994340174232,0.0,24,24,24.0,48.0,500,0.0,0.0,18.495987573897022,7.360330779495397,1.6402196039693038,,,
R3,Stationary_WN,0.1557989479378179,0.20969668659364749,0.0,None,5,,,500,0.0,0.0,0.0,0.0,11.01814042641641,,,
R4,Trending_ExponentialGrowth,0.9975198818615038,0.22600992993607139,0.0,None,24,,,500,,,0.0,0.0,0.6394706297061116,,,
R1,Composite,0.9963804016337776,0.9627016228550556,0.0,24,24,24.0,48.0,500,-0.35913165663176894,1.877835201861824e-05,21.54727323935291,7.604350271590356,1.144050722173874,,,
R2,Seasonal,0.6833108552054702,0.9635425600026432,0.0,24,24,24.0,48.0,500,0.0,0.0,22.186437665553065,7.751341870270159,1.2236993241245941,,,
R3,Stationary_AR,0.3365865307639777,0.29491750511393133,0.0,None,24,,,500,0.0,0.0,0.0,0.0,5.0,0.6705460590520351,,
R4,Trending_MeanShift,0.9999560547456947,0.999825312406998,0.0,None,250,,,500,,,0.0,0.0,1.2370949928064516,,250.0,
R1,Composite,0.9978732705884422,0.9664319028593304,0.0,36,36,36.0,72.0,500,0.3713382979391183,4.0813035432164164e-05,19.790706315962566,6.446310071974062,1.1453112006737465,,,
R2,Seasonal,0.6667885370497895,0.9357180737487167,0.0,36,36,36.0,72.0,500,0.0,0.0,14.855201686745163,6.646335114418478,1.5418459159571443,,,
R3,Stationary_WN,0.16421454014977355,0.1304305488785733,0.0,None,3,,,500,0.0,0.0,0.0,0.0,9.535807518251787,,,
R4,Trending_ExponentialGrowth,0.996164622032467,0.2776435899532048,0.0,None,24,,,500,,,0.0,0.0,1.2147667398588302,,,
R1,Composite,0.9832485462664812,0.9286542414495473,0.0,12,12,12.0,24.0,500,-0.10899264342277182,3.3824269593345884e-05,9.026937545520916,4.798122448063907,0.780292675810922,,,
R2,Seasonal,0.7320443959577051,0.9693813377167869,0.0,12,12,12.0,24.0,500,0.0,0.0,27.156966640791275,9.276107199528017,1.4099794279570714,,,
R3,Stationary_AR,0.08688696572538812,0.3392538514835107,0.0,None,38,,,500,0.0,0.0,0.0,0.0,5.0,0.539475572022764,,
R4,Trending_ExponentialGrowth,0.9991303380835393,0.2851708108300409,0.0,None,24,,,500,,,0.0,0.0,0.570044715950849,,,
R1,Composite,0.9785888325683382,0.9682547963981561,0.0,12,12,12.0,24.0,500,0.14928982959842277,-3.4146045935718474e-05,22.534689251624812,7.829993742833521,1.0690990132508889,,,
R2,Seasonal,0.7365320554570197,0.9878347435539635,0.0,12,12,12.0,24.0,500,0.0,0.0,29.54623163839432,6.375198609438147,0.8539784590078043,,,
R3,Stationary_AR,0.05745794926204584,0.21342352699187117,0.0,None,83,,,500,0.0,0.0,0.0,0.0,5.0,0.5305760072897546,,
R4,Trending_MeanShift,0.9999592668176648,0.9998373508350403,0.0,None,250,,,500,,,0.0,0.0,0.6629928270221703,,250.0,
R1,Composite,0.9926318772541592,0.9625689014795559,0.0,48,50,48.0,96.0,500,0.18852003775314302,2.5536757980770625e-05,18.146983546584103,5.728732777416395,0.8602836078822619,,,
R2,Seasonal,0.6622965198115905,0.9495862270087387,0.0,48,50,48.0,96.0,500,0.0,0.0,29.499093505407497,11.62210353011325,0.6198247379184025,,,
R3,Stationary_AR,0.4444215145556085,0.2626014349642818,0.0,None,13,,,500,0.0,0.0,0.0,0.0,5.0,0.6777365656629664,,
R4,Trending_RandomWalkDrift,0.995512996328581,0.08108665825436867,0.0,None,24,,,500,,,0.0,0.0,0.6789451761592316,,,0.24167376988610478
R1,Composite,0.9937722152004494,0.9746185084045836,0.0,48,50,48.0,96.0,500,0.1326663467479185,3.851251557028764e-05,15.296027251449193,2.0768531248826565,1.4371597835653427,,,
R2,Seasonal,0.4325191157633058,0.9826204322101262,0.0,48,50,48.0,96.0,500,0.0,0.0,27.083193176412685,4.297992471805318,0.6086942937382767,,,
R3,Stationary_AR,0.0163178383933259,0.5827037919721414,0.0,None,167,,,500,0.0,0.0,0.0,0.0,5.0,0.5404977652789855,,
R4,Trending_RandomWalkDrift,0.9956928855942493,0.2623347615659771,0.0,None,24,,,500,,,0.0,0.0,0.836506015683388,,,-0.2253066060901806
R1,Composite,0.9983615641000936,0.9727661770003687,0.0,48,50,48.0,96.0,500,0.3166154568297116,-1.6676911955771306e-05,15.341850655774339,2.9949829208386056,1.064747267177189,,,
R2,Seasonal,0.6247060004859735,0.9768791700739343,0.0,48,50,48.0,96.0,500,0.0,0.0,27.712599265629173,6.7514682369301555,0.7087479903624179,,,
R3,Stationary_AR,0.20379786515868248,0.231946192223638,0.0,None,38,,,500,0.0,0.0,0.0,0.0,5.0,0.6776962348147682,,
R4,Trending_MeanShift,0.9999513094032568,0.9998053164048676,0.0,None,250,,,500,,,0.0,0.0,0.9534045008776321,,250.0,
R1,Composite,0.996351502573908,0.879070999580261,0.0,24,24,24.0,48.0,500,-0.2549889450095119,-2.3602597491317092e-05,8.748932684447642,5.7704565057436,0.992756259085573,,,
R2,Seasonal,0.7076019739187103,0.885849493671323,0.0,24,24,24.0,48.0,500,0.0,0.0,13.374215447359967,9.08225509230438,0.5913837500383086,,,
R3,Stationary_AR,0.0,0.8024104292135088,0.0,None,250,,,500,0.0,0.0,0.0,0.0,5.0,0.5234269608999885,,
R4,Trending_MeanShift,0.9999754529822363,0.9999017819874867,0.0,None,250,,,500,,,0.0,0.0,1.0080768195487593,,250.0,
R1,Composite,0.9966506337779633,0.9619473139418557,0.0,36,36,36.0,72.0,500,-0.3481520939739005,-2.1683621189507224e-05,21.364733738449104,7.576942988212977,1.2823810983453017,,,
R2,Seasonal,0.7111763820708108,0.9528517011256039,0.0,36,36,36.0,72.0,500,0.0,0.0,24.38404048575329,10.260405552359977,0.9127699343497346,,,
R3,Stationary_WN,0.2009864673423295,0.08961765908800501,0.0,None,2,,,500,0.0,0.0,0.0,0.0,9.745431368113064,,,
R4,Trending_ExponentialGrowth,0.9976998220252952,0.26364896318391207,0.0,None,24,,,500,,,0.0,0.0,0.6860023774558432,,,
R1,Composite,0.9980089682845021,0.967193340984696,0.0,48,50,48.0,96.0,500,-0.39370141854980123,-1.578028005301321e-05,19.626583155836805,5.827489312279313,0.7994751259185143,,,
R2,Seasonal,0.5831990615175282,0.9723795905008761,0.0,48,50,48.0,96.0,500,0.0,0.0,27.973284044404043,6.961452907722505,1.536289051794733,,,
R3,Stationary_WN,0.21620796527731412,0.26142845304645623,0.0,None,5,,,500,0.0,0.0,0.0,0.0,14.709737835179602,,,
R4,Trending_RandomWalkDrift,0.992887170136047,0.9643819375814828,0.0,None,250,,,500,,,0.0,0.0,1.2600488187622503,,,0.21419098425735947
R1,Composite,0.9973663096547742,0.9810862256044764,0.0,36,36,36.0,72.0,500,0.30169163563154144,3.2345100591516815e-05,24.04602903328998,6.305678722111539,0.5942647489523224,,,
R2,Seasonal,0.6075887326955085,0.9840137050900177,0.0,36,36,36.0,72.0,500,0.0,0.0,27.435781684327218,5.220767295770753,1.8639490164871202,,,
R3,Stationary_AR,0.29107161479440335,0.19534276821887797,0.0,None,12,,,500,0.0,0.0,0.0,0.0,5.0,0.5649193412420473,,
R4,Trending_MeanShift,0.9998591354976297,0.9994345340100887,0.0,None,250,,,500,,,0.0,0.0,0.8520331278335456,,250.0,
R1,Composite,0.9956922650315193,0.9591497238180681,0.0,12,12,12.0,24.0,500,0.21774670627791143,-4.19318566204761e-05,12.866082664972332,4.721446148503335,1.1256160511198456,,,
R2,Seasonal,0.6264881614840019,0.9207708358570469,0.0,12,12,12.0,24.0,500,0.0,0.0,11.924178072031797,5.2108584833850955,1.6951718636953415,,,
R3,Stationary_WN,0.1611387144958194,0.2097078840596277,0.0,None,5,,,500,0.0,0.0,0.0,0.0,10.142015429106092,,,
R4,Trending_ExponentialGrowth,0.994463414734164,0.21822070555582362,0.0,None,24,,,500,,,0.0,0.0,0.6928126297453278,,,
R1,Composite,0.9893348604047213,0.9745789511072935,0.0,48,50,48.0,96.0,500,0.1693707743090911,2.4694479037994264e-05,24.45446856788893,6.129485998857229,0.8737965993669631,,,
R2,Seasonal,0.660351832922986,0.94794927891646,0.0,48,50,48.0,96.0,500,0.0,0.0,25.18328882348399,10.058053874203917,0.7070709053023294,,,
R3,Stationary_WN,0.20843781591866617,0.15173472416650058,0.0,None,3,,,500,0.0,0.0,0.0,0.0,7.645359437770979,,,
R4,Trending_RandomWalkDrift,0.9921235890337956,0.6158043902192014,0.0,None,125,,,500,,,0.0,0.0,0.5117849025124575,,,0.3887458062545981
R1,Composite,0.9962630160716286,0.9452943801391601,0.0,48,50,48.0,96.0,500,-0.3960169811207982,4.889720131985318e-05,19.055076077942203,7.323586080963446,1.2668633434210632,,,
R2,Seasonal,0.6713019745703283,0.8531367051258838,0.0,48,50,48.0,96.0,500,0.0,0.0,12.477991344283383,9.082446405512902,1.3523269541106284,,,
R3,Stationary_AR,0.10233308980799605,0.1984367407723634,0.0,None,18,,,500,0.0,0.0,0.0,0.0,5.0,0.4104211586155099,,
R4,Trending_MeanShift,0.9998994825867777,0.9995990348772463,0.0,None,250,,,500,,,0.0,0.0,0.914463517130764,,250.0,
R1,Composite,0.9991639455182071,0.9932019976581948,0.0,12,12,12.0,24.0,500,-0.3091225321699337,-3.1883138790218474e-05,23.271835530283894,2.556049883885443,1.2026558906447853,,,
R2,Seasonal,0.7225834532513976,0.9385805641594025,0.0,12,12,12.0,24.0,500,0.0,0.0,20.23932311257864,9.565525481574142,1.6759048220656745,,,
R3,Stationary_WN,0.21222426708244724,0.18335971274306995,0.0,None,3,,,500,0.0,0.0,0.0,0.0,14.664286314693754,,,
R4,Trending_RandomWalkDrift,0.9996261712061565,0.9620437171518932,0.0,None,250,,,500,,,0.0,0.0,1.315566218820066,,,0.2714412909605741
R1,Composite,0.9990280621485356,0.9933326148369666,0.0,12,12,12.0,24.0,500,0.2948613932580812,1.4972394918654898e-05,23.435153694968015,2.551413120135608,1.1021401429904247,,,
R2,Seasonal,0.7353085929941193,0.9170970226033001,0.0,12,12,12.0,24.0,500,0.0,0.0,14.10493218990145,8.114699893250513,1.0454505256214504,,,
R3,Stationary_WN,0.1107315634796534,0.2122775342915878,0.0,None,9,,,500,0.0,0.0,0.0,0.0,5.428255618027711,,,
R4,Trending_RandomWalkDrift,0.9375895415477455,0.36883143888142655,0.0,None,250,,,500,,,0.0,0.0,1.3026633309679547,,,-0.38419584748769453
R1,Composite,0.9976762316019172,0.8949106025180475,0.0,12,12,12.0,24.0,500,0.38251616884430784,-2.1897322343538388e-05,10.527475653559566,6.7901182262911615,1.1010142000648782,,,
R2,Seasonal,0.7397635186983121,0.910530980486645,0.0,12,12,12.0,24.0,500,0.0,0.0,14.302215271943473,8.81615211568299,1.1663367131031495,,,
R3,Stationary_WN,0.16556851189541444,0.16471801118978224,0.0,None,3,,,500,0.0,0.0,0.0,0.0,12.004679635557729,,,
R4,Trending_ExponentialGrowth,0.9984113515587851,0.1263856211767559,0.0,None,24,,,500,,,0.0,0.0,0.9019173567814174,,,
R1,Composite,0.9967987122151398,0.8602335752797468,0.0,12,12,12.0,24.0,500,-0.31141489416200985,4.670854247917799e-05,8.286958680777104,5.994180795120986,1.3330212455615467,,,
R2,Seasonal,0.6909454771050265,0.9890376544644245,0.0,12,12,12.0,24.0,500,0.0,0.0,21.680451558044425,4.0315897026384375,1.019219014914556,,,
R3,Stationary_AR,0.2566480682440846,0.18277089875397212,0.0,None,12,,,500,0.0,0.0,0.0,0.0,5.0,0.5142133405692211,,
R4,Trending_RandomWalkDrift,0.977530507601757,0.14206508854123445,0.0,None,24,,,500,,,0.0,0.0,1.0317210062671798,,,0.10663203031816214
R1,Composite,0.9763401448681172,0.9502449768568078,0.0,48,50,48.0,96.0,500,0.14723808992428156,-3.509092649125606e-05,18.700465113315268,6.6726141907056045,1.376495820307181,,,
R2,Seasonal,0.6820108646840858,0.9051722530298087,0.0,48,50,48.0,96.0,500,0.0,0.0,16.8618159407853,9.645317540816567,0.5772300628657893,,,
R3,Stationary_WN,0.1751692089473048,0.20731440601129947,0.0,None,3,,,500,0.0,0.0,0.0,0.0,9.796313824368795,,,
R4,Trending_MeanShift,0.9999613412211146,0.9998450650869088,0.0,None,250,,,500,,,0.0,0.0,0.6466773308581791,,250.0,
R1,Composite,0.9989482142520218,0.9735980471990989,0.0,48,50,48.0,96.0,500,0.3500513201186177,-1.2081489409587555e-05,13.730182711985577,2.0752902254934726,1.2341231908278687,,,
R2,Seasonal,0.02657222332529252,0.9792107175388609,0.0,48,100,48.0,96.0,500,0.0,0.0,14.859251479420072,11.837998885311414,1.502556404823242,,,
R3,Stationary_AR,0.24070448982512505,0.15038492243890866,0.0,None,8,,,500,0.0,0.0,0.0,0.0,5.0,0.43285006369564716,,
R4,Trending_RandomWalkDrift,0.9958065664227586,0.7167995153419683,0.0,None,250,,,500,,,0.0,0.0,0.8995969538070776,,,-0.239185382832532
R1,Composite,0.9977765144066845,0.9584903833396292,0.0,12,12,12.0,24.0,500,0.30695191429401697,4.2101952222435954e-05,15.19560521009645,6.016534279468997,0.8049755568488947,,,
R2,Seasonal,0.7522940569170044,0.9146529094473987,0.0,12,12,12.0,24.0,500,0.0,0.0,14.114431398547595,8.651067664819626,0.6232175190456051,,,
R3,Stationary_WN,0.12683468288171362,0.17560853177449331,0.0,None,4,,,500,0.0,0.0,0.0,0.0,7.25317069297547,,,
R4,Trending_RandomWalkDrift,0.9922108468927019,0.8554678945187668,0.0,None,250,,,500,,,0.0,0.0,1.0982376291195548,,,0.15225140662046488
R1,Composite,0.9984218569542906,0.988361009625539,0.0,48,50,48.0,96.0,500,-0.3218130984341161,-1.603527268695869e-05,24.376921044237232,3.0371391549805686,0.6490175687275206,,,
R2,Seasonal,0.6514389318266933,0.914783851415122,0.0,48,50,48.0,96.0,500,0.0,0.0,11.866360211854278,6.032743029936078,0.8497918504834715,,,
R3,Stationary_AR,0.19832969423884994,0.2932090220587904,0.0,None,21,,,500,0.0,0.0,0.0,0.0,5.0,0.6382537047832118,,
R4,Trending_ExponentialGrowth,0.9975574030903747,0.2911740850619696,0.0,None,24,,,500,,,0.0,0.0,0.8960975120654381,,,
R1,Composite,0.978659572488855,0.9557662382781791,0.0,48,50,48.0,96.0,500,0.12605817570554245,3.70874723994779e-05,21.18280383190816,7.575505672078435,0.906193802901872,,,
R2,Seasonal,0.6233039098162025,0.9529773551653115,0.0,48,50,48.0,96.0,500,0.0,0.0,29.31069580585452,10.26776087994725,1.7328919272669725,,,
R3,Stationary_AR,0.1523599919472962,0.2734057416339173,0.0,None,36,,,500,0.0,0.0,0.0,0.0,5.0,0.6636567861899718,,
R4,Trending_ExponentialGrowth,0.9994459494787044,0.2432517423912367,0.0,None,24,,,500,,,0.0,0.0,0.6906131578278796,,,
R1,Composite,0.9989586665797726,0.9471376649057264,0.0,12,12,12.0,24.0,500,0.2737315416653519,2.943530373458574e-05,8.060493017771726,3.6744758221239815,0.5151183471325907,,,
R2,Seasonal,0.7427061919219484,0.958976317040322,0.0,12,12,12.0,24.0,500,0.0,0.0,26.779926062232175,10.711459789475217,1.3231337691412344,,,
R3,Stationary_AR,0.27910965184291037,0.34439894879360233,0.0,None,15,,,500,0.0,0.0,0.0,0.0,5.0,0.4774250242219694,,
R4,Trending_ExponentialGrowth,0.9918622225501059,0.2387760902906192,0.0,None,24,,,500,,,0.0,0.0,0.596101630188593,,,
R1,Composite,0.9977876675437816,0.9928131469643805,0.0,12,12,12.0,24.0,500,0.2282421803803617,-2.1555902642749302e-05,24.632157141650744,3.4449945485963394,0.9436633921958041,,,
R2,Seasonal,0.7314168334769791,0.9883170843831424,0.0,12,12,12.0,24.0,500,0.0,0.0,28.821353462290745,5.97966656356219,0.8682585556944629,,,
R3,Stationary_WN,0.11695335969396636,0.23951420739211926,0.0,None,4,,,500,0.0,0.0,0.0,0.0,10.23780087020611,,,
R4,Trending_MeanShift,0.9999855479506047,0.9999423429898939,0.0,None,250,,,500,,,0.0,0.0,0.516996512730614,,250.0,
R1,Composite,0.9986653426154302,0.9850444439157006,0.0,24,24,24.0,48.0,500,-0.28374611461429194,-3.636654197230533e-05,18.11872448117631,3.8049397046816207,0.7417300603442287,,,
R2,Seasonal,0.6939102706107125,0.9506954666407045,0.0,24,24,24.0,48.0,500,0.0,0.0,20.498317299936616,8.463426084446466,1.203572570166172,,,
R3,Stationary_WN,0.16585517558141882,0.20514213357198952,0.0,None,9,,,500,0.0,0.0,0.0,0.0,12.50458605906153,,,
R4,Trending_MeanShift,0.9999644345415797,0.9998577222055832,0.0,None,250,,,500,,,0.0,0.0,0.7937342160205819,,250.0,
R1,Composite,0.9968024193458449,0.9499927641332252,0.0,12,12,12.0,24.0,500,-0.23770832258861702,-4.43772982712218e-05,13.097383168329227,5.393573468142217,1.1633213619188059,,,
R2,Seasonal,0.7191959888035298,0.913811491853609,0.0,12,12,12.0,24.0,500,0.0,0.0,17.167824164865138,9.818875453468184,1.843004839086235,,,
R3,Stationary_WN,0.19479567443107537,0.1389739509093717,0.0,None,2,,,500,0.0,0.0,0.0,0.0,10.843574045367845,,,
R4,Trending_MeanShift,0.9999407445209723,0.9997641951689729,0.0,None,250,,,500,,,0.0,0.0,1.2633631360503932,,250.0,
R1,Composite,0.9985331832175655,0.9916849028460203,0.0,24,24,24.0,48.0,500,0.2640681206442526,-1.1342313442818376e-05,21.90979453612262,2.9177812568396457,1.0823348227577403,,,
R2,Seasonal,0.6550901083574153,0.9319613776204523,0.0,24,24,24.0,48.0,500,0.0,0.0,19.89117346289385,8.930052181189751,1.9868893926148496,,,
R3,Stationary_WN,0.23452295616296737,0.1699025666368913,0.0,None,2,,,500,0.0,0.0,0.0,0.0,13.10347868787267,,,
R4,Trending_MeanShift,0.9999689789102004,0.9998760315225805,0.0,None,250,,,500,,,0.0,0.0,1.191183798392021,,250.0,
R1,Composite,0.9970039873331944,0.966353517935681,0.0,36,36,36.0,72.0,500,0.3614133398474433,-2.883745546554679e-05,20.81748815919574,6.934213477828472,1.0356816093193326,,,
R2,Seasonal,0.705179880306489,0.9500196066891563,0.0,36,36,36.0,72.0,500,0.0,0.0,24.95652069010204,10.688220670720563,1.1248477980172173,,,
R3,Stationary_WN,0.13738898699827073,0.10486397618409415,0.0,None,4,,,500,0.0,0.0,0.0,0.0,12.433301923844969,,,
R4,Trending_ExponentialGrowth,0.9947211780878601,0.2761873532685595,0.0,None,24,,,500,,,0.0,0.0,1.4760757009737984,,,
R1,Composite,0.9993300967851947,0.9940436573776034,0.0,36,36,36.0,72.0,500,0.335981634547708,4.333298917375451e-05,24.38708852180428,3.2068112184407322,0.7195214461424292,,,
R2,Seasonal,0.715228418996795,0.8993673456319409,0.0,36,36,36.0,72.0,500,0.0,0.0,17.51949673851908,11.069061607360206,0.9342514076834767,,,
R3,Stationary_WN,0.1543794594479243,0.13268225350531293,0.0,None,3,,,500,0.0,0.0,0.0,0.0,6.7977073325336494,,,
R4,Trending_RandomWalkDrift,0.9905933521399538,0.16291014077155452,0.0,None,24,,,500,,,0.0,0.0,0.8202930320519933,,,0.10214047002524357
R1,Composite,0.9968721032671493,0.9820034862367645,0.0,12,12,12.0,24.0,500,0.21529877606649367,4.317176966543906e-05,19.740724361407718,4.007722946975464,1.4256470662287164,,,
R2,Seasonal,0.7313290848017007,0.8470343569587699,0.0,12,12,12.0,24.0,500,0.0,0.0,10.445428946915579,8.505638948665727,1.362386910959855,,,
R3,Stationary_WN,0.30387303383268327,0.1804403521410206,0.0,None,2,,,500,0.0,0.0,0.0,0.0,10.096812636174787,,,
R4,Trending_RandomWalkDrift,0.9976930027733333,0.13643925447900318,0.0,None,24,,,500,,,0.0,0.0,1.0511221161330333,,,-0.2768731553036804
R1,Composite,0.9988137187197884,0.961430594987526,0.0,48,50,48.0,96.0,500,0.3925378530572896,1.891822570250573e-05,14.139803809959675,4.712461124522846,0.5576077912434709,,,
R2,Seasonal,0.6217672894472952,0.949833051779684,0.0,48,50,48.0,96.0,500,0.0,0.0,17.864218056823447,6.556461107638214,1.3229917905207933,,,
R3,Stationary_WN,0.11673537230174746,0.15974925977765775,0.0,None,5,,,500,0.0,0.0,0.0,0.0,10.578407663609816,,,
R4,Trending_RandomWalkDrift,0.9842547555547081,0.9189153166555413,0.0,None,250,,,500,,,0.0,0.0,1.083799620413167,,,0.11737841290669687
R1,Composite,0.9890917424900003,0.952473011425384,0.0,48,50,48.0,96.0,500,-0.12442827479789348,-2.6489732127997045e-05,12.882524726743409,4.01873279140123,0.9521622096347906,,,
R2,Seasonal,0.6374330543533258,0.8692680286930523,0.0,48,50,48.0,96.0,500,0.0,0.0,13.95285764412207,8.865565172991351,1.5489965756476192,,,
R3,Stationary_WN,0.15365782358838898,0.2533508468873492,0.0,None,7,,,500,0.0,0.0,0.0,0.0,9.724749275668021,,,
R4,Trending_RandomWalkDrift,0.9920228848331596,0.9484423045397792,0.0,None,250,,,500,,,0.0,0.0,1.090883636577361,,,0.292168784382163
R1,Composite,0.9909243872758589,0.9589603104239005,0.0,48,50,48.0,96.0,500,0.21005587946261475,2.3649474897174784e-05,21.240467871637108,6.980380046423574,1.2349645083574796,,,
R2,Seasonal,0.6287574079585481,0.9577628786759391,0.0,48,50,48.0,96.0,500,0.0,0.0,13.43796346528566,4.572085753016333,0.7338483605213308,,,
R3,Stationary_AR,0.03330950866665472,0.5022981455961963,0.0,None,167,,,500,0.0,0.0,0.0,0.0,5.0,0.4143195571653749,,
R4,Trending_MeanShift,0.9999258133119644,0.9997015719748312,0.0,None,250,,,500,,,0.0,0.0,0.7134147870069368,,250.0,
R1,Composite,0.9968088266062003,0.9706556545772959,0.0,36,36,36.0,72.0,500,0.34257715941230527,1.360908706696034e-05,23.281584298176682,7.41672759257456,0.8526130892778171,,,
R2,Seasonal,0.6799841344002004,0.9157710389390128,0.0,36,36,36.0,72.0,500,0.0,0.0,19.84070460198973,10.777238378576111,1.935415682359367,,,
R3,Stationary_AR,0.12582519925206148,0.3261312331770765,0.0,None,62,,,500,0.0,0.0,0.0,0.0,5.0,0.6805682124040171,,
R4,Trending_RandomWalkDrift,0.9278569704331013,0.0027176641110314703,0.0,None,24,,,500,,,0.0,0.0,1.3413290600917223,,,-0.12442123372844233
R1,Composite,0.998774606960715,0.987432430282311,0.0,48,50,48.0,96.0,500,-0.3287885209831851,-3.497885136105831e-05,21.890446364451314,2.6853209561849614,0.9786200795624191,,,
R2,Seasonal,0.5899751158723063,0.9780094206938771,0.0,48,50,48.0,96.0,500,0.0,0.0,18.921198217869886,4.356775346380191,0.6319416532823028,,,
R3,Stationary_WN,0.13903309369784955,0.24830532872903321,0.0,None,7,,,500,0.0,0.0,0.0,0.0,5.880081800480487,,,
R4,Trending_MeanShift,0.9999785021637091,0.9999140502406739,0.0,None,250,,,500,,,0.0,0.0,0.6566765421183854,,250.0,
R1,Composite,0.9994399032616068,0.9934201017891093,0.0,36,36,36.0,72.0,500,-0.3757089239667565,-2.8768342232881655e-05,23.17450906280404,3.0907146532168035,0.7602439200369661,,,
R2,Seasonal,0.7174793366129991,0.9204617596397576,0.0,36,36,36.0,72.0,500,0.0,0.0,14.646975639450545,8.20041427294277,0.5651007217751305,,,
R3,Stationary_AR,0.015181595116566915,0.26675210846385466,0.0,None,38,,,500,0.0,0.0,0.0,0.0,5.0,0.43461466198659765,,
R4,Trending_ExponentialGrowth,0.9823873750593809,0.2717223300897015,0.0,None,24,,,500,,,0.0,0.0,0.8769473208394252,,,
R1,Composite,0.9917324236944305,0.9660020726929784,0.0,48,50,48.0,96.0,500,-0.16056402651282517,-3.670395136592851e-05,17.508812889998346,4.968901617983365,0.9325174148795327,,,
R2,Seasonal,0.6794526175410152,0.8554808611083794,0.0,48,50,48.0,96.0,500,0.0,0.0,16.16758683986899,11.572250500747657,1.0254036449821902,,,
R3,Stationary_AR,0.14748595008888132,0.3233955255839237,0.0,None,36,,,500,0.0,0.0,0.0,0.0,5.0,0.6151540136683151,,
R4,Trending_ExponentialGrowth,0.9898287533247657,0.28529835150250193,0.0,None,24,,,500,,,0.0,0.0,1.4871792311615937,,,
R1,Composite,0.9973525731768101,0.9890472147426262,0.0,24,24,24.0,48.0,500,0.21746505941958238,-3.4844301323143e-05,19.964238349758176,3.011075472069167,0.9856789455961786,,,
R2,Seasonal,0.6981575206023085,0.9710441869204621,0.0,24,24,24.0,48.0,500,0.0,0.0,27.91520418492453,8.789646487756755,1.0700730147924753,,,
R3,Stationary_AR,0.16661128361383803,0.29270835442203,0.0,None,21,,,500,0.0,0.0,0.0,0.0,5.0,0.5394283423527518,,
R4,Trending_ExponentialGrowth,0.9863309426745576,0.24419693908271578,0.0,None,24,,,500,,,0.0,0.0,0.9169723584836318,,,
R1,Composite,0.9982353227163974,0.9392156391656359,0.0,48,50,48.0,96.0,500,-0.25847360376785533,-4.514664595692714e-05,9.38329354928399,3.4989753760962357,0.7667033503080857,,,
R2,Seasonal,0.6645444475811408,0.9345435788898606,0.0,48,50,48.0,96.0,500,0.0,0.0,15.347137074297803,6.9337895738516275,0.6496324676259901,,,
R3,Stationary_WN,0.002935738807888333,0.34518028859513183,0.0,None,100,,,500,0.0,0.0,0.0,0.0,12.84076480505782,,,
R4,Trending_RandomWalkDrift,0.9979847522477314,0.17372228732643202,0.0,None,24,,,500,,,0.0,0.0,0.9665027326589375,,,-0.4262700665391109
R1,Composite,0.9965859783484117,0.9699057866716871,0.0,36,36,36.0,72.0,500,0.30866029865609973,4.076595871693459e-05,22.337830285279125,6.984852242018681,1.2918131427448003,,,
R2,Seasonal,0.007854657390712672,0.9890902636695839,0.0,36,71,36.0,72.0,500,0.0,0.0,11.358158002241565,11.589832325529521,1.2732215889482883,,,
R3,Stationary_AR,0.09254638899731038,0.2900901386599195,0.0,None,29,,,500,0.0,0.0,0.0,0.0,5.0,0.4035295683959311,,
R4,Trending_MeanShift,0.9997604809857067,0.9990509550879285,0.0,None,250,,,500,,,0.0,0.0,1.3898244081308426,,250.0,
R1,Composite,0.9954281433156783,0.971747871100438,0.0,24,24,24.0,48.0,500,-0.23597863355233642,4.771356577729591e-05,17.2199452975518,5.017987768655762,0.9843316242674888,,,
R2,Seasonal,0.6611889659899863,0.9100438239098289,0.0,24,24,24.0,48.0,500,0.0,0.0,14.471013218170942,7.710798644192724,1.7807077704448537,,,
R3,Stationary_WN,0.0026143539998052523,0.24070995303514875,0.0,None,36,,,500,0.0,0.0,0.0,0.0,9.562000152988738,,,
R4,Trending_RandomWalkDrift,0.9949384021397726,0.6660444251708203,0.0,None,167,,,500,,,0.0,0.0,0.5572870287784756,,,0.3918544781656331
R1,Composite,0.9835238626976383,0.9476014714373704,0.0,36,36,36.0,72.0,500,-0.17691474157821224,3.6066033146780625e-05,18.304021519883023,7.774036124810464,1.3328308383265113,,,
R2,Seasonal,0.6787262705370483,0.9830668048215985,0.0,36,36,36.0,72.0,500,0.0,0.0,28.17679804970553,6.513556115275181,1.131265767977824,,,
R3,Stationary_WN,0.18749572281366944,0.11024262390746054,0.0,None,2,,,500,0.0,0.0,0.0,0.0,12.904309019154535,,,
R4,Trending_RandomWalkDrift,0.9978692109807977,0.960144900221699,0.0,None,250,,,500,,,0.0,0.0,0.8807857952413082,,,0.3452868876041999
R1,Composite,0.9982704396212416,0.9816192657130013,0.0,48,50,48.0,96.0,500,0.29093516052435625,-1.0874881037438398e-05,17.75481458932162,3.180635518490552,0.7412248819127507,,,
R2,Seasonal,0.017288147360291606,0.9830697036123962,0.0,48,100,48.0,96.0,500,0.0,0.0,11.451294576169094,8.675740239905007,0.7231530073317072,,,
R3,Stationary_WN,0.13366075726796411,0.0005993303765989832,0.0,None,2,,,500,0.0,0.0,0.0,0.0,8.731836227599167,,,
R4,Trending_MeanShift,0.9997444997075895,0.9989928102301067,0.0,None,250,,,500,,,0.0,0.0,1.1438575867982304,,250.0,
R1,Composite,0.9980884466521476,0.9708107466352042,0.0,48,100,48.0,96.0,500,-0.24263299325184412,2.3021003989213198e-05,9.054634261065102,7.280949322337096,1.1986555833993897,,,
R2,Seasonal,0.5937849834155686,0.8563276284034389,0.0,48,50,48.0,96.0,500,0.0,0.0,12.650021760068917,7.859625540503638,1.8976082693036567,,,
R3,Stationary_WN,0.10793036325415784,0.136626958871497,0.0,None,2,,,500,0.0,0.0,0.0,0.0,8.501045770010299,,,
R4,Trending_MeanShift,0.9999660007937509,0.9998638786486538,0.0,None,250,,,500,,,0.0,0.0,0.5103167159163647,,250.0,
R1,Composite,0.9974655109610189,0.9861924289658833,0.0,24,24,24.0,48.0,500,0.26141139038088257,-1.868945807533632e-05,21.88070822751895,4.258240414103698,1.1054666075533266,,,
R2,Seasonal,0.6991532362883484,0.9624868404028186,0.0,24,24,24.0,48.0,500,0.0,0.0,26.612851785272028,9.671064128028505,1.086394395963351,,,
R3,Stationary_WN,0.09877752142605678,0.0978391627637808,0.0,None,3,,,500,0.0,0.0,0.0,0.0,5.904023821023357,,,
R4,Trending_MeanShift,0.9999715135518518,0.9998868583689214,0.0,None,250,,,500,,,0.0,0.0,0.8986761279482913,,250.0,
R1,Composite,0.9986674389548402,0.9922440988516034,0.0,24,24,24.0,48.0,500,0.18975685394966788,-2.8753575387173434e-05,14.77606502291756,2.1180004970767414,0.5367170476827563,,,
R2,Seasonal,0.6904508383433708,0.9517529641605611,0.0,24,24,24.0,48.0,500,0.0,0.0,18.1995943489963,7.493517026899405,1.0584805556246022,,,
R3,Stationary_WN,0.19404429036467374,0.2004865623609653,0.0,None,3,,,500,0.0,0.0,0.0,0.0,8.741133817034436,,,
R4,Trending_MeanShift,0.9998687682978841,0.9994802225548046,0.0,None,250,,,500,,,0.0,0.0,1.1987528060729211,,250.0,
R1,Composite,0.9982466581134843,0.9131625451961904,0.0,12,12,12.0,24.0,500,0.35830390466889483,4.3786249232966e-05,10.347672604837044,5.559014058576716,1.4499489783019543,,,
R2,Seasonal,0.743464647886801,0.9130079925993307,0.0,12,12,12.0,24.0,500,0.0,0.0,19.808739941849037,11.855180724270227,1.375381772986489,,,
R3,Stationary_AR,0.25208346049236463,0.19809198270830408,0.0,None,11,,,500,0.0,0.0,0.0,0.0,5.0,0.47026378971332256,,
R4,Trending_MeanShift,0.9999595132521809,0.9998379465842311,0.0,None,250,,,500,,,0.0,0.0,1.395837857467575,,250.0,
R1,Composite,0.9970574383363214,0.9738017287547722,0.0,24,24,24.0,48.0,500,-0.3268914432765477,-3.275672724276058e-05,22.982448750018435,7.034791799539536,0.5259682386142237,,,
R2,Seasonal,0.6854942606726611,0.9458008177044434,0.0,24,24,24.0,48.0,500,0.0,0.0,25.897510054508018,11.071805732872253,1.712322809689888,,,
R3,Stationary_AR,0.16550749333043457,0.3772479230689615,0.0,None,28,,,500,0.0,0.0,0.0,0.0,5.0,0.4298582437610265,,
R4,Trending_MeanShift,0.9999871065862633,0.9999483255043248,0.0,None,250,,,500,,,0.0,0.0,0.6721713385283515,,250.0,
R1,Composite,0.9943496393878328,0.9193627384140914,0.0,24,24,24.0,48.0,500,-0.2061900571214211,-2.660463939095417e-05,11.300943117695097,5.787098380480462,1.1177740338493583,,,
R2,Seasonal,0.6756928170615771,0.9201281877183859,0.0,24,24,24.0,48.0,500,0.0,0.0,18.77631050144844,9.990261897623661,1.8789091543489524,,,
R3,Stationary_AR,0.16515093318784424,0.2859008218869339,0.0,None,17,,,500,0.0,0.0,0.0,0.0,5.0,0.4870531159322882,,
R4,Trending_ExponentialGrowth,0.9993373545124813,0.2930355763915089,0.0,None,24,,,500,,,0.0,0.0,0.9057115208393985,,,
R1,Composite,0.9927982827721821,0.9414411258625695,0.0,24,24,24.0,48.0,500,0.13952627581607324,1.8586968982537825e-05,10.363490470793419,4.216539533218524,1.0228378884144291,,,
R2,Seasonal,0.6907879925303206,0.9221479655861105,0.0,24,24,24.0,48.0,500,0.0,0.0,18.9809063461802,9.907454349354374,1.2746976880255845,,,
R3,Stationary_AR,0.05214509815272084,0.22201589887849693,0.0,None,62,,,500,0.0,0.0,0.0,0.0,5.0,0.6845733649084963,,
R4,Trending_MeanShift,0.9999625678645297,0.9998498312347268,0.0,None,250,,,500,,,0.0,0.0,0.9870014937525887,,250.0,
R1,Composite,0.9802565856240635,0.8685860041741995,0.0,36,36,36.0,72.0,500,0.10655500422988973,1.9179833785189546e-05,8.746774068939082,6.334983818754823,0.6890873774138019,,,
R2,Seasonal,0.6900661407746764,0.8708102248726881,0.0,36,36,36.0,72.0,500,0.0,0.0,16.184554405802288,11.135476332881622,1.6976637501025562,,,
R3,Stationary_WN,0.24054107507427291,0.21721925152827792,0.0,None,4,,,500,0.0,0.0,0.0,0.0,13.923753980659917,,,
R4,Trending_RandomWalkDrift,0.9977319571508468,0.928932392694218,0.0,None,250,,,500,,,0.0,0.0,1.18974324953141,,,0.4614606722881799
R1,Composite,0.9865683670197083,0.9463872879275428,0.0,48,50,48.0,96.0,500,0.11373053448222441,1.5057331458308735e-05,12.222106434526188,2.615611308167116,1.4806441632357585,,,
R2,Seasonal,0.5632201914274697,0.9771829129411391,0.0,48,50,48.0,96.0,500,0.0,0.0,18.87786601514661,4.0738284765888455,0.9286449538448167,,,
R3,Stationary_WN,0.16459598697031497,0.06458707355936177,0.0,None,2,,,500,0.0,0.0,0.0,0.0,6.075028105725426,,,
R4,Trending_ExponentialGrowth,0.9980111979031794,0.2510268844117317,0.0,None,24,,,500,,,0.0,0.0,1.3071377783245046,,,
R1,Composite,0.9809901592963927,0.9736148510023951,0.0,36,36,36.0,72.0,500,-0.14038147058111725,2.584923530061639e-05,22.545786405320264,6.465414984328009,1.1890372524346773,,,
R2,Seasonal,0.7157608263429456,0.9804713134199103,0.0,36,36,36.0,72.0,500,0.0,0.0,29.876918299334335,7.924615913155513,0.5243840858097046,,,
R3,Stationary_WN,0.31157443907415316,0.1744347434157174,0.0,None,2,,,500,0.0,0.0,0.0,0.0,7.615712692496466,,,
R4,Trending_ExponentialGrowth,0.9975574360118813,0.19868291884063827,0.0,None,24,,,500,,,0.0,0.0,0.6148760974459274,,,
R1,Composite,0.9987013342220482,0.9564586067174372,0.0,24,24,24.0,48.0,500,-0.2680817339673076,-3.521705643578373e-05,9.763999796526324,3.6537911594354266,0.6602028726016269,,,
R2,Seasonal,0.6825930155730769,0.9833231765724013,0.0,24,24,24.0,48.0,500,0.0,0.0,23.705411447987114,5.4921345936565915,0.9437502376944205,,,
R3,Stationary_AR,0.24597943804944178,0.3278510639888246,0.0,None,12,,,500,0.0,0.0,0.0,0.0,5.0,0.4749773149934996,,
R4,Trending_RandomWalkDrift,0.9788950476977717,0.9248598638518792,0.0,None,250,,,500,,,0.0,0.0,0.915838815946885,,,0.38728091751966676
R1,Composite,0.9944334032452924,0.9348331136359856,0.0,48,50,48.0,96.0,500,-0.2154273492160644,2.558516950490203e-05,11.562727236771813,4.178215397019505,1.2671848225236735,,,
R2,Seasonal,0.5579079544925285,0.9550909236951419,0.0,48,50,48.0,96.0,500,0.0,0.0,16.049446677987603,4.868766613394497,1.179211628660575,,,
R3,Stationary_AR,0.14492840977880728,0.2183794574751614,0.0,None,16,,,500,0.0,0.0,0.0,0.0,5.0,0.47444455230638605,,
R4,Trending_MeanShift,0.9998749352251272,0.9995020910510614,0.0,None,250,,,500,,,0.0,0.0,0.9090522929686515,,250.0,
R1,Composite,0.9929428733661361,0.9078506510055796,0.0,48,50,48.0,96.0,500,-0.22638634001440627,-2.2028889979006584e-05,12.699660993434305,6.536762561701778,1.2270780632119167,,,
R2,Seasonal,0.5910676451621688,0.9771337542378695,0.0,48,50,48.0,96.0,500,0.0,0.0,29.186672016053436,6.90623132794692,0.8761002791694337,,,
R3,Stationary_WN,0.11203024256167726,0.16664523364117645,0.0,None,4,,,500,0.0,0.0,0.0,0.0,11.85710435762248,,,
R4,Trending_RandomWalkDrift,0.9968732932058294,0.9261349949105269,0.0,None,250,,,500,,,0.0,0.0,0.8330093488117971,,,0.27680850650405575
R1,Composite,0.9963210614237522,0.9895822170825812,0.0,12,12,12.0,24.0,500,-0.17972580637321886,2.0098470729821845e-05,20.71177676232685,3.7477527049469908,0.8626657551753367,,,
R2,Seasonal,0.7186317123770086,0.9732890990673826,0.0,12,12,12.0,24.0,500,0.0,0.0,28.367462924053154,8.625059007839763,1.7179321674304058,,,
R3,Stationary_AR,0.3512753288387982,0.21084863336759618,0.0,None,24,,,500,0.0,0.0,0.0,0.0,5.0,0.6991559280206343,,
R4,Trending_RandomWalkDrift,0.9978403446364064,0.23791665376397875,0.0,None,24,,,500,,,0.0,0.0,0.912419277853873,,,-0.3498252673613532
R1,Composite,0.9969517130027876,0.941713968111698,0.0,24,24,24.0,48.0,500,0.33566834701168563,3.8412876140040805e-05,16.079613567696047,6.840494030243019,1.4033092155340636,,,
R2,Seasonal,0.7030262409627721,0.9237157281248942,0.0,24,24,24.0,48.0,500,0.0,0.0,19.697297030872864,10.567188799257178,0.979154596100069,,,
R3,Stationary_WN,0.3224289648831221,0.12072143486100584,0.0,None,2,,,500,0.0,0.0,0.0,0.0,5.313798471193513,,,
R4,Trending_ExponentialGrowth,0.9944625842990754,0.1891640837141647,0.0,None,24,,,500,,,0.0,0.0,1.4677724077212586,,,
R1,Composite,0.9990884554658981,0.9620511478556513,0.0,24,24,24.0,48.0,500,0.34510525710523654,4.027268023309853e-05,11.260971305104842,3.2332350395819445,1.000751983569251,,,
R2,Seasonal,0.6762285797739748,0.984558983677617,0.0,24,24,24.0,48.0,500,0.0,0.0,27.476444525468935,6.018327287707081,1.1600446455904188,,,
R3,Stationary_WN,0.0,0.2782801780732186,0.0,None,62,,,500,0.0,0.0,0.0,0.0,5.969633374964522,,,
R4,Trending_MeanShift,0.9998919047043531,0.9995700389201753,0.0,None,250,,,500,,,0.0,0.0,1.1913775792786,,250.0,
R1,Composite,0.9780492313107173,0.9720022061752037,0.0,12,12,12.0,24.0,500,-0.14467814144673957,3.303286937075464e-05,24.029843924793628,7.807018339471141,1.0658572537300899,,,
R2,Seasonal,0.7225931687221046,0.8483958469376118,0.0,12,12,12.0,24.0,500,0.0,0.0,10.53768248114126,8.405114923743454,1.5366817309965521,,,
R3,Stationary_WN,0.12045006534199043,0.18081138493880067,0.0,None,6,,,500,0.0,0.0,0.0,0.0,9.627888984963377,,,
R4,Trending_RandomWalkDrift,0.996180754954796,0.2322503033167853,0.0,None,24,,,500,,,0.0,0.0,0.9495052069874569,,,0.3491369926596525
R1,Composite,0.9976452469477213,0.9322932007055668,0.0,48,50,48.0,96.0,500,-0.28397860286137744,-2.3329362186833544e-05,10.678159238982758,4.9629185403662,0.5161398129449032,,,
R2,Seasonal,0.6433749089693773,0.8851307007050395,0.0,48,50,48.0,96.0,500,0.0,0.0,19.554945926526557,11.642767773799562,1.955438179919999,,,
R3,Stationary_WN,0.08169596946322943,0.20156174797976567,0.0,None,5,,,500,0.0,0.0,0.0,0.0,14.784709624243622,,,
R4,Trending_ExponentialGrowth,0.9995949862531175,0.1856483226408705,0.0,None,24,,,500,,,0.0,0.0,0.5516935062244773,,,
R1,Composite,0.9979504870802534,0.9812468880049077,0.0,48,50,48.0,96.0,500,0.3120815620576167,-4.130100050778327e-05,19.56369689076476,4.078434033223462,0.5877858820776707,,,
R2,Seasonal,0.6256116293482705,0.9690416203111535,0.0,48,50,48.0,96.0,500,0.0,0.0,29.25025607673048,8.420398020116238,0.6940929048285001,,,
R3,Stationary_WN,0.153286626778959,0.08597047559359772,0.0,None,3,,,500,0.0,0.0,0.0,0.0,8.81770415641796,,,
R4,Trending_ExponentialGrowth,0.9861451173600694,0.16130457676589216,0.0,None,24,,,500,,,0.0,0.0,1.142252552876338,,,
R1,Composite,0.9915073412491903,0.9779079153252963,0.0,12,12,12.0,24.0,500,-0.14339563227114163,3.753223164299723e-05,15.944397620882624,4.683492935338281,0.5317073123925561,,,
R2,Seasonal,0.720504358172138,0.892583943924548,0.0,12,12,12.0,24.0,500,0.0,0.0,12.528185057304944,8.113941692257121,1.4541616419981396,,,
R3,Stationary_AR,0.1210747682081188,0.325867635979477,0.0,None,56,,,500,0.0,0.0,0.0,0.0,5.0,0.6296105069822132,,
R4,Trending_ExponentialGrowth,0.9970009215179318,0.32558196913188575,0.0,None,24,,,500,,,0.0,0.0,0.7414116718009972,,,
R1,Composite,0.9932275275514164,0.9636428054865905,0.0,48,50,48.0,96.0,500,-0.19429585306159453,-1.5950348725085468e-05,17.26164983391194,5.516162788937427,0.5115631642662523,,,
R2,Seasonal,0.02780032097771834,0.9847715692948324,0.0,48,100,48.0,96.0,500,0.0,0.0,12.881091507148081,9.859922779651956,0.6158107330358044,,,
R3,Stationary_WN,0.18673682034047712,0.1172486889586829,0.0,None,3,,,500,0.0,0.0,0.0,0.0,9.995539696727741,,,
R4,Trending_ExponentialGrowth,0.9894509803501477,0.23676125534878667,0.0,None,24,,,500,,,0.0,0.0,1.1909405653466942,,,
R1,Composite,0.9965663378248932,0.9785414789143632,0.0,24,24,24.0,48.0,500,0.22676586658109196,-1.3630159772866605e-05,17.796672056673255,3.4340661100600993,1.4475403597409444,,,
R2,Seasonal,0.6721956646678799,0.976420348355414,0.0,24,24,24.0,48.0,500,0.0,0.0,28.549921390094877,7.524187776488195,1.5777255095383038,,,
R3,Stationary_WN,0.1455153671474737,0.1516774601351819,0.0,None,3,,,500,0.0,0.0,0.0,0.0,10.975730106412643,,,
R4,Trending_RandomWalkDrift,0.9910417964946439,0.15375042131480898,0.0,None,24,,,500,,,0.0,0.0,1.217224969942654,,,0.41891897404137046
R1,Composite,0.9975303639314561,0.934199403204849,0.0,12,12,12.0,24.0,500,-0.36774861741593046,2.3276772711899405e-05,13.612077376747983,7.114015008220917,0.7539941293632312,,,
R2,Seasonal,0.7508977844131163,0.9512790885262078,0.0,12,12,12.0,24.0,500,0.0,0.0,25.11042767166341,11.445962568792435,0.8423538855998276,,,
R3,Stationary_AR,0.19906069655447955,0.34708712291867194,0.0,None,21,,,500,0.0,0.0,0.0,0.0,5.0,0.520930947181532,,
R4,Trending_RandomWalkDrift,0.9967325937571406,0.17586183026266855,0.0,None,24,,,500,,,0.0,0.0,1.334575014886271,,,0.35418415831333194
R1,Composite,0.9982174786971836,0.9609471085422228,0.0,36,36,36.0,72.0,500,-0.23952353463234302,2.985082392249312e-05,9.739987262484325,2.3753696137921874,1.1488476286323674,,,
R2,Seasonal,0.7151837138555597,0.9146197026178713,0.0,36,36,36.0,72.0,500,0.0,0.0,12.118014990723811,6.974779117419339,0.6059988056618324,,,
R3,Stationary_WN,0.1756149622522778,0.15122753426799906,0.0,None,3,,,500,0.0,0.0,0.0,0.0,7.382366147873651,,,
R4,Trending_ExponentialGrowth,0.9876366750776805,0.22302233841196517,0.0,None,24,,,500,,,0.0,0.0,0.7759540538424547,,,
R1,Composite,0.9879920771471404,0.9401840700787885,0.0,48,50,48.0,96.0,500,-0.20582049499155747,4.566803948543747e-05,16.223530465778424,5.985482987017022,1.4224766858270517,,,
R2,Seasonal,0.6772920064133221,0.9088577858307548,0.0,48,50,48.0,96.0,500,0.0,0.0,19.912020291938873,11.044331978874919,0.5344124430470958,,,
R3,Stationary_WN,0.12523581178141074,0.11515376809101707,0.0,None,3,,,500,0.0,0.0,0.0,0.0,7.55423146646251,,,
R4,Trending_MeanShift,0.9999830232001423,0.9999321948717447,0.0,None,250,,,500,,,0.0,0.0,0.5356434020655152,,250.0,
R1,Composite,0.9645573882985174,0.8275844710636282,0.0,36,36,36.0,72.0,500,-0.10080769258143174,1.5319019156901875e-05,8.21847535951602,7.017923477917726,0.9257722841397237,,,
R2,Seasonal,0.6755589965751372,0.7824037959014496,0.0,36,36,36.0,72.0,500,0.0,0.0,10.425228875283622,9.709704238487966,1.9672192880643444,,,
R3,Stationary_WN,0.07333160080937717,0.18854921006537162,0.0,None,7,,,500,0.0,0.0,0.0,0.0,6.489788871560908,,,
R4,Trending_ExponentialGrowth,0.9997679507353268,0.2835320631733361,0.0,None,24,,,500,,,0.0,0.0,0.5437966186629615,,,
R1,Composite,0.9953384865364419,0.938920342344208,0.0,24,24,24.0,48.0,500,0.27701625923255435,4.046946269877009e-05,16.134752878390678,7.270109223119409,1.3189245682654303,,,
R2,Seasonal,0.6836200060999372,0.9750570617238415,0.0,24,24,24.0,48.0,500,0.0,0.0,26.183960997254527,7.411009418639914,1.1901291461812857,,,
R3,Stationary_WN,0.06064387369556068,0.12586148804412123,0.0,None,8,,,500,0.0,0.0,0.0,0.0,6.339594325059425,,,
R4,Trending_RandomWalkDrift,0.9368779628823358,0.18956275591289906,0.0,None,24,,,500,,,0.0,0.0,0.8084692231710501,,,0.10705660520207788
R1,Composite,0.9972994161238223,0.9766018786313873,0.0,12,12,12.0,24.0,500,-0.21077399877094524,-1.2837353542399206e-05,14.991399379191908,4.165693771483499,0.9932277712258408,,,
R2,Seasonal,0.7086153107983335,0.9278987927478197,0.0,12,12,12.0,24.0,500,0.0,0.0,18.890658406858446,9.606991754649869,1.9600621795100466,,,
R3,Stationary_AR,0.01802783149381504,0.33285593088354615,0.0,None,56,,,500,0.0,0.0,0.0,0.0,5.0,0.639802507479268,,
R4,Trending_RandomWalkDrift,0.7866544691267983,0.36343841057211446,0.0,None,125,,,500,,,0.0,0.0,0.7636249238028828,,,-0.14274952066591134
R1,Composite,0.9984382186776732,0.9840972270554823,0.0,48,50,48.0,96.0,500,0.3565017013834484,4.4442324622735186e-05,24.030879688957594,3.5391991460912973,1.2954163679470065,,,
R2,Seasonal,0.6504631861519257,0.893024109494545,0.0,48,50,48.0,96.0,500,0.0,0.0,20.30728770597653,11.769391124762837,1.9218749809605615,,,
R3,Stationary_AR,0.1544654905179077,0.3519176454441767,0.0,None,19,,,500,0.0,0.0,0.0,0.0,5.0,0.602554007887462,,
R4,Trending_MeanShift,0.9999458929637988,0.9997839814351535,0.0,None,250,,,500,,,0.0,0.0,1.3236579259031396,,250.0,
R1,Composite,0.9914907329886069,0.9225391762986929,0.0,48,50,48.0,96.0,500,0.18160509108886003,-3.118979216342908e-05,11.093903342727362,5.327870178891591,0.8260289845945619,,,
R2,Seasonal,0.4546652190511601,0.9821197465366068,0.0,48,50,48.0,96.0,500,0.0,0.0,27.988403662476426,4.420344379173094,1.5485387892824212,,,
R3,Stationary_AR,0.17321401764484923,0.29482725249262454,0.0,None,29,,,500,0.0,0.0,0.0,0.0,5.0,0.6256023812259257,,
R4,Trending_ExponentialGrowth,0.978140659387196,0.17166685677835847,0.0,None,24,,,500,,,0.0,0.0,1.3078555737873039,,,
R1,Composite,0.9890969297346932,0.9601939396226867,0.0,48,50,48.0,96.0,500,-0.22106900068891636,1.3553813936809554e-05,22.320858684330457,6.98165559251821,1.2940286435953863,,,
R2,Seasonal,0.01121746537055568,0.9614792755917293,0.0,48,100,48.0,96.0,500,0.0,0.0,10.656797976956028,9.999672982116348,1.9635803174553343,,,
R3,Stationary_AR,0.11123009291542174,0.27131476218038275,0.0,None,16,,,500,0.0,0.0,0.0,0.0,5.0,0.418368879655173,,
R4,Trending_MeanShift,0.9997604723596195,0.9990483771114563,0.0,None,250,,,500,,,0.0,0.0,1.183032933167601,,250.0,
R1,Composite,0.9961284058463841,0.9452549747828242,0.0,48,50,48.0,96.0,500,-0.3811680438178795,2.1386390681552107e-05,19.38975102977101,7.815928126615549,0.9204195072311174,,,
R2,Seasonal,0.6392844669348625,0.8848692680265898,0.0,48,50,48.0,96.0,500,0.0,0.0,17.458744196581073,10.262708922119334,1.8611653703561966,,,
R3,Stationary_AR,0.10850860725372158,0.1916751860133269,0.0,None,17,,,500,0.0,0.0,0.0,0.0,5.0,0.42169294636328336,,
R4,Trending_RandomWalkDrift,0.9664368769462727,0.13396735442580243,0.0,None,24,,,500,,,0.0,0.0,1.3628214448333928,,,-0.10444221443387312
R1,Composite,0.998830306279463,0.9570269089468557,0.0,48,50,48.0,96.0,500,-0.26835494378066516,1.8507527712674185e-05,8.404441497240056,2.327819361554724,0.7904051990648506,,,
R2,Seasonal,0.6548931262335556,0.9325624286345013,0.0,48,50,48.0,96.0,500,0.0,0.0,19.98486653836298,9.225751536411895,1.1520581363106757,,,
R3,Stationary_WN,0.10958676178824456,0.2019034849121819,0.0,None,8,,,500,0.0,0.0,0.0,0.0,14.942803832417034,,,
R4,Trending_MeanShift,0.9995707466008983,0.9982903196980233,0.0,None,250,,,500,,,0.0,0.0,1.3917843812880035,,250.0,
R1,Composite,0.9985384921413175,0.9863634946596338,0.0,24,24,24.0,48.0,500,-0.29392375263268533,-2.7522487989409154e-05,20.355265245755092,4.3018876570714735,0.6404832623181665,,,
R2,Seasonal,0.6989447800429727,0.9537120889546528,0.0,24,24,24.0,48.0,500,0.0,0.0,10.481323834459255,4.285274435011486,0.530702964711443,,,
R3,Stationary_AR,0.35386342491899947,0.9316418933081198,0.0,None,250,,,500,0.0,0.0,0.0,0.0,5.0,0.6504929419939249,,
R4,Trending_MeanShift,0.9999531198101754,0.9998122527786811,0.0,None,250,,,500,,,0.0,0.0,0.774999220507444,,250.0,
R1,Composite,0.9962823793971834,0.9665031809163964,0.0,12,12,12.0,24.0,500,-0.2044124711656059,-4.611204954583605e-05,15.301884622449247,5.089011743922489,1.06351399949218,,,
R2,Seasonal,0.70994771636153,0.9720629574030002,0.0,12,12,12.0,24.0,500,0.0,0.0,23.096534564567925,7.05624911393011,1.5288512132363303,,,
R3,Stationary_AR,0.15883718691203597,0.2779330699759469,0.0,None,16,,,500,0.0,0.0,0.0,0.0,5.0,0.43026993003953384,,
R4,Trending_MeanShift,0.9999633889833579,0.9998537833027769,0.0,None,250,,,500,,,0.0,0.0,0.500362979132261,,250.0,
R1,Composite,0.9986323782947137,0.9672752938648398,0.0,48,100,48.0,96.0,500,-0.26786200010719163,-4.708874421395394e-05,9.139974980463707,7.286343321480877,1.3263517341887874,,,
R2,Seasonal,0.6335401041779228,0.926223818681686,0.0,48,50,48.0,96.0,500,0.0,0.0,19.62971538553915,8.804513410280293,1.780937966121305,,,
R3,Stationary_AR,0.15479601589657443,0.2545010164245076,0.0,None,24,,,500,0.0,0.0,0.0,0.0,5.0,0.4976637866446172,,
R4,Trending_RandomWalkDrift,0.9400541593904685,0.12296194385716042,0.0,None,125,,,500,,,0.0,0.0,0.9792392305288029,,,-0.1757757791739346
R1,Composite,0.9962874400341986,0.9690199727279308,0.0,36,36,36.0,72.0,500,-0.20859017542762467,4.542927499064973e-05,12.836784029333177,3.127811882204883,1.305809094788581,,,
R2,Seasonal,0.6991020971853332,0.9481109799341,0.0,36,36,36.0,72.0,500,0.0,0.0,28.257164347724437,11.9602838781668,1.7371160834235548,,,
R3,Stationary_WN,0.14621861208463682,0.24095951288989936,0.0,None,5,,,500,0.0,0.0,0.0,0.0,10.751417254042604,,,
R4,Trending_MeanShift,0.9997481499670858,0.9990102464710708,0.0,None,250,,,500,,,0.0,0.0,1.3245577551324788,,250.0,
R1,Composite,0.9825038138551692,0.9714783787833061,0.0,48,50,48.0,96.0,500,-0.10339724129004685,1.0161687951115918e-05,15.468415026476528,2.4441810259153884,1.2805630834393742,,,
R2,Seasonal,0.6103530276619438,0.969719033072539,0.0,48,50,48.0,96.0,500,0.0,0.0,19.71667940109797,5.577732967907164,0.9016753988521939,,,
R3,Stationary_AR,0.13086446117478423,0.19457550317143535,0.0,None,50,,,500,0.0,0.0,0.0,0.0,5.0,0.6472342151649897,,
R4,Trending_MeanShift,0.9999615441568072,0.9998461542515804,0.0,None,250,,,500,,,0.0,0.0,1.244163376774123,,250.0,
R1,Composite,0.9983660836108654,0.9926810829053185,0.0,24,24,24.0,48.0,500,-0.24112919823018483,-3.802267261486276e-05,24.92162507771354,3.793640267897989,0.597744846836801,,,
R2,Seasonal,0.6993904546625271,0.9461012210057522,0.0,24,24,24.0,48.0,500,0.0,0.0,21.21097452358161,9.263199488217797,1.0029480690403538,,,
R3,Stationary_AR,0.020572544398029247,0.23611955781977567,0.0,None,71,,,500,0.0,0.0,0.0,0.0,5.0,0.47074057464558483,,
R4,Trending_RandomWalkDrift,0.9960615711486774,0.7120521056481435,0.0,None,250,,,500,,,0.0,0.0,1.0948195665288436,,,-0.39414404202688635
R1,Composite,0.9986309309356605,0.907222295792848,0.0,36,36,36.0,72.0,500,0.3460719707874711,1.7131420475276622e-05,8.291033642242374,3.287943992385566,1.472747152364446,,,
R2,Seasonal,0.7112262924030981,0.886267126026858,0.0,36,36,36.0,72.0,500,0.0,0.0,14.58608987925725,9.6752897765661,1.0843864364094569,,,
R3,Stationary_AR,0.078430855556744,0.1505010230263556,0.0,None,62,,,500,0.0,0.0,0.0,0.0,5.0,0.556420854602417,,
R4,Trending_MeanShift,0.9998126523142141,0.9992613050158499,0.0,None,250,,,500,,,0.0,0.0,1.434776754826458,,250.0,
R1,Composite,0.999245424085062,0.9818722268330045,0.0,24,24,24.0,48.0,500,0.3709085364159109,2.380974793560353e-05,15.808971730412974,3.388953402868286,0.9892002924265672,,,
R2,Seasonal,0.6931436594271395,0.8940459109064327,0.0,24,24,24.0,48.0,500,0.0,0.0,18.431921640094448,11.786582749273688,1.5469679237566396,,,
R3,Stationary_AR,0.042426879357731595,0.3182612678976572,0.0,None,125,,,500,0.0,0.0,0.0,0.0,5.0,0.5598699290581578,,
R4,Trending_ExponentialGrowth,0.9958683080128318,0.2783433684219794,0.0,None,24,,,500,,,0.0,0.0,1.3530341850739425,,,
R1,Composite,0.9936135601136656,0.9899576469919484,0.0,36,36,36.0,72.0,500,0.13310280634806754,1.5286824031893355e-05,22.63809364316403,2.352309566316249,1.4861191890569514,,,
R2,Seasonal,0.6813027512293894,0.9893094114472716,0.0,36,36,36.0,72.0,500,0.0,0.0,29.48000997568744,5.333048158145963,1.0132871403502703,,,
R3,Stationary_WN,0.03976210148230064,0.3167619977389926,0.0,None,45,,,500,0.0,0.0,0.0,0.0,10.748170267103205,,,
R4,Trending_MeanShift,0.9999609370929531,0.9998441656300163,0.0,None,250,,,500,,,0.0,0.0,0.9834880212142875,,250.0,
R1,Composite,0.998834716482738,0.9768512423919216,0.0,12,12,12.0,24.0,500,-0.28806183125067597,-1.320332206651764e-05,13.368130382956362,3.8704976819551677,0.619220565668834,,,
R2,Seasonal,0.7141998139155519,0.8658139337700785,0.0,12,12,12.0,24.0,500,0.0,0.0,10.663972761688289,7.774823882579351,1.4811653244902807,,,
R3,Stationary_AR,0.09912748726795673,0.21136573198839226,0.0,None,23,,,500,0.0,0.0,0.0,0.0,5.0,0.5291409551420253,,
R4,Trending_MeanShift,0.9999512594311473,0.9998051302548119,0.0,None,250,,,500,,,0.0,0.0,0.7654575860007473,,250.0,
R1,Composite,0.993920644916882,0.9224728514445644,0.0,48,50,48.0,96.0,500,-0.2509827029231194,2.2357768843319447e-05,13.016614789565025,6.434413083063384,0.6758086916461513,,,
R2,Seasonal,0.628830548397079,0.9297914279445068,0.0,48,50,48.0,96.0,500,0.0,0.0,15.442929539473427,6.974747266880914,1.198231559577488,,,
R3,Stationary_WN,0.223145826707549,0.1219911309635262,0.0,None,2,,,500,0.0,0.0,0.0,0.0,9.27835529661763,,,
R4,Trending_RandomWalkDrift,0.9910934084531697,0.5941263832363599,0.0,None,167,,,500,,,0.0,0.0,1.1204559342909446,,,-0.4083568316108256
R1,Composite,0.9974859212962465,0.9771436496763474,0.0,24,24,24.0,48.0,500,-0.2889552191725512,4.4118727651199826e-05,17.74254627562827,3.7426269261127314,1.430870438394423,,,
R2,Seasonal,0.6547727917079108,0.9354063291957148,0.0,24,24,24.0,48.0,500,0.0,0.0,16.141951632565224,7.154635105337331,1.8012613834815858,,,
R3,Stationary_AR,0.23727944044830462,0.3031783660118702,0.0,None,16,,,500,0.0,0.0,0.0,0.0,5.0,0.455655142860848,,
R4,Trending_ExponentialGrowth,0.9974039945254835,0.24096344757291888,0.0,None,24,,,500,,,0.0,0.0,1.3159499069246077,,,
R1,Composite,0.9924019816056985,0.9496722337625719,0.0,24,24,24.0,48.0,500,0.19118881777326074,-1.415969499993952e-05,14.400950823149158,5.398695769595691,1.3590824769052245,,,
R2,Seasonal,0.6766236042981316,0.8935865368021005,0.0,24,24,24.0,48.0,500,0.0,0.0,12.723062222722136,7.7553823396123285,1.480423911511618,,,
R3,Stationary_WN,0.1470119751646919,0.16809036202969796,0.0,None,4,,,500,0.0,0.0,0.0,0.0,11.018917662910027,,,
R4,Trending_ExponentialGrowth,0.9974887434636,0.30112809719218725,0.0,None,24,,,500,,,0.0,0.0,0.8559581362666674,,,
R1,Composite,0.9948837123717713,0.9000428365219285,0.0,12,12,12.0,24.0,500,0.2769014491555196,-3.477266472920045e-05,11.425984843558057,7.570761119164585,0.5433275698690861,,,
R2,Seasonal,0.6896809055601767,0.9752846844845029,0.0,12,12,12.0,24.0,500,0.0,0.0,19.001921296617,5.049650601430362,1.2216677547510186,,,
R3,Stationary_WN,0.025916283663791173,0.3087803050955962,0.0,None,56,,,500,0.0,0.0,0.0,0.0,5.828888744430523,,,
R4,Trending_ExponentialGrowth,0.9802852523847637,0.3152425956822187,0.0,None,24,,,500,,,0.0,0.0,1.1986012199874383,,,
R1,Composite,0.997961242862072,0.9720770712946479,0.0,36,36,36.0,72.0,500,0.325225247478775,1.067561607567412e-05,17.935602850253446,5.0998981365168685,1.168862833732118,,,
R2,Seasonal,0.7067223298088872,0.9290804918642951,0.0,36,36,36.0,72.0,500,0.0,0.0,20.69980490521104,10.553958363722094,1.1665836017941384,,,
R3,Stationary_AR,0.0,0.23496145814638425,0.0,None,71,,,500,0.0,0.0,0.0,0.0,5.0,0.576200537089621,,
R4,Trending_MeanShift,0.9999868647646708,0.9999475336794,0.0,None,250,,,500,,,0.0,0.0,0.5030138203344054,,250.0,
R1,Composite,0.9915284432689804,0.9565212414073314,0.0,36,36,36.0,72.0,500,-0.21188721689994613,2.4530790903886254e-05,17.82438760598599,6.343307151873733,1.4476293056010392,,,
R2,Seasonal,0.6859287237714822,0.9722961126293171,0.0,36,36,36.0,72.0,500,0.0,0.0,27.464883528574376,7.998453441764089,1.4839654784193712,,,
R3,Stationary_WN,0.18256873442761867,0.12999031187862053,0.0,None,4,,,500,0.0,0.0,0.0,0.0,14.80590165116364,,,
R4,Trending_MeanShift,0.9999308512871212,0.9997250485965001,0.0,None,250,,,500,,,0.0,0.0,1.1648125387784174,,250.0,
R1,Composite,0.9991678617881194,0.9901097639506964,0.0,36,36,36.0,72.0,500,-0.3710905375269983,-4.832369822504947e-05,23.243356045567012,3.5010980445319717,1.1290052668265889,,,
R2,Seasonal,0.6577040338729446,0.9555994538354179,0.0,36,36,36.0,72.0,500,0.0,0.0,22.45943668788435,8.057667468478115,1.7838487807676908,,,
R3,Stationary_AR,0.013526917783292847,0.7302909049645147,0.0,None,250,,,500,0.0,0.0,0.0,0.0,5.0,0.5603087654553667,,
R4,Trending_ExponentialGrowth,0.9914511355379828,0.21655862771240253,0.0,None,24,,,500,,,0.0,0.0,0.9411906260189528,,,
R1,Composite,0.9856835286280363,0.9306538922752534,0.0,36,36,36.0,72.0,500,-0.1365247446462613,-2.1611534904160987e-05,13.726600264978916,7.05557340086964,0.59652730639348,,,
R2,Seasonal,0.5794081512922986,0.960669755342014,0.0,36,36,36.0,72.0,500,0.0,0.0,13.544115901118275,4.054422808831652,1.4321643153130998,,,
R3,Stationary_AR,0.07104959094244001,0.24061000063104443,0.0,None,36,,,500,0.0,0.0,0.0,0.0,5.0,0.41598601822419684,,
R4,Trending_ExponentialGrowth,0.9980071547110831,0.2660407189033879,0.0,None,24,,,500,,,0.0,0.0,0.6167489111144846,,,
R1,Composite,0.9762868123439592,0.9730704529880191,0.0,24,24,24.0,48.0,500,0.1029139801197525,-2.323793957931317e-05,17.97036237636327,4.837691733975697,1.0907338757817358,,,
R2,Seasonal,0.7000266067961637,0.9595388768563716,0.0,24,24,24.0,48.0,500,0.0,0.0,15.818744975733845,5.997117410771649,0.5988253477703441,,,
R3,Stationary_AR,0.005663392284360413,0.803441453836619,0.0,None,250,,,500,0.0,0.0,0.0,0.0,5.0,0.6826642571008683,,
R4,Trending_RandomWalkDrift,0.9974071257869518,0.2524755431623281,0.0,None,24,,,500,,,0.0,0.0,0.876371538385017,,,0.4912022433458526
R1,Composite,0.9803762997079266,0.9277709756625347,0.0,24,24,24.0,48.0,500,-0.1276471128740823,-2.6070614318327632e-05,14.528037614089364,7.511122690405735,0.9158195194994787,,,
R2,Seasonal,0.6845446023912165,0.9583006130426873,0.0,24,24,24.0,48.0,500,0.0,0.0,29.15621967656865,10.863845785280539,1.7242579191800647,,,
R3,Stationary_AR,0.07317318147561036,0.18292287103612348,0.0,None,50,,,500,0.0,0.0,0.0,0.0,5.0,0.5139632087346001,,
R4,Trending_RandomWalkDrift,0.9938804001580024,0.02334776582869602,0.0,None,24,,,500,,,0.0,0.0,1.289382701109818,,,0.45401196926436316
R1,Composite,0.9854380271301777,0.9786131687096192,0.0,24,24,24.0,48.0,500,-0.12292824248308588,2.4174456174117655e-05,18.55730359912498,4.771330067755006,0.9734732128548679,,,
R2,Seasonal,0.6896458299757033,0.9206634697715143,0.0,24,24,24.0,48.0,500,0.0,0.0,18.74880248739492,9.780301193997218,1.553655996405563,,,
R3,Stationary_WN,0.08458023323445685,0.3003365303118827,0.0,None,11,,,500,0.0,0.0,0.0,0.0,7.561021736353779,,,
R4,Trending_MeanShift,0.9999304745324273,0.9997212627747245,0.0,None,250,,,500,,,0.0,0.0,1.0847049804538234,,250.0,
R1,Composite,0.9898012887461908,0.9531920151089353,0.0,12,12,12.0,24.0,500,0.1733702844750103,4.142895527586159e-05,18.40378050006816,7.756518082060859,1.0980958719246283,,,
R2,Seasonal,0.02545172632638859,0.9852641687387101,0.0,12,24,12.0,24.0,500,0.0,0.0,12.475435963714816,11.541304953457768,1.7198597923236996,,,
R3,Stationary_AR,0.13342891539218082,0.34105358394955376,0.0,None,31,,,500,0.0,0.0,0.0,0.0,5.0,0.6434920951743549,,
R4,Trending_ExponentialGrowth,0.9962163310919587,0.264697383205703,0.0,None,24,,,500,,,0.0,0.0,0.5863165821357994,,,
R1,Composite,0.9960473990217268,0.9267621073032776,0.0,48,50,48.0,96.0,500,0.3664281041793661,-3.354719839683615e-05,16.151974686514674,7.635383127732745,1.0155722678701415,,,
R2,Seasonal,0.6434032870053801,0.9154553498258365,0.0,48,50,48.0,96.0,500,0.0,0.0,21.75688409349732,10.661882838958665,1.947384628741074,,,
R3,Stationary_WN,0.22479501053633444,0.08122178077727848,0.0,None,2,,,500,0.0,0.0,0.0,0.0,6.197813424166223,,,
R4,Trending_MeanShift,0.999970825320632,0.9998833609595009,0.0,None,250,,,500,,,0.0,0.0,0.6973131453674648,,250.0,
R1,Composite,0.9987453723770555,0.9809354255176107,0.0,12,12,12.0,24.0,500,0.36308404986342013,-3.187840850651392e-05,17.99629351416273,4.633278220976764,0.8904244893249169,,,
R2,Seasonal,0.7248169502812036,0.9923241154889774,0.0,12,12,12.0,24.0,500,0.0,0.0,24.986553942475084,4.044300850145578,0.7883696788681026,,,
R3,Stationary_WN,0.006297787713092973,0.22320085609048745,0.0,None,71,,,500,0.0,0.0,0.0,0.0,11.748325565905755,,,
R4,Trending_MeanShift,0.9998301846949629,0.9993180336053149,0.0,None,250,,,500,,,0.0,0.0,1.057942536769695,,250.0,
R1,Composite,0.9981047992086538,0.9631146140689643,0.0,48,50,48.0,96.0,500,0.36863269340681604,-1.9845413063115325e-05,16.461850465778777,4.952016965162562,0.9746534976884984,,,
R2,Seasonal,0.6626376408293897,0.9068248294109083,0.0,48,50,48.0,96.0,500,0.0,0.0,20.87337976377262,11.413294144072008,1.2406420802335543,,,
R3,Stationary_WN,0.15857599076397744,0.23501766944595115,0.0,None,6,,,500,0.0,0.0,0.0,0.0,5.996372151570232,,,
R4,Trending_ExponentialGrowth,0.9992413905322944,0.23953004078514073,0.0,None,24,,,500,,,0.0,0.0,0.7862132768948241,,,
R1,Composite,0.997233267963467,0.9541638755019112,0.0,24,24,24.0,48.0,500,0.36864080076181427,-2.4785665206905917e-05,17.317395626359087,6.767138943826673,1.0635545142036662,,,
R2,Seasonal,0.673868592007604,0.9899389874199637,0.0,24,24,24.0,48.0,500,0.0,0.0,27.35244345095407,4.795194149932831,0.9086609137139718,,,
R3,Stationary_AR,0.0,0.5382530956927668,0.0,None,167,,,500,0.0,0.0,0.0,0.0,5.0,0.6363797320610762,,
R4,Trending_ExponentialGrowth,0.9892866529883856,0.29870337010860437,0.0,None,24,,,500,,,0.0,0.0,1.4003682805502493,,,
R1,Composite,0.9988977687481012,0.9736755962628167,0.0,24,24,24.0,48.0,500,-0.27537181518002846,-1.569622950273393e-05,11.560663895754516,3.04174376284443,0.860960251890652,,,
R2,Seasonal,0.6762695829795449,0.9559890926132046,0.0,24,24,24.0,48.0,500,0.0,0.0,18.56889378010051,6.766506491870467,1.3123452593461975,,,
R3,Stationary_AR,0.3991793475736487,0.3038069463385681,0.0,None,8,,,500,0.0,0.0,0.0,0.0,5.0,0.5518366909197313,,
R4,Trending_ExponentialGrowth,0.9960559321643477,0.29655096576661155,0.0,None,24,,,500,,,0.0,0.0,0.7215995912594527,,,
R1,Composite,0.9964036234963538,0.9754296945089932,0.0,12,12,12.0,24.0,500,-0.16213467925212233,-1.5945122830618744e-05,13.150016298287152,2.5081224648834164,1.2301845805944924,,,
R2,Seasonal,0.7346032011061931,0.9743958205947381,0.0,12,12,12.0,24.0,500,0.0,0.0,26.504805391863254,8.281057905978376,1.2302453284018484,,,
R3,Stationary_WN,0.02170103918069699,0.22593290083225726,0.0,None,16,,,500,0.0,0.0,0.0,0.0,5.936405883594907,,,
R4,Trending_MeanShift,0.9999561473359784,0.9998240388665807,0.0,None,250,,,500,,,0.0,0.0,1.363308113136974,,250.0,
R1,Composite,0.9938999957367433,0.9535332083088058,0.0,12,12,12.0,24.0,500,0.22246046767721817,2.333678225595391e-05,17.135725853771525,6.6140745939816235,1.4923887585299007,,,
R2,Seasonal,0.7428497124424869,0.930369241740488,0.0,12,12,12.0,24.0,500,0.0,0.0,10.838243632058319,5.831597282500232,0.7145478217369301,,,
R3,Stationary_WN,0.1830154488572131,0.13561301950411364,0.0,None,3,,,500,0.0,0.0,0.0,0.0,12.293457241445925,,,
R4,Trending_RandomWalkDrift,0.9965736924447827,0.08417773772281056,0.0,None,24,,,500,,,0.0,0.0,1.288512551179674,,,-0.35171014590883276
R1,Composite,0.9915176198476797,0.9648899848242123,0.0,48,50,48.0,96.0,500,-0.19996769612984533,-1.1325335332796516e-05,20.09422920636778,6.276977739984199,0.560384203213651,,,
R2,Seasonal,0.36638086227745015,0.942071625930662,0.0,48,50,48.0,96.0,500,0.0,0.0,15.612005191664082,4.1392724245320345,1.774446519543552,,,
R3,Stationary_AR,0.1670790020445082,0.33367391717502415,0.0,None,38,,,500,0.0,0.0,0.0,0.0,5.0,0.6564924657335427,,
R4,Trending_MeanShift,0.9999780326760201,0.9999121392408832,0.0,None,250,,,500,,,0.0,0.0,0.8547295026075175,,250.0,
R1,Composite,0.998150288442469,0.9789568101363291,0.0,24,24,24.0,48.0,500,0.3364623457098602,-1.5895168365651264e-05,19.44498618781182,4.024229961634638,1.3928956773090446,,,
R2,Seasonal,0.7082646995905895,0.979381231483871,0.0,24,24,24.0,48.0,500,0.0,0.0,29.67960909027974,8.01158296029902,0.5221972469183487,,,
R3,Stationary_AR,0.10228578182440873,0.31046302810902615,0.0,None,31,,,500,0.0,0.0,0.0,0.0,5.0,0.5099286934225955,,
R4,Trending_RandomWalkDrift,0.9946407943486176,0.18017333267857705,0.0,None,24,,,500,,,0.0,0.0,1.1843782358816428,,,-0.2965724240036514
R1,Composite,0.9995111858726846,0.9960993664706298,0.0,24,24,24.0,48.0,500,0.34073526488632994,-1.8363004460709834e-05,23.957566816986002,2.4917327676722376,0.5714595892597963,,,
R2,Seasonal,0.5589080535457877,0.9773082236402916,0.0,24,24,24.0,48.0,500,0.0,0.0,20.284709702717198,4.111255478809513,1.5101190189527638,,,
R3,Stationary_WN,0.18674633919836192,0.1000066421907766,0.0,None,2,,,500,0.0,0.0,0.0,0.0,6.233201617621279,,,
R4,Trending_ExponentialGrowth,0.9971078260539719,0.2892044369362259,0.0,None,24,,,500,,,0.0,0.0,0.8632635879849793,,,
R1,Composite,0.9978186561498938,0.9383795830280246,0.0,12,12,12.0,24.0,500,-0.2582708785249235,4.692794045197941e-05,8.79065677355198,2.379583906904582,1.401570805928094,,,
R2,Seasonal,0.05954645076913634,0.996329593470709,0.0,12,24,12.0,24.0,500,0.0,0.0,10.935598207109587,9.2962559973326,0.7822357668106105,,,
R3,Stationary_WN,0.0491185318701558,0.07885235568345816,0.0,None,3,,,500,0.0,0.0,0.0,0.0,8.115836070034725,,,
R4,Trending_RandomWalkDrift,0.9978675740880212,0.888331219917644,0.0,None,250,,,500,,,0.0,0.0,1.1491194648025256,,,-0.4223712472734321
R1,Composite,0.9974243910257137,0.9779035739437579,0.0,24,24,24.0,48.0,500,0.2613953281764654,4.791347558457054e-05,19.700930508026843,4.901920550883561,1.0664428589080495,,,
R2,Seasonal,0.6350750726705394,0.9597587780451913,0.0,24,24,24.0,48.0,500,0.0,0.0,21.757975885035975,7.343865169601306,1.864473519956765,,,
R3,Stationary_WN,0.008914963649127139,0.22981825411575663,0.0,None,50,,,500,0.0,0.0,0.0,0.0,7.648385767232488,,,
R4,Trending_RandomWalkDrift,0.9890311713456229,0.11760394348667036,0.0,None,24,,,500,,,0.0,0.0,0.6007596374338411,,,0.3826645327364825
R1,Composite,0.9975748536410788,0.9794887122242832,0.0,24,24,24.0,48.0,500,-0.24570729073748204,-2.4781726062493774e-05,17.710205291522776,4.409098880194875,0.887010106388757,,,
R2,Seasonal,0.6882011378108639,0.9785857859395223,0.0,24,24,24.0,48.0,500,0.0,0.0,25.63098204348954,6.767897817244385,0.960928789952365,,,
R3,Stationary_WN,0.1712143278009678,0.0826273974189854,0.0,None,2,,,500,0.0,0.0,0.0,0.0,9.676380830479262,,,
R4,Trending_MeanShift,0.999942445627589,0.9997707418346581,0.0,None,250,,,500,,,0.0,0.0,1.252297830969006,,250.0,
R1,Composite,0.9926567173299526,0.978013811844528,0.0,36,36,36.0,72.0,500,-0.17266511909537519,4.850507088015188e-05,17.492205506336386,4.341517272543911,1.1549262940677192,,,
R2,Seasonal,0.7108766185351334,0.976904220422949,0.0,36,36,36.0,72.0,500,0.0,0.0,25.061603105865412,7.233290077696154,0.7172197194820809,,,
R3,Stationary_WN,0.19925008482235684,0.0830587791036902,0.0,None,2,,,500,0.0,0.0,0.0,0.0,5.30962915744405,,,
R4,Trending_MeanShift,0.9998742953592634,0.9994978180037744,0.0,None,250,,,500,,,0.0,0.0,1.0656515637826227,,250.0,
R1,Composite,0.9958550917675779,0.9795641134016246,0.0,12,12,12.0,24.0,500,0.165449434166719,2.1144603586253474e-05,16.043689420414687,4.3256961137870995,0.8035102743971685,,,
R2,Seasonal,0.7296984641948376,0.9787556793476418,0.0,12,12,12.0,24.0,500,0.0,0.0,18.57876692879298,5.164118241874821,0.8967088322965588,,,
R3,Stationary_WN,0.12152478793752508,0.1732125870101927,0.0,None,5,,,500,0.0,0.0,0.0,0.0,7.324646587682326,,,
R4,Trending_RandomWalkDrift,0.9926070820353162,0.7951657862243298,0.0,None,167,,,500,,,0.0,0.0,1.0619080424152676,,,-0.41913495440982895
R1,Composite,0.9995137179554013,0.9924614599469008,0.0,36,36,36.0,72.0,500,-0.391092063057653,1.4666594454990378e-05,19.830462943430902,2.7047017040839334,0.8475872069713545,,,
R2,Seasonal,0.7179292082159446,0.9372677264708447,0.0,36,36,36.0,72.0,500,0.0,0.0,23.026959206267136,11.322019460654385,0.785282140916965,,,
R3,Stationary_WN,0.2603981223482187,0.1682509760100368,0.0,None,2,,,500,0.0,0.0,0.0,0.0,6.7159260266331975,,,
R4,Trending_RandomWalkDrift,0.9804484659510305,0.13047471911484299,0.0,None,24,,,500,,,0.0,0.0,1.1132380791802703,,,0.22242224470548724
R1,Composite,0.9981651621225788,0.9784274327176599,0.0,12,12,12.0,24.0,500,-0.23553422558393508,-3.0604390566970327e-05,14.715964365271507,3.079230500600687,1.3518363159166285,,,
R2,Seasonal,0.03717641850839737,0.9917722768242225,0.0,12,24,12.0,24.0,500,0.0,0.0,12.88856289242352,11.81842127351875,1.2854357020341913,,,
R3,Stationary_WN,0.27947763173120577,0.1362546833887298,0.0,None,2,,,500,0.0,0.0,0.0,0.0,6.1316524062900015,,,
R4,Trending_RandomWalkDrift,0.9956056347465208,0.9749583910522153,0.0,None,250,,,500,,,0.0,0.0,0.782200674731134,,,0.184327198936034
R1,Composite,0.9980501416533465,0.9754820604701626,0.0,48,50,48.0,96.0,500,-0.19064781328043678,2.2398188671527716e-05,10.091070633613427,2.345735795399462,0.578088096728905,,,
R2,Seasonal,0.6356611049063573,0.886135532951256,0.0,48,50,48.0,96.0,500,0.0,0.0,12.585363134906782,7.103165871948622,1.4781187976169294,,,
R3,Stationary_AR,0.09197794317196606,0.3032205781739703,0.0,None,42,,,500,0.0,0.0,0.0,0.0,5.0,0.4057709756431901,,
R4,Trending_MeanShift,0.9999834684612097,0.9999339749783018,0.0,None,250,,,500,,,0.0,0.0,0.6955357822107145,,250.0,
R1,Composite,0.9980168694624216,0.9669476054840774,0.0,36,36,36.0,72.0,500,-0.32709770242412006,-1.17178083358059e-05,16.56499713492739,5.373816224936234,1.014795634696752,,,
R2,Seasonal,0.6079469627379308,0.9699574785688452,0.0,36,36,36.0,72.0,500,0.0,0.0,24.56310695094183,6.721895627419898,1.9747854577362884,,,
R3,Stationary_WN,0.2082133319418883,0.1738446006229274,0.0,None,2,,,500,0.0,0.0,0.0,0.0,6.485932602230541,,,
R4,Trending_MeanShift,0.9999770144887276,0.9999076143326363,0.0,None,250,,,500,,,0.0,0.0,0.5098326124602042,,250.0,
R1,Composite,0.9982973914694394,0.9214818780525715,0.0,48,50,48.0,96.0,500,0.3668801356864183,-4.249786993089255e-05,9.978462768133625,4.762403390759425,0.8493307931413809,,,
R2,Seasonal,0.6504716575734735,0.94226902388938,0.0,48,50,48.0,96.0,500,0.0,0.0,27.484877126845554,11.682113915744502,1.961566000682559,,,
R3,Stationary_AR,0.0,0.253405612732462,0.0,None,125,,,500,0.0,0.0,0.0,0.0,5.0,0.4603116690783178,,
R4,Trending_MeanShift,0.9999715529402123,0.9998864759704847,0.0,None,250,,,500,,,0.0,0.0,0.7556196596022037,,250.0,
R1,Composite,0.9985193721024235,0.9782685516702293,0.0,36,36,36.0,72.0,500,-0.27462298609493735,-2.9522538922842028e-05,15.250024555588928,4.102632147060659,0.581484596748208,,,
R2,Seasonal,0.6746898036822397,0.9702537008469155,0.0,36,36,36.0,72.0,500,0.0,0.0,23.553108935841976,7.047531190306131,1.446090592885053,,,
R3,Stationary_AR,0.1311854724846443,0.3402162380416517,0.0,None,42,,,500,0.0,0.0,0.0,0.0,5.0,0.6087652981733116,,
R4,Trending_RandomWalkDrift,0.9940002202506403,0.15432250130567116,0.0,None,24,,,500,,,0.0,0.0,0.6863403948556114,,,0.20713828132974235
R1,Composite,0.999196060700518,0.9882429582756896,0.0,12,12,12.0,24.0,500,0.3745175307375951,1.2349829878266722e-05,20.165847302160813,3.8384312437169963,1.032909001481289,,,
R2,Seasonal,0.752119513308896,0.8969906480091723,0.0,12,12,12.0,24.0,500,0.0,0.0,16.936357340820308,11.492528540102896,0.789667835742072,,,
R3,Stationary_WN,0.11607860567713013,0.23068281681076375,0.0,None,6,,,500,0.0,0.0,0.0,0.0,6.685869585113926,,,
R4,Trending_RandomWalkDrift,0.9941009218607786,0.0747220999509366,0.0,None,24,,,500,,,0.0,0.0,0.6452936170141254,,,-0.24223951865732973
R1,Composite,0.9958894984285332,0.9764641049145213,0.0,24,24,24.0,48.0,500,0.1483581302431649,4.2786445543123784e-05,14.461416793815054,2.486270946520608,1.2875118108259684,,,
R2,Seasonal,0.647264028459873,0.9825514502803339,0.0,24,24,24.0,48.0,500,0.0,0.0,28.399347236143452,6.185031228772565,1.6221156292499392,,,
R3,Stationary_WN,0.2451213216230732,0.11103647034200348,0.0,None,3,,,500,0.0,0.0,0.0,0.0,8.566375577493739,,,
R4,Trending_RandomWalkDrift,0.9539028090564664,0.6107087496849768,0.0,None,250,,,500,,,0.0,0.0,0.5523935570227628,,,-0.13821359176726725
R1,Composite,0.9960364584769839,0.9343336988367325,0.0,24,24,24.0,48.0,500,-0.317960093604785,2.7291893983456714e-05,14.617105367273066,7.268228615162908,0.6442627676783986,,,
R2,Seasonal,0.700164342784946,0.9677235678164595,0.0,24,24,24.0,48.0,500,0.0,0.0,25.135058897099285,8.399758637795477,0.9402456311213143,,,
R3,Stationary_WN,0.1502022162962655,0.21811237563948394,0.0,None,5,,,500,0.0,0.0,0.0,0.0,11.461669412631858,,,
R4,Trending_ExponentialGrowth,0.988153282465627,0.19460212340277183,0.0,None,24,,,500,,,0.0,0.0,1.3027928358458256,,,
R1,Composite,0.9970444812792761,0.9653035997831731,0.0,12,12,12.0,24.0,500,-0.36637531002777823,4.961241383847706e-05,19.9981061811332,7.0451877667189695,1.2859199604199838,,,
R2,Seasonal,0.7319011956804703,0.8898511871776694,0.0,12,12,12.0,24.0,500,0.0,0.0,15.644098769573468,10.542005751089917,1.6758315549612868,,,
R3,Stationary_WN,0.06366371766347645,0.23038840504295677,0.0,None,14,,,500,0.0,0.0,0.0,0.0,12.331209091182474,,,
R4,Trending_MeanShift,0.9999787993160225,0.9999153187743401,0.0,None,250,,,500,,,0.0,0.0,0.8225891632841683,,250.0,
R1,Composite,0.997434233786673,0.9886757255235724,0.0,24,24,24.0,48.0,500,0.20626968899800963,2.9928503387487302e-05,21.36770271824193,3.8814587582661146,0.7774364076002842,,,
R2,Seasonal,0.6810859158910612,0.9908634291569943,0.0,24,24,24.0,48.0,500,0.0,0.0,26.037638977890044,4.376582214872221,0.6816753368875672,,,
R3,Stationary_WN,0.1650175157809295,0.21236640550905717,0.0,None,2,,,500,0.0,0.0,0.0,0.0,10.934758716771583,,,
R4,Trending_MeanShift,0.9998577959806781,0.9994356281515555,0.0,None,250,,,500,,,0.0,0.0,0.9934306159709223,,250.0,
R1,Composite,0.9988827660340329,0.9857626884262406,0.0,24,24,24.0,48.0,500,0.3046881140918321,-4.595505862757816e-05,15.98638877304693,2.374336937744384,1.0698923492534593,,,
R2,Seasonal,0.6994413120703624,0.9245082880607324,0.0,24,24,24.0,48.0,500,0.0,0.0,22.304911947261534,11.816326220191074,1.3672147690546153,,,
R3,Stationary_WN,0.18926751270640374,0.15169514767600978,0.0,None,3,,,500,0.0,0.0,0.0,0.0,6.347712921708427,,,
R4,Trending_RandomWalkDrift,0.9901319279549881,0.7824192929800716,0.0,None,250,,,500,,,0.0,0.0,1.4953491183710121,,,-0.3686829907984688
R1,Composite,0.9910077210215493,0.9722649539451391,0.0,48,50,48.0,96.0,500,-0.204484686135734,4.951219071776971e-05,20.230445648724835,4.98596290871356,1.0647781712709308,,,
R2,Seasonal,0.4849379171078355,0.9734587780299154,0.0,48,50,48.0,96.0,500,0.0,0.0,22.19890684849028,4.601141152068592,1.4266075414409531,,,
R3,Stationary_AR,0.03405507736150093,0.31862842560578186,0.0,None,50,,,500,0.0,0.0,0.0,0.0,5.0,0.57684127049074,,
R4,Trending_RandomWalkDrift,0.994161916869951,0.5974185030550794,0.0,None,250,,,500,,,0.0,0.0,1.2034323896772752,,,-0.48121096356845416
R1,Composite,0.9900137223749624,0.954372009962724,0.0,36,36,36.0,72.0,500,0.1376537972130392,4.194535890451373e-05,14.991215116248076,5.821151465262599,1.131841531649148,,,
R2,Seasonal,0.7110520755600827,0.9573620815725954,0.0,36,36,36.0,72.0,500,0.0,0.0,28.41879508023275,11.228717170902812,1.0555758243936197,,,
R3,Stationary_AR,0.1779712764002538,0.2102764260025891,0.0,None,23,,,500,0.0,0.0,0.0,0.0,5.0,0.5004036922607148,,
R4,Trending_MeanShift,0.9999130095495313,0.9996555020462958,0.0,None,250,,,500,,,0.0,0.0,1.291761318050261,,250.0,
R1,Composite,0.9945051423712659,0.9562356299215168,0.0,12,12,12.0,24.0,500,0.23684297433182455,-3.577038026422043e-05,15.408397269171392,5.902622188133822,1.469474548925743,,,
R2,Seasonal,0.7439139683466678,0.884567294311667,0.0,12,12,12.0,24.0,500,0.0,0.0,16.898161343668882,11.758541523375982,1.5090953671812424,,,
R3,Stationary_WN,0.14200049205006082,0.2465276068342671,0.0,None,6,,,500,0.0,0.0,0.0,0.0,9.579918859519758,,,
R4,Trending_RandomWalkDrift,0.9967457312533936,0.877787661959664,0.0,None,250,,,500,,,0.0,0.0,0.7207875276373183,,,-0.43619651102379586
R1,Composite,0.9928805871328407,0.9854949364943054,0.0,12,12,12.0,24.0,500,-0.11482575714405716,-4.8977029562792226e-05,20.09769930519859,3.9452697899443967,1.2081796482731617,,,
R2,Seasonal,0.6673944602256323,0.9828940749542515,0.0,12,12,12.0,24.0,500,0.0,0.0,20.87321088217483,4.398261840971522,1.0692780069017997,,,
R3,Stationary_WN,0.14075866677743643,0.2376648721794099,0.0,None,6,,,500,0.0,0.0,0.0,0.0,7.849296706075332,,,
R4,Trending_RandomWalkDrift,0.9984702649757121,0.19192542448628358,0.0,None,24,,,500,,,0.0,0.0,1.4305001455157775,,,0.4744997341780466
R1,Composite,0.9971313051314685,0.9573876386972096,0.0,24,24,24.0,48.0,500,0.23126677055701797,-1.2302627589102843e-05,11.5617676941316,4.3316503500850025,0.7848992270440223,,,
R2,Seasonal,0.6581361715158338,0.9575419943130296,0.0,24,24,24.0,48.0,500,0.0,0.0,20.804190326366765,7.474492313213294,1.6741031955064445,,,
R3,Stationary_WN,0.22833356022055928,0.17604697507889844,0.0,None,3,,,500,0.0,0.0,0.0,0.0,14.489336300311365,,,
R4,Trending_MeanShift,0.9999539592227303,0.9998167186843993,0.0,None,250,,,500,,,0.0,0.0,0.6307819464434683,,250.0,
R1,Composite,0.9845966853417354,0.9387891116405775,0.0,12,12,12.0,24.0,500,0.16160111157944235,-4.4911731612636424e-05,14.094208615321879,6.843471002123601,1.0203101858135368,,,
R2,Seasonal,0.6666504221622302,0.9751426307419537,0.0,12,12,12.0,24.0,500,0.0,0.0,23.824586845797356,6.203665149772875,1.8007081686987743,,,
R3,Stationary_AR,0.051635772447344075,0.26870994909219625,0.0,None,50,,,500,0.0,0.0,0.0,0.0,5.0,0.5989052765166076,,
R4,Trending_MeanShift,0.9998199381531464,0.9992785355737828,0.0,None,250,,,500,,,0.0,0.0,1.3545029635157357,,250.0,
R1,Composite,0.9930076072766902,0.990274994977357,0.0,36,36,36.0,72.0,500,0.12208950857873839,-1.5711765940320177e-05,19.794069324731446,2.1762925841137095,1.2045911027498364,,,
R2,Seasonal,0.6916817254316312,0.9611752769347968,0.0,36,36,36.0,72.0,500,0.0,0.0,26.56321488421391,9.770271641032576,1.6412487734772552,,,
R3,Stationary_AR,0.2460703701655642,0.386076240094527,0.0,None,20,,,500,0.0,0.0,0.0,0.0,5.0,0.6545788220508986,,
R4,Trending_RandomWalkDrift,0.9976428715864026,0.04553464667505214,0.0,None,24,,,500,,,0.0,0.0,0.6654595874772137,,,0.46433079550750145
R1,Composite,0.9914230284857176,0.9299564179928049,0.0,36,36,36.0,72.0,500,0.18013580296116674,-2.7546995870464723e-05,11.41277593646683,5.359210399336102,1.2087639204209846,,,
R2,Seasonal,0.6884195296658269,0.8099582594116955,0.0,36,36,36.0,72.0,500,0.0,0.0,11.096140646786203,9.594676171996737,1.5842055260972938,,,
R3,Stationary_WN,0.3021444801253216,0.13032255427869155,0.0,None,2,,,500,0.0,0.0,0.0,0.0,14.319292720281048,,,
R4,Trending_RandomWalkDrift,0.9235760275466145,0.27715810948502884,0.0,None,125,,,500,,,0.0,0.0,0.7466857758739968,,,0.23193672415324307
R1,Composite,0.9964478544902008,0.9243021922958045,0.0,36,36,36.0,72.0,500,-0.3083740347200109,-2.7673237674944027e-05,13.826490732884825,7.398117462622436,0.678897203309278,,,
R2,Seasonal,0.7070801079284723,0.9289302659568487,0.0,36,36,36.0,72.0,500,0.0,0.0,21.290597984326084,10.96856247852433,1.0462422947673216,,,
R3,Stationary_WN,0.09291542052522184,0.14153945396537482,0.0,None,4,,,500,0.0,0.0,0.0,0.0,7.460165163818427,,,
R4,Trending_ExponentialGrowth,0.9950353956351126,0.2968833254283102,0.0,None,24,,,500,,,0.0,0.0,1.203661149291334,,,
R1,Composite,0.9977006909034928,0.9836044094069886,0.0,48,50,48.0,96.0,500,0.2083055225428595,2.4074075190371514e-05,16.792737397945203,2.4865842533581453,0.9419538375786977,,,
R2,Seasonal,0.6635170520015183,0.941196260563317,0.0,48,50,48.0,96.0,500,0.0,0.0,26.017814272690888,11.243654942640841,0.8424118021658797,,,
R3,Stationary_AR,0.09356836235725885,0.2511504493530944,0.0,None,28,,,500,0.0,0.0,0.0,0.0,5.0,0.41710196449411807,,
R4,Trending_RandomWalkDrift,0.9930767344846648,0.10650876408150345,0.0,None,24,,,500,,,0.0,0.0,1.261470346452489,,,0.252257965286803
R1,Composite,0.9987785008074804,0.993599812379034,0.0,24,24,24.0,48.0,500,0.23450849394894316,3.864510499931109e-05,22.654536313650052,2.3295018843088893,1.0582659566360553,,,
R2,Seasonal,0.6646416253077518,0.9483746177598434,0.0,24,24,24.0,48.0,500,0.0,0.0,19.401815323395265,7.668849783692108,1.603373608599734,,,
R3,Stationary_AR,0.011660659722107836,0.2797308279035242,0.0,None,71,,,500,0.0,0.0,0.0,0.0,5.0,0.5292731432520175,,
R4,Trending_MeanShift,0.9997916728411474,0.9991749202231308,0.0,None,250,,,500,,,0.0,0.0,1.4781200269812875,,250.0,
R1,Composite,0.9966021326343673,0.9626748498697855,0.0,36,36,36.0,72.0,500,-0.27011951138769524,-4.952076688110948e-05,17.947768624371,6.591362496974818,0.8649980419279341,,,
R2,Seasonal,0.5888394850088683,0.9533871497014831,0.0,36,36,36.0,72.0,500,0.0,0.0,15.115682526590657,5.012969008418724,1.753885859919848,,,
R3,Stationary_AR,0.0919644509997769,0.3142569751614034,0.0,None,31,,,500,0.0,0.0,0.0,0.0,5.0,0.5948040926672881,,
R4,Trending_RandomWalkDrift,0.9977350280580795,0.14794356140220755,0.0,None,24,,,500,,,0.0,0.0,0.9527606196958095,,,0.3079326841445186
R1,Composite,0.9823211887652374,0.9490473400693169,0.0,24,24,24.0,48.0,500,-0.13833478643971248,-3.334890648134713e-05,18.32921235510375,7.990284303500278,0.6305947387194578,,,
R2,Seasonal,0.6740820311511463,0.8399646344212491,0.0,24,24,24.0,48.0,500,0.0,0.0,12.317815766012421,9.517687554288678,1.7724391338299608,,,
R3,Stationary_AR,0.14021838671386821,0.23979431564573161,0.0,None,23,,,500,0.0,0.0,0.0,0.0,5.0,0.49476901506434734,,
R4,Trending_RandomWalkDrift,0.8889707263375085,0.032911352098482394,0.0,None,24,,,500,,,0.0,0.0,1.4424715123346452,,,0.18478645157681617
R1,Composite,0.9984978870711386,0.982801217523751,0.0,48,50,48.0,96.0,500,0.2366242555528757,-4.195531287300249e-05,12.947722535018666,2.2953238886924474,0.5682651304055311,,,
R2,Seasonal,0.571512622125941,0.980561763018589,0.0,48,50,48.0,96.0,500,0.0,0.0,27.22201437259612,5.632677210390995,0.7175024566586776,,,
R3,Stationary_AR,0.16889266444894424,0.29845713737937385,0.0,None,23,,,500,0.0,0.0,0.0,0.0,5.0,0.5887102328943239,,
R4,Trending_ExponentialGrowth,0.9939880486417092,0.14026414772397766,0.0,None,24,,,500,,,0.0,0.0,1.0804364002070868,,,
R1,Composite,0.9969365906730414,0.9727494706357988,0.0,12,12,12.0,24.0,500,-0.3049989611434564,3.828030276035241e-05,19.42918686788126,6.337710222118333,0.6437862542887048,,,
R2,Seasonal,0.7409347422794699,0.9669378288629445,0.0,12,12,12.0,24.0,500,0.0,0.0,22.74427760645544,8.062421358492623,1.00563633062648,,,
R3,Stationary_AR,0.05349179564690443,0.1723251988087724,0.0,None,26,,,500,0.0,0.0,0.0,0.0,5.0,0.5203322804988885,,
R4,Trending_ExponentialGrowth,0.9973296892378786,0.22236226686073046,0.0,None,24,,,500,,,0.0,0.0,0.8650314126173136,,,
R1,Composite,0.9976730285154313,0.9833017488773861,0.0,12,12,12.0,24.0,500,-0.2960743954394035,2.4010018499306456e-05,21.632383205740457,5.468871477838981,0.715542502206647,,,
R2,Seasonal,0.6760537028017333,0.9419402203931142,0.0,12,12,12.0,24.0,500,0.0,0.0,14.589013286256291,6.092675530328835,1.624113578455315,,,
R3,Stationary_AR,0.11785244222924762,0.29441142905086193,0.0,None,42,,,500,0.0,0.0,0.0,0.0,5.0,0.588611985747003,,
R4,Trending_MeanShift,0.9999720680072561,0.9998884837715241,0.0,None,250,,,500,,,0.0,0.0,0.8723163384208886,,250.0,
R1,Composite,0.9949001995482813,0.9805573502866415,0.0,24,24,24.0,48.0,500,0.16743029793153869,4.3622763175276776e-05,19.729006808240747,4.0062187095401764,1.3985506723020995,,,
R2,Seasonal,0.6957374088889905,0.9882265210311941,0.0,24,24,24.0,48.0,500,0.0,0.0,28.594730529325055,5.609249568549625,0.7167342853562311,,,
R3,Stationary_AR,0.09272136849629753,0.2734197542757292,0.0,None,36,,,500,0.0,0.0,0.0,0.0,5.0,0.5439491444594597,,
R4,Trending_MeanShift,0.9999507633348448,0.9998036313802012,0.0,None,250,,,500,,,0.0,0.0,0.830388636839268,,250.0,
R1,Composite,0.9922050195156371,0.937058503148747,0.0,36,36,36.0,72.0,500,0.15335616032985414,4.8767358875316e-05,12.42527405665982,5.520343003090607,1.2829791719476598,,,
R2,Seasonal,0.7183582163795489,0.9086397438310747,0.0,36,36,36.0,72.0,500,0.0,0.0,16.33988876347611,9.881628336608626,0.5392694775394243,,,
R3,Stationary_WN,0.12438463328866978,0.10193174516290815,0.0,None,3,,,500,0.0,0.0,0.0,0.0,9.894743555471406,,,
R4,Trending_MeanShift,0.9999454295821988,0.9997821555930388,0.0,None,250,,,500,,,0.0,0.0,1.1236922449373876,,250.0,
R1,Composite,0.99363481544719,0.8374732148692274,0.0,48,50,48.0,96.0,500,-0.23574687793871826,-3.4335404172237795e-05,9.436039805858833,6.577619154984811,1.313602428020663,,,
R2,Seasonal,0.6148982024379495,0.8985145572037448,0.0,48,50,48.0,96.0,500,0.0,0.0,13.12528029829512,6.72247252185282,1.7812401875195607,,,
R3,Stationary_WN,0.03230075206792371,0.26896638496829417,0.0,None,24,,,500,0.0,0.0,0.0,0.0,8.004489921872809,,,
R4,Trending_RandomWalkDrift,0.9988050622349566,0.38300044251100585,0.0,None,24,,,500,,,0.0,0.0,0.6642746572352772,,,-0.4484744938245614
R1,Composite,0.9990857429318942,0.9878755471002199,0.0,24,24,24.0,48.0,500,0.3726978047121663,1.629057858298541e-05,21.122426543824012,2.6984583037989425,1.2730317562738542,,,
R2,Seasonal,0.6563214763683168,0.9812059299237941,0.0,24,24,24.0,48.0,500,0.0,0.0,20.68887160967595,4.925152473770226,1.0108715635741614,,,
R3,Stationary_AR,0.06021230333264349,0.18614664240377288,0.0,None,20,,,500,0.0,0.0,0.0,0.0,5.0,0.4691015905542819,,
R4,Trending_RandomWalkDrift,0.99856859474875,0.9562210875349322,0.0,None,250,,,500,,,0.0,0.0,0.9018430458996961,,,0.4876052713142839
R1,Composite,0.998131484003902,0.9881720290825653,0.0,24,24,24.0,48.0,500,0.20818907922572855,1.7545904771160427e-05,17.506341478345888,2.7170200562440705,1.0652230853748454,,,
R2,Seasonal,0.7100576114049524,0.97854376488596,0.0,24,24,24.0,48.0,500,0.0,0.0,28.812917796456297,7.990473540291376,0.5297592758330505,,,
R3,Stationary_AR,0.3595885389010921,0.3042303811332264,0.0,None,12,,,500,0.0,0.0,0.0,0.0,5.0,0.5788200111099671,,
R4,Trending_RandomWalkDrift,0.9984701192303418,0.0,0.0,None,24,,,500,,,0.0,0.0,0.6607658745201558,,,0.4886446080378727
R1,Composite,0.9942470687880558,0.8310522650509373,0.0,24,24,24.0,48.0,500,-0.2915025821252317,1.7919868375224168e-05,9.431000305593855,7.6384148945232635,1.365804693402717,,,
R2,Seasonal,0.6891822236698915,0.8330811513139516,0.0,24,24,24.0,48.0,500,0.0,0.0,10.24430260273774,8.310101038128591,1.1235985925957257,,,
R3,Stationary_AR,0.20947656300002138,0.29647377180904533,0.0,None,14,,,500,0.0,0.0,0.0,0.0,5.0,0.5963031256067857,,
R4,Trending_ExponentialGrowth,0.9796899623983393,0.1945100533681593,0.0,None,24,,,500,,,0.0,0.0,1.073036807853505,,,
R1,Composite,0.9922610323854975,0.9806252831717359,0.0,12,12,12.0,24.0,500,-0.1703824735614179,2.4375992566680315e-05,20.620737596899684,5.084086013661313,1.1146773206000589,,,
R2,Seasonal,0.7076641112117135,0.846143762316681,0.0,12,12,12.0,24.0,500,0.0,0.0,11.520470595267794,8.981422553681881,1.8236382950072854,,,
R3,Stationary_AR,0.18496714691685134,0.23607288487834488,0.0,None,26,,,500,0.0,0.0,0.0,0.0,5.0,0.5678433976478661,,
R4,Trending_MeanShift,0.9999173134044795,0.9996704632659503,0.0,None,250,,,500,,,0.0,0.0,0.7512520503698129,,250.0,
R1,Composite,0.9974938781878326,0.9769258353631122,0.0,24,24,24.0,48.0,500,-0.22169644937391322,-1.2426794607296619e-05,15.040900254213897,2.89038144068375,1.4332424224882705,,,
R2,Seasonal,0.6117396937511171,0.9840070818057838,0.0,24,24,24.0,48.0,500,0.0,0.0,24.826057339812387,4.772573232812833,1.5217594244560768,,,
R3,Stationary_AR,0.1390987155109169,0.2755653385826752,0.0,None,28,,,500,0.0,0.0,0.0,0.0,5.0,0.6084525643357006,,
R4,Trending_MeanShift,0.9998713383732609,0.9994867119927087,0.0,None,250,,,500,,,0.0,0.0,1.2665645381011827,,250.0,
R1,Composite,0.9949671789306075,0.9904034866479042,0.0,24,24,24.0,48.0,500,-0.12864029983982983,-4.0410108163003864e-05,21.91006801737142,2.009063624808686,1.296065049390566,,,
R2,Seasonal,0.6830441978359822,0.9125161970599432,0.0,24,24,24.0,48.0,500,0.0,0.0,12.876012852166385,7.243315933750502,1.1338869606895496,,,
R3,Stationary_AR,0.015063423205970983,0.19786792547538934,0.0,None,71,,,500,0.0,0.0,0.0,0.0,5.0,0.5276123223489053,,
R4,Trending_MeanShift,0.9999730055835147,0.9998922977721479,0.0,None,250,,,500,,,0.0,0.0,1.0962863420055193,,250.0,
R1,Composite,0.9983233906148479,0.9694025349654611,0.0,12,12,12.0,24.0,500,0.37967080474925796,1.504445442670151e-05,18.131688318214003,5.618997492076596,1.3645685431330208,,,
R2,Seasonal,0.7000496889796812,0.9798978430202309,0.0,12,12,12.0,24.0,500,0.0,0.0,28.77081341828565,7.190633105492615,1.7308387103132774,,,
R3,Stationary_AR,0.10349641134050702,0.2460415256412133,0.0,None,21,,,500,0.0,0.0,0.0,0.0,5.0,0.44126365542205415,,
R4,Trending_RandomWalkDrift,0.9920208709123932,0.6424112197446201,0.0,None,250,,,500,,,0.0,0.0,1.414043086683986,,,-0.3888341702304562
R1,Composite,0.9982655393915371,0.9800905810361487,0.0,24,24,24.0,48.0,500,-0.2244042603673626,-3.761676807714942e-05,14.325686326219149,2.0739050370036227,1.4469666474163838,,,
R2,Seasonal,0.6856545516490082,0.9749760274149101,0.0,24,24,24.0,48.0,500,0.0,0.0,16.592725175351244,4.758491730471073,0.7176057084650873,,,
R3,Stationary_WN,0.1243688560806957,0.13967533569667645,0.0,None,4,,,500,0.0,0.0,0.0,0.0,6.352846068883878,,,
R4,Trending_RandomWalkDrift,0.9979179361376421,0.17262245189670566,0.0,None,24,,,500,,,0.0,0.0,0.768875645180242,,,0.25122829418470666
R1,Composite,0.9936206694765684,0.8551479531352724,0.0,12,12,12.0,24.0,500,0.26013388432499374,-4.739091516260624e-05,9.400465247605016,7.524475649768066,1.0471735361533052,,,
R2,Seasonal,0.7526017831420099,0.9512095857928758,0.0,12,12,12.0,24.0,500,0.0,0.0,25.37654033523019,11.508314468831106,0.7461084648533947,,,
R3,Stationary_AR,0.26435915800137566,0.4416952545105344,0.0,None,22,,,500,0.0,0.0,0.0,0.0,5.0,0.688814354487314,,
R4,Trending_MeanShift,0.9998606705151729,0.9994415947677167,0.0,None,250,,,500,,,0.0,0.0,0.8528568861813037,,250.0,
R1,Composite,0.9980058193245435,0.9460335884083857,0.0,36,36,36.0,72.0,500,0.313795724876622,3.819404712660442e-05,12.679889945438763,5.460463223377081,0.8298622427439374,,,
R2,Seasonal,0.6958345789039355,0.9749223973182631,0.0,36,36,36.0,72.0,500,0.0,0.0,22.354515570178293,6.448005388607668,0.9241838408055758,,,
R3,Stationary_WN,0.16408223659559085,0.10827993943897185,0.0,None,2,,,500,0.0,0.0,0.0,0.0,14.58228535208859,,,
R4,Trending_MeanShift,0.9999593766896402,0.9998380316781591,0.0,None,250,,,500,,,0.0,0.0,0.8969170020860631,,250.0,
R1,Composite,0.9891138797985441,0.9655692411641779,0.0,36,36,36.0,72.0,500,0.15507059343004084,4.259107834618713e-05,20.13000758075316,6.929328638114322,0.8505854590700865,,,
R2,Seasonal,0.6342971521738712,0.9875190160127443,0.0,36,36,36.0,72.0,500,0.0,0.0,23.074226266694616,4.007542355348803,1.2827753514008673,,,
R3,Stationary_AR,0.052921945155041894,0.20360245420757694,0.0,None,36,,,500,0.0,0.0,0.0,0.0,5.0,0.6361435068233485,,
R4,Trending_ExponentialGrowth,0.9993461376871045,0.29535369136722145,0.0,None,24,,,500,,,0.0,0.0,0.7081944442237643,,,
R1,Composite,0.9963678396476906,0.9177850136022765,0.0,36,36,36.0,72.0,500,0.22455565707671266,-3.993347125099494e-05,8.38353723208982,2.952100105313784,1.3372354278557963,,,
R2,Seasonal,0.7144932434099875,0.9455071809307213,0.0,36,36,36.0,72.0,500,0.0,0.0,23.07672542635158,10.426583091090627,0.6855723611769902,,,
R3,Stationary_WN,0.121877034607076,0.2657717622755734,0.0,None,8,,,500,0.0,0.0,0.0,0.0,11.946294818553366,,,
R4,Trending_MeanShift,0.999856637158809,0.9994303227579947,0.0,None,250,,,500,,,0.0,0.0,1.3762813163824095,,250.0,
R1,Composite,0.9980324938838402,0.936491916230469,0.0,36,36,36.0,72.0,500,0.3041764714599129,-3.27669566829718e-05,10.011406581758791,3.6160006494709194,1.3901720942844407,,,
R2,Seasonal,0.7183559299209277,0.9043354914180359,0.0,36,36,36.0,72.0,500,0.0,0.0,14.857257041955162,9.175233032327498,0.5898896055864737,,,
R3,Stationary_WN,0.03950260224334956,0.25573363061261045,0.0,None,31,,,500,0.0,0.0,0.0,0.0,5.633116203375242,,,
R4,Trending_ExponentialGrowth,0.9939212689787916,0.12450434746148953,0.0,None,24,,,500,,,0.0,0.0,0.9029109424773492,,,
R1,Composite,0.9896966238476732,0.9911520411005503,0.0,12,12,12.0,24.0,500,0.12441011072770262,-2.559505060709634e-05,24.820189201032594,4.136432858404259,0.8929880780433289,,,
R2,Seasonal,0.6923357820008013,0.9892958865028411,0.0,12,12,12.0,24.0,500,0.0,0.0,26.688234702408028,4.731206732085195,1.2166276120310429,,,
R3,Stationary_AR,0.14261905526305663,0.34899129096187675,0.0,None,26,,,500,0.0,0.0,0.0,0.0,5.0,0.504448125500798,,
R4,Trending_MeanShift,0.9999870258938907,0.9999481480927173,0.0,None,250,,,500,,,0.0,0.0,0.5528645885972691,,250.0,
R1,Composite,0.9886520183654516,0.9577345142766689,0.0,48,50,48.0,96.0,500,-0.22827382182402717,4.326276683660556e-05,21.258604440891546,6.981007055382582,0.9421834439960686,,,
R2,Seasonal,0.5093231491739095,0.9529893413462307,0.0,48,50,48.0,96.0,500,0.0,0.0,18.438456392896594,5.325198843050032,1.8040218630339524,,,
R3,Stationary_AR,0.08289573604644895,0.3533130886595547,0.0,None,45,,,500,0.0,0.0,0.0,0.0,5.0,0.6287255257772749,,
R4,Trending_RandomWalkDrift,0.9970986220783273,0.9156337554093826,0.0,None,250,,,500,,,0.0,0.0,1.4290391402077463,,,0.4166969317385322
R1,Composite,0.9856167817944944,0.941538131649187,0.0,24,24,24.0,48.0,500,0.11676514160944296,3.537506538389829e-05,13.474095159720102,6.016874788717654,0.9275483708387755,,,
R2,Seasonal,0.702591811613622,0.9284992397773552,0.0,24,24,24.0,48.0,500,0.0,0.0,22.957798394277212,11.914809439017002,1.3713183914752705,,,
R3,Stationary_AR,0.06594248870474728,0.3082154716143204,0.0,None,125,,,500,0.0,0.0,0.0,0.0,5.0,0.4955724681141306,,
R4,Trending_RandomWalkDrift,0.980730052751223,0.6980116693665706,0.0,None,250,,,500,,,0.0,0.0,0.8863740025306881,,,-0.26883142340394084
R1,Composite,0.9985005790303211,0.9944009622981126,0.0,12,12,12.0,24.0,500,0.19538843077794593,1.9752736224859932e-05,21.6154005737026,2.8644139225422514,0.6940982063075702,,,
R2,Seasonal,0.6476798206752397,0.9589838910492924,0.0,12,12,12.0,24.0,500,0.0,0.0,18.97090739898742,6.373661245497731,1.8030077755014648,,,
R3,Stationary_WN,0.030102085078694718,0.2976971320467767,0.0,None,71,,,500,0.0,0.0,0.0,0.0,11.431925319137179,,,
R4,Trending_RandomWalkDrift,0.9937278843034205,0.21124950853889823,0.0,None,24,,,500,,,0.0,0.0,1.458820997792238,,,0.3724127661198382
R1,Composite,0.9767010280301248,0.9165356580449056,0.0,24,24,24.0,48.0,500,-0.1012011572949289,3.086797406078018e-05,9.149875411662547,4.690258648851874,1.020573451793806,,,
R2,Seasonal,0.6845414904104925,0.9821996870345107,0.0,24,24,24.0,48.0,500,0.0,0.0,28.567375007357384,6.814528543911178,1.0737945056240235,,,
R3,Stationary_WN,0.2491997073654243,0.21209407089270838,0.0,None,3,,,500,0.0,0.0,0.0,0.0,11.13317107582935,,,
R4,Trending_RandomWalkDrift,0.9989430820088997,0.1869750179322952,0.0,None,24,,,500,,,0.0,0.0,0.8983610299565956,,,-0.46098414039713465
R1,Composite,0.99712207978938,0.9841012216715567,0.0,24,24,24.0,48.0,500,-0.1998879517314816,-3.5905244513304484e-05,18.627847698925184,3.373146349797889,1.2107332208925683,,,
R2,Seasonal,0.6676472554789799,0.9208990176115424,0.0,24,24,24.0,48.0,500,0.0,0.0,12.119322829903552,6.128338529184159,1.382917352305792,,,
R3,Stationary_AR,0.19165307466254544,0.2688480678518149,0.0,None,18,,,500,0.0,0.0,0.0,0.0,5.0,0.4927349269375408,,
R4,Trending_MeanShift,0.9999272502525595,0.999709757921462,0.0,None,250,,,500,,,0.0,0.0,1.3105549738928335,,250.0,
R1,Composite,0.9816869049644003,0.9621034866797636,0.0,12,12,12.0,24.0,500,0.1287073150627107,2.9042813769913973e-05,20.346416293315706,7.427729561331736,1.347503566723732,,,
R2,Seasonal,0.04407333885787934,0.9886646762567874,0.0,12,24,12.0,24.0,500,0.0,0.0,11.45417122893325,11.041283502093027,1.4345440581591027,,,
R3,Stationary_WN,0.07633514855590895,0.19518600691471855,0.0,None,14,,,500,0.0,0.0,0.0,0.0,14.170447876660623,,,
R4,Trending_MeanShift,0.9999851712253828,0.9999407634986851,0.0,None,250,,,500,,,0.0,0.0,0.5209136531437029,,250.0,
R1,Composite,0.9986578610051444,0.9212377970760487,0.0,12,12,12.0,24.0,500,-0.39687399537283885,4.602251452696133e-05,9.587219926930494,5.499074335895198,0.5934143408970225,,,
R2,Seasonal,0.6338727363032515,0.9224276503027142,0.0,12,12,12.0,24.0,500,0.0,0.0,13.24552458815874,6.023145296704155,1.9600247098281032,,,
R3,Stationary_AR,0.10008098239483143,0.2536380357903165,0.0,None,31,,,500,0.0,0.0,0.0,0.0,5.0,0.4930129988426007,,
R4,Trending_RandomWalkDrift,0.99541876080177,0.6781921145303029,0.0,None,100,,,500,,,0.0,0.0,0.6501076194917924,,,0.45256559574934074
R1,Composite,0.9907993839643884,0.8824771926523475,0.0,36,36,36.0,72.0,500,-0.15446642702104693,-4.005822830124189e-05,9.44617463797877,6.500691616054247,0.8053757980577609,,,
R2,Seasonal,0.7084029008718018,0.9866819342901285,0.0,36,36,36.0,72.0,500,0.0,0.0,28.661843911078762,6.177994807126073,0.7052768283754647,,,
R3,Stationary_WN,0.17627227494822584,0.13945394281643297,0.0,None,2,,,500,0.0,0.0,0.0,0.0,7.222238921375971,,,
R4,Trending_ExponentialGrowth,0.9973669375900999,0.2073019968098163,0.0,None,24,,,500,,,0.0,0.0,1.2881083438097454,,,
R1,Composite,0.9859158786984994,0.9703921624306684,0.0,24,24,24.0,48.0,500,0.13532116852346673,3.314052599395747e-05,21.544390269515496,6.602942040888094,1.1176611816441118,,,
R2,Seasonal,0.7069240580329841,0.8494660652745202,0.0,24,24,24.0,48.0,500,0.0,0.0,11.800601407630523,9.594489786299642,0.8039330683843755,,,
R3,Stationary_WN,0.13891131086045594,0.24898187492670232,0.0,None,5,,,500,0.0,0.0,0.0,0.0,12.315699058999307,,,
R4,Trending_MeanShift,0.9998364392928172,0.9993467255476255,0.0,None,250,,,500,,,0.0,0.0,1.3116074530263817,,250.0,
R1,Composite,0.9954423408828702,0.9337144199469821,0.0,24,24,24.0,48.0,500,-0.16588505506718254,-3.0970059907544755e-05,9.393812516030808,3.474591433488665,1.3160838858857167,,,
R2,Seasonal,0.6914332500024682,0.9621404657917397,0.0,24,24,24.0,48.0,500,0.0,0.0,23.85559908428223,8.610786334990607,1.213115080014125,,,
R3,Stationary_AR,0.16850252120397802,0.2625924767013005,0.0,None,19,,,500,0.0,0.0,0.0,0.0,5.0,0.5187139159757858,,
R4,Trending_RandomWalkDrift,0.9522295163618528,0.5267552438805359,0.0,None,167,,,500,,,0.0,0.0,0.7040526494921225,,,0.2943494015037429
R1,Composite,0.9968810195852956,0.9400332548295458,0.0,48,50,48.0,96.0,500,-0.3176987326952315,3.887947856687603e-05,13.437214483051516,5.715508179930623,0.5903841448027215,,,
R2,Seasonal,0.6667750325400188,0.9293616600379843,0.0,48,50,48.0,96.0,500,0.0,0.0,14.155336595898119,6.711371491187139,0.6604404033843694,,,
R3,Stationary_AR,0.0720791692472339,0.27600454142570696,0.0,None,33,,,500,0.0,0.0,0.0,0.0,5.0,0.49583602838728125,,
R4,Trending_MeanShift,0.9999446262599212,0.999778132193747,0.0,None,250,,,500,,,0.0,0.0,0.7936712423170863,,250.0,
R1,Composite,0.9941478546792337,0.8273881777111939,0.0,48,50,48.0,96.0,500,0.23672641905376585,-1.020977156027712e-05,8.126878484876704,5.547032664209588,1.3540291817672645,,,
R2,Seasonal,0.6315464828243372,0.9090579649923148,0.0,48,50,48.0,96.0,500,0.0,0.0,18.012893789826915,9.16561679606978,1.695443931717333,,,
R3,Stationary_AR,0.3116481518413877,0.15826555821488697,0.0,None,15,,,500,0.0,0.0,0.0,0.0,5.0,0.6673784640651886,,
R4,Trending_RandomWalkDrift,0.9952628651631578,0.9376724319392583,0.0,None,250,,,500,,,0.0,0.0,0.5599247447639085,,,0.3830678132134149
R1,Composite,0.986605493949785,0.9078997818950784,0.0,48,50,48.0,96.0,500,0.10380641563689749,1.4292589934007245e-05,8.442378781925846,3.6265010138364353,1.1461038310462444,,,
R2,Seasonal,0.6494860544982023,0.9625664132371514,0.0,48,50,48.0,96.0,500,0.0,0.0,23.698091224741134,7.879868608171635,0.5170727590068089,,,
R3,Stationary_WN,0.12665823137848897,0.28632438053573306,0.0,None,8,,,500,0.0,0.0,0.0,0.0,11.270463573495425,,,
R4,Trending_ExponentialGrowth,0.9691800552160024,0.1581460890845252,0.0,None,24,,,500,,,0.0,0.0,1.3803793694732773,,,
R1,Composite,0.9970748250729375,0.8962359836030123,0.0,24,24,24.0,48.0,500,-0.391906311131086,-1.21946957640282e-05,12.770716598417936,7.966965139648878,0.9860508540145476,,,
R2,Seasonal,0.6423650716757232,0.8994157786755069,0.0,24,24,24.0,48.0,500,0.0,0.0,13.601334357686802,7.187471780315938,1.8632692301992426,,,
R3,Stationary_WN,0.16875372029897895,0.1841748990746015,0.0,None,5,,,500,0.0,0.0,0.0,0.0,14.972935495114735,,,
R4,Trending_RandomWalkDrift,0.9830404613419618,0.659820741938042,0.0,None,167,,,500,,,0.0,0.0,1.1759284694773902,,,0.2878911863476623
R1,Composite,0.9643120525990557,0.9313789646241964,0.0,36,36,36.0,72.0,500,-0.10836548174418853,3.5219021224835816e-05,13.965310094676752,7.162329387778811,0.6112220607838513,,,
R2,Seasonal,0.6926127451723038,0.8608544877802349,0.0,36,36,36.0,72.0,500,0.0,0.0,13.905488189427276,10.158567405440607,1.5653415007608023,,,
R3,Stationary_WN,0.03615560578373045,0.24508897198017698,0.0,None,33,,,500,0.0,0.0,0.0,0.0,9.882238722010896,,,
R4,Trending_MeanShift,0.999922679160562,0.999690837724696,0.0,None,250,,,500,,,0.0,0.0,1.4072394495085936,,250.0,
R1,Composite,0.998437351535315,0.9648578344364744,0.0,48,50,48.0,96.0,500,0.3415363179415275,2.2796263031754353e-05,14.939998142723342,3.308125226381632,1.3898162952601885,,,
R2,Seasonal,0.6567024308563608,0.9570675175394857,0.0,48,50,48.0,96.0,500,0.0,0.0,25.6499978977782,9.257651681237686,0.6966814931493184,,,
R3,Stationary_AR,0.022707885427955654,0.6980372688867669,0.0,None,250,,,500,0.0,0.0,0.0,0.0,5.0,0.644724331510219,,
R4,Trending_MeanShift,0.9999706390826641,0.9998825312564473,0.0,None,250,,,500,,,0.0,0.0,0.9518340499027824,,250.0,
R1,Composite,0.9966341381388092,0.9753184132825691,0.0,12,12,12.0,24.0,500,0.3239183052157206,1.2149855964649366e-05,24.470275187955316,7.169060652549408,1.4101966395436527,,,
R2,Seasonal,0.7312735790959031,0.9870061319078407,0.0,12,12,12.0,24.0,500,0.0,0.0,26.693911478843283,5.662051366183763,0.8673617394214619,,,
R3,Stationary_WN,0.18463568955642196,0.08224658295828668,0.0,None,2,,,500,0.0,0.0,0.0,0.0,10.02660155331619,,,
R4,Trending_MeanShift,0.9999457609866219,0.9997834543067805,0.0,None,250,,,500,,,0.0,0.0,1.0578662078734768,,250.0,
R1,Composite,0.9992728012026694,0.9819531263602981,0.0,36,36,36.0,72.0,500,-0.32095720411224093,-4.8171837266730756e-05,13.991450913428748,3.5101432989107746,0.5153725248091681,,,
R2,Seasonal,0.6607561396878692,0.9383626040650308,0.0,36,36,36.0,72.0,500,0.0,0.0,18.873921395668162,8.203150853767964,1.9370700534895948,,,
R3,Stationary_WN,0.15708841723106193,0.10668356590461658,0.0,None,3,,,500,0.0,0.0,0.0,0.0,10.068867047873097,,,
R4,Trending_RandomWalkDrift,0.998892598377333,0.11757490955132321,0.0,None,24,,,500,,,0.0,0.0,1.2056809241060726,,,0.38189771114744675
R1,Composite,0.9954787294772285,0.9042159847665681,0.0,12,12,12.0,24.0,500,0.23824794798523477,-4.342961389805908e-05,9.083510355092418,5.547010061148051,1.023970865997637,,,
R2,Seasonal,0.745825446105061,0.9058329182913177,0.0,12,12,12.0,24.0,500,0.0,0.0,14.112226215590407,8.948719750584964,0.8206848669992928,,,
R3,Stationary_WN,0.15138736548764908,0.14784468032732867,0.0,None,5,,,500,0.0,0.0,0.0,0.0,13.673382514090184,,,
R4,Trending_RandomWalkDrift,0.9958113649579463,0.0,0.0,None,24,,,500,,,0.0,0.0,0.7449155571855242,,,-0.4071401976847371
R1,Composite,0.9988687308128918,0.9783524674762738,0.0,24,24,24.0,48.0,500,0.32505624030219404,-2.2824906019746553e-05,14.414323549394187,2.9325000974171544,1.0726646443184662,,,
R2,Seasonal,0.6828279609884982,0.8643896764287262,0.0,24,24,24.0,48.0,500,0.0,0.0,16.481889179957633,11.555557862455029,1.697515735914285,,,
R3,Stationary_AR,0.32095128373676274,0.30070581097112414,0.0,None,12,,,500,0.0,0.0,0.0,0.0,5.0,0.5336795136190308,,
R4,Trending_MeanShift,0.9996520229660169,0.9986174626551753,0.0,None,250,,,500,,,0.0,0.0,1.4173306403158303,,250.0,
R1,Composite,0.9967640911847424,0.9754151185292294,0.0,48,100,48.0,96.0,500,0.19380777806154492,-4.2977279172841595e-05,10.153299469864708,7.501741850039714,1.1530194736500463,,,
R2,Seasonal,0.5715913666559795,0.9665374773797119,0.0,48,50,48.0,96.0,500,0.0,0.0,27.26390378460426,7.418116635529436,1.3910556631929163,,,
R3,Stationary_AR,0.1708876122667341,0.24888147414926187,0.0,None,18,,,500,0.0,0.0,0.0,0.0,5.0,0.48532444742082154,,
R4,Trending_RandomWalkDrift,0.9904142297833405,0.48474166415696307,0.0,None,100,,,500,,,0.0,0.0,0.9873973920846559,,,0.23732370943958805
R1,Composite,0.9960125745969365,0.9208996633984351,0.0,24,24,24.0,48.0,500,0.2846043317241324,4.366241045451851e-05,13.437843995257163,7.316435975848132,0.6935481617302812,,,
R2,Seasonal,0.7076801796952314,0.9572088262763382,0.0,24,24,24.0,48.0,500,0.0,0.0,24.201796580758664,9.533859912017487,0.7354536743564934,,,
R3,Stationary_WN,0.17585324505924083,0.17579878917594227,0.0,None,4,,,500,0.0,0.0,0.0,0.0,10.772270839726964,,,
R4,Trending_RandomWalkDrift,0.6692336817999951,0.15621153425336465,0.0,None,83,,,500,,,0.0,0.0,1.3730451924399993,,,0.16485302283632375
R1,Composite,0.9982024138269527,0.9833980771773227,0.0,24,24,24.0,48.0,500,0.3183135685988128,4.111910774848673e-05,22.561764410153117,4.320340754582954,1.3302097812337834,,,
R2,Seasonal,0.6614847939484721,0.8908397378588147,0.0,24,24,24.0,48.0,500,0.0,0.0,14.057913580351586,8.22058164782287,1.9661309684543022,,,
R3,Stationary_AR,0.10933526460813126,0.2748123406927968,0.0,None,45,,,500,0.0,0.0,0.0,0.0,5.0,0.5181819206478632,,
R4,Trending_ExponentialGrowth,0.9876581048790022,0.2183784450614903,0.0,None,24,,,500,,,0.0,0.0,1.1553794171111855,,,
R1,Composite,0.998397205727648,0.9695458511667887,0.0,24,24,24.0,48.0,500,0.39182954202410936,3.0133470894153014e-05,18.697223558423097,6.164717111980524,0.5203167269928614,,,
R2,Seasonal,0.7087908082491859,0.9665869241112123,0.0,24,24,24.0,48.0,500,0.0,0.0,22.544662042468595,7.8353088063857195,0.6340399093675617,,,
R3,Stationary_WN,0.13507959527600444,0.05238054678504589,0.0,None,3,,,500,0.0,0.0,0.0,0.0,8.460181910310299,,,
R4,Trending_RandomWalkDrift,0.9881422813942589,0.8132130218492019,0.0,None,250,,,500,,,0.0,0.0,1.3585087243882257,,,0.25941186859199117
R1,Composite,0.9981321909341594,0.9672058863336218,0.0,24,24,24.0,48.0,500,0.37881020605281146,-1.8305544815125995e-05,17.693925708694564,5.92502293708222,0.7524432576635496,,,
R2,Seasonal,0.6966977818744933,0.9692748515834114,0.0,24,24,24.0,48.0,500,0.0,0.0,24.339282723866337,7.9417025783890995,1.0037688219167729,,,
R3,Stationary_AR,0.12170083570058032,0.3347795019497952,0.0,None,29,,,500,0.0,0.0,0.0,0.0,5.0,0.5193270109169876,,
R4,Trending_MeanShift,0.999901531811335,0.9996082213433665,0.0,None,250,,,500,,,0.0,0.0,0.9850071349055095,,250.0,
R1,Composite,0.9948684917123032,0.9910927837686755,0.0,12,12,12.0,24.0,500,-0.14128474932659565,2.1333897805786672e-05,20.354413862355415,3.4622175293349398,0.8193433190939924,,,
R2,Seasonal,0.06082745938181633,0.9888895351459023,0.0,12,24,12.0,24.0,500,0.0,0.0,13.860176716838097,11.740414366594244,1.6340152479217331,,,
R3,Stationary_WN,0.24880544724403908,0.19518138694524312,0.0,None,3,,,500,0.0,0.0,0.0,0.0,6.561659256060778,,,
R4,Trending_MeanShift,0.9999932177276643,0.9999728730701923,0.0,None,250,,,500,,,0.0,0.0,0.5612830673115233,,250.0,
R1,Composite,0.9961439233284309,0.9798937159956891,0.0,36,36,36.0,72.0,500,-0.23754686651168674,-1.5566023213630562e-05,21.873081347708947,5.639650635707623,0.9870265005446925,,,
R2,Seasonal,0.6344389730138386,0.9819024394888204,0.0,36,36,36.0,72.0,500,0.0,0.0,25.151857442178525,5.402055434549945,1.5239824881713389,,,
R3,Stationary_WN,0.11055609563065605,0.08064443334472138,0.0,None,3,,,500,0.0,0.0,0.0,0.0,11.135240064533088,,,
R4,Trending_RandomWalkDrift,0.9980224993275304,0.21784607659810873,0.0,None,24,,,500,,,0.0,0.0,1.2705381622578418,,,-0.38486415009413255
R1,Composite,0.9928773645208862,0.9225997495557984,0.0,24,24,24.0,48.0,500,-0.20256901649761322,1.8261933719294516e-05,11.434056352400091,6.11959160142434,0.7407287261894089,,,
R2,Seasonal,0.6779044193893884,0.9805794269494872,0.0,24,24,24.0,48.0,500,0.0,0.0,24.653431021640664,6.11838143337283,1.1096653182625233,,,
R3,Stationary_WN,0.17784347693687175,0.09987825577732545,0.0,None,3,,,500,0.0,0.0,0.0,0.0,14.707827270031634,,,
R4,Trending_RandomWalkDrift,0.9959044849287709,0.14727899896170216,0.0,None,24,,,500,,,0.0,0.0,0.9604175311760149,,,-0.2618401686077981
R1,Composite,0.9975969708454626,0.9504322567660557,0.0,48,50,48.0,96.0,500,-0.38613158230823563,-2.8070206616979e-05,17.31499731544615,6.446608794456832,1.0173721795690007,,,
R2,Seasonal,0.0256183243146465,0.9849454116804829,0.0,48,100,48.0,96.0,500,0.0,0.0,14.071393786834353,11.231344440859885,0.7507166923852547,,,
R3,Stationary_WN,0.21157262175668579,0.11056956931541417,0.0,None,2,,,500,0.0,0.0,0.0,0.0,10.44737289112896,,,
R4,Trending_ExponentialGrowth,0.9988701357848512,0.24735219540968756,0.0,None,24,,,500,,,0.0,0.0,0.5559574152712589,,,
R1,Composite,0.9989357147750378,0.9857714369773625,0.0,12,12,12.0,24.0,500,-0.3413541206056096,3.31301056307346e-05,18.052880612735652,4.1654436136012984,0.5661382860957211,,,
R2,Seasonal,0.7516741810130597,0.9364296250116418,0.0,12,12,12.0,24.0,500,0.0,0.0,18.786161965586004,9.771950319985574,0.5546099501233399,,,
R3,Stationary_AR,0.07745577288785788,0.2053441019943445,0.0,None,62,,,500,0.0,0.0,0.0,0.0,5.0,0.643534801692813,,
R4,Trending_RandomWalkDrift,0.7420286545364385,0.36193932981282073,0.0,None,100,,,500,,,0.0,0.0,0.6900175947994696,,,0.28475726997504563
R1,Composite,0.9992981542167564,0.987148710236348,0.0,24,24,24.0,48.0,500,-0.30491484515357503,-2.4614438536751684e-05,14.926435369567645,2.8999917373106303,0.5322830870738449,,,
R2,Seasonal,0.7037828536662931,0.9192690560751413,0.0,24,24,24.0,48.0,500,0.0,0.0,19.940141335002842,11.115767648693234,0.9635708409513806,,,
R3,Stationary_AR,0.1337185685837824,0.24523699237196728,0.0,None,24,,,500,0.0,0.0,0.0,0.0,5.0,0.4584688982129202,,
R4,Trending_MeanShift,0.9999500322762941,0.999799735590731,0.0,None,250,,,500,,,0.0,0.0,0.7114000345846022,,250.0,
R1,Composite,0.9884556634849926,0.975633210994332,0.0,24,24,24.0,48.0,500,-0.15362736528151416,-4.271438861725855e-05,24.249303641755038,6.297076926493928,1.3669128737994036,,,
R2,Seasonal,0.6994880016330565,0.94138655053286,0.0,24,24,24.0,48.0,500,0.0,0.0,19.432919425841998,8.939401477320366,1.0049893858031573,,,
R3,Stationary_WN,0.12147317708615923,0.1276242818097908,0.0,None,3,,,500,0.0,0.0,0.0,0.0,6.143006835352317,,,
R4,Trending_ExponentialGrowth,0.9936241716527451,0.20447643688612283,0.0,None,24,,,500,,,0.0,0.0,0.590195407829891,,,
R1,Composite,0.9937250322458911,0.988191432480388,0.0,12,12,12.0,24.0,500,0.12652294153769827,-3.892083659585897e-05,16.007621371613737,3.21496252337751,0.5717967236837042,,,
R2,Seasonal,0.6822867104923931,0.9476728183977418,0.0,12,12,12.0,24.0,500,0.0,0.0,15.969313823943924,6.329086502659016,1.6731889769430577,,,
R3,Stationary_WN,0.18766283132006423,0.2233651197854165,0.0,None,3,,,500,0.0,0.0,0.0,0.0,5.959097737018565,,,
R4,Trending_ExponentialGrowth,0.9920606731160313,0.1704784301522082,0.0,None,24,,,500,,,0.0,0.0,0.7014189056009495,,,
R1,Composite,0.9862227464932845,0.9819439675866652,0.0,12,12,12.0,24.0,500,-0.12816272881128135,-1.737956361434498e-05,24.960811976910342,6.069957342214082,1.275067534395512,,,
R2,Seasonal,0.7290207143112934,0.9751325418140326,0.0,12,12,12.0,24.0,500,0.0,0.0,29.795662085174428,9.06139197719087,1.6344744583220163,,,
R3,Stationary_AR,0.3606897277994523,0.36114579028555605,0.0,None,15,,,500,0.0,0.0,0.0,0.0,5.0,0.5072569401435003,,
R4,Trending_ExponentialGrowth,0.9887627111863365,0.27420328119646153,0.0,None,24,,,500,,,0.0,0.0,1.3525648985875995,,,
R1,Composite,0.9952797200159843,0.9622662884862154,0.0,36,36,36.0,72.0,500,0.2964603717146054,-4.598609995648198e-05,19.481058721755023,6.813925148246683,1.2880951623302916,,,
R2,Seasonal,0.6786876176006885,0.8941962917005333,0.0,36,36,36.0,72.0,500,0.0,0.0,11.304921514692328,6.781264097834747,1.4366889619516363,,,
R3,Stationary_AR,0.2290367506803973,0.22848195619175327,0.0,None,14,,,500,0.0,0.0,0.0,0.0,5.0,0.4595629827309203,,
R4,Trending_RandomWalkDrift,0.9972101592930706,0.1971811104730533,0.0,None,24,,,500,,,0.0,0.0,0.6331348475700579,,,-0.3858404381009194
R1,Composite,0.9974905001000229,0.9768435164167858,0.0,36,36,36.0,72.0,500,0.15291917080600304,-1.5282272961764727e-05,9.615960696287486,2.0130594276665867,0.8326895168925973,,,
R2,Seasonal,0.6874925496458679,0.9826521113980188,0.0,36,36,36.0,72.0,500,0.0,0.0,22.527461111704774,5.280289907526712,0.9362187222762115,,,
R3,Stationary_WN,0.09851827314519701,0.18296843357988424,0.0,None,11,,,500,0.0,0.0,0.0,0.0,13.148591597476436,,,
R4,Trending_ExponentialGrowth,0.9986809213470739,0.23712252128880495,0.0,None,24,,,500,,,0.0,0.0,1.1615495929382944,,,
R1,Composite,0.9979610445047193,0.9801485955045651,0.0,36,36,36.0,72.0,500,-0.21460741094882038,3.071215288367079e-05,13.07182299212367,2.8608614459957926,0.8947527351584708,,,
R2,Seasonal,0.7078801167749303,0.9696301267341557,0.0,36,36,36.0,72.0,500,0.0,0.0,28.97137766138653,9.545658204509635,1.079491515007707,,,
R3,Stationary_AR,0.17559139715818417,0.3689377213093712,0.0,None,28,,,500,0.0,0.0,0.0,0.0,5.0,0.5429098919773399,,
R4,Trending_ExponentialGrowth,0.9888243288345723,0.2980912607908529,0.0,None,24,,,500,,,0.0,0.0,0.6737631129310979,,,
R1,Composite,0.9953732333003966,0.9775312539661614,0.0,12,12,12.0,24.0,500,0.13147162792367906,4.1985210856446194e-05,13.97642405763338,3.7435868835053405,0.7765309571942517,,,
R2,Seasonal,0.7418514332835211,0.9608042476906509,0.0,12,12,12.0,24.0,500,0.0,0.0,19.149537710869705,7.563661955690984,0.8190371105373571,,,
R3,Stationary_AR,0.007036156479708122,0.5149007744500325,0.0,None,167,,,500,0.0,0.0,0.0,0.0,5.0,0.536797019614325,,
R4,Trending_RandomWalkDrift,0.9985539089839308,0.9176997713863775,0.0,None,250,,,500,,,0.0,0.0,1.446538112805729,,,0.4514453747370105
R1,Composite,0.9950836800670257,0.9125512043097401,0.0,24,24,24.0,48.0,500,0.26514444233717177,-1.1620618702106223e-05,11.91382601558426,6.644663533263165,1.0345632619343168,,,
R2,Seasonal,0.7098906248845055,0.9562163447902088,0.0,24,24,24.0,48.0,500,0.0,0.0,26.125807482757313,10.47323414656745,0.7368739569565508,,,
R3,Stationary_WN,0.17498700834545877,0.08440507751082327,0.0,None,2,,,500,0.0,0.0,0.0,0.0,12.340346758253636,,,
R4,Trending_RandomWalkDrift,0.9957438189131524,0.0020299745128858904,0.0,None,24,,,500,,,0.0,0.0,0.6078639455289242,,,-0.48117213190420394
R1,Composite,0.9982086009240871,0.9828647480950669,0.0,12,12,12.0,24.0,500,0.33005937568564814,4.971427199766466e-05,23.298278067820018,5.276707654585233,1.329082689249858,,,
R2,Seasonal,0.7247975766301427,0.955395943835136,0.0,12,12,12.0,24.0,500,0.0,0.0,29.107407017119,11.69039525744859,1.8117376931212128,,,
R3,Stationary_AR,0.12651586095857126,0.381670306869084,0.0,None,26,,,500,0.0,0.0,0.0,0.0,5.0,0.5237164819207347,,
R4,Trending_RandomWalkDrift,0.9972725206667603,0.12792506449393704,0.0,None,24,,,500,,,0.0,0.0,0.6431526169952444,,,0.3904073173057775
R1,Composite,0.9930453282754695,0.9767244149136376,0.0,36,36,36.0,72.0,500,0.21597972960150508,-2.6407177901500253e-05,22.67017128593273,6.254807114010947,1.0316195474349321,,,
R2,Seasonal,0.6688048055297002,0.9506926350537747,0.0,36,36,36.0,72.0,500,0.0,0.0,16.67753383809605,6.538099840812539,1.3246998911237053,,,
R3,Stationary_AR,0.11221644897364413,0.22451441017779028,0.0,None,17,,,500,0.0,0.0,0.0,0.0,5.0,0.42299774361941656,,
R4,Trending_RandomWalkDrift,0.9965450408992421,0.15573016211638369,0.0,None,24,,,500,,,0.0,0.0,0.7059432526923904,,,-0.4106514071269025
R1,Composite,0.9952434546598503,0.956820204822403,0.0,24,24,24.0,48.0,500,-0.23760113116196635,-2.4568201486755055e-05,16.356653758598227,6.506120408990683,0.6046710671404112,,,
R2,Seasonal,0.6590073045982916,0.9675701304943064,0.0,24,24,24.0,48.0,500,0.0,0.0,23.16041287305032,7.076815536970815,1.5637719087988198,,,
R3,Stationary_WN,0.20655065050711052,0.0989338182318904,0.0,None,2,,,500,0.0,0.0,0.0,0.0,11.219501464033609,,,
R4,Trending_ExponentialGrowth,0.9970806534870554,0.23569149750236795,0.0,None,24,,,500,,,0.0,0.0,1.3252191290785782,,,
R1,Composite,0.9956597062627769,0.9593586618774413,0.0,36,36,36.0,72.0,500,-0.21388866519557154,-4.805176047991465e-05,15.687202573359702,5.907762783688785,0.8463481043588029,,,
R2,Seasonal,0.6862256479261284,0.9589934247740398,0.0,36,36,36.0,72.0,500,0.0,0.0,23.594513552043466,8.735117063737434,1.3179577624455343,,,
R3,Stationary_AR,0.2348755561823319,0.2882154517955723,0.0,None,19,,,500,0.0,0.0,0.0,0.0,5.0,0.663833563446677,,
R4,Trending_ExponentialGrowth,0.9813902041561045,0.19315874535499333,0.0,None,24,,,500,,,0.0,0.0,1.4358026760854776,,,
R1,Composite,0.9911485669557469,0.8764873970169682,0.0,48,50,48.0,96.0,500,0.1983415329324777,1.768009402010116e-05,10.907842181523595,6.17297536084644,1.4253698821871175,,,
R2,Seasonal,0.6210165195730529,0.9485596166679939,0.0,48,50,48.0,96.0,500,0.0,0.0,21.729824591951225,8.278526957218743,1.406774909989689,,,
R3,Stationary_AR,0.12869633856411522,0.18129017458670627,0.0,None,17,,,500,0.0,0.0,0.0,0.0,5.0,0.48493786949543505,,
R4,Trending_ExponentialGrowth,0.9847412331433453,0.2311709941693798,0.0,None,24,,,500,,,0.0,0.0,1.42781495865243,,,
R1,Composite,0.996399064270004,0.9713210267898477,0.0,48,50,48.0,96.0,500,0.3095961149702795,-2.5681512652580848e-05,21.277985404671977,4.490926240984644,1.3774067922840596,,,
R2,Seasonal,0.5701361213450622,0.9836274912359191,0.0,48,50,48.0,96.0,500,0.0,0.0,24.49805337099412,4.713845857154402,0.5031873858147633,,,
R3,Stationary_WN,0.19527077264202664,0.10941038072945908,0.0,None,2,,,500,0.0,0.0,0.0,0.0,13.564435692195667,,,
R4,Trending_ExponentialGrowth,0.9989389173385351,0.20554415903533696,0.0,None,24,,,500,,,0.0,0.0,1.0214613110512953,,,
R1,Composite,0.9985453392064924,0.9803063867936171,0.0,48,50,48.0,96.0,500,-0.2636669779170846,3.5397122620156176e-05,13.485592008874177,2.178146488077714,0.7552780692419214,,,
R2,Seasonal,0.4363959065987084,0.9664464441844626,0.0,48,50,48.0,96.0,500,0.0,0.0,24.483993315298882,5.427996293241347,1.8207587803285636,,,
R3,Stationary_AR,0.009157314488362878,0.4883017413963068,0.0,None,167,,,500,0.0,0.0,0.0,0.0,5.0,0.5731100192583163,,
R4,Trending_RandomWalkDrift,0.9953835881653913,0.0,0.0,None,24,,,500,,,0.0,0.0,0.7796175888767177,,,-0.4219802034985255
R1,Composite,0.9984311405358333,0.9698370629943539,0.0,12,12,12.0,24.0,500,0.35246104724350036,4.67794786938946e-05,17.228191595824807,5.767088935368382,0.9277027590593601,,,
R2,Seasonal,0.7454066070571589,0.9594352590022149,0.0,12,12,12.0,24.0,500,0.0,0.0,25.49684613687542,10.292083375772314,1.0537726997930819,,,
R3,Stationary_AR,0.19470259665134615,0.3945751729019664,0.0,None,15,,,500,0.0,0.0,0.0,0.0,5.0,0.48583752593576884,,
R4,Trending_RandomWalkDrift,0.9874516475376142,0.0,0.0,None,24,,,500,,,0.0,0.0,1.3420590590097556,,,0.20571819783684742
R1,Composite,0.9953309689844901,0.9176445114799733,0.0,36,36,36.0,72.0,500,0.23964731609653817,-4.433151883253084e-05,10.090425143778932,5.1335853416524175,1.1246146973046511,,,
R2,Seasonal,0.6866072674827273,0.9191635749695837,0.0,36,36,36.0,72.0,500,0.0,0.0,22.20267952847673,11.570660301310749,1.958515570180547,,,
R3,Stationary_AR,0.06646739298205928,0.29308796144606153,0.0,None,125,,,500,0.0,0.0,0.0,0.0,5.0,0.6944764986656904,,
R4,Trending_RandomWalkDrift,0.9938058376834988,0.04380277107349151,0.0,None,24,,,500,,,0.0,0.0,1.4802446405317111,,,0.3288076476541948
R1,Composite,0.996314174775745,0.9923385649896613,0.0,48,50,48.0,96.0,500,0.19451730384397808,-4.1396290509758923e-05,24.681026191717915,2.161170879390449,0.5841684006310183,,,
R2,Seasonal,0.6670439578222304,0.8680510903951106,0.0,48,50,48.0,96.0,500,0.0,0.0,14.873940888672358,10.10836585092596,1.4580333086590862,,,
R3,Stationary_WN,0.03511910636912918,0.10341319231236057,0.0,None,7,,,500,0.0,0.0,0.0,0.0,8.338596317505925,,,
R4,Trending_RandomWalkDrift,0.9698244708101125,0.04395450299932724,0.0,None,24,,,500,,,0.0,0.0,1.1157503041699737,,,0.2907481774156604
R1,Composite,0.9960155722671076,0.9577519487746469,0.0,12,12,12.0,24.0,500,0.21668483358087842,-2.1739978432296673e-05,12.685995589136068,5.06834204888784,0.7415033658113245,,,
R2,Seasonal,0.6939185874985097,0.9742826066336798,0.0,12,12,12.0,24.0,500,0.0,0.0,23.555220883874846,6.74593968584972,1.6593639360829755,,,
R3,Stationary_WN,0.18868934692643724,0.14538265103719084,0.0,None,5,,,500,0.0,0.0,0.0,0.0,7.350963029693113,,,
R4,Trending_MeanShift,0.999909683677481,0.9996400256165349,0.0,None,250,,,500,,,0.0,0.0,1.1750680446584658,,250.0,
R1,Composite,0.9837245221481322,0.9442652571276302,0.0,24,24,24.0,48.0,500,-0.1555842022537991,-1.7307252004410777e-05,17.748435105351945,7.98437679907279,0.716279026408832,,,
R2,Seasonal,0.6940922903120862,0.8540913867009592,0.0,24,24,24.0,48.0,500,0.0,0.0,15.34051327383176,11.701860433645386,1.5777437668032919,,,
R3,Stationary_AR,0.24821812766228568,0.24160044143817627,0.0,None,24,,,500,0.0,0.0,0.0,0.0,5.0,0.6759533407920613,,
R4,Trending_MeanShift,0.9999760355400291,0.999904238760404,0.0,None,250,,,500,,,0.0,0.0,0.7952614599879615,,250.0,
R1,Composite,0.9988627033918038,0.9864714403102858,0.0,36,36,36.0,72.0,500,-0.2612800931126339,2.1434642372742603e-05,14.774807342900294,2.5704257801318637,0.92674589677634,,,
R2,Seasonal,0.672377326261012,0.949825319909955,0.0,36,36,36.0,72.0,500,0.0,0.0,17.8094029601948,7.071613026152319,1.5067313317174487,,,
R3,Stationary_WN,0.06811414417942885,0.11472198758297647,0.0,None,3,,,500,0.0,0.0,0.0,0.0,9.613917013700846,,,
R4,Trending_RandomWalkDrift,0.9931000606765202,0.6614067481978549,0.0,None,167,,,500,,,0.0,0.0,1.0750952039538957,,,0.36232578763253376
R1,Composite,0.9709942435514475,0.9603458335084173,0.0,48,50,48.0,96.0,500,0.10288143096105057,1.887572510439425e-05,20.599276434170868,6.961730668459227,0.8465960812688984,,,
R2,Seasonal,0.6397005509727351,0.9624542735309911,0.0,48,50,48.0,96.0,500,0.0,0.0,16.715296639694444,5.392760036522215,0.6775381733807239,,,
R3,Stationary_AR,0.03138965407200811,0.271075393203866,0.0,None,62,,,500,0.0,0.0,0.0,0.0,5.0,0.40695476234891664,,
R4,Trending_MeanShift,0.9997865071046838,0.999148622595539,0.0,None,250,,,500,,,0.0,0.0,1.1892750531668994,,250.0,
R1,Composite,0.9949550630879292,0.9759627293311307,0.0,36,36,36.0,72.0,500,0.25085860526346704,-2.4566200781961513e-05,22.125710717107417,6.38922282082159,0.8151596122361638,,,
R2,Seasonal,0.6042420677725779,0.9544641629625519,0.0,36,36,36.0,72.0,500,0.0,0.0,13.456770000724292,4.542397261323693,1.652282914777102,,,
R3,Stationary_WN,0.1307257738655877,0.2081345393203542,0.0,None,6,,,500,0.0,0.0,0.0,0.0,11.031758916234464,,,
R4,Trending_MeanShift,0.9999728142922828,0.9998914944692824,0.0,None,250,,,500,,,0.0,0.0,0.6879836866596823,,250.0,
R1,Composite,0.9814610993404987,0.9880882115525335,0.0,36,36,36.0,72.0,500,-0.10910418518671139,2.7304409499969126e-05,24.594892806411984,3.636977190670904,1.272852118984215,,,
R2,Seasonal,0.7057956369848941,0.9491699522003164,0.0,36,36,36.0,72.0,500,0.0,0.0,14.900912688015865,6.36473435546594,0.8322795426014644,,,
R3,Stationary_WN,0.013275720723833984,0.3436041564562582,0.0,None,125,,,500,0.0,0.0,0.0,0.0,12.842979193410873,,,
R4,Trending_RandomWalkDrift,0.9983088897524733,0.9737554149768398,0.0,None,250,,,500,,,0.0,0.0,0.9838705281234759,,,0.2912091841743534
R1,Composite,0.996446701636611,0.9601089437270782,0.0,12,12,12.0,24.0,500,0.26623962753575525,-2.958669781253851e-05,14.95240338153901,5.4266035190336375,1.3113888288673388,,,
R2,Seasonal,0.748629428822745,0.9837065340510873,0.0,12,12,12.0,24.0,500,0.0,0.0,27.985023734947614,7.146638881926598,0.5784494093695268,,,
R3,Stationary_AR,0.0,0.7185593967032737,0.0,None,250,,,500,0.0,0.0,0.0,0.0,5.0,0.6704770176090351,,
R4,Trending_MeanShift,0.9998514284254773,0.9994082500333603,0.0,None,250,,,500,,,0.0,0.0,1.2236424384629698,,250.0,
R1,Composite,0.9953471515131757,0.9343289410907057,0.0,36,36,36.0,72.0,500,0.3016436181046682,-1.3472196095030378e-05,15.440175588305292,7.644410723627275,1.0085839901197475,,,
R2,Seasonal,0.7012539064831322,0.9717729253769606,0.0,36,36,36.0,72.0,500,0.0,0.0,29.534351658546992,9.079589358373145,1.2353002970146854,,,
R3,Stationary_AR,0.028400035845929428,0.24515402122358854,0.0,None,83,,,500,0.0,0.0,0.0,0.0,5.0,0.46889630346919065,,
R4,Trending_MeanShift,0.9999383021944422,0.9997541375443919,0.0,None,250,,,500,,,0.0,0.0,1.4071212319984698,,250.0,
R1,Composite,0.9967266918517035,0.9884521096469912,0.0,36,36,36.0,72.0,500,0.2171057564912635,-4.734546033575692e-05,20.84269607294771,3.5015806295927367,0.9709076240673495,,,
R2,Seasonal,0.7094626860354702,0.9779240190270869,0.0,36,36,36.0,72.0,500,0.0,0.0,27.511525888610592,7.739607005051592,0.7847982912322657,,,
R3,Stationary_WN,0.1618024024217617,0.13304503721886995,0.0,None,3,,,500,0.0,0.0,0.0,0.0,13.85223172009563,,,
R4,Trending_ExponentialGrowth,0.9916454149522742,0.21014355916518535,0.0,None,24,,,500,,,0.0,0.0,1.4464236571695543,,,
R1,Composite,0.9964592340222496,0.9713373197541099,0.0,48,50,48.0,96.0,500,-0.2962136093900626,4.631031949653874e-05,19.18826375737391,5.26981110140375,0.7378579076101714,,,
R2,Seasonal,0.644743665470388,0.8819506119514893,0.0,48,50,48.0,96.0,500,0.0,0.0,17.715730938764022,10.475373551860372,1.9558448468976415,,,
R3,Stationary_WN,0.16775828809850735,0.1982882243547096,0.0,None,3,,,500,0.0,0.0,0.0,0.0,12.508635089541228,,,
R4,Trending_ExponentialGrowth,0.9840005919417044,0.3184642021006643,0.0,None,24,,,500,,,0.0,0.0,1.178562539757157,,,
R1,Composite,0.9966005723171574,0.980299277213555,0.0,48,50,48.0,96.0,500,0.25951993729220885,4.58889531738974e-05,23.879713197637734,4.207618855922139,1.0534719566956383,,,
R2,Seasonal,0.6534664594345643,0.8727619208829424,0.0,48,50,48.0,96.0,500,0.0,0.0,17.295925966470058,11.099474832279899,1.8329451839356512,,,
R3,Stationary_AR,0.06220075608089326,0.29570634852095035,0.0,None,100,,,500,0.0,0.0,0.0,0.0,5.0,0.6508414843723663,,
R4,Trending_MeanShift,0.9998672305835321,0.9994673652135387,0.0,None,250,,,500,,,0.0,0.0,1.2577770291647994,,250.0,
R1,Composite,0.9993466245061327,0.9605759982204403,0.0,48,50,48.0,96.0,500,-0.39987957048767975,-1.61340183006207e-05,10.478931794891533,2.636536109530628,0.8891746318750245,,,
R2,Seasonal,0.29503003398648564,0.9707301895284556,0.0,48,50,48.0,96.0,500,0.0,0.0,25.22995518200819,4.437159037439948,1.7333146170489835,,,
R3,Stationary_WN,0.276453204182207,0.09414011598734229,0.0,None,2,,,500,0.0,0.0,0.0,0.0,12.43465555379936,,,
R4,Trending_ExponentialGrowth,0.9736075308605026,0.20752046504662902,0.0,None,24,,,500,,,0.0,0.0,0.9755666900153065,,,
R1,Composite,0.9972815224002287,0.9706586428421485,0.0,48,50,48.0,96.0,500,0.373797831153055,3.377381867585488e-05,24.104014219539643,6.608030417382499,0.8626593184136884,,,
R2,Seasonal,0.6682543482294755,0.9289345438836151,0.0,48,50,48.0,96.0,500,0.0,0.0,17.662251889230966,8.424001171092304,0.5821770055158866,,,
R3,Stationary_AR,0.12921945965043513,0.32874527730042735,0.0,None,62,,,500,0.0,0.0,0.0,0.0,5.0,0.6879607772819163,,
R4,Trending_RandomWalkDrift,0.97528187192744,0.9840681919315525,0.0,None,250,,,500,,,0.0,0.0,1.089160898836559,,,0.14784383729299355
R1,Composite,0.9775903831357209,0.9697294273154409,0.0,24,24,24.0,48.0,500,-0.15147687660174675,4.173789294698866e-05,23.095028867616907,7.559862543689931,0.7254785686270511,,,
R2,Seasonal,0.6936695761845624,0.953542681019375,0.0,24,24,24.0,48.0,500,0.0,0.0,24.88117632534315,9.822796529597117,1.4037861581590154,,,
R3,Stationary_AR,0.021262063163309364,0.24692686001468633,0.0,None,83,,,500,0.0,0.0,0.0,0.0,5.0,0.43698441377306096,,
R4,Trending_ExponentialGrowth,0.9939440539709469,0.14673089851207255,0.0,None,24,,,500,,,0.0,0.0,1.2242523291974328,,,
R1,Composite,0.994694719537134,0.9886619375563486,0.0,48,50,48.0,96.0,500,0.13669892142579004,1.432442618624171e-05,20.058533368687495,2.025035734264891,0.923328128281009,,,
R2,Seasonal,0.6222190309410642,0.9488313683248628,0.0,48,50,48.0,96.0,500,0.0,0.0,24.802488054919657,9.228083157144951,1.4768275308882817,,,
R3,Stationary_AR,0.18793329649874124,0.3462962386288513,0.0,None,15,,,500,0.0,0.0,0.0,0.0,5.0,0.6313146031308893,,
R4,Trending_ExponentialGrowth,0.99940981619165,0.2448944828669476,0.0,None,24,,,500,,,0.0,0.0,0.9057280720861286,,,
R1,Composite,0.9888194631582884,0.8680681647612851,0.0,24,24,24.0,48.0,500,0.1325480056256829,4.324787364769389e-05,8.547977724140386,5.939013783189682,0.9934578720065488,,,
R2,Seasonal,0.6470622974149176,0.9788493346008685,0.0,24,24,24.0,48.0,500,0.0,0.0,29.994429445140863,7.287531609708025,1.6441597721374137,,,
R3,Stationary_WN,0.16986908448104932,0.12497936079110972,0.0,None,3,,,500,0.0,0.0,0.0,0.0,8.10746406561579,,,
R4,Trending_RandomWalkDrift,0.9965779937063471,0.1752342476958686,0.0,None,24,,,500,,,0.0,0.0,1.1502216744162337,,,0.41755585720097865
R1,Composite,0.9763484893159635,0.9719988525814279,0.0,36,36,36.0,72.0,500,-0.13675288943619643,2.2658888721652333e-05,24.37408086557167,7.686921066615334,0.8333512648427137,,,
R2,Seasonal,0.7184192250767176,0.9596016881960119,0.0,36,36,36.0,72.0,500,0.0,0.0,22.194193452649493,8.667733393981765,0.5878943563088469,,,
R3,Stationary_WN,0.1429709125337164,0.1554408838157858,0.0,None,4,,,500,0.0,0.0,0.0,0.0,8.103673918084837,,,
R4,Trending_MeanShift,0.9999427531236104,0.9997709854247389,0.0,None,250,,,500,,,0.0,0.0,1.0810234550288211,,250.0,
R1,Composite,0.9979184986193566,0.9444828249108201,0.0,24,24,24.0,48.0,500,0.39821699954127854,-2.187262575442595e-05,14.792632799968363,6.494967184305683,0.7894203519207406,,,
R2,Seasonal,0.709250561503816,0.9313632861360963,0.0,24,24,24.0,48.0,500,0.0,0.0,23.24935925783382,11.857999317922218,1.0095185202462569,,,
R3,Stationary_AR,0.1435890792290273,0.24058889069350264,0.0,None,23,,,500,0.0,0.0,0.0,0.0,5.0,0.5624211333056366,,
R4,Trending_RandomWalkDrift,0.5562130481160351,0.9132232695214967,0.0,None,250,,,500,,,0.0,0.0,1.3109008520891954,,,-0.20667847349641805
R1,Composite,0.9991517673923569,0.9877482323761908,0.0,24,24,24.0,48.0,500,0.3696295066937322,1.0634045509800943e-05,19.87371950647779,2.5925316672197374,1.3723359154677746,,,
R2,Seasonal,0.6986162823130457,0.9577490177086282,0.0,24,24,24.0,48.0,500,0.0,0.0,23.173907668573996,8.89441075980373,1.038308087796285,,,
R3,Stationary_AR,0.09714861380405293,0.401009753894645,0.0,None,21,,,500,0.0,0.0,0.0,0.0,5.0,0.4256428033559157,,
R4,Trending_MeanShift,0.9999681038661508,0.9998726904669683,0.0,None,250,,,500,,,0.0,0.0,0.5067995415258247,,250.0,
R1,Composite,0.9986777590790678,0.9888041810478738,0.0,12,12,12.0,24.0,500,0.32741274743421234,2.1477156981088967e-05,23.587856297381606,4.918203836125524,0.502953161669749,,,
R2,Seasonal,0.7200037820727638,0.9490385095049751,0.0,12,12,12.0,24.0,500,0.0,0.0,22.80915452743392,9.805144785632983,1.9064581736842012,,,
R3,Stationary_AR,0.19196415731822636,0.3481137140331646,0.0,None,24,,,500,0.0,0.0,0.0,0.0,5.0,0.5153012878364439,,
R4,Trending_RandomWalkDrift,0.9959901201577284,0.0,0.0,None,24,,,500,,,0.0,0.0,0.9568406445758402,,,0.3071393350290892
R1,Composite,0.9939501415490997,0.8930527510020767,0.0,12,12,12.0,24.0,500,-0.22960969894987887,-3.732759017310418e-05,11.39537004942187,7.462793526877321,1.2222390132673655,,,
R2,Seasonal,0.725802660793741,0.9680236235330387,0.0,12,12,12.0,24.0,500,0.0,0.0,25.945653398891277,8.810102685999517,1.5789623283035157,,,
R3,Stationary_WN,0.2941028241246646,0.14844935884107147,0.0,None,2,,,500,0.0,0.0,0.0,0.0,13.730928816577666,,,
R4,Trending_RandomWalkDrift,0.9979208585383861,0.11271793609281378,0.0,None,24,,,500,,,0.0,0.0,1.2800978239593062,,,0.43942203338695984
R1,Composite,0.9936600454004179,0.9710623641767163,0.0,36,36,36.0,72.0,500,-0.17039574636311028,3.1399667024851506e-05,14.708609436063938,4.547135500021735,0.612474595388163,,,
R2,Seasonal,0.6910675844865712,0.9549195588887816,0.0,36,36,36.0,72.0,500,0.0,0.0,22.985140348479842,9.083201586832093,1.5373954756426826,,,
R3,Stationary_WN,0.23476305248857066,0.17772200046039233,0.0,None,3,,,500,0.0,0.0,0.0,0.0,11.34504546992343,,,
R4,Trending_ExponentialGrowth,0.9991011431589168,0.25259105939714643,0.0,None,24,,,500,,,0.0,0.0,0.7136086989880583,,,
R1,Composite,0.9991335213000117,0.959469288850664,0.0,24,24,24.0,48.0,500,-0.3652629190676152,2.7723313709305053e-05,10.103853094650471,3.344779537308705,0.8649342925933485,,,
R2,Seasonal,0.6850373033687607,0.9658775430269753,0.0,24,24,24.0,48.0,500,0.0,0.0,22.770819289128436,7.578518138151687,1.2108556078659893,,,
R3,Stationary_WN,0.18736030216919808,0.1895619897238281,0.0,None,5,,,500,0.0,0.0,0.0,0.0,7.95762347848756,,,
R4,Trending_MeanShift,0.9999842356347612,0.9999370547595957,0.0,None,250,,,500,,,0.0,0.0,0.821066192820919,,250.0,
R1,Composite,0.9957606218910288,0.9564956269837517,0.0,48,50,48.0,96.0,500,-0.19342524551813894,-3.893577902510655e-05,13.208163996944009,4.0270408851830295,1.160272075500795,,,
R2,Seasonal,0.007068469987942638,0.9603155534960065,0.0,48,100,48.0,96.0,500,0.0,0.0,11.39424714504324,8.70346924132652,1.5740404614648211,,,
R3,Stationary_AR,0.10045893279315155,0.2905738168788453,0.0,None,26,,,500,0.0,0.0,0.0,0.0,5.0,0.5044015601024249,,
R4,Trending_MeanShift,0.9999882765443658,0.9999532654174319,0.0,None,250,,,500,,,0.0,0.0,0.5659523074834784,,250.0,
R1,Composite,0.9985644224213299,0.9454411141485566,0.0,24,24,24.0,48.0,500,-0.3667181066142241,-4.9433014980494864e-05,12.434553055641215,4.8293629581037205,1.1448829536451903,,,
R2,Seasonal,0.7087397991549731,0.949493566353937,0.0,24,24,24.0,48.0,500,0.0,0.0,23.148403860952918,10.060011251100649,0.6560946880341278,,,
R3,Stationary_WN,0.12688226538292857,0.20624163535532714,0.0,None,6,,,500,0.0,0.0,0.0,0.0,9.855969045976813,,,
R4,Trending_ExponentialGrowth,0.998930600575918,0.19730008593302506,0.0,None,24,,,500,,,0.0,0.0,1.0814695924982702,,,
R1,Composite,0.9899566111019193,0.970325689293525,0.0,36,36,36.0,72.0,500,-0.12783909781076355,1.8721672487360343e-05,13.955644616145852,3.3775574304411995,1.33175083778502,,,
R2,Seasonal,0.6385010581414539,0.9350149317661529,0.0,36,36,36.0,72.0,500,0.0,0.0,15.688764382325166,6.472206544364381,1.8854006788338638,,,
R3,Stationary_AR,0.10564887344225415,0.37734803040428555,0.0,None,45,,,500,0.0,0.0,0.0,0.0,5.0,0.47435402242069313,,
R4,Trending_RandomWalkDrift,0.966251721023995,0.10436171332377897,0.0,None,24,,,500,,,0.0,0.0,0.7598405835626612,,,0.2444795271199297
R1,Composite,0.998926795732788,0.9532874363975185,0.0,12,12,12.0,24.0,500,0.36487724167701685,-2.4269617214820866e-05,10.601078945213505,4.274710159857705,0.9111150061796132,,,
R2,Seasonal,0.7411568647008298,0.9778300424467052,0.0,12,12,12.0,24.0,500,0.0,0.0,25.410103692963126,7.470980365611573,0.8907510633674038,,,
R3,Stationary_WN,0.16873062216906787,0.18768980207304442,0.0,None,5,,,500,0.0,0.0,0.0,0.0,5.523712081167178,,,
R4,Trending_ExponentialGrowth,0.9657710262803736,0.11199668531999574,0.0,None,24,,,500,,,0.0,0.0,1.11255321431671,,,
R1,Composite,0.9978098437417982,0.9593254414349459,0.0,48,50,48.0,96.0,500,-0.36816674291345564,-3.281280315401274e-05,17.714026867654383,4.059635782216624,1.4945231708138647,,,
R2,Seasonal,0.6651331311328186,0.9157592352360409,0.0,48,50,48.0,96.0,500,0.0,0.0,11.335286875407347,5.944035519737338,0.7193317953248561,,,
R3,Stationary_AR,0.10720827287020784,0.2933318394405757,0.0,None,50,,,500,0.0,0.0,0.0,0.0,5.0,0.5479942975437722,,
R4,Trending_RandomWalkDrift,0.9075262708639769,0.27606605912807003,0.0,None,24,,,500,,,0.0,0.0,0.8009035100626772,,,-0.18785324081958327
R1,Composite,0.9938894000237709,0.9627164249763493,0.0,36,36,36.0,72.0,500,0.2570601786484773,-4.413893158355781e-05,19.105361001381738,6.9293159848366495,0.9549097015132865,,,
R2,Seasonal,0.7044386688223772,0.936344833519466,0.0,36,36,36.0,72.0,500,0.0,0.0,16.306209319375018,7.858545727429643,1.068773424191834,,,
R3,Stationary_WN,0.008263265394206076,0.34300731746827895,0.0,None,100,,,500,0.0,0.0,0.0,0.0,11.884914570238326,,,
R4,Trending_MeanShift,0.9999614886831913,0.9998463274376308,0.0,None,250,,,500,,,0.0,0.0,1.1828521890148238,,250.0,
R1,Composite,0.9966210722862495,0.9672451002313807,0.0,24,24,24.0,48.0,500,-0.35032982060562456,-3.3808965250965825e-05,23.36142968079028,7.536428870661476,1.463179268946347,,,
R2,Seasonal,0.6638370898166983,0.8289770399006373,0.0,24,24,24.0,48.0,500,0.0,0.0,10.121919463033919,7.999068471719795,1.7763419524506343,,,
R3,Stationary_AR,0.2933276354803366,0.3426516770099851,0.0,None,17,,,500,0.0,0.0,0.0,0.0,5.0,0.6437971125951875,,
R4,Trending_MeanShift,0.9999283688965368,0.9997158882856478,0.0,None,250,,,500,,,0.0,0.0,1.2689165065522854,,250.0,
R1,Composite,0.992658516075726,0.9534723207112712,0.0,36,36,36.0,72.0,500,-0.21198502134066816,1.0670705093638904e-05,16.545524133836835,6.3416707366425555,1.2857152052656713,,,
R2,Seasonal,0.7130048370111571,0.8709670230375384,0.0,36,36,36.0,72.0,500,0.0,0.0,15.263138684134056,10.888522720418358,1.0544438261861808,,,
R3,Stationary_AR,0.07077632225098551,0.2857830120707011,0.0,None,50,,,500,0.0,0.0,0.0,0.0,5.0,0.5969454422580409,,
R4,Trending_MeanShift,0.9999437655872608,0.9997740300672183,0.0,None,250,,,500,,,0.0,0.0,1.0920745227587592,,250.0,
R1,Composite,0.9833813972613507,0.9653283566058078,0.0,24,24,24.0,48.0,500,-0.14128257756524124,-3.5139750449551626e-05,22.186316552475887,7.790035979838668,0.87740980361157,,,
R2,Seasonal,0.6150336558865888,0.9801348913352503,0.0,24,24,24.0,48.0,500,0.0,0.0,27.374768108147734,5.912944701526165,1.7664900747291337,,,
R3,Stationary_AR,0.0715508389792201,0.3180559134452119,0.0,None,45,,,500,0.0,0.0,0.0,0.0,5.0,0.6074137975618102,,
R4,Trending_ExponentialGrowth,0.9881246517870953,0.23189371357104538,0.0,None,24,,,500,,,0.0,0.0,1.1837457361908497,,,
R1,Composite,0.9973372081022547,0.9772075393365126,0.0,24,24,24.0,48.0,500,-0.31610959632467384,-4.478374098208269e-05,23.216398315230908,6.59842129946629,0.6161708679813619,,,
R2,Seasonal,0.6891483332068984,0.9812649065933758,0.0,24,24,24.0,48.0,500,0.0,0.0,23.733481776076466,5.978150834835167,0.852611582090602,,,
R3,Stationary_AR,0.08752267686914628,0.2248784160224211,0.0,None,56,,,500,0.0,0.0,0.0,0.0,5.0,0.6954228055899914,,
R4,Trending_RandomWalkDrift,0.9244221641451824,0.7261370816224786,0.0,None,250,,,500,,,0.0,0.0,1.4566744740271127,,,-0.21791560770853546
R1,Composite,0.9932830964094947,0.9380731534597808,0.0,12,12,12.0,24.0,500,-0.2022981233753594,-1.3856468911344768e-05,13.83576470422383,7.104532931618212,0.5932928917120229,,,
R2,Seasonal,0.750843669811554,0.9595028127745694,0.0,12,12,12.0,24.0,500,0.0,0.0,25.601756194240906,10.369999976823953,0.7629349834164258,,,
R3,Stationary_WN,0.032438206786658874,0.23397618195230852,0.0,None,31,,,500,0.0,0.0,0.0,0.0,8.435448959815357,,,
R4,Trending_RandomWalkDrift,0.9246264900103265,0.7657795039091858,0.0,None,250,,,500,,,0.0,0.0,0.627793102981685,,,-0.1313644218789239
R1,Composite,0.9878203887301532,0.9777453473762914,0.0,48,50,48.0,96.0,500,0.13564805829592022,-4.318015820967571e-05,17.55362787888715,4.004189759433074,0.6133503957928189,,,
R2,Seasonal,0.6628409600309342,0.8538122662110151,0.0,48,50,48.0,96.0,500,0.0,0.0,13.160494000299451,9.171885112065066,1.351223657974955,,,
R3,Stationary_WN,0.1252495623521772,0.13353240531980415,0.0,None,3,,,500,0.0,0.0,0.0,0.0,9.052334506186126,,,
R4,Trending_MeanShift,0.9999691475928957,0.9998763457485169,0.0,None,250,,,500,,,0.0,0.0,0.8661292707226949,,250.0,
R1,Composite,0.9987336934317617,0.9890573359451432,0.0,48,50,48.0,96.0,500,0.3233634067072304,-3.909329093669811e-05,21.050750168267214,2.5060659871617856,0.5704145399372155,,,
R2,Seasonal,0.6555011151581365,0.9583271705842069,0.0,48,50,48.0,96.0,500,0.0,0.0,25.19380842556144,8.95686049728955,0.7839928877958029,,,
R3,Stationary_AR,0.121671685207556,0.2609597706876635,0.0,None,31,,,500,0.0,0.0,0.0,0.0,5.0,0.6111738269371203,,
R4,Trending_RandomWalkDrift,0.9972472199125294,0.22726626494377078,0.0,None,24,,,500,,,0.0,0.0,1.1598294768463973,,,0.11527793451164543
R1,Composite,0.9987979650025426,0.9782228245105912,0.0,12,12,12.0,24.0,500,0.39175186038628407,2.8114502853101886e-05,19.261765584113846,5.461999740561067,0.7499611479505883,,,
R2,Seasonal,0.6053170149233691,0.9778827449256399,0.0,12,12,12.0,24.0,500,0.0,0.0,20.64220195093832,4.3918157136461495,1.9010007324090594,,,
R3,Stationary_WN,0.19833060802088598,0.11076030428633221,0.0,None,2,,,500,0.0,0.0,0.0,0.0,6.312739381588596,,,
R4,Trending_ExponentialGrowth,0.9968869504284611,0.29345087156057303,0.0,None,24,,,500,,,0.0,0.0,1.4549526163050936,,,
R1,Composite,0.998661501335277,0.969632699671624,0.0,24,24,24.0,48.0,500,-0.35148072189970037,1.9940907363846316e-05,14.254058876238858,4.47419817036635,0.7285259417022714,,,
R2,Seasonal,0.6747172196719672,0.9760919559679659,0.0,24,24,24.0,48.0,500,0.0,0.0,21.79752608644774,5.857304958937241,1.1262337030548668,,,
R3,Stationary_WN,0.15718732291841608,0.10631756748474763,0.0,None,2,,,500,0.0,0.0,0.0,0.0,7.9566811883472415,,,
R4,Trending_ExponentialGrowth,0.9963774290103993,0.25126402524353486,0.0,None,24,,,500,,,0.0,0.0,1.3909219326144509,,,
R1,Composite,0.9990984116960203,0.9881782158128617,0.0,12,12,12.0,24.0,500,0.3717022997369136,-4.89376688540482e-05,19.51789172151512,3.83726798021811,0.8484875143314322,,,
R2,Seasonal,0.048113291018889726,0.9808907331439985,0.0,12,24,12.0,24.0,500,0.0,0.0,10.199402146295402,9.983654626447727,1.7374547231283035,,,
R3,Stationary_WN,0.30468297166243263,0.1433509501352055,0.0,None,2,,,500,0.0,0.0,0.0,0.0,14.138886411020838,,,
R4,Trending_RandomWalkDrift,0.9859804899066924,0.16821074865694274,0.0,None,24,,,500,,,0.0,0.0,1.2474453205072276,,,0.21052416675513405
R1,Composite,0.997457384509199,0.9242818849401924,0.0,12,12,12.0,24.0,500,0.34763014054677266,3.7993644437675966e-05,13.20534397344894,7.487206887136887,0.5058674249014931,,,
R2,Seasonal,0.7368657756925956,0.8660111135251798,0.0,12,12,12.0,24.0,500,0.0,0.0,10.474742441427928,8.102852649941326,1.029600392787258,,,
R3,Stationary_AR,0.17819148260099937,0.3344752801133054,0.0,None,26,,,500,0.0,0.0,0.0,0.0,5.0,0.5383657154718271,,
R4,Trending_RandomWalkDrift,0.997078776371502,0.12877012588995584,0.0,None,24,,,500,,,0.0,0.0,0.6996704491795419,,,0.23867742865006286
R1,Composite,0.9877856550560993,0.9623108201403788,0.0,24,24,24.0,48.0,500,0.13089201771318304,4.96295736717088e-05,18.027093858029723,6.4960093883466,0.6959851940071797,,,
R2,Seasonal,0.694907237209641,0.9499209861692932,0.0,24,24,24.0,48.0,500,0.0,0.0,16.02162888059264,6.576686715990168,0.9164317379735829,,,
R3,Stationary_WN,0.19095942590905723,0.08157172329200502,0.0,None,3,,,500,0.0,0.0,0.0,0.0,7.773899524039699,,,
R4,Trending_MeanShift,0.9997490582447981,0.999003151830295,0.0,None,250,,,500,,,0.0,0.0,1.2381247730605922,,250.0,
R1,Composite,0.9970198983936885,0.9655688548235916,0.0,36,36,36.0,72.0,500,-0.25275546317799924,1.4877535049221762e-05,14.51835238908189,4.959779315978139,0.734833230947643,,,
R2,Seasonal,0.7155128831787692,0.948134022918159,0.0,36,36,36.0,72.0,500,0.0,0.0,20.642175227829256,9.067825754244783,0.8120034193390029,,,
R3,Stationary_AR,0.17448624625111386,0.3526329668296838,0.0,None,31,,,500,0.0,0.0,0.0,0.0,5.0,0.6288457846020048,,
R4,Trending_RandomWalkDrift,0.9982605836464954,0.06359364681311686,0.0,None,24,,,500,,,0.0,0.0,1.3085791932081754,,,0.4585556419498614
R1,Composite,0.997817947474388,0.9215655433390939,0.0,24,24,24.0,48.0,500,-0.3839240829367957,-3.1108368205304626e-05,12.879942410208887,6.591604500019926,1.0839312836563613,,,
R2,Seasonal,0.6885423587483768,0.9731935816751118,0.0,24,24,24.0,48.0,500,0.0,0.0,15.389839199048161,4.499105407238856,0.6450915693999553,,,
R3,Stationary_AR,0.11254042724627544,0.27982803155775393,0.0,None,71,,,500,0.0,0.0,0.0,0.0,5.0,0.6657631782243254,,
R4,Trending_MeanShift,0.9999647719299715,0.999858899928727,0.0,None,250,,,500,,,0.0,0.0,1.1684273541963672,,250.0,
R1,Composite,0.9990179777997221,0.9683136669912011,0.0,24,24,24.0,48.0,500,0.36440662788453915,-4.3035177585976974e-05,11.97399553588586,2.1881669646622495,1.4671095482254874,,,
R2,Seasonal,0.7060640922270565,0.940006824033121,0.0,24,24,24.0,48.0,500,0.0,0.0,23.0412340957448,10.83590683138776,0.8682135260909172,,,
R3,Stationary_WN,0.1719037713420707,0.214585062333428,0.0,None,4,,,500,0.0,0.0,0.0,0.0,5.726889488896594,,,
R4,Trending_ExponentialGrowth,0.9632940351377105,0.2481230369624946,0.0,None,24,,,500,,,0.0,0.0,1.4059283580303292,,,
R1,Composite,0.9973423563533214,0.8663689483465931,0.0,36,36,36.0,72.0,500,0.3545334230009922,2.1639175760704284e-05,9.80775502900088,7.181455409245949,0.6991402846289316,,,
R2,Seasonal,0.5730238676896087,0.9267104699603429,0.0,36,36,36.0,72.0,500,0.0,0.0,10.33963832925381,4.014500287187339,1.6035292015829186,,,
R3,Stationary_AR,0.2571055744134536,0.12985360752249364,0.0,None,7,,,500,0.0,0.0,0.0,0.0,5.0,0.45119182367868,,
R4,Trending_RandomWalkDrift,0.9563580297400172,0.9554147942839738,0.0,None,250,,,500,,,0.0,0.0,0.5505330806373031,,,0.10345071410056544
R1,Composite,0.9959240246282877,0.9717865514446801,0.0,48,50,48.0,96.0,500,-0.2561417440813647,3.8854951951693604e-05,17.948719014794523,4.670267779832724,0.7761190396278492,,,
R2,Seasonal,0.009442623072297485,0.9708276592587056,0.0,48,100,48.0,96.0,500,0.0,0.0,10.435116302168343,10.070803687167494,1.5594781408444878,,,
R3,Stationary_WN,0.006181117887933407,0.21188199870194646,0.0,None,28,,,500,0.0,0.0,0.0,0.0,12.126194219018107,,,
R4,Trending_RandomWalkDrift,0.9981644413251102,0.24390706987008193,0.0,None,24,,,500,,,0.0,0.0,0.9257868252868883,,,-0.406335923277112
R1,Composite,0.9896608725953172,0.8763052986091541,0.0,48,50,48.0,96.0,500,-0.17685373813903194,-1.77736072070836e-05,10.189971783575462,6.310985323023008,1.1582454331663952,,,
R2,Seasonal,0.6825145350433399,0.8975411187193351,0.0,48,50,48.0,96.0,500,0.0,0.0,18.76050170483185,11.232802803737513,0.8264044528906669,,,
R3,Stationary_WN,0.3004177975222716,0.15235439107002102,0.0,None,2,,,500,0.0,0.0,0.0,0.0,6.215141608556468,,,
R4,Trending_MeanShift,0.9999854720751915,0.9999418862506406,0.0,None,250,,,500,,,0.0,0.0,0.6144617878639825,,250.0,
R1,Composite,0.9970157643264174,0.9909448306917052,0.0,24,24,24.0,48.0,500,0.15553118824233347,4.3852247487410346e-05,20.797903174129473,2.122576986507111,1.3367552112710746,,,
R2,Seasonal,0.703740940957847,0.9253978119193953,0.0,24,24,24.0,48.0,500,0.0,0.0,21.337525059291437,11.39424841834637,0.9923952759402805,,,
R3,Stationary_AR,0.06993231346182904,0.3143846427759648,0.0,None,36,,,500,0.0,0.0,0.0,0.0,5.0,0.6400201538609573,,
R4,Trending_RandomWalkDrift,0.9895473708905538,0.6471710218443134,0.0,None,250,,,500,,,0.0,0.0,0.50537423950218,,,-0.4810962120231076
R1,Composite,0.9973780299218541,0.9824726909898617,0.0,36,36,36.0,72.0,500,-0.27406100465318806,4.7099559824666764e-05,19.68825718752118,4.898176911426969,0.5829502705315974,,,
R2,Seasonal,0.6903192055427486,0.7795674971798638,0.0,36,36,36.0,72.0,500,0.0,0.0,11.274039386406622,10.690439876081193,1.6960380052669226,,,
R3,Stationary_AR,0.07337773185760743,0.1385991623448254,0.0,None,33,,,500,0.0,0.0,0.0,0.0,5.0,0.676818444221126,,
R4,Trending_MeanShift,0.9999723134373443,0.9998889143413335,0.0,None,250,,,500,,,0.0,0.0,0.9729861208075474,,250.0,
R1,Composite,0.9985517240898703,0.973618851725715,0.0,12,12,12.0,24.0,500,0.3051271424476405,-1.883773565790108e-05,13.862097755575856,3.3595743953322934,1.2333540017444218,,,
R2,Seasonal,0.7310247210280745,0.9637725032422005,0.0,12,12,12.0,24.0,500,0.0,0.0,25.29106235721943,9.37300203749713,1.6605771830980083,,,
R3,Stationary_WN,0.12293784432650112,0.11276389779220353,0.0,None,4,,,500,0.0,0.0,0.0,0.0,6.712653705866831,,,
R4,Trending_ExponentialGrowth,0.9991003958074771,0.26568765010113216,0.0,None,24,,,500,,,0.0,0.0,0.5395910870910365,,,
R1,Composite,0.9905461203245962,0.969841529441134,0.0,36,36,36.0,72.0,500,-0.11516709395872485,-4.812407834016094e-05,16.05437618957532,4.850110486782088,1.0811141320107904,,,
R2,Seasonal,0.7132614594202689,0.972761158661723,0.0,36,36,36.0,72.0,500,0.0,0.0,28.597512299793507,9.04765687739962,0.874017740217961,,,
R3,Stationary_AR,0.016823551466002562,0.3662180983694524,0.0,None,125,,,500,0.0,0.0,0.0,0.0,5.0,0.6535942867447089,,
R4,Trending_RandomWalkDrift,0.9769708216057156,0.1105820953632306,0.0,None,24,,,500,,,0.0,0.0,1.3661006469768697,,,0.44171587454526506
R1,Composite,0.9958566455677006,0.9081779454800951,0.0,36,36,36.0,72.0,500,0.33789279237343406,-4.3907440799845415e-05,13.09180091830235,7.840888653760405,0.7192853345880935,,,
R2,Seasonal,0.7123939797639307,0.9457240361685977,0.0,36,36,36.0,72.0,500,0.0,0.0,26.01380854018653,11.695008140163253,1.0657386090567365,,,
R3,Stationary_AR,0.1685368298546963,0.1877887373966246,0.0,None,10,,,500,0.0,0.0,0.0,0.0,5.0,0.45953237891172044,,
R4,Trending_MeanShift,0.9999601313075853,0.9998407248039562,0.0,None,250,,,500,,,0.0,0.0,0.8046077367869863,,250.0,
R1,Composite,0.993923616661629,0.9811269247552865,0.0,24,24,24.0,48.0,500,0.13007188862532781,3.461435335735698e-05,17.020864352028973,3.773537316756644,1.022207416720766,,,
R2,Seasonal,0.6829077048110828,0.9541733137687758,0.0,24,24,24.0,48.0,500,0.0,0.0,24.572552068037798,9.54665791064333,1.5570588212312986,,,
R3,Stationary_WN,0.1290304428996608,0.2529310446549673,0.0,None,6,,,500,0.0,0.0,0.0,0.0,6.042320557221354,,,
R4,Trending_ExponentialGrowth,0.9996471235562271,0.1979329795629844,0.0,None,24,,,500,,,0.0,0.0,0.7272688081560258,,,
R1,Composite,0.998357885771651,0.9706753382505748,0.0,24,24,24.0,48.0,500,-0.3688102326764108,-1.3839095773924438e-05,17.633857894239465,5.258733586685642,1.019363725105935,,,
R2,Seasonal,0.6812239861963237,0.9445574898277885,0.0,24,24,24.0,48.0,500,0.0,0.0,10.520259850126328,4.447017121469799,0.7607338188262966,,,
R3,Stationary_AR,0.07155344179086243,0.26160150741514576,0.0,None,31,,,500,0.0,0.0,0.0,0.0,5.0,0.43748194400305224,,
R4,Trending_RandomWalkDrift,0.9917251284189076,0.0,0.0,None,24,,,500,,,0.0,0.0,1.311660659254573,,,-0.2654853990023125
R1,Composite,0.9981754141634572,0.9154619769098105,0.0,12,12,12.0,24.0,500,0.38799458213852367,2.6189245656165436e-05,11.508269952955047,6.78508512003298,0.9301940054419269,,,
R2,Seasonal,0.7279548602455218,0.9649071576845888,0.0,12,12,12.0,24.0,500,0.0,0.0,21.785367107949565,7.801526760876323,1.3240927296370932,,,
R3,Stationary_AR,0.23586881564177642,0.31273515976245025,0.0,None,20,,,500,0.0,0.0,0.0,0.0,5.0,0.6136560648177385,,
R4,Trending_MeanShift,0.9999032550441365,0.9996149946004059,0.0,None,250,,,500,,,0.0,0.0,1.2001352813482866,,250.0,
R1,Composite,0.9846572128095609,0.9321755618846784,0.0,48,50,48.0,96.0,500,0.18266112558305925,-1.518745440659921e-05,17.15256501833551,7.4257035602416686,1.0634221298862783,,,
R2,Seasonal,0.36752207313882634,0.9718491725846509,0.0,48,50,48.0,96.0,500,0.0,0.0,27.701501909640484,4.921636081892409,1.8167442729483372,,,
R3,Stationary_AR,0.26031439616043206,0.33029612616151216,0.0,None,16,,,500,0.0,0.0,0.0,0.0,5.0,0.542307175943302,,
R4,Trending_ExponentialGrowth,0.9889750487462001,0.2345813448145937,0.0,None,24,,,500,,,0.0,0.0,0.9307992864039867,,,
R1,Composite,0.9991938555010025,0.989655524528048,0.0,12,12,12.0,24.0,500,-0.28955606000763556,-3.636293706770008e-05,17.408961810031748,2.381161664023052,1.0443245301278146,,,
R2,Seasonal,0.7154655022376195,0.875029227083561,0.0,12,12,12.0,24.0,500,0.0,0.0,10.113806797616895,6.92765250190699,1.3488590186001834,,,
R3,Stationary_AR,0.21087355076689374,0.35356363274427527,0.0,None,24,,,500,0.0,0.0,0.0,0.0,5.0,0.5247746959575889,,
R4,Trending_RandomWalkDrift,0.9870907541545467,0.2667064777757503,0.0,None,250,,,500,,,0.0,0.0,1.1600574297720398,,,-0.44870250721033333
R1,Composite,0.9989372620204272,0.9791810058815699,0.0,12,24,12.0,24.0,500,-0.26780341082321335,4.353842624225533e-05,8.13420339919939,7.461823592994959,1.350138505038915,,,
R2,Seasonal,0.7523228906784554,0.9690821380015203,0.0,12,12,12.0,24.0,500,0.0,0.0,26.907899043299086,9.5920337738273,0.597963287547726,,,
R3,Stationary_AR,0.0625885448205068,0.3033028981823006,0.0,None,33,,,500,0.0,0.0,0.0,0.0,5.0,0.5898723141471819,,
R4,Trending_RandomWalkDrift,0.9970771626971847,0.2602141093230388,0.0,None,24,,,500,,,0.0,0.0,0.579625749589523,,,0.31268254441791576
R1,Composite,0.9974633136318984,0.9643113988855267,0.0,12,12,12.0,24.0,500,0.2207718975779072,-4.23654177100081e-05,10.626638820213342,2.413738881438621,1.2499076771822826,,,
R2,Seasonal,0.7295631379064338,0.9307670524489551,0.0,12,12,12.0,24.0,500,0.0,0.0,20.38157277468568,10.676937650968092,1.8489003066136016,,,
R3,Stationary_WN,0.07987206039942563,0.14241399318281023,0.0,None,5,,,500,0.0,0.0,0.0,0.0,9.728768089804365,,,
R4,Trending_RandomWalkDrift,0.9971986753060165,0.8908962347903818,0.0,None,250,,,500,,,0.0,0.0,1.3602452276035994,,,-0.42925017927056264
R1,Composite,0.9943165084641145,0.938060399718916,0.0,48,50,48.0,96.0,500,-0.3221647929032154,2.0352501263021973e-05,18.420702714304518,7.623000203309943,1.2350069808552064,,,
R2,Seasonal,0.3471575130525971,0.9720455243719482,0.0,48,50,48.0,96.0,500,0.0,0.0,29.216465919981985,5.291697336515515,1.3253538730596406,,,
R3,Stationary_WN,0.05319215935667976,0.2325631042373928,0.0,None,11,,,500,0.0,0.0,0.0,0.0,8.146750106476206,,,
R4,Trending_ExponentialGrowth,0.9986686315755408,0.2813091486907725,0.0,None,24,,,500,,,0.0,0.0,1.4869044980614403,,,
R1,Composite,0.9921580184132236,0.9737546019831959,0.0,48,50,48.0,96.0,500,-0.2039107377864964,-1.310901242660068e-05,22.952129117694007,5.6727103624077975,1.1480201025269767,,,
R2,Seasonal,0.5949178778797357,0.967128707993041,0.0,48,50,48.0,96.0,500,0.0,0.0,22.892178119249614,6.22406165761943,1.531640150512564,,,
R3,Stationary_WN,0.06318766812286769,0.16000221227970213,0.0,None,8,,,500,0.0,0.0,0.0,0.0,8.456073966358439,,,
R4,Trending_RandomWalkDrift,0.9914347940530294,0.3354338795578635,0.0,None,125,,,500,,,0.0,0.0,0.5264666167347855,,,0.4388042771266606
R1,Composite,0.9971431869546811,0.851137237291625,0.0,48,50,48.0,96.0,500,0.3194984333584816,-3.5508098269058024e-05,8.063213023093885,3.2251854590422475,1.4640473071217206,,,
R2,Seasonal,0.6431079161191147,0.9380935784894425,0.0,48,50,48.0,96.0,500,0.0,0.0,22.234313901182265,9.391634515912703,1.356147985726782,,,
R3,Stationary_AR,0.29712910831175743,0.25629813419176417,0.0,None,12,,,500,0.0,0.0,0.0,0.0,5.0,0.5298333054774543,,
R4,Trending_MeanShift,0.9999350470511199,0.999739327609427,0.0,None,250,,,500,,,0.0,0.0,1.2964525447628423,,250.0,
R1,Composite,0.9994522721608751,0.9954260916728765,0.0,12,12,12.0,24.0,500,0.3360625612364445,3.6095241564509436e-05,24.91264401561646,3.2213126839567057,0.5208188902256359,,,
R2,Seasonal,0.6880158808241224,0.9562441206188033,0.0,12,12,12.0,24.0,500,0.0,0.0,21.38226848552557,7.875417359681171,1.9850529729568644,,,
R3,Stationary_AR,0.1314871093409501,0.2641075807938431,0.0,None,24,,,500,0.0,0.0,0.0,0.0,5.0,0.4184069622115903,,
R4,Trending_ExponentialGrowth,0.9907406886344351,0.22623411167727725,0.0,None,24,,,500,,,0.0,0.0,0.9105463579047377,,,
R1,Composite,0.9988044286253073,0.9832021736555572,0.0,12,12,12.0,24.0,500,0.32416631018266384,2.0857851573542233e-05,18.08503272449306,4.391600931139291,0.7442375986312812,,,
R2,Seasonal,0.7322600027602344,0.9678827821185219,0.0,12,12,12.0,24.0,500,0.0,0.0,27.690019374880766,9.60706939193021,1.492540078478617,,,
R3,Stationary_WN,0.1286583765596272,0.13153115171358898,0.0,None,3,,,500,0.0,0.0,0.0,0.0,9.028429978554218,,,
R4,Trending_ExponentialGrowth,0.9760931790337704,0.23674002589828058,0.0,None,24,,,500,,,0.0,0.0,1.085489443633172,,,
R1,Composite,0.9962127753799148,0.9888487907943883,0.0,24,24,24.0,48.0,500,0.1923082288121607,1.804974598924344e-05,23.969795560071802,3.3141031026466687,1.425723415232644,,,
R2,Seasonal,0.664682437410109,0.9202126688219447,0.0,24,24,24.0,48.0,500,0.0,0.0,16.26549807620438,8.364006647401364,1.7633519709050174,,,
R3,Stationary_AR,0.23346679958279426,0.26949599600545693,0.0,None,18,,,500,0.0,0.0,0.0,0.0,5.0,0.5661879873942129,,
R4,Trending_MeanShift,0.9995199012457716,0.9980918770227365,0.0,None,250,,,500,,,0.0,0.0,1.4787263369926213,,250.0,
R1,Composite,0.993550270227435,0.9711359760278123,0.0,24,24,24.0,48.0,500,-0.1721033234939906,-3.4938838435196816e-05,17.86633383734521,4.80663210439365,1.2759104431614416,,,
R2,Seasonal,0.6944752655716853,0.977607328870552,0.0,24,24,24.0,48.0,500,0.0,0.0,29.670489745583414,8.223926313875875,1.0124939159983335,,,
R3,Stationary_AR,0.12307831318846985,0.3608641942596117,0.0,None,29,,,500,0.0,0.0,0.0,0.0,5.0,0.4207052722518776,,
R4,Trending_MeanShift,0.9999817298796024,0.9999269551860004,0.0,None,250,,,500,,,0.0,0.0,0.6824034820976093,,250.0,
R1,Composite,0.984448622001342,0.9833829832313672,0.0,12,12,12.0,24.0,500,0.10060608328930966,-3.116883936759069e-05,17.02350612430356,4.0406320856280695,0.766316971470884,,,
R2,Seasonal,0.7223743015344901,0.9796417032350161,0.0,12,12,12.0,24.0,500,0.0,0.0,18.845869044174627,5.019768606137875,0.7977580088365037,,,
R3,Stationary_WN,0.22092439975101164,0.13880449092028713,0.0,None,2,,,500,0.0,0.0,0.0,0.0,8.2816230267536,,,
R4,Trending_MeanShift,0.9996784489329567,0.9987290428961954,0.0,None,250,,,500,,,0.0,0.0,1.3120066884374162,,250.0,
R1,Composite,0.994961305658853,0.9620439526296001,0.0,36,36,36.0,72.0,500,-0.1935986076817312,-4.9536868705392866e-05,16.020851642781977,5.862642998139661,0.7903185893214543,,,
R2,Seasonal,0.5853744004178378,0.9633322684081103,0.0,36,36,36.0,72.0,500,0.0,0.0,18.83384453690668,5.502905488180424,1.9283967626193854,,,
R3,Stationary_WN,0.15090984278110564,0.15885200424284085,0.0,None,3,,,500,0.0,0.0,0.0,0.0,14.281961269873145,,,
R4,Trending_ExponentialGrowth,0.986765910051079,0.2068365878109062,0.0,None,24,,,500,,,0.0,0.0,0.8837222350973869,,,
R1,Composite,0.9965273738724251,0.9397584001213869,0.0,24,24,24.0,48.0,500,-0.2871460960464635,-2.4463745294480403e-05,14.004734533123063,6.406636968680019,0.9992506923578179,,,
R2,Seasonal,0.6293703012809282,0.9673858143001257,0.0,24,24,24.0,48.0,500,0.0,0.0,24.284154665454682,7.047577345189205,1.9921085672937404,,,
R3,Stationary_AR,0.2271021977359683,0.20402327929995823,0.0,None,25,,,500,0.0,0.0,0.0,0.0,5.0,0.6881254885878145,,
R4,Trending_ExponentialGrowth,0.9760289889235431,0.2637310945964332,0.0,None,24,,,500,,,0.0,0.0,1.3352685006016438,,,
R1,Composite,0.9977566418191005,0.9249315155224938,0.0,12,12,12.0,24.0,500,0.3385329055790741,-3.329477910198202e-05,10.870808769180993,6.047779643893535,0.7524684009658388,,,
R2,Seasonal,0.7464775363387074,0.9170273942772044,0.0,12,12,12.0,24.0,500,0.0,0.0,17.986664698589383,10.660737339407163,1.0829486589367554,,,
R3,Stationary_AR,0.28409873482405545,0.2825993871162229,0.0,None,11,,,500,0.0,0.0,0.0,0.0,5.0,0.42488945683940893,,
R4,Trending_RandomWalkDrift,0.9975967563184248,0.0036936554167807945,0.0,None,24,,,500,,,0.0,0.0,0.7603536331927471,,,0.4890281918972966
R1,Composite,0.999421005682514,0.9759878766144179,0.0,48,100,48.0,96.0,500,-0.35740398806368767,-4.844390725534549e-05,8.690129121602435,7.9592061263205185,0.84799929432849,,,
R2,Seasonal,0.6498368707914842,0.8898615111396952,0.0,48,50,48.0,96.0,500,0.0,0.0,13.680183190319642,8.137155122934864,1.4571177246802973,,,
R3,Stationary_AR,0.24164750319859485,0.2823453905215789,0.0,None,14,,,500,0.0,0.0,0.0,0.0,5.0,0.46631283568075566,,
R4,Trending_MeanShift,0.999970615518505,0.9998821496317966,0.0,None,250,,,500,,,0.0,0.0,1.0386577645726462,,250.0,
R1,Composite,0.9992143348576142,0.9423872843534423,0.0,12,12,12.0,24.0,500,0.3820684306179055,4.368119224687242e-05,9.331467684543963,3.9112420056239747,1.0166995995207384,,,
R2,Seasonal,0.7397715765111401,0.9693566080132626,0.0,12,12,12.0,24.0,500,0.0,0.0,14.388918285064868,4.8876608999267965,0.6912313026845185,,,
R3,Stationary_WN,0.2801242931162591,0.1942596276336248,0.0,None,3,,,500,0.0,0.0,0.0,0.0,7.474796310259056,,,
R4,Trending_MeanShift,0.9999577394679509,0.9998313133722135,0.0,None,250,,,500,,,0.0,0.0,0.7487377106678994,,250.0,
R1,Composite,0.9889811156830823,0.9732470101161891,0.0,24,24,24.0,48.0,500,0.1011682943094588,4.542721341982799e-05,16.276975875317156,4.327420571420416,1.0737143781668,,,
R2,Seasonal,0.6643713228492345,0.9636961798351192,0.0,24,24,24.0,48.0,500,0.0,0.0,23.5863062703187,7.694896854721634,1.7790018665036043,,,
R3,Stationary_AR,0.3984084000384651,0.2705674706903214,0.0,None,14,,,500,0.0,0.0,0.0,0.0,5.0,0.6965966187692904,,
R4,Trending_RandomWalkDrift,0.9960233398168317,0.9271808436426735,0.0,None,250,,,500,,,0.0,0.0,0.5262514766173373,,,0.168645521619685
R1,Composite,0.9989406455943164,0.975636157898643,0.0,24,24,24.0,48.0,500,-0.33977343414641137,-3.844818373827995e-05,15.059642281272641,3.471252387612495,1.000912266518442,,,
R2,Seasonal,0.6889429258247655,0.9719876627948051,0.0,24,24,24.0,48.0,500,0.0,0.0,15.40045079087799,4.663769051107887,0.641128034185206,,,
R3,Stationary_AR,0.057428168430210036,0.19323682548198406,0.0,None,56,,,500,0.0,0.0,0.0,0.0,5.0,0.5645104172398989,,
R4,Trending_ExponentialGrowth,0.997042595155334,0.21292496812631168,0.0,None,24,,,500,,,0.0,0.0,1.1069601011003865,,,
R1,Composite,0.9960185631755716,0.9359347937260584,0.0,36,36,36.0,72.0,500,-0.1891292274244134,-3.372580015491466e-05,10.149162041311865,4.950695812964389,0.6527825014541726,,,
R2,Seasonal,0.6937253612736276,0.9520658828483318,0.0,36,36,36.0,72.0,500,0.0,0.0,23.00766476181639,9.361436034698627,1.5944868325568091,,,
R3,Stationary_WN,0.10333608696472696,0.16887097175881582,0.0,None,4,,,500,0.0,0.0,0.0,0.0,13.920148481594186,,,
R4,Trending_MeanShift,0.9998947537452044,0.9995765161197883,0.0,None,250,,,500,,,0.0,0.0,1.1545863127565434,,250.0,
R1,Composite,0.9966411043642237,0.9289641451754401,0.0,36,36,36.0,72.0,500,0.2419245443441953,1.106725312189744e-05,10.607408759176522,5.506170748388939,0.5036507758850922,,,
R2,Seasonal,0.6913419038498891,0.8950134211168724,0.0,36,36,36.0,72.0,500,0.0,0.0,18.713369929259493,11.613323098192222,1.8481393891623272,,,
R3,Stationary_WN,0.1321688777364045,0.17063161827441142,0.0,None,5,,,500,0.0,0.0,0.0,0.0,8.724036260043516,,,
R4,Trending_MeanShift,0.9999677136356452,0.9998709256209455,0.0,None,250,,,500,,,0.0,0.0,0.7056754929198777,,250.0,
R1,Composite,0.9974300167678571,0.960962913139974,0.0,24,24,24.0,48.0,500,-0.3961786564832944,4.1956222377412264e-05,19.167375935771958,6.832892653530386,1.070470024305723,,,
R2,Seasonal,0.7065419087465694,0.9735091929857882,0.0,24,24,24.0,48.0,500,0.0,0.0,25.908837094677363,8.012715217294742,0.6891212902927919,,,
R3,Stationary_WN,0.014519721854366674,0.24667376400570162,0.0,None,83,,,500,0.0,0.0,0.0,0.0,5.741736231798625,,,
R4,Trending_MeanShift,0.9999724236286938,0.999889840245568,0.0,None,250,,,500,,,0.0,0.0,0.8006577166642422,,250.0,
R1,Composite,0.9982703702254815,0.9733985753841884,0.0,24,24,24.0,48.0,500,-0.3178960781035318,3.322230183876501e-05,15.327148872819809,2.7612832276642214,1.4262919320158784,,,
R2,Seasonal,0.6742025430546117,0.9781990352100408,0.0,24,24,24.0,48.0,500,0.0,0.0,24.411508421309613,6.27474475143269,1.2944527422869014,,,
R3,Stationary_AR,0.18392483645174462,0.22641829970766303,0.0,None,16,,,500,0.0,0.0,0.0,0.0,5.0,0.46615973635312846,,
R4,Trending_RandomWalkDrift,0.9950227289271038,0.07593761508193486,0.0,None,24,,,500,,,0.0,0.0,0.6260631436483013,,,0.3210784492874823
R1,Composite,0.9938203001374656,0.972026411409767,0.0,12,12,12.0,24.0,500,-0.24447267246828294,2.681123484734893e-05,22.211057113932902,7.519210512404339,0.5015920979968327,,,
R2,Seasonal,0.7093392029799768,0.9814949558136855,0.0,12,12,12.0,24.0,500,0.0,0.0,23.312186401878748,5.64830326907062,1.2719269503514425,,,
R3,Stationary_AR,0.21614513317626527,0.2795114327452898,0.0,None,21,,,500,0.0,0.0,0.0,0.0,5.0,0.5449982716686593,,
R4,Trending_MeanShift,0.9999691699091863,0.999877084246392,0.0,None,250,,,500,,,0.0,0.0,0.8958264830553258,,250.0,
R1,Composite,0.9953616374268912,0.9334047205964108,0.0,24,24,24.0,48.0,500,-0.19803604548860732,4.092211308061337e-05,9.084514257943226,4.355952762996499,0.8221969202012916,,,
R2,Seasonal,0.673148650823407,0.9445643694003397,0.0,24,24,24.0,48.0,500,0.0,0.0,15.591992578226678,6.599355661773014,1.2090140883849076,,,
R3,Stationary_AR,0.12735224222635755,0.45871495051351907,0.0,None,71,,,500,0.0,0.0,0.0,0.0,5.0,0.5910018848643754,,
R4,Trending_RandomWalkDrift,0.9958848775472818,0.9034942765394983,0.0,None,250,,,500,,,0.0,0.0,0.5056546347394193,,,0.1733327567747341
R1,Composite,0.9988827270997953,0.9385601483092578,0.0,36,36,36.0,72.0,500,-0.34225733268897607,-4.518952076723993e-05,9.786934031933189,3.4829651420223913,1.2216036232513112,,,
R2,Seasonal,0.6744429757668449,0.9785256196345924,0.0,36,36,36.0,72.0,500,0.0,0.0,24.621482925667006,6.200369215359565,1.329309487576385,,,
R3,Stationary_WN,0.13158354389717286,0.21786316827416063,0.0,None,8,,,500,0.0,0.0,0.0,0.0,8.091884721893152,,,
R4,Trending_MeanShift,0.9999884694709863,0.9999538477354603,0.0,None,250,,,500,,,0.0,0.0,0.6350577713020744,,250.0,
R1,Composite,0.9991923869176635,0.977150593920731,0.0,36,36,36.0,72.0,500,-0.3308386066651767,-3.311183296167602e-05,13.14249260472311,3.3521175365210105,0.7553986568067526,,,
R2,Seasonal,0.7145256568040649,0.9498786080087496,0.0,36,36,36.0,72.0,500,0.0,0.0,20.438181476545783,8.862053396758562,0.7231667878812689,,,
R3,Stationary_AR,0.2417520092863008,0.2959447922459786,0.0,None,11,,,500,0.0,0.0,0.0,0.0,5.0,0.41856984844941963,,
R4,Trending_ExponentialGrowth,0.9972360071257701,0.28842631451950007,0.0,None,24,,,500,,,0.0,0.0,1.4988220114978095,,,
R1,Composite,0.9970623190471845,0.9613671924128672,0.0,48,50,48.0,96.0,500,-0.2555551371382505,-4.239636961871948e-05,15.126428500647405,4.990924455346142,0.6117604107729128,,,
R2,Seasonal,0.6552505723253639,0.9138368554991888,0.0,48,50,48.0,96.0,500,0.0,0.0,15.963839520053476,8.257204691333136,1.3404262689649713,,,
R3,Stationary_WN,0.06883025159323619,0.28521546479063054,0.0,None,11,,,500,0.0,0.0,0.0,0.0,8.339716817585554,,,
R4,Trending_MeanShift,0.9999861459338283,0.9999446317087678,0.0,None,250,,,500,,,0.0,0.0,0.5316679657835897,,250.0,
R1,Composite,0.999560426367629,0.9945015550165933,0.0,12,12,12.0,24.0,500,0.35025378118320294,-1.1238898719442578e-05,19.793944860592216,2.207041460525401,0.7547254050820927,,,
R2,Seasonal,0.7296210229742617,0.9570540811807006,0.0,12,12,12.0,24.0,500,0.0,0.0,23.40043285521952,9.342509173686391,1.6917830061715975,,,
R3,Stationary_AR,0.21140732211362046,0.1726233443443529,0.0,None,12,,,500,0.0,0.0,0.0,0.0,5.0,0.4331542664977617,,
R4,Trending_MeanShift,0.9999689473817344,0.9998754202271678,0.0,None,250,,,500,,,0.0,0.0,1.1692489026064337,,250.0,
R1,Composite,0.992738759910889,0.8725962272146194,0.0,12,12,12.0,24.0,500,0.24339191748472241,-3.568974227122294e-05,10.331976396521256,7.776569491236165,0.724890018439449,,,
R2,Seasonal,0.7384354895222878,0.9762323604550264,0.0,12,12,12.0,24.0,500,0.0,0.0,16.410803337123347,4.876606902249842,0.5742721019076158,,,
R3,Stationary_AR,0.07736500263374957,0.3813378774419359,0.0,None,83,,,500,0.0,0.0,0.0,0.0,5.0,0.43708681417665884,,
R4,Trending_ExponentialGrowth,0.994603398963536,0.24341007628453848,0.0,None,24,,,500,,,0.0,0.0,1.43481444487655,,,
R1,Composite,0.9982111659143067,0.990363558110793,0.0,12,12,12.0,24.0,500,-0.29667853484191165,4.9070958944660505e-05,23.914169864137335,3.041568324399389,1.32338415657604,,,
R2,Seasonal,0.7523178004076783,0.915413714629755,0.0,12,12,12.0,24.0,500,0.0,0.0,15.250376533612984,9.286961014940774,0.585918183482735,,,
R3,Stationary_AR,0.3455557762239674,0.26133924172915524,0.0,None,7,,,500,0.0,0.0,0.0,0.0,5.0,0.49096891372346,,
R4,Trending_MeanShift,0.9998957160843411,0.9995844235030249,0.0,None,250,,,500,,,0.0,0.0,1.1346847255344534,,250.0,
R1,Composite,0.9934877364412544,0.9557726535010166,0.0,12,12,12.0,24.0,500,-0.21488123648600066,-1.2588690320962149e-05,17.093306644605917,6.714039440137917,1.2543965666662416,,,
R2,Seasonal,0.7532550364456405,0.9769586597278457,0.0,12,12,12.0,24.0,500,0.0,0.0,29.802052523142983,9.179533374715234,0.570350278434929,,,
R3,Stationary_WN,0.14414481129700574,0.19648574867309587,0.0,None,3,,,500,0.0,0.0,0.0,0.0,5.132982336840392,,,
R4,Trending_RandomWalkDrift,0.9956944386979887,0.10765483377672347,0.0,None,24,,,500,,,0.0,0.0,0.7583808136040642,,,0.3075284362521894
R1,Composite,0.9892722899105871,0.9758350904490305,0.0,36,36,36.0,72.0,500,-0.15524543051647435,-2.991869503653588e-05,23.44058687036894,6.956118499518237,0.6841196230052714,,,
R2,Seasonal,0.6741434577537814,0.9833688283556168,0.0,36,36,36.0,72.0,500,0.0,0.0,27.203375026190113,6.227956285754796,1.1540964803739868,,,
R3,Stationary_WN,0.1515852673769339,0.16751496954649936,0.0,None,4,,,500,0.0,0.0,0.0,0.0,7.966968104672748,,,
R4,Trending_RandomWalkDrift,0.8902039228976109,0.955839650421897,0.0,None,250,,,500,,,0.0,0.0,0.8943272621139712,,,0.16566232652209117
R1,Composite,0.9942153789539632,0.9783287483823586,0.0,36,36,36.0,72.0,500,0.12285726370296127,-3.765515177961431e-05,10.901644699047736,2.1448843164820603,0.8658979549567669,,,
R2,Seasonal,0.6961189305572316,0.9401113972231471,0.0,36,36,36.0,72.0,500,0.0,0.0,21.52531765675274,9.89565687034604,1.416461150510381,,,
R3,Stationary_WN,0.09395942963209036,0.11931766452620907,0.0,None,3,,,500,0.0,0.0,0.0,0.0,5.791095368394465,,,
R4,Trending_ExponentialGrowth,0.9636301909055732,0.28687449983183566,0.0,None,24,,,500,,,0.0,0.0,1.3328005661515738,,,
R1,Composite,0.9938489937436286,0.9392457713032633,0.0,24,24,24.0,48.0,500,0.22904667427946296,-1.2433662244691393e-05,13.912068844342832,5.890162462545791,1.4461492944130971,,,
R2,Seasonal,0.5040976759652254,0.9596895094847891,0.0,24,24,24.0,48.0,500,0.0,0.0,17.770422428843005,4.649016953884519,1.8354034347789445,,,
R3,Stationary_AR,0.11661666092873635,0.2479366123691179,0.0,None,23,,,500,0.0,0.0,0.0,0.0,5.0,0.41935433803583133,,
R4,Trending_MeanShift,0.9999692537632319,0.9998770018320738,0.0,None,250,,,500,,,0.0,0.0,0.6260664345763186,,250.0,
R1,Composite,0.9987053478937283,0.9855076295421802,0.0,12,12,12.0,24.0,500,-0.3707721703908885,-1.3927333163297966e-05,22.94292047065628,5.255164768240141,0.8992401491153974,,,
R2,Seasonal,0.7111446305179657,0.9568787719573824,0.0,12,12,12.0,24.0,500,0.0,0.0,19.343445796507144,7.459121583547779,1.5566373281294295,,,
R3,Stationary_WN,0.1346118369586724,0.17920960725053559,0.0,None,5,,,500,0.0,0.0,0.0,0.0,8.61443088719174,,,
R4,Trending_ExponentialGrowth,0.9984932720129759,0.23746906740871276,0.0,None,24,,,500,,,0.0,0.0,0.929924841682289,,,
R1,Composite,0.9971825957401168,0.9916078415805373,0.0,36,36,36.0,72.0,500,0.16183712637875866,1.2208932223092371e-05,19.80774452243654,2.68371491840147,0.77227678604289,,,
R2,Seasonal,0.708737517503678,0.9608472354017342,0.0,36,36,36.0,72.0,500,0.0,0.0,19.856498258066758,7.577737295519976,0.7710187489621767,,,
R3,Stationary_WN,0.27282569217949393,0.15141315002288325,0.0,None,2,,,500,0.0,0.0,0.0,0.0,7.212793217594245,,,
R4,Trending_RandomWalkDrift,0.997701915382264,0.9295346739782326,0.0,None,250,,,500,,,0.0,0.0,0.5966332368756694,,,0.32137402421995054
R1,Composite,0.992703905937167,0.9690767813597683,0.0,24,24,24.0,48.0,500,0.2060439721640826,-4.675624937225707e-05,17.917286406094462,5.969537105334419,0.5684907247676366,,,
R2,Seasonal,0.6796349009794365,0.8100113428306205,0.0,24,24,24.0,48.0,500,0.0,0.0,11.751031137969237,10.354884532152653,1.726810304997458,,,
R3,Stationary_WN,0.08345820430841588,0.29595967132089773,0.0,None,13,,,500,0.0,0.0,0.0,0.0,10.50136237222899,,,
R4,Trending_ExponentialGrowth,0.9990891768469667,0.20990297221865784,0.0,None,24,,,500,,,0.0,0.0,0.9011201474534806,,,
R1,Composite,0.9977879148702734,0.9809520793119226,0.0,48,50,48.0,96.0,500,-0.3185918896067231,-2.5620122159258825e-05,22.690294100929535,4.330091281620557,0.7178033419921783,,,
R2,Seasonal,0.6764557949728373,0.8532671452147973,0.0,48,50,48.0,96.0,500,0.0,0.0,15.397325284651323,11.099092171887598,1.3634017197852963,,,
R3,Stationary_AR,0.04661163145545233,0.5824256176723981,0.0,None,167,,,500,0.0,0.0,0.0,0.0,5.0,0.6129236156683281,,
R4,Trending_MeanShift,0.9999029322242404,0.999614600371226,0.0,None,250,,,500,,,0.0,0.0,1.47195550060786,,250.0,
R1,Composite,0.9948988946657197,0.9774659166607591,0.0,12,12,12.0,24.0,500,0.24286986490556847,-3.581919236755395e-05,21.74895745582089,6.191166523525979,1.1290686991085432,,,
R2,Seasonal,0.6979638638894079,0.9777843093930182,0.0,12,12,12.0,24.0,500,0.0,0.0,27.840651605645327,7.2987435251273975,1.6703072793998808,,,
R3,Stationary_WN,0.11910584616302877,0.29834521737189934,0.0,None,5,,,500,0.0,0.0,0.0,0.0,7.211194792580788,,,
R4,Trending_ExponentialGrowth,0.9866498558746237,0.24763743430750085,0.0,None,24,,,500,,,0.0,0.0,0.8495202490550812,,,
R1,Composite,0.996398115413273,0.958705961049531,0.0,12,12,12.0,24.0,500,0.2752225851678868,-2.1965259194133974e-05,15.607837997550043,6.168759050391973,0.8668308286668107,,,
R2,Seasonal,0.6762425928857274,0.9881675454959802,0.0,12,12,12.0,24.0,500,0.0,0.0,24.152465953852115,4.336457303149875,1.221658559213021,,,
R3,Stationary_AR,0.07400707607980817,0.26083668573813046,0.0,None,42,,,500,0.0,0.0,0.0,0.0,5.0,0.45783621357839155,,
R4,Trending_MeanShift,0.9999644649878953,0.9998582410086106,0.0,None,250,,,500,,,0.0,0.0,1.0254880247136926,,250.0,
R1,Composite,0.980101304591911,0.9885061442255717,0.0,48,50,48.0,96.0,500,0.11228890163768439,-4.922948873525981e-05,24.26817169735975,2.9865075259741665,0.6290878814499669,,,
R2,Seasonal,0.6631389817958598,0.8911601783417155,0.0,48,50,48.0,96.0,500,0.0,0.0,16.850903765699805,10.054787609411207,1.363163529218732,,,
R3,Stationary_AR,0.11825907986100881,0.3022671628266924,0.0,None,31,,,500,0.0,0.0,0.0,0.0,5.0,0.411508558330646,,
R4,Trending_RandomWalkDrift,0.977138827343135,0.8086023186392466,0.0,None,250,,,500,,,0.0,0.0,1.1290030210100248,,,-0.4390084253584319
R1,Composite,0.9940429491186342,0.9249745737035491,0.0,12,12,12.0,24.0,500,0.19235649701083543,3.503808219274761e-05,11.510936163199577,6.259261217221806,1.3598104075912567,,,
R2,Seasonal,0.7407017451668662,0.9890930242504162,0.0,12,12,12.0,24.0,500,0.0,0.0,26.228408294407764,5.37950216138133,0.6139261379493788,,,
R3,Stationary_WN,0.04861314386163418,0.2564938088925366,0.0,None,24,,,500,0.0,0.0,0.0,0.0,11.762887394673545,,,
R4,Trending_ExponentialGrowth,0.993021626147732,0.2022484168073685,0.0,None,24,,,500,,,0.0,0.0,0.5701368091380454,,,
R1,Composite,0.9926204830733766,0.950747184099519,0.0,48,50,48.0,96.0,500,0.17279117917755105,1.0279476643645063e-05,13.718437026529894,4.458919966347431,1.3491536431357418,,,
R2,Seasonal,0.6569189912630349,0.9065508295721131,0.0,48,50,48.0,96.0,500,0.0,0.0,20.836915540820534,11.155759075611158,1.6954810296485041,,,
R3,Stationary_WN,0.2504001036460425,0.17101972136645494,0.0,None,2,,,500,0.0,0.0,0.0,0.0,5.970126999937515,,,
R4,Trending_MeanShift,0.9997962921228492,0.9991887162546135,0.0,None,250,,,500,,,0.0,0.0,0.7904569125040607,,250.0,
R1,Composite,0.9885820356563244,0.9553582293987808,0.0,36,36,36.0,72.0,500,0.12313404752104086,-4.623748306575144e-05,10.241168077709869,3.624489383575678,0.8121571018277772,,,
R2,Seasonal,0.6858032889059548,0.9041934972884217,0.0,36,36,36.0,72.0,500,0.0,0.0,17.66148328297873,10.052817018743646,1.9498647417090131,,,
R3,Stationary_AR,0.016952475004645362,0.3472636376463627,0.0,None,83,,,500,0.0,0.0,0.0,0.0,5.0,0.6301247679124329,,
R4,Trending_RandomWalkDrift,0.980304773489152,0.805036608789038,0.0,None,250,,,500,,,0.0,0.0,0.9123235444092757,,,-0.4171499090283979
R1,Composite,0.9982614961263027,0.9907441127454935,0.0,12,12,12.0,24.0,500,-0.18490692067940157,3.1043912084264886e-05,14.965363048613643,2.523261185070151,0.6123353833591333,,,
R2,Seasonal,0.6803786950652315,0.9818425461339572,0.0,12,12,12.0,24.0,500,0.0,0.0,21.513603371082528,4.923532887146072,1.4875919573196952,,,
R3,Stationary_WN,0.07651371713707666,0.22204496738509993,0.0,None,12,,,500,0.0,0.0,0.0,0.0,9.563634510817016,,,
R4,Trending_ExponentialGrowth,0.9987253630113775,0.2587730895260075,0.0,None,24,,,500,,,0.0,0.0,1.4287182442765083,,,
R1,Composite,0.9439555462242042,0.8890758322188941,0.0,24,24,24.0,48.0,500,-0.1014977596280266,4.468941262504329e-05,11.55524905042629,7.323338058229503,1.2799808648376956,,,
R2,Seasonal,0.683850777039382,0.7972615700339316,0.0,24,24,24.0,48.0,500,0.0,0.0,12.11151245764129,11.009401417945995,1.8446782433219933,,,
R3,Stationary_WN,0.09552825503553874,0.2873609279370627,0.0,None,13,,,500,0.0,0.0,0.0,0.0,12.895755197879353,,,
R4,Trending_ExponentialGrowth,0.9832272009297316,0.22957632664473537,0.0,None,24,,,500,,,0.0,0.0,1.1008863030095313,,,
R1,Composite,0.9934896207130709,0.85779524473213,0.0,48,50,48.0,96.0,500,-0.22749629913362532,1.0146107803124608e-05,8.742965893938289,5.531990630606007,1.4030565042058531,,,
R2,Seasonal,0.5501409894557461,0.9766655556398665,0.0,48,50,48.0,96.0,500,0.0,0.0,23.46463009425402,5.168217538197088,1.134485344513885,,,
R3,Stationary_AR,0.01656500849658571,0.5666996039701919,0.0,None,167,,,500,0.0,0.0,0.0,0.0,5.0,0.6824594384395541,,
R4,Trending_RandomWalkDrift,0.9947470563094747,0.1581654554817452,0.0,None,24,,,500,,,0.0,0.0,0.8708272024121693,,,0.16289329930570895
R1,Composite,0.9941658376102083,0.968331131745358,0.0,24,24,24.0,48.0,500,0.20906401867783886,-1.1635538604416597e-05,17.534426892260637,5.336575941358401,1.1548437355962755,,,
R2,Seasonal,0.6815085494896824,0.8303775303080656,0.0,24,24,24.0,48.0,500,0.0,0.0,12.506235798974153,10.029566974270736,1.7383587187621923,,,
R3,Stationary_AR,0.14577581893274172,0.17976241102028512,0.0,None,38,,,500,0.0,0.0,0.0,0.0,5.0,0.5276036690978229,,
R4,Trending_MeanShift,0.9998274144744866,0.9993152063623036,0.0,None,250,,,500,,,0.0,0.0,1.250979942862648,,250.0,
R1,Composite,0.9972217626898993,0.9658845713667021,0.0,48,50,48.0,96.0,500,0.3723285023301195,2.0917864126506888e-05,22.122118547655823,6.8157551353221715,0.8503799218362067,,,
R2,Seasonal,0.6267875639124263,0.9336367576632296,0.0,48,50,48.0,96.0,500,0.0,0.0,18.533968905242112,7.8777819328944645,1.3989759673115993,,,
R3,Stationary_AR,0.006466375599061935,0.5263049928103603,0.0,None,167,,,500,0.0,0.0,0.0,0.0,5.0,0.4213357717228355,,
R4,Trending_ExponentialGrowth,0.9983787415941008,0.2654453166060248,0.0,None,24,,,500,,,0.0,0.0,0.5382310255017846,,,
R1,Composite,0.9959668171652427,0.9605488847528902,0.0,12,12,12.0,24.0,500,-0.1970959451114775,-4.621887436886108e-05,14.096268109383264,4.526844081513048,1.3939291413203274,,,
R2,Seasonal,0.6962811166211069,0.9648511422691508,0.0,12,12,12.0,24.0,500,0.0,0.0,18.105498607811434,6.037412743301407,1.4986971793874646,,,
R3,Stationary_WN,0.17022931760107585,0.09313078487863724,0.0,None,3,,,500,0.0,0.0,0.0,0.0,8.998235500435873,,,
R4,Trending_MeanShift,0.9999862284406956,0.9999449964592052,0.0,None,250,,,500,,,0.0,0.0,0.724654029853891,,250.0,
R1,Composite,0.997951945657723,0.9887949732710004,0.0,36,36,36.0,72.0,500,0.27230694971522507,-4.13900242890161e-05,21.87489919632494,4.327252304904104,0.530203378864917,,,
R2,Seasonal,0.676850194253065,0.9076476801166338,0.0,36,36,36.0,72.0,500,0.0,0.0,12.415577220450169,6.90401213824725,1.222761646748746,,,
R3,Stationary_WN,0.012182884438363462,0.29343757965409034,0.0,None,38,,,500,0.0,0.0,0.0,0.0,5.77285930631482,,,
R4,Trending_ExponentialGrowth,0.9994751132280142,0.0777898311420655,0.0,None,24,,,500,,,0.0,0.0,0.8498930743528642,,,
R1,Composite,0.9968393243466769,0.9949555787278501,0.0,24,24,24.0,48.0,500,0.13748828566817084,3.3166983535574273e-05,24.928731668734525,2.558032903799166,0.924961113563321,,,
R2,Seasonal,0.536791147216508,0.98103926409932,0.0,24,24,24.0,48.0,500,0.0,0.0,22.861918712362908,4.087958313273087,1.928216238844599,,,
R3,Stationary_AR,0.32898645874537435,0.24310822314639402,0.0,None,8,,,500,0.0,0.0,0.0,0.0,5.0,0.5010372907478546,,
R4,Trending_RandomWalkDrift,0.9744885277058879,0.6011162210162705,0.0,None,167,,,500,,,0.0,0.0,1.1933306573588753,,,0.1772133071381121
R1,Composite,0.9968341044457099,0.9702854711517621,0.0,48,50,48.0,96.0,500,-0.37556671334544334,1.5135988890031436e-05,23.936984168153568,6.935880959223288,0.5579656794311768,,,
R2,Seasonal,0.5870220665891901,0.9600161715658004,0.0,48,50,48.0,96.0,500,0.0,0.0,28.065873300495557,8.583685112596783,1.8766083552593995,,,
R3,Stationary_AR,0.057865406388449614,0.3153426529962775,0.0,None,83,,,500,0.0,0.0,0.0,0.0,5.0,0.47498014847392783,,
R4,Trending_RandomWalkDrift,0.9121027592720838,0.14196666201740116,0.0,None,24,,,500,,,0.0,0.0,0.7443468973031733,,,-0.1202163923501157
R1,Composite,0.9986977392494683,0.9921353822554074,0.0,12,12,12.0,24.0,500,0.16271635152325095,1.53291557962117e-05,14.099701053303903,2.1410696198342682,0.5376520112812612,,,
R2,Seasonal,0.7280991497529825,0.9542188074414668,0.0,12,12,12.0,24.0,500,0.0,0.0,14.618786012888194,5.965316299983165,1.086272952180962,,,
R3,Stationary_AR,0.023839141770192196,0.38050261144725217,0.0,None,71,,,500,0.0,0.0,0.0,0.0,5.0,0.4651605948129284,,
R4,Trending_RandomWalkDrift,0.9871080057202428,0.6409080965673063,0.0,None,250,,,500,,,0.0,0.0,1.179153532601485,,,-0.3686821122952668
R1,Composite,0.9989968530877407,0.9903341913433649,0.0,24,24,24.0,48.0,500,-0.36193946998953586,1.4112211368374729e-05,23.104661385512244,3.9890592431935556,0.6378562011280161,,,
R2,Seasonal,0.6926509235416547,0.8376362578133942,0.0,24,24,24.0,48.0,500,0.0,0.0,11.455947769785773,9.296487896522112,1.2149518013644083,,,
R3,Stationary_AR,0.03433609953163641,0.16166245461201467,0.0,None,71,,,500,0.0,0.0,0.0,0.0,5.0,0.4808565181256655,,
R4,Trending_MeanShift,0.9999642611634292,0.9998571903260844,0.0,None,250,,,500,,,0.0,0.0,0.742155833423029,,250.0,
R1,Composite,0.9963148606885153,0.9502916946267976,0.0,48,50,48.0,96.0,500,-0.28179450481646295,2.8100607886534897e-05,14.338946360537296,5.335743062373348,0.9377314795395477,,,
R2,Seasonal,0.6619348474961473,0.9239840966818292,0.0,48,50,48.0,96.0,500,0.0,0.0,20.30650099479162,9.789887448322823,1.094395859966539,,,
R3,Stationary_WN,0.03896793645181851,0.10476465902906062,0.0,None,3,,,500,0.0,0.0,0.0,0.0,12.110236645153575,,,
R4,Trending_ExponentialGrowth,0.994238592971421,0.2194385031615238,0.0,None,24,,,500,,,0.0,0.0,1.2188245703713059,,,
R1,Composite,0.9956687094806292,0.9625848973521072,0.0,48,50,48.0,96.0,500,-0.259674714807303,3.2321629904253884e-05,16.4980862288539,4.6140150151354336,1.2345912174297227,,,
R2,Seasonal,0.6343381927180307,0.9424219449977058,0.0,48,50,48.0,96.0,500,0.0,0.0,18.54629886724802,7.450025719012134,1.4299184887107548,,,
R3,Stationary_WN,0.1770368134977891,0.12605418408917435,0.0,None,4,,,500,0.0,0.0,0.0,0.0,13.132293253878895,,,
R4,Trending_ExponentialGrowth,0.999757911420545,0.31833201978397874,0.0,None,24,,,500,,,0.0,0.0,0.6224465894152084,,,
R1,Composite,0.997364266807811,0.9199795103276437,0.0,36,36,36.0,72.0,500,0.24262119370405874,-2.1747705523529132e-05,8.224442622487102,4.224876488654886,0.9016414200458592,,,
R2,Seasonal,0.6907124072761006,0.9936206314105833,0.0,36,36,36.0,72.0,500,0.0,0.0,29.841000147216086,4.288746882080353,0.7119868788948567,,,
R3,Stationary_AR,0.17693212262726876,0.32009573883984843,0.0,None,29,,,500,0.0,0.0,0.0,0.0,5.0,0.639367806629507,,
R4,Trending_MeanShift,0.9999510395253769,0.9998044904891353,0.0,None,250,,,500,,,0.0,0.0,0.7884868573376004,,250.0,
R1,Composite,0.997933126732743,0.9361014087487931,0.0,36,36,36.0,72.0,500,0.3199156250345021,-4.3996781503069944e-05,10.6203259475484,4.702346350424529,0.9460301526248484,,,
R2,Seasonal,0.6986300356363467,0.9877530643781933,0.0,36,36,36.0,72.0,500,0.0,0.0,28.038567404060014,5.710710422469809,0.8896931673619284,,,
R3,Stationary_AR,0.10675338648249633,0.2470975130111822,0.0,None,38,,,500,0.0,0.0,0.0,0.0,5.0,0.6111209453653337,,
R4,Trending_MeanShift,0.999922795965587,0.9996917405727885,0.0,None,250,,,500,,,0.0,0.0,1.4874959958012557,,250.0,
R1,Composite,0.9986415423375811,0.9841380742485841,0.0,48,50,48.0,96.0,500,0.24368853620354242,2.4530070098163694e-05,15.071151826020154,2.1563457875007717,0.772750829577998,,,
R2,Seasonal,0.5042623769948174,0.9766687686365267,0.0,48,50,48.0,96.0,500,0.0,0.0,26.0319348974042,5.5109151020580285,1.3329309045143916,,,
R3,Stationary_AR,0.1081609315258093,0.22184659605922497,0.0,None,18,,,500,0.0,0.0,0.0,0.0,5.0,0.44146506056148205,,
R4,Trending_MeanShift,0.9999524503749361,0.9998104973542508,0.0,None,250,,,500,,,0.0,0.0,1.0124551281617853,,250.0,
R1,Composite,0.9987082554889681,0.9786870385019447,0.0,12,12,12.0,24.0,500,-0.3678038307489788,-2.801946715040557e-05,18.973367685989825,4.1681128973094745,1.389386320544867,,,
R2,Seasonal,0.7155713256045735,0.9057208500506833,0.0,12,12,12.0,24.0,500,0.0,0.0,16.306071635045768,9.654727710343348,1.9847537669487352,,,
R3,Stationary_WN,0.27272913171004365,0.1302764376772454,0.0,None,2,,,500,0.0,0.0,0.0,0.0,13.640642596354063,,,
R4,Trending_MeanShift,0.9999551180251229,0.9998201835619922,0.0,None,250,,,500,,,0.0,0.0,1.2097562473788999,,250.0,
R1,Composite,0.9961734559692988,0.9838564245874336,0.0,12,12,12.0,24.0,500,-0.23786737698347332,2.388649977556061e-05,22.53591008239276,5.648939525539884,0.5140357989978895,,,
R2,Seasonal,0.7476245287914924,0.9419205800498509,0.0,12,12,12.0,24.0,500,0.0,0.0,17.83090135515019,8.78418594878626,0.7496835990258107,,,
R3,Stationary_WN,0.11701426937453385,0.21797442340238804,0.0,None,4,,,500,0.0,0.0,0.0,0.0,5.426991635153202,,,
R4,Trending_MeanShift,0.9999638626209494,0.9998553709154956,0.0,None,250,,,500,,,0.0,0.0,1.257548932199289,,250.0,
R1,Composite,0.9944233709485024,0.968905064750919,0.0,12,12,12.0,24.0,500,0.19969619771515834,4.4354002947040204e-05,18.941739130014565,6.738087179819029,0.5195143658275853,,,
R2,Seasonal,0.6947263895249851,0.986904971009513,0.0,12,12,12.0,24.0,500,0.0,0.0,26.822213092672463,5.446918869612034,1.3081605361044553,,,
R3,Stationary_WN,0.1022208399571175,0.29823149857920217,0.0,None,10,,,500,0.0,0.0,0.0,0.0,7.547047489756709,,,
R4,Trending_RandomWalkDrift,0.9954576734004416,0.003754393209781104,0.0,None,24,,,500,,,0.0,0.0,1.4983777832327623,,,-0.23394896485884603
R1,Composite,0.993695747698601,0.9707149251709656,0.0,24,24,24.0,48.0,500,0.24825930269868338,-3.5563840237999564e-05,21.661256447400856,6.344552028154815,1.4029739561074104,,,
R2,Seasonal,0.6780437222334647,0.9072592349221202,0.0,24,24,24.0,48.0,500,0.0,0.0,11.681253843454794,6.562994001569763,1.1459240210811283,,,
R3,Stationary_WN,0.2157008545043676,0.1226256729200198,0.0,None,3,,,500,0.0,0.0,0.0,0.0,10.41523175372113,,,
R4,Trending_ExponentialGrowth,0.9959902089675886,0.24932841761410696,0.0,None,24,,,500,,,0.0,0.0,1.3670746150951745,,,
R1,Composite,0.9941663925453158,0.9657708161146862,0.0,36,36,36.0,72.0,500,0.27757700470697866,-2.6131290567951588e-05,21.9899100829564,7.80823877008092,0.5366882966897051,,,
R2,Seasonal,0.6122793386336972,0.9868052870389498,0.0,36,36,36.0,72.0,500,0.0,0.0,29.80620339452898,5.295729404144564,1.6701781972547969,,,
R3,Stationary_WN,0.16457406176058242,0.18179786135573706,0.0,None,4,,,500,0.0,0.0,0.0,0.0,9.790324021188935,,,
R4,Trending_MeanShift,0.9999500985867569,0.9998017019164722,0.0,None,250,,,500,,,0.0,0.0,0.6603773543968713,,250.0,
R1,Composite,0.9977098281628062,0.9607536134069906,0.0,48,50,48.0,96.0,500,0.17837944716509385,4.603317375101213e-05,9.785968692297901,2.758546384194412,0.67376438927312,,,
R2,Seasonal,0.6301307302658524,0.9423155991269924,0.0,48,50,48.0,96.0,500,0.0,0.0,21.268118305781517,8.583159108597968,1.5357470191791898,,,
R3,Stationary_AR,0.07301975878158506,0.24307539948991375,0.0,None,56,,,500,0.0,0.0,0.0,0.0,5.0,0.5977579277840177,,
R4,Trending_MeanShift,0.9998848809484683,0.9995382336100224,0.0,None,250,,,500,,,0.0,0.0,1.3190269648865347,,250.0,
R1,Composite,0.9983669497549997,0.9875264696131876,0.0,36,36,36.0,72.0,500,-0.23329295855928597,2.726545967794783e-05,16.083245398205726,2.3898046641608093,1.1664743792673329,,,
R2,Seasonal,0.7132424533043871,0.9427882750891545,0.0,36,36,36.0,72.0,500,0.0,0.0,16.138753833026417,7.585047027616092,0.7058959646159877,,,
R3,Stationary_AR,0.2181121491605731,0.29359585160444246,0.0,None,24,,,500,0.0,0.0,0.0,0.0,5.0,0.68722189593813,,
R4,Trending_RandomWalkDrift,0.9676518782957247,0.07294503423548715,0.0,None,24,,,500,,,0.0,0.0,0.6474381213614738,,,0.11313755697686037
R1,Composite,0.9985046078896508,0.9753294974694989,0.0,36,36,36.0,72.0,500,0.2379508110583026,4.002326086929121e-05,12.747678258165443,3.728477161822505,0.5317130692844948,,,
R2,Seasonal,0.707813230954289,0.8173767412613515,0.0,36,36,36.0,72.0,500,0.0,0.0,13.725493403863506,11.981525408807165,1.4304833819722484,,,
R3,Stationary_WN,0.2391791279288522,0.13859440189532568,0.0,None,2,,,500,0.0,0.0,0.0,0.0,14.718003844807876,,,
R4,Trending_MeanShift,0.9999680760000261,0.9998724129130081,0.0,None,250,,,500,,,0.0,0.0,1.2249434100590746,,250.0,
R1,Composite,0.9981151739014972,0.9784621211302542,0.0,24,24,24.0,48.0,500,-0.3429920330114301,4.997489653639399e-05,18.948919392891995,4.925642946324679,0.8978725015631284,,,
R2,Seasonal,0.693412661746075,0.9897872236405795,0.0,24,24,24.0,48.0,500,0.0,0.0,29.494913549780094,5.3811392606226205,0.7590886770657596,,,
R3,Stationary_AR,0.06802706297527283,0.3414652374867688,0.0,None,83,,,500,0.0,0.0,0.0,0.0,5.0,0.6787328986158814,,
R4,Trending_ExponentialGrowth,0.9797241012988326,0.3010307409203602,0.0,None,24,,,500,,,0.0,0.0,0.9634820471642958,,,
R1,Composite,0.9989785290541862,0.9742890727082564,0.0,12,12,12.0,24.0,500,-0.3016510498797831,-2.6925838476211067e-05,12.681833402779636,3.4242984788849054,1.004979321291306,,,
R2,Seasonal,0.6661572396008473,0.9213467400755724,0.0,12,12,12.0,24.0,500,0.0,0.0,12.569515479355584,5.82208906708414,1.7309019250035484,,,
R3,Stationary_AR,0.2713712236745386,0.16798849528155013,0.0,None,24,,,500,0.0,0.0,0.0,0.0,5.0,0.6279404983919208,,
R4,Trending_RandomWalkDrift,0.9828335607415691,0.9297247427245079,0.0,None,250,,,500,,,0.0,0.0,1.3708357911239881,,,0.3204388403640337
R1,Composite,0.9986342543938721,0.9658010180001616,0.0,36,36,36.0,72.0,500,-0.36973757894387516,-1.692808171372311e-05,15.242870171505956,4.455514323047684,1.2364022882144745,,,
R2,Seasonal,0.5883280258629531,0.9838294239619921,0.0,36,36,36.0,72.0,500,0.0,0.0,25.64738443246652,5.095583222296263,1.5359249785733202,,,
R3,Stationary_AR,0.10061135881783623,0.25900548695364056,0.0,None,31,,,500,0.0,0.0,0.0,0.0,5.0,0.5387547093902135,,
R4,Trending_RandomWalkDrift,0.9894395774465296,0.19343925286435748,0.0,None,24,,,500,,,0.0,0.0,0.7326778991499546,,,-0.27070232354705703
R1,Composite,0.9950926409984292,0.9792181045463659,0.0,24,24,24.0,48.0,500,0.23455799299276253,-3.6548745704188966e-05,21.29774252937974,5.072971156906138,1.2026208733137849,,,
R2,Seasonal,0.6854779064910329,0.9533905506354394,0.0,24,24,24.0,48.0,500,0.0,0.0,26.48899718188886,10.379977582976702,1.6885225246060143,,,
R3,Stationary_WN,0.13064745280309364,0.2677436858328769,0.0,None,4,,,500,0.0,0.0,0.0,0.0,5.6466540147767805,,,
R4,Trending_RandomWalkDrift,0.9890687730065126,0.17266648999503198,0.0,None,24,,,500,,,0.0,0.0,0.9633014778802603,,,0.2922596793904759
R1,Composite,0.996630038270886,0.9455197840626709,0.0,48,50,48.0,96.0,500,-0.22717344946197496,2.7908181561754215e-05,10.424477952078472,2.306818361797995,1.2951752780905472,,,
R2,Seasonal,0.018583518160596446,0.9860980413696584,0.0,48,100,48.0,96.0,500,0.0,0.0,13.463677333111574,11.210871221593603,0.5125068426312632,,,
R3,Stationary_WN,0.14460552142524152,0.13690027158044282,0.0,None,3,,,500,0.0,0.0,0.0,0.0,10.323529707274396,,,
R4,Trending_MeanShift,0.9998470595163351,0.9993866088398907,0.0,None,250,,,500,,,0.0,0.0,1.4092535853731327,,250.0,
R1,Composite,0.9980526911090466,0.9076601121662202,0.0,24,24,24.0,48.0,500,0.3279248667519826,-1.6543084018270674e-05,8.94416298030565,4.666161492019234,1.1884358539606468,,,
R2,Seasonal,0.7025394429693554,0.9108436000052124,0.0,24,24,24.0,48.0,500,0.0,0.0,17.785374588184617,10.355647431389587,1.0313844089670876,,,
R3,Stationary_AR,0.0031691127858207713,0.4755754356699218,0.0,None,167,,,500,0.0,0.0,0.0,0.0,5.0,0.41586108576957115,,
R4,Trending_ExponentialGrowth,0.9992075445420073,0.2749853372716049,0.0,None,24,,,500,,,0.0,0.0,1.0225957267833916,,,
R1,Composite,0.9839468718664034,0.976011900539839,0.0,24,24,24.0,48.0,500,-0.10570295324118457,2.5492139151826718e-05,15.477138201544012,4.150313950638534,0.8509944765543014,,,
R2,Seasonal,0.6326335752433121,0.9886032973395614,0.0,24,24,24.0,48.0,500,0.0,0.0,29.45764701005325,4.893146062062498,1.3332623446709553,,,
R3,Stationary_WN,0.1903787373169581,0.18551403446003656,0.0,None,4,,,500,0.0,0.0,0.0,0.0,10.37795473467293,,,
R4,Trending_MeanShift,0.999977789767842,0.9999113281951167,0.0,None,250,,,500,,,0.0,0.0,0.8713758825589047,,250.0,
R1,Composite,0.9881234582318726,0.9713701019965937,0.0,48,50,48.0,96.0,500,0.1501825525573376,4.425852543379488e-05,22.971753203600215,6.182314852812967,0.7797310817208932,,,
R2,Seasonal,0.647842023518414,0.9661179344812899,0.0,48,50,48.0,96.0,500,0.0,0.0,23.396833220124407,7.318375922821904,0.6113340686726123,,,
R3,Stationary_WN,0.2006399587264298,0.07275890174068766,0.0,None,2,,,500,0.0,0.0,0.0,0.0,5.807012332655173,,,
R4,Trending_ExponentialGrowth,0.999164995773263,0.34407859805605145,0.0,None,24,,,500,,,0.0,0.0,0.5937500418659751,,,
R1,Composite,0.9979014390301891,0.9783630165821589,0.0,12,12,12.0,24.0,500,0.38820069046956507,-3.7547804803866946e-05,23.24248874942802,6.650092592565871,0.7607509643985776,,,
R2,Seasonal,0.7516165279607785,0.9684730110803619,0.0,12,12,12.0,24.0,500,0.0,0.0,26.751484397075536,9.61475693904016,0.6019429378631573,,,
R3,Stationary_AR,0.08221852782510475,0.24689599952233576,0.0,None,26,,,500,0.0,0.0,0.0,0.0,5.0,0.41193277022864067,,
R4,Trending_RandomWalkDrift,0.9952483997878075,0.07370221962864154,0.0,None,24,,,500,,,0.0,0.0,0.8072403507461682,,,-0.2472029639004584
R1,Composite,0.990206523849089,0.9833161533850346,0.0,12,12,12.0,24.0,500,-0.10510738108097177,4.028907016436767e-05,13.445466980307145,2.439935142075986,0.9160133033872447,,,
R2,Seasonal,0.6949475923577031,0.9492689274013011,0.0,12,12,12.0,24.0,500,0.0,0.0,11.099980210869303,4.4644708275981,1.2097808845924076,,,
R3,Stationary_WN,0.15363427699421228,0.0559590996410414,0.0,None,3,,,500,0.0,0.0,0.0,0.0,6.3385923546391645,,,
R4,Trending_RandomWalkDrift,0.9946436651083239,0.28199861102841817,0.0,None,24,,,500,,,0.0,0.0,1.3620883981413314,,,-0.23929487722408257
R1,Composite,0.9971294819684515,0.9870474836063919,0.0,24,24,24.0,48.0,500,0.22360142255795795,-3.585725316439262e-05,19.5899226101725,3.834508502940185,0.8182182827661543,,,
R2,Seasonal,0.7057367021113755,0.9350269543710621,0.0,24,24,24.0,48.0,500,0.0,0.0,23.01293393465444,11.351849980830991,0.9848776290548226,,,
R3,Stationary_WN,0.1129801727902966,0.08201180189682444,0.0,None,2,,,500,0.0,0.0,0.0,0.0,7.491461383044143,,,
R4,Trending_MeanShift,0.9999729878533208,0.9998916440233819,0.0,None,250,,,500,,,0.0,0.0,0.6561679183712766,,250.0,
R1,Composite,0.9839001025195715,0.9212816100107554,0.0,24,24,24.0,48.0,500,-0.13692660799155543,2.394818009821975e-05,11.063986357785973,5.937322674722148,0.6515642643036309,,,
R2,Seasonal,0.6722628661179915,0.9786311025540084,0.0,24,24,24.0,48.0,500,0.0,0.0,26.017806511754944,6.618908865042348,1.2920126120618272,,,
R3,Stationary_WN,0.09020289186942099,0.25530721759826625,0.0,None,9,,,500,0.0,0.0,0.0,0.0,6.086068282970894,,,
R4,Trending_ExponentialGrowth,0.9956882167858672,0.1838331468256631,0.0,None,24,,,500,,,0.0,0.0,1.4591492070786112,,,
R1,Composite,0.9966768975892387,0.9631659261010591,0.0,48,50,48.0,96.0,500,0.33565322281915344,4.183375364656217e-05,21.669272177808224,6.997071166046707,0.8359999938519149,,,
R2,Seasonal,0.6413449507053302,0.9591155722950429,0.0,48,50,48.0,96.0,500,0.0,0.0,24.514857241364062,8.252726519708807,1.1528518311588076,,,
R3,Stationary_WN,0.28501825569482653,0.12410513878150697,0.0,None,2,,,500,0.0,0.0,0.0,0.0,9.22209866152972,,,
R4,Trending_MeanShift,0.9999923477937328,0.9999694013353895,0.0,None,250,,,500,,,0.0,0.0,0.6365835707076904,,250.0,
R1,Composite,0.9981712580309523,0.9530373364101807,0.0,24,24,24.0,48.0,500,0.2021229483284553,4.099408137503887e-05,8.714439672417972,3.0335725986334077,0.7707827048445126,,,
R2,Seasonal,0.7096210109435288,0.939862006148032,0.0,24,24,24.0,48.0,500,0.0,0.0,22.945405138243274,11.02138039923702,0.6494665871985552,,,
R3,Stationary_AR,0.20392270203740448,0.37090033097228925,0.0,None,13,,,500,0.0,0.0,0.0,0.0,5.0,0.40211221429140204,,
R4,Trending_ExponentialGrowth,0.9924993780940072,0.24669203469940926,0.0,None,24,,,500,,,0.0,0.0,1.0211263906241594,,,
R1,Composite,0.9915708813039742,0.84894999147534,0.0,48,50,48.0,96.0,500,0.1569909575614108,4.705501673551009e-05,8.243177198353887,5.100218645892854,1.486596022268834,,,
R2,Seasonal,0.5573143858181449,0.9844745818198372,0.0,48,50,48.0,96.0,500,0.0,0.0,27.268135550405283,4.968641595278492,0.5566479591681556,,,
R3,Stationary_WN,0.19747687900011068,0.19983600866904228,0.0,None,5,,,500,0.0,0.0,0.0,0.0,8.9313092850332,,,
R4,Trending_MeanShift,0.9999741883242953,0.9998966134627194,0.0,None,250,,,500,,,0.0,0.0,0.5495042739179687,,250.0,
R1,Composite,0.9952457492329136,0.9840671828044454,0.0,36,36,36.0,72.0,500,0.14122036298104398,2.9702881646277653e-05,17.2905982712725,3.0145555728577573,1.2528976169430206,,,
R2,Seasonal,0.6634032277506849,0.9647257784589697,0.0,36,36,36.0,72.0,500,0.0,0.0,23.1056745410891,7.349928231808337,1.7601015261376907,,,
R3,Stationary_WN,0.02739553208240031,0.28194664619096066,0.0,None,45,,,500,0.0,0.0,0.0,0.0,10.152249167943136,,,
R4,Trending_MeanShift,0.999924472881445,0.9996980158806846,0.0,None,250,,,500,,,0.0,0.0,0.7784998698071801,,250.0,
R1,Composite,0.9977041563324646,0.9633652915392162,0.0,24,24,24.0,48.0,500,-0.2974755266645346,2.258882142813093e-05,14.266131697651847,5.13829410613957,0.5353770561415553,,,
R2,Seasonal,0.6770425756808334,0.9533993043945452,0.0,24,24,24.0,48.0,500,0.0,0.0,19.769309594951352,7.5917178231689295,1.492483253531524,,,
R3,Stationary_AR,0.026561981767182052,0.32412211777224087,0.0,None,100,,,500,0.0,0.0,0.0,0.0,5.0,0.4165801833223822,,
R4,Trending_MeanShift,0.9999810746397484,0.9999241167275466,0.0,None,250,,,500,,,0.0,0.0,0.6544458587678091,,250.0,
R1,Composite,0.9981590499107796,0.9607645453758288,0.0,24,24,24.0,48.0,500,-0.35832594121742245,3.776841824434566e-05,14.629084105063319,4.632706323399755,1.403381256735032,,,
R2,Seasonal,0.7101473589021619,0.8983874607851381,0.0,24,24,24.0,48.0,500,0.0,0.0,16.101117473947447,10.306258186284783,0.5964092200689527,,,
R3,Stationary_AR,0.1941254758677643,0.2433733642490976,0.0,None,22,,,500,0.0,0.0,0.0,0.0,5.0,0.6477198684587888,,
R4,Trending_MeanShift,0.9997798303766728,0.9991213536818547,0.0,None,250,,,500,,,0.0,0.0,0.979579717482266,,250.0,
R1,Composite,0.9988492105601473,0.9809099974004033,0.0,48,50,48.0,96.0,500,-0.38959510753693183,2.5046811262244893e-05,18.700206313838038,2.4198608308436533,1.151391332337821,,,
R2,Seasonal,0.6464565191359571,0.9596598093940858,0.0,48,50,48.0,96.0,500,0.0,0.0,26.345817551676337,9.00313196701929,1.1340731530243118,,,
R3,Stationary_WN,0.2647554865827555,0.13892682344715224,0.0,None,2,,,500,0.0,0.0,0.0,0.0,7.882269630249069,,,
R4,Trending_MeanShift,0.9999248551348603,0.9997014263848378,0.0,None,250,,,500,,,0.0,0.0,1.3250842261681652,,250.0,
R1,Composite,0.9808028626122071,0.952955126698205,0.0,36,36,36.0,72.0,500,-0.12172659949453714,-2.959340939727329e-05,17.919699690950573,7.362300877959523,1.0819353305422816,,,
R2,Seasonal,0.6580209533523319,0.970392320715932,0.0,36,36,36.0,72.0,500,0.0,0.0,29.79633016790445,8.678408270567004,1.865979658320312,,,
R3,Stationary_WN,0.26813114582704256,0.14053251059495242,0.0,None,2,,,500,0.0,0.0,0.0,0.0,11.91173093452373,,,
R4,Trending_RandomWalkDrift,0.9910153689036051,0.12401998150110027,0.0,None,24,,,500,,,0.0,0.0,0.9834343976180043,,,0.13944150550871837
R1,Composite,0.9977691557000371,0.9726490741405658,0.0,48,50,48.0,96.0,500,-0.20190942034642628,-4.7139758489771585e-05,12.860881549130294,2.7739972913289783,0.807800746543709,,,
R2,Seasonal,0.6690516122372558,0.9153689604130922,0.0,48,50,48.0,96.0,500,0.0,0.0,16.201309140631544,8.382771971646331,1.122419513368843,,,
R3,Stationary_AR,0.14354185065588643,0.3227917112540387,0.0,None,56,,,500,0.0,0.0,0.0,0.0,5.0,0.6619308166126905,,
R4,Trending_RandomWalkDrift,0.9924074398838041,0.05869935214705835,0.0,None,24,,,500,,,0.0,0.0,1.4750983549930048,,,0.14022891195442233
R1,Composite,0.9968113997715262,0.9022393999051876,0.0,12,12,12.0,24.0,500,-0.2992725487436259,-4.399219767290574e-05,11.215749684982503,7.2186509997607216,0.8116155820508169,,,
R2,Seasonal,0.7356041586956797,0.9616212073971931,0.0,12,12,12.0,24.0,500,0.0,0.0,20.0168866043416,7.695646002242239,1.0584025010857987,,,
R3,Stationary_WN,0.06614048614875134,0.2562735023179442,0.0,None,21,,,500,0.0,0.0,0.0,0.0,9.717838327786867,,,
R4,Trending_RandomWalkDrift,0.9974717984249375,0.12820437384128092,0.0,None,24,,,500,,,0.0,0.0,0.590146998763849,,,0.32308027810508616
R1,Composite,0.9952267737103574,0.9115014890808306,0.0,36,36,36.0,72.0,500,0.18706755646799283,4.66581929094148e-05,9.50071478099378,4.3947379629850944,1.472597701089325,,,
R2,Seasonal,0.7004572060747163,0.9630598567290869,0.0,36,36,36.0,72.0,500,0.0,0.0,29.254466585462648,10.574137474759038,1.512390955690175,,,
R3,Stationary_AR,0.036330710449291925,0.18292343340778516,0.0,None,62,,,500,0.0,0.0,0.0,0.0,5.0,0.475359651099348,,
R4,Trending_ExponentialGrowth,0.9951921869871061,0.18275500930704558,0.0,None,24,,,500,,,0.0,0.0,0.8815725829447495,,,
R1,Composite,0.9983539817893881,0.974378118323464,0.0,12,12,12.0,24.0,500,0.356142419076382,4.4328847435358106e-05,19.34646193904064,6.22735201905873,0.5446885566803398,,,
R2,Seasonal,0.04121494234372891,0.9945515050309216,0.0,12,24,12.0,24.0,500,0.0,0.0,10.26840762796123,10.519149195150973,0.9231471356225394,,,
R3,Stationary_AR,0.0895008585703293,0.38870201198503096,0.0,None,56,,,500,0.0,0.0,0.0,0.0,5.0,0.6984276262159044,,
R4,Trending_ExponentialGrowth,0.9961313846970903,0.22622757181722253,0.0,None,24,,,500,,,0.0,0.0,1.1561718465695656,,,
R1,Composite,0.9991820806501441,0.9926298533739607,0.0,12,12,12.0,24.0,500,0.35060598266613396,2.8156956584952945e-05,24.723555414434838,2.6700039507837943,1.2842524795455437,,,
R2,Seasonal,0.7501242596069776,0.9162191809442122,0.0,12,12,12.0,24.0,500,0.0,0.0,17.918608123353543,10.777472654529667,0.7847087210645658,,,
R3,Stationary_AR,0.05863128454526545,0.1201246508399334,0.0,None,36,,,500,0.0,0.0,0.0,0.0,5.0,0.43944292261129186,,
R4,Trending_RandomWalkDrift,0.9884973010549843,0.039535572088977955,0.0,None,24,,,500,,,0.0,0.0,0.7596205722679487,,,0.16401034739039777
R1,Composite,0.9840491637130471,0.9646307527445683,0.0,24,24,24.0,48.0,500,0.14601583092006237,2.8879730901492588e-05,22.172268326851135,7.8565102708898475,0.6447400012383384,,,
R2,Seasonal,0.6862957605134097,0.8804572040454021,0.0,24,24,24.0,48.0,500,0.0,0.0,14.891799000792057,9.895697103201234,1.6660480790284797,,,
R3,Stationary_WN,0.00020677991420225972,0.5004981164083555,0.0,None,167,,,500,0.0,0.0,0.0,0.0,7.253861856036625,,,
R4,Trending_RandomWalkDrift,0.814422327259704,0.8588276429551445,0.0,None,250,,,500,,,0.0,0.0,0.8610932578357315,,,-0.20470369255091392
R1,Composite,0.9980726740126814,0.979775866932473,0.0,12,12,12.0,24.0,500,0.19306018970133576,-1.886902942112071e-05,11.413498519684165,2.955226427922837,0.6047593888581493,,,
R2,Seasonal,0.7098262712586147,0.982446754734728,0.0,12,12,12.0,24.0,500,0.0,0.0,29.42617851029509,6.965986570729271,1.3954324121258617,,,
R3,Stationary_AR,0.02959972723987403,0.32987533946822534,0.0,None,100,,,500,0.0,0.0,0.0,0.0,5.0,0.5068330325470525,,
R4,Trending_MeanShift,0.9999063172024253,0.9996262949277763,0.0,None,250,,,500,,,0.0,0.0,1.4174148383052203,,250.0,
R1,Composite,0.9917874745278726,0.9391374158287399,0.0,24,24,24.0,48.0,500,-0.22128373825063602,-2.4521034087038152e-05,16.810485999864618,7.828983554364524,1.0377523791777405,,,
R2,Seasonal,0.6717697957907327,0.9403514142612915,0.0,24,24,24.0,48.0,500,0.0,0.0,23.013138665174424,9.823629193510552,1.8605724717932093,,,
R3,Stationary_AR,0.07420317963471612,0.2347111606353155,0.0,None,71,,,500,0.0,0.0,0.0,0.0,5.0,0.5640764603874383,,
R4,Trending_MeanShift,0.999907172438902,0.9996271129204507,0.0,None,250,,,500,,,0.0,0.0,1.214866698524871,,250.0,
R1,Composite,0.9904346095856875,0.9725032834844042,0.0,48,50,48.0,96.0,500,0.19547320349917457,-2.3790769561248955e-05,22.427095003596186,5.675313033659439,0.762829758915284,,,
R2,Seasonal,0.674270552048494,0.9197929286397071,0.0,48,50,48.0,96.0,500,0.0,0.0,17.792863220890624,9.190505644151404,0.6444676961645904,,,
R3,Stationary_WN,0.046240809122587656,0.3835507203044003,0.0,None,33,,,500,0.0,0.0,0.0,0.0,8.25130081221958,,,
R4,Trending_RandomWalkDrift,0.11378815550562327,0.8147389152388517,0.0,None,250,,,500,,,0.0,0.0,1.122114021392946,,,0.15010918936641998
R1,Composite,0.9987205861905084,0.9883750312787213,0.0,12,12,12.0,24.0,500,0.3627636494514088,-2.7518133096923338e-05,23.480817990529168,4.5895644753209766,0.9853256329695191,,,
R2,Seasonal,0.7413524762896587,0.9730237321644224,0.0,12,12,12.0,24.0,500,0.0,0.0,16.794194367281143,5.435281071194255,0.6362409290257711,,,
R3,Stationary_AR,0.047851494910732706,0.22969593386925446,0.0,None,45,,,500,0.0,0.0,0.0,0.0,5.0,0.5261565866360195,,
R4,Trending_MeanShift,0.9999951732461291,0.9999806942319189,0.0,None,250,,,500,,,0.0,0.0,0.5084086973815641,,250.0,
R1,Composite,0.9971127676989574,0.9672667889780565,0.0,36,36,36.0,72.0,500,0.3098060292404276,-4.056179510575464e-05,17.150522756539072,5.847522399214112,0.828164736602545,,,
R2,Seasonal,0.6992582469689861,0.9085224377277467,0.0,36,36,36.0,72.0,500,0.0,0.0,16.133707735327768,9.37885930548255,1.249360060806643,,,
R3,Stationary_WN,0.02071313345056447,0.40507733517727496,0.0,None,167,,,500,0.0,0.0,0.0,0.0,13.124092611179886,,,
R4,Trending_RandomWalkDrift,0.9732780241448195,0.06773912352311662,0.0,None,24,,,500,,,0.0,0.0,0.6779193940496214,,,0.20862879236879853
R1,Composite,0.9979678281918559,0.9786646586539672,0.0,48,50,48.0,96.0,500,-0.2003655922863492,2.2703094350289574e-05,11.626607879925764,2.1986394733912453,0.5727017836133145,,,
R2,Seasonal,0.6191936510832617,0.9692205175949262,0.0,48,50,48.0,96.0,500,0.0,0.0,17.862918070285208,5.036257861551361,0.6208101533451822,,,
R3,Stationary_WN,0.1449584945614958,0.13135352418441315,0.0,None,4,,,500,0.0,0.0,0.0,0.0,7.571566370809922,,,
R4,Trending_MeanShift,0.9999446407047982,0.9997787784175992,0.0,None,250,,,500,,,0.0,0.0,1.429381473428664,,250.0,
R1,Composite,0.998871422453107,0.9880552982708171,0.0,24,24,24.0,48.0,500,-0.26551758170761525,-3.9992868960761405e-05,17.68197886252664,3.102056579929016,0.7606676724721599,,,
R2,Seasonal,0.691258358368339,0.8817482809799512,0.0,24,24,24.0,48.0,500,0.0,0.0,12.047194052575813,8.055600650390657,1.1435558299877668,,,
R3,Stationary_AR,0.06451945855420926,0.26543870320239804,0.0,None,71,,,500,0.0,0.0,0.0,0.0,5.0,0.6821688614488466,,
R4,Trending_ExponentialGrowth,0.9997221758018101,0.15455264232217336,0.0,None,24,,,500,,,0.0,0.0,0.5424641776453946,,,
R1,Composite,0.9893903515324853,0.8875365654777936,0.0,48,50,48.0,96.0,500,0.22362936424997093,-2.910563789345745e-05,12.716039157833738,7.963446961532091,0.600728791731092,,,
R2,Seasonal,0.585620122892324,0.9743526541882453,0.0,48,50,48.0,96.0,500,0.0,0.0,19.324476622091765,4.780739135460542,1.05834897767387,,,
R3,Stationary_AR,0.08250272195913633,0.3703597314296133,0.0,None,100,,,500,0.0,0.0,0.0,0.0,5.0,0.6809227958237559,,
R4,Trending_MeanShift,0.9999597938785156,0.999839001784031,0.0,None,250,,,500,,,0.0,0.0,1.119831207560968,,250.0,
R1,Composite,0.9974868438046338,0.9789871088038117,0.0,24,24,24.0,48.0,500,0.2523387141794018,3.9318842448969883e-05,19.002857535604267,4.867000972158949,0.8616021893402023,,,
R2,Seasonal,0.7095823612052945,0.8470854213581958,0.0,24,24,24.0,48.0,500,0.0,0.0,12.704625879109493,10.222899173532706,0.6224295041584722,,,
R3,Stationary_WN,0.09957282339965423,0.22878853387155162,0.0,None,6,,,500,0.0,0.0,0.0,0.0,12.664006891776562,,,
R4,Trending_MeanShift,0.9999643998439443,0.9998574898375082,0.0,None,250,,,500,,,0.0,0.0,1.0691214652958902,,250.0,
R1,Composite,0.9860952551898078,0.9233293871521584,0.0,36,36,36.0,72.0,500,-0.15836995254045855,-3.375288504631816e-05,15.102041103078825,7.821724711377733,1.168517702473194,,,
R2,Seasonal,0.7168208830311593,0.9175950354507024,0.0,36,36,36.0,72.0,500,0.0,0.0,20.216470920178963,11.48179294386213,0.9500350369618682,,,
R3,Stationary_WN,0.24302837578664183,0.178712364384916,0.0,None,3,,,500,0.0,0.0,0.0,0.0,14.645168794724308,,,
R4,Trending_MeanShift,0.9998854814453364,0.9995407956841876,0.0,None,250,,,500,,,0.0,0.0,1.239088110749813,,250.0,
R1,Composite,0.9761989857664279,0.922703145959446,0.0,24,24,24.0,48.0,500,0.11119469944210773,2.582582728801321e-05,14.105547454457627,7.475477771267826,0.8299394745976655,,,
R2,Seasonal,0.7096727491794113,0.9591750141136126,0.0,24,24,24.0,48.0,500,0.0,0.0,18.74381118388453,7.243577441008119,0.5454282690529195,,,
R3,Stationary_AR,0.08452002674198933,0.20655408699194266,0.0,None,38,,,500,0.0,0.0,0.0,0.0,5.0,0.5504832958084426,,
R4,Trending_ExponentialGrowth,0.9897788983699719,0.2413704103566231,0.0,None,24,,,500,,,0.0,0.0,0.9902355446523512,,,
R1,Composite,0.9977227384928965,0.9491856683317826,0.0,36,36,36.0,72.0,500,0.2545838158253064,3.71346420161612e-05,11.410514990300138,4.097452402925432,1.1387273927410613,,,
R2,Seasonal,0.7058257486039254,0.9793942995150566,0.0,36,36,36.0,72.0,500,0.0,0.0,21.915383464486396,5.905850269561655,0.7549783650226086,,,
R3,Stationary_WN,0.10641721350153033,0.3123998359489508,0.0,None,10,,,500,0.0,0.0,0.0,0.0,11.350123729429924,,,
R4,Trending_MeanShift,0.9999231583883095,0.9996949724122187,0.0,None,250,,,500,,,0.0,0.0,1.1780849227296302,,250.0,
R1,Composite,0.9982947572233634,0.9944420943722208,0.0,12,12,12.0,24.0,500,0.22021142921778333,-3.893759329784833e-05,22.630164713752258,2.719132925144857,0.8958169613221668,,,
R2,Seasonal,0.7237906690267369,0.9734866769398796,0.0,12,12,12.0,24.0,500,0.0,0.0,15.950019892463459,4.9845311981445315,0.9001365582675821,,,
R3,Stationary_AR,0.029158919054992793,0.2602214156284385,0.0,None,56,,,500,0.0,0.0,0.0,0.0,5.0,0.5108166871634889,,
R4,Trending_ExponentialGrowth,0.9993630035291401,0.20120716441987707,0.0,None,24,,,500,,,0.0,0.0,0.8020533722437676,,,
R1,Composite,0.9984303980123124,0.9879228608694942,0.0,12,12,12.0,24.0,500,0.2996915013378636,3.520736027967009e-05,23.290907910789365,3.646399587860163,1.4388824327413765,,,
R2,Seasonal,0.7188437003900632,0.9817887951357016,0.0,12,12,12.0,24.0,500,0.0,0.0,21.06472702101783,5.27372331238473,0.921104511779048,,,
R3,Stationary_AR,0.29262984247952284,0.46030086118883873,0.0,None,19,,,500,0.0,0.0,0.0,0.0,5.0,0.599744388772907,,
R4,Trending_MeanShift,0.9999458174380249,0.9997829417983212,0.0,None,250,,,500,,,0.0,0.0,0.6489756471100261,,250.0,
R1,Composite,0.9994831059684423,0.9801955003166586,0.0,36,36,36.0,72.0,500,-0.3885754706267375,1.766136322438068e-05,12.363445880735643,2.6191861057743338,0.970453149995791,,,
R2,Seasonal,0.7148824169918802,0.9797049690503743,0.0,36,36,36.0,72.0,500,0.0,0.0,27.854523013084126,7.580997192312334,0.5147543612404539,,,
R3,Stationary_AR,0.18183121715754091,0.2693981774584604,0.0,None,23,,,500,0.0,0.0,0.0,0.0,5.0,0.6676650202217094,,
R4,Trending_ExponentialGrowth,0.9994811049482718,0.16748029592439773,0.0,None,24,,,500,,,0.0,0.0,0.8514542041816465,,,
R1,Composite,0.9768473541881311,0.8984695810582597,0.0,36,36,36.0,72.0,500,0.10856767215936547,2.936990332198231e-05,11.661355488864668,6.724799540879317,1.3260929341557492,,,
R2,Seasonal,0.698060531280043,0.964902198979711,0.0,36,36,36.0,72.0,500,0.0,0.0,12.342817596633505,4.217865955161715,0.6331989586739499,,,
R3,Stationary_WN,0.16275084682015672,0.1510526408040388,0.0,None,4,,,500,0.0,0.0,0.0,0.0,8.309443762903772,,,
R4,Trending_ExponentialGrowth,0.9979978963583561,0.17773437430386696,0.0,None,24,,,500,,,0.0,0.0,0.9428671222038673,,,
R1,Composite,0.9975222641715839,0.9772455219503796,0.0,48,50,48.0,96.0,500,-0.26977245717361453,1.608203110432241e-05,17.255418030513226,4.078457516496895,0.6416023126071818,,,
R2,Seasonal,0.6647515248228679,0.8648828539506257,0.0,48,50,48.0,96.0,500,0.0,0.0,11.753993462554057,7.916754889461139,1.1291051654272337,,,
R3,Stationary_AR,0.12022799368979253,0.2693166127873228,0.0,None,45,,,500,0.0,0.0,0.0,0.0,5.0,0.6777988247391331,,
R4,Trending_MeanShift,0.9999364517532009,0.9997463432098944,0.0,None,250,,,500,,,0.0,0.0,1.0547215974002424,,250.0,
R1,Composite,0.9958831906538229,0.9947351513418013,0.0,12,12,12.0,24.0,500,0.11543929353911585,2.664296084241871e-05,23.34610108405505,3.117563362504576,0.5957643694286034,,,
R2,Seasonal,0.7466662417575598,0.9587606965575902,0.0,12,12,12.0,24.0,500,0.0,0.0,25.427756426801615,10.408003498135606,1.0008172503047057,,,
R3,Stationary_AR,0.0416674004175851,0.2524884978701827,0.0,None,83,,,500,0.0,0.0,0.0,0.0,5.0,0.5556928408783774,,
R4,Trending_RandomWalkDrift,0.9906997886208595,0.02865895478051339,0.0,None,24,,,500,,,0.0,0.0,1.4256130670893659,,,-0.3634028633784204
R1,Composite,0.9757832120136679,0.951157154786114,0.0,12,12,12.0,24.0,500,0.10381799703353593,-1.3758907546346692e-05,13.96785505494969,5.554755833662897,1.432756100860085,,,
R2,Seasonal,0.7246140201221196,0.8993041800966222,0.0,12,12,12.0,24.0,500,0.0,0.0,12.422862467854745,7.9726818625113625,1.3330576145561133,,,
R3,Stationary_WN,0.16526301852378023,0.22119946776393906,0.0,None,6,,,500,0.0,0.0,0.0,0.0,8.750325269834075,,,
R4,Trending_RandomWalkDrift,0.998451780573795,0.17327518353543947,0.0,None,24,,,500,,,0.0,0.0,1.1893004088975092,,,-0.4547868715154618
R1,Composite,0.9956181960003764,0.9752886123784784,0.0,36,36,36.0,72.0,500,-0.18187602385165047,1.4920861934254762e-05,14.841371469519935,3.99223336161082,1.0006276938714784,,,
R2,Seasonal,0.7017254903056299,0.952037448557629,0.0,36,36,36.0,72.0,500,0.0,0.0,19.751410149074594,8.154609345003017,1.0863082410688953,,,
R3,Stationary_AR,0.06827816443533852,0.23119487218457935,0.0,None,33,,,500,0.0,0.0,0.0,0.0,5.0,0.5417544161856914,,
R4,Trending_ExponentialGrowth,0.9995015941687883,0.22477726875230974,0.0,None,24,,,500,,,0.0,0.0,0.8339342021616905,,,
R1,Composite,0.9916235093494866,0.9693286638714566,0.0,24,24,24.0,48.0,500,-0.14119520390341253,-2.0338310696694894e-05,15.75997695101547,4.280624428777909,1.215025746227528,,,
R2,Seasonal,0.627724134493484,0.9218304559126126,0.0,24,24,24.0,48.0,500,0.0,0.0,14.766734901215404,6.99445348709579,1.9270579950513573,,,
R3,Stationary_AR,0.39766064157277303,0.38652693106155156,0.0,None,12,,,500,0.0,0.0,0.0,0.0,5.0,0.6538498493623963,,
R4,Trending_RandomWalkDrift,0.9909096236610437,0.29102250919486816,0.0,None,125,,,500,,,0.0,0.0,1.3616120799697353,,,-0.43937652867243626
R1,Composite,0.9985745278979234,0.9792961930522893,0.0,12,12,12.0,24.0,500,-0.398345055794904,-2.769053141658399e-05,22.062897687244885,5.541606526240209,1.3264257606442564,,,
R2,Seasonal,0.752839153962434,0.9105058686113758,0.0,12,12,12.0,24.0,500,0.0,0.0,16.9998378229502,10.672323058244118,0.6643403573650574,,,
R3,Stationary_WN,0.23842764013118356,0.09927757880919463,0.0,None,2,,,500,0.0,0.0,0.0,0.0,13.257110531722224,,,
R4,Trending_ExponentialGrowth,0.9985555103230075,0.3035570404429898,0.0,None,24,,,500,,,0.0,0.0,1.2309279818949732,,,
R1,Composite,0.9879825281853241,0.8689148931876811,0.0,48,50,48.0,96.0,500,0.14080750579050183,4.6621074387445286e-05,9.67713587223436,6.537626799372178,0.6992012235455554,,,
R2,Seasonal,0.6445531430328113,0.9316631269745024,0.0,48,50,48.0,96.0,500,0.0,0.0,25.510104277649575,11.330487522351529,1.6963254391005684,,,
R3,Stationary_WN,0.20287610810986723,0.2033063796745136,0.0,None,3,,,500,0.0,0.0,0.0,0.0,14.5674919261338,,,
R4,Trending_RandomWalkDrift,0.9829690358211354,0.5261526583945051,0.0,None,167,,,500,,,0.0,0.0,1.2744205294614726,,,-0.2457810614586058
R1,Composite,0.9983173622131049,0.9720842617323554,0.0,24,24,24.0,48.0,500,-0.3534862790510329,-4.354846504994652e-05,18.243523374532515,5.601780403875349,0.9810544020449397,,,
R2,Seasonal,0.6843068213749242,0.8266927911632216,0.0,24,24,24.0,48.0,500,0.0,0.0,12.746616176483442,10.703298600577487,1.6907795881692163,,,
R3,Stationary_AR,0.11712290922170898,0.2522281769490188,0.0,None,17,,,500,0.0,0.0,0.0,0.0,5.0,0.42905574253377976,,
R4,Trending_ExponentialGrowth,0.9815350073842647,0.31412521223040923,0.0,None,24,,,500,,,0.0,0.0,0.9336375896410406,,,
R1,Composite,0.9928377919451671,0.9510443505237597,0.0,48,50,48.0,96.0,500,-0.20913188407988897,-3.370368833853881e-05,17.04410358546403,6.567463008358322,0.7281213554436787,,,
R2,Seasonal,0.6180543730770232,0.8970128869154442,0.0,48,50,48.0,96.0,500,0.0,0.0,11.603866926836472,6.186210422676249,1.4305187897304878,,,
R3,Stationary_AR,0.0886223313415897,0.28558540347526795,0.0,None,83,,,500,0.0,0.0,0.0,0.0,5.0,0.607657269782496,,
R4,Trending_ExponentialGrowth,0.9967457358741033,0.22098767027622546,0.0,None,24,,,500,,,0.0,0.0,1.464606905269914,,,
R1,Composite,0.9919857191976879,0.9172748958473914,0.0,36,36,36.0,72.0,500,-0.2112636397359398,1.65361931255899e-05,12.348832838723606,6.103501111563137,1.4605758315968522,,,
R2,Seasonal,0.704716577863458,0.960932870978294,0.0,36,36,36.0,72.0,500,0.0,0.0,22.88516361473706,8.491874756136635,1.0289684622602597,,,
R3,Stationary_WN,0.1211554457662144,0.1788599260620114,0.0,None,5,,,500,0.0,0.0,0.0,0.0,5.337165840215557,,,
R4,Trending_ExponentialGrowth,0.9962817887298147,0.2106247862660594,0.0,None,24,,,500,,,0.0,0.0,1.2110323988365777,,,
R1,Composite,0.999217506619438,0.9932164428272868,0.0,12,12,12.0,24.0,500,0.35229804781816776,-3.886646151723416e-05,22.944977455629704,2.2211127641540194,1.2151095980252005,,,
R2,Seasonal,0.044149976028086346,0.9951778896789245,0.0,12,24,12.0,24.0,500,0.0,0.0,10.713022993870764,10.283799750965553,0.8944602099101722,,,
R3,Stationary_AR,0.011504801489884087,0.30100016621377024,0.0,None,100,,,500,0.0,0.0,0.0,0.0,5.0,0.4945343164282393,,
R4,Trending_RandomWalkDrift,0.9983054219174086,0.29748593800099143,0.0,None,24,,,500,,,0.0,0.0,0.8288650614775626,,,-0.4116425931817619
R1,Composite,0.9987724924895922,0.916502641886908,0.0,12,12,12.0,24.0,500,-0.39719526710163056,-3.191441375464789e-05,9.800310746123271,5.843230550287254,0.5462548772674801,,,
R2,Seasonal,0.727141454929145,0.9928248469299722,0.0,12,12,12.0,24.0,500,0.0,0.0,26.917125690696796,4.330440479055454,0.7485731685564314,,,
R3,Stationary_WN,0.1493283861062038,0.09681406316657448,0.0,None,3,,,500,0.0,0.0,0.0,0.0,11.494177097159849,,,
R4,Trending_RandomWalkDrift,0.6465662543878122,0.8039847924832232,0.0,None,250,,,500,,,0.0,0.0,0.9781863252739582,,,0.11947514516633971
R1,Composite,0.9967028910557831,0.9637856578468148,0.0,24,24,24.0,48.0,500,0.35128424578349116,-2.3447616522755277e-05,20.577665581002144,7.276315331143108,0.6519450593365627,,,
R2,Seasonal,0.6114004783697766,0.930441818728451,0.0,24,24,24.0,48.0,500,0.0,0.0,13.459226774439955,5.740609645773607,1.729824197543944,,,
R3,Stationary_WN,0.035031738076476304,0.1495677498731507,0.0,None,15,,,500,0.0,0.0,0.0,0.0,10.9160379711267,,,
R4,Trending_RandomWalkDrift,0.9950695423721624,0.025660999068917834,0.0,None,24,,,500,,,0.0,0.0,1.1812135131091575,,,0.44410998727693485
R1,Composite,0.9979361474797585,0.958216485727427,0.0,12,12,12.0,24.0,500,-0.3939193821270578,-1.8352240333914773e-05,17.955107304224303,7.321958969396883,0.712433704749296,,,
R2,Seasonal,0.716030340252246,0.9605087546084633,0.0,12,12,12.0,24.0,500,0.0,0.0,26.01406502087124,9.694150119385782,1.922828546407438,,,
R3,Stationary_AR,0.17635649800395037,0.29789831093954533,0.0,None,20,,,500,0.0,0.0,0.0,0.0,5.0,0.5216778208251412,,
R4,Trending_RandomWalkDrift,0.9955230370632688,0.8501560478546324,0.0,None,250,,,500,,,0.0,0.0,0.9667223904193253,,,0.49006665979396635
R1,Composite,0.9968080004660015,0.8700957246213677,0.0,36,36,36.0,72.0,500,-0.28417579545642513,3.1958332860217106e-05,8.03151626853121,5.956389887448634,0.5464767508298016,,,
R2,Seasonal,0.615617035449369,0.9713716751038837,0.0,36,36,36.0,72.0,500,0.0,0.0,18.821461003743103,4.901360236684803,1.3877833996007134,,,
R3,Stationary_WN,0.12501163549226413,0.17438951655793822,0.0,None,6,,,500,0.0,0.0,0.0,0.0,6.407848141346404,,,
R4,Trending_MeanShift,0.999930328384824,0.999720913351434,0.0,None,250,,,500,,,0.0,0.0,1.2614537111392277,,250.0,
R1,Composite,0.9970101274879981,0.8738957467725001,0.0,12,12,12.0,24.0,500,-0.2700005338246212,-2.280465598144839e-05,8.192328967004453,5.875153715338856,1.0789333994490944,,,
R2,Seasonal,0.5961205761803768,0.9661583355827484,0.0,12,12,12.0,24.0,500,0.0,0.0,16.406481432150393,4.394882944400098,1.6348011307951331,,,
R3,Stationary_WN,0.18972713786016104,0.24615282364436752,0.0,None,4,,,500,0.0,0.0,0.0,0.0,9.477978802985655,,,
R4,Trending_ExponentialGrowth,0.9989352128655772,0.14893319433741248,0.0,None,24,,,500,,,0.0,0.0,1.2310233941873006,,,
R1,Composite,0.9986482895616955,0.9397309479160293,0.0,48,50,48.0,96.0,500,0.37430512931983984,-2.297755219330655e-05,10.820441524051756,3.8878760479168863,1.1900088445876162,,,
R2,Seasonal,0.6111953203213928,0.9649872936634756,0.0,48,50,48.0,96.0,500,0.0,0.0,26.139656138126625,7.897538049841032,1.4116782291642815,,,
R3,Stationary_WN,0.18888154264825774,0.12446707178151961,0.0,None,3,,,500,0.0,0.0,0.0,0.0,8.72345364716891,,,
R4,Trending_RandomWalkDrift,0.9987202468956641,0.2690633427575968,0.0,None,24,,,500,,,0.0,0.0,0.8698005703357616,,,0.43430465128583173
R1,Composite,0.9980665646893314,0.9795822807407348,0.0,12,12,12.0,24.0,500,-0.26609832964956603,-3.212574705492332e-05,17.638612384369956,4.6771815263565335,0.8044143713785223,,,
R2,Seasonal,0.7421846912844636,0.9941147328010486,0.0,12,12,12.0,24.0,500,0.0,0.0,27.968835251224778,4.21093081920267,0.5368870377532803,,,
R3,Stationary_WN,0.14618666706696049,0.17383475330788511,0.0,None,5,,,500,0.0,0.0,0.0,0.0,13.009246423576982,,,
R4,Trending_RandomWalkDrift,0.9915734567798525,0.15058052928544496,0.0,None,24,,,500,,,0.0,0.0,1.1963371162916299,,,-0.1647354255265001
R1,Composite,0.9969154258992027,0.9083562942041012,0.0,24,24,24.0,48.0,500,-0.3223719194356511,3.984904274902584e-05,10.648416414227318,5.7933910174577985,1.332728825100535,,,
R2,Seasonal,0.6155732954049888,0.9813703038048845,0.0,24,24,24.0,48.0,500,0.0,0.0,21.233436506993456,4.550054130217828,1.352008966324933,,,
R3,Stationary_WN,0.17830415174794312,0.1606299698369258,0.0,None,3,,,500,0.0,0.0,0.0,0.0,6.408621356691979,,,
R4,Trending_RandomWalkDrift,0.9921645172050315,0.7311467866595189,0.0,None,167,,,500,,,0.0,0.0,0.7128170212653043,,,0.3532768000980744
R1,Composite,0.9986751709581999,0.9916292839277355,0.0,36,36,36.0,72.0,500,0.27568644279042487,1.62637223521311e-05,22.96195491673342,3.6211086812838498,0.7096235059229278,,,
R2,Seasonal,0.7092804370150494,0.9346275353891594,0.0,36,36,36.0,72.0,500,0.0,0.0,16.929128574478217,8.39612945370338,0.9717191388786115,,,
R3,Stationary_AR,0.12493466126347264,0.22361109898208587,0.0,None,18,,,500,0.0,0.0,0.0,0.0,5.0,0.41420689999700144,,
R4,Trending_ExponentialGrowth,0.9946106276999191,0.16613025260534375,0.0,None,24,,,500,,,0.0,0.0,0.6194329750669795,,,
R1,Composite,0.9836967737511114,0.9578469651872961,0.0,12,12,12.0,24.0,500,-0.14152970610626242,2.6180977084986362e-05,16.467583972240995,6.535877776626485,1.1081487714730782,,,
R2,Seasonal,0.6614391169745086,0.9771978728225675,0.0,12,12,12.0,24.0,500,0.0,0.0,23.362084374754183,5.791074353451822,1.8750758020954714,,,
R3,Stationary_AR,0.04104082097851014,0.3253885501856396,0.0,None,83,,,500,0.0,0.0,0.0,0.0,5.0,0.6651550395240486,,
R4,Trending_RandomWalkDrift,0.9913638924134678,0.15817600841133272,0.0,None,24,,,500,,,0.0,0.0,1.3462644020267875,,,0.2782868438565894
R1,Composite,0.9987592432552918,0.9459220141266698,0.0,24,24,24.0,48.0,500,-0.39146152879079077,-4.951431425085609e-05,12.255798945895055,4.6683967641606685,1.2514240083621955,,,
R2,Seasonal,0.703007626219536,0.9140149561922799,0.0,24,24,24.0,48.0,500,0.0,0.0,12.095347096462524,6.969068669283504,0.6858076973160637,,,
R3,Stationary_WN,0.10983140189420437,0.14866163631811857,0.0,None,4,,,500,0.0,0.0,0.0,0.0,12.767774263980836,,,
R4,Trending_RandomWalkDrift,0.9885949240947026,0.7111450606032785,0.0,None,167,,,500,,,0.0,0.0,1.2390955168293578,,,-0.15124901978464345
R1,Composite,0.9956063770603472,0.9266365566306263,0.0,36,36,36.0,72.0,500,-0.26407766048337905,4.1142197311708164e-05,11.844972022980265,6.123636223466934,0.6793237540378451,,,
R2,Seasonal,0.6915064738439833,0.9644286904469666,0.0,36,36,36.0,72.0,500,0.0,0.0,20.186124888418348,6.896961455768688,1.2529130886951072,,,
R3,Stationary_WN,0.2291776224752926,0.09875795738692583,0.0,None,2,,,500,0.0,0.0,0.0,0.0,11.147023074170649,,,
R4,Trending_RandomWalkDrift,0.9611490804222885,0.011483194790047668,0.0,None,24,,,500,,,0.0,0.0,0.5352552297060384,,,0.14879826784360733
R1,Composite,0.9931257130079731,0.9682957655026281,0.0,48,50,48.0,96.0,500,-0.27037497401285565,4.5361551945863276e-05,23.07637702917702,5.730992041944948,1.159304395425849,,,
R2,Seasonal,0.5977677333214133,0.9698633422498486,0.0,48,50,48.0,96.0,500,0.0,0.0,16.622170217555023,4.446791035987515,0.7815850042129224,,,
R3,Stationary_AR,0.16084683190602767,0.24400758339025042,0.0,None,14,,,500,0.0,0.0,0.0,0.0,5.0,0.5402546133412184,,
R4,Trending_RandomWalkDrift,0.9957145434271979,0.09492277502654678,0.0,None,24,,,500,,,0.0,0.0,1.3632231790476732,,,0.4127792454269863
R1,Composite,0.9970421287931169,0.968103285978898,0.0,48,50,48.0,96.0,500,-0.358584676386854,4.955433465408699e-05,20.13311371919454,4.861521124156459,1.4041129973790278,,,
R2,Seasonal,0.6523077637040378,0.9561577042689309,0.0,48,50,48.0,96.0,500,0.0,0.0,27.100462122077317,9.744885762742857,1.0726074915129091,,,
R3,Stationary_AR,0.0019659898154218425,0.5096418588687537,0.0,None,167,,,500,0.0,0.0,0.0,0.0,5.0,0.4375904562615351,,
R4,Trending_RandomWalkDrift,0.993143735500973,0.05301951693042328,0.0,None,24,,,500,,,0.0,0.0,0.9988826738866482,,,0.2659459341908719
R1,Composite,0.9925891250045308,0.909475120226667,0.0,12,12,12.0,24.0,500,0.20020087958339444,-4.8592167566328765e-05,9.722654952762056,5.1436904064712525,1.4483210081373845,,,
R2,Seasonal,0.7235266022452338,0.9553422441976338,0.0,12,12,12.0,24.0,500,0.0,0.0,26.527857574283164,10.801554924037948,1.893745218603264,,,
R3,Stationary_AR,0.1897690261492515,0.15954536647241457,0.0,None,12,,,500,0.0,0.0,0.0,0.0,5.0,0.40094611482020676,,
R4,Trending_RandomWalkDrift,0.983595766789361,0.11425343563099,0.0,None,24,,,500,,,0.0,0.0,0.9657443095275956,,,-0.11564189433866541
R1,Composite,0.9938842175095595,0.9147257374594728,0.0,48,50,48.0,96.0,500,-0.2602424619451066,1.5065869926156529e-05,13.19571732608761,6.853067566508982,0.6177300338301944,,,
R2,Seasonal,0.6280654878089289,0.8498443977917899,0.0,48,50,48.0,96.0,500,0.0,0.0,11.01456479522528,7.252525615689657,1.4713389390470624,,,
R3,Stationary_WN,0.08887001465137523,0.21727524299412437,0.0,None,7,,,500,0.0,0.0,0.0,0.0,11.527544986218274,,,
R4,Trending_ExponentialGrowth,0.9932199143997532,0.21563339996685282,0.0,None,24,,,500,,,0.0,0.0,1.0620814385957262,,,
R1,Composite,0.9877311354434128,0.93022384992418,0.0,36,36,36.0,72.0,500,0.15455604420507146,1.1370620167492036e-05,13.423306173302937,6.943404726333398,0.659804063178304,,,
R2,Seasonal,0.6861489103186709,0.9279717788555533,0.0,36,36,36.0,72.0,500,0.0,0.0,22.883683060745152,11.302531540754503,1.9555856141265477,,,
R3,Stationary_WN,0.15610618132927379,0.0954315611379607,0.0,None,3,,,500,0.0,0.0,0.0,0.0,14.477914871077587,,,
R4,Trending_MeanShift,0.9999513818465265,0.9998051391266025,0.0,None,250,,,500,,,0.0,0.0,1.0793402414535724,,250.0,
R1,Composite,0.9942600293768712,0.8976210155706723,0.0,36,36,36.0,72.0,500,0.1881350654300337,2.8318850094900624e-05,9.314561310473737,4.55071887045945,1.4935950709571466,,,
R2,Seasonal,0.6745129646990495,0.8381549155568366,0.0,36,36,36.0,72.0,500,0.0,0.0,10.965027526962366,8.257150601458306,1.6643166558261828,,,
R3,Stationary_AR,0.18535666196403866,0.3488941090857799,0.0,None,36,,,500,0.0,0.0,0.0,0.0,5.0,0.6811374384764359,,
R4,Trending_MeanShift,0.9998873401646705,0.9995507229009383,0.0,None,250,,,500,,,0.0,0.0,0.9250983910573072,,250.0,
R1,Composite,0.9970584150193924,0.8586665118246509,0.0,36,36,36.0,72.0,500,-0.359692780709861,3.6956770864999495e-05,9.373662579714761,7.116328356777054,0.6994316864326828,,,
R2,Seasonal,0.6174854198035924,0.9913129556479855,0.0,36,36,36.0,72.0,500,0.0,0.0,29.843364881628442,4.255413288717066,1.178625197462383,,,
R3,Stationary_WN,0.10457668296487166,0.2530174842171836,0.0,None,7,,,500,0.0,0.0,0.0,0.0,9.982362047691725,,,
R4,Trending_RandomWalkDrift,0.9723463076358144,0.08941009874613093,0.0,None,24,,,500,,,0.0,0.0,1.444604709460922,,,-0.23198966615272465
R1,Composite,0.9736604205842603,0.9674613837892905,0.0,36,36,36.0,72.0,500,0.11323296895269064,-2.5386276050093914e-05,18.895608635299325,6.492726762387747,0.7050755497177219,,,
R2,Seasonal,0.7153395120076239,0.8504313773284021,0.0,36,36,36.0,72.0,500,0.0,0.0,14.68978697512997,11.750433654885192,0.9457649494710583,,,
R3,Stationary_AR,0.19479011208746033,0.30162928775093567,0.0,None,14,,,500,0.0,0.0,0.0,0.0,5.0,0.5651576900629461,,
R4,Trending_MeanShift,0.9999806419768864,0.9999226490499208,0.0,None,250,,,500,,,0.0,0.0,0.7059350797652533,,250.0,
R1,Composite,0.9891442515021547,0.9044396128239273,0.0,48,50,48.0,96.0,500,0.16125847462061849,-2.3831778860954582e-05,10.066018700739715,5.461415772710859,0.8921626390741837,,,
R2,Seasonal,0.2826588910541762,0.9703966609500827,0.0,48,50,48.0,96.0,500,0.0,0.0,29.6853341823889,4.734504155470588,1.9211120809197815,,,
R3,Stationary_WN,0.24131822616315757,0.11310276448351841,0.0,None,2,,,500,0.0,0.0,0.0,0.0,14.392948703507638,,,
R4,Trending_ExponentialGrowth,0.999712211539775,0.25915743847153605,0.0,None,24,,,500,,,0.0,0.0,0.6631043451077989,,,
R1,Composite,0.9929649693735392,0.96228009932285,0.0,48,50,48.0,96.0,500,-0.22314356411341216,-4.616961199518216e-05,21.0272628537854,6.932392026873561,0.5869428563291786,,,
R2,Seasonal,0.5174812483738009,0.9688234064254126,0.0,48,50,48.0,96.0,500,0.0,0.0,21.630777639707865,5.073032170276295,1.4068597176911461,,,
R3,Stationary_AR,0.29646370910970765,0.3133347503817302,0.0,None,11,,,500,0.0,0.0,0.0,0.0,5.0,0.4760257895130934,,
R4,Trending_MeanShift,0.9999734618715383,0.9998939054233708,0.0,None,250,,,500,,,0.0,0.0,0.6518113758436432,,250.0,
R1,Composite,0.99707361444788,0.9768593547424479,0.0,36,36,36.0,72.0,500,0.26220726129487393,3.550443037097822e-05,20.05472177318112,5.098231229087218,1.276317338692831,,,
R2,Seasonal,0.6963354822699361,0.965006510069017,0.0,36,36,36.0,72.0,500,0.0,0.0,28.326510133821586,9.796482665302614,1.5443424728506312,,,
R3,Stationary_AR,0.030033940271058546,0.29233894152496087,0.0,None,83,,,500,0.0,0.0,0.0,0.0,5.0,0.681432152836116,,
R4,Trending_RandomWalkDrift,0.9747019683010525,0.7826464713250757,0.0,None,250,,,500,,,0.0,0.0,1.482231128174186,,,-0.16194553424825858
R1,Composite,0.9990713252756659,0.9942824820095547,0.0,12,12,12.0,24.0,500,-0.28869156544660957,1.2134202855988737e-05,23.187431688645646,2.554778756028286,0.9610974399480452,,,
R2,Seasonal,0.703308112509542,0.9150345610660566,0.0,12,12,12.0,24.0,500,0.0,0.0,13.643186723421461,7.233938199917536,1.544612083650029,,,
R3,Stationary_WN,0.1250758807715262,0.14254893159044157,0.0,None,3,,,500,0.0,0.0,0.0,0.0,7.107227487929954,,,
R4,Trending_RandomWalkDrift,0.9952924058669598,0.08971409591560164,0.0,None,24,,,500,,,0.0,0.0,0.8869919696300417,,,0.2712142588165396
R1,Composite,0.9916066957685941,0.9337320647480628,0.0,12,12,12.0,24.0,500,0.15909835829202051,-4.614498008962816e-05,9.676189394084217,3.7710876985841493,1.3857111938186444,,,
R2,Seasonal,0.7490311850992645,0.9784429610687144,0.0,12,12,12.0,24.0,500,0.0,0.0,21.065982427454017,6.16019517380735,0.5762442709052038,,,
R3,Stationary_WN,0.23443191087018433,0.12427023524314829,0.0,None,2,,,500,0.0,0.0,0.0,0.0,5.684929683442225,,,
R4,Trending_RandomWalkDrift,0.9965313585561453,0.25570460998295075,0.0,None,24,,,500,,,0.0,0.0,1.1555902635139712,,,0.37213854778663347
R1,Composite,0.9976308279578169,0.9412798675607184,0.0,48,50,48.0,96.0,500,-0.3657361349161622,-3.793099565278644e-05,15.134995598923421,6.375928897983995,0.8588341269208938,,,
R2,Seasonal,0.501790773462075,0.9707876838648444,0.0,48,50,48.0,96.0,500,0.0,0.0,28.220008320524247,6.292263652327211,1.9727968519450156,,,
R3,Stationary_WN,0.1524577930751867,0.14225309226017446,0.0,None,3,,,500,0.0,0.0,0.0,0.0,5.500223630081729,,,
R4,Trending_MeanShift,0.9999515369536564,0.999805543421589,0.0,None,250,,,500,,,0.0,0.0,0.626564872603246,,250.0,
R1,Composite,0.9991581774263666,0.9877040680230689,0.0,24,24,24.0,48.0,500,-0.2927789414614793,-2.254641826379532e-05,16.0609488429917,2.968270139274173,0.8050346339505619,,,
R2,Seasonal,0.6773880678064352,0.9670300426094002,0.0,24,24,24.0,48.0,500,0.0,0.0,22.37405664682037,7.045257260064425,1.2671578510239452,,,
R3,Stationary_WN,0.08709451647818456,0.1336880156132222,0.0,None,6,,,500,0.0,0.0,0.0,0.0,11.672351560063188,,,
R4,Trending_MeanShift,0.9997625116289414,0.9990603719906053,0.0,None,250,,,500,,,0.0,0.0,1.0960493699475728,,250.0,
R1,Composite,0.998283644052762,0.9743078207811374,0.0,36,36,36.0,72.0,500,0.2842924386140871,-3.812013824713823e-05,13.743852743624654,3.258002053830106,1.1086643239042835,,,
R2,Seasonal,0.6804014639530048,0.9562366904060824,0.0,36,36,36.0,72.0,500,0.0,0.0,21.87539640830619,8.16451862953916,1.5925219785847053,,,
R3,Stationary_WN,0.08380557263399102,0.1294930488378263,0.0,None,4,,,500,0.0,0.0,0.0,0.0,8.05387412251493,,,
R4,Trending_RandomWalkDrift,0.993117110858706,0.012334097606371719,0.0,None,24,,,500,,,0.0,0.0,0.6832063940899212,,,-0.23581746603524772
R1,Composite,0.9896458918613948,0.9765866532526811,0.0,12,12,12.0,24.0,500,0.13353489825581044,-3.0835849617902215e-05,16.05340724610449,3.900160057518918,1.401607866452968,,,
R2,Seasonal,0.571138507644322,0.9556603100991887,0.0,12,12,12.0,24.0,500,0.0,0.0,14.968572867203804,4.437488881575392,1.837132445593757,,,
R3,Stationary_AR,0.2646094885284985,0.3629162908792467,0.0,None,16,,,500,0.0,0.0,0.0,0.0,5.0,0.6100785083742755,,
R4,Trending_RandomWalkDrift,0.9555840885411486,0.5756037904590441,0.0,None,167,,,500,,,0.0,0.0,0.8003813354198602,,,-0.13060768130041583
R1,Composite,0.9986325453369184,0.9798601286008922,0.0,12,12,12.0,24.0,500,-0.34520694549930503,-2.655584217980098e-05,18.89872995251438,5.134416236802188,0.7889793988946519,,,
R2,Seasonal,0.026052258939073147,0.9908170509235259,0.0,12,24,12.0,24.0,500,0.0,0.0,13.663329771574634,11.949225325777812,1.4143250102289775,,,
R3,Stationary_WN,0.1354526581646447,0.07211373675555133,0.0,None,3,,,500,0.0,0.0,0.0,0.0,14.162391476396714,,,
R4,Trending_RandomWalkDrift,0.9826727017416503,0.2470968135246152,0.0,None,24,,,500,,,0.0,0.0,0.992650472498201,,,-0.17812730742302488
R1,Composite,0.9924947899402007,0.9607959694030191,0.0,48,50,48.0,96.0,500,-0.2746160247232186,2.239784872850145e-05,22.82450441933429,7.24596569937173,1.3275123963581996,,,
R2,Seasonal,0.657988470721922,0.9507308065977498,0.0,48,50,48.0,96.0,500,0.0,0.0,29.855304719748624,11.503452208721612,0.7718109386162981,,,
R3,Stationary_AR,0.0957259042980767,0.2637463422607791,0.0,None,38,,,500,0.0,0.0,0.0,0.0,5.0,0.6364448571077724,,
R4,Trending_ExponentialGrowth,0.9639996677300446,0.18519318269866947,0.0,None,24,,,500,,,0.0,0.0,1.4590304223290622,,,
R1,Composite,0.9755651521125286,0.9694495326219246,0.0,24,24,24.0,48.0,500,0.11631156716225377,-3.283406295818653e-05,18.631698491385087,5.576883687760258,1.257847527337311,,,
R2,Seasonal,0.6898464735625434,0.9915254370196223,0.0,24,24,24.0,48.0,500,0.0,0.0,28.3519702427699,4.702654980561953,0.6853961612547241,,,
R3,Stationary_WN,0.0551780689773782,0.28536598509909317,0.0,None,19,,,500,0.0,0.0,0.0,0.0,7.79962301252363,,,
R4,Trending_RandomWalkDrift,0.9940251424464132,0.2647794428375452,0.0,None,24,,,500,,,0.0,0.0,1.2103342604325706,,,0.31347685079486187
R1,Composite,0.9974704126676062,0.9329250909870281,0.0,12,12,12.0,24.0,500,0.37311670253051765,2.426362630146612e-05,14.687248517867284,7.547139514997324,1.0520570636703468,,,
R2,Seasonal,0.729145341544787,0.9755711798118801,0.0,12,12,12.0,24.0,500,0.0,0.0,20.13288815328345,6.044360064709403,0.9828800674074722,,,
R3,Stationary_AR,0.008579274012299742,0.2833439523276938,0.0,None,125,,,500,0.0,0.0,0.0,0.0,5.0,0.6675624423937063,,
R4,Trending_RandomWalkDrift,0.9980154239224831,0.9221051148187943,0.0,None,250,,,500,,,0.0,0.0,0.8117345708323839,,,0.490604065495188
R1,Composite,0.9754991358731319,0.960487524295238,0.0,48,50,48.0,96.0,500,0.11478683104336944,-4.0764532914164076e-05,15.565482897860825,4.210379079109181,1.2299581634276384,,,
R2,Seasonal,0.6698988671371291,0.9144863172471818,0.0,48,50,48.0,96.0,500,0.0,0.0,18.225841732774406,9.663447291490971,0.681892011190661,,,
R3,Stationary_AR,0.1523957513365023,0.29757072623664205,0.0,None,22,,,500,0.0,0.0,0.0,0.0,5.0,0.5946967095842887,,
R4,Trending_MeanShift,0.9998797138359227,0.9995208241398508,0.0,None,250,,,500,,,0.0,0.0,1.017590317139686,,250.0,
R1,Composite,0.9708619566060963,0.9462720962831199,0.0,36,36,36.0,72.0,500,-0.121439630420232,4.4995274549205526e-05,15.083115923625552,6.408473848963254,1.2351553804155677,,,
R2,Seasonal,0.6303294971049245,0.9432324326170525,0.0,36,36,36.0,72.0,500,0.0,0.0,21.439281137044084,8.505589955600803,1.8790953613502515,,,
R3,Stationary_AR,0.030715180286184807,0.8183882589586433,0.0,None,250,,,500,0.0,0.0,0.0,0.0,5.0,0.6345129380376237,,
R4,Trending_MeanShift,0.9999819118976606,0.9999276268832036,0.0,None,250,,,500,,,0.0,0.0,0.6778583345487965,,250.0,
R1,Composite,0.995856834310637,0.9881354666292703,0.0,12,12,12.0,24.0,500,0.2206168585134743,-3.0145374463343665e-05,24.847509800496532,4.115172157254526,1.3677860413512009,,,
R2,Seasonal,0.7444834781659477,0.9841302872850501,0.0,12,12,12.0,24.0,500,0.0,0.0,24.38404421449354,6.0393699559405025,0.6353780050368403,,,
R3,Stationary_WN,0.19640511402753302,0.14426822942560125,0.0,None,3,,,500,0.0,0.0,0.0,0.0,6.2375827095983,,,
R4,Trending_RandomWalkDrift,0.9458026997345658,0.9458241200183659,0.0,None,250,,,500,,,0.0,0.0,1.4279336330872374,,,0.20650857353163904
R1,Composite,0.9974460493284207,0.9560285623625085,0.0,48,50,48.0,96.0,500,0.34008039715220006,-3.153491725887183e-05,15.753509412084991,5.039138944992087,1.2893571747897346,,,
R2,Seasonal,0.014880159218084499,0.9789599955869691,0.0,48,100,48.0,96.0,500,0.0,0.0,10.634140896093465,9.632047315945982,1.101065207990583,,,
R3,Stationary_WN,0.12608072531980552,0.17412770003013223,0.0,None,3,,,500,0.0,0.0,0.0,0.0,14.11218520916707,,,
R4,Trending_MeanShift,0.9999405268427072,0.9997616423405977,0.0,None,250,,,500,,,0.0,0.0,1.1036763094661994,,250.0,
R1,Composite,0.9958000021869072,0.9305212543860081,0.0,36,36,36.0,72.0,500,-0.2689183391888248,-3.574222212592513e-05,13.957145387521045,6.899063467788598,1.0541819130997094,,,
R2,Seasonal,0.7025098758020487,0.9408156413722827,0.0,36,36,36.0,72.0,500,0.0,0.0,25.792799847700923,11.634504800829728,1.5126348706311674,,,
R3,Stationary_WN,0.22119306182167742,0.14258035838082894,0.0,None,3,,,500,0.0,0.0,0.0,0.0,14.281182701774975,,,
R4,Trending_ExponentialGrowth,0.9976786914011815,0.29762104328604566,0.0,None,24,,,500,,,0.0,0.0,0.574669754753723,,,
R1,Composite,0.9993157983465542,0.974290557909985,0.0,12,12,12.0,24.0,500,-0.3787061667129492,-4.222049686625617e-05,13.067851327229711,3.0533894024811614,1.1792001046258727,,,
R2,Seasonal,0.727253860390288,0.9671777365394248,0.0,12,12,12.0,24.0,500,0.0,0.0,26.079429827833113,8.992413905101962,1.4932315105614196,,,
R3,Stationary_WN,0.12495067864009957,0.1454736817986777,0.0,None,3,,,500,0.0,0.0,0.0,0.0,9.703295760004027,,,
R4,Trending_MeanShift,0.999951710054744,0.9998063851689392,0.0,None,250,,,500,,,0.0,0.0,0.8560072711425815,,250.0,
R1,Composite,0.9970610590048262,0.9929583633929586,0.0,12,12,12.0,24.0,500,-0.15668580223211123,-3.874556723803022e-05,23.388515561451424,2.351577400668799,1.243596917777066,,,
R2,Seasonal,0.7446334186834285,0.9154029748144057,0.0,12,12,12.0,24.0,500,0.0,0.0,16.863289998223244,10.045218243989215,1.1091312824465018,,,
R3,Stationary_AR,0.08236567014600593,0.2235164557145859,0.0,None,24,,,500,0.0,0.0,0.0,0.0,5.0,0.4929822921254315,,
R4,Trending_ExponentialGrowth,0.9985009150910182,0.25611336729473044,0.0,None,24,,,500,,,0.0,0.0,1.0163716103332234,,,
R1,Composite,0.9969463224123563,0.9451166337173336,0.0,24,24,24.0,48.0,500,0.3259282717137212,1.9730498364981372e-05,15.808605904470163,6.564125599318133,1.192072549247459,,,
R2,Seasonal,0.700254953257704,0.9931831499147536,0.0,24,24,24.0,48.0,500,0.0,0.0,29.174275614348907,4.466444515699149,0.5512138913961406,,,
R3,Stationary_WN,0.20919446244147843,0.15816570110294692,0.0,None,3,,,500,0.0,0.0,0.0,0.0,10.03480677362474,,,
R4,Trending_MeanShift,0.9998008685555251,0.9992118995957822,0.0,None,250,,,500,,,0.0,0.0,1.2233149230836404,,250.0,
R1,Composite,0.9991623329410217,0.9851048438584357,0.0,48,50,48.0,96.0,500,0.36575426878192896,-2.413412584465887e-05,16.99676291489466,2.8805567478154144,0.5789063999473444,,,
R2,Seasonal,0.6388189863966478,0.8590238599494693,0.0,48,50,48.0,96.0,500,0.0,0.0,13.99448154338086,8.979091707594334,1.7356869801889503,,,
R3,Stationary_AR,0.23022532756291003,0.290038774871895,0.0,None,19,,,500,0.0,0.0,0.0,0.0,5.0,0.4434737108347205,,
R4,Trending_MeanShift,0.9999606327075721,0.9998415523535739,0.0,None,250,,,500,,,0.0,0.0,0.8585249612136732,,250.0,
R1,Composite,0.9914859213054161,0.9470095935984864,0.0,24,24,24.0,48.0,500,0.1944630560750149,4.708847929886595e-05,17.414499295287587,7.159523155303558,1.2872326589786827,,,
R2,Seasonal,0.5707213040750405,0.9421063384458597,0.0,24,24,24.0,48.0,500,0.0,0.0,12.290115206403037,4.333661026227784,1.6290242014460008,,,
R3,Stationary_WN,0.19487528192112935,0.036756792217919165,0.0,None,2,,,500,0.0,0.0,0.0,0.0,13.398298069496695,,,
R4,Trending_RandomWalkDrift,0.9794740948257199,0.11342781921346556,0.0,None,24,,,500,,,0.0,0.0,0.9882985314038735,,,0.2809805227422201
R1,Composite,0.9981485207802822,0.9039377813839051,0.0,24,24,24.0,48.0,500,0.31893418757077585,1.917771502523519e-05,8.68899560626536,4.983469086558391,0.8773362190148645,,,
R2,Seasonal,0.6435420876370952,0.9643999012331492,0.0,24,24,24.0,48.0,500,0.0,0.0,23.604445929939043,7.446410813604475,1.9080612175295089,,,
R3,Stationary_AR,0.17163103563163618,0.30246457268867044,0.0,None,23,,,500,0.0,0.0,0.0,0.0,5.0,0.5728331281297142,,
R4,Trending_MeanShift,0.9996402926617286,0.9985689912730872,0.0,None,250,,,500,,,0.0,0.0,1.2174818113667656,,250.0,
R1,Composite,0.9929222264503881,0.8913517095941104,0.0,36,36,36.0,72.0,500,-0.2240153719178104,1.443295547708702e-05,10.793246730666382,7.061245482874502,0.6633161470648733,,,
R2,Seasonal,0.6799147500683196,0.9611983327592803,0.0,36,36,36.0,72.0,500,0.0,0.0,20.94379690882964,7.386132498987896,1.247094093653064,,,
R3,Stationary_AR,0.11213391775877646,0.287279895428453,0.0,None,33,,,500,0.0,0.0,0.0,0.0,5.0,0.607238029183699,,
R4,Trending_ExponentialGrowth,0.9982187282921606,0.1633152153176951,0.0,None,24,,,500,,,0.0,0.0,0.7600875832568651,,,
R1,Composite,0.9968390152886494,0.9667212876719906,0.0,48,50,48.0,96.0,500,0.327355619217437,-2.381336778278247e-05,19.648874052924516,4.025306270042295,0.5204493920529495,,,
R2,Seasonal,0.6493137463122003,0.928003429869208,0.0,48,50,48.0,96.0,500,0.0,0.0,20.087485044874207,9.145834355843768,1.3022546250190294,,,
R3,Stationary_AR,0.3369325166011361,0.23624518061162036,0.0,None,11,,,500,0.0,0.0,0.0,0.0,5.0,0.4628853439107964,,
R4,Trending_MeanShift,0.9999802997567138,0.9999211867787513,0.0,None,250,,,500,,,0.0,0.0,0.6148960471275399,,250.0,
R1,Composite,0.9829293806675781,0.9628298996405277,0.0,24,24,24.0,48.0,500,0.14882432857838473,1.93174127711354e-05,22.09050262574349,7.667374565218526,1.297488287927424,,,
R2,Seasonal,0.6167904575306278,0.9744611159967551,0.0,24,24,24.0,48.0,500,0.0,0.0,27.249346248546743,6.759890559790792,1.8472521178819574,,,
R3,Stationary_WN,0.21524548820369238,0.15675999672494534,0.0,None,2,,,500,0.0,0.0,0.0,0.0,8.824551212856575,,,
R4,Trending_MeanShift,0.9999589582095809,0.9998361567250851,0.0,None,250,,,500,,,0.0,0.0,0.8979637417925344,,250.0,
R1,Composite,0.9975221212382783,0.9344915515991405,0.0,24,24,24.0,48.0,500,0.2881412314502395,3.1893161652260935e-05,11.516845133297103,5.642307725197979,0.6474524088239334,,,
R2,Seasonal,0.5725401519645422,0.960318729412593,0.0,24,24,24.0,48.0,500,0.0,0.0,17.33599438864274,5.00753416724024,1.9498611624759157,,,
R3,Stationary_AR,0.07696778214529931,0.27753295581061443,0.0,None,18,,,500,0.0,0.0,0.0,0.0,5.0,0.46405121338985456,,
R4,Trending_ExponentialGrowth,0.9995829833037171,0.25861968349059583,0.0,None,24,,,500,,,0.0,0.0,0.6950583469146736,,,
R1,Composite,0.9962868406247479,0.9754609950380104,0.0,12,12,12.0,24.0,500,0.25120435203409935,-1.1660774379087596e-05,19.329796683771413,5.411135294620949,1.2085395721025711,,,
R2,Seasonal,0.7402241786471107,0.9828910864044228,0.0,12,12,12.0,24.0,500,0.0,0.0,18.799386270728668,4.827047427028651,0.6472379965521753,,,
R3,Stationary_AR,0.23031647021092427,0.27594925601508646,0.0,None,21,,,500,0.0,0.0,0.0,0.0,5.0,0.5259586687036253,,
R4,Trending_RandomWalkDrift,0.9909739712464665,0.7020726705027599,0.0,None,250,,,500,,,0.0,0.0,0.6906463831251366,,,-0.49085691156568556
R1,Composite,0.9966744202526006,0.9172576013191766,0.0,48,50,48.0,96.0,500,0.38155273643019993,3.637585505081026e-05,15.637000496222594,7.810123374811267,1.3841584554927873,,,
R2,Seasonal,0.6665551754968553,0.9209682523540823,0.0,48,50,48.0,96.0,500,0.0,0.0,20.114229316725815,10.136579701317515,0.904399385650529,,,
R3,Stationary_AR,0.0,0.7642367296025452,0.0,None,250,,,500,0.0,0.0,0.0,0.0,5.0,0.5076212114235901,,
R4,Trending_ExponentialGrowth,0.9873581629051077,0.2850774068994567,0.0,None,24,,,500,,,0.0,0.0,1.4034252427763017,,,
R1,Composite,0.9968578742773255,0.9691245473023548,0.0,48,50,48.0,96.0,500,-0.29248296814120806,3.5208870168809776e-05,17.50292209323343,5.114286127073916,0.6030269786305459,,,
R2,Seasonal,0.6360742735761427,0.9322497137988986,0.0,48,50,48.0,96.0,500,0.0,0.0,22.78200002198271,9.977024139367826,1.7676200658157875,,,
R3,Stationary_AR,0.3623729424773461,0.3993502663777905,0.0,None,17,,,500,0.0,0.0,0.0,0.0,5.0,0.6540205722946342,,
R4,Trending_ExponentialGrowth,0.9978236264146055,0.24201417868106423,0.0,None,24,,,500,,,0.0,0.0,0.8408826137824448,,,
R1,Composite,0.9690150733284362,0.8863934452492875,0.0,36,36,36.0,72.0,500,0.11281012413903874,-3.196673069962732e-05,10.201110165008732,6.10674049224408,1.4120477500591178,,,
R2,Seasonal,0.6515075791492544,0.9692072127177266,0.0,36,36,36.0,72.0,500,0.0,0.0,18.942752721183645,5.6797678985460305,1.5439223629975252,,,
R3,Stationary_WN,0.050625268977228965,0.269136346110586,0.0,None,17,,,500,0.0,0.0,0.0,0.0,9.751145557535427,,,
R4,Trending_ExponentialGrowth,0.998078385238389,0.22309085469186662,0.0,None,24,,,500,,,0.0,0.0,1.067232047098595,,,
R1,Composite,0.9770909841736984,0.9786682369161527,0.0,48,50,48.0,96.0,500,0.11826836238426801,-2.355260470112278e-05,23.258189582748074,4.835915340263998,0.9963469162375165,,,
R2,Seasonal,0.5965519000510708,0.9645146544553104,0.0,48,50,48.0,96.0,500,0.0,0.0,29.24028925166153,8.440096963808678,1.7537985558215372,,,
R3,Stationary_WN,0.030694338504360763,0.15054806104029406,0.0,None,5,,,500,0.0,0.0,0.0,0.0,5.2392335252570685,,,
R4,Trending_MeanShift,0.9999545907154126,0.9998188746467163,0.0,None,250,,,500,,,0.0,0.0,0.7414598502544182,,250.0,
R1,Composite,0.9973649523679796,0.9735934543894378,0.0,48,50,48.0,96.0,500,0.3894620397987053,-2.9765348509700086e-05,24.098811114234188,6.313279198732282,0.8484677964703808,,,
R2,Seasonal,0.6371729494643197,0.9673879430649058,0.0,48,50,48.0,96.0,500,0.0,0.0,22.21568007626313,6.708250264206319,0.5188386753942227,,,
R3,Stationary_AR,0.006534519798709781,0.3342784694459401,0.0,None,83,,,500,0.0,0.0,0.0,0.0,5.0,0.5460085172233022,,
R4,Trending_RandomWalkDrift,0.9965400516242298,0.8618943050723704,0.0,None,250,,,500,,,0.0,0.0,0.5692680225019012,,,0.31929053809137803
R1,Composite,0.9846204063890119,0.8866934729894131,0.0,36,36,36.0,72.0,500,0.10197465015972754,4.077432602962226e-05,8.785627832197548,5.41855366953895,1.0167442646853213,,,
R2,Seasonal,0.6997337140890711,0.9567281091534088,0.0,36,36,36.0,72.0,500,0.0,0.0,26.76914724634552,10.320765754686775,1.4377822305818675,,,
R3,Stationary_AR,0.03850585324701428,0.34546479162680843,0.0,None,62,,,500,0.0,0.0,0.0,0.0,5.0,0.5527580725174666,,
R4,Trending_MeanShift,0.9998362602335171,0.9993462107367582,0.0,None,250,,,500,,,0.0,0.0,0.8856887148123201,,250.0,
R1,Composite,0.995736379046775,0.9831477321057779,0.0,48,50,48.0,96.0,500,-0.24421061487944315,1.4430138193578213e-05,23.976809088413386,2.9190841889275605,1.2911149345520347,,,
R2,Seasonal,0.65146166331352,0.9333921434519801,0.0,48,50,48.0,96.0,500,0.0,0.0,19.856748680079136,8.925985749432108,1.135776902547355,,,
R3,Stationary_WN,0.13824428238728825,0.26111376464607805,0.0,None,5,,,500,0.0,0.0,0.0,0.0,13.72655954569733,,,
R4,Trending_MeanShift,0.9999276710744319,0.9997104880504524,0.0,None,250,,,500,,,0.0,0.0,1.14747164577189,,250.0,
R1,Composite,0.9919505509643111,0.9725028248976315,0.0,12,12,12.0,24.0,500,0.1638681408717403,4.093409145714008e-05,20.26850910607706,6.5949382687647535,0.8256363028752626,,,
R2,Seasonal,0.7512960867896861,0.9378864158747098,0.0,12,12,12.0,24.0,500,0.0,0.0,17.932843300146573,9.236190142880812,0.7717911384096525,,,
R3,Stationary_AR,0.2351702502195976,0.23847137663023898,0.0,None,15,,,500,0.0,0.0,0.0,0.0,5.0,0.5483689794356028,,
R4,Trending_RandomWalkDrift,0.9783783598184899,0.6350268678517278,0.0,None,167,,,500,,,0.0,0.0,0.5017833416718359,,,0.34912324923875326
R1,Composite,0.9995638519465538,0.988578677223658,0.0,24,24,24.0,48.0,500,0.3478423628030062,-1.0171748184506996e-05,13.523130661577662,2.12304373584713,0.6903810392725744,,,
R2,Seasonal,0.6658823777664173,0.9782660936049139,0.0,24,24,24.0,48.0,500,0.0,0.0,18.010006172635695,4.583453690774312,0.9732592948560448,,,
R3,Stationary_AR,0.04709026135669059,0.4255322655669702,0.0,None,167,,,500,0.0,0.0,0.0,0.0,5.0,0.6866504487715663,,
R4,Trending_RandomWalkDrift,0.9982601649236659,0.11167120099787464,0.0,None,24,,,500,,,0.0,0.0,1.360532852095392,,,0.4950339984396678
R1,Composite,0.9982906722200718,0.9834166147359958,0.0,36,36,36.0,72.0,500,-0.2851889252656318,-4.467071782996283e-05,20.123753823707496,4.174859099564419,1.0954009886170617,,,
R2,Seasonal,0.7001811346179119,0.8642304494646242,0.0,36,36,36.0,72.0,500,0.0,0.0,11.207485103036298,8.240144203071903,1.1998312594465057,,,
R3,Stationary_AR,0.08777514223971739,0.30332150466213414,0.0,None,29,,,500,0.0,0.0,0.0,0.0,5.0,0.4224524281839778,,
R4,Trending_ExponentialGrowth,0.9811991946326584,0.19326811040342007,0.0,None,24,,,500,,,0.0,0.0,0.9795084082089972,,,
R1,Composite,0.9994262332855776,0.9670922006202022,0.0,48,50,48.0,96.0,500,-0.3696147949536902,-4.327681045994633e-05,10.370058500219935,2.485628814867714,0.7500080574090111,,,
R2,Seasonal,0.5931726008689586,0.95051996394228,0.0,48,50,48.0,96.0,500,0.0,0.0,25.64771027778325,8.76443727083559,1.9042892230180986,,,
R3,Stationary_AR,0.04641280660238378,0.4006081607635733,0.0,None,83,,,500,0.0,0.0,0.0,0.0,5.0,0.43824578970262834,,
R4,Trending_MeanShift,0.9999780372589296,0.9999121193190689,0.0,None,250,,,500,,,0.0,0.0,0.6858811913805938,,250.0,
R1,Composite,0.9901188106452952,0.9758982127207247,0.0,24,24,24.0,48.0,500,-0.18146281311011064,-2.1285629753765862e-05,24.8339263717508,7.024546271951521,1.1298560738768666,,,
R2,Seasonal,0.6998499940057625,0.9487963315642796,0.0,24,24,24.0,48.0,500,0.0,0.0,19.037952416908485,8.173882113157955,0.9307627598160683,,,
R3,Stationary_AR,0.17586417821067513,0.3003015264037593,0.0,None,21,,,500,0.0,0.0,0.0,0.0,5.0,0.5035921726665312,,
R4,Trending_ExponentialGrowth,0.9995622937989727,0.24249626697213467,0.0,None,24,,,500,,,0.0,0.0,0.5433164904533351,,,
R1,Composite,0.9937656378794757,0.9734361192307924,0.0,24,24,24.0,48.0,500,-0.2637454238793856,3.055437370469437e-05,24.133256767475757,7.238551916872508,0.869110133337894,,,
R2,Seasonal,0.6922561879610042,0.9391176549015673,0.0,24,24,24.0,48.0,500,0.0,0.0,24.898073930883225,11.540031150362333,1.5805225996981922,,,
R3,Stationary_AR,0.1681300055388475,0.17130646273326866,0.0,None,33,,,500,0.0,0.0,0.0,0.0,5.0,0.6334217785564634,,
R4,Trending_MeanShift,0.9999217504196378,0.9996872008081807,0.0,None,250,,,500,,,0.0,0.0,1.049369438392243,,250.0,
R1,Composite,0.9932396899684153,0.9836355076056542,0.0,12,12,12.0,24.0,500,-0.14532535824362902,1.071941491531462e-05,18.458176877857547,2.4553811931368723,1.301609487336398,,,
R2,Seasonal,0.7502424941399175,0.8612006213623107,0.0,12,12,12.0,24.0,500,0.0,0.0,12.430498539593337,9.995411721482387,0.7683505476282819,,,
R3,Stationary_WN,0.03664136610826041,0.2827072064388656,0.0,None,31,,,500,0.0,0.0,0.0,0.0,9.670542694267912,,,
R4,Trending_ExponentialGrowth,0.9976952392105034,0.2224817669870931,0.0,None,24,,,500,,,0.0,0.0,1.3341192619966384,,,
R1,Composite,0.9939177769969917,0.9419472159796121,0.0,12,12,12.0,24.0,500,-0.1832909318513894,-2.8034956192341204e-05,12.698444286798999,5.877725068297627,1.0672133556785603,,,
R2,Seasonal,0.727632708449333,0.9304568025919862,0.0,12,12,12.0,24.0,500,0.0,0.0,23.219387918514595,11.844727630021449,1.9330128982642747,,,
R3,Stationary_AR,0.178478235389803,0.27067614909629223,0.0,None,28,,,500,0.0,0.0,0.0,0.0,5.0,0.5066920233462949,,
R4,Trending_MeanShift,0.9999211582657228,0.999685887514897,0.0,None,250,,,500,,,0.0,0.0,1.3663132222112202,,250.0,
R1,Composite,0.9991794093652736,0.9912158426951665,0.0,24,24,24.0,48.0,500,0.3823831673307414,-4.377360294116764e-05,22.323713882965798,3.7616952479182704,0.5811919771626135,,,
R2,Seasonal,0.6863216518596746,0.9482113124573947,0.0,24,24,24.0,48.0,500,0.0,0.0,22.00288778411295,9.343981138663153,1.473979693280368,,,
R3,Stationary_AR,0.2682242017320411,0.25030535905666396,0.0,None,24,,,500,0.0,0.0,0.0,0.0,5.0,0.6605074734143948,,
R4,Trending_MeanShift,0.99991217434228,0.9996489068594174,0.0,None,250,,,500,,,0.0,0.0,1.3824027092246176,,250.0,
R1,Composite,0.9956507949457812,0.958433442816709,0.0,48,50,48.0,96.0,500,-0.14899335057313434,-4.418570975380904e-05,11.046177296784919,2.3339701800557426,1.276808633912895,,,
R2,Seasonal,0.6113334288315152,0.9747506733310578,0.0,48,50,48.0,96.0,500,0.0,0.0,27.39430951258725,6.9069896575791585,0.8498686546357239,,,
R3,Stationary_AR,0.11911448376249234,0.32835750598262325,0.0,None,23,,,500,0.0,0.0,0.0,0.0,5.0,0.5153700227215953,,
R4,Trending_MeanShift,0.999913239774668,0.9996537630392928,0.0,None,250,,,500,,,0.0,0.0,0.989617222701217,,250.0,
R1,Composite,0.997548934221335,0.8791553810496182,0.0,48,50,48.0,96.0,500,0.3690158038656265,-2.0611602428721847e-05,9.939397469296162,5.798972232785875,1.23353066579904,,,
R2,Seasonal,0.5067776941363862,0.9713500182065826,0.0,48,50,48.0,96.0,500,0.0,0.0,21.4658732112633,4.6828139142411,1.791341989644568,,,
R3,Stationary_WN,0.10590725421349156,0.26765531759948435,0.0,None,7,,,500,0.0,0.0,0.0,0.0,7.644289388272696,,,
R4,Trending_ExponentialGrowth,0.9854124991192262,0.3021131801683685,0.0,None,24,,,500,,,0.0,0.0,1.2126765616851276,,,
R1,Composite,0.995245007196,0.9857423400419825,0.0,24,24,24.0,48.0,500,-0.2081725736111155,-1.1572595435212875e-05,24.993779230226977,5.261953272754973,0.9610176142864197,,,
R2,Seasonal,0.692496632818169,0.8349043284149229,0.0,24,24,24.0,48.0,500,0.0,0.0,14.215107548629483,11.793198513464343,1.6246865563301889,,,
R3,Stationary_AR,0.03413067714537321,0.31827857415482486,0.0,None,38,,,500,0.0,0.0,0.0,0.0,5.0,0.5295607062587553,,
R4,Trending_MeanShift,0.9999750140562419,0.9999000581171257,0.0,None,250,,,500,,,0.0,0.0,0.6539958323147042,,250.0,
R1,Composite,0.9912906661603325,0.9398089385889562,0.0,48,50,48.0,96.0,500,-0.21061833504674796,3.2177701972671994e-05,14.566738135506224,6.13769632392718,0.8217136922275421,,,
R2,Seasonal,0.6544064080916008,0.919631314191267,0.0,48,50,48.0,96.0,500,0.0,0.0,22.276948994136276,11.14856094262246,1.9412338801475035,,,
R3,Stationary_WN,0.2019826744143588,0.1032011091165066,0.0,None,3,,,500,0.0,0.0,0.0,0.0,7.671033007070877,,,
R4,Trending_ExponentialGrowth,0.9986242251451913,0.247391106834424,0.0,None,24,,,500,,,0.0,0.0,0.8351186003422646,,,
R1,Composite,0.9953228306510268,0.9947900576258001,0.0,36,36,36.0,72.0,500,0.14768512072030904,-3.854529514001096e-05,24.805765142867003,2.8832951213485973,0.6846572243108292,,,
R2,Seasonal,0.6624822425365996,0.8423938677904628,0.0,36,36,36.0,72.0,500,0.0,0.0,10.88606940498947,8.129589577670881,1.8245397391420024,,,
R3,Stationary_WN,0.001173149903893278,0.5375855249263446,0.0,None,167,,,500,0.0,0.0,0.0,0.0,12.739657434974763,,,
R4,Trending_MeanShift,0.9999512487045424,0.9998037965997386,0.0,None,250,,,500,,,0.0,0.0,0.512800083232593,,250.0,
R1,Composite,0.9983176392624717,0.9859707287654945,0.0,36,36,36.0,72.0,500,-0.27395835283209674,-4.655923941613915e-05,21.00418702998485,4.665797348934764,0.5954528681380559,,,
R2,Seasonal,0.6926727159218978,0.9064192915084976,0.0,36,36,36.0,72.0,500,0.0,0.0,12.639898956312942,7.389826135644016,1.1074170250934185,,,
R3,Stationary_WN,0.09188961285872588,0.20136227381279082,0.0,None,9,,,500,0.0,0.0,0.0,0.0,10.78084773065287,,,
R4,Trending_ExponentialGrowth,0.9940879453779702,0.24750275858517135,0.0,None,24,,,500,,,0.0,0.0,0.9140957758956936,,,
R1,Composite,0.9981251413320431,0.8853724901013738,0.0,12,12,12.0,24.0,500,0.34274656332277753,3.212041269679717e-05,8.889466566248483,6.150234729096419,0.8167127064431225,,,
R2,Seasonal,0.738548811137028,0.9538692624276254,0.0,12,12,12.0,24.0,500,0.0,0.0,17.295059830080703,7.3900675805947165,0.9565703964450692,,,
R3,Stationary_AR,0.24916210175669995,0.2658181038778227,0.0,None,19,,,500,0.0,0.0,0.0,0.0,5.0,0.6443293939927267,,
R4,Trending_ExponentialGrowth,0.9977123621547861,0.18056626793279695,0.0,None,24,,,500,,,0.0,0.0,1.2597366090621789,,,
R1,Composite,0.9919333865993981,0.9704693153133156,0.0,24,24,24.0,48.0,500,-0.17168043887532475,-3.587008680972302e-05,19.86167176711891,6.467367046387092,0.5975322462188697,,,
R2,Seasonal,0.6492261251459459,0.9745522226292795,0.0,24,24,24.0,48.0,500,0.0,0.0,16.570340860032985,4.3955872631752495,1.123530025875093,,,
R3,Stationary_AR,0.1781562571322246,0.28993941732068484,0.0,None,20,,,500,0.0,0.0,0.0,0.0,5.0,0.47845561669066006,,
R4,Trending_RandomWalkDrift,0.9975964529140042,0.2252961278255039,0.0,None,24,,,500,,,0.0,0.0,0.6221428274291687,,,0.21549802253800743
R1,Composite,0.9948920381232695,0.9549895253058707,0.0,24,24,24.0,48.0,500,-0.17917718280984685,-2.489851844564904e-05,12.771783862022716,4.852911313062681,0.899683923374624,,,
R2,Seasonal,0.7058471320100627,0.9600143072500344,0.0,24,24,24.0,48.0,500,0.0,0.0,25.74810802201446,9.659047467220793,0.8801355498062992,,,
R3,Stationary_AR,0.06320077596394325,0.31485776944307886,0.0,None,50,,,500,0.0,0.0,0.0,0.0,5.0,0.589673626370889,,
R4,Trending_ExponentialGrowth,0.9897232614639233,0.2061119967203786,0.0,None,24,,,500,,,0.0,0.0,0.7793415715730876,,,
R1,Composite,0.9963311119806952,0.9313368526333299,0.0,24,24,24.0,48.0,500,-0.28496733307871885,-2.1672256604413104e-05,13.319939351747617,6.092530075266351,1.470551549213233,,,
R2,Seasonal,0.7044957796309825,0.9403015971884681,0.0,24,24,24.0,48.0,500,0.0,0.0,13.481625138382881,6.394753439820634,0.6150929093955821,,,
R3,Stationary_WN,0.176117831974537,0.10177549235627148,0.0,None,3,,,500,0.0,0.0,0.0,0.0,10.516374319343216,,,
R4,Trending_ExponentialGrowth,0.9968026565956196,0.29373166817625884,0.0,None,24,,,500,,,0.0,0.0,1.140383681178386,,,
R1,Composite,0.9966768885189813,0.9714064103353947,0.0,24,24,24.0,48.0,500,0.3296482443132809,4.028782469098123e-05,23.980427663996164,7.3875570480070785,0.8974918577316494,,,
R2,Seasonal,0.7035289750654863,0.9344338826487272,0.0,24,24,24.0,48.0,500,0.0,0.0,21.27728501949222,10.440723325955258,1.0305884358010438,,,
R3,Stationary_AR,0.13412453486152764,0.3182374664103734,0.0,None,38,,,500,0.0,0.0,0.0,0.0,5.0,0.6668304979050264,,
R4,Trending_MeanShift,0.9999904537868161,0.9999618330469288,0.0,None,250,,,500,,,0.0,0.0,0.5771425807612036,,250.0,
R1,Composite,0.9922427758272039,0.9863149187862269,0.0,36,36,36.0,72.0,500,0.18456747732220535,-4.8757034319468905e-05,24.660425834337634,5.365175069461991,0.9135159226862224,,,
R2,Seasonal,0.6638545207509727,0.9528130469986436,0.0,36,36,36.0,72.0,500,0.0,0.0,14.295120471109549,5.332885660045934,1.1299311722093386,,,
R3,Stationary_WN,0.11023789889454572,0.18062865726487787,0.0,None,5,,,500,0.0,0.0,0.0,0.0,9.070865180148243,,,
R4,Trending_ExponentialGrowth,0.9868623423415527,0.1540361227526813,0.0,None,24,,,500,,,0.0,0.0,0.6724424484948576,,,
R1,Composite,0.9868734017287553,0.9769659502315824,0.0,48,50,48.0,96.0,500,-0.16108730390224316,4.308204378441719e-05,20.92135667420196,3.917918324601981,1.307838589292173,,,
R2,Seasonal,0.6722606823548858,0.8718370438210192,0.0,48,50,48.0,96.0,500,0.0,0.0,14.951748331962811,10.015805866884431,0.8932665193424889,,,
R3,Stationary_WN,0.21125297492321116,0.1081822638227764,0.0,None,3,,,500,0.0,0.0,0.0,0.0,6.1834423551956075,,,
R4,Trending_MeanShift,0.9999280366333276,0.9997131788857936,0.0,None,250,,,500,,,0.0,0.0,0.5874091251252552,,250.0,
R1,Composite,0.9760392118893191,0.9688474303175063,0.0,48,50,48.0,96.0,500,-0.12666426765514474,-1.2406179436028877e-05,23.459220517148875,6.830407855657176,0.5673471629133234,,,
R2,Seasonal,0.33324426837925203,0.9652893728167227,0.0,48,50,48.0,96.0,500,0.0,0.0,27.045782424995668,5.600868885913915,1.4433068941267422,,,
R3,Stationary_AR,0.02351675965785338,0.29302829875138514,0.0,None,45,,,500,0.0,0.0,0.0,0.0,5.0,0.44635182016073016,,
R4,Trending_MeanShift,0.9999911717987328,0.9999646252223213,0.0,None,250,,,500,,,0.0,0.0,0.5011546348587809,,250.0,
R1,Composite,0.9980628702105757,0.9550050625242047,0.0,12,12,12.0,24.0,500,0.3649622963116842,4.667632736352539e-05,16.01694852947472,6.899536058830012,0.531370670718099,,,
R2,Seasonal,0.7354952535813324,0.9399858571275861,0.0,12,12,12.0,24.0,500,0.0,0.0,14.697147672888754,7.258993898321797,0.8937237162518726,,,
R3,Stationary_AR,0.03030498376405988,0.35151903584973665,0.0,None,100,,,500,0.0,0.0,0.0,0.0,5.0,0.5634747801321192,,
R4,Trending_ExponentialGrowth,0.9989756708250083,0.16705053125718405,0.0,None,24,,,500,,,0.0,0.0,1.273262534735591,,,
R1,Composite,0.9989344964853386,0.9935688342918099,0.0,12,12,12.0,24.0,500,-0.30069300443866226,1.3665596866607902e-05,24.37995965055643,3.6915065085849865,0.6134197156376879,,,
R2,Seasonal,0.6431265947932444,0.9622919414197824,0.0,12,12,12.0,24.0,500,0.0,0.0,15.554888217486283,4.723011740024917,1.6346446996434012,,,
R3,Stationary_AR,0.11519407730854359,0.2543278732585169,0.0,None,23,,,500,0.0,0.0,0.0,0.0,5.0,0.59607819386776,,
R4,Trending_ExponentialGrowth,0.9928336096754704,0.25536813036901174,0.0,None,24,,,500,,,0.0,0.0,1.1276686619468967,,,
R1,Composite,0.9990424870149557,0.978714154658182,0.0,48,50,48.0,96.0,500,-0.37872787701769073,-1.9750215109336348e-05,16.545572982602234,2.0011954683590316,1.2690820603364497,,,
R2,Seasonal,0.637182764731439,0.9699298717829986,0.0,48,50,48.0,96.0,500,0.0,0.0,25.618048882240103,7.430313466243211,0.6456074410567174,,,
R3,Stationary_AR,0.09770820130882452,0.19779982966148835,0.0,None,17,,,500,0.0,0.0,0.0,0.0,5.0,0.43316841884123947,,
R4,Trending_RandomWalkDrift,0.9967180453825407,0.23756675282422213,0.0,None,24,,,500,,,0.0,0.0,0.8057350846350929,,,0.35852772113644826
R1,Composite,0.9966909412046211,0.9304295945344652,0.0,36,36,36.0,72.0,500,-0.35199381174953714,1.4979569195318174e-05,14.870375567279414,7.623589078631096,0.6698401975807965,,,
R2,Seasonal,0.7039554178811163,0.9369435418614422,0.0,36,36,36.0,72.0,500,0.0,0.0,18.72949546876432,8.93920380257461,1.1137332737309316,,,
R3,Stationary_AR,0.16971167794838848,0.3233149418259049,0.0,None,26,,,500,0.0,0.0,0.0,0.0,5.0,0.6423062772145305,,
R4,Trending_ExponentialGrowth,0.9975738713789604,0.24766737846516784,0.0,None,24,,,500,,,0.0,0.0,0.8916046291653079,,,
R1,Composite,0.9965450603259787,0.9694616348682249,0.0,36,36,36.0,72.0,500,0.19939889056441112,2.8541607755335827e-05,14.459395862357606,3.6343786140516037,1.2480231594460909,,,
R2,Seasonal,0.6563425328479807,0.9315804595125411,0.0,36,36,36.0,72.0,500,0.0,0.0,14.730923355494088,6.708039637045514,1.6999739675008847,,,
R3,Stationary_AR,0.12042116123755942,0.27288575005880567,0.0,None,28,,,500,0.0,0.0,0.0,0.0,5.0,0.4883089178635327,,
R4,Trending_MeanShift,0.9999485901627785,0.9997946906569716,0.0,None,250,,,500,,,0.0,0.0,1.303168606705301,,250.0,
R1,Composite,0.9986367462476892,0.9551812977320625,0.0,12,12,12.0,24.0,500,-0.3815154745803446,-1.1690002441434758e-05,13.479453158240338,5.790153229546791,0.509738033820673,,,
R2,Seasonal,0.6856403507720521,0.9588067487146488,0.0,12,12,12.0,24.0,500,0.0,0.0,21.232101501677985,7.40277489716989,1.9828091853732055,,,
R3,Stationary_AR,0.18662102987480667,0.31666963344540655,0.0,None,22,,,500,0.0,0.0,0.0,0.0,5.0,0.48632486602226366,,
R4,Trending_RandomWalkDrift,0.9973851085083603,0.08046396178139503,0.0,None,24,,,500,,,0.0,0.0,1.012973880069677,,,0.21487264475113435
R1,Composite,0.9977323620940183,0.977712108738614,0.0,36,36,36.0,72.0,500,0.33246594999714496,-3.623173908065591e-05,20.205159903580956,5.484005007922573,0.9482375201021044,,,
R2,Seasonal,0.7057277802586648,0.9394396297522182,0.0,36,36,36.0,72.0,500,0.0,0.0,21.25007579718553,10.125939804594168,1.119659782114786,,,
R3,Stationary_AR,0.13374649278353967,0.1348861853979636,0.0,None,14,,,500,0.0,0.0,0.0,0.0,5.0,0.4987645036687879,,
R4,Trending_ExponentialGrowth,0.9923668379864854,0.24784206001184195,0.0,None,24,,,500,,,0.0,0.0,0.8598564716195622,,,
R1,Composite,0.996572308800088,0.9771800344276024,0.0,12,12,12.0,24.0,500,0.2568061199028182,2.5937437830296465e-05,21.217764673980504,5.557401179800269,1.487398388899322,,,
R2,Seasonal,0.7487663972315911,0.9046599738029364,0.0,12,12,12.0,24.0,500,0.0,0.0,18.366142386182926,11.760166677667925,1.0537254358414314,,,
R3,Stationary_AR,0.00880300117247279,0.7429514444976042,0.0,None,250,,,500,0.0,0.0,0.0,0.0,5.0,0.5226284672639103,,
R4,Trending_ExponentialGrowth,0.9993841012073975,0.1613375297758417,0.0,None,24,,,500,,,0.0,0.0,0.9548573261594282,,,
R1,Composite,0.9948280944460192,0.9586868697363896,0.0,24,24,24.0,48.0,500,0.2771108729590367,-2.5284444383797755e-05,18.498783558954464,6.930693408042529,1.2360106358593341,,,
R2,Seasonal,0.5968808617210679,0.9221136096406818,0.0,24,24,24.0,48.0,500,0.0,0.0,12.1346295212986,5.268846711166856,1.48026479711657,,,
R3,Stationary_WN,0.16313353415344256,0.1480001921110352,0.0,None,2,,,500,0.0,0.0,0.0,0.0,13.188005544934159,,,
R4,Trending_MeanShift,0.9999765596989332,0.9999061567778369,0.0,None,250,,,500,,,0.0,0.0,0.8159277615407217,,250.0,
R1,Composite,0.9978679488043051,0.8788178380606217,0.0,24,24,24.0,48.0,500,0.398213125885976,2.554369547350149e-05,10.197294229098242,6.7840074442004825,1.1778066202162467,,,
R2,Seasonal,0.5827820105246801,0.9216666376058122,0.0,24,24,24.0,48.0,500,0.0,0.0,12.866452943473817,5.500014332382421,1.9490773110531334,,,
R3,Stationary_AR,0.03479528058427073,0.19044637092440164,0.0,None,125,,,500,0.0,0.0,0.0,0.0,5.0,0.6201439349380788,,
R4,Trending_ExponentialGrowth,0.9948684730998169,0.29072032445384943,0.0,None,24,,,500,,,0.0,0.0,1.3466214452286973,,,
R1,Composite,0.9992157342852622,0.9836928120378678,0.0,36,36,36.0,72.0,500,-0.28085616744656794,4.7050194262379646e-05,11.442937006984678,2.37720865690402,0.6370305531947511,,,
R2,Seasonal,0.6806306171365124,0.9789038081993734,0.0,36,36,36.0,72.0,500,0.0,0.0,28.94326262618693,7.443133552468733,1.645050436221911,,,
R3,Stationary_AR,0.0710890177850817,0.38150075305489084,0.0,None,42,,,500,0.0,0.0,0.0,0.0,5.0,0.4449930824272009,,
R4,Trending_MeanShift,0.9998155833366712,0.9992608910441817,0.0,None,250,,,500,,,0.0,0.0,1.2917002649111176,,250.0,
R1,Composite,0.9948730931914136,0.9677638823464841,0.0,36,36,36.0,72.0,500,0.20866767647182766,-3.4596715602568744e-05,15.345886096843643,4.6062267328167135,1.188367529605073,,,
R2,Seasonal,0.6877945640719312,0.9133727793336323,0.0,36,36,36.0,72.0,500,0.0,0.0,18.116445171146,9.842643762882673,1.6999977013488272,,,
R3,Stationary_WN,0.16019308578376157,0.2789920428977518,0.0,None,5,,,500,0.0,0.0,0.0,0.0,6.795547205761735,,,
R4,Trending_MeanShift,0.9999401725483641,0.9997606959652839,0.0,None,250,,,500,,,0.0,0.0,1.2282874691732206,,250.0,
R1,Composite,0.9910057424248505,0.9415940019739277,0.0,48,50,48.0,96.0,500,-0.19583008712495142,-3.2420549541761656e-05,16.368532453740663,6.90440038116743,0.6123440669572697,,,
R2,Seasonal,0.031798449254563654,0.9844336843969576,0.0,48,100,48.0,96.0,500,0.0,0.0,13.055796925001504,10.610111574379928,0.715848132532138,,,
R3,Stationary_WN,0.1502156548645136,0.20309771834399926,0.0,None,3,,,500,0.0,0.0,0.0,0.0,8.171403040923071,,,
R4,Trending_RandomWalkDrift,0.9976051610829827,0.0,0.0,None,24,,,500,,,0.0,0.0,0.6000493818867411,,,0.49272510185363716
R1,Composite,0.9978688686824743,0.9312119043610001,0.0,12,12,12.0,24.0,500,0.39897906348830015,3.179145915617504e-05,14.38484871820668,7.041100005759332,1.409751279924747,,,
R2,Seasonal,0.6859898775209607,0.9233658237997574,0.0,12,12,12.0,24.0,500,0.0,0.0,13.622642545556683,6.672917678025606,1.8795048303958541,,,
R3,Stationary_AR,0.11347112393233483,0.21936479733267522,0.0,None,36,,,500,0.0,0.0,0.0,0.0,5.0,0.6767038146127591,,
R4,Trending_MeanShift,0.9995642979472495,0.9983006240333541,0.0,None,250,,,500,,,0.0,0.0,1.287217057715913,,250.0,
R1,Composite,0.9959276309096341,0.9909405950940392,0.0,12,12,12.0,24.0,500,-0.15211034993977793,-2.5237392255518678e-05,22.699312142898926,3.2300447771251326,1.1548732746335628,,,
R2,Seasonal,0.7381194996386088,0.9517128394894769,0.0,12,12,12.0,24.0,500,0.0,0.0,27.46224417511847,11.886473659594287,1.5222556875569733,,,
R3,Stationary_AR,0.05369636409497536,0.16792685007502584,0.0,None,22,,,500,0.0,0.0,0.0,0.0,5.0,0.4226099259229707,,
R4,Trending_RandomWalkDrift,0.9389570344702974,0.05706891377811196,0.0,None,24,,,500,,,0.0,0.0,0.670423616147609,,,-0.15545021038702364
R1,Composite,0.9969957003568579,0.949590005038662,0.0,12,12,12.0,24.0,500,-0.24615372397656826,4.833556446725105e-05,10.856117613948665,2.507998896321461,1.4493246110511375,,,
R2,Seasonal,0.7338514564912781,0.8418648534186279,0.0,12,12,12.0,24.0,500,0.0,0.0,13.982345528200742,11.786785747212218,1.8619617823826404,,,
R3,Stationary_WN,0.1560507541020274,0.11540813466125643,0.0,None,2,,,500,0.0,0.0,0.0,0.0,5.598191243481697,,,
R4,Trending_RandomWalkDrift,0.991543780273576,0.7797264874362545,0.0,None,250,,,500,,,0.0,0.0,0.6068458676349276,,,-0.14725092612737567
R1,Composite,0.9983203552762198,0.9805325597414742,0.0,36,36,36.0,72.0,500,-0.37222726123740546,1.799768181793954e-05,21.64162450873686,5.367038926431099,0.9585283793405747,,,
R2,Seasonal,0.7120406715949913,0.9551485076896674,0.0,36,36,36.0,72.0,500,0.0,0.0,27.78890895167163,11.289284307915576,1.1625053529629503,,,
R3,Stationary_WN,0.14272985650904535,0.13822684181630362,0.0,None,4,,,500,0.0,0.0,0.0,0.0,8.282203661936038,,,
R4,Trending_MeanShift,0.9998883495181954,0.9995566498924288,0.0,None,250,,,500,,,0.0,0.0,1.009157686363383,,250.0,
R1,Composite,0.9962908808684591,0.9812918253134133,0.0,12,12,12.0,24.0,500,0.27183643932534773,-2.250171149546669e-05,23.266022432258303,5.789797461540803,1.3006921555332829,,,
R2,Seasonal,0.7073701429076322,0.9841096898934091,0.0,12,12,12.0,24.0,500,0.0,0.0,21.406651978466336,4.872362252226223,1.0453500086498118,,,
R3,Stationary_AR,0.04513251126009399,0.8215153490651061,0.0,None,250,,,500,0.0,0.0,0.0,0.0,5.0,0.6295363434676194,,
R4,Trending_ExponentialGrowth,0.9992500616276982,0.22648789451965057,0.0,None,24,,,500,,,0.0,0.0,1.0913043887897178,,,
R1,Composite,0.9915235875615581,0.9384147825236374,0.0,12,12,12.0,24.0,500,0.17909356567718676,4.272018638613014e-05,14.892905187650346,7.009412400542283,1.2091915383259157,,,
R2,Seasonal,0.7104554831162875,0.9281144438427857,0.0,12,12,12.0,24.0,500,0.0,0.0,16.107725153331995,8.076675895184787,1.5887771536820212,,,
R3,Stationary_WN,0.22047594794776082,0.15374186764383457,0.0,None,2,,,500,0.0,0.0,0.0,0.0,7.289897574265531,,,
R4,Trending_ExponentialGrowth,0.993205209593376,0.25294974187526875,0.0,None,24,,,500,,,0.0,0.0,0.8915868293985535,,,
R1,Composite,0.9899834565335816,0.9744888851023733,0.0,48,50,48.0,96.0,500,0.2026186431431788,-3.87403877504812e-05,23.824711403051626,5.698785994544688,1.069513593568055,,,
R2,Seasonal,0.6335260322861688,0.9160372618681799,0.0,48,50,48.0,96.0,500,0.0,0.0,21.79724875834615,10.838889207994766,1.7684000517456888,,,
R3,Stationary_WN,0.1788592781243863,0.1353447583677143,0.0,None,2,,,500,0.0,0.0,0.0,0.0,8.80741994778473,,,
R4,Trending_MeanShift,0.999975341221189,0.9999011299810056,0.0,None,250,,,500,,,0.0,0.0,0.8311074246589495,,250.0,
R1,Composite,0.9988708009271142,0.9833721022076668,0.0,36,36,36.0,72.0,500,0.39837017759795823,1.6705788886335932e-05,21.46760776394671,4.244746957829662,1.3736185080045467,,,
R2,Seasonal,0.6785260060877345,0.928097554445753,0.0,36,36,36.0,72.0,500,0.0,0.0,11.183489422942369,5.5644739667097625,1.1160606766312389,,,
R3,Stationary_WN,0.1400315232156467,0.11571842241364572,0.0,None,3,,,500,0.0,0.0,0.0,0.0,10.752140066971805,,,
R4,Trending_ExponentialGrowth,0.995786065700299,0.27861027490050794,0.0,None,24,,,500,,,0.0,0.0,0.9718990593150861,,,
R1,Composite,0.9811495579838477,0.9476298074443273,0.0,12,12,12.0,24.0,500,0.12180140871034802,-2.1364364041550595e-05,13.528146899771048,5.811105865963405,1.287895174352061,,,
R2,Seasonal,0.6912026060244203,0.9541248007926996,0.0,12,12,12.0,24.0,500,0.0,0.0,16.17404158701843,6.180237113301169,1.4991511796170376,,,
R3,Stationary_WN,0.17723923160533395,0.19611458850113794,0.0,None,3,,,500,0.0,0.0,0.0,0.0,11.563314765699833,,,
R4,Trending_RandomWalkDrift,0.9772255831191037,0.24111129776424867,0.0,None,24,,,500,,,0.0,0.0,0.6730029993175076,,,-0.1903538578979622
R1,Composite,0.9767772367742986,0.9476235117047844,0.0,12,12,12.0,24.0,500,-0.13646615268012288,1.67024511878202e-05,17.882598213156783,7.744034861391683,1.4190753526863165,,,
R2,Seasonal,0.7426619533111645,0.9100551852777238,0.0,12,12,12.0,24.0,500,0.0,0.0,12.576207730631705,7.771233858406674,0.8523765369812697,,,
R3,Stationary_AR,0.04234250929937622,0.22180953025535444,0.0,None,125,,,500,0.0,0.0,0.0,0.0,5.0,0.5716958338060383,,
R4,Trending_MeanShift,0.9998892260430701,0.9995547747251303,0.0,None,250,,,500,,,0.0,0.0,0.8260378187380948,,250.0,
R1,Composite,0.9991338256379783,0.9649904895357293,0.0,12,12,12.0,24.0,500,0.3322483139386836,1.6535564235341687e-05,10.670394189815541,2.239667166931337,1.230358003204503,,,
R2,Seasonal,0.7525492079661813,0.9496614391472455,0.0,12,12,12.0,24.0,500,0.0,0.0,24.704431241682954,11.325773778307685,0.8017845511350421,,,
R3,Stationary_AR,0.02199687169524933,0.20786096829941947,0.0,None,125,,,500,0.0,0.0,0.0,0.0,5.0,0.6038353384655355,,
R4,Trending_ExponentialGrowth,0.9787115846663755,0.25745452420580905,0.0,None,24,,,500,,,0.0,0.0,1.0838683686646302,,,
R1,Composite,0.9990767857604294,0.9908444124834357,0.0,12,12,12.0,24.0,500,-0.3851874430999157,4.29798969471248e-05,23.5269034264567,4.390638384126244,0.5406637208738088,,,
R2,Seasonal,0.7256353469717833,0.9739405646381851,0.0,12,12,12.0,24.0,500,0.0,0.0,27.20238201147415,8.432217652392172,1.424974486200865,,,
R3,Stationary_AR,0.08103990990763155,0.25844337493594594,0.0,None,31,,,500,0.0,0.0,0.0,0.0,5.0,0.48412010981046016,,
R4,Trending_ExponentialGrowth,0.9990281631191268,0.16292428148500337,0.0,None,24,,,500,,,0.0,0.0,0.915714976258697,,,
R1,Composite,0.9993545083993615,0.9833071749685643,0.0,12,12,12.0,24.0,500,-0.3806922310691372,-4.8773512326709555e-05,16.164520482368804,2.9864909809797657,1.3015933579024275,,,
R2,Seasonal,0.7411516353803298,0.9340416118606669,0.0,12,12,12.0,24.0,500,0.0,0.0,17.50633244471553,9.015200921409805,1.182455896738262,,,
R3,Stationary_AR,0.08397241312305226,0.3588199908808233,0.0,None,33,,,500,0.0,0.0,0.0,0.0,5.0,0.6698026464815607,,
R4,Trending_RandomWalkDrift,0.9889530190499312,0.5066507689453437,0.0,None,167,,,500,,,0.0,0.0,1.3196571625974243,,,0.3588787387066257
R1,Composite,0.9866413051411297,0.9754489576261356,0.0,12,12,12.0,24.0,500,-0.14376402308430128,-3.225001887061751e-05,24.597810849510996,7.572763753006795,0.7631933446445021,,,
R2,Seasonal,0.7493683328141311,0.9006507986779381,0.0,12,12,12.0,24.0,500,0.0,0.0,17.631112164081674,11.611926599478927,1.0586538385799025,,,
R3,Stationary_AR,0.09041837346665693,0.3167558172419327,0.0,None,21,,,500,0.0,0.0,0.0,0.0,5.0,0.4089347924211653,,
R4,Trending_ExponentialGrowth,0.9986324104699875,0.2427824734935209,0.0,None,24,,,500,,,0.0,0.0,0.5301226459556078,,,
R1,Composite,0.9956050473582064,0.9829104431432231,0.0,12,12,12.0,24.0,500,-0.17478751216749927,3.534700899659176e-05,16.250207811794645,3.734338307550219,0.8981269716925925,,,
R2,Seasonal,0.7488981655497171,0.9723349459329598,0.0,12,12,12.0,24.0,500,0.0,0.0,27.481219365859136,9.159946691448537,0.8659772957550107,,,
R3,Stationary_AR,0.17585175543842035,0.25351164468855714,0.0,None,38,,,500,0.0,0.0,0.0,0.0,5.0,0.6721002267712632,,
R4,Trending_RandomWalkDrift,0.994508274543922,0.10769285790993033,0.0,None,24,,,500,,,0.0,0.0,0.5587070957939411,,,0.35220576328066544
R1,Composite,0.9973746907042609,0.9562793261742449,0.0,48,50,48.0,96.0,500,-0.3868900840504349,-3.474515966873706e-05,19.60521156664634,6.813536756754111,1.03697869111785,,,
R2,Seasonal,0.6607889744754833,0.9507911500535395,0.0,48,50,48.0,96.0,500,0.0,0.0,25.16293526523068,9.791939615424889,0.5526883515087846,,,
R3,Stationary_WN,0.10735169629505703,0.1476506996255772,0.0,None,10,,,500,0.0,0.0,0.0,0.0,13.432493262439786,,,
R4,Trending_RandomWalkDrift,0.9981902609797427,0.14542610879122786,0.0,None,24,,,500,,,0.0,0.0,1.1508245911916826,,,-0.44386889929074447
R1,Composite,0.9978479992133241,0.9619891498322213,0.0,24,24,24.0,48.0,500,-0.3788627599887674,2.5748311966056434e-05,17.278447146290294,6.14097306499751,0.9798937352580545,,,
R2,Seasonal,0.639899165397968,0.9321918472561252,0.0,24,24,24.0,48.0,500,0.0,0.0,10.051777475251654,4.332296715807582,1.0528687939759902,,,
R3,Stationary_WN,0.15887471601356018,0.20766593799954103,0.0,None,4,,,500,0.0,0.0,0.0,0.0,8.782048506880454,,,
R4,Trending_MeanShift,0.9999656739281337,0.9998628373834337,0.0,None,250,,,500,,,0.0,0.0,0.8060832668463863,,250.0,
R1,Composite,0.9969339303818756,0.8391736220831543,0.0,48,50,48.0,96.0,500,0.37126949342635984,4.254059059716274e-05,10.132764093826708,6.696779065281448,1.497293361140931,,,
R2,Seasonal,0.46428592369383903,0.9709165997643547,0.0,48,50,48.0,96.0,500,0.0,0.0,25.014706379323282,5.253091669775269,1.8443311584013033,,,
R3,Stationary_AR,0.030586131446476927,0.29511900719967343,0.0,None,100,,,500,0.0,0.0,0.0,0.0,5.0,0.453547442334508,,
R4,Trending_RandomWalkDrift,0.9516135059233108,0.9700923715132416,0.0,None,250,,,500,,,0.0,0.0,1.4481408617212392,,,0.13685082650929853
R1,Composite,0.9971505492254128,0.9513446620352753,0.0,12,12,12.0,24.0,500,-0.3948244197447116,1.1552348887617866e-05,18.770389349435376,7.831236302684726,1.4525056993116656,,,
R2,Seasonal,0.7205217385458412,0.9670287109492237,0.0,12,12,12.0,24.0,500,0.0,0.0,20.460564095091083,7.169525547444468,1.4107333605732397,,,
R3,Stationary_AR,0.07720879838289096,0.25955929844405656,0.0,None,71,,,500,0.0,0.0,0.0,0.0,5.0,0.6529427753215922,,
R4,Trending_MeanShift,0.999911855568394,0.9996466380790301,0.0,None,250,,,500,,,0.0,0.0,1.1479448439119344,,250.0,
R1,Composite,0.9988293647231018,0.9804994182418073,0.0,24,24,24.0,48.0,500,-0.333917000693945,2.8807159814733587e-05,15.728645079364323,3.2155516643568873,1.0586159128425097,,,
R2,Seasonal,0.6511982863032197,0.9882494820548114,0.0,24,24,24.0,48.0,500,0.0,0.0,29.654282681565224,5.3810722980520165,1.2894902394088075,,,
R3,Stationary_AR,0.26146089513117343,0.25012748699777676,0.0,None,13,,,500,0.0,0.0,0.0,0.0,5.0,0.582610272111875,,
R4,Trending_MeanShift,0.9999603478672733,0.9998416349427409,0.0,None,250,,,500,,,0.0,0.0,1.0779677037455895,,250.0,
R1,Composite,0.9988871456412204,0.9556358430429953,0.0,48,50,48.0,96.0,500,0.35052257031838374,-3.0125358647234524e-05,10.645857233180447,3.59069068676628,0.7147204625281212,,,
R2,Seasonal,0.5454899506324549,0.9766116709909495,0.0,48,50,48.0,96.0,500,0.0,0.0,20.35227699646658,4.368352466343815,0.9460033285150058,,,
R3,Stationary_WN,0.11446679904512724,0.30382693214139445,0.0,None,6,,,500,0.0,0.0,0.0,0.0,8.349834518536596,,,
R4,Trending_ExponentialGrowth,0.9950733343363319,0.22064065509074715,0.0,None,24,,,500,,,0.0,0.0,1.4171845082394119,,,
R1,Composite,0.9978489198446523,0.995479579906301,0.0,24,24,24.0,48.0,500,-0.16617284254992482,-1.4124872684030133e-05,24.27736796531116,2.2906404257615662,0.8335665718385848,,,
R2,Seasonal,0.7070551592114503,0.9594744023329466,0.0,24,24,24.0,48.0,500,0.0,0.0,24.635464663981214,9.471381594113762,0.7376312310954646,,,
R3,Stationary_AR,0.21223775418898827,0.29049131312086507,0.0,None,11,,,500,0.0,0.0,0.0,0.0,5.0,0.4367846735992629,,
R4,Trending_RandomWalkDrift,0.9933337461258392,0.12128479104481182,0.0,None,24,,,500,,,0.0,0.0,0.7200377865831294,,,-0.35056415314032807
R1,Composite,0.9921760196786004,0.9432360742503844,0.0,48,50,48.0,96.0,500,-0.2642347365011869,3.126705786205125e-05,18.039295566117325,7.1776411818949395,1.3066616818730505,,,
R2,Seasonal,0.4429427158817947,0.9648150620164404,0.0,48,50,48.0,96.0,500,0.0,0.0,18.113670740302513,4.078316713827033,1.6067285177397903,,,
R3,Stationary_AR,0.226228764308957,0.3402232712384834,0.0,None,23,,,500,0.0,0.0,0.0,0.0,5.0,0.6776520347015251,,
R4,Trending_ExponentialGrowth,0.9782499015241058,0.22331952092338214,0.0,None,24,,,500,,,0.0,0.0,0.9333002921528336,,,
R1,Composite,0.9955075945466197,0.9886277074297364,0.0,12,12,12.0,24.0,500,0.16126315388981105,4.834574129321792e-05,23.908318704969613,3.5269828699969024,1.2937579537943393,,,
R2,Seasonal,0.7421192945687716,0.9618511841708979,0.0,12,12,12.0,24.0,500,0.0,0.0,15.308377658030432,6.004237956937162,0.6552093690415545,,,
R3,Stationary_WN,0.11931784440991922,0.07098548950947792,0.0,None,2,,,500,0.0,0.0,0.0,0.0,9.339998230380118,,,
R4,Trending_RandomWalkDrift,0.9766386278288599,0.9357294371046513,0.0,None,250,,,500,,,0.0,0.0,1.192086135487703,,,0.15847765536525307
R1,Composite,0.997578107859494,0.9758042764063454,0.0,12,12,12.0,24.0,500,-0.27692154619021003,2.6654482251818502e-05,16.86122708792727,3.7432887213121244,1.2903039477354894,,,
R2,Seasonal,0.7185085254490566,0.9594335837839507,0.0,12,12,12.0,24.0,500,0.0,0.0,22.237611578217503,8.302528980359707,1.5525304406265503,,,
R3,Stationary_AR,0.07668867443681371,0.18352964485586487,0.0,None,38,,,500,0.0,0.0,0.0,0.0,5.0,0.6398688224428217,,
R4,Trending_RandomWalkDrift,0.9915414277234635,0.6805419843850917,0.0,None,167,,,500,,,0.0,0.0,1.2726790067774842,,,0.4721006193132503
R1,Composite,0.9915877390018848,0.9610039253502926,0.0,48,50,48.0,96.0,500,0.2617710434314862,-4.0965091206695745e-05,22.950029575435558,7.494526850527036,0.8539081354933711,,,
R2,Seasonal,0.6608027142979915,0.9468011133744607,0.0,48,50,48.0,96.0,500,0.0,0.0,21.553419571567275,8.769655234687061,0.5063007899304288,,,
R3,Stationary_WN,0.07698922447096757,0.10253608424381,0.0,None,3,,,500,0.0,0.0,0.0,0.0,8.322760139356035,,,
R4,Trending_RandomWalkDrift,0.99922327763403,0.17282565728398647,0.0,None,24,,,500,,,0.0,0.0,0.7651913845770195,,,0.4006709719078848
R1,Composite,0.9964825198567345,0.986191654467607,0.0,36,36,36.0,72.0,500,0.13561163670402532,3.75851959591286e-05,15.921464812576335,2.2851183317211716,1.1057673461572155,,,
R2,Seasonal,0.6916796658107778,0.9645638666567488,0.0,36,36,36.0,72.0,500,0.0,0.0,24.13251027208425,8.43742645356442,1.4562436693121588,,,
R3,Stationary_AR,0.0004521596862629984,0.5171810866413369,0.0,None,167,,,500,0.0,0.0,0.0,0.0,5.0,0.6265884938632915,,
R4,Trending_RandomWalkDrift,0.993939124135353,0.0884365205034009,0.0,None,24,,,500,,,0.0,0.0,0.7619662358011973,,,0.23933112735104609
R1,Composite,0.9932576575719615,0.9777958523444061,0.0,48,50,48.0,96.0,500,0.13256733853624408,1.741592273994861e-05,15.866773634833704,2.021336224156596,1.0316065537005836,,,
R2,Seasonal,0.608263029656213,0.8783217930325672,0.0,48,50,48.0,96.0,500,0.0,0.0,12.340944010525288,7.060989465903462,1.7824101364842566,,,
R3,Stationary_WN,0.09179616863669282,0.23170932708339964,0.0,None,13,,,500,0.0,0.0,0.0,0.0,7.9254723060281815,,,
R4,Trending_MeanShift,0.9999373474874125,0.9997505153002386,0.0,None,250,,,500,,,0.0,0.0,0.7729498726382975,,250.0,
R1,Composite,0.9918307139034497,0.9296431805644155,0.0,12,12,12.0,24.0,500,-0.23915539057165397,4.796277821675933e-05,14.71913641613257,7.710741339241796,1.0592301203633396,,,
R2,Seasonal,0.7254170885496061,0.9606764846826572,0.0,12,12,12.0,24.0,500,0.0,0.0,28.09084014080725,10.449780640767095,1.8058297561426224,,,
R3,Stationary_WN,0.06462309125223464,0.2837036492977947,0.0,None,24,,,500,0.0,0.0,0.0,0.0,14.398034548427468,,,
R4,Trending_MeanShift,0.9999484136733261,0.999793406993316,0.0,None,250,,,500,,,0.0,0.0,1.123120264140244,,250.0,
R1,Composite,0.997536160064035,0.9653915157749313,0.0,12,12,12.0,24.0,500,-0.29279459889659226,-2.5585934466592037e-05,16.501898516696812,5.9352943011525685,0.9156848939367196,,,
R2,Seasonal,0.7190878678928699,0.9664373859803891,0.0,12,12,12.0,24.0,500,0.0,0.0,27.781310229675732,9.544432967375444,1.8364346337410598,,,
R3,Stationary_WN,0.0,0.4842100069261186,0.0,None,167,,,500,0.0,0.0,0.0,0.0,7.615069771541431,,,
R4,Trending_RandomWalkDrift,0.9781345383981082,0.07737905092443886,0.0,None,24,,,500,,,0.0,0.0,1.0087672014905351,,,0.12802830248707534
R1,Composite,0.9984013092670299,0.9732410297618515,0.0,12,12,12.0,24.0,500,0.36136651343877657,-4.6393288424354103e-05,16.68250505797114,4.785100410453392,1.1629287927449437,,,
R2,Seasonal,0.7475696434320689,0.8722084413427162,0.0,12,12,12.0,24.0,500,0.0,0.0,14.632109068120924,11.079667327349775,0.9620413524778604,,,
R3,Stationary_AR,0.13827906418857017,0.36773293015608854,0.0,None,26,,,500,0.0,0.0,0.0,0.0,5.0,0.5227572547926678,,
R4,Trending_MeanShift,0.9997379706418801,0.9989568815807895,0.0,None,250,,,500,,,0.0,0.0,1.2508819222364689,,250.0,
R1,Composite,0.9971698995082668,0.9476103419235764,0.0,24,24,24.0,48.0,500,0.33338097598842675,-1.91403029721292e-05,14.760251641764473,6.050073146671549,1.090379265387086,,,
R2,Seasonal,0.7000702344281843,0.7822843743717827,0.0,24,24,24.0,48.0,500,0.0,0.0,12.212766624024962,11.988883945769569,1.225821738256196,,,
R3,Stationary_AR,0.16223143405852591,0.26219161649168743,0.0,None,24,,,500,0.0,0.0,0.0,0.0,5.0,0.5588435489491628,,
R4,Trending_RandomWalkDrift,0.9577015924081063,0.5774142017525175,0.0,None,250,,,500,,,0.0,0.0,0.6617723342219046,,,-0.2610994238342792
R1,Composite,0.9981321437309749,0.9904323101014868,0.0,24,24,24.0,48.0,500,0.20251274088163868,4.896134918148576e-05,20.396958412644864,3.1888147715770527,0.8338877171344637,,,
R2,Seasonal,0.5969072207187663,0.9844369285814564,0.0,24,24,24.0,48.0,500,0.0,0.0,29.20697110120336,5.181639793699055,1.9484876971982452,,,
R3,Stationary_WN,0.16108222484951507,0.11893414867430896,0.0,None,3,,,500,0.0,0.0,0.0,0.0,13.44084437502897,,,
R4,Trending_RandomWalkDrift,0.9945629161138707,0.12269953494014463,0.0,None,24,,,500,,,0.0,0.0,1.0413686117078669,,,0.40072355981558594
R1,Composite,0.9959851577448146,0.9894575015486722,0.0,12,12,12.0,24.0,500,0.18032126176872673,2.8661005235000153e-05,24.470401714879472,4.719561731323552,0.7948079482200276,,,
R2,Seasonal,0.7510004367237235,0.9603429733720747,0.0,12,12,12.0,24.0,500,0.0,0.0,26.095916072715593,10.611443504045402,0.6223623970210942,,,
R3,Stationary_WN,0.31265311056658385,0.1998002252001324,0.0,None,3,,,500,0.0,0.0,0.0,0.0,5.09915147300037,,,
R4,Trending_ExponentialGrowth,0.9956614988309868,0.32698738315460874,0.0,None,24,,,500,,,0.0,0.0,0.9204420931711924,,,
R1,Composite,0.9971114632241754,0.9788072125799313,0.0,36,36,36.0,72.0,500,0.18665992851885227,-3.072783231428259e-05,12.78335956945984,2.6745607936881326,0.9927486752933837,,,
R2,Seasonal,0.6882293416566574,0.9283691508378232,0.0,36,36,36.0,72.0,500,0.0,0.0,19.62819360685033,9.765231735887767,1.4678576070655467,,,
R3,Stationary_WN,0.09939367028832946,0.15515634125238764,0.0,None,5,,,500,0.0,0.0,0.0,0.0,11.03700990659858,,,
R4,Trending_ExponentialGrowth,0.9933056426416633,0.2779499829150628,0.0,None,24,,,500,,,0.0,0.0,1.2045154609339983,,,
R1,Composite,0.9947072261941192,0.9730570755665862,0.0,24,24,24.0,48.0,500,0.12758599180321162,3.806200771549227e-05,13.012479589180128,3.2607638195282878,1.1096230973785115,,,
R2,Seasonal,0.6937135387463378,0.9302789328616637,0.0,24,24,24.0,48.0,500,0.0,0.0,22.017113722961255,10.958446841626808,1.7131171115767314,,,
R3,Stationary_AR,0.21340706629396844,0.24242093482984028,0.0,None,10,,,500,0.0,0.0,0.0,0.0,5.0,0.5380038912603462,,
R4,Trending_RandomWalkDrift,0.9874908702671341,0.34746426818951825,0.0,None,125,,,500,,,0.0,0.0,1.095418803709073,,,0.34215755461372743
R1,Composite,0.9988443128961523,0.9803021109244198,0.0,12,12,12.0,24.0,500,0.393993037319624,3.18845007060306e-05,20.006779086906402,5.331222753881692,0.9538226383621055,,,
R2,Seasonal,0.7309088851484883,0.9627389333690934,0.0,12,12,12.0,24.0,500,0.0,0.0,27.944121370994196,10.54686491674272,1.7455711961360554,,,
R3,Stationary_WN,0.08850976999796034,0.1542280983811093,0.0,None,5,,,500,0.0,0.0,0.0,0.0,10.491731419844584,,,
R4,Trending_MeanShift,0.9999524897847313,0.9998106006865187,0.0,None,250,,,500,,,0.0,0.0,1.3452469627014336,,250.0,
R1,Composite,0.9981143110258441,0.9631043145475782,0.0,24,24,24.0,48.0,500,0.2574143252172919,-4.71484304172993e-05,10.391084813899141,2.505207402694472,1.035455715820048,,,
R2,Seasonal,0.7077898578065818,0.9743353489301557,0.0,24,24,24.0,48.0,500,0.0,0.0,27.620808723496495,8.323509973092523,0.6505912955136094,,,
R3,Stationary_WN,0.3243900860928497,0.16897808516925894,0.0,None,2,,,500,0.0,0.0,0.0,0.0,9.731151588044003,,,
R4,Trending_MeanShift,0.9998703236687085,0.9994853505385762,0.0,None,250,,,500,,,0.0,0.0,1.473401559428028,,250.0,
R1,Composite,0.9832357974107457,0.9636538157664168,0.0,48,50,48.0,96.0,500,-0.15237584950584707,-3.905915943078553e-05,23.3516281857643,7.560263153456758,0.5627414603735746,,,
R2,Seasonal,0.615448740729035,0.9363955795151971,0.0,48,50,48.0,96.0,500,0.0,0.0,24.69039683608878,10.04849045786173,1.9292149547830164,,,
R3,Stationary_AR,0.22056137142796783,0.2362940110859716,0.0,None,15,,,500,0.0,0.0,0.0,0.0,5.0,0.43359174210623264,,
R4,Trending_MeanShift,0.9999415068710091,0.999764767301239,0.0,None,250,,,500,,,0.0,0.0,1.2112943219922747,,250.0,
R1,Composite,0.9960766741895858,0.9110858791316752,0.0,12,12,12.0,24.0,500,-0.3165764857576401,1.8121187589442218e-05,12.65541495541606,7.463675484850377,1.3932272555025533,,,
R2,Seasonal,0.7468696245206297,0.9476116792192008,0.0,12,12,12.0,24.0,500,0.0,0.0,18.441212849230944,8.617736976982288,0.8537291457346214,,,
R3,Stationary_WN,0.1913893231311281,0.23645191263930643,0.0,None,5,,,500,0.0,0.0,0.0,0.0,10.276656897833213,,,
R4,Trending_RandomWalkDrift,0.9492673575199505,0.2199923816589855,0.0,None,83,,,500,,,0.0,0.0,1.3898619396058254,,,-0.2832205261526797
R1,Composite,0.9983448470417648,0.9578861437118628,0.0,12,12,12.0,24.0,500,-0.39647264116610426,3.749485720147269e-05,15.054732331314408,6.025266007222182,0.8266645010460728,,,
R2,Seasonal,0.7412378263256845,0.9712349473019901,0.0,12,12,12.0,24.0,500,0.0,0.0,27.177634599526378,8.97740886564167,1.2045257120596409,,,
R3,Stationary_AR,0.16532136914957396,0.28717412167760703,0.0,None,29,,,500,0.0,0.0,0.0,0.0,5.0,0.6486868901413145,,
R4,Trending_ExponentialGrowth,0.9976010997195643,0.2396396168823547,0.0,None,24,,,500,,,0.0,0.0,1.070679458231239,,,
R1,Composite,0.9938651639316256,0.9724388862418841,0.0,24,24,24.0,48.0,500,-0.13067433091848318,-2.877008304972123e-05,13.838221935004302,2.9759649695181354,1.1690944451942782,,,
R2,Seasonal,0.6520870363749751,0.8724623433528242,0.0,24,24,24.0,48.0,500,0.0,0.0,11.20864732425475,7.0374298273965445,1.9143354917364115,,,
R3,Stationary_WN,0.17167407827357029,0.0018947142798830807,0.0,None,2,,,500,0.0,0.0,0.0,0.0,10.713028253056732,,,
R4,Trending_MeanShift,0.9999746197696009,0.9998979399491543,0.0,None,250,,,500,,,0.0,0.0,0.836652170312625,,250.0,
R1,Composite,0.993381993576094,0.9771034185138797,0.0,48,50,48.0,96.0,500,0.10119272987605078,2.1217587609871145e-05,12.309340024884031,2.087330608638965,0.6162606319273546,,,
R2,Seasonal,0.6548992542103802,0.9054270776924205,0.0,48,50,48.0,96.0,500,0.0,0.0,18.82333383262595,10.323055063379211,1.458291085907429,,,
R3,Stationary_AR,0.22434657564219485,0.2600698931688856,0.0,None,23,,,500,0.0,0.0,0.0,0.0,5.0,0.5766636031625447,,
R4,Trending_RandomWalkDrift,0.9991305833351624,0.9529466863884102,0.0,None,250,,,500,,,0.0,0.0,0.5883305881695987,,,0.23240795445436155
R1,Composite,0.9965857057166277,0.9950549577136126,0.0,12,12,12.0,24.0,500,0.13390692738367824,1.1404017079838186e-05,23.70470696100795,2.7391052890826884,0.7796676968785972,,,
R2,Seasonal,0.670416247917617,0.9891685406155368,0.0,12,12,12.0,24.0,500,0.0,0.0,25.133062351778847,4.489366800799559,1.2545598032469705,,,
R3,Stationary_WN,0.15426053198322742,0.08432612714478782,0.0,None,4,,,500,0.0,0.0,0.0,0.0,8.229256734663544,,,
R4,Trending_RandomWalkDrift,0.3872297986944381,0.051366089268413684,0.0,None,125,,,500,,,0.0,0.0,1.0952055202689932,,,0.21764524677809136
R1,Composite,0.996238361593598,0.9931837737263538,0.0,12,12,12.0,24.0,500,0.12591344557625703,4.617511072749245e-05,22.57353307712048,2.402116582724312,1.121506856522719,,,
R2,Seasonal,0.7133854867499754,0.9842892357153313,0.0,12,12,12.0,24.0,500,0.0,0.0,27.257242234485062,6.193509162902476,1.2462581305516087,,,
R3,Stationary_WN,0.20808065286150723,0.1300069954310219,0.0,None,3,,,500,0.0,0.0,0.0,0.0,8.07752538057559,,,
R4,Trending_ExponentialGrowth,0.999574827178145,0.2857672008147546,0.0,None,24,,,500,,,0.0,0.0,0.6344792662538553,,,
R1,Composite,0.9947797195512696,0.9730954485401632,0.0,48,50,48.0,96.0,500,-0.21065376985147816,-1.721295196500153e-05,19.213267060084117,4.932322649227813,0.8821513208987437,,,
R2,Seasonal,0.4109854447984225,0.9538220943183897,0.0,48,50,48.0,96.0,500,0.0,0.0,17.952918725827473,4.569862514598119,1.7078023960723172,,,
R3,Stationary_WN,0.17246553542841048,0.15000466168484994,0.0,None,3,,,500,0.0,0.0,0.0,0.0,10.618796110555952,,,
R4,Trending_RandomWalkDrift,0.9965608097160403,0.09031085415335904,0.0,None,24,,,500,,,0.0,0.0,0.612728573469742,,,-0.3337491093956022
R1,Composite,0.9957526580063525,0.9748592672594194,0.0,12,12,12.0,24.0,500,0.19568354765052504,1.2712702534652594e-05,16.850937478748342,4.822961741466178,1.127136295540283,,,
R2,Seasonal,0.7514539635019696,0.9596104555479035,0.0,12,12,12.0,24.0,500,0.0,0.0,27.859199067722976,11.468437863091069,0.8300311360840165,,,
R3,Stationary_AR,0.12858089526285232,0.3604831795275043,0.0,None,50,,,500,0.0,0.0,0.0,0.0,5.0,0.6250549266188737,,
R4,Trending_ExponentialGrowth,0.9725095472724566,0.19687654980848657,0.0,None,24,,,500,,,0.0,0.0,1.1650200357935203,,,
R1,Composite,0.9986806022158723,0.9863565087625658,0.0,36,36,36.0,72.0,500,-0.33472674054482454,-3.332178384355606e-05,22.140191267887914,2.605558504342386,1.4757670835553975,,,
R2,Seasonal,0.012662119387261694,0.995341076544924,0.0,36,71,36.0,72.0,500,0.0,0.0,11.228411996032698,11.10828331013882,0.8359827788227191,,,
R3,Stationary_AR,0.13478055048253312,0.30623898999685806,0.0,None,31,,,500,0.0,0.0,0.0,0.0,5.0,0.536635120125575,,
R4,Trending_ExponentialGrowth,0.9927176054563513,0.18570123118545345,0.0,None,24,,,500,,,0.0,0.0,0.8930426194386991,,,
R1,Composite,0.9964747961191758,0.9807844196142734,0.0,24,24,24.0,48.0,500,-0.22427234668576554,-2.3583496359664106e-05,20.259101163530516,5.109540947657425,0.7897111696977979,,,
R2,Seasonal,0.7025415874104564,0.8270766632259089,0.0,24,24,24.0,48.0,500,0.0,0.0,13.275983244684294,11.320711087932434,1.271748773404048,,,
R3,Stationary_WN,0.22259455750405865,0.1281293663910592,0.0,None,2,,,500,0.0,0.0,0.0,0.0,10.791767146389,,,
R4,Trending_RandomWalkDrift,0.9912511057927165,0.0,0.0,None,24,,,500,,,0.0,0.0,0.6578776389936792,,,-0.38635266538154656
R1,Composite,0.9994792594316163,0.9876780033865866,0.0,24,24,24.0,48.0,500,-0.3378461969325407,4.7018380070268365e-05,13.100397887518554,2.366056530621413,0.5607251118491996,,,
R2,Seasonal,0.7023899961510827,0.9644220391324921,0.0,24,24,24.0,48.0,500,0.0,0.0,25.501077099343327,8.969907423706207,1.0541910517694002,,,
R3,Stationary_WN,0.17408933090634438,0.2259669578903769,0.0,None,3,,,500,0.0,0.0,0.0,0.0,9.83267025753772,,,
R4,Trending_RandomWalkDrift,0.9945683420624163,0.8500918587627926,0.0,None,250,,,500,,,0.0,0.0,0.5639135386908216,,,-0.3015446296480376
R1,Composite,0.9988434181816414,0.9494796870768095,0.0,48,50,48.0,96.0,500,-0.3942683393376346,-4.620078708319374e-05,12.51356147720424,2.656510179938411,1.4106188631499328,,,
R2,Seasonal,0.3102538731600003,0.9567265568839324,0.0,48,50,48.0,96.0,500,0.0,0.0,21.020247238362373,4.461936752068029,1.85825029455743,,,
R3,Stationary_AR,0.06943085065297727,0.36400109686838855,0.0,None,62,,,500,0.0,0.0,0.0,0.0,5.0,0.5388110248955034,,
R4,Trending_RandomWalkDrift,0.9909367892662336,0.8685910871273407,0.0,None,250,,,500,,,0.0,0.0,0.8612072241001665,,,-0.4532218088117841
R1,Composite,0.9986117711911437,0.984874255304134,0.0,24,24,24.0,48.0,500,-0.3882348633083236,-4.028236800550119e-05,24.872475612967985,5.261123070429275,1.0415442395146117,,,
R2,Seasonal,0.5240886852818728,0.9880556360593447,0.0,24,24,24.0,48.0,500,0.0,0.0,27.357781249582334,4.026344414639374,1.6101694854213418,,,
R3,Stationary_AR,0.1053035368495836,0.22445369204081167,0.0,None,31,,,500,0.0,0.0,0.0,0.0,5.0,0.6316124766825191,,
R4,Trending_RandomWalkDrift,0.9938446751192448,0.2944232085976626,0.0,None,125,,,500,,,0.0,0.0,0.7275518887127566,,,-0.49783192639446083
R1,Composite,0.9954445521987344,0.9533812328744018,0.0,24,24,24.0,48.0,500,0.2947941312608399,-2.158969025137597e-05,17.668114778929265,6.701922140307731,1.3263668232624015,,,
R2,Seasonal,0.7107108556238013,0.9009365050537571,0.0,24,24,24.0,48.0,500,0.0,0.0,18.87763083156719,11.877795324864152,0.7532986656755067,,,
R3,Stationary_AR,0.2079988944082054,0.33786881336336905,0.0,None,17,,,500,0.0,0.0,0.0,0.0,5.0,0.5613154166562435,,
R4,Trending_MeanShift,0.9998940456829022,0.9995791982232132,0.0,None,250,,,500,,,0.0,0.0,1.3370551155865207,,250.0,
R1,Composite,0.9988010590912689,0.9671305559799133,0.0,48,50,48.0,96.0,500,0.3912242792871975,1.2208291611147938e-05,15.189580943899522,4.051951228863977,1.0139613479149419,,,
R2,Seasonal,0.5989727652328233,0.9154656249310974,0.0,48,50,48.0,96.0,500,0.0,0.0,16.26760547146587,7.635712483767197,1.9195342372907134,,,
R3,Stationary_AR,0.045366947260941926,0.21221451128483781,0.0,None,62,,,500,0.0,0.0,0.0,0.0,5.0,0.5248086488526004,,
R4,Trending_MeanShift,0.9999636135238,0.9998545595425602,0.0,None,250,,,500,,,0.0,0.0,0.8556931866112718,,250.0,
R1,Composite,0.998424590190746,0.9606078691424143,0.0,36,36,36.0,72.0,500,-0.19292530796784774,-2.138653945605404e-05,8.045822532792887,2.29793431077968,0.9959027188743398,,,
R2,Seasonal,0.7058166980240994,0.9913404062951432,0.0,36,36,36.0,72.0,500,0.0,0.0,29.911658599344513,5.1885492325322184,0.7065770232847252,,,
R3,Stationary_AR,0.24220437146016505,0.2780503074795927,0.0,None,16,,,500,0.0,0.0,0.0,0.0,5.0,0.544223446296199,,
R4,Trending_RandomWalkDrift,0.981171466437245,0.18249478638483319,0.0,None,24,,,500,,,0.0,0.0,1.1444079513581684,,,-0.2114379144661824
R1,Composite,0.9968155770121938,0.9778385747703278,0.0,48,50,48.0,96.0,500,0.2533530790683581,-1.4436229633850057e-05,18.864695049761806,3.178688334813806,1.409423478244681,,,
R2,Seasonal,0.6402512613884614,0.8934553453264015,0.0,48,50,48.0,96.0,500,0.0,0.0,15.71256139162321,8.845174441891082,1.5959466913461706,,,
R3,Stationary_WN,0.18464908735028973,0.07227812908796882,0.0,None,3,,,500,0.0,0.0,0.0,0.0,9.737778746885489,,,
R4,Trending_RandomWalkDrift,0.9926809643308904,0.00388883933017814,0.0,None,24,,,500,,,0.0,0.0,0.5495233286854416,,,-0.3306278356961333
R1,Composite,0.9973832368505723,0.9808432057038672,0.0,24,24,24.0,48.0,500,-0.2555870044844542,2.488862892949973e-05,17.99745217978633,4.39350766968287,0.8454346537792161,,,
R2,Seasonal,0.6919800584473245,0.9902873235833081,0.0,24,24,24.0,48.0,500,0.0,0.0,27.32706099675284,4.8361918024973,0.6684899258511521,,,
R3,Stationary_AR,0.21134891105568454,0.24038372886022186,0.0,None,16,,,500,0.0,0.0,0.0,0.0,5.0,0.5805032716321489,,
R4,Trending_MeanShift,0.9999868214284943,0.9999473178921559,0.0,None,250,,,500,,,0.0,0.0,0.8083065411160409,,250.0,
R1,Composite,0.998786260322015,0.9933844193729734,0.0,24,24,24.0,48.0,500,-0.19359912517250288,-2.6244040436750758e-05,17.936204104864974,2.261203501677355,0.6499050265810002,,,
R2,Seasonal,0.6775156803060756,0.9386824739517756,0.0,24,24,24.0,48.0,500,0.0,0.0,14.654731879225979,6.591877393916003,1.2465321272331837,,,
R3,Stationary_AR,0.045600736072455184,0.22776397779772162,0.0,None,125,,,500,0.0,0.0,0.0,0.0,5.0,0.45111349500523035,,
R4,Trending_MeanShift,0.9998862599168363,0.9995441068369629,0.0,None,250,,,500,,,0.0,0.0,0.759584133856886,,250.0,
R1,Composite,0.9967326256223469,0.9313938443498191,0.0,36,36,36.0,72.0,500,-0.35209788406516207,4.915161326592321e-05,14.149244390819867,7.159403690923325,0.8925806358352717,,,
R2,Seasonal,0.678142363625966,0.9012299921926279,0.0,36,36,36.0,72.0,500,0.0,0.0,10.530357239679535,6.2213775027428815,1.1812847058410862,,,
R3,Stationary_AR,0.019855605041748103,0.36422729874528414,0.0,None,100,,,500,0.0,0.0,0.0,0.0,5.0,0.642817541594181,,
R4,Trending_MeanShift,0.9999771363657358,0.9999086900359577,0.0,None,250,,,500,,,0.0,0.0,0.6448247581001902,,250.0,
R1,Composite,0.9972953077216473,0.9896958327766735,0.0,12,12,12.0,24.0,500,-0.22935714624886228,2.8674771463298913e-05,22.535866907140214,4.469297197821939,0.511285194363544,,,
R2,Seasonal,0.7516885191396656,0.854698671057954,0.0,12,12,12.0,24.0,500,0.0,0.0,12.80166407306787,10.551695845399424,0.7303879373184,,,
R3,Stationary_WN,0.08142112115540001,0.21807494328428767,0.0,None,6,,,500,0.0,0.0,0.0,0.0,10.500209368375039,,,
R4,Trending_MeanShift,0.999988097459372,0.9999523071008956,0.0,None,250,,,500,,,0.0,0.0,0.5342281389342808,,250.0,
R1,Composite,0.9981618233553531,0.940630586350543,0.0,24,24,24.0,48.0,500,0.369879085339031,-4.498483860796569e-05,12.079323723269107,5.287195663614451,0.915025329496886,,,
R2,Seasonal,0.5935997934233314,0.9566387699008827,0.0,24,24,24.0,48.0,500,0.0,0.0,14.47781884195084,4.452407415816193,1.6967098788279569,,,
R3,Stationary_AR,0.09987001317442701,0.19379685157228232,0.0,None,28,,,500,0.0,0.0,0.0,0.0,5.0,0.4113873677007156,,
R4,Trending_RandomWalkDrift,0.9860004554388037,0.9290787357459701,0.0,None,250,,,500,,,0.0,0.0,1.1391080332979922,,,0.37738702601280316
R1,Composite,0.9866085172908985,0.9805955983023786,0.0,48,50,48.0,96.0,500,-0.12064039644419361,4.4400644430687905e-05,16.373224864089963,2.246312766516506,0.9651142414533532,,,
R2,Seasonal,0.6593429460310203,0.9400301156128021,0.0,48,50,48.0,96.0,500,0.0,0.0,23.37643326194448,10.084869032309147,0.7215430332952244,,,
R3,Stationary_AR,0.15707224117571816,0.21311217074384725,0.0,None,21,,,500,0.0,0.0,0.0,0.0,5.0,0.48380756373052836,,
R4,Trending_ExponentialGrowth,0.9947718386114077,0.25260934013717407,0.0,None,24,,,500,,,0.0,0.0,0.773443708310165,,,
R1,Composite,0.9543760957492438,0.9046515137998437,0.0,36,36,36.0,72.0,500,0.10415764137177341,-4.062294240760051e-05,11.887894295067976,6.826422872162012,1.419439600569218,,,
R2,Seasonal,0.7125621354624063,0.9617289987709695,0.0,36,36,36.0,72.0,500,0.0,0.0,25.2816295380187,9.497838411958046,0.9763181472536133,,,
R3,Stationary_WN,0.14234306620632797,0.1460301318596665,0.0,None,4,,,500,0.0,0.0,0.0,0.0,10.353365375556418,,,
R4,Trending_ExponentialGrowth,0.9959879237653874,0.2969919395101983,0.0,None,24,,,500,,,0.0,0.0,0.9337422377699571,,,
R1,Composite,0.9967412771043976,0.8665714648177667,0.0,24,24,24.0,48.0,500,0.31137419128502564,3.0181736345651216e-05,9.530789421624739,6.495824881404023,1.2790157347564426,,,
R2,Seasonal,0.7042269265418166,0.8809818021761014,0.0,24,24,24.0,48.0,500,0.0,0.0,12.199827194725717,8.373337827705253,0.8042318503074151,,,
R3,Stationary_AR,0.33090540176563177,0.16150429745274908,0.0,None,11,,,500,0.0,0.0,0.0,0.0,5.0,0.6345914256603006,,
R4,Trending_MeanShift,0.999863766011347,0.9994576355975211,0.0,None,250,,,500,,,0.0,0.0,1.2527557468032688,,250.0,
R1,Composite,0.9982334599875156,0.9173953707936798,0.0,24,24,24.0,48.0,500,-0.3885685655160326,2.8977742657837934e-05,10.482372424829325,5.5674338786259545,1.1011657379865816,,,
R2,Seasonal,0.6447623427285935,0.9814637512102357,0.0,24,24,24.0,48.0,500,0.0,0.0,21.337306999519683,4.755288874521879,1.2670930992942915,,,
R3,Stationary_WN,0.10490718144603839,0.2388428994414672,0.0,None,11,,,500,0.0,0.0,0.0,0.0,5.144390842138913,,,
R4,Trending_ExponentialGrowth,0.9979236712095463,0.246011326862562,0.0,None,24,,,500,,,0.0,0.0,0.6446753832785993,,,
R1,Composite,0.9972045408554946,0.9249953000882558,0.0,48,50,48.0,96.0,500,-0.38426579058117827,-4.8397820907826285e-05,15.441528114917531,7.229645353314283,0.9224085837617034,,,
R2,Seasonal,0.605946849158765,0.9648034446060988,0.0,48,50,48.0,96.0,500,0.0,0.0,24.36661066304072,7.327382694576806,1.3778793218558407,,,
R3,Stationary_AR,0.14152393687279163,0.3619048915962564,0.0,None,22,,,500,0.0,0.0,0.0,0.0,5.0,0.46635117668328285,,
R4,Trending_MeanShift,0.9999295213340899,0.9997186131467013,0.0,None,250,,,500,,,0.0,0.0,1.3882075153080087,,250.0,
R1,Composite,0.9988218963172313,0.9879309775410207,0.0,36,36,36.0,72.0,500,-0.21898273251481679,-3.815514752777829e-05,15.063228138705478,2.7384232600980294,0.6592738343994919,,,
R2,Seasonal,0.7033699497031481,0.941487353543411,0.0,36,36,36.0,72.0,500,0.0,0.0,22.56048744990703,10.38495002529044,1.2511507709182015,,,
R3,Stationary_AR,0.25218254145999963,0.337701252930821,0.0,None,11,,,500,0.0,0.0,0.0,0.0,5.0,0.44085063618605447,,
R4,Trending_MeanShift,0.9999646362902609,0.9998585785232699,0.0,None,250,,,500,,,0.0,0.0,0.9058485317394825,,250.0,
R1,Composite,0.9917817170799715,0.9566782972613759,0.0,24,24,24.0,48.0,500,-0.195450680769164,-2.4389973310352528e-05,18.083373521645694,7.008129908568254,0.8198248371302231,,,
R2,Seasonal,0.6512745261306745,0.9883052703729183,0.0,24,24,24.0,48.0,500,0.0,0.0,27.31950033219415,4.936482936434161,1.157770316671051,,,
R3,Stationary_AR,0.2852704494399262,0.39702667905782507,0.0,None,23,,,500,0.0,0.0,0.0,0.0,5.0,0.6713044722820034,,
R4,Trending_ExponentialGrowth,0.9991897323924769,0.31748941833008193,0.0,None,24,,,500,,,0.0,0.0,0.7884071160322698,,,
R1,Composite,0.9968742486424561,0.9737582041761086,0.0,12,12,12.0,24.0,500,-0.3303893848236281,2.0614720485869153e-05,22.42562777799431,6.838053534582558,1.129506205312155,,,
R2,Seasonal,0.6806324638849106,0.9865534795850623,0.0,12,12,12.0,24.0,500,0.0,0.0,29.53017083892049,6.044291630719813,1.6464688310447755,,,
R3,Stationary_AR,0.12295454708935405,0.2789128021830398,0.0,None,19,,,500,0.0,0.0,0.0,0.0,5.0,0.4846306827980395,,
R4,Trending_MeanShift,0.9999838239867482,0.9999355196641732,0.0,None,250,,,500,,,0.0,0.0,0.5866078426155655,,250.0,
R1,Composite,0.9930270724663183,0.9013603812201166,0.0,24,24,24.0,48.0,500,-0.1857724818119646,3.560453892874582e-05,8.620024757312672,5.090538287699763,0.9200106873595612,,,
R2,Seasonal,0.6919796508944047,0.9490771001656385,0.0,24,24,24.0,48.0,500,0.0,0.0,26.27997807829909,10.856559779548576,1.542457648724928,,,
R3,Stationary_AR,0.14838313102972978,0.26054118964459516,0.0,None,15,,,500,0.0,0.0,0.0,0.0,5.0,0.4833735352317522,,
R4,Trending_ExponentialGrowth,0.9952421496408642,0.27386857723069846,0.0,None,24,,,500,,,0.0,0.0,0.9228959629002619,,,
R1,Composite,0.9896540737320373,0.8957308197640703,0.0,36,36,36.0,72.0,500,-0.18408834281936254,3.340335344461983e-05,10.381539484081689,6.33404249431702,1.0346744033468869,,,
R2,Seasonal,0.7116998812827904,0.8474752015192919,0.0,36,36,36.0,72.0,500,0.0,0.0,14.665813723738255,11.628170376432216,1.1006832087117717,,,
R3,Stationary_WN,0.11065419180321878,0.18765105356266598,0.0,None,5,,,500,0.0,0.0,0.0,0.0,11.865191660069797,,,
R4,Trending_ExponentialGrowth,0.9872656528262422,0.23073313306255772,0.0,None,24,,,500,,,0.0,0.0,1.2478257931914705,,,
R1,Composite,0.9981692380256539,0.9646917110915814,0.0,36,36,36.0,72.0,500,0.38157378331241276,1.683250125813074e-05,17.768697436269274,6.253532505523031,0.9274478444049068,,,
R2,Seasonal,0.6918005111041667,0.8712903739855544,0.0,36,36,36.0,72.0,500,0.0,0.0,12.79352954589329,8.962222311457698,1.294268632753184,,,
R3,Stationary_WN,0.14921276211790835,0.19867204778233694,0.0,None,6,,,500,0.0,0.0,0.0,0.0,7.624196802910821,,,
R4,Trending_ExponentialGrowth,0.9856159905660105,0.29094321095304787,0.0,None,24,,,500,,,0.0,0.0,1.392975468156303,,,
R1,Composite,0.9993523075225075,0.9950861932514289,0.0,12,12,12.0,24.0,500,0.3014378474521475,-3.331696522599096e-05,21.049924986349588,2.423755472927594,0.6193410947921899,,,
R2,Seasonal,0.7517992757495643,0.9045914626853883,0.0,12,12,12.0,24.0,500,0.0,0.0,15.197864386600823,9.8438497026635,0.6491052547797362,,,
R3,Stationary_WN,0.08178329535971796,0.238794491482183,0.0,None,5,,,500,0.0,0.0,0.0,0.0,7.133759841051674,,,
R4,Trending_RandomWalkDrift,0.9773560971785555,0.6462663094012138,0.0,None,167,,,500,,,0.0,0.0,1.281432967640391,,,0.2623759391202841
R1,Composite,0.9977262618710904,0.9740393107078222,0.0,24,24,24.0,48.0,500,0.3492285523939622,-2.0221164175592905e-05,20.17842173544678,6.101878391263576,0.6894720145789219,,,
R2,Seasonal,0.6977261636762739,0.9345425939680985,0.0,24,24,24.0,48.0,500,0.0,0.0,14.679648160332466,7.225786802717156,0.8812927677581369,,,
R3,Stationary_WN,0.09332129518999766,0.27317683745833266,0.0,None,11,,,500,0.0,0.0,0.0,0.0,8.431927071361738,,,
R4,Trending_MeanShift,0.9999532399464546,0.9998126593098531,0.0,None,250,,,500,,,0.0,0.0,1.1732191874319162,,250.0,
R1,Composite,0.9984489621722407,0.9357804427589169,0.0,24,24,24.0,48.0,500,0.3600710927724817,2.1071662651075307e-05,11.311163975523257,4.738599287846684,1.3664662688165867,,,
R2,Seasonal,0.7023733502623112,0.957134724769877,0.0,24,24,24.0,48.0,500,0.0,0.0,28.448979204781374,11.152987064716598,1.2546169257186066,,,
R3,Stationary_AR,0.274374262086142,0.2317899426406268,0.0,None,12,,,500,0.0,0.0,0.0,0.0,5.0,0.5772582489066109,,
R4,Trending_RandomWalkDrift,0.9876262159627326,0.15051448998165873,0.0,None,24,,,500,,,0.0,0.0,0.6287579289246776,,,0.3062826658423351
R1,Composite,0.9980591605044752,0.9754552687241954,0.0,36,36,36.0,72.0,500,-0.2428913626707125,-1.1988227546794406e-05,14.099220702145692,3.4747470446860116,1.0461665169456489,,,
R2,Seasonal,0.7202776447690256,0.9693159718388831,0.0,36,36,36.0,72.0,500,0.0,0.0,27.430017761367413,9.338935988984868,0.5918768758910291,,,
R3,Stationary_WN,0.14342443438139008,0.14531807758915471,0.0,None,3,,,500,0.0,0.0,0.0,0.0,7.809639564919816,,,
R4,Trending_ExponentialGrowth,0.9898471093721921,0.3157803311123021,0.0,None,24,,,500,,,0.0,0.0,0.9222400278905543,,,
R1,Composite,0.988052814626691,0.9588368838925393,0.0,24,24,24.0,48.0,500,-0.12027768014255802,-4.427582990399859e-05,15.440474872967915,5.946050520653738,0.6110172492991858,,,
R2,Seasonal,0.7071887033957647,0.8799461799308154,0.0,24,24,24.0,48.0,500,0.0,0.0,11.641595767042894,8.11156730659416,0.5918832985083525,,,
R3,Stationary_WN,0.20041963312490596,0.13140616973634545,0.0,None,3,,,500,0.0,0.0,0.0,0.0,13.73437088959979,,,
R4,Trending_MeanShift,0.9999786693510885,0.9999144854089781,0.0,None,250,,,500,,,0.0,0.0,0.9894559643058127,,250.0,
R1,Composite,0.998763642024543,0.9889436273427694,0.0,24,24,24.0,48.0,500,-0.32698979121590066,-3.1535427187759906e-05,23.167300038718533,3.279074673616248,1.4114947257449835,,,
R2,Seasonal,0.5329005358851426,0.9529412411142192,0.0,24,24,24.0,48.0,500,0.0,0.0,13.652459419798193,4.111507791657593,1.5613210394777912,,,
R3,Stationary_WN,0.151417563806597,0.2667244031121586,0.0,None,7,,,500,0.0,0.0,0.0,0.0,9.309627847580936,,,
R4,Trending_ExponentialGrowth,0.9991362873875473,0.28135098917588497,0.0,None,24,,,500,,,0.0,0.0,0.696569311939443,,,
R1,Composite,0.9974022036952445,0.9528746023040421,0.0,36,36,36.0,72.0,500,0.33776055802147176,4.7036150531851315e-05,16.907090589200372,6.562875458662655,1.2547519087150127,,,
R2,Seasonal,0.6603089094612504,0.9489925658213535,0.0,36,36,36.0,72.0,500,0.0,0.0,22.948712065358855,8.99544401654967,1.9871023063006024,,,
R3,Stationary_AR,0.0007823338669983304,0.3312872630414285,0.0,None,125,,,500,0.0,0.0,0.0,0.0,5.0,0.44313375105226344,,
R4,Trending_RandomWalkDrift,0.8581942901539769,0.8997367439921892,0.0,None,250,,,500,,,0.0,0.0,0.8620794731389679,,,-0.15918118325657807
R1,Composite,0.9979323573479535,0.98322422558869,0.0,12,12,12.0,24.0,500,0.32269206623816016,3.439558293217181e-05,24.155508740965555,5.660759456402955,1.2504863383583453,,,
R2,Seasonal,0.7238497631571773,0.9793789306507201,0.0,12,12,12.0,24.0,500,0.0,0.0,18.618153828038608,4.983622828446945,0.8586360869011828,,,
R3,Stationary_AR,0.1350193971700825,0.20277294089806275,0.0,None,18,,,500,0.0,0.0,0.0,0.0,5.0,0.4197628717054408,,
R4,Trending_ExponentialGrowth,0.9875846296746307,0.2861097716618335,0.0,None,24,,,500,,,0.0,0.0,1.1702743375968012,,,
R1,Composite,0.9765651765933037,0.9764899335254936,0.0,36,36,36.0,72.0,500,-0.10030687425991021,1.287727696352315e-05,19.55773441541035,4.637224548372685,1.38804871922562,,,
R2,Seasonal,0.7166638469465871,0.9716806232376639,0.0,36,36,36.0,72.0,500,0.0,0.0,22.512112918422062,7.296451798185493,0.5756574699676311,,,
R3,Stationary_AR,0.19749710089052963,0.3089128472810394,0.0,None,12,,,500,0.0,0.0,0.0,0.0,5.0,0.44651207018995503,,
R4,Trending_ExponentialGrowth,0.9994281533976656,0.2814648806204654,0.0,None,24,,,500,,,0.0,0.0,0.8034672911169126,,,
R1,Composite,0.9968921642823658,0.9835054666541944,0.0,24,24,24.0,48.0,500,0.20947749951491826,2.9266626840407584e-05,19.53040121611779,3.974799796904784,1.1409416578777969,,,
R2,Seasonal,0.6523060070742699,0.9346097309257049,0.0,24,24,24.0,48.0,500,0.0,0.0,17.9617454388613,7.996000917971031,1.764294031631647,,,
R3,Stationary_AR,0.09965525806199937,0.2806716629036252,0.0,None,22,,,500,0.0,0.0,0.0,0.0,5.0,0.5182848242316208,,
R4,Trending_RandomWalkDrift,0.9553833623662202,0.494999894401597,0.0,None,250,,,500,,,0.0,0.0,1.1847450341264794,,,-0.3707465900752759
R1,Composite,0.9962419124724619,0.9142832498424713,0.0,48,50,48.0,96.0,500,-0.29521735122371295,1.3323819264730827e-05,11.585411845327334,5.71801295134369,1.071490825422432,,,
R2,Seasonal,0.6477670223430557,0.9544767493851951,0.0,48,50,48.0,96.0,500,0.0,0.0,23.54697800824796,8.742237022987757,1.0148505308669586,,,
R3,Stationary_WN,0.04665080290561663,0.32274604319914557,0.0,None,23,,,500,0.0,0.0,0.0,0.0,6.826281991900266,,,
R4,Trending_MeanShift,0.9999418918536139,0.9997683533479123,0.0,None,250,,,500,,,0.0,0.0,1.0000467385488956,,250.0,
R1,Composite,0.9894303935081855,0.914888589079643,0.0,48,50,48.0,96.0,500,-0.2281842004653704,4.581522252704327e-05,14.122317740329112,6.513523911754892,1.4640248753812473,,,
R2,Seasonal,0.014362824874750935,0.9750608589596339,0.0,48,100,48.0,96.0,500,0.0,0.0,10.04956405114185,9.93961090022172,1.3298692807436892,,,
R3,Stationary_WN,0.13521407436363964,0.25219963927488986,0.0,None,6,,,500,0.0,0.0,0.0,0.0,5.8808042002233405,,,
R4,Trending_ExponentialGrowth,0.9979862995489059,0.20906595845071496,0.0,None,24,,,500,,,0.0,0.0,1.2520919307224068,,,
R1,Composite,0.9954943955932019,0.9907245956283872,0.0,12,12,12.0,24.0,500,0.11188898009098898,3.6984917110170166e-05,18.601495324481427,3.059353293417173,0.7832925853084473,,,
R2,Seasonal,0.6531653350964294,0.9714632433768435,0.0,12,12,12.0,24.0,500,0.0,0.0,20.445216541236793,5.515416374310461,1.7670354196154412,,,
R3,Stationary_WN,0.01566123157042887,0.15619171151677735,0.0,None,26,,,500,0.0,0.0,0.0,0.0,14.044509352034131,,,
R4,Trending_ExponentialGrowth,0.9987361520201317,0.19379187618397808,0.0,None,24,,,500,,,0.0,0.0,0.8083552110114319,,,
R1,Composite,0.9833796469015148,0.9750590166186964,0.0,24,24,24.0,48.0,500,-0.15653490682729798,4.044856059676572e-05,22.596999790927526,5.852489305085453,1.4415366069251219,,,
R2,Seasonal,0.7022228789471392,0.9785029204635901,0.0,24,24,24.0,48.0,500,0.0,0.0,28.440574231419934,7.823897914141033,0.8637361489274038,,,
R3,Stationary_WN,0.18647018934674753,0.1481512342643747,0.0,None,3,,,500,0.0,0.0,0.0,0.0,10.646322528881033,,,
R4,Trending_ExponentialGrowth,0.998439909749399,0.1272316600292146,0.0,None,24,,,500,,,0.0,0.0,0.5280134757970324,,,
R1,Composite,0.9977937570239285,0.988686390349773,0.0,36,36,36.0,72.0,500,-0.26322044845523485,2.3551390858678992e-05,22.73711149119537,2.729844901293632,1.4119323791170868,,,
R2,Seasonal,0.43068150216148693,0.9665234518060491,0.0,36,36,36.0,72.0,500,0.0,0.0,18.714739479452724,4.101296515190734,1.8718198648340594,,,
R3,Stationary_WN,0.12767417915841128,0.058500149709507454,0.0,None,2,,,500,0.0,0.0,0.0,0.0,7.879671505978254,,,
R4,Trending_ExponentialGrowth,0.9914203909411077,0.1791105496349633,0.0,None,24,,,500,,,0.0,0.0,1.0930211238075735,,,
R1,Composite,0.9992727563529048,0.9930480937762901,0.0,12,12,12.0,24.0,500,-0.3705977507827576,3.676250462361461e-05,23.232721301280847,2.8268471938830295,1.0427488736333648,,,
R2,Seasonal,0.6834319676965956,0.9727997539558657,0.0,12,12,12.0,24.0,500,0.0,0.0,23.591914669659943,6.5554097080387965,1.863149872006649,,,
R3,Stationary_AR,0.1624524157950017,0.29216183967025844,0.0,None,24,,,500,0.0,0.0,0.0,0.0,5.0,0.5129407989276683,,
R4,Trending_RandomWalkDrift,0.9826832654944,0.1029464266118224,0.0,None,24,,,500,,,0.0,0.0,0.6620292815098371,,,-0.10003229188915426
R1,Composite,0.9976579366555922,0.9613479433875488,0.0,48,50,48.0,96.0,500,-0.3629958062653861,4.970532579354851e-05,16.463010904479592,5.378221368427025,0.8144343464435421,,,
R2,Seasonal,0.6642129069542311,0.8703842421164183,0.0,48,50,48.0,96.0,500,0.0,0.0,17.951154673668054,11.769344854719431,1.6575223681245215,,,
R3,Stationary_WN,0.1291536773041565,0.16119004386207725,0.0,None,5,,,500,0.0,0.0,0.0,0.0,13.437198219943035,,,
R4,Trending_RandomWalkDrift,0.9602710312411814,0.6882869614769667,0.0,None,167,,,500,,,0.0,0.0,1.2900966324368763,,,-0.11119038559999615
R1,Composite,0.9979391571672236,0.9563335428484347,0.0,48,50,48.0,96.0,500,-0.3523114185497034,3.928640587384514e-05,14.326542015072729,4.208268736171801,1.212207596911898,,,
R2,Seasonal,0.5762294755081361,0.9586381471944185,0.0,48,50,48.0,96.0,500,0.0,0.0,14.116029828570953,4.266453290097929,1.0585272417676086,,,
R3,Stationary_WN,0.16770431242999118,0.13407065786026728,0.0,None,2,,,500,0.0,0.0,0.0,0.0,11.249347571586988,,,
R4,Trending_MeanShift,0.9999857740447691,0.9999430058537645,0.0,None,250,,,500,,,0.0,0.0,0.6215295550593172,,250.0,
R1,Composite,0.9973150299577881,0.9435441539468568,0.0,48,50,48.0,96.0,500,0.25720267888556947,-2.0587578284241122e-05,10.919686886305167,3.9502097533763454,0.8747125047232335,,,
R2,Seasonal,0.668364694578996,0.9033429273246819,0.0,48,50,48.0,96.0,500,0.0,0.0,13.396084404709235,7.607564000328137,0.8124959263493104,,,
R3,Stationary_WN,0.11737253835702444,0.143635079287468,0.0,None,3,,,500,0.0,0.0,0.0,0.0,13.006470993727277,,,
R4,Trending_RandomWalkDrift,0.9881193124081257,0.053093002527071165,0.0,None,24,,,500,,,0.0,0.0,1.324247562365941,,,0.2264198599216937
R1,Composite,0.9964987712523667,0.9218543011857468,0.0,12,12,12.0,24.0,500,-0.32965794265239634,-2.8963389187680808e-05,14.285048315434107,7.818599218357184,1.2360640252348374,,,
R2,Seasonal,0.7210873534655065,0.9643082101760349,0.0,12,12,12.0,24.0,500,0.0,0.0,25.59533537337478,9.050333339766542,1.6944892691672522,,,
R3,Stationary_AR,0.08077319920109427,0.27288830691660504,0.0,None,21,,,500,0.0,0.0,0.0,0.0,5.0,0.5393124821321553,,
R4,Trending_RandomWalkDrift,0.9860453068482239,0.4862202876328007,0.0,None,167,,,500,,,0.0,0.0,0.9990575971314698,,,0.3048644135556522
R1,Composite,0.9977221561187724,0.9273287560165634,0.0,12,12,12.0,24.0,500,-0.34558232253461474,2.570689369737955e-05,11.567174217922856,6.372859302364827,0.6711637090047893,,,
R2,Seasonal,0.7383379517725089,0.9475737375229065,0.0,12,12,12.0,24.0,500,0.0,0.0,25.705070494081465,11.540936364625829,1.5191417423552842,,,
R3,Stationary_WN,0.18497748086821342,0.12341549189456935,0.0,None,2,,,500,0.0,0.0,0.0,0.0,7.709825439819641,,,
R4,Trending_ExponentialGrowth,0.9740084638502677,0.25957178795707325,0.0,None,24,,,500,,,0.0,0.0,1.2867312064934213,,,
R1,Composite,0.9838847852776614,0.9663654176050009,0.0,12,12,12.0,24.0,500,-0.16872587479667756,3.7276305173008954e-05,21.7280415220868,7.938143961533197,0.7707434206535517,,,
R2,Seasonal,0.7473635756823149,0.958147147812315,0.0,12,12,12.0,24.0,500,0.0,0.0,27.261988062045926,11.163507814462148,1.1588810106005707,,,
R3,Stationary_AR,0.07153682723214794,0.32448699450885254,0.0,None,62,,,500,0.0,0.0,0.0,0.0,5.0,0.6022501733856074,,
R4,Trending_ExponentialGrowth,0.9843609658679634,0.1902719613536038,0.0,None,24,,,500,,,0.0,0.0,0.9300872444749749,,,
R1,Composite,0.9891631555092841,0.973614453610876,0.0,24,24,24.0,48.0,500,-0.18526283410448996,-1.3842621329779728e-05,24.940459556256833,7.621107906203377,0.6603537845805786,,,
R2,Seasonal,0.6957070886494092,0.9612387017370085,0.0,24,24,24.0,48.0,500,0.0,0.0,10.820191689153425,4.017187130170367,0.5738026299350203,,,
R3,Stationary_AR,0.2428329491416864,0.21685955262881573,0.0,None,8,,,500,0.0,0.0,0.0,0.0,5.0,0.4116414333913407,,
R4,Trending_ExponentialGrowth,0.9651613292215804,0.20144540152072143,0.0,None,24,,,500,,,0.0,0.0,1.4816386877654242,,,
R1,Composite,0.9959771362203357,0.957337967500196,0.0,48,50,48.0,96.0,500,0.2707196000536797,-2.908759555492636e-05,15.79829158910223,5.0859160349038035,1.1324177723697262,,,
R2,Seasonal,0.4903683144355724,0.976335129713043,0.0,48,50,48.0,96.0,500,0.0,0.0,26.570160902976248,5.228590849823381,1.4163239897669861,,,
R3,Stationary_AR,0.00666381527841553,0.22868307827774892,0.0,None,125,,,500,0.0,0.0,0.0,0.0,5.0,0.4268012377935592,,
R4,Trending_MeanShift,0.9999218887693659,0.9996889935313565,0.0,None,250,,,500,,,0.0,0.0,0.6822770578015857,,250.0,
R1,Composite,0.9980552957392865,0.8931024404985946,0.0,12,12,12.0,24.0,500,-0.3534592579408897,-2.9971906697824976e-05,9.623371906001985,6.283299325941151,1.0402283522808462,,,
R2,Seasonal,0.7493605693878527,0.9739481405770424,0.0,12,12,12.0,24.0,500,0.0,0.0,27.819144463636725,9.031543669787407,0.7586626551174085,,,
R3,Stationary_WN,0.136246893878314,0.17175989133459935,0.0,None,3,,,500,0.0,0.0,0.0,0.0,11.860284637770267,,,
R4,Trending_MeanShift,0.9996961375547071,0.9987818530828285,0.0,None,250,,,500,,,0.0,0.0,1.4059733929783746,,250.0,
R1,Composite,0.9988680205331626,0.9929196510045637,0.0,24,24,24.0,48.0,500,0.278225831310038,1.3200474155640141e-05,23.10435797129133,3.1835978090781767,0.7833441478315417,,,
R2,Seasonal,0.6404155100205607,0.9355157360911188,0.0,24,24,24.0,48.0,500,0.0,0.0,15.46969487578344,6.762109199748999,1.8621637978498324,,,
R3,Stationary_AR,0.1409342390176832,0.2610746636354382,0.0,None,50,,,500,0.0,0.0,0.0,0.0,5.0,0.6374966994296498,,
R4,Trending_MeanShift,0.9999126288488661,0.9996507402618158,0.0,None,250,,,500,,,0.0,0.0,1.106564448287609,,250.0,
R1,Composite,0.9986651277959611,0.9661125013372676,0.0,12,12,12.0,24.0,500,-0.265150896724465,-2.340465479434717e-05,10.949067126870819,2.0419937699510187,1.3678715094627687,,,
R2,Seasonal,0.7059362430018078,0.9347952278081059,0.0,12,12,12.0,24.0,500,0.0,0.0,11.80943588714312,5.500036758496518,1.1819951217031355,,,
R3,Stationary_WN,0.13600492249694485,0.08583123112400348,0.0,None,4,,,500,0.0,0.0,0.0,0.0,7.587581914801928,,,
R4,Trending_RandomWalkDrift,0.9994016214704761,0.9805159112076678,0.0,None,250,,,500,,,0.0,0.0,1.2863552726673784,,,0.28224985696974275
R1,Composite,0.9981744752526617,0.9317635442384294,0.0,24,24,24.0,48.0,500,-0.378624861742479,-1.763896666397192e-05,12.270614924865654,5.187066690476601,1.47789764546603,,,
R2,Seasonal,0.7081367186233666,0.8417426859600157,0.0,24,24,24.0,48.0,500,0.0,0.0,11.377953283440974,9.323198663331524,0.607051785298155,,,
R3,Stationary_AR,0.0,0.19333101547451215,0.0,None,125,,,500,0.0,0.0,0.0,0.0,5.0,0.5743330450872145,,
R4,Trending_ExponentialGrowth,0.9961893271360345,0.24097984581670373,0.0,None,24,,,500,,,0.0,0.0,1.396874801721194,,,
R1,Composite,0.9852904157166513,0.9275612957364979,0.0,12,12,12.0,24.0,500,0.1378463741518114,-4.519171470339862e-05,10.425247443281986,5.600382370064988,0.7474774637695705,,,
R2,Seasonal,0.7494394717538627,0.9620027355263363,0.0,12,12,12.0,24.0,500,0.0,0.0,29.236338747436747,11.466612864007896,1.0395174426928298,,,
R3,Stationary_AR,0.09403914297462201,0.266118993713914,0.0,None,33,,,500,0.0,0.0,0.0,0.0,5.0,0.5906332917885507,,
R4,Trending_ExponentialGrowth,0.9976893755720102,0.23664190704015986,0.0,None,24,,,500,,,0.0,0.0,0.7550155465765902,,,
R1,Composite,0.9844774809962535,0.9670677469438252,0.0,36,36,36.0,72.0,500,-0.1534152309501764,-1.2415080282693417e-05,22.750167168263232,7.9472439648742945,0.534660415782191,,,
R2,Seasonal,0.5301281600591923,0.9702412267969764,0.0,36,36,36.0,72.0,500,0.0,0.0,20.348498147160647,4.7500018200118,1.983066192313988,,,
R3,Stationary_WN,0.18932912329464868,0.24293067902097865,0.0,None,5,,,500,0.0,0.0,0.0,0.0,13.48491059878736,,,
R4,Trending_RandomWalkDrift,0.9956663529919338,0.06757655900566817,0.0,None,24,,,500,,,0.0,0.0,0.5738862168977404,,,-0.17935040859261642
R1,Composite,0.9956989467611256,0.9581588845577983,0.0,24,24,24.0,48.0,500,0.3040388753426114,-2.538759089584711e-05,18.685194216023827,6.291263369730954,1.494252747034618,,,
R2,Seasonal,0.7011189484469884,0.9267159104789221,0.0,24,24,24.0,48.0,500,0.0,0.0,17.44107059575926,8.932732543432962,0.950651070328632,,,
R3,Stationary_AR,0.197776801041869,0.2264293303864694,0.0,None,28,,,500,0.0,0.0,0.0,0.0,5.0,0.6966876967962338,,
R4,Trending_RandomWalkDrift,0.989009247335807,0.30602789400935426,0.0,None,24,,,500,,,0.0,0.0,0.5742901819897842,,,0.1829451967919853
R1,Composite,0.985728828136945,0.9730546100819493,0.0,48,50,48.0,96.0,500,-0.1430477160293083,-4.840932070746509e-05,24.316205144990203,6.539020587114249,0.7516552308031837,,,
R2,Seasonal,0.669561239062898,0.9383961262050181,0.0,48,50,48.0,96.0,500,0.0,0.0,25.64143375347267,11.34044510075117,1.2406420714074036,,,
R3,Stationary_WN,0.17280527059085726,0.1361675397754668,0.0,None,3,,,500,0.0,0.0,0.0,0.0,6.746460554487841,,,
R4,Trending_RandomWalkDrift,0.9848602030045995,0.13159455343993265,0.0,None,24,,,500,,,0.0,0.0,0.7735322765946469,,,0.2633690966947958
R1,Composite,0.9937320961394801,0.914480547142495,0.0,48,50,48.0,96.0,500,-0.22895503299780573,3.104771124324872e-05,11.212066143092759,6.010697422418668,0.6186329618547338,,,
R2,Seasonal,0.2795687047796592,0.9479244799744051,0.0,48,50,48.0,96.0,500,0.0,0.0,19.340118102598467,4.397718879679444,0.953980839920265,,,
R3,Stationary_AR,0.09168120852918993,0.2487937917130616,0.0,None,71,,,500,0.0,0.0,0.0,0.0,5.0,0.6267593633538981,,
R4,Trending_RandomWalkDrift,0.9896101426891241,0.8244680141433267,0.0,None,250,,,500,,,0.0,0.0,0.6682534629392046,,,-0.43301851916987355
R1,Composite,0.9985204461855559,0.9621297041266612,0.0,48,50,48.0,96.0,500,0.30090981603419703,-4.193478849150849e-05,11.026278021427547,2.0810508869124162,1.2228379836471543,,,
R2,Seasonal,0.6578119701184246,0.916295281688827,0.0,48,50,48.0,96.0,500,0.0,0.0,20.361741969161383,10.520039625871693,1.5853609232688441,,,
R3,Stationary_WN,0.06730641348850364,0.3150715195841737,0.0,None,19,,,500,0.0,0.0,0.0,0.0,14.797535711687502,,,
R4,Trending_MeanShift,0.9999323049389091,0.9997289834615949,0.0,None,250,,,500,,,0.0,0.0,1.2192848552044926,,250.0,
R1,Composite,0.9975107876789806,0.9766188355099716,0.0,12,12,12.0,24.0,500,0.30156223014048233,-3.855394099153931e-05,18.58151080924003,5.637484765528999,0.697315632592777,,,
R2,Seasonal,0.5749328240953773,0.9822719711362103,0.0,12,12,12.0,24.0,500,0.0,0.0,24.18645350866054,4.511111484060464,1.7955090075876607,,,
R3,Stationary_WN,0.19876029796108075,0.1281068985463284,0.0,None,3,,,500,0.0,0.0,0.0,0.0,6.814250260987475,,,
R4,Trending_RandomWalkDrift,0.9972873399443513,0.9490675243112029,0.0,None,250,,,500,,,0.0,0.0,1.4326216683584097,,,0.2580592215798419
R1,Composite,0.9993891476448576,0.9865632658132285,0.0,12,12,12.0,24.0,500,-0.3771968295464243,-3.0342783093071713e-05,17.001940775358396,3.656906482502748,0.635944135094892,,,
R2,Seasonal,0.7066435657869372,0.8940353549759654,0.0,12,12,12.0,24.0,500,0.0,0.0,15.903545537380797,9.766518774357756,1.916503655569301,,,
R3,Stationary_WN,0.1066338624971711,0.2788064315712355,0.0,None,9,,,500,0.0,0.0,0.0,0.0,7.120584976120612,,,
R4,Trending_RandomWalkDrift,0.9939785977764358,0.6057880805433202,0.0,None,167,,,500,,,0.0,0.0,1.2514769124950837,,,-0.33439688712898374
R1,Composite,0.9943643901982844,0.9761252695490381,0.0,36,36,36.0,72.0,500,-0.15409067408601199,-3.3596951328416896e-05,16.83086443826703,4.3094181526069875,1.152195834399416,,,
R2,Seasonal,0.702040941987828,0.9662919447056135,0.0,36,36,36.0,72.0,500,0.0,0.0,27.383780152527514,9.368265383490845,1.2970685960195458,,,
R3,Stationary_WN,0.17229531931341502,0.18273848018916838,0.0,None,6,,,500,0.0,0.0,0.0,0.0,7.550777811356475,,,
R4,Trending_ExponentialGrowth,0.996500199874623,0.23081374420451461,0.0,None,24,,,500,,,0.0,0.0,0.7188205387346177,,,
R1,Composite,0.9853237116522922,0.8994609128182185,0.0,24,24,24.0,48.0,500,0.13166063669628064,-4.580454330392996e-05,8.135734853547348,4.397445640441133,1.2726058562035019,,,
R2,Seasonal,0.6767124463922716,0.9658066661588952,0.0,24,24,24.0,48.0,500,0.0,0.0,20.12657163714063,6.7373700304972655,1.2501560910094387,,,
R3,Stationary_WN,0.09992778476124697,0.20828451536505477,0.0,None,6,,,500,0.0,0.0,0.0,0.0,14.733117902510564,,,
R4,Trending_MeanShift,0.9999062812493343,0.9996252462835721,0.0,None,250,,,500,,,0.0,0.0,1.2437844909262905,,250.0,
R1,Composite,0.9980799747577624,0.9869975065513963,0.0,24,24,24.0,48.0,500,-0.22994045273651811,-3.628335670727081e-05,19.313164754952997,3.610771427870399,0.817588870168752,,,
R2,Seasonal,0.6932345081472361,0.9024745657435156,0.0,24,24,24.0,48.0,500,0.0,0.0,19.74103710321755,11.586499159177013,1.6301521644444903,,,
R3,Stationary_AR,0.1298929138597178,0.34510053171181265,0.0,None,50,,,500,0.0,0.0,0.0,0.0,5.0,0.675723429372372,,
R4,Trending_ExponentialGrowth,0.9859204727997037,0.2676825192279697,0.0,None,24,,,500,,,0.0,0.0,1.4293452217785165,,,
R1,Composite,0.9928404145700249,0.9916707219923138,0.0,36,36,36.0,72.0,500,0.13843455440836805,-3.8560171298984224e-05,22.559542844197235,3.448646078299062,0.8966304481533417,,,
R2,Seasonal,0.71623556120077,0.9624199132177617,0.0,36,36,36.0,72.0,500,0.0,0.0,24.39699918081765,9.207594382757332,0.5824853023855119,,,
R3,Stationary_AR,0.031525765524571314,0.3103928941793461,0.0,None,62,,,500,0.0,0.0,0.0,0.0,5.0,0.4481295480991544,,
R4,Trending_ExponentialGrowth,0.981533328523021,0.34734471866974714,0.0,None,24,,,500,,,0.0,0.0,1.2362448586590582,,,
R1,Composite,0.9966654142424117,0.9729146827841353,0.0,36,36,36.0,72.0,500,-0.31628476757145835,-3.432436813668908e-05,23.793329729028308,7.536538613340005,0.57885541115539,,,
R2,Seasonal,0.7168047556533108,0.7949457505668776,0.0,36,36,36.0,72.0,500,0.0,0.0,10.451923719245343,10.055731626938528,0.5616610182611174,,,
R3,Stationary_WN,0.17849298104976175,0.08125599893332536,0.0,None,2,,,500,0.0,0.0,0.0,0.0,13.472232646787543,,,
R4,Trending_MeanShift,0.9999778552373695,0.9999114610984591,0.0,None,250,,,500,,,0.0,0.0,0.5520949449523616,,250.0,
R1,Composite,0.9985914178899147,0.9952447937799029,0.0,24,24,24.0,48.0,500,-0.2316605782416641,1.5501638177796876e-05,24.71130989972545,3.034793435955546,0.5004644497863834,,,
R2,Seasonal,0.6989909161694341,0.846661917526116,0.0,24,24,24.0,48.0,500,0.0,0.0,14.643288925968772,11.68187339054792,1.3605639724274052,,,
R3,Stationary_AR,0.0710195351565126,0.3428655360218281,0.0,None,42,,,500,0.0,0.0,0.0,0.0,5.0,0.6574112522360648,,
R4,Trending_ExponentialGrowth,0.9896887515277228,0.20008105661478492,0.0,None,24,,,500,,,0.0,0.0,0.8108066087227611,,,
R1,Composite,0.9976552340479367,0.9906734760734152,0.0,36,36,36.0,72.0,500,0.16492551795625648,4.709062494691826e-05,19.154728828109693,2.0876414553377787,1.041736741363808,,,
R2,Seasonal,0.6591911842486593,0.8834445411670944,0.0,36,36,36.0,72.0,500,0.0,0.0,12.056302464729846,7.370193772552468,1.7580168145228088,,,
R3,Stationary_WN,0.24182274899362854,0.13805538510910698,0.0,None,2,,,500,0.0,0.0,0.0,0.0,12.167382955595732,,,
R4,Trending_RandomWalkDrift,0.998246698915985,0.16930915300510818,0.0,None,24,,,500,,,0.0,0.0,1.165436284619629,,,0.45360075249584253
R1,Composite,0.9861063044075236,0.808605540590146,0.0,36,36,36.0,72.0,500,0.15408653210432716,4.520658403611119e-05,8.870479029315206,7.708491786238961,1.2284654727239568,,,
R2,Seasonal,0.6210578617190365,0.9482212821721566,0.0,36,36,36.0,72.0,500,0.0,0.0,17.614646398300636,6.562045792512959,1.8585286864337662,,,
R3,Stationary_WN,0.12260650292432951,0.2549508110613423,0.0,None,8,,,500,0.0,0.0,0.0,0.0,12.954264255875811,,,
R4,Trending_MeanShift,0.9999832812621674,0.999933008017597,0.0,None,250,,,500,,,0.0,0.0,0.5322866523552782,,250.0,
R1,Composite,0.9980962711090541,0.9865248976349119,0.0,48,50,48.0,96.0,500,0.2543376198557946,-3.324364526555491e-05,18.09794155647715,2.5419397506937296,0.8455398028411514,,,
R2,Seasonal,0.3077306405506215,0.9696960965373808,0.0,48,50,48.0,96.0,500,0.0,0.0,26.29398709257158,4.616274901149892,1.724377486105661,,,
R3,Stationary_WN,0.07170758403056698,0.2626008633811311,0.0,None,17,,,500,0.0,0.0,0.0,0.0,5.26575600424969,,,
R4,Trending_MeanShift,0.9999590181562434,0.9998358462405708,0.0,None,250,,,500,,,0.0,0.0,1.4215476889340128,,250.0,
R1,Composite,0.9865844039274579,0.9748483318194487,0.0,24,24,24.0,48.0,500,0.14801542341406804,1.749698907502876e-05,23.383773154241148,6.6751869592550666,1.2800731465937072,,,
R2,Seasonal,0.6943592396083336,0.9850413525810661,0.0,24,24,24.0,48.0,500,0.0,0.0,21.990624534208266,4.900698284024895,0.6889977688272743,,,
R3,Stationary_AR,0.20653247486895265,0.2893778958506207,0.0,None,15,,,500,0.0,0.0,0.0,0.0,5.0,0.4232132590714211,,
R4,Trending_ExponentialGrowth,0.9915578151233777,0.27626061605211105,0.0,None,24,,,500,,,0.0,0.0,0.8660855809535623,,,
R1,Composite,0.997280625150204,0.9569968506539525,0.0,24,24,24.0,48.0,500,0.3082886235371401,1.0306138370135109e-05,15.717413155264593,5.990523877473809,0.8931417775616013,,,
R2,Seasonal,0.7048775456880687,0.9252782660987219,0.0,24,24,24.0,48.0,500,0.0,0.0,13.261500881995014,7.013829664870335,0.5644089650453834,,,
R3,Stationary_WN,0.04882091500880259,0.2571545601064317,0.0,None,17,,,500,0.0,0.0,0.0,0.0,6.124526092177456,,,
R4,Trending_RandomWalkDrift,0.9973655171979098,0.11835655863358496,0.0,None,24,,,500,,,0.0,0.0,1.4156540062389897,,,-0.4105901173805795
R1,Composite,0.9957906609125495,0.8689975974309996,0.0,12,12,12.0,24.0,500,-0.21965543188796222,-4.548988837229708e-05,8.21060522540566,5.796685055123471,1.374244177087806,,,
R2,Seasonal,0.7392201316469088,0.9838760397512011,0.0,12,12,12.0,24.0,500,0.0,0.0,23.233938589142536,5.7970379974379,0.7583336646100315,,,
R3,Stationary_WN,0.11758453997082308,0.22874151419212785,0.0,None,7,,,500,0.0,0.0,0.0,0.0,12.822791074592974,,,
R4,Trending_RandomWalkDrift,0.995984996236053,0.2523470299658994,0.0,None,167,,,500,,,0.0,0.0,1.0834170034521833,,,-0.41957606409488457
R1,Composite,0.9973888030509368,0.9392463911844776,0.0,48,50,48.0,96.0,500,-0.33998940899036334,-1.1099322952280746e-05,14.140342705665539,4.563078862657678,1.3761726860704309,,,
R2,Seasonal,0.6734832772332164,0.8895731463030256,0.0,48,50,48.0,96.0,500,0.0,0.0,17.241969712056857,10.592714072401318,0.9128177238403716,,,
R3,Stationary_AR,0.3254924699399535,0.2560186435189069,0.0,None,10,,,500,0.0,0.0,0.0,0.0,5.0,0.562728210238174,,
R4,Trending_ExponentialGrowth,0.9943326749800774,0.238310646758357,0.0,None,24,,,500,,,0.0,0.0,0.7316601780407894,,,
R1,Composite,0.9880526035834791,0.9621215999470006,0.0,24,24,24.0,48.0,500,0.12059388731566793,-4.169374798815009e-05,11.225138218379605,2.3313137014020624,1.3377016618699136,,,
R2,Seasonal,0.6987022091441946,0.9530705405423427,0.0,24,24,24.0,48.0,500,0.0,0.0,21.510178965596545,8.680736181365175,1.1486628808053052,,,
R3,Stationary_WN,0.20416233804015327,0.10228888661943847,0.0,None,2,,,500,0.0,0.0,0.0,0.0,12.66148674158297,,,
R4,Trending_RandomWalkDrift,0.9962344726134484,0.06697427899461639,0.0,None,24,,,500,,,0.0,0.0,1.0886807680584734,,,0.3300420645426723
R1,Composite,0.9989912885703738,0.909470712336075,0.0,12,12,12.0,24.0,500,0.3765170589311242,3.383781810955088e-05,8.04327243711794,3.567307630588814,1.439398610189435,,,
R2,Seasonal,0.7482592693673731,0.9356365418421051,0.0,12,12,12.0,24.0,500,0.0,0.0,14.890320538897834,7.677959442711329,0.6707388126124685,,,
R3,Stationary_WN,0.1193576575784272,0.24013432300027682,0.0,None,7,,,500,0.0,0.0,0.0,0.0,7.402089602844165,,,
R4,Trending_MeanShift,0.9998909689560601,0.9995672703277914,0.0,None,250,,,500,,,0.0,0.0,0.7328485000802423,,250.0,
R1,Composite,0.9982541633231715,0.9285261866318519,0.0,36,36,36.0,72.0,500,-0.3107278156583052,-1.5747171619726822e-05,9.694694713747223,4.731774171389958,1.000893004529495,,,
R2,Seasonal,0.7141228561672217,0.9681943823701091,0.0,36,36,36.0,72.0,500,0.0,0.0,26.381892303736674,9.05210932463749,0.7145627958528251,,,
R3,Stationary_AR,0.22455654530893832,0.24008751427363417,0.0,None,12,,,500,0.0,0.0,0.0,0.0,5.0,0.43717817473541837,,
R4,Trending_RandomWalkDrift,0.9930576196778144,0.8205252516495947,0.0,None,167,,,500,,,0.0,0.0,1.231324394562857,,,0.22946815887474836
R1,Composite,0.9984203193479113,0.956268404302626,0.0,12,12,12.0,24.0,500,-0.34007360457353686,3.1401496166997475e-05,12.091736994246432,3.9207726049149327,1.4825788462146101,,,
R2,Seasonal,0.7415825569749603,0.9368670869176235,0.0,12,12,12.0,24.0,500,0.0,0.0,17.3053247085452,8.60233217497738,0.9923823384460426,,,
R3,Stationary_WN,0.09001703325141652,0.05780594987635124,0.0,None,2,,,500,0.0,0.0,0.0,0.0,12.67968893046395,,,
R4,Trending_ExponentialGrowth,0.9994884571406114,0.2762548338914612,0.0,None,24,,,500,,,0.0,0.0,0.6400510757766978,,,
R1,Composite,0.9992319982971278,0.9836141578936246,0.0,48,50,48.0,96.0,500,-0.37627037930876794,-1.921994857367903e-05,16.686248091483364,2.1873464858216107,0.810196792198607,,,
R2,Seasonal,0.6723888316445239,0.9197582855505279,0.0,48,50,48.0,96.0,500,0.0,0.0,21.41749711132814,10.914596897251716,0.922254266870508,,,
R3,Stationary_WN,0.08047158015125322,0.12979487035426285,0.0,None,3,,,500,0.0,0.0,0.0,0.0,11.442738558343521,,,
R4,Trending_MeanShift,0.999972767537654,0.999890636823377,0.0,None,250,,,500,,,0.0,0.0,0.9013544137023002,,250.0,
R1,Composite,0.9958748585715915,0.9458617642389692,0.0,24,24,24.0,48.0,500,0.2687876407365265,-1.6730758091644737e-05,14.223439792071979,6.375573598618863,0.6123096626539223,,,
R2,Seasonal,0.710859159871577,0.9420466413185535,0.0,24,24,24.0,48.0,500,0.0,0.0,25.378312270032893,11.879755611627509,0.6519378848998638,,,
R3,Stationary_AR,0.08158876069812315,0.2385048181944317,0.0,None,22,,,500,0.0,0.0,0.0,0.0,5.0,0.5395239080992837,,
R4,Trending_RandomWalkDrift,0.9964401027768716,0.216485354070316,0.0,None,24,,,500,,,0.0,0.0,1.3408638780405306,,,-0.11754162811435971
R1,Composite,0.9970513213807114,0.9383072231759166,0.0,12,12,12.0,24.0,500,0.2788637046346295,-4.655866531883411e-05,11.084957994967287,4.865806134578766,1.2657641408284515,,,
R2,Seasonal,0.7482135291307735,0.9629139076014687,0.0,12,12,12.0,24.0,500,0.0,0.0,16.02026016856734,6.208525971025509,0.5265324853547597,,,
R3,Stationary_AR,0.1572674767203608,0.22584565148227553,0.0,None,31,,,500,0.0,0.0,0.0,0.0,5.0,0.5810695443216551,,
R4,Trending_ExponentialGrowth,0.9983722497822498,0.2913233713345551,0.0,None,24,,,500,,,0.0,0.0,1.2668171875109961,,,
R1,Composite,0.9980580533600139,0.8685802593507376,0.0,24,24,24.0,48.0,500,-0.39299822434694653,2.4815892290565402e-05,8.587875869551095,5.782876194548039,1.2671685081809283,,,
R2,Seasonal,0.7116434852762311,0.8868578049526706,0.0,24,24,24.0,48.0,500,0.0,0.0,15.192232463729367,10.49060316290584,0.5438778849581039,,,
R3,Stationary_WN,0.0,0.20944152772207858,0.0,None,83,,,500,0.0,0.0,0.0,0.0,7.839530158330873,,,
R4,Trending_ExponentialGrowth,0.9788283968220445,0.24521393721416151,0.0,None,24,,,500,,,0.0,0.0,1.376460171142458,,,
R1,Composite,0.9762688252677042,0.83687803580648,0.0,24,24,24.0,48.0,500,-0.11828236651572788,-2.2558700567010778e-05,9.274069731716537,7.231174877492678,1.4211226758134767,,,
R2,Seasonal,0.7072754617310062,0.9464793283487101,0.0,24,24,24.0,48.0,500,0.0,0.0,24.03284660551153,10.729237324845055,0.7230598611944627,,,
R3,Stationary_AR,0.04752824182454263,0.2379988310653407,0.0,None,45,,,500,0.0,0.0,0.0,0.0,5.0,0.6082455418638101,,
R4,Trending_RandomWalkDrift,0.9987123333112154,0.9489135816805201,0.0,None,250,,,500,,,0.0,0.0,0.5571105830190594,,,0.4792871545830296
R1,Composite,0.9981034686601291,0.9881097828667422,0.0,24,24,24.0,48.0,500,0.26149069569478733,4.380603590887458e-05,23.050886238541246,4.080468929273261,0.9826211380097098,,,
R2,Seasonal,0.6936784773721603,0.9599437056633043,0.0,24,24,24.0,48.0,500,0.0,0.0,29.23369899768996,10.833902587983832,1.3824555652286767,,,
R3,Stationary_WN,0.17485176770293331,0.20836425856818286,0.0,None,6,,,500,0.0,0.0,0.0,0.0,7.4974240595357315,,,
R4,Trending_MeanShift,0.9999825870349517,0.9999305891785989,0.0,None,250,,,500,,,0.0,0.0,0.6434041142482081,,250.0,
R1,Composite,0.9995028990220363,0.9927774516925008,0.0,36,36,36.0,72.0,500,-0.3037278743160927,-2.821277637372242e-05,16.928181864855002,2.0485370135572625,0.8465141333452212,,,
R2,Seasonal,0.7200131316464851,0.793117188693718,0.0,36,36,36.0,72.0,500,0.0,0.0,10.014313746577926,9.825099831615928,0.5270959914973334,,,
R3,Stationary_AR,0.06206711177753588,0.17583993367128958,0.0,None,20,,,500,0.0,0.0,0.0,0.0,5.0,0.4364499755191723,,
R4,Trending_ExponentialGrowth,0.9950196597538397,0.24115072441604335,0.0,None,24,,,500,,,0.0,0.0,1.329785153874525,,,
R1,Composite,0.996207498040009,0.9809962143348002,0.0,12,12,12.0,24.0,500,-0.14835883292422497,-3.4406908639598576e-05,15.024307596252122,4.068114834991176,0.5694403398396872,,,
R2,Seasonal,0.7204679017261995,0.8936364131966512,0.0,12,12,12.0,24.0,500,0.0,0.0,15.483057795191005,10.004496126750452,1.8896987132396497,,,
R3,Stationary_WN,0.23220658188824195,0.17511106224044548,0.0,None,2,,,500,0.0,0.0,0.0,0.0,5.625657053925756,,,
R4,Trending_ExponentialGrowth,0.9961711484096244,0.20643469707638218,0.0,None,24,,,500,,,0.0,0.0,0.5513282902478764,,,
R1,Composite,0.997609563320077,0.9767274702269341,0.0,48,50,48.0,96.0,500,-0.325177399295255,2.8943071751406754e-05,19.910751826041615,3.510674073088917,1.3374147104529914,,,
R2,Seasonal,0.4144169397145372,0.9845207347498283,0.0,48,50,48.0,96.0,500,0.0,0.0,27.862200882888054,4.049314521021501,0.7660660707358795,,,
R3,Stationary_WN,0.07033658085562378,0.27344924676423177,0.0,None,25,,,500,0.0,0.0,0.0,0.0,11.447988985668953,,,
R4,Trending_ExponentialGrowth,0.9990978267689421,0.2550423982701676,0.0,None,24,,,500,,,0.0,0.0,0.6381127602651336,,,
R1,Composite,0.9970937943828118,0.9604220740850532,0.0,48,50,48.0,96.0,500,-0.33756760310238887,-4.1619914384121225e-05,19.34389015504503,4.013942237097672,0.9026645460752115,,,
R2,Seasonal,0.6080465933517101,0.9665642498748483,0.0,48,50,48.0,96.0,500,0.0,0.0,28.096268784138505,7.988287481012604,1.6831800185054149,,,
R3,Stationary_WN,0.03502027777786387,0.19345654813205027,0.0,None,10,,,500,0.0,0.0,0.0,0.0,13.12336477504312,,,
R4,Trending_RandomWalkDrift,0.9522084494986889,0.0,0.0,None,24,,,500,,,0.0,0.0,1.0678343216466828,,,0.13238527615375745
R1,Composite,0.9988340006801235,0.9874609625646322,0.0,36,36,36.0,72.0,500,0.28792298621582946,3.316503659303287e-05,18.81157952969466,3.846400028103829,0.5429623064823352,,,
R2,Seasonal,0.6842294751656122,0.8666573107073045,0.0,36,36,36.0,72.0,500,0.0,0.0,15.00271123947199,10.395058383046578,1.7865856857234037,,,
R3,Stationary_WN,0.012031025400241369,0.2662157099035485,0.0,None,31,,,500,0.0,0.0,0.0,0.0,14.42778216190759,,,
R4,Trending_ExponentialGrowth,0.9759784226051021,0.24997992093554533,0.0,None,24,,,500,,,0.0,0.0,1.4479034263735697,,,
R1,Composite,0.9986441860581935,0.9249854471865789,0.0,24,24,24.0,48.0,500,-0.3784186455370382,4.171221736540139e-05,9.266296083553653,4.747490479839499,0.7038785186528846,,,
R2,Seasonal,0.5830833534698459,0.989502967258482,0.0,24,24,24.0,48.0,500,0.0,0.0,28.39454490482727,4.08584772945763,1.4709701780253601,,,
R3,Stationary_WN,0.16364358085576847,0.17001271386460126,0.0,None,4,,,500,0.0,0.0,0.0,0.0,8.164662812375152,,,
R4,Trending_MeanShift,0.999963245174192,0.9998524634449404,0.0,None,250,,,500,,,0.0,0.0,1.1562608785431427,,250.0,
R1,Composite,0.9948641734563756,0.9307740746444844,0.0,24,24,24.0,48.0,500,0.2718070181543935,2.0673148778476823e-05,15.18717310558155,7.613959712470967,0.8375138841478716,,,
R2,Seasonal,0.7090139176640678,0.8992954573365747,0.0,24,24,24.0,48.0,500,0.0,0.0,11.38214489306909,7.140525624479329,0.5217789452689886,,,
R3,Stationary_WN,0.15014102717267785,0.23442465799192402,0.0,None,7,,,500,0.0,0.0,0.0,0.0,12.832722556519412,,,
R4,Trending_ExponentialGrowth,0.9915870652244394,0.25261058995843555,0.0,None,24,,,500,,,0.0,0.0,1.230027741486028,,,
R1,Composite,0.9957996865313367,0.9874963307660874,0.0,12,12,12.0,24.0,500,0.2056866262868569,-1.9734756933184803e-05,23.231090178919978,5.003427960854948,0.6390926237948241,,,
R2,Seasonal,0.7017872161794005,0.9697198219663599,0.0,12,12,12.0,24.0,500,0.0,0.0,23.291190322781283,7.4969109564444425,1.6539162114722248,,,
R3,Stationary_WN,0.02706654206115533,0.3015327066086311,0.0,None,25,,,500,0.0,0.0,0.0,0.0,8.42289724755858,,,
R4,Trending_RandomWalkDrift,0.9958049933869962,0.1050154788581642,0.0,None,24,,,500,,,0.0,0.0,0.7794528863154534,,,-0.10721301973349472
R1,Composite,0.9988762856849034,0.9884916529852535,0.0,36,36,36.0,72.0,500,-0.279405506048669,3.4540791125926296e-05,16.5564120105738,2.1225043809518405,1.0599683626941838,,,
R2,Seasonal,0.6088965928400627,0.9597048320925108,0.0,36,36,36.0,72.0,500,0.0,0.0,17.088769864768594,5.38899147953056,1.6037856030705093,,,
R3,Stationary_WN,0.16074143571473454,0.1971952705325295,0.0,None,5,,,500,0.0,0.0,0.0,0.0,13.702452262877898,,,
R4,Trending_MeanShift,0.9999387348831603,0.9997548329576423,0.0,None,250,,,500,,,0.0,0.0,1.1369082276973153,,250.0,
R1,Composite,0.9965180096489255,0.9489764767321668,0.0,36,36,36.0,72.0,500,-0.2210826703907082,-1.9003314960111527e-05,11.9556921523245,4.280855164566328,1.3572798660772345,,,
R2,Seasonal,0.7161193245585967,0.9110101501533391,0.0,36,36,36.0,72.0,500,0.0,0.0,14.64980503294661,8.700716852901838,0.6387545222382893,,,
R3,Stationary_WN,0.12783845620896694,0.09659191364747444,0.0,None,2,,,500,0.0,0.0,0.0,0.0,5.4772831732875265,,,
R4,Trending_MeanShift,0.9999840709488544,0.9999363152840173,0.0,None,250,,,500,,,0.0,0.0,0.6790807330621362,,250.0,
R1,Composite,0.9851274091735518,0.9550200682893947,0.0,24,24,24.0,48.0,500,0.1529879061967349,-2.8536072721989826e-05,16.26472028917484,6.421264226154377,0.7594779053250303,,,
R2,Seasonal,0.69506540633575,0.9409413019284494,0.0,24,24,24.0,48.0,500,0.0,0.0,20.820845247617886,9.627844145952697,1.2224989767600078,,,
R3,Stationary_WN,0.07791343319445154,0.25028811273593665,0.0,None,8,,,500,0.0,0.0,0.0,0.0,14.910521135747821,,,
R4,Trending_MeanShift,0.9999683926379722,0.9998736978077843,0.0,None,250,,,500,,,0.0,0.0,1.2232088288777552,,250.0,
R1,Composite,0.997069485582545,0.9829389289317932,0.0,24,24,24.0,48.0,500,-0.2597923667986813,4.3528266060662726e-05,19.736968655379613,3.8468469578778293,1.3208446218865748,,,
R2,Seasonal,0.7054810808290781,0.9759932101252793,0.0,24,24,24.0,48.0,500,0.0,0.0,27.955934874572375,8.211193349284255,0.6100968048935322,,,
R3,Stationary_WN,0.14543303734240054,0.09509655043011023,0.0,None,3,,,500,0.0,0.0,0.0,0.0,10.956226637299896,,,
R4,Trending_RandomWalkDrift,0.9939668595852295,0.0,0.0,None,24,,,500,,,0.0,0.0,0.8364895743965668,,,0.3031578119843923
R1,Composite,0.9616783303010399,0.9482445196150514,0.0,36,36,36.0,72.0,500,0.1274572705568519,-4.5210783548312424e-05,18.75079997916409,7.636746352378078,1.444847199838668,,,
R2,Seasonal,0.7157406136898731,0.9742011328298513,0.0,36,36,36.0,72.0,500,0.0,0.0,27.326861063992222,8.372133783178565,0.7039206451469213,,,
R3,Stationary_WN,0.08048368914941784,0.20315651945628077,0.0,None,10,,,500,0.0,0.0,0.0,0.0,9.36655647915871,,,
R4,Trending_ExponentialGrowth,0.9673176599589652,0.2475459386615153,0.0,None,24,,,500,,,0.0,0.0,1.459908063344037,,,
R1,Composite,0.9918106690882776,0.9761553672594361,0.0,48,50,48.0,96.0,500,-0.17102725607561842,-4.9187793042005005e-05,22.93168813095223,5.538941544990346,0.5589379083376156,,,
R2,Seasonal,0.654978278667456,0.9425805285366298,0.0,48,50,48.0,96.0,500,0.0,0.0,15.519069919503725,6.456674752585303,0.8400504525314392,,,
R3,Stationary_AR,0.044345365015933225,0.2652016408421376,0.0,None,71,,,500,0.0,0.0,0.0,0.0,5.0,0.4901798382626714,,
R4,Trending_ExponentialGrowth,0.9996110477583632,0.24533909194416892,0.0,None,24,,,500,,,0.0,0.0,0.5008021083151064,,,
R1,Composite,0.9892557672264674,0.9828289181950527,0.0,24,24,24.0,48.0,500,-0.171717563777606,4.834908868557505e-05,24.062983718853612,5.297724755300894,1.260843408705648,,,
R2,Seasonal,0.7070726241590353,0.9461542985025091,0.0,24,24,24.0,48.0,500,0.0,0.0,23.571356329056776,10.559170396117544,0.9228886071005589,,,
R3,Stationary_WN,0.3126076789975456,0.13088393780564744,0.0,None,2,,,500,0.0,0.0,0.0,0.0,10.918095471418676,,,
R4,Trending_ExponentialGrowth,0.9931484619707053,0.270020201444475,0.0,None,24,,,500,,,0.0,0.0,0.6638594799861954,,,
R1,Composite,0.9971476717960926,0.8728838533203266,0.0,36,36,36.0,72.0,500,0.3443551384953268,-2.892497416048654e-05,9.472041681250863,6.872678602189204,0.5136990362307622,,,
R2,Seasonal,0.7214342052341964,0.8643986930192482,0.0,36,36,36.0,72.0,500,0.0,0.0,15.511952436737161,11.686101603155084,0.5805781132346923,,,
R3,Stationary_WN,0.17039374335105562,0.14289778720927482,0.0,None,3,,,500,0.0,0.0,0.0,0.0,14.825183224693046,,,
R4,Trending_ExponentialGrowth,0.9988680553792741,0.2504860952022102,0.0,None,24,,,500,,,0.0,0.0,0.5600888858614343,,,
R1,Composite,0.9995043157351419,0.9738444922463212,0.0,12,12,12.0,24.0,500,-0.3547557333472826,2.9885510487598126e-05,9.438474520689669,2.8487989996981145,0.5298974137023436,,,
R2,Seasonal,0.7492284802338218,0.9485627916546673,0.0,12,12,12.0,24.0,500,0.0,0.0,15.578050879390645,7.25204317890794,0.6091077289406637,,,
R3,Stationary_WN,0.23831979753441312,0.08197135035638858,0.0,None,2,,,500,0.0,0.0,0.0,0.0,10.90885258848532,,,
R4,Trending_MeanShift,0.9998617018231905,0.9994497582284854,0.0,None,250,,,500,,,0.0,0.0,1.0333071766931088,,250.0,
R1,Composite,0.990444913554835,0.9783688804533076,0.0,48,50,48.0,96.0,500,0.19096754773656643,-4.162061608264915e-05,23.22183992746784,3.9357343878764324,0.8143505144561834,,,
R2,Seasonal,0.6522229309582719,0.9117354907347878,0.0,48,50,48.0,96.0,500,0.0,0.0,17.755447977460733,9.169421533481717,1.633981457720274,,,
R3,Stationary_WN,0.1469179377124522,0.05479544574093842,0.0,None,2,,,500,0.0,0.0,0.0,0.0,6.194233911339023,,,
R4,Trending_MeanShift,0.9999894599499027,0.9999577852443926,0.0,None,250,,,500,,,0.0,0.0,0.623107885008782,,250.0,
R1,Composite,0.992886131459525,0.8734894231802901,0.0,12,12,12.0,24.0,500,0.21033015647109085,-3.256202719479704e-05,8.8024988741881,6.095964292415902,1.2794027123428324,,,
R2,Seasonal,0.7256168334419757,0.960272696873593,0.0,12,12,12.0,24.0,500,0.0,0.0,14.779063289269807,5.518916472460554,0.9818111262441847,,,
R3,Stationary_AR,0.05918198154409959,0.22953092069126635,0.0,None,25,,,500,0.0,0.0,0.0,0.0,5.0,0.4769053677366319,,
R4,Trending_MeanShift,0.9999534312316057,0.9998137215665456,0.0,None,250,,,500,,,0.0,0.0,1.0467253652174973,,250.0,
R1,Composite,0.9969216337618307,0.9638561913677487,0.0,12,12,12.0,24.0,500,-0.38678002297512326,3.0141496615245714e-05,21.94185685454086,7.895286001208426,1.3344047547333648,,,
R2,Seasonal,0.03207363921534323,0.9980721632740124,0.0,12,24,12.0,24.0,500,0.0,0.0,10.466744641741858,9.7566117829825,0.51041701702024,,,
R3,Stationary_AR,0.11910056770220045,0.3200422337658748,0.0,None,29,,,500,0.0,0.0,0.0,0.0,5.0,0.5539028693496131,,
R4,Trending_ExponentialGrowth,0.9936935285922509,0.27509055920651393,0.0,None,24,,,500,,,0.0,0.0,0.7523840898302886,,,
R1,Composite,0.9947156058575576,0.9824844760778009,0.0,24,24,24.0,48.0,500,-0.2216639936115111,3.092450098215979e-05,22.781059335592772,5.66243807148358,0.6632422404907707,,,
R2,Seasonal,0.7076510902955552,0.9777859726971502,0.0,24,24,24.0,48.0,500,0.0,0.0,29.795806125855787,8.37776713752565,0.6614823483638844,,,
R3,Stationary_AR,0.2519954799846289,0.22287636812223277,0.0,None,20,,,500,0.0,0.0,0.0,0.0,5.0,0.6445001439552291,,
R4,Trending_ExponentialGrowth,0.9983762706024139,0.23080621927520706,0.0,None,24,,,500,,,0.0,0.0,1.2884207982469142,,,
R1,Composite,0.9929440694234904,0.9739118701469262,0.0,48,50,48.0,96.0,500,-0.20263258370240278,-1.4924779872356805e-05,21.585910950143713,3.764148639604203,1.4197222674136893,,,
R2,Seasonal,0.41218868083300464,0.9378554454587744,0.0,48,50,48.0,96.0,500,0.0,0.0,17.352450023738427,4.799760317048603,1.9795442617245478,,,
R3,Stationary_WN,0.11390653326008537,0.11481674254016028,0.0,None,4,,,500,0.0,0.0,0.0,0.0,5.987092560124909,,,
R4,Trending_RandomWalkDrift,0.9750533477611687,0.9875931201080229,0.0,None,250,,,500,,,0.0,0.0,0.7242295414826896,,,-0.15388595362101065
R1,Composite,0.995619883464893,0.9082389603743114,0.0,12,12,12.0,24.0,500,-0.29476306627185017,-2.5235813643321017e-05,13.044679998800444,7.902722226068927,1.0924235469526562,,,
R2,Seasonal,0.7234942941138136,0.9547059740062521,0.0,12,12,12.0,24.0,500,0.0,0.0,20.948762173037196,8.445806787987637,1.5787325663245262,,,
R3,Stationary_AR,0.03958621490129233,0.2134212145125277,0.0,None,33,,,500,0.0,0.0,0.0,0.0,5.0,0.4669938450919695,,
R4,Trending_RandomWalkDrift,0.9925397705641053,0.3847828322621656,0.0,None,125,,,500,,,0.0,0.0,1.238705678186858,,,-0.33329978974096514
R1,Composite,0.987276223640878,0.9547784573354345,0.0,48,50,48.0,96.0,500,-0.2011039020186375,2.8887377356341327e-05,19.627844976994822,7.13545955806744,0.7360928157323233,,,
R2,Seasonal,0.5281990142974662,0.9350527930734307,0.0,48,50,48.0,96.0,500,0.0,0.0,19.573864205407684,6.961109940256884,1.7034378750908212,,,
R3,Stationary_WN,0.20771939977390363,0.11202324532570196,0.0,None,2,,,500,0.0,0.0,0.0,0.0,11.102512788328571,,,
R4,Trending_MeanShift,0.9998862910903245,0.9995481449690479,0.0,None,250,,,500,,,0.0,0.0,1.0164229366779434,,250.0,
R1,Composite,0.9880412684198888,0.8064035014796362,0.0,36,36,36.0,72.0,500,0.17513669871134835,2.996322562267887e-05,8.703475592025901,7.590618095290365,1.3291191243451101,,,
R2,Seasonal,0.714473983756345,0.8849440279944276,0.0,36,36,36.0,72.0,500,0.0,0.0,13.691852727292982,9.362122749371434,0.8235022171927481,,,
R3,Stationary_WN,0.11449885717882247,0.18302381916203148,0.0,None,7,,,500,0.0,0.0,0.0,0.0,8.015041128391534,,,
R4,Trending_MeanShift,0.9999732330387179,0.9998932558953665,0.0,None,250,,,500,,,0.0,0.0,0.726378808693852,,250.0,
R1,Composite,0.9881981255033522,0.966747247190087,0.0,12,12,12.0,24.0,500,0.19459410291448945,-3.9010296750497514e-05,21.41528631538542,7.428155059175641,1.1745690951954535,,,
R2,Seasonal,0.6672668305812508,0.9095375304401213,0.0,12,12,12.0,24.0,500,0.0,0.0,11.682308332756929,6.044443111874822,1.8003055909913657,,,
R3,Stationary_WN,0.3323191239516251,0.18486851475646782,0.0,None,2,,,500,0.0,0.0,0.0,0.0,10.474041723725078,,,
R4,Trending_MeanShift,0.9997472054482077,0.998992450810062,0.0,None,250,,,500,,,0.0,0.0,1.348918083401296,,250.0,
R1,Composite,0.9967356196987825,0.9716436763970959,0.0,12,12,12.0,24.0,500,-0.1963327438035758,-1.1522446021048314e-05,13.964533843504244,4.299906519906356,0.8191627798615894,,,
R2,Seasonal,0.7347368099338847,0.8903126884394464,0.0,12,12,12.0,24.0,500,0.0,0.0,16.743284764961885,11.29069613508138,1.6088277673655105,,,
R3,Stationary_AR,0.16839600645853936,0.2955070986493291,0.0,None,29,,,500,0.0,0.0,0.0,0.0,5.0,0.5775664308043642,,
R4,Trending_MeanShift,0.9998832258246885,0.9995349508012119,0.0,None,250,,,500,,,0.0,0.0,1.3017288036601808,,250.0,
R1,Composite,0.9980594989027198,0.9671000982126897,0.0,12,12,12.0,24.0,500,-0.3730170743544834,2.114515728802084e-05,17.56746987959373,4.995574586297383,1.4717884182597105,,,
R2,Seasonal,0.6772579751773482,0.9344996747318857,0.0,12,12,12.0,24.0,500,0.0,0.0,14.540801282136233,6.273181380634656,1.879061078443796,,,
R3,Stationary_WN,0.020119978373491554,0.284259192064357,0.0,None,28,,,500,0.0,0.0,0.0,0.0,6.570485350934953,,,
R4,Trending_MeanShift,0.9999211258700548,0.9996868392420153,0.0,None,250,,,500,,,0.0,0.0,1.4083986356266012,,250.0,
R1,Composite,0.9942471472369325,0.9629502508996256,0.0,48,50,48.0,96.0,500,0.263745713107096,-4.384074481905562e-05,19.4054157304015,6.400029123769391,0.6122411263854475,,,
R2,Seasonal,0.6409205771366744,0.9467674223911863,0.0,48,50,48.0,96.0,500,0.0,0.0,26.136688585731903,10.09946669914008,1.4298075601546203,,,
R3,Stationary_WN,0.20650391512266952,0.09590842416941248,0.0,None,2,,,500,0.0,0.0,0.0,0.0,9.758742211306453,,,
R4,Trending_MeanShift,0.9999489843274144,0.9997966141158304,0.0,None,250,,,500,,,0.0,0.0,0.6466126594469062,,250.0,
R1,Composite,0.9980084661600631,0.9137251053165105,0.0,48,50,48.0,96.0,500,0.3908160207435081,-2.497527481116539e-05,11.181886743097458,5.860457687397562,0.831581107619996,,,
R2,Seasonal,0.6425687668055704,0.9451000583649871,0.0,48,50,48.0,96.0,500,0.0,0.0,27.703638651219464,10.888352505708045,1.7386376550107931,,,
R3,Stationary_AR,0.08240175969694619,0.30637118156335497,0.0,None,62,,,500,0.0,0.0,0.0,0.0,5.0,0.5715272064658506,,
R4,Trending_ExponentialGrowth,0.9871955104585819,0.2270650143795916,0.0,None,24,,,500,,,0.0,0.0,1.4765205710195584,,,
R1,Composite,0.9949176148827701,0.9278858827860113,0.0,24,24,24.0,48.0,500,0.248776770467129,-3.6801151031807465e-05,11.9910641401674,6.184830938694367,0.6280622758510183,,,
R2,Seasonal,0.700648000021989,0.962903653186252,0.0,24,24,24.0,48.0,500,0.0,0.0,25.334578205592116,9.124695665787936,1.117550020250436,,,
R3,Stationary_AR,0.0,0.27639299109257653,0.0,None,125,,,500,0.0,0.0,0.0,0.0,5.0,0.4543517230751317,,
R4,Trending_MeanShift,0.9999271501239616,0.9997096496753674,0.0,None,250,,,500,,,0.0,0.0,1.0807784458219944,,250.0,
R1,Composite,0.9882462477298333,0.9569658803182712,0.0,24,24,24.0,48.0,500,0.16738249900829405,-2.572312685087549e-05,16.36591240765138,6.381445673866492,0.7780916371729484,,,
R2,Seasonal,0.6110423149308315,0.9876083401527402,0.0,24,24,24.0,48.0,500,0.0,0.0,24.278780717654804,4.019615063333652,1.4241947686522018,,,
R3,Stationary_WN,0.07710847202047144,0.2857409507646802,0.0,None,12,,,500,0.0,0.0,0.0,0.0,14.020539514620918,,,
R4,Trending_MeanShift,0.9997473165976197,0.9989793952002679,0.0,None,250,,,500,,,0.0,0.0,1.0466195965782097,,250.0,
R1,Composite,0.9953344015184465,0.9641436834325826,0.0,36,36,36.0,72.0,500,-0.14378927330157285,2.192839573114139e-05,9.47437083054018,2.8737730904902765,0.9516355463505207,,,
R2,Seasonal,0.6707387765838148,0.9723045339362937,0.0,36,36,36.0,72.0,500,0.0,0.0,21.689322769677297,6.202973590338709,1.3526107279019022,,,
R3,Stationary_WN,0.18049866027338668,0.1819464709316453,0.0,None,3,,,500,0.0,0.0,0.0,0.0,7.642428700270138,,,
R4,Trending_MeanShift,0.9999261693604257,0.9997046789572314,0.0,None,250,,,500,,,0.0,0.0,1.4837197042772938,,250.0,
R1,Composite,0.9876899054989271,0.9369561709843124,0.0,12,12,12.0,24.0,500,-0.1763230175463425,4.2218736933078404e-05,13.976363345175036,6.135036772598628,1.4927538915814387,,,
R2,Seasonal,0.7437445819718389,0.9351490386766453,0.0,12,12,12.0,24.0,500,0.0,0.0,12.816597014612885,6.534009210635597,0.7815772175722593,,,
R3,Stationary_AR,0.012828237746467908,0.5058067615065722,0.0,None,167,,,500,0.0,0.0,0.0,0.0,5.0,0.6517787117282304,,
R4,Trending_RandomWalkDrift,0.9399578995926262,0.2636473414986896,0.0,None,250,,,500,,,0.0,0.0,0.8239419596572781,,,-0.19002759056987328
R1,Composite,0.9981091401988681,0.978071351140218,0.0,48,50,48.0,96.0,500,-0.24085886603457718,4.859465052997609e-05,12.691394187777176,2.3827990585024974,0.5805839322193624,,,
R2,Seasonal,0.5227071738656162,0.9373379295588538,0.0,48,50,48.0,96.0,500,0.0,0.0,14.048945221939494,4.823740888451397,1.6488982661163099,,,
R3,Stationary_WN,0.2308811292367332,0.09859033252456129,0.0,None,2,,,500,0.0,0.0,0.0,0.0,6.052377029360377,,,
R4,Trending_ExponentialGrowth,0.9950304078916973,0.19086920815870922,0.0,None,24,,,500,,,0.0,0.0,1.174829684985149,,,
R1,Composite,0.9955766965464539,0.9716386499122405,0.0,36,36,36.0,72.0,500,-0.15481599733657303,2.9888195141361846e-05,11.207625227121337,3.170748855134221,0.7104803600310176,,,
R2,Seasonal,0.7142435281316607,0.9209146754167046,0.0,36,36,36.0,72.0,500,0.0,0.0,18.00807420961356,9.976293756637382,0.724860178287686,,,
R3,Stationary_AR,0.1282701558075019,0.32720216472131647,0.0,None,19,,,500,0.0,0.0,0.0,0.0,5.0,0.5678513917961868,,
R4,Trending_RandomWalkDrift,0.9841543895571951,0.16843692630874063,0.0,None,24,,,500,,,0.0,0.0,1.2747632963537985,,,-0.11935354510816523
R1,Composite,0.9977340070106191,0.8507555653758665,0.0,36,36,36.0,72.0,500,-0.37591451601173187,-4.945004173063564e-05,9.230123752049726,7.073006462680874,1.1888387923461683,,,
R2,Seasonal,0.6959927547148055,0.9371545567151507,0.0,36,36,36.0,72.0,500,0.0,0.0,23.569533504459244,10.920044612675847,1.866159610325036,,,
R3,Stationary_WN,0.09361534432005847,0.23377847681399644,0.0,None,10,,,500,0.0,0.0,0.0,0.0,14.304347901630651,,,
R4,Trending_MeanShift,0.999940945251387,0.9997646681962473,0.0,None,250,,,500,,,0.0,0.0,1.3763850745030033,,250.0,
R1,Composite,0.996280513242414,0.9347280463136508,0.0,24,24,24.0,48.0,500,-0.2867542329749378,-4.837778208686718e-05,14.384768403637104,7.038796764774465,0.7543544887557088,,,
R2,Seasonal,0.7002788992192921,0.9259999412791402,0.0,24,24,24.0,48.0,500,0.0,0.0,16.097047314876,8.474952972949755,0.8979777928068493,,,
R3,Stationary_AR,0.1986850234212103,0.31440136445376343,0.0,None,19,,,500,0.0,0.0,0.0,0.0,5.0,0.5277774980369401,,
R4,Trending_MeanShift,0.9998744279095294,0.9994984050367371,0.0,None,250,,,500,,,0.0,0.0,1.0440463684734471,,250.0,
R1,Composite,0.9934256381123013,0.924048926390867,0.0,24,24,24.0,48.0,500,-0.2531349917659308,-4.084535702577468e-05,15.451765795448011,7.994991809826498,1.3646400721868734,,,
R2,Seasonal,0.7042575143425218,0.8852217722248633,0.0,24,24,24.0,48.0,500,0.0,0.0,16.296129928683307,11.134195240787674,1.0626133862807077,,,
R3,Stationary_WN,0.11316653727354187,0.2127217269760373,0.0,None,7,,,500,0.0,0.0,0.0,0.0,11.190525115057124,,,
R4,Trending_MeanShift,0.9999453494769656,0.9997819280824037,0.0,None,250,,,500,,,0.0,0.0,1.032044642538016,,250.0,
R1,Composite,0.9970651654355447,0.9401570172716122,0.0,36,36,36.0,72.0,500,-0.3425072513508467,2.7759264976830716e-05,14.391131886601917,6.081134517845379,1.3921024313216357,,,
R2,Seasonal,0.5284445760914178,0.9865433639335159,0.0,36,36,36.0,72.0,500,0.0,0.0,28.225269263001316,4.330258993843785,1.579924489992152,,,
R3,Stationary_WN,0.041482184390188914,0.2768008183020545,0.0,None,16,,,500,0.0,0.0,0.0,0.0,8.369916292423268,,,
R4,Trending_RandomWalkDrift,0.9975724058262497,0.1383632984721912,0.0,None,24,,,500,,,0.0,0.0,0.5247486569160503,,,-0.44915162626765504
R1,Composite,0.9991771856267992,0.9920493737341968,0.0,24,24,24.0,48.0,500,-0.3684056453650645,3.867146447767276e-05,22.63910111512078,2.6983316780984,1.0765492607039007,,,
R2,Seasonal,0.6980865181720104,0.9784220378079077,0.0,24,24,24.0,48.0,500,0.0,0.0,26.687041139449722,7.291451096141863,0.8334160930280957,,,
R3,Stationary_AR,0.05470405431677783,0.2274860537098281,0.0,None,42,,,500,0.0,0.0,0.0,0.0,5.0,0.4431371937173014,,
R4,Trending_ExponentialGrowth,0.9901414097702386,0.23512148070065386,0.0,None,24,,,500,,,0.0,0.0,1.3528356773069348,,,
R1,Composite,0.9971182713308268,0.959392337608954,0.0,48,50,48.0,96.0,500,-0.3372861782409221,4.3771901620253946e-05,16.550415074467345,5.150101985022315,1.0094562473865354,,,
R2,Seasonal,0.4407538184311822,0.9825287107969449,0.0,48,50,48.0,96.0,500,0.0,0.0,29.536905178923746,4.502121181680511,1.314264872503224,,,
R3,Stationary_WN,0.04832506526504654,0.16421635635568266,0.0,None,7,,,500,0.0,0.0,0.0,0.0,10.789244259306177,,,
R4,Trending_ExponentialGrowth,0.9974133964733245,0.22914105702437182,0.0,None,24,,,500,,,0.0,0.0,0.7189159897848689,,,
R1,Composite,0.9931268743598608,0.9459241399517851,0.0,36,36,36.0,72.0,500,-0.2572609872173185,1.9614774710809832e-05,17.82415124056375,7.602780426026045,1.092990125602832,,,
R2,Seasonal,0.719860305151133,0.9581877945714138,0.0,36,36,36.0,72.0,500,0.0,0.0,28.252922252057576,11.175445381874187,0.5947883803205878,,,
R3,Stationary_AR,0.0,0.670103197286358,0.0,None,250,,,500,0.0,0.0,0.0,0.0,5.0,0.5975332635216423,,
R4,Trending_MeanShift,0.999973520930776,0.9998943488837513,0.0,None,250,,,500,,,0.0,0.0,0.9674975438835708,,250.0,
R1,Composite,0.9837336067123329,0.9689719497348739,0.0,12,12,12.0,24.0,500,-0.1479710186643669,2.9299341267476957e-05,20.00966485493446,6.388203187172623,1.3559145424011838,,,
R2,Seasonal,0.7486272534998873,0.9098768600102669,0.0,12,12,12.0,24.0,500,0.0,0.0,12.561692985960653,7.749882004325328,0.6461076046776492,,,
R3,Stationary_WN,0.2249190105916129,0.10217520438538041,0.0,None,2,,,500,0.0,0.0,0.0,0.0,5.75512218593107,,,
R4,Trending_RandomWalkDrift,0.9946922817022767,0.3209244081651337,0.0,None,62,,,500,,,0.0,0.0,1.074014899853367,,,0.3201610338671686
R1,Composite,0.9964178501858557,0.9069458216823054,0.0,36,36,36.0,72.0,500,0.1905856565407298,3.045108082626558e-05,8.088412456788088,2.9129378264566257,1.452613142418567,,,
R2,Seasonal,0.6451092494520423,0.9650282797081384,0.0,36,36,36.0,72.0,500,0.0,0.0,25.01714178880254,7.505780813797555,1.9914793358677265,,,
R3,Stationary_WN,0.13481914106216408,0.17948182788585665,0.0,None,4,,,500,0.0,0.0,0.0,0.0,9.89618805971738,,,
R4,Trending_ExponentialGrowth,0.9989619893192362,0.3152960411303507,0.0,None,24,,,500,,,0.0,0.0,1.247533134174685,,,
R1,Composite,0.9979342905621932,0.981653918468323,0.0,36,36,36.0,72.0,500,-0.2884975690708032,2.8758244620674653e-05,18.677246911265314,3.0879456936040133,1.4009875604464295,,,
R2,Seasonal,0.7087027576362968,0.9596366266249575,0.0,36,36,36.0,72.0,500,0.0,0.0,27.600639820929054,10.667502993042426,1.1659398587375438,,,
R3,Stationary_AR,0.13301609705229078,0.2594829295597394,0.0,None,42,,,500,0.0,0.0,0.0,0.0,5.0,0.6375619143120581,,
R4,Trending_RandomWalkDrift,0.9752860438145743,0.16669657760409584,0.0,None,24,,,500,,,0.0,0.0,0.6288872906300458,,,0.22672049935278557
R1,Composite,0.976501093782961,0.9689454384338565,0.0,48,50,48.0,96.0,500,0.13241153344684387,-2.9504211466089594e-05,21.243855042697113,5.235272795160582,1.216412428861521,,,
R2,Seasonal,0.6229650481460103,0.9755188463906491,0.0,48,50,48.0,96.0,500,0.0,0.0,28.313956795742527,7.160614921387475,0.7817620057024406,,,
R3,Stationary_AR,0.13342246442769146,0.2659642444699787,0.0,None,33,,,500,0.0,0.0,0.0,0.0,5.0,0.6294259577359733,,
R4,Trending_MeanShift,0.999981770204033,0.9999272018596542,0.0,None,250,,,500,,,0.0,0.0,0.7940768849319702,,250.0,
R1,Composite,0.990176863183418,0.9373256848172792,0.0,36,36,36.0,72.0,500,-0.19633629593046648,1.9738547187909736e-05,14.890824730555664,6.878575054022608,1.0656392071484717,,,
R2,Seasonal,0.7150465604336818,0.9153984034699608,0.0,36,36,36.0,72.0,500,0.0,0.0,17.23045882963016,9.998030781944268,0.8704822077223171,,,
R3,Stationary_WN,0.3096355487052991,0.12407517217834296,0.0,None,2,,,500,0.0,0.0,0.0,0.0,9.119706381391861,,,
R4,Trending_RandomWalkDrift,0.9976776570432389,0.10902668637387392,0.0,None,24,,,500,,,0.0,0.0,0.7210939147606307,,,-0.25764543802877116
R1,Composite,0.9993388122198232,0.981338287970129,0.0,24,24,24.0,48.0,500,-0.29894647808168373,2.5127661575579596e-05,10.784013330283967,2.4603039003011675,0.5853989384398177,,,
R2,Seasonal,0.5506565273439323,0.9598364643198163,0.0,24,24,24.0,48.0,500,0.0,0.0,16.06991855636892,4.412192840323297,1.5131473201412735,,,
R3,Stationary_AR,0.04356832843902436,0.22807728427167018,0.0,None,45,,,500,0.0,0.0,0.0,0.0,5.0,0.4025442091790966,,
R4,Trending_ExponentialGrowth,0.9994285653459033,0.26725536637140745,0.0,None,24,,,500,,,0.0,0.0,0.704734154861018,,,
R1,Composite,0.9949343582880749,0.9166860740286811,0.0,36,36,36.0,72.0,500,-0.19050114831421422,-1.984821888152152e-05,9.624512020707165,4.556946494549483,1.4182386502886828,,,
R2,Seasonal,0.6633850611800485,0.9179667336706925,0.0,36,36,36.0,72.0,500,0.0,0.0,16.941845397769207,8.786602060802249,1.9530131695727226,,,
R3,Stationary_AR,0.0958829530267098,0.3123892261684573,0.0,None,33,,,500,0.0,0.0,0.0,0.0,5.0,0.46103155825377556,,
R4,Trending_RandomWalkDrift,0.9839401750834937,0.5268950527098427,0.0,None,250,,,500,,,0.0,0.0,0.7537477674520289,,,-0.23870862333631876
R1,Composite,0.9916342760518435,0.9401816973338888,0.0,48,50,48.0,96.0,500,0.23332962009488636,1.1023081613812186e-05,17.950917407176988,7.331161795658746,1.24803065645135,,,
R2,Seasonal,0.6512441686650423,0.9193756633327933,0.0,48,50,48.0,96.0,500,0.0,0.0,10.988509491810404,5.420173985661831,0.9238599269594587,,,
R3,Stationary_WN,0.0853454224715059,0.23836901149845224,0.0,None,7,,,500,0.0,0.0,0.0,0.0,11.495075980017365,,,
R4,Trending_MeanShift,0.9998628301901493,0.9994538111747736,0.0,None,250,,,500,,,0.0,0.0,1.1050970315635769,,250.0,
R1,Composite,0.9901597165632141,0.9811082691131119,0.0,48,50,48.0,96.0,500,-0.11293053088014945,-4.669876806126157e-05,19.695803110787395,2.974396818676673,0.7628542225254228,,,
R2,Seasonal,0.6753633411673021,0.8979988818362574,0.0,48,50,48.0,96.0,500,0.0,0.0,14.585830827680722,8.538366464155956,0.8625709294186102,,,
R3,Stationary_WN,0.10524873848442151,0.15180157488589496,0.0,None,12,,,500,0.0,0.0,0.0,0.0,7.977905253195346,,,
R4,Trending_MeanShift,0.9999644976407289,0.9998576163252149,0.0,None,250,,,500,,,0.0,0.0,0.8182562936149371,,250.0,
R1,Composite,0.9990097046881615,0.9775766775083099,0.0,36,36,36.0,72.0,500,-0.3257356025640662,-3.975083615856893e-05,14.60115389340212,3.7110943142025867,0.816974103930924,,,
R2,Seasonal,0.7210587563679822,0.9597860190874543,0.0,36,36,36.0,72.0,500,0.0,0.0,28.735301113976707,11.262517994601328,0.543025881540443,,,
R3,Stationary_AR,0.16195186592073463,0.2713082461386691,0.0,None,14,,,500,0.0,0.0,0.0,0.0,5.0,0.43903292936823207,,
R4,Trending_ExponentialGrowth,0.9991071554454499,0.23817053263166132,0.0,None,24,,,500,,,0.0,0.0,0.7264908222548316,,,
R1,Composite,0.9975556068875489,0.9480673698696742,0.0,36,36,36.0,72.0,500,0.2541745584147257,2.542731427883491e-05,11.483519204280078,2.9638509833073394,1.2739197864525664,,,
R2,Seasonal,0.5898893631519357,0.9798376919187572,0.0,36,36,36.0,72.0,500,0.0,0.0,19.708299455060203,4.22701505153881,1.5225829921980987,,,
R3,Stationary_WN,0.1299506761166067,0.16501375117102257,0.0,None,6,,,500,0.0,0.0,0.0,0.0,9.388703061354839,,,
R4,Trending_MeanShift,0.999978556859141,0.9999144503181864,0.0,None,250,,,500,,,0.0,0.0,0.6475584360285187,,250.0,
R1,Composite,0.9936498702791567,0.9910949042344798,0.0,36,36,36.0,72.0,500,0.11389251492181847,2.2629715883322585e-05,21.536421377388322,3.43330211698248,0.7692979091418806,,,
R2,Seasonal,0.6991183200408935,0.8940594833547916,0.0,36,36,36.0,72.0,500,0.0,0.0,17.403762132582408,10.947754680611178,1.6837554801608479,,,
R3,Stationary_AR,0.013528018231827144,0.16985929432634073,0.0,None,100,,,500,0.0,0.0,0.0,0.0,5.0,0.5889859257895147,,
R4,Trending_MeanShift,0.9998797438557165,0.9995181194330461,0.0,None,250,,,500,,,0.0,0.0,1.049055729004899,,250.0,
R1,Composite,0.9954216780756012,0.9704790033013165,0.0,36,36,36.0,72.0,500,0.2743191750763419,4.640786872811553e-05,23.642459686411442,7.855116246536872,0.6767959873058228,,,
R2,Seasonal,0.7029036557775303,0.9436131632494891,0.0,36,36,36.0,72.0,500,0.0,0.0,20.5221878505057,9.313689806541898,1.1892502345465583,,,
R3,Stationary_WN,0.17717851722176636,0.22547315743646013,0.0,None,5,,,500,0.0,0.0,0.0,0.0,10.336642436596197,,,
R4,Trending_RandomWalkDrift,0.9965992724289162,0.14088936092333515,0.0,None,24,,,500,,,0.0,0.0,0.9710299107236504,,,0.30390508094733715
R1,Composite,0.997957304237039,0.9852805769784854,0.0,12,12,12.0,24.0,500,-0.31532999281259383,-1.21058570012837e-05,24.418667923327213,5.884411756278952,0.5539887969919479,,,
R2,Seasonal,0.7233525932344221,0.9337904889341616,0.0,12,12,12.0,24.0,500,0.0,0.0,19.338643166621377,9.595952076307796,1.8133831153470323,,,
R3,Stationary_WN,0.1935423082232135,0.19879547544538712,0.0,None,4,,,500,0.0,0.0,0.0,0.0,10.97758040023388,,,
R4,Trending_ExponentialGrowth,0.9957604481171215,0.227769654341912,0.0,None,24,,,500,,,0.0,0.0,0.7862346498597115,,,
R1,Composite,0.9992843139937768,0.9580031598580359,0.0,36,36,36.0,72.0,500,0.36382230842857766,4.165643038603468e-05,9.95727796042964,2.0599614182489554,1.3329967295977867,,,
R2,Seasonal,0.6852773392901559,0.9160248960815062,0.0,36,36,36.0,72.0,500,0.0,0.0,20.041054335410138,11.049355441850649,1.9214919805207906,,,
R3,Stationary_AR,0.26815897952656487,0.17914840026324164,0.0,None,14,,,500,0.0,0.0,0.0,0.0,5.0,0.5942447326122879,,
R4,Trending_RandomWalkDrift,0.9907476464502555,0.26610208382715916,0.0,None,24,,,500,,,0.0,0.0,0.5288362885118767,,,0.3015266316476537
