True_Regime,Pattern,F_T,F_S,F_I,True_P,Est_P,rand_p1,rand_p2,length,slope,curve,amp1,amp2,noise_std,phi,break_point,drift
R1,Composite,0.9997627684986004,0.9952028938900227,0.8687676000958713,48,50,48.0,96.0,500,0.380384199201913,4.8194611226527765e-05,19.170892584502838,4.614037392067346,1.2300393165618186,,,
R2,Seasonal,0.8900659673209698,0.996252322835118,0.9294162983925627,48,50,48.0,96.0,500,0.0,0.0,22.661961267148953,7.954190801106171,1.359941567269101,,,
R3,Stationary_AR,0.07608779982434244,0.4183465572459356,0.5014999948895853,None,50,,,500,0.0,0.0,0.0,0.0,5.0,0.42569747487892917,,
R4,Trending_ExponentialGrowth,0.9814854963278458,0.39230076474462694,0.4154288038743448,None,24,,,500,,,0.0,0.0,1.372753839566128,,,
R1,Composite,0.9983855821652294,0.9980088945825414,0.9615822374345843,36,36,36.0,72.0,500,0.11731087852476967,-3.308490344153283e-05,18.574672560306894,7.954653736248674,0.8863231730764659,,,
R2,Seasonal,0.7898290441078997,0.9964200145096253,0.847288128198717,36,36,36.0,72.0,500,0.0,0.0,26.656638037381516,6.899450580926633,1.795462131944924,,,
R3,Stationary_WN,0.33607421066244625,0.28444356546951133,0.26318392931781154,None,4,,,500,0.0,0.0,0.0,0.0,6.259551963793583,,,
R4,Trending_RandomWalkDrift,0.9994045092106637,0.6405062829175137,0.8476436685437269,None,24,,,500,,,0.0,0.0,0.8440916178494421,,,-0.30821753492194337
R1,Composite,0.9997304374899609,0.9961778378185648,0.9605902186513816,12,12,12.0,24.0,500,-0.183702487104339,3.8360060453055185e-05,8.934427216276974,5.4712509092211885,0.5825721580352772,,,
R2,Seasonal,0.8485304147538368,0.9971832454527917,0.8563030835422174,12,12,12.0,24.0,500,0.0,0.0,28.943058720127095,7.251701743616578,1.6577540528451649,,,
R3,Stationary_WN,0.17791108517987275,0.4015211059579499,0.32764554816035285,None,11,,,500,0.0,0.0,0.0,0.0,9.74721127128213,,,
R4,Trending_RandomWalkDrift,0.9997313543821675,0.5981580607873456,0.8516939251058635,None,24,,,500,,,0.0,0.0,1.3194278536703652,,,0.46223285502925293
R1,Composite,0.9987809423236633,0.9962025882659824,0.5622085584330041,24,24,24.0,48.0,500,0.2037485710928782,-2.1910166146889776e-05,22.266535201670802,2.1919667608659483,1.4401798347292414,,,
R2,Seasonal,0.9157441442192098,0.9985393802205379,0.9375932968903506,24,24,24.0,48.0,500,0.0,0.0,23.760610379039626,6.554535040170992,0.8783036032389964,,,
R3,Stationary_AR,0.10540251541958601,0.5597917936821623,0.6164916882114455,None,71,,,500,0.0,0.0,0.0,0.0,5.0,0.6817327662198067,,
R4,Trending_ExponentialGrowth,0.999794804329241,0.3825925887788223,0.4439770660282454,None,24,,,500,,,0.0,0.0,0.7427149867985832,,,
R1,Composite,0.9996941645263365,0.9950283389266333,0.8032424311458396,36,36,36.0,72.0,500,0.268869947907037,-1.9492708168155643e-05,13.019430711461556,3.1612602394374356,1.0538402922287362,,,
R2,Seasonal,0.7606163377572628,0.9887244855152973,0.8193362363869211,36,36,36.0,72.0,500,0.0,0.0,15.031979395296505,6.175720862224661,1.5810018011902092,,,
R3,Stationary_WN,0.4774621679460317,0.2547221355899866,0.34600128327156154,None,3,,,500,0.0,0.0,0.0,0.0,6.066192728054235,,,
R4,Trending_MeanShift,0.9997717409839115,0.9990778932947507,0.0,None,250,,,500,,,0.0,0.0,0.7520056712113828,,250.0,
R1,Composite,0.9982788564485604,0.9970943814663977,0.8034549390842793,36,36,36.0,72.0,500,-0.1551216777527284,1.2610799698013101e-05,23.655064683113316,4.063763681501405,1.4081320565606308,,,
R2,Seasonal,0.9097101110889896,0.9885465809335527,0.9265863946406844,36,36,36.0,72.0,500,0.0,0.0,12.871549268971904,9.288216465874937,1.492161257676162,,,
R3,Stationary_AR,0.401040216320103,0.47338781615985226,0.58853274129755,None,24,,,500,0.0,0.0,0.0,0.0,5.0,0.5910162535409176,,
R4,Trending_MeanShift,0.9992059088689847,0.9967969853799992,0.0,None,250,,,500,,,0.0,0.0,1.002531684257075,,250.0,
R1,Composite,0.9998936878087594,0.991809064228792,0.9511942074418539,12,12,12.0,24.0,500,-0.3863066035974534,-2.8126936475755294e-05,9.232476098085927,7.371793026253682,0.9437353625586046,,,
R2,Seasonal,0.8314731086193775,0.9965479830445227,0.8500644471463628,12,12,12.0,24.0,500,0.0,0.0,21.17664635109635,5.412009780144445,1.41554265398286,,,
R3,Stationary_AR,0.07520777259863465,0.5491178258126375,0.5863306327832192,None,71,,,500,0.0,0.0,0.0,0.0,5.0,0.42120045709242354,,
R4,Trending_ExponentialGrowth,0.9977503334954257,0.3263657082152941,0.386626653563922,None,24,,,500,,,0.0,0.0,0.821179258967464,,,
R1,Composite,0.9999233579982298,0.9987554796139518,0.9645921126617685,36,36,36.0,72.0,500,0.3235424645261436,4.556346333307463e-05,17.473718576355175,6.1064144123878314,0.6376702642610065,,,
R2,Seasonal,0.9870740248202909,0.9984464008870766,0.9892586209249941,36,36,36.0,72.0,500,0.0,0.0,15.303744795423558,11.132150528851472,0.6071414700994037,,,
R3,Stationary_AR,0.004596657455555597,0.8598609795961799,0.3772052094029654,None,250,,,500,0.0,0.0,0.0,0.0,5.0,0.6537878096269037,,
R4,Trending_RandomWalkDrift,0.999742617224034,0.9793461093650565,0.9495776101836959,None,125,,,500,,,0.0,0.0,1.3579634319990053,,,0.34176113268434827
R1,Composite,0.9998986032833244,0.998492862457207,0.907332607075813,24,24,24.0,48.0,500,-0.35274725921059724,2.5925971357373212e-05,17.75343624497723,3.928697108254145,0.7569485115808476,,,
R2,Seasonal,0.9765529997407728,0.9983256230000471,0.9813368061232471,24,24,24.0,48.0,500,0.0,0.0,11.810976205831361,6.821152249093834,0.5763861614400514,,,
R3,Stationary_AR,0.4540416484249866,0.5135510764636919,0.7203033141154005,None,31,,,500,0.0,0.0,0.0,0.0,5.0,0.6951286403706706,,
R4,Trending_RandomWalkDrift,0.9983683260694296,0.7092324775974481,0.9218795326507687,None,24,,,500,,,0.0,0.0,0.6544603605534657,,,0.17622449611429467
R1,Composite,0.9979748719455227,0.9953215727814897,0.7098145998340852,12,12,12.0,24.0,500,-0.11464988008891859,4.902532261462022e-05,12.217024581720395,2.232020264112861,0.8188218961060588,,,
R2,Seasonal,0.9702675971984924,0.9992483738639814,0.9688076585336589,12,12,12.0,24.0,500,0.0,0.0,24.674186189952643,7.61344129829263,0.7386814143079333,,,
R3,Stationary_AR,0.11231519339719809,0.4779880122599063,0.5359967627718152,None,28,,,500,0.0,0.0,0.0,0.0,5.0,0.4300890900783668,,
R4,Trending_MeanShift,0.9998612228252172,0.999450154463214,0.0,None,250,,,500,,,0.0,0.0,0.526896388576857,,250.0,
R1,Composite,0.9999487217302694,0.9976091398081565,0.9774679198044993,24,24,24.0,48.0,500,-0.3685392909446389,-1.9967467467765144e-05,10.99346129308494,6.752128359076547,0.5597815754453311,,,
R2,Seasonal,0.6135274450014073,0.9899041601350064,0.7436260193220836,24,24,24.0,48.0,500,0.0,0.0,18.585779006019038,5.417209756048262,1.946338933815126,,,
R3,Stationary_AR,0.02967891414882351,0.7698337373851146,0.7437489128078972,None,125,,,500,0.0,0.0,0.0,0.0,5.0,0.6748785951549405,,
R4,Trending_MeanShift,0.998323270459104,0.9936188467931825,0.0,None,250,,,500,,,0.0,0.0,0.9057521239542325,,250.0,
R1,Composite,0.9997029884184719,0.9991694952185783,0.9394524370949642,36,36,36.0,72.0,500,0.2026101519611373,-2.6740688930603908e-05,22.965826604298375,5.007870199250123,0.6866062176620304,,,
R2,Seasonal,0.8023533351192317,0.986278350381597,0.8593488245685041,36,36,36.0,72.0,500,0.0,0.0,12.17423478553965,6.317099830014707,1.564257187977987,,,
R3,Stationary_WN,0.5325255650581022,0.12501695811471203,0.28389780500067097,None,2,,,500,0.0,0.0,0.0,0.0,12.29757496135654,,,
R4,Trending_RandomWalkDrift,0.9977170253193876,0.9011618934321404,0.8547191741806576,None,125,,,500,,,0.0,0.0,1.3479750788778988,,,0.16968081345727992
R1,Composite,0.9998824290949143,0.9960585902646744,0.9631221513676775,48,50,48.0,96.0,500,0.30389836821911675,-4.820420811853834e-05,10.242391685342561,5.45282400593852,0.8421436415467373,,,
R2,Seasonal,0.9324107870707681,0.9992570766675108,0.9628644303366373,48,50,48.0,96.0,500,0.0,0.0,29.973451087025605,6.135695520809764,0.8460287651921727,,,
R3,Stationary_AR,0.33270024527507436,0.3948789951076146,0.5734091825101055,None,24,,,500,0.0,0.0,0.0,0.0,5.0,0.48034902308078675,,
R4,Trending_RandomWalkDrift,0.9996818919199812,0.7984734407361561,0.8862447490414753,None,24,,,500,,,0.0,0.0,1.1246555252885504,,,0.3058251764864791
R1,Composite,0.9998740896778893,0.9984284905648358,0.9407884074141222,48,50,48.0,96.0,500,0.3798481004686768,4.3183492504434685e-05,23.896852767760286,5.752703711353701,0.9836897312492104,,,
R2,Seasonal,0.599507596817223,0.9940397030493731,0.8761768036732198,48,50,48.0,96.0,500,0.0,0.0,21.639467160828122,4.876201159213384,1.252675396355313,,,
R3,Stationary_AR,0.230122068338665,0.6616240641941447,0.7856639323901295,None,56,,,500,0.0,0.0,0.0,0.0,5.0,0.6990037752645379,,
R4,Trending_RandomWalkDrift,0.9993220989783413,0.590516388163623,0.830319496059276,None,24,,,500,,,0.0,0.0,1.4288075753949818,,,-0.18328608595051096
R1,Composite,0.9999290805832126,0.9976067935777578,0.971944958338597,12,12,12.0,24.0,500,0.3076718389999622,1.0812761954209016e-05,10.931885736482002,6.355801685407714,0.5608795743930517,,,
R2,Seasonal,0.854213611359533,0.9979071817735327,0.8649687281112035,12,12,12.0,24.0,500,0.0,0.0,29.306348248552837,6.445799872584733,1.4799123680963344,,,
R3,Stationary_WN,0.571389838280112,0.22713238282720893,0.2557013508962457,None,2,,,500,0.0,0.0,0.0,0.0,8.787288650937203,,,
R4,Trending_RandomWalkDrift,0.9991717408208564,0.575272436064612,0.8446384028445303,None,24,,,500,,,0.0,0.0,0.8318833209935661,,,0.24653457696478598
R1,Composite,0.9978577211383329,0.9959812755731502,0.8996615865706711,36,36,36.0,72.0,500,0.15814423433755848,-3.7551955508837424e-05,20.415396084154022,7.035252887773346,1.4329298072802312,,,
R2,Seasonal,0.9607641029664384,0.999060197199352,0.9682408642268925,36,36,36.0,72.0,500,0.0,0.0,21.630731185399277,7.007321545482465,0.7087387455081458,,,
R3,Stationary_WN,0.32602780711311063,0.20960443387560823,0.3424867250301499,None,4,,,500,0.0,0.0,0.0,0.0,10.078904280260641,,,
R4,Trending_RandomWalkDrift,0.9934135481296548,0.9288517181412624,0.0,None,250,,,500,,,0.0,0.0,1.2203283013294994,,,0.26906992838464383
R1,Composite,0.9999498302212425,0.9987839145691819,0.9812381619629504,36,36,36.0,72.0,500,0.3913414135866583,1.722430331606119e-05,16.467989346337614,7.944312460240837,0.5688914007191832,,,
R2,Seasonal,0.9831609332234078,0.9993507161242703,0.9861242010587643,36,36,36.0,72.0,500,0.0,0.0,26.80468134730582,11.079152598014861,0.746744799375978,,,
R3,Stationary_WN,0.37986298593729917,0.18896714288124927,0.29207512739400965,None,3,,,500,0.0,0.0,0.0,0.0,5.863821593871329,,,
R4,Trending_ExponentialGrowth,0.9989338642742908,0.3378826715086394,0.3675503888765246,None,24,,,500,,,0.0,0.0,0.7836166085127636,,,
R1,Composite,0.9995249268912026,0.9959716118914498,0.8026739079565649,48,100,48.0,96.0,500,-0.19914480233528836,4.1823021911060744e-05,9.96990187379727,7.410211248296993,0.654995428396812,,,
R2,Seasonal,0.9860759114462521,0.9984616824580926,0.9885232164664524,48,50,48.0,96.0,500,0.0,0.0,16.11458661271109,10.131781365708848,0.6879260222003687,,,
R3,Stationary_WN,0.38236639484565416,0.2601049428931933,0.3311192395373066,None,4,,,500,0.0,0.0,0.0,0.0,10.339289699575355,,,
R4,Trending_RandomWalkDrift,0.9992781520028166,0.5532397422805856,0.8479777158356169,None,24,,,500,,,0.0,0.0,0.6040894883982337,,,0.28692144845618783
R1,Composite,0.9997281707543415,0.9982602349633029,0.9355102026821766,12,12,12.0,24.0,500,0.2765778445340863,-1.4324546302376336e-05,21.75353222307339,6.813823034249569,1.0071421952334765,,,
R2,Seasonal,0.7879371824337524,0.9972493918797817,0.8078442724929397,12,12,12.0,24.0,500,0.0,0.0,25.558910747580022,5.053928208567122,1.274636399146568,,,
R3,Stationary_WN,0.4816891192641727,0.14644014778207304,0.26177482967080756,None,2,,,500,0.0,0.0,0.0,0.0,13.956528458560607,,,
R4,Trending_RandomWalkDrift,0.9995209049022742,0.628394965323153,0.8873724829311532,None,24,,,500,,,0.0,0.0,0.5679705361895528,,,-0.34412733257038824
R1,Composite,0.9985015943382335,0.9983103995500819,0.958941382975858,48,50,48.0,96.0,500,0.12077814289907587,-4.9437610791125476e-05,19.81972902174627,6.383757002722797,0.8293003356520461,,,
R2,Seasonal,0.9182021094159474,0.9978524269979854,0.9454994979906436,48,50,48.0,96.0,500,0.0,0.0,16.269927402195606,5.004319866274592,0.7180222191469174,,,
R3,Stationary_WN,0.5171756909629488,0.13705314153883252,0.2634336590448183,None,2,,,500,0.0,0.0,0.0,0.0,11.315839895159922,,,
R4,Trending_MeanShift,0.9974590516793324,0.9910059553929688,0.0,None,250,,,500,,,0.0,0.0,0.823667320439421,,250.0,
R1,Composite,0.9993214275839788,0.9955922593031787,0.9396688266136214,36,36,36.0,72.0,500,-0.17418484442889187,-4.4315189768250164e-05,15.96187262288121,7.727993235901974,1.158088800290987,,,
R2,Seasonal,0.8107184194866444,0.9898250803192691,0.8630119763028921,36,36,36.0,72.0,500,0.0,0.0,16.834446127986382,7.711299695683973,1.837087472290663,,,
R3,Stationary_AR,0.06728913648709034,0.8161230128785298,0.8319963150058056,None,125,,,500,0.0,0.0,0.0,0.0,5.0,0.6872840512371325,,
R4,Trending_ExponentialGrowth,0.999413088288074,0.37538173786884577,0.323366794151858,None,24,,,500,,,0.0,0.0,0.5737643952182545,,,
R1,Composite,0.9990025754286079,0.9975442271403376,0.9334356409536799,24,24,24.0,48.0,500,-0.10167487287622955,1.4316224335127955e-05,12.08391677028767,4.084898326613002,0.7006660869312317,,,
R2,Seasonal,0.9633192188581836,0.998692206984504,0.9709222479876948,24,24,24.0,48.0,500,0.0,0.0,27.914438134683216,11.16348807425585,1.060039430069507,,,
R3,Stationary_AR,0.4777420562172906,0.6017265253717503,0.7474057953087532,None,19,,,500,0.0,0.0,0.0,0.0,5.0,0.6901017361942731,,
R4,Trending_ExponentialGrowth,0.9961252456654187,0.33551831527384757,0.24801260530600977,None,24,,,500,,,0.0,0.0,1.060437718469113,,,
R1,Composite,0.999938037854478,0.9950732426815414,0.9636803346970195,48,50,48.0,96.0,500,0.3908361873024577,2.641594613637029e-05,9.560602700181224,5.864589688749518,0.7031352999643907,,,
R2,Seasonal,0.9645660000193668,0.9980939484780049,0.9730530562425606,48,50,48.0,96.0,500,0.0,0.0,20.8721733110283,9.109533863104371,0.8872989360773031,,,
R3,Stationary_AR,0.1267255050539179,0.4632081279488618,0.5402621510922023,None,28,,,500,0.0,0.0,0.0,0.0,5.0,0.40983461423218864,,
R4,Trending_ExponentialGrowth,0.9972357671597449,0.4066053562259586,0.29352443074940804,None,24,,,500,,,0.0,0.0,0.8325554229844241,,,
R1,Composite,0.9999167645057442,0.9989497449682749,0.7186841243987605,12,12,12.0,24.0,500,-0.3998257229359521,-2.3195567074631123e-05,23.569720171924665,2.057770542987535,0.7889407285220292,,,
R2,Seasonal,0.9244282818736912,0.9992350860945479,0.9205977722150687,12,12,12.0,24.0,500,0.0,0.0,29.969013028150012,5.600636748324215,0.8658268799700185,,,
R3,Stationary_WN,0.40036092962588676,0.36221189177052837,0.41428840425574387,None,3,,,500,0.0,0.0,0.0,0.0,10.947203526093942,,,
R4,Trending_RandomWalkDrift,0.9991802816163151,0.6598914062459154,0.8438526664254826,None,24,,,500,,,0.0,0.0,1.052548491861153,,,-0.1769968340145546
R1,Composite,0.9998967822181611,0.9995712438876605,0.9148844537177265,36,36,36.0,72.0,500,0.20947044580781884,1.8982789337882114e-05,21.856797988032646,2.6963566579186136,0.5187313943780975,,,
R2,Seasonal,0.8967251267210931,0.9964190680551569,0.9195156490940612,36,36,36.0,72.0,500,0.0,0.0,16.334489916228968,6.233519533644858,1.0465956481677183,,,
R3,Stationary_AR,0.43023701655005464,0.47915135173422074,0.6795959772337197,None,16,,,500,0.0,0.0,0.0,0.0,5.0,0.611804804068955,,
R4,Trending_ExponentialGrowth,0.999419656739769,0.45560790365495696,0.4026754062991984,None,24,,,500,,,0.0,0.0,0.8523760943168126,,,
R1,Composite,0.9982815827697237,0.9957103457630366,0.6025337284866956,12,12,12.0,24.0,500,0.1257240679192939,2.6982598586694114e-05,18.13875712339223,2.3204115273002826,1.2388262242378112,,,
R2,Seasonal,0.7540417576593331,0.9961520137371533,0.7776829832824084,12,12,12.0,24.0,500,0.0,0.0,22.31641071115316,4.6879331467913214,1.5340442708731445,,,
R3,Stationary_AR,0.16898121648531894,0.5694619031930941,0.6368281404127991,None,50,,,500,0.0,0.0,0.0,0.0,5.0,0.5659816925859472,,
R4,Trending_MeanShift,0.999991517235133,0.9999660522006721,0.15792000849654542,None,250,,,500,,,0.0,0.0,0.5497468224015492,,250.0,
R1,Composite,0.9999041480476053,0.9982517385171353,0.9577752183493317,36,36,36.0,72.0,500,-0.38805794970753027,4.0236048669329985e-05,17.607624053515853,6.609624679208207,0.7885023925607451,,,
R2,Seasonal,0.8436888705589658,0.9955890507295531,0.8803866062372558,36,36,36.0,72.0,500,0.0,0.0,21.16086436681881,6.971757910203107,1.602530127361491,,,
R3,Stationary_WN,0.46496669536739943,0.07653136761896362,0.22491730508802943,None,2,,,500,0.0,0.0,0.0,0.0,13.65090426100416,,,
R4,Trending_ExponentialGrowth,0.9829990597713241,0.35784864482497436,0.3800804479773958,None,24,,,500,,,0.0,0.0,0.9454611538682801,,,
R1,Composite,0.9979155564795678,0.9965896230972567,0.8393064343140872,36,36,36.0,72.0,500,-0.11369834365534923,-3.706130253094111e-05,21.368473386372134,5.179962473647771,1.4261727351144866,,,
R2,Seasonal,0.963483934585938,0.9984011831907036,0.9706945431927736,36,36,36.0,72.0,500,0.0,0.0,21.40624687835517,9.276743980364774,0.9469381048566285,,,
R3,Stationary_WN,0.48853457492042673,0.22058195280002013,0.39550838604314664,None,3,,,500,0.0,0.0,0.0,0.0,11.429687983636859,,,
R4,Trending_RandomWalkDrift,0.9236992842072164,0.0,0.0,None,250,,,500,,,0.0,0.0,1.4062710781399255,,,-0.2641791328231131
R1,Composite,0.9991331617891074,0.9974010468316041,0.9008892826884023,48,50,48.0,96.0,500,-0.1742278590479261,-1.722048766642708e-05,21.900109392347243,4.844773340770957,1.1238107643167532,,,
R2,Seasonal,0.8822983265257178,0.9887976114553093,0.9101552733380025,48,50,48.0,96.0,500,0.0,0.0,16.290192430363863,8.976741638065835,1.8557013731690093,,,
R3,Stationary_WN,0.03809557296811872,0.38594771511869164,0.3773265469053384,None,25,,,500,0.0,0.0,0.0,0.0,11.783886077831683,,,
R4,Trending_ExponentialGrowth,0.9998594692714626,0.5051412501238567,0.5835242829742144,None,24,,,500,,,0.0,0.0,0.5020714291854076,,,
R1,Composite,0.9992868903142317,0.992339337832458,0.7632999477546495,24,24,24.0,48.0,500,-0.1628189855618955,4.296714053931e-05,8.639784390036883,2.2514474239159474,0.7698261533410784,,,
R2,Seasonal,0.9753042992416044,0.9979887608669511,0.9806895378185944,24,24,24.0,48.0,500,0.0,0.0,18.6532202211761,11.414751230659848,0.9582677827894132,,,
R3,Stationary_AR,0.21076438283255583,0.5373973232963903,0.5006588655982178,None,29,,,500,0.0,0.0,0.0,0.0,5.0,0.4806612196402219,,
R4,Trending_RandomWalkDrift,0.9509793963318421,0.7181567869912892,0.051873853904473965,None,167,,,500,,,0.0,0.0,1.2454631339734643,,,0.15048202551848805
R1,Composite,0.9996809426331551,0.9937973106233974,0.9275399806735422,24,24,24.0,48.0,500,-0.3009611094845024,-3.374448540533819e-05,14.398266117759285,7.335638538282319,1.297677298351143,,,
R2,Seasonal,0.9729204758798965,0.9990778035614379,0.978711467243174,24,24,24.0,48.0,500,0.0,0.0,20.630103336210173,8.098957115293722,0.7661886970552398,,,
R3,Stationary_AR,0.2944907064737916,0.5550167150851645,0.6563405833820546,None,56,,,500,0.0,0.0,0.0,0.0,5.0,0.6530198850562676,,
R4,Trending_MeanShift,0.9997471801208976,0.9989925326161446,0.0,None,250,,,500,,,0.0,0.0,1.0618501754971414,,250.0,
R1,Composite,0.9989416671748044,0.9958694293075301,0.9256864708179532,48,50,48.0,96.0,500,0.1255607504037632,4.16142193816584e-05,16.072164365180033,5.6995657054867035,0.9983841142400973,,,
R2,Seasonal,0.9101407549846483,0.9936655791908653,0.9314293842179977,48,50,48.0,96.0,500,0.0,0.0,22.767977573028663,11.27118769766993,1.8546979444263008,,,
R3,Stationary_AR,0.25992679437534305,0.5184757011982046,0.5541868480384589,None,16,,,500,0.0,0.0,0.0,0.0,5.0,0.5105571330737451,,
R4,Trending_MeanShift,0.999773710106914,0.9990613627966991,0.0,None,250,,,500,,,0.0,0.0,0.5268663217833995,,250.0,
R1,Composite,0.999541628665748,0.9960131133074895,0.9650455222329652,48,50,48.0,96.0,500,-0.18642570905826594,2.610630150723624e-05,12.15194670727491,6.847530108622473,0.8048048699625444,,,
R2,Seasonal,0.9648428503554553,0.9987498408504242,0.9743430034501501,48,50,48.0,96.0,500,0.0,0.0,29.653585854631647,10.668036920976634,1.0439979462152182,,,
R3,Stationary_AR,0.11389263268806338,0.5449797064224393,0.6914122036637844,None,36,,,500,0.0,0.0,0.0,0.0,5.0,0.5158277806910729,,
R4,Trending_RandomWalkDrift,0.9997219110552281,0.7601165601536806,0.9107896518151809,None,24,,,500,,,0.0,0.0,1.2070217834783625,,,0.44995766131794723
R1,Composite,0.9996428784979821,0.9963399266942539,0.8761636024738243,36,36,36.0,72.0,500,0.17125648082281347,-2.894175817030895e-05,9.933893119888449,2.7722025032438866,0.646357182693413,,,
R2,Seasonal,0.9195925067178731,0.9977682861104743,0.936167646202036,36,36,36.0,72.0,500,0.0,0.0,24.617538682162014,8.514330703764758,1.4940912753930136,,,
R3,Stationary_AR,0.35958086232077113,0.49380761889949787,0.5646898769040749,None,25,,,500,0.0,0.0,0.0,0.0,5.0,0.542076499623861,,
R4,Trending_ExponentialGrowth,0.9954025175939376,0.37005077822786414,0.38196527860972473,None,24,,,500,,,0.0,0.0,1.0084817399913826,,,
R1,Composite,0.9992721335331836,0.9883396215709654,0.8745810940616581,36,36,36.0,72.0,500,-0.240769308417617,-1.2106442518520827e-05,12.372233969004984,5.816485188931084,1.266908592707222,,,
R2,Seasonal,0.944276757911345,0.9967381280291808,0.9538018457566979,36,36,36.0,72.0,500,0.0,0.0,23.272994353576507,11.531475922760464,1.373411255397399,,,
R3,Stationary_AR,0.13417205996949721,0.5300461968116186,0.7076893010741127,None,31,,,500,0.0,0.0,0.0,0.0,5.0,0.6575681683784776,,
R4,Trending_ExponentialGrowth,0.9954986506498246,0.3705310031127408,0.23760970816823646,None,24,,,500,,,0.0,0.0,1.1313787077114243,,,
R1,Composite,0.9998485298315478,0.9978946206112705,0.8406098573328991,24,24,24.0,48.0,500,-0.31454405458339607,3.6826747979040646e-05,15.979460571350796,2.852654200709491,0.8319197949492296,,,
R2,Seasonal,0.7754517195107675,0.9961606762773539,0.8438085060727658,24,24,24.0,48.0,500,0.0,0.0,24.719653764054566,6.282511174770184,1.5608917166984047,,,
R3,Stationary_AR,0.2742342442459408,0.47181648803050213,0.5389306273446515,None,19,,,500,0.0,0.0,0.0,0.0,5.0,0.484393804789998,,
R4,Trending_ExponentialGrowth,0.9993547100570107,0.2870772343673954,0.36650525694619907,None,24,,,500,,,0.0,0.0,0.665752231993488,,,
R1,Composite,0.9999344956183049,0.9989833099755164,0.9183683332102722,48,50,48.0,96.0,500,0.3919787848566515,-1.0025355952561391e-05,20.717367824355513,2.848314146553172,0.5330910138324295,,,
R2,Seasonal,0.9796923329038678,0.9977034307150715,0.9833733680330242,48,50,48.0,96.0,500,0.0,0.0,17.861418117012978,11.503419809769575,0.944749816390873,,,
R3,Stationary_AR,0.0,0.1538544284788803,0.0,None,250,,,500,0.0,0.0,0.0,0.0,5.0,0.4529197530023563,,
R4,Trending_ExponentialGrowth,0.9995901087739416,0.3505331001959965,0.3495171125884913,None,24,,,500,,,0.0,0.0,0.6798830203210591,,,
R1,Composite,0.9987762056573537,0.9970004349621928,0.9081935246574208,24,24,24.0,48.0,500,-0.14538570017849917,2.8424376955246955e-05,16.907956930276875,5.3452070137172925,0.9895280660706053,,,
R2,Seasonal,0.8876178176249166,0.9972431290291756,0.9175789273102474,24,24,24.0,48.0,500,0.0,0.0,14.109503522685657,4.602910388002553,0.8510335571889578,,,
R3,Stationary_WN,0.21729916131596005,0.2942997095685067,0.2350895288706557,None,6,,,500,0.0,0.0,0.0,0.0,10.345044590577249,,,
R4,Trending_RandomWalkDrift,0.9846606388977015,0.825977343140617,0.6639844229612376,None,250,,,500,,,0.0,0.0,0.7307498032195263,,,-0.25674460248918624
R1,Composite,0.9996071165268176,0.9966162451419253,0.9314298111006547,24,24,24.0,48.0,500,0.2110037780685458,2.5075512936152265e-05,15.279355422114797,6.000819037325357,1.0026122805793238,,,
R2,Seasonal,0.9710925322527076,0.9988885239605615,0.9776877958272999,24,24,24.0,48.0,500,0.0,0.0,21.90371943110513,9.156470255520155,0.8551004078197442,,,
R3,Stationary_AR,0.5274754268952979,0.46282023024576313,0.5756176634197727,None,12,,,500,0.0,0.0,0.0,0.0,5.0,0.653174464041402,,
R4,Trending_RandomWalkDrift,0.32258061693679185,0.13314417267347023,0.0,None,250,,,500,,,0.0,0.0,1.0274627261599,,,-0.28747518548644313
R1,Composite,0.9997170431754746,0.9965825704766019,0.8431830079831729,24,24,24.0,48.0,500,0.3076926037984174,2.950330519992392e-05,18.63623905233498,4.349143659638627,1.1631017408299618,,,
R2,Seasonal,0.6262316438816921,0.9958062717408263,0.7633555804755879,24,24,24.0,48.0,500,0.0,0.0,26.019643674824678,5.002310221931458,1.69028701027626,,,
R3,Stationary_WN,0.4069442192901045,0.20542882686866892,0.3482518243339864,None,3,,,500,0.0,0.0,0.0,0.0,12.873740575930894,,,
R4,Trending_RandomWalkDrift,0.9998617163869717,0.7818250105142841,0.8988971265382337,None,24,,,500,,,0.0,0.0,0.8204534792930376,,,-0.34207920690869714
R1,Composite,0.9998436626389772,0.9961957071077262,0.9432431322754651,12,12,12.0,24.0,500,-0.3051365261414771,-2.6270024808098058e-05,13.03645786799014,6.602222200037263,0.8164526078599004,,,
R2,Seasonal,0.7471252015637315,0.9935969482427887,0.7746176329373091,12,12,12.0,24.0,500,0.0,0.0,22.356267384253158,5.99641133866644,1.8302217825714524,,,
R3,Stationary_AR,0.12517777113119577,0.5059900220903227,0.6330564560271927,None,38,,,500,0.0,0.0,0.0,0.0,5.0,0.5026452154049839,,
R4,Trending_RandomWalkDrift,0.7097497583385689,0.0,0.0,None,167,,,500,,,0.0,0.0,0.5663854035804695,,,-0.3638869844239644
R1,Composite,0.9997842933051446,0.995313794151327,0.7655415431234535,12,12,12.0,24.0,500,-0.38963765638010206,1.560174854347482e-05,16.579667281359097,3.4643091109031063,1.2064132238696432,,,
R2,Seasonal,0.9609975367089437,0.9989377225463039,0.9582967944315477,12,12,12.0,24.0,500,0.0,0.0,28.954904136451816,8.955052212608063,1.063927229022463,,,
R3,Stationary_WN,0.262281037350772,0.2559222240374829,0.237151971326669,None,5,,,500,0.0,0.0,0.0,0.0,8.806618027965511,,,
R4,Trending_ExponentialGrowth,0.9924323328389243,0.3694938205025543,0.3164050979243397,None,24,,,500,,,0.0,0.0,0.6283950711277047,,,
R1,Composite,0.9997519379631883,0.9896906428256751,0.7954214140677058,48,50,48.0,96.0,500,0.3511867152929584,1.0306256685140714e-05,11.63736819432626,3.2158842496026456,1.098600637732147,,,
R2,Seasonal,0.9699981951333075,0.9988865351372931,0.9779739747321397,48,50,48.0,96.0,500,0.0,0.0,21.13856171423,7.722979245216987,0.6539102098638003,,,
R3,Stationary_AR,0.12147374445128656,0.4285719608127637,0.5980688061155623,None,25,,,500,0.0,0.0,0.0,0.0,5.0,0.5663022521838055,,
R4,Trending_MeanShift,0.9998985334779243,0.9995899034257038,0.0,None,250,,,500,,,0.0,0.0,0.8852936184409903,,250.0,
R1,Composite,0.9995302547439258,0.987868570957414,0.8637745018970525,24,24,24.0,48.0,500,-0.28380283384641336,3.100835538803668e-05,10.2997462120328,5.45583083170629,1.2455932828938774,,,
R2,Seasonal,0.8949935689075879,0.989612284603392,0.9242207891812554,24,24,24.0,48.0,500,0.0,0.0,14.283410911490119,9.545575256786373,1.6357356014263091,,,
R3,Stationary_WN,0.5539694586589599,0.14880151199286107,0.24491130628608415,None,2,,,500,0.0,0.0,0.0,0.0,6.545810797452699,,,
R4,Trending_ExponentialGrowth,0.996792059315512,0.34863498198610265,0.3264273983764512,None,24,,,500,,,0.0,0.0,1.4104233392359111,,,
R1,Composite,0.99985375463731,0.997571142073855,0.9318409897092835,24,24,24.0,48.0,500,-0.376101283398555,3.89825407346659e-05,17.513613519164,5.96555469845229,0.9351074387642402,,,
R2,Seasonal,0.8111101438356114,0.9973558926106385,0.860192887053119,24,24,24.0,48.0,500,0.0,0.0,18.860329617729498,4.278645410705498,1.035563423053222,,,
R3,Stationary_AR,0.13886053426155143,0.8857755053118704,0.18879947305968958,None,250,,,500,0.0,0.0,0.0,0.0,5.0,0.5423584525903049,,
R4,Trending_ExponentialGrowth,0.9994277531349055,0.3490753480206146,0.2961984770160154,None,24,,,500,,,0.0,0.0,0.7865049821197277,,,
R1,Composite,0.9993657137934923,0.9979039539892338,0.8937803769334571,12,12,12.0,24.0,500,-0.18403908272582625,-3.0408063025157085e-05,22.549635918203744,5.9791752802887,1.131434321426644,,,
R2,Seasonal,0.9538564003844187,0.9932016980413659,0.9517375319970469,12,12,12.0,24.0,500,0.0,0.0,13.460356692466014,10.184171214377347,1.2600381604334872,,,
R3,Stationary_AR,0.08622095746646741,0.43845881663785347,0.5250285876449814,None,33,,,500,0.0,0.0,0.0,0.0,5.0,0.4488766510825518,,
R4,Trending_RandomWalkDrift,0.9987095937295033,0.6995555668107374,0.916950155046146,None,24,,,500,,,0.0,0.0,0.9985826782552325,,,0.20423136251907126
R1,Composite,0.9985656600634308,0.995588166271805,0.8756228891438795,12,12,12.0,24.0,500,0.11372674241079667,2.931074319500083e-05,14.670057054899072,4.9728566964155245,1.0800862551320154,,,
R2,Seasonal,0.9473567532075489,0.9977478804020572,0.9444176433497021,12,12,12.0,24.0,500,0.0,0.0,12.817341877569854,4.943322368100813,0.6809747533063968,,,
R3,Stationary_WN,0.4491485341141567,0.21021189472985535,0.3148858611384493,None,3,,,500,0.0,0.0,0.0,0.0,5.372753073205827,,,
R4,Trending_RandomWalkDrift,0.9996833544782204,0.47207921244702133,0.8890724735540811,None,24,,,500,,,0.0,0.0,0.5957691746544235,,,-0.3731505679879261
R1,Composite,0.9998714912249815,0.9990085329663525,0.922809908429385,36,36,36.0,72.0,500,-0.2842718833442093,-2.2965014784803357e-05,21.750817033440143,4.418558454137599,0.782670774795859,,,
R2,Seasonal,0.944880575168511,0.995776867878398,0.9543022117173846,36,36,36.0,72.0,500,0.0,0.0,18.175552285697755,10.30347793813888,1.2409826098538863,,,
R3,Stationary_AR,0.1896203526767779,0.45219056819184467,0.6014412226150079,None,21,,,500,0.0,0.0,0.0,0.0,5.0,0.44917338152150965,,
R4,Trending_RandomWalkDrift,0.9946167191172319,0.7001995791709901,0.6215444060253816,None,250,,,500,,,0.0,0.0,1.3159471168388004,,,-0.36676533258557165
R1,Composite,0.9996841010261419,0.9986881983205346,0.9628166176484803,12,12,12.0,24.0,500,-0.15862694043246245,4.832423617943532e-05,13.563857407489888,4.966567600362702,0.5407681197975792,,,
R2,Seasonal,0.9089768783879829,0.997220138887409,0.9097605469463163,12,12,12.0,24.0,500,0.0,0.0,25.766834464749245,8.325753405323166,1.391577102356245,,,
R3,Stationary_AR,0.3905737290461847,0.6609311704509273,0.7194458848812153,None,33,,,500,0.0,0.0,0.0,0.0,5.0,0.6503209295847721,,
R4,Trending_RandomWalkDrift,0.9952866781489335,0.645722763869881,0.871394832880741,None,24,,,500,,,0.0,0.0,0.8515816129943495,,,-0.16981710552668763
R1,Composite,0.9995582485535488,0.9983600994919949,0.8000747282627613,12,12,12.0,24.0,500,-0.1945196315828372,3.390025417614147e-05,18.864148987433047,2.8677596127992677,0.720961779396111,,,
R2,Seasonal,0.9509795262354898,0.9978028505019321,0.9469055637585148,12,12,12.0,24.0,500,0.0,0.0,27.970592853405535,11.120621828283264,1.3599259736112845,,,
R3,Stationary_WN,0.4572023154639845,0.0879232773437556,0.3001490799578189,None,3,,,500,0.0,0.0,0.0,0.0,8.888104117234217,,,
R4,Trending_RandomWalkDrift,0.5376834003591859,0.2183043853957708,0.0,None,167,,,500,,,0.0,0.0,1.3104042864002652,,,-0.16139651732681035
R1,Composite,0.9995363038033318,0.9928241936025304,0.9420272562966443,48,50,48.0,96.0,500,0.212847278163263,-2.831088294980787e-05,10.79025062826382,6.167353300106337,0.9248618676045038,,,
R2,Seasonal,0.6011829732890552,0.9938817374068186,0.8387533935102089,48,50,48.0,96.0,500,0.0,0.0,18.931134252828002,4.05198573872114,1.2889968703419834,,,
R3,Stationary_WN,0.4772422050652083,0.15323642650809188,0.27492949226534824,None,2,,,500,0.0,0.0,0.0,0.0,7.229162425289022,,,
R4,Trending_ExponentialGrowth,0.9884147546849156,0.3514477857832109,0.301936525890386,None,24,,,500,,,0.0,0.0,1.3216025765352022,,,
R1,Composite,0.9999212257727735,0.9942757566862794,0.9392299116581575,12,12,12.0,24.0,500,0.3613654503711057,-2.9882385521065148e-05,8.240010883827715,4.859853888229833,0.6505559293818111,,,
R2,Seasonal,0.9294338398164933,0.9973836491101241,0.9268560531611583,12,12,12.0,24.0,500,0.0,0.0,24.041494102595117,8.695168403187438,1.2309887724151625,,,
R3,Stationary_AR,0.30892606990972715,0.5764071111195436,0.6723628773784038,None,23,,,500,0.0,0.0,0.0,0.0,5.0,0.5421481357420347,,
R4,Trending_MeanShift,0.9998549245196819,0.9994296442420139,0.0,None,250,,,500,,,0.0,0.0,0.5168497792754752,,250.0,
R1,Composite,0.9993560457121853,0.9972823402869828,0.829887971665336,36,36,36.0,72.0,500,0.22729362386382373,4.9138218485774004e-05,24.858820458977537,5.086557113493642,1.39232317718439,,,
R2,Seasonal,0.8019050869127032,0.9969746518203292,0.8583375128008501,36,36,36.0,72.0,500,0.0,0.0,18.749196339217843,4.485666656303272,1.0743846200757872,,,
R3,Stationary_WN,0.3694862541366737,0.3620384930220275,0.40251025608518165,None,4,,,500,0.0,0.0,0.0,0.0,7.980153594985047,,,
R4,Trending_RandomWalkDrift,0.9988318707188906,0.7066195695513392,0.8961598626002892,None,24,,,500,,,0.0,0.0,1.202925285424005,,,0.3562007075521154
R1,Composite,0.9995585842022299,0.9906637051099125,0.7133288624416452,36,36,36.0,72.0,500,0.3181994008196951,-4.349371285641458e-05,13.028539476623953,2.7101069937435267,1.2601245596084043,,,
R2,Seasonal,0.8702620821904394,0.9985986890465213,0.9021895435535996,36,36,36.0,72.0,500,0.0,0.0,28.65533533409544,6.177245132156597,1.172242275591778,,,
R3,Stationary_AR,0.13593283963948832,0.6311620776524819,0.5982839015946817,None,50,,,500,0.0,0.0,0.0,0.0,5.0,0.5376188727742721,,
R4,Trending_ExponentialGrowth,0.9973028676115123,0.3905751957347331,0.30713307281963464,None,24,,,500,,,0.0,0.0,0.736054527469483,,,
R1,Composite,0.9993498208907201,0.9944927316762818,0.9709021727182785,36,36,36.0,72.0,500,-0.1375044139845905,1.813014845901949e-05,9.165285419584585,7.462532021462231,0.7161145232251862,,,
R2,Seasonal,0.8746557587708048,0.9944239460380001,0.9017500086561437,36,36,36.0,72.0,500,0.0,0.0,24.306717735874884,10.46435812510801,1.994852030278877,,,
R3,Stationary_AR,0.32821192171625135,0.4605146965213366,0.44295492233784195,None,12,,,500,0.0,0.0,0.0,0.0,5.0,0.40270754244155826,,
R4,Trending_MeanShift,0.999915646505922,0.9996641289058623,0.0,None,250,,,500,,,0.0,0.0,0.9294376183629712,,250.0,
R1,Composite,0.9997747892374513,0.9964138039038541,0.9262322034882672,24,24,24.0,48.0,500,-0.3034767503679083,-3.171143719803062e-05,15.856208803851327,6.338623980726779,1.075320248315506,,,
R2,Seasonal,0.9818765951027635,0.9988378869234531,0.9860465012375601,24,24,24.0,48.0,500,0.0,0.0,21.434200787198904,11.565554966496645,0.805876220123462,,,
R3,Stationary_WN,0.5573665364406017,0.22204147134180485,0.18498826052131134,None,2,,,500,0.0,0.0,0.0,0.0,14.447420725051476,,,
R4,Trending_MeanShift,0.9999164064722342,0.9996616082094406,0.0,None,250,,,500,,,0.0,0.0,0.5571387884438614,,250.0,
R1,Composite,0.9994346030956075,0.9990686209326394,0.9780298477371193,24,24,24.0,48.0,500,0.11672499684266584,-1.5007025311081878e-05,17.391691155866475,6.7026576308752865,0.5519120694114388,,,
R2,Seasonal,0.9814450314050606,0.9984813325016717,0.9854890211810389,24,24,24.0,48.0,500,0.0,0.0,12.265217379703873,7.543062660401104,0.5287917994816977,,,
R3,Stationary_WN,0.27471318792664623,0.3112113541395348,0.27111289871315747,None,8,,,500,0.0,0.0,0.0,0.0,8.467060233170205,,,
R4,Trending_ExponentialGrowth,0.9992526997052275,0.37816688221519534,0.31918298358564623,None,24,,,500,,,0.0,0.0,1.3618250330157422,,,
R1,Composite,0.9992122273399392,0.9989660001443725,0.7953709338995172,12,12,12.0,24.0,500,-0.1328426982925356,1.6244446083139332e-05,22.33496935264868,2.542975549966305,0.7453518440775573,,,
R2,Seasonal,0.8062330970768901,0.9913054963264135,0.8213953161508105,12,12,12.0,24.0,500,0.0,0.0,16.80495558900226,6.206764522061085,1.640575903522071,,,
R3,Stationary_WN,0.18529130001816507,0.27291375080265645,0.33606560370859917,None,10,,,500,0.0,0.0,0.0,0.0,7.652546765057652,,,
R4,Trending_RandomWalkDrift,0.9976978383819137,0.6059340733299443,0.9018457435331414,None,24,,,500,,,0.0,0.0,0.5580068847646422,,,0.236306171498436
R1,Composite,0.9998592215778556,0.995322745587638,0.8720988630920424,48,50,48.0,96.0,500,0.3103185788960292,-2.1699747581325068e-05,10.941595623728666,2.9330596633690726,0.7115219202692069,,,
R2,Seasonal,0.8629629134058807,0.9923974219119803,0.9061418233581874,48,50,48.0,96.0,500,0.0,0.0,17.499787737367555,7.532914009886207,1.6324550653990633,,,
R3,Stationary_AR,0.2086351165763345,0.36237538320162055,0.5261962643726434,None,17,,,500,0.0,0.0,0.0,0.0,5.0,0.4358113366766021,,
R4,Trending_MeanShift,0.999968987346802,0.9998764779840852,0.0,None,250,,,500,,,0.0,0.0,0.8197007936168978,,250.0,
R1,Composite,0.9985795528724459,0.9881813181382201,0.8393903396378719,24,24,24.0,48.0,500,-0.1615699695604086,-4.504445244032006e-05,12.57593582091473,5.799635679735707,1.4521080592596372,,,
R2,Seasonal,0.9724352488803809,0.996345807913448,0.9786514213287039,24,24,24.0,48.0,500,0.0,0.0,12.659016942845497,9.916441877907946,0.8752761258843599,,,
R3,Stationary_WN,0.3821033063565977,0.2703833613585843,0.29083515403653615,None,4,,,500,0.0,0.0,0.0,0.0,8.4386823757376,,,
R4,Trending_RandomWalkDrift,0.9740794929627873,0.8088853354846945,0.0,None,250,,,500,,,0.0,0.0,0.724452115343624,,,-0.189964992058863
R1,Composite,0.9995448934689445,0.9846870328054101,0.7152214700360352,24,24,24.0,48.0,500,0.2979679021031941,-4.7169306104861716e-05,9.57003482133177,2.9343436128379,1.2557122152858624,,,
R2,Seasonal,0.7620346809470575,0.9931610105610672,0.8446253588486631,24,24,24.0,48.0,500,0.0,0.0,12.346850022694111,4.148928928477609,1.2509907022655673,,,
R3,Stationary_WN,0.42758497222915626,0.3316652535847159,0.31100018731483603,None,4,,,500,0.0,0.0,0.0,0.0,5.049775683634979,,,
R4,Trending_MeanShift,0.9983946836749927,0.9930625219006423,0.0,None,250,,,500,,,0.0,0.0,0.8312135150530502,,250.0,
R1,Composite,0.9984956809247015,0.994476011607622,0.7066740259185692,36,36,36.0,72.0,500,-0.16800915391776228,-1.4297263457817678e-05,18.782372090765463,3.157536792301043,1.4170123317408851,,,
R2,Seasonal,0.9739546897283982,0.9982833419564611,0.9788041422866175,36,36,36.0,72.0,500,0.0,0.0,22.275128892050585,11.933085009110517,1.0339163570085685,,,
R3,Stationary_WN,0.5376712430119088,0.13934563477954764,0.2031462418261618,None,2,,,500,0.0,0.0,0.0,0.0,11.054988530175578,,,
R4,Trending_ExponentialGrowth,0.9970016841721118,0.35452433702368036,0.3317016538147636,None,24,,,500,,,0.0,0.0,0.8042634263781867,,,
R1,Composite,0.9982375305347444,0.998801084265319,0.8131453508949772,12,12,12.0,24.0,500,0.12246501586171314,-4.409612513030778e-05,24.75907796618624,3.3811969104786455,0.8588007500242542,,,
R2,Seasonal,0.8015294791699188,0.9951816349894352,0.8184115170405847,12,12,12.0,24.0,500,0.0,0.0,24.85126777562923,6.857716061878791,1.6497638203155216,,,
R3,Stationary_AR,0.0,0.3633606837900162,0.0,None,167,,,500,0.0,0.0,0.0,0.0,5.0,0.43455028708286003,,
R4,Trending_MeanShift,0.9979439389125943,0.9907945717497945,0.0,None,250,,,500,,,0.0,0.0,1.0191729530127205,,250.0,
R1,Composite,0.9996562140260027,0.9938440251980092,0.6392290278467718,36,36,36.0,72.0,500,-0.36391129359333996,-2.157692843774817e-05,17.742735004501398,2.903578349419741,1.2209595947247633,,,
R2,Seasonal,0.972392521477768,0.9988360464923,0.9770412218681442,36,36,36.0,72.0,500,0.0,0.0,16.159559633014744,6.87611937559678,0.6078778378313402,,,
R3,Stationary_AR,0.4181645046344361,0.3967153142149029,0.5909474658547349,None,12,,,500,0.0,0.0,0.0,0.0,5.0,0.5578969245527078,,
R4,Trending_RandomWalkDrift,0.9998243561912576,0.7027385598187272,0.9033831109975896,None,24,,,500,,,0.0,0.0,0.6039393490894889,,,0.46291014530055474
R1,Composite,0.999385989523458,0.9966043927282159,0.9701904758114805,36,36,36.0,72.0,500,-0.11908943081293293,-2.559007402326483e-05,11.691436756868349,7.418857500619827,0.6543621369169821,,,
R2,Seasonal,0.8043769405382376,0.9956176784083538,0.8551213600909406,36,36,36.0,72.0,500,0.0,0.0,14.798068936482087,4.256655782863655,1.0309829201591745,,,
R3,Stationary_AR,0.07221706064774591,0.3294591103879596,0.529666592214749,None,38,,,500,0.0,0.0,0.0,0.0,5.0,0.4605598524563995,,
R4,Trending_MeanShift,0.9993314475950528,0.9974707340311468,0.0,None,250,,,500,,,0.0,0.0,0.6219226583253098,,250.0,
R1,Composite,0.9998248116038255,0.998700391677739,0.7934135573067558,24,24,24.0,48.0,500,-0.3259508386979326,2.430769854198303e-05,23.253822218326043,2.8732807005790013,0.786281298189702,,,
R2,Seasonal,0.7126634860406278,0.9854520528231268,0.7991990383756178,24,24,24.0,48.0,500,0.0,0.0,14.021154569304759,5.885862697998858,1.8388844211623563,,,
R3,Stationary_AR,0.2073483165031953,0.5749953601697559,0.6675796650067413,None,24,,,500,0.0,0.0,0.0,0.0,5.0,0.5857533756964716,,
R4,Trending_RandomWalkDrift,0.999765991204138,0.613273034402825,0.8763557557350661,None,24,,,500,,,0.0,0.0,1.1879121270399917,,,-0.4811171759263976
R1,Composite,0.9996430908919369,0.9935865530528254,0.8535839546195265,36,36,36.0,72.0,500,-0.24812528412711204,1.8945586114803473e-05,11.336012601588422,4.071805414194325,0.9360518195686007,,,
R2,Seasonal,0.9801678561103498,0.9991040820238429,0.9836221704143936,36,36,36.0,72.0,500,0.0,0.0,20.19087989049477,8.948532245083182,0.663933046968434,,,
R3,Stationary_AR,0.22482703700663487,0.5531398254423704,0.6042647521109892,None,50,,,500,0.0,0.0,0.0,0.0,5.0,0.5173484949259037,,
R4,Trending_RandomWalkDrift,0.0,0.00718777931990866,0.0,None,167,,,500,,,0.0,0.0,0.8491813139023034,,,0.48950027900139437
R1,Composite,0.9996874212215289,0.9989983467129386,0.9159108727507896,36,36,36.0,72.0,500,-0.2355580386568007,4.627776022018016e-05,24.305834502985718,4.787041223658203,0.8210972288974966,,,
R2,Seasonal,0.7137264013792886,0.9894464939134875,0.7926846154028806,36,36,36.0,72.0,500,0.0,0.0,13.931828559861625,5.014407049048068,1.4988141359342912,,,
R3,Stationary_WN,0.13216019943420665,0.3443810498209694,0.35804016184534104,None,14,,,500,0.0,0.0,0.0,0.0,13.097603353521714,,,
R4,Trending_RandomWalkDrift,0.9992890466544261,0.9220920618010975,0.9267077627242514,None,125,,,500,,,0.0,0.0,0.5045454551740366,,,0.3533086741301149
R1,Composite,0.9989034525560916,0.9975097716602529,0.882066873032926,36,36,36.0,72.0,500,0.18218109943831173,-3.0818972242043914e-05,22.35839961408353,5.811212892998354,1.225220666156747,,,
R2,Seasonal,0.9453247598835094,0.9948281426556211,0.957076427844849,36,36,36.0,72.0,500,0.0,0.0,17.481297723386056,11.222886927537022,1.2658727127697473,,,
R3,Stationary_AR,0.27999992025514076,0.5681259342557414,0.6620775001103436,None,19,,,500,0.0,0.0,0.0,0.0,5.0,0.522706579842487,,
R4,Trending_RandomWalkDrift,0.9994722709907244,0.7781912135486403,0.9086915439525025,None,24,,,500,,,0.0,0.0,0.9997316712073664,,,-0.2643896277008123
R1,Composite,0.9995071985812638,0.9835519096830323,0.802582367876838,12,12,12.0,24.0,500,-0.288473973777941,2.8534458931658906e-05,9.573889290643637,4.493303324367027,1.3860950128097143,,,
R2,Seasonal,0.9670784412464789,0.9988374981540828,0.9647086367494508,12,12,12.0,24.0,500,0.0,0.0,28.50677117414738,10.31668043940522,1.0894940283502712,,,
R3,Stationary_AR,0.21717793796808138,0.6081366774928614,0.6515901757196298,None,33,,,500,0.0,0.0,0.0,0.0,5.0,0.5672084743228116,,
R4,Trending_RandomWalkDrift,0.0,0.025467856017753032,0.0,None,250,,,500,,,0.0,0.0,0.8499983204242747,,,-0.4797468005584722
R1,Composite,0.9998166100823462,0.9981653695807446,0.8859725232970432,24,24,24.0,48.0,500,-0.3580291547961738,-3.9110643593640645e-05,24.08011695931191,5.177332014170936,1.07567877377797,,,
R2,Seasonal,0.9427844093461315,0.9889511119763528,0.9565796323000275,24,24,24.0,48.0,500,0.0,0.0,11.013742784523458,10.45757160701866,1.2697924974240493,,,
R3,Stationary_AR,0.14913763864102358,0.4859489545861141,0.5907270882758258,None,29,,,500,0.0,0.0,0.0,0.0,5.0,0.5079202191597239,,
R4,Trending_ExponentialGrowth,0.9731003381380191,0.4084048217280116,0.27410321496850554,None,24,,,500,,,0.0,0.0,1.2849218273695642,,,
R1,Composite,0.9995823285057879,0.9983939937603536,0.9642063117427744,12,12,12.0,24.0,500,0.16575345496189942,1.8158806279776463e-05,18.076757499043204,7.566762063060731,0.6787341177123887,,,
R2,Seasonal,0.7819340704714387,0.9969868841525448,0.7953353527419957,12,12,12.0,24.0,500,0.0,0.0,27.09433686569789,5.5110183294508985,1.5501102718546609,,,
R3,Stationary_AR,0.060215724540418125,0.6493892678838558,0.5410066726976198,None,100,,,500,0.0,0.0,0.0,0.0,5.0,0.4833864470780584,,
R4,Trending_RandomWalkDrift,0.9990920768638981,0.7306733411687567,0.8892510445757235,None,24,,,500,,,0.0,0.0,1.2674891584946817,,,0.43546195934710374
R1,Composite,0.998012823730031,0.9973406922650815,0.7175626694796925,36,36,36.0,72.0,500,-0.13308311065224987,4.491170070199955e-05,19.53075694640028,2.4488634113952843,1.0409904325369295,,,
R2,Seasonal,0.9422611395304791,0.9968775169813442,0.953522214588426,36,36,36.0,72.0,500,0.0,0.0,17.374721236187323,8.399671510244605,0.9612294054666252,,,
R3,Stationary_WN,0.019407036974283143,0.38635578126179004,0.34014276948973365,None,56,,,500,0.0,0.0,0.0,0.0,12.290106736036098,,,
R4,Trending_ExponentialGrowth,0.9993189429079176,0.4051813415955843,0.385616806298839,None,24,,,500,,,0.0,0.0,1.2242843243193122,,,
R1,Composite,0.9995521061167372,0.9919345985231511,0.4791308501627962,12,12,12.0,24.0,500,0.3798136792237956,-4.6940325087743584e-05,16.752496594943004,2.021969422058012,1.4779479539319857,,,
R2,Seasonal,0.9065659334398942,0.9937906158235648,0.9074055318159262,12,12,12.0,24.0,500,0.0,0.0,13.96909227874267,6.5895417412834325,1.1219503142992129,,,
R3,Stationary_WN,0.4570055474812308,0.22418467819426668,0.33084388177965507,None,3,,,500,0.0,0.0,0.0,0.0,14.3732034949041,,,
R4,Trending_RandomWalkDrift,0.999739949026427,0.6498745728034812,0.8623002492551337,None,24,,,500,,,0.0,0.0,0.6222460344617523,,,0.41307691744588804
R1,Composite,0.9998435035806921,0.9973167791102807,0.9687602433845889,36,36,36.0,72.0,500,-0.23695219254221156,-4.554032644607733e-05,12.868922413420805,7.1175680513291555,0.6847675615931658,,,
R2,Seasonal,0.7654848176387747,0.9985797170247664,0.8276627475379588,36,36,36.0,72.0,500,0.0,0.0,26.810894881313146,4.015278234294582,0.9940139916141781,,,
R3,Stationary_WN,0.4209383776210277,0.2123713381079535,0.3859030006438411,None,3,,,500,0.0,0.0,0.0,0.0,13.713811184050787,,,
R4,Trending_MeanShift,0.9999403611428677,0.9997628868463754,0.09913717381917253,None,250,,,500,,,0.0,0.0,0.9239087518813175,,250.0,
R1,Composite,0.9999005736920742,0.9986669749536462,0.9441178032243798,12,12,12.0,24.0,500,-0.32852429485911516,2.348951409247072e-05,17.661249890508678,5.304200224923398,0.7013374645319606,,,
R2,Seasonal,0.9383059032884072,0.9983445715295878,0.934744559302154,12,12,12.0,24.0,500,0.0,0.0,14.026079403559438,4.303562211643691,0.5856921597284006,,,
R3,Stationary_AR,0.25395324158685273,0.5118242328332143,0.6328007283039482,None,17,,,500,0.0,0.0,0.0,0.0,5.0,0.5006817515099726,,
R4,Trending_ExponentialGrowth,0.9979433698716234,0.36752861715345153,0.3268005179662219,None,24,,,500,,,0.0,0.0,1.4626315887146242,,,
R1,Composite,0.9999236207665261,0.9990309445643457,0.9728020704482401,36,36,36.0,72.0,500,-0.32096043558073306,3.2069998784487415e-05,17.593041738574183,6.2162426664982116,0.6273965907259569,,,
R2,Seasonal,0.9318135411406612,0.9901344490349846,0.9449723292216907,36,36,36.0,72.0,500,0.0,0.0,13.62134381165368,10.636932557175378,1.5464731003801329,,,
R3,Stationary_AR,0.030937917853062213,0.5746172077109404,0.5484807741511395,None,71,,,500,0.0,0.0,0.0,0.0,5.0,0.6222248657591588,,
R4,Trending_RandomWalkDrift,0.9694039580143912,0.111948396531099,0.0,None,167,,,500,,,0.0,0.0,0.7097006934703768,,,0.4095808760669043
R1,Composite,0.9999663545522638,0.9991476212332159,0.8746337886707372,36,36,36.0,72.0,500,0.39640670540161094,3.2653761574145924e-05,16.69465359596694,2.348649915882874,0.5233471694281385,,,
R2,Seasonal,0.942332896415467,0.9962133574982037,0.952154766692359,36,36,36.0,72.0,500,0.0,0.0,13.426719764376426,7.097356965302573,0.8939629964740741,,,
R3,Stationary_AR,0.26088635099391577,0.6449384070871794,0.6657962324660951,None,45,,,500,0.0,0.0,0.0,0.0,5.0,0.6644859253615051,,
R4,Trending_MeanShift,0.9991925327656597,0.9969490260917915,0.0,None,250,,,500,,,0.0,0.0,1.2996748285738575,,250.0,
R1,Composite,0.9996372893537585,0.9987246467269645,0.9093519428209936,24,24,24.0,48.0,500,0.1592703931253111,-4.8164514890583635e-05,14.577186666265156,2.9404678212852913,0.5800320391724814,,,
R2,Seasonal,0.8990931437142503,0.9833375727372836,0.9243047550673509,24,24,24.0,48.0,500,0.0,0.0,11.889075235587995,10.239025356450412,1.814644618854619,,,
R3,Stationary_WN,0.5370350327020621,0.23044827372353427,0.25406476588646143,None,2,,,500,0.0,0.0,0.0,0.0,9.415346232541918,,,
R4,Trending_RandomWalkDrift,0.99966059713976,0.7669554684809928,0.8985850009824152,None,24,,,500,,,0.0,0.0,1.4491928628353516,,,0.3603342100648155
R1,Composite,0.9998637950710738,0.9959560349001696,0.9183625737126203,36,36,36.0,72.0,500,-0.34189244812758046,3.478845115848138e-05,12.11781620821644,4.957418875173392,0.8656656028522977,,,
R2,Seasonal,0.5458570271193623,0.9730011524192859,0.7049732909527349,36,36,36.0,72.0,500,0.0,0.0,11.229879483135353,4.892553666526206,1.9643714120961375,,,
R3,Stationary_AR,0.08427304592562657,0.48292688898864067,0.5769816545921342,None,45,,,500,0.0,0.0,0.0,0.0,5.0,0.40759999277865006,,
R4,Trending_MeanShift,0.9998227882471533,0.9992971243611805,0.0,None,250,,,500,,,0.0,0.0,0.7340458201906387,,250.0,
R1,Composite,0.9975755814688856,0.9894602208397559,0.7942027475160938,24,24,24.0,48.0,500,0.13539695429803733,-4.8541568845536445e-05,10.683456313866333,3.8478378080452216,1.1343271230186556,,,
R2,Seasonal,0.9714899169802016,0.9963944352177107,0.977686625353913,24,24,24.0,48.0,500,0.0,0.0,14.71589086314805,11.251973954078164,1.0556852159487602,,,
R3,Stationary_AR,0.04307781823985535,0.6139153792948862,0.5706764005743987,None,100,,,500,0.0,0.0,0.0,0.0,5.0,0.4522128450213227,,
R4,Trending_RandomWalkDrift,0.9998374570943159,0.7174933478568173,0.9075474395098445,None,24,,,500,,,0.0,0.0,1.1315757335262957,,,-0.45823776780196757
R1,Composite,0.9996848497533145,0.9841857197750152,0.9061538593270327,48,50,48.0,96.0,500,-0.34958799162052934,-3.0226366227718438e-05,10.529616899238494,6.947303831156111,1.3292457339413724,,,
R2,Seasonal,0.9748779724940532,0.9991942261573249,0.9823437602970774,48,50,48.0,96.0,500,0.0,0.0,26.146563792455698,9.049846475010131,0.7690843466108104,,,
R3,Stationary_WN,0.49158392019429953,0.17653637679876932,0.2131669525547929,None,2,,,500,0.0,0.0,0.0,0.0,7.001330376810438,,,
R4,Trending_MeanShift,0.9997468951173402,0.9990016242810189,0.0,None,250,,,500,,,0.0,0.0,1.082508426266333,,250.0,
R1,Composite,0.9995319919108423,0.9929253399583284,0.9178644037207766,24,24,24.0,48.0,500,0.26437256977011403,-1.6731842540103843e-05,13.139510348748058,6.910379621510598,1.1671432626623708,,,
R2,Seasonal,0.8647892552149838,0.9969518524649056,0.9073140195054465,24,24,24.0,48.0,500,0.0,0.0,20.802092787966966,6.480942347936074,1.202413237592395,,,
R3,Stationary_WN,0.540944728188255,0.22577905859544056,0.24562212880117118,None,2,,,500,0.0,0.0,0.0,0.0,8.498946149491381,,,
R4,Trending_ExponentialGrowth,0.9987253731117091,0.41679343650917156,0.3965232561817854,None,24,,,500,,,0.0,0.0,1.3674392347482822,,,
R1,Composite,0.9996008999079913,0.9978847133846049,0.9624544040740628,12,12,12.0,24.0,500,-0.1802472162564216,2.278097945774372e-05,15.121927012531792,7.098838776293015,0.7514750464379996,,,
R2,Seasonal,0.9590707379235329,0.9976123924674909,0.9561837520116275,12,12,12.0,24.0,500,0.0,0.0,12.257668933565224,5.663356524591752,0.6351847417536777,,,
R3,Stationary_WN,0.26177770158284996,0.32624435339165103,0.29532205905959485,None,6,,,500,0.0,0.0,0.0,0.0,14.842528460216233,,,
R4,Trending_RandomWalkDrift,0.9997653146181831,0.765963521445699,0.9142038268324595,None,24,,,500,,,0.0,0.0,0.7235816577002341,,,-0.38524817745540285
R1,Composite,0.9992749936002466,0.9921229011919329,0.8205619842215652,48,50,48.0,96.0,500,-0.30466966306844245,3.0419611061606928e-05,18.684811021361018,3.867706240643235,1.3417340779895581,,,
R2,Seasonal,0.7365734628905516,0.9884646069185725,0.8440076939564484,48,50,48.0,96.0,500,0.0,0.0,15.434652758128601,5.293784464338372,1.701674048995687,,,
R3,Stationary_WN,0.3865351466127178,0.31133024602519654,0.44421642561378205,None,4,,,500,0.0,0.0,0.0,0.0,10.576668424800026,,,
R4,Trending_MeanShift,0.9984550626068286,0.9943841142676348,0.0,None,250,,,500,,,0.0,0.0,1.2670748025127576,,250.0,
R1,Composite,0.999731220490431,0.9917833264351644,0.8566727234042415,12,12,12.0,24.0,500,0.33621944930659603,1.0561099543938868e-05,12.602938551826774,5.449712196962292,1.402024571909442,,,
R2,Seasonal,0.8956935809258008,0.9903216306798875,0.8981443896508087,12,12,12.0,24.0,500,0.0,0.0,13.899722994721639,7.950122654581672,1.6257192140870416,,,
R3,Stationary_WN,0.23579624892344064,0.35098000686433306,0.3169593319933419,None,12,,,500,0.0,0.0,0.0,0.0,9.91110816151344,,,
R4,Trending_ExponentialGrowth,0.9976847133596292,0.3693363200138112,0.3904469415419872,None,24,,,500,,,0.0,0.0,1.477440002902925,,,
R1,Composite,0.9998443136998427,0.9982599310476605,0.9368879087299536,36,36,36.0,72.0,500,-0.3827003413840444,-4.761377078582417e-05,24.865531381920146,7.492760304752731,1.0983065879582208,,,
R2,Seasonal,0.9509992919507715,0.9926163965733039,0.9594030164488503,36,36,36.0,72.0,500,0.0,0.0,11.634714699378655,9.189963936820686,1.0303152501097883,,,
R3,Stationary_AR,0.2296500665803496,0.42688921140576186,0.5758717730516099,None,24,,,500,0.0,0.0,0.0,0.0,5.0,0.4266182334188418,,
R4,Trending_RandomWalkDrift,0.9992427180813369,0.6430515157529277,0.8581696444105242,None,24,,,500,,,0.0,0.0,0.8331667120633471,,,-0.3045838225406453
R1,Composite,0.9979865472369114,0.9868829131924037,0.7468573667386192,12,12,12.0,24.0,500,0.1373432769553392,1.3599399045144187e-05,11.391514076582174,3.7953949456009886,1.2302173387373596,,,
R2,Seasonal,0.8886063573165919,0.9951776874522049,0.8851865047364148,12,12,12.0,24.0,500,0.0,0.0,15.883886889661458,6.01852505805769,1.1236350846858485,,,
R3,Stationary_AR,0.0,0.3999351602801521,0.0,None,167,,,500,0.0,0.0,0.0,0.0,5.0,0.5725140798867365,,
R4,Trending_MeanShift,0.9998638511321216,0.9994608502678218,0.34669743293062205,None,250,,,500,,,0.0,0.0,1.3198488369612682,,250.0,
R1,Composite,0.9995991646790174,0.998451947255568,0.9144720606061787,48,50,48.0,96.0,500,-0.1888340892169007,-4.444812664975193e-05,22.483294284969652,3.832698411692623,0.942360051983746,,,
R2,Seasonal,0.8463398272297002,0.9963307173587533,0.9086050481268899,48,50,48.0,96.0,500,0.0,0.0,19.34061847516802,5.4765749965827695,1.0215737392833597,,,
R3,Stationary_WN,0.01819572228884192,0.43114047473610306,0.2822480128406267,None,100,,,500,0.0,0.0,0.0,0.0,12.944248494042558,,,
R4,Trending_RandomWalkDrift,0.998644819788273,0.7267654443585452,0.9056478624174367,None,24,,,500,,,0.0,0.0,1.4472273460950305,,,0.29333887225429334
R1,Composite,0.9997946287742896,0.9990887428960724,0.8715651758343681,12,12,12.0,24.0,500,-0.20525264220114373,-2.3591224942442573e-05,20.992106026056565,3.1939730089999414,0.6539445497115912,,,
R2,Seasonal,0.9009465287416336,0.9939480125997737,0.8951920046810512,12,12,12.0,24.0,500,0.0,0.0,22.281788782530157,10.03633152057213,1.8406769977074326,,,
R3,Stationary_AR,0.21237906262954998,0.47502386387770745,0.5509820782692136,None,26,,,500,0.0,0.0,0.0,0.0,5.0,0.5340478257180064,,
R4,Trending_RandomWalkDrift,0.9996385041832496,0.5257127013419656,0.8807193748847881,None,24,,,500,,,0.0,0.0,0.6379272818069481,,,-0.3876768170744648
R1,Composite,0.9996801050766831,0.9934563000414084,0.7104482686796669,24,24,24.0,48.0,500,0.324326749592187,3.369735627568376e-05,15.263677732557316,3.004460890549148,1.3176252766668557,,,
R2,Seasonal,0.6502616920894067,0.9957037228169414,0.7575885728438788,24,24,24.0,48.0,500,0.0,0.0,21.663642642895073,4.234060454618566,1.4955691922847978,,,
R3,Stationary_AR,0.2861151920756544,0.38250226852612623,0.5429909363449255,None,17,,,500,0.0,0.0,0.0,0.0,5.0,0.46269505810606704,,
R4,Trending_ExponentialGrowth,0.9991556097222414,0.33759076638843033,0.35397093706282035,None,24,,,500,,,0.0,0.0,0.5664482120481983,,,
R1,Composite,0.999269198460495,0.9991576773673778,0.8094670957830822,12,12,12.0,24.0,500,-0.110093840679578,-2.8843793974359784e-05,23.83032084145281,2.5711496747901657,0.7183187348838792,,,
R2,Seasonal,0.6789838932102745,0.9974305843884296,0.7668545728634176,12,12,12.0,24.0,500,0.0,0.0,29.732773924917446,4.492411837100499,1.6436615699270323,,,
R3,Stationary_AR,0.008544112068662568,0.8104186370087559,0.7602658976765642,None,125,,,500,0.0,0.0,0.0,0.0,5.0,0.5784894335414543,,
R4,Trending_MeanShift,0.9996628981479079,0.9985843837569632,0.0,None,250,,,500,,,0.0,0.0,0.7527563909810464,,250.0,
R1,Composite,0.9998436923458988,0.9969806948190261,0.9772035702590653,12,12,12.0,24.0,500,0.23556121554056586,-3.3172347578621945e-05,9.998979267415601,7.322622471111372,0.5469340973675799,,,
R2,Seasonal,0.8871127791935738,0.9924276898284687,0.8887692802723466,12,12,12.0,24.0,500,0.0,0.0,19.019292294107053,9.082013586410497,1.8834810900465895,,,
R3,Stationary_WN,0.1730162530045668,0.4267619957996821,0.37917011343755946,None,16,,,500,0.0,0.0,0.0,0.0,13.675251077397494,,,
R4,Trending_ExponentialGrowth,0.997925244623205,0.3816322150970858,0.3291461662822126,None,24,,,500,,,0.0,0.0,0.8633175162040023,,,
R1,Composite,0.9998267360479383,0.9995466478911309,0.9113071040505387,12,12,12.0,24.0,500,-0.18201376863861224,1.4126349242001687e-05,22.138627270054567,2.954639591227598,0.5252299614455995,,,
R2,Seasonal,0.9414246636350254,0.9980224562373409,0.9379809702599092,12,12,12.0,24.0,500,0.0,0.0,21.367297884485374,7.31609664290632,1.0192271750402813,,,
R3,Stationary_WN,0.3122253053651629,0.3289200732324359,0.2849445569302195,None,5,,,500,0.0,0.0,0.0,0.0,12.737049486163201,,,
R4,Trending_MeanShift,0.9999767625640034,0.9999073102149398,0.11698012284462944,None,250,,,500,,,0.0,0.0,0.7329112655740031,,250.0,
R1,Composite,0.999884898098959,0.9983103880517805,0.8271730075672338,36,36,36.0,72.0,500,-0.3071966454563376,-3.622471281444244e-05,17.363271961791337,2.6499852600708715,0.8175355639018324,,,
R2,Seasonal,0.9309763747557616,0.999581899902756,0.9446175846230165,36,36,36.0,72.0,500,0.0,0.0,27.71513760454343,4.410816134007125,0.5693416763299718,,,
R3,Stationary_AR,0.04505114972388169,0.7350851286416131,0.3444715942319676,None,167,,,500,0.0,0.0,0.0,0.0,5.0,0.6568005456129884,,
R4,Trending_MeanShift,0.9983743987371408,0.9928972070897921,0.0,None,250,,,500,,,0.0,0.0,0.5581426865125336,,250.0,
R1,Composite,0.9975288439663386,0.9962076068061203,0.8534128072925095,12,12,12.0,24.0,500,0.11270586908217772,4.6275498491232335e-05,22.22753721038754,6.354177631355687,1.4232131319841028,,,
R2,Seasonal,0.883652751210688,0.9914442926060086,0.8877961613705065,12,12,12.0,24.0,500,0.0,0.0,12.602655542457201,6.227833666304592,1.2581792375952567,,,
R3,Stationary_AR,0.2620626749188326,0.7246179465168643,0.7751936552592746,None,50,,,500,0.0,0.0,0.0,0.0,5.0,0.6861387068054138,,
R4,Trending_RandomWalkDrift,0.9997447758580277,0.7942385746299206,0.9317709903963614,None,24,,,500,,,0.0,0.0,1.3247123985962426,,,0.37045221002141904
R1,Composite,0.9995731200951974,0.9892149986036469,0.8714285248182704,36,36,36.0,72.0,500,-0.3178981444338094,-3.3868272749367906e-05,13.440478040787884,6.547696776687705,1.4632281913549676,,,
R2,Seasonal,0.6031377585655913,0.9936243763936637,0.7478608008915864,36,36,36.0,72.0,500,0.0,0.0,23.677142421957967,5.247011493137389,1.9282126558485027,,,
R3,Stationary_AR,0.26768645194105123,0.528787785324212,0.6615408824582605,None,25,,,500,0.0,0.0,0.0,0.0,5.0,0.4989870476111665,,
R4,Trending_ExponentialGrowth,0.999181891578979,0.3625638516177231,0.34881729466583844,None,24,,,500,,,0.0,0.0,1.3831950236143378,,,
R1,Composite,0.9997642780558699,0.9949497973377492,0.8636863464961644,48,50,48.0,96.0,500,-0.34324312107146315,3.5664008662462616e-05,14.941033940973165,3.388482818772078,0.9869075349731368,,,
R2,Seasonal,0.8562016360521966,0.9966889333540013,0.910912044183734,48,50,48.0,96.0,500,0.0,0.0,20.92328873781316,5.732081996071734,1.3397066157001418,,,
R3,Stationary_AR,0.0,0.17755330433420846,0.0,None,167,,,500,0.0,0.0,0.0,0.0,5.0,0.5658080090181014,,
R4,Trending_MeanShift,0.9993419772646248,0.9975449262359737,0.0,None,250,,,500,,,0.0,0.0,0.9691546996880136,,250.0,
R1,Composite,0.9998638815442914,0.9959350801805765,0.9670244704702845,12,12,12.0,24.0,500,-0.29178624794061914,2.4037142317817877e-05,10.42122875697346,7.275563901339257,0.7334460279159339,,,
R2,Seasonal,0.9193055720992147,0.9988313358609308,0.9152548992122764,12,12,12.0,24.0,500,0.0,0.0,28.76582152426516,6.508196941878298,1.0396440649140943,,,
R3,Stationary_WN,0.5157277033250269,0.09167069341313905,0.22879922283697718,None,2,,,500,0.0,0.0,0.0,0.0,5.160174707124543,,,
R4,Trending_ExponentialGrowth,0.9984734312949972,0.3925608514038478,0.28791582004193716,None,24,,,500,,,0.0,0.0,0.9102839504387946,,,
R1,Composite,0.9997508516197079,0.9872109257855965,0.9209517620593903,12,12,12.0,24.0,500,-0.2758729596117717,-4.809089160359093e-05,8.26616913743471,6.373211018842781,1.1368902712850928,,,
R2,Seasonal,0.5568170671444044,0.9912478627233212,0.6721882982573115,12,12,12.0,24.0,500,0.0,0.0,20.338214114409666,4.505262069371311,1.9270774775263142,,,
R3,Stationary_AR,0.27894612673664476,0.5636581465804862,0.6212712103141318,None,31,,,500,0.0,0.0,0.0,0.0,5.0,0.5935955261416848,,
R4,Trending_ExponentialGrowth,0.9987525422384885,0.30476824715166995,0.3353695436062393,None,24,,,500,,,0.0,0.0,0.9023803180373838,,,
R1,Composite,0.9998389754411926,0.9983182510392201,0.9325989466057079,12,12,12.0,24.0,500,0.35713416703587575,3.1618537132429214e-05,23.346433971668088,7.134588106566468,1.0192319588819827,,,
R2,Seasonal,0.9722434859647455,0.9975863360198619,0.9702737656344445,12,12,12.0,24.0,500,0.0,0.0,18.000254926190042,10.212476565334509,0.9677697256511606,,,
R3,Stationary_AR,0.1326350766201766,0.27756724413388467,0.4490485987061522,None,17,,,500,0.0,0.0,0.0,0.0,5.0,0.4321106742093795,,
R4,Trending_RandomWalkDrift,0.9994156362162643,0.5268368211257074,0.8943985858972671,None,24,,,500,,,0.0,0.0,0.8801929202239224,,,-0.23383639576863438
R1,Composite,0.997111159282101,0.989585879465027,0.5868415490754177,12,12,12.0,24.0,500,0.14512713253920106,-1.87196763640791e-05,14.408678443063378,2.6210476565572565,1.4247663048882901,,,
R2,Seasonal,0.8574266082177286,0.9969993829646369,0.8656999289459784,12,12,12.0,24.0,500,0.0,0.0,29.882663099126322,8.094297784683778,1.8296804268262334,,,
R3,Stationary_AR,0.40210525905186545,0.4250027067697423,0.5140802798677991,None,10,,,500,0.0,0.0,0.0,0.0,5.0,0.42821837467004104,,
R4,Trending_RandomWalkDrift,0.9996905226578265,0.7729982028657422,0.9177561513637854,None,24,,,500,,,0.0,0.0,0.5022219429084954,,,-0.35779947967867354
R1,Composite,0.9999265387763369,0.9987563343462748,0.8829001277558539,12,12,12.0,24.0,500,0.3050515096010968,1.1720240737790025e-05,15.363584957197151,2.895450022582467,0.6673153575310364,,,
R2,Seasonal,0.9517843570003829,0.9981320361670262,0.9487521335649579,12,12,12.0,24.0,500,0.0,0.0,20.666783318960196,7.561674587762543,0.9785388714312193,,,
R3,Stationary_WN,0.14666445407347872,0.3898749987387409,0.24093264788286028,None,9,,,500,0.0,0.0,0.0,0.0,7.853499596269194,,,
R4,Trending_MeanShift,0.999740880636329,0.9989391732527899,0.0,None,250,,,500,,,0.0,0.0,0.7941441934745369,,250.0,
R1,Composite,0.9995131617619344,0.9903985265590011,0.9288818108027562,12,12,12.0,24.0,500,-0.21608483256704986,3.5208484327926816e-05,8.97226938821807,6.505516207312053,0.8880920993835666,,,
R2,Seasonal,0.9812774327423429,0.9989285624645209,0.9791359956603187,12,12,12.0,24.0,500,0.0,0.0,22.80143644501264,10.316518959324203,0.740251142219644,,,
R3,Stationary_WN,0.2027078508704343,0.3025829724598359,0.30686662020599,None,10,,,500,0.0,0.0,0.0,0.0,7.073821705317927,,,
R4,Trending_MeanShift,0.9995661847792199,0.9982596599160984,0.0,None,250,,,500,,,0.0,0.0,1.4258064772394303,,250.0,
R1,Composite,0.9990332634947598,0.998022684527157,0.9607441243843811,36,36,36.0,72.0,500,0.14747077869520492,-4.6028227576532564e-05,17.684478282312828,7.375766791095608,0.8297535281898879,,,
R2,Seasonal,0.9650848367761029,0.9992352286884945,0.9716271158689246,36,36,36.0,72.0,500,0.0,0.0,28.981498877530612,8.926115562235433,0.9097994259822964,,,
R3,Stationary_WN,0.07852994824405057,0.331300339045961,0.30831428292555396,None,21,,,500,0.0,0.0,0.0,0.0,11.178412058661031,,,
R4,Trending_ExponentialGrowth,0.994637895105059,0.3556399096469949,0.25303448993940414,None,24,,,500,,,0.0,0.0,1.4469413686492345,,,
R1,Composite,0.9990288508187122,0.9886802748877858,0.9399136770363328,36,36,36.0,72.0,500,-0.16060264800671398,-1.2249675994928363e-05,10.059344816157958,7.928593358116319,1.2374029569015907,,,
R2,Seasonal,0.9413424959466377,0.991367113078422,0.9531936798834447,36,36,36.0,72.0,500,0.0,0.0,11.142573349667249,8.987794827485683,1.2028997587598738,,,
R3,Stationary_AR,0.41707331359744815,0.4885160851646393,0.4926065308667281,None,10,,,500,0.0,0.0,0.0,0.0,5.0,0.4027024506842586,,
R4,Trending_MeanShift,0.9992291664068432,0.9971849491230838,0.0,None,250,,,500,,,0.0,0.0,0.8435800302242654,,250.0,
R1,Composite,0.9992709756142055,0.997428318719837,0.7814467986299576,24,24,24.0,48.0,500,-0.18068631821069173,-4.9193443687220246e-05,22.045601133583844,3.721870893598365,1.0716676761579222,,,
R2,Seasonal,0.9815978387460655,0.9979074445428366,0.9856539234487326,24,24,24.0,48.0,500,0.0,0.0,10.402729393960586,7.609589791582966,0.5174615330799525,,,
R3,Stationary_AR,0.12311683955641917,0.4895782557121403,0.5826315842992784,None,45,,,500,0.0,0.0,0.0,0.0,5.0,0.4606039452463704,,
R4,Trending_ExponentialGrowth,0.9996342598950183,0.45173595501986274,0.37872423762695584,None,24,,,500,,,0.0,0.0,0.7074486677790719,,,
R1,Composite,0.9999253948269516,0.9982987236939905,0.980392608521622,12,12,12.0,24.0,500,-0.28796852936688055,-3.4724430063716825e-05,13.073256084413842,7.739146029390962,0.5255596638856476,,,
R2,Seasonal,0.9157641944223032,0.9994261487850132,0.9130475924343029,12,12,12.0,24.0,500,0.0,0.0,26.910346865775637,4.183660132529501,0.675864923915722,,,
R3,Stationary_WN,0.309657802610229,0.2628339413512585,0.34888656120351,None,4,,,500,0.0,0.0,0.0,0.0,10.715206446833086,,,
R4,Trending_ExponentialGrowth,0.991541237938224,0.398753484123218,0.2876021837799866,None,24,,,500,,,0.0,0.0,1.1934161663960914,,,
R1,Composite,0.9998312774083562,0.9984827627613859,0.9008658313912834,24,24,24.0,48.0,500,0.38630517307177803,-4.374138121615667e-05,24.65282171849036,5.149376190425513,0.9927117861789141,,,
R2,Seasonal,0.851860365040238,0.9935309010029244,0.8928249791840722,24,24,24.0,48.0,500,0.0,0.0,22.574784055265532,9.64815223443064,1.8750241940894068,,,
R3,Stationary_AR,0.0958601134044681,0.4712311213723299,0.5566902253322495,None,42,,,500,0.0,0.0,0.0,0.0,5.0,0.44560864190930577,,
R4,Trending_ExponentialGrowth,0.9950422234815894,0.37635259091993456,0.35656573574059347,None,24,,,500,,,0.0,0.0,0.981228037631343,,,
R1,Composite,0.9998237526418452,0.9950024604344221,0.916385378575352,12,12,12.0,24.0,500,-0.3532389660118924,1.2286949174393921e-05,13.340347753832638,6.079600236012524,0.9717415982676455,,,
R2,Seasonal,0.8429417319342637,0.9930108863079657,0.8471387432470419,12,12,12.0,24.0,500,0.0,0.0,13.031646231394651,4.854550865882297,1.175871477368426,,,
R3,Stationary_WN,0.46986824331957977,0.3592220521047865,0.35653946271294323,None,3,,,500,0.0,0.0,0.0,0.0,9.262515747164933,,,
R4,Trending_ExponentialGrowth,0.9994987051929816,0.39079546337735094,0.3752731473359342,None,24,,,500,,,0.0,0.0,0.6887275399185884,,,
R1,Composite,0.9997408030246796,0.9947762755416334,0.9143976322652899,48,50,48.0,96.0,500,0.2690961818771244,2.7396697434441037e-05,13.395614266020171,4.9964123517294095,1.0246866494868037,,,
R2,Seasonal,0.8733245152969054,0.9965582041407611,0.9202311228121435,48,50,48.0,96.0,500,0.0,0.0,27.698492045052237,8.606781075453526,1.8265764215580673,,,
R3,Stationary_AR,0.3482030533081306,0.3306187769201343,0.44291375105809727,None,9,,,500,0.0,0.0,0.0,0.0,5.0,0.4604823864580164,,
R4,Trending_ExponentialGrowth,0.9995662576875152,0.3724344561537891,0.32366379941973755,None,24,,,500,,,0.0,0.0,0.7689752283365578,,,
R1,Composite,0.9979779639507582,0.9947929892360077,0.8402197432917458,48,50,48.0,96.0,500,-0.1585534364855845,-4.677870096834054e-05,23.965156666342544,4.010743182554994,1.2735431537543136,,,
R2,Seasonal,0.9039309903350605,0.9944576436715359,0.9341419740485374,48,50,48.0,96.0,500,0.0,0.0,15.152789951298498,6.760099690805623,1.264723058284313,,,
R3,Stationary_WN,0.5268944340706759,0.06956418962115152,0.25860791567904573,None,2,,,500,0.0,0.0,0.0,0.0,9.60906942373318,,,
R4,Trending_RandomWalkDrift,0.9989525492260393,0.7428153906710702,0.8847952326727586,None,24,,,500,,,0.0,0.0,1.3134176575731134,,,-0.2345437376652294
R1,Composite,0.9997865368047164,0.9987231743473106,0.9111256677677483,12,12,12.0,24.0,500,-0.316439405853445,4.416344838144051e-05,24.661058641888584,5.5869422909949975,0.9163123047197601,,,
R2,Seasonal,0.9085821195596794,0.9974724489589744,0.9047280806010058,12,12,12.0,24.0,500,0.0,0.0,16.92913529808588,5.10186863491382,0.9241807621699416,,,
R3,Stationary_AR,0.2969632700715763,0.7132658405562091,0.7694874918808614,None,62,,,500,0.0,0.0,0.0,0.0,5.0,0.6659125293688206,,
R4,Trending_ExponentialGrowth,0.9994362140473858,0.3939865181125741,0.4256902178827744,None,24,,,500,,,0.0,0.0,0.5832671873623702,,,
R1,Composite,0.9993865285654563,0.9859391342837402,0.9041544559863364,36,36,36.0,72.0,500,-0.2305743617984967,-2.6329249162113472e-05,10.210552101942563,7.020959599844314,1.259466783769374,,,
R2,Seasonal,0.9868538782085516,0.99844324885866,0.9889959433524493,36,36,36.0,72.0,500,0.0,0.0,15.198477068999011,10.948270142808788,0.6061209982397603,,,
R3,Stationary_AR,0.28616815133993323,0.3937786256653768,0.5530129623609872,None,24,,,500,0.0,0.0,0.0,0.0,5.0,0.4928924444104432,,
R4,Trending_RandomWalkDrift,0.9895041081827866,0.6437040947827533,0.0,None,250,,,500,,,0.0,0.0,0.7927300804122477,,,-0.38655220443202565
R1,Composite,0.9982822192102638,0.9917330020671876,0.6291224343607997,24,24,24.0,48.0,500,0.16803030511572692,-1.009087667433489e-05,15.044702380772197,2.4479546622552135,1.456703075412093,,,
R2,Seasonal,0.9135642172582429,0.9944450577503006,0.9341193873576501,24,24,24.0,48.0,500,0.0,0.0,21.386562555175253,11.144507223173049,1.7859067267957252,,,
R3,Stationary_AR,0.11267746876649876,0.47960964492306946,0.579849790483827,None,45,,,500,0.0,0.0,0.0,0.0,5.0,0.40647327408767076,,
R4,Trending_ExponentialGrowth,0.9991335811911295,0.3322881243105342,0.32194968296975257,None,24,,,500,,,0.0,0.0,1.3781982564469684,,,
R1,Composite,0.9993859455931559,0.9975694171221526,0.8561529475646688,48,50,48.0,96.0,500,0.23138797561428212,-3.963856977026528e-05,22.53293150684534,3.4327789733564114,1.1014171330881333,,,
R2,Seasonal,0.031007296804463014,0.9873450852153911,0.5998835939792491,48,100,48.0,96.0,500,0.0,0.0,11.857584450346515,11.030246602429818,1.5456461758511857,,,
R3,Stationary_WN,0.5134042917942694,0.11618104646031024,0.2864544377427015,None,2,,,500,0.0,0.0,0.0,0.0,11.37828363478459,,,
R4,Trending_MeanShift,0.9996770357244484,0.9987020702523459,0.0,None,250,,,500,,,0.0,0.0,0.6514630965962119,,250.0,
R1,Composite,0.9986878151918761,0.9959261886603893,0.9273808202741837,48,50,48.0,96.0,500,0.15171662490775284,2.0977744866634084e-05,19.91302661693115,7.269209737804498,1.3138722654893573,,,
R2,Seasonal,0.7232669719351146,0.9857789620284144,0.8231807877125389,48,50,48.0,96.0,500,0.0,0.0,11.786038277969542,4.710016274777415,1.3684015568565076,,,
R3,Stationary_WN,0.43465218964068386,0.19274189270280473,0.2901986325098559,None,3,,,500,0.0,0.0,0.0,0.0,12.228219617434274,,,
R4,Trending_RandomWalkDrift,0.9995798307869044,0.6804465174586933,0.8827093102779954,None,24,,,500,,,0.0,0.0,0.6053045584901371,,,-0.3337700657389645
R1,Composite,0.9997801224734725,0.9982356167467881,0.9258634666543843,36,36,36.0,72.0,500,0.2790991732488977,2.2087407833016436e-05,20.86246199045994,5.726146788951214,0.9181052013634848,,,
R2,Seasonal,0.9185178339343103,0.9947033592578187,0.9371563816427387,36,36,36.0,72.0,500,0.0,0.0,19.672135093118666,10.403741296301284,1.6806669649405996,,,
R3,Stationary_WN,0.30034587418272796,0.365189963043389,0.27352011042922475,None,5,,,500,0.0,0.0,0.0,0.0,8.436659912718927,,,
R4,Trending_RandomWalkDrift,0.9996978087029916,0.7507692595752771,0.9068862919513847,None,24,,,500,,,0.0,0.0,0.5431750377205691,,,-0.30142122925283155
R1,Composite,0.9998942526245261,0.9986567973514895,0.7156771170614279,12,12,12.0,24.0,500,-0.3919200236876176,-3.243646523731374e-05,23.28327376789641,2.526777787006437,0.8360424572674652,,,
R2,Seasonal,0.911113035197295,0.9956066800855342,0.9071403556316238,12,12,12.0,24.0,500,0.0,0.0,21.398214311178688,8.740591819225369,1.504120543138321,,,
R3,Stationary_WN,0.3514200898738429,0.27773908769697697,0.2801664375219295,None,5,,,500,0.0,0.0,0.0,0.0,13.27281742241253,,,
R4,Trending_RandomWalkDrift,0.9775619368318305,0.2504083938479974,0.0,None,250,,,500,,,0.0,0.0,1.454368950857634,,,0.4912978754355152
R1,Composite,0.9998203898482978,0.9880259034581254,0.9384647303580643,24,24,24.0,48.0,500,-0.398765002541175,2.172542167506563e-05,9.232872128046957,7.659653036313228,1.0505223953349345,,,
R2,Seasonal,0.8408108830911213,0.9921330934760341,0.887666287110318,24,24,24.0,48.0,500,0.0,0.0,14.46503884112132,6.611260852037312,1.3746044412816192,,,
R3,Stationary_AR,0.07585936414245698,0.32617004187269494,0.4431451992609843,None,22,,,500,0.0,0.0,0.0,0.0,5.0,0.4980271695811149,,
R4,Trending_ExponentialGrowth,0.9995927233331071,0.3881153036027386,0.3670747270243677,None,24,,,500,,,0.0,0.0,0.8112601208435991,,,
R1,Composite,0.9995727141623575,0.9879342475424656,0.8761432184729301,36,36,36.0,72.0,500,0.34427709750001634,-4.9147150536232014e-05,12.097259698975368,6.457257528087666,1.4490934583426665,,,
R2,Seasonal,0.7630951866875456,0.9959268811271301,0.8274857597875622,36,36,36.0,72.0,500,0.0,0.0,29.277560450857255,7.408332986932986,1.8994917073810227,,,
R3,Stationary_AR,0.0,0.6167710580266366,0.0,None,250,,,500,0.0,0.0,0.0,0.0,5.0,0.5861492619284784,,
R4,Trending_MeanShift,0.9999102419600117,0.9996448473349799,0.0,None,250,,,500,,,0.0,0.0,0.5138234386155309,,250.0,
R1,Composite,0.999642224634276,0.9818591382731693,0.9284960815017951,24,24,24.0,48.0,500,-0.30406143256701196,-1.6358962991309905e-05,8.30791098970125,7.951315520785352,1.429804525943717,,,
R2,Seasonal,0.873912409511056,0.9964852514144479,0.9085482161310591,24,24,24.0,48.0,500,0.0,0.0,23.31580601062953,7.914817833604699,1.3998521613718247,,,
R3,Stationary_WN,0.3957769263238734,0.17359794011759877,0.38862646465713746,None,3,,,500,0.0,0.0,0.0,0.0,8.204506680193731,,,
R4,Trending_ExponentialGrowth,0.9741807563200423,0.41677185798388894,0.35067636462584795,None,24,,,500,,,0.0,0.0,1.4340047988580018,,,
R1,Composite,0.9980750236741075,0.9890520804156313,0.547969607893928,12,12,12.0,24.0,500,-0.14098825943262353,-3.029553180916888e-05,13.145149887130508,2.1869749103297167,1.4085343237969492,,,
R2,Seasonal,0.9082496843356596,0.9910123323350238,0.9074486638793169,12,12,12.0,24.0,500,0.0,0.0,18.624620835520513,10.436149179451611,1.765116120935331,,,
R3,Stationary_WN,0.4467176490648588,0.2401195691304875,0.3233739521040577,None,3,,,500,0.0,0.0,0.0,0.0,7.3871236443938795,,,
R4,Trending_ExponentialGrowth,0.9868705217424851,0.3889625973547539,0.2741310595087951,None,24,,,500,,,0.0,0.0,0.8431630234207945,,,
R1,Composite,0.9996503704964407,0.9976796598784154,0.9168559823843513,48,50,48.0,96.0,500,-0.27954577944579106,-4.0690781184099875e-05,24.42505694564648,5.358861203769299,0.9924062201403522,,,
R2,Seasonal,0.9212416308191929,0.9975273008361486,0.9437002592239399,48,50,48.0,96.0,500,0.0,0.0,18.800450446660086,6.332163325566762,0.8940817120546092,,,
R3,Stationary_WN,0.0,0.7462812059825161,0.0,None,250,,,500,0.0,0.0,0.0,0.0,7.4747713077599744,,,
R4,Trending_ExponentialGrowth,0.9984349207192592,0.3692491216869348,0.29490079891480636,None,24,,,500,,,0.0,0.0,1.0774739115874685,,,
R1,Composite,0.999950579724922,0.999376975922612,0.9709976318533075,36,36,36.0,72.0,500,-0.3516721476206316,-3.61952127981551e-05,21.333437009581672,5.87014730879643,0.5522699525515816,,,
R2,Seasonal,0.9242580658446221,0.9938537246584674,0.9396790637001782,36,36,36.0,72.0,500,0.0,0.0,20.385703922855985,11.995164284450915,1.6926930754437366,,,
R3,Stationary_WN,0.4181868221893861,0.16845640353748792,0.33091932663287593,None,3,,,500,0.0,0.0,0.0,0.0,12.94706434475177,,,
R4,Trending_ExponentialGrowth,0.9899263077515588,0.4649837166012448,0.4109306032452933,None,24,,,500,,,0.0,0.0,0.870629675918823,,,
R1,Composite,0.9993393950346486,0.9969917907851052,0.768593080992781,24,24,24.0,48.0,500,0.17754955026277477,-4.655637065368193e-05,14.725485095517469,2.371814353635192,0.9254864750932069,,,
R2,Seasonal,0.8682541632856317,0.9980884162518098,0.905208049867611,24,24,24.0,48.0,500,0.0,0.0,20.272578750204445,5.029454814062703,1.0132433934148481,,,
R3,Stationary_AR,0.1917923362197811,0.3997528788753677,0.44782750873553057,None,13,,,500,0.0,0.0,0.0,0.0,5.0,0.4063134809931391,,
R4,Trending_ExponentialGrowth,0.9871286508965043,0.3335159331610258,0.3476299780661132,None,24,,,500,,,0.0,0.0,0.9670042629469993,,,
R1,Composite,0.9996456446582316,0.993022886457739,0.9071758953601791,24,24,24.0,48.0,500,0.2886004610295395,-4.690410787283375e-05,11.908859870696393,5.762151317168813,1.0876224372588181,,,
R2,Seasonal,0.8384081473969608,0.9918994323235528,0.8829317135240558,24,24,24.0,48.0,500,0.0,0.0,20.245385893347326,9.197432677225022,1.8514394957682352,,,
R3,Stationary_WN,0.306801743935157,0.20531131010474568,0.2930535338199902,None,4,,,500,0.0,0.0,0.0,0.0,8.698682611906072,,,
R4,Trending_ExponentialGrowth,0.9959821351248618,0.34603062659388595,0.2618135418584543,None,24,,,500,,,0.0,0.0,1.1980984236168855,,,
R1,Composite,0.9991419041341157,0.9965699279543079,0.9396465843214024,36,36,36.0,72.0,500,-0.17073399463995503,4.627587259691513e-05,15.286600585266921,6.7211159568569565,0.9173418059842305,,,
R2,Seasonal,0.8931089154223188,0.9967758934937705,0.9195915543227766,36,36,36.0,72.0,500,0.0,0.0,28.34100251034149,9.845056721324791,1.7026448527844935,,,
R3,Stationary_AR,0.22671734793560505,0.47538990409430715,0.5663236411218733,None,25,,,500,0.0,0.0,0.0,0.0,5.0,0.5098804503296888,,
R4,Trending_MeanShift,0.9998460280834164,0.9993799872614192,0.045597869085634235,None,250,,,500,,,0.0,0.0,0.8568875227564388,,250.0,
R1,Composite,0.999629991048671,0.9884308245208548,0.7544087760590923,24,24,24.0,48.0,500,-0.3683827292953292,4.9124110652441514e-05,12.174129739630537,3.8054549702383405,1.4038161768366975,,,
R2,Seasonal,0.9199815630449852,0.9968955377978296,0.9387542541431041,24,24,24.0,48.0,500,0.0,0.0,10.387285051370581,4.200168557087067,0.6610070760361196,,,
R3,Stationary_WN,0.46170365355953047,0.1553385016003931,0.2962638424554366,None,3,,,500,0.0,0.0,0.0,0.0,7.392784304549061,,,
R4,Trending_ExponentialGrowth,0.9997209706259943,0.39478255700181364,0.3786850540070662,None,24,,,500,,,0.0,0.0,0.6413632492445038,,,
R1,Composite,0.9998557030304144,0.9984828715732174,0.948237006864216,36,36,36.0,72.0,500,0.22651971249744515,1.344043327917897e-05,14.586592085705012,4.640646043676311,0.6190230185140042,,,
R2,Seasonal,0.8838812578595934,0.9951350706419759,0.9132519696291556,36,36,36.0,72.0,500,0.0,0.0,27.585204832610536,11.467592232763742,1.961325806545615,,,
R3,Stationary_WN,0.3854195769649609,0.2570040002922711,0.3093927667422911,None,5,,,500,0.0,0.0,0.0,0.0,9.519109222545515,,,
R4,Trending_MeanShift,0.9999885250486646,0.9999541666858046,0.0,None,250,,,500,,,0.0,0.0,0.5596046366032924,,250.0,
R1,Composite,0.9998246282682204,0.9982733818619002,0.9644875875286972,36,36,36.0,72.0,500,0.31537695054578313,-3.962899238467183e-05,19.256547540713576,7.931481408350401,0.7863555170578376,,,
R2,Seasonal,0.8033417346750054,0.9907847297130462,0.8610140224949895,36,36,36.0,72.0,500,0.0,0.0,12.117950839593355,5.0444636449357345,1.19711065846719,,,
R3,Stationary_WN,0.33310901318010155,0.11341929640285431,0.2908112698999237,None,3,,,500,0.0,0.0,0.0,0.0,7.679033519022011,,,
R4,Trending_RandomWalkDrift,0.9980782841207506,0.6827949218715148,0.8801291864375246,None,24,,,500,,,0.0,0.0,1.298602796348149,,,-0.26418476772643673
R1,Composite,0.9990813990683028,0.9934323193282915,0.8896428806868195,48,50,48.0,96.0,500,0.2504238013955584,-4.958281988177935e-05,18.185973315967008,6.4859711739182035,1.4059769212863669,,,
R2,Seasonal,0.9606900640817789,0.9979925536644041,0.9708094729156561,48,50,48.0,96.0,500,0.0,0.0,25.184612463619054,10.823008389350981,1.3477276838237933,,,
R3,Stationary_WN,0.5518222069329622,0.24998146067103333,0.21325066687291472,None,2,,,500,0.0,0.0,0.0,0.0,11.916443169852776,,,
R4,Trending_ExponentialGrowth,0.9869552465050849,0.45365477522858144,0.2837726040550267,None,24,,,500,,,0.0,0.0,1.4316428068582723,,,
R1,Composite,0.9986002035347874,0.9917056301460714,0.8966121894849738,48,50,48.0,96.0,500,0.16207111995359547,3.976893400806669e-05,16.109568348315666,6.639464258274824,1.4452761208574452,,,
R2,Seasonal,0.004497317267388112,0.9925942251989424,0.6870063165197444,48,100,48.0,96.0,500,0.0,0.0,10.908120058165977,10.343816038875886,1.331183898994178,,,
R3,Stationary_AR,0.2261857052034294,0.5682517335819313,0.6070289051759541,None,33,,,500,0.0,0.0,0.0,0.0,5.0,0.5283810712032551,,
R4,Trending_RandomWalkDrift,0.5610594729184872,0.1437797295180251,0.0,None,167,,,500,,,0.0,0.0,1.2985729837626308,,,0.3774264143594349
R1,Composite,0.9989808777965027,0.9867000541206696,0.6609875882973089,12,12,12.0,24.0,500,0.2570865247538615,-3.671029834454665e-05,13.510049799056887,3.721017529410971,1.4773856168560697,,,
R2,Seasonal,0.9580495226589304,0.9974734428239029,0.9548335041374713,12,12,12.0,24.0,500,0.0,0.0,25.271099808932043,11.468876184648284,1.3790875948864505,,,
R3,Stationary_WN,0.3058228003191107,0.34746474129233806,0.2953419481193402,None,5,,,500,0.0,0.0,0.0,0.0,10.066287134331258,,,
R4,Trending_MeanShift,0.9999122236387915,0.9996490881860998,0.2474787230921337,None,250,,,500,,,0.0,0.0,1.1407702515599556,,250.0,
R1,Composite,0.9990136269888372,0.9942482838385663,0.6129746948797439,12,12,12.0,24.0,500,-0.24639061944332744,-1.1731319897711053e-05,21.386749279597637,2.8333482601272415,1.3124897237910238,,,
R2,Seasonal,0.6096668176616241,0.9948700452755552,0.652526581207285,12,12,12.0,24.0,500,0.0,0.0,26.557839880504893,4.490510253451967,1.9413025818506222,,,
R3,Stationary_WN,0.49651080007901127,0.17060892474617673,0.1994208611359789,None,2,,,500,0.0,0.0,0.0,0.0,12.921779916028058,,,
R4,Trending_ExponentialGrowth,0.999562744079386,0.41080064040430697,0.3534735396043259,None,24,,,500,,,0.0,0.0,0.9998439562025294,,,
R1,Composite,0.9994219936525182,0.982911853685829,0.8603657683954296,48,50,48.0,96.0,500,-0.2942138039485297,2.0919489481417706e-05,10.644963047792967,5.199004875685278,1.4026529644948442,,,
R2,Seasonal,0.9600278256241734,0.9994559785969352,0.9764284274051186,48,50,48.0,96.0,500,0.0,0.0,29.15491149995927,6.531370754429671,0.7232597464483012,,,
R3,Stationary_WN,0.2993302519413812,0.26423886247479,0.34860588363888023,None,5,,,500,0.0,0.0,0.0,0.0,5.265457920385374,,,
R4,Trending_MeanShift,0.9995793971800653,0.9983834257827924,0.0,None,250,,,500,,,0.0,0.0,1.2851080864623268,,250.0,
R1,Composite,0.9997189754472532,0.9954589309358426,0.7411854538989234,24,24,24.0,48.0,500,0.33868634626812055,-1.599134930365906e-05,16.60029159599446,3.1667103886889123,1.1101307845541286,,,
R2,Seasonal,0.9774608582012498,0.9995475572465932,0.9825612721987063,24,24,24.0,48.0,500,0.0,0.0,25.468440642151915,7.750790299270956,0.555851754599427,,,
R3,Stationary_WN,0.4997192897213759,0.11532274548382604,0.3136402397115804,None,2,,,500,0.0,0.0,0.0,0.0,9.609447871285479,,,
R4,Trending_ExponentialGrowth,0.999099820372244,0.3001853963138522,0.34108693033154003,None,24,,,500,,,0.0,0.0,0.5838174047633107,,,
R1,Composite,0.9993315610719147,0.9987361328194502,0.9570122435443471,12,12,12.0,24.0,500,0.15966912654953458,-2.610075233774413e-05,21.730310947786812,7.203750861357423,0.8861179841463768,,,
R2,Seasonal,0.7248095557934819,0.9814794386914796,0.7401385859261933,12,12,12.0,24.0,500,0.0,0.0,13.790005314662734,5.910904219990312,1.95463353786108,,,
R3,Stationary_AR,0.16092198106603373,0.40241193526906094,0.5776618257887584,None,28,,,500,0.0,0.0,0.0,0.0,5.0,0.6301931982694287,,
R4,Trending_MeanShift,0.9999219214774973,0.9996828146748251,0.0,None,250,,,500,,,0.0,0.0,0.9072225393134592,,250.0,
R1,Composite,0.9995060181465633,0.9937307446997877,0.9276443668661928,12,12,12.0,24.0,500,0.26595918910560024,-4.628190698486789e-05,13.607352666696897,7.6805312935713035,1.1471935916352918,,,
R2,Seasonal,0.860873524140633,0.9978855275730062,0.8673898299062653,12,12,12.0,24.0,500,0.0,0.0,25.516810825658233,5.892029153109081,1.2415832118819787,,,
R3,Stationary_WN,0.11749392889015908,0.3177812483641633,0.3407682019949666,None,11,,,500,0.0,0.0,0.0,0.0,12.512095770142658,,,
R4,Trending_RandomWalkDrift,0.9992399800857256,0.9251789661292973,0.7297151188270272,None,250,,,500,,,0.0,0.0,1.1381743592233216,,,-0.37163138082558833
R1,Composite,0.9994427086755137,0.9889641719924278,0.8369543960499595,24,24,24.0,48.0,500,-0.3135913775085949,2.3959052501625327e-05,13.103579438099292,5.791295521612332,1.484566139737022,,,
R2,Seasonal,0.8862509275020174,0.9982801497902974,0.9176600112684833,24,24,24.0,48.0,500,0.0,0.0,22.0924889201385,5.696547940019248,1.0171371340505937,,,
R3,Stationary_WN,0.3291329866739099,0.30068691979621387,0.3300703301818704,None,5,,,500,0.0,0.0,0.0,0.0,7.349695597940329,,,
R4,Trending_MeanShift,0.9999920319778806,0.999968046783464,0.2932701664790305,None,250,,,500,,,0.0,0.0,0.5421692547954954,,250.0,
R1,Composite,0.9997070145179402,0.9983593381029826,0.900833616535462,12,12,12.0,24.0,500,-0.22122895124498695,4.8644927572690454e-05,16.982146316899946,4.028678810164111,0.75393894728304,,,
R2,Seasonal,0.9744616252932388,0.9988563560889362,0.9724710759830375,12,12,12.0,24.0,500,0.0,0.0,17.164722230635174,6.915950261346561,0.6130406283513086,,,
R3,Stationary_WN,0.18424607128466952,0.3364203129633593,0.34443222662370143,None,8,,,500,0.0,0.0,0.0,0.0,8.339046269067484,,,
R4,Trending_RandomWalkDrift,0.9993430370510288,0.632453268864503,0.9165882685678106,None,24,,,500,,,0.0,0.0,1.1360857113226144,,,-0.3059645358970422
R1,Composite,0.9999426017998622,0.9987327650046689,0.9858079125656332,36,36,36.0,72.0,500,-0.28379486275884747,-3.102756268188463e-05,13.038986986842291,7.45674826945123,0.5000201057242482,,,
R2,Seasonal,0.7409409289204123,0.9922779186733444,0.8267019439311323,36,36,36.0,72.0,500,0.0,0.0,19.658223370691715,6.8020120843173775,1.7522919270991384,,,
R3,Stationary_WN,0.12204599020162443,0.41679869518193824,0.2511567229504248,None,14,,,500,0.0,0.0,0.0,0.0,7.344101328811509,,,
R4,Trending_MeanShift,0.999660483014991,0.9986740447981072,0.0,None,250,,,500,,,0.0,0.0,0.8085110688654201,,250.0,
R1,Composite,0.9999276468644338,0.998923462889318,0.9837149065191534,24,24,24.0,48.0,500,0.2758955885571585,3.8019726403192036e-05,15.398911420922836,7.51803647570474,0.5141352265983958,,,
R2,Seasonal,0.8934503915289039,0.9939671559331534,0.9215873503729746,24,24,24.0,48.0,500,0.0,0.0,14.496482054091285,7.249828694975378,1.2766344967749284,,,
R3,Stationary_WN,0.4501617338391265,0.2754442784224913,0.24091653794421364,None,3,,,500,0.0,0.0,0.0,0.0,12.425832871324616,,,
R4,Trending_ExponentialGrowth,0.9994464677884595,0.4212227702485801,0.34128676180652484,None,24,,,500,,,0.0,0.0,0.7480189985649565,,,
R1,Composite,0.9983481270672084,0.9903849435714683,0.6810212389391233,36,36,36.0,72.0,500,-0.13714352271606567,-4.2257120257335515e-05,13.371875607196163,2.7065945964792952,1.2292097699166349,,,
R2,Seasonal,0.8937271457931554,0.9975851019670188,0.9172882325347942,36,36,36.0,72.0,500,0.0,0.0,27.678525527904945,8.401919737934776,1.4964544090504375,,,
R3,Stationary_AR,0.18259198216233885,0.398128546408958,0.5993165296154274,None,19,,,500,0.0,0.0,0.0,0.0,5.0,0.47485814225279394,,
R4,Trending_RandomWalkDrift,0.9857585958506978,0.8598685724037859,0.7697159265493916,None,250,,,500,,,0.0,0.0,0.7995374787192854,,,-0.16519309668198917
R1,Composite,0.9995291880259398,0.9974926145351989,0.9699594024679968,36,36,36.0,72.0,500,-0.1311390745126301,1.778542447287654e-05,10.961885803146231,5.922187092024745,0.6102459201412721,,,
R2,Seasonal,0.9630118461956487,0.9963615209432414,0.9709729178965943,36,36,36.0,72.0,500,0.0,0.0,14.606271669498854,9.719140606755115,0.9479344780882877,,,
R3,Stationary_WN,0.3951432176041497,0.2011002361063029,0.36936431977295947,None,3,,,500,0.0,0.0,0.0,0.0,10.971820494890997,,,
R4,Trending_ExponentialGrowth,0.9935760405523987,0.38882359849554093,0.3078369437038013,None,24,,,500,,,0.0,0.0,1.2835485254593197,,,
R1,Composite,0.9996621648288572,0.9960809936772581,0.9372182577580728,36,36,36.0,72.0,500,0.24814724665216095,1.4007710576862392e-05,15.185970089901222,6.975889167259985,1.0326118764825685,,,
R2,Seasonal,0.8551551292235464,0.9950506866421844,0.8918804241257464,36,36,36.0,72.0,500,0.0,0.0,28.89847746083338,10.643102573911147,1.9494366735790523,,,
R3,Stationary_AR,0.23475287475273665,0.5359173849062862,0.6017931613265772,None,24,,,500,0.0,0.0,0.0,0.0,5.0,0.510351852075302,,
R4,Trending_MeanShift,0.9998485345643144,0.9994026909536368,0.0,None,250,,,500,,,0.0,0.0,1.2234065807112458,,250.0,
R1,Composite,0.9995309005817267,0.9681230538417426,0.7975375828975926,48,50,48.0,96.0,500,-0.35065064782705946,3.540209651767415e-05,8.384225269179801,4.6320485131484315,1.4315801486876152,,,
R2,Seasonal,0.42193715590697967,0.9933914324566316,0.7621086032966968,48,50,48.0,96.0,500,0.0,0.0,29.397366815010397,4.324813126276084,1.8899384598176623,,,
R3,Stationary_WN,0.27715347618868824,0.29504433303728395,0.32851239644255803,None,5,,,500,0.0,0.0,0.0,0.0,14.373712041435493,,,
R4,Trending_ExponentialGrowth,0.998141078570196,0.3905119165190206,0.4409804438097762,None,24,,,500,,,0.0,0.0,0.7028521822277296,,,
R1,Composite,0.9992344291198562,0.9963258422331087,0.9392654653785953,48,50,48.0,96.0,500,-0.1069261784435774,-4.9949593797060925e-05,12.417039772605852,4.807155907434394,0.7933549034311931,,,
R2,Seasonal,0.8991330001637853,0.9975602975399706,0.9343006361713948,48,50,48.0,96.0,500,0.0,0.0,24.444364270377033,7.3452663609354385,1.1262035459239017,,,
R3,Stationary_WN,0.3275865680868141,0.28841640411111624,0.32952503126425936,None,5,,,500,0.0,0.0,0.0,0.0,9.77380866743681,,,
R4,Trending_RandomWalkDrift,0.5937247463598418,0.0,0.0,None,167,,,500,,,0.0,0.0,1.4818702702517144,,,-0.36029867284799677
R1,Composite,0.9995042068296246,0.9967589667510057,0.8376973873925527,48,50,48.0,96.0,500,0.2528484955219401,-3.18878000384608e-05,19.824458939492793,2.2470301331773763,0.743033660966624,,,
R2,Seasonal,0.9273714086003588,0.9914414150945674,0.9467049137707723,48,50,48.0,96.0,500,0.0,0.0,15.643247574720387,10.128473582575598,1.447323678082416,,,
R3,Stationary_WN,0.49094739622870043,0.1362806647570739,0.29816091857578697,None,2,,,500,0.0,0.0,0.0,0.0,12.147991939967174,,,
R4,Trending_ExponentialGrowth,0.991609577937852,0.40704593530365074,0.35081350385300913,None,24,,,500,,,0.0,0.0,0.7543077640568133,,,
R1,Composite,0.9999109129158119,0.9975072161356668,0.9588656715383909,12,12,12.0,24.0,500,0.3729482166907142,1.1774426290940006e-05,14.519235993428811,6.975006843761127,0.7647696671077897,,,
R2,Seasonal,0.9369282263206099,0.9964734587436831,0.9247602140786715,12,12,12.0,24.0,500,0.0,0.0,26.20429867163435,11.181544083134774,1.0904510689667115,,,
R3,Stationary_AR,0.5057282020734835,0.3785026051327731,0.6361191147530372,None,16,,,500,0.0,0.0,0.0,0.0,5.0,0.6659224681391864,,
R4,Trending_RandomWalkDrift,0.999108801770187,0.9706838119608954,0.9571592111905021,None,125,,,500,,,0.0,0.0,1.1193432229365046,,,-0.3581482753045051
R1,Composite,0.9996446072069025,0.9976003447133492,0.8802425611769656,24,24,24.0,48.0,500,0.2434412498241463,3.679180215416366e-05,20.396492700123055,4.995990011573462,1.1041680513266328,,,
R2,Seasonal,0.9492473531408553,0.9956689166664993,0.9609812669613502,24,24,24.0,48.0,500,0.0,0.0,12.009665910045662,7.467875544429803,0.8262978625547452,,,
R3,Stationary_AR,0.10957210368845871,0.7104981011260121,0.30480793478111723,None,167,,,500,0.0,0.0,0.0,0.0,5.0,0.6764476102882364,,
R4,Trending_MeanShift,0.9998697504812794,0.9994858903570533,0.0,None,250,,,500,,,0.0,0.0,0.6046586815796986,,250.0,
R1,Composite,0.9984679270541682,0.9976230703345091,0.6584587922930127,12,12,12.0,24.0,500,-0.16341496519753873,4.9706609147861074e-05,22.819816301390944,2.6163606289114405,0.9985593025062846,,,
R2,Seasonal,0.93272245924517,0.9947104789509467,0.9312736974225382,12,12,12.0,24.0,500,0.0,0.0,22.43315036406276,11.908260116752903,1.810030504964371,,,
R3,Stationary_AR,0.12703003022204007,0.4030411449433893,0.5735902285108716,None,62,,,500,0.0,0.0,0.0,0.0,5.0,0.5970999195100034,,
R4,Trending_RandomWalkDrift,0.9993986085132835,0.700541082716309,0.9127548094607736,None,24,,,500,,,0.0,0.0,1.338839648629077,,,-0.3935876354183693
R1,Composite,0.9993677195474597,0.985215966471218,0.6168008508165281,48,100,48.0,96.0,500,0.28494872830630547,-1.1073227086474798e-05,9.347067671821911,6.911922693107987,1.3804253225162881,,,
R2,Seasonal,0.8738792375844435,0.9884858509447059,0.9022145497862164,48,50,48.0,96.0,500,0.0,0.0,13.711806121396082,7.556331442638927,1.7710457845887804,,,
R3,Stationary_AR,0.0010535466326169196,0.7964977044151467,0.054915879375492915,None,250,,,500,0.0,0.0,0.0,0.0,5.0,0.6491093810696984,,
R4,Trending_MeanShift,0.9999799115762187,0.9999194606022141,0.26455955506572293,None,250,,,500,,,0.0,0.0,1.0557943780538266,,250.0,
R1,Composite,0.9998120617853842,0.9956565420700041,0.9143217459043307,48,50,48.0,96.0,500,-0.3096629149099629,2.1686681700824644e-05,12.925076011679371,4.4408636700444,0.8798316880317782,,,
R2,Seasonal,0.7660434389285591,0.9914726942977975,0.8488508315305507,48,50,48.0,96.0,500,0.0,0.0,17.748569112023592,6.0308885377304815,1.616028110530542,,,
R3,Stationary_AR,0.10838463681175159,0.3964601836578756,0.41093603607206597,None,24,,,500,0.0,0.0,0.0,0.0,5.0,0.4464691920238043,,
R4,Trending_ExponentialGrowth,0.9995706711195482,0.3314833630562948,0.2783941691960269,None,24,,,500,,,0.0,0.0,0.5752869905291185,,,
R1,Composite,0.9993899856270224,0.985706761650169,0.8898811147046679,36,36,36.0,72.0,500,-0.2569479446479454,1.6052910186919278e-05,10.506235112834602,6.4926217859575575,1.259369410974937,,,
R2,Seasonal,0.9487598470837695,0.9971442581524814,0.9587218858767622,36,36,36.0,72.0,500,0.0,0.0,22.9775574474533,11.200674453110878,1.4550180705100626,,,
R3,Stationary_WN,0.3170216985180002,0.30654401441242385,0.3612261846210564,None,5,,,500,0.0,0.0,0.0,0.0,6.671424098433229,,,
R4,Trending_MeanShift,0.9999337275857865,0.9997355852656432,0.006991591859827451,None,250,,,500,,,0.0,0.0,0.734679213765867,,250.0,
R1,Composite,0.9955045799477692,0.9972260503732059,0.7588117245012236,24,24,24.0,48.0,500,-0.10243752181227354,1.267498377184246e-05,24.566980934737664,3.8336853656261,1.3427168376066039,,,
R2,Seasonal,0.6180462856395172,0.9940875198701448,0.7354357569165996,24,24,24.0,48.0,500,0.0,0.0,23.228702339140412,5.0765824561232185,1.8929467501684776,,,
R3,Stationary_AR,0.17064197820751226,0.4419653336660907,0.6175010173132093,None,24,,,500,0.0,0.0,0.0,0.0,5.0,0.5864169901440273,,
R4,Trending_MeanShift,0.9999784737176449,0.9999136023206362,0.16881153846935126,None,250,,,500,,,0.0,0.0,0.9566609027699894,,250.0,
R1,Composite,0.9998985129631071,0.9977640628348762,0.9217413475521621,12,12,12.0,24.0,500,-0.367308174219277,-1.4766598719275659e-05,16.23588481412213,5.220463158841821,0.8447231062238185,,,
R2,Seasonal,0.9430652825489453,0.9930851802786255,0.939447937612798,12,12,12.0,24.0,500,0.0,0.0,13.911676763557425,9.093726836496586,1.2475403992465839,,,
R3,Stationary_WN,0.18096424250047183,0.2888244285988123,0.25174482756387573,None,9,,,500,0.0,0.0,0.0,0.0,8.225775108186154,,,
R4,Trending_ExponentialGrowth,0.9996135527933984,0.35507236349086013,0.3286850873534325,None,24,,,500,,,0.0,0.0,0.9334526416263392,,,
R1,Composite,0.9990234222066263,0.9986184345999762,0.9295718112693024,12,12,12.0,24.0,500,-0.1179408640601418,-1.7776027990881857e-05,22.147057981644164,6.0046385992067695,0.8798984252735192,,,
R2,Seasonal,0.9578383088509811,0.9993795843504537,0.9546432493692771,12,12,12.0,24.0,500,0.0,0.0,22.60815261991314,5.084391057040699,0.5875830393418164,,,
R3,Stationary_WN,0.14236866062592046,0.35031290041572427,0.28323137339518634,None,14,,,500,0.0,0.0,0.0,0.0,14.247706652786956,,,
R4,Trending_MeanShift,0.9997861102040637,0.9991439762368755,0.0,None,250,,,500,,,0.0,0.0,1.2740911990150567,,250.0,
R1,Composite,0.9993593646059428,0.9961830649793254,0.7825923570547166,24,24,24.0,48.0,500,-0.2249528626653387,4.5316426724561805e-05,16.649734610460143,3.346319665064826,1.186942565515799,,,
R2,Seasonal,0.8955662396857932,0.9971404906402849,0.9228443388451465,24,24,24.0,48.0,500,0.0,0.0,14.720500202566626,4.973897723964187,0.7811300185925005,,,
R3,Stationary_WN,0.45437892109951905,0.17449235031307875,0.32749259220794213,None,3,,,500,0.0,0.0,0.0,0.0,11.279864261604512,,,
R4,Trending_ExponentialGrowth,0.9980315990832832,0.3266968453002268,0.3278074212717961,None,24,,,500,,,0.0,0.0,0.9404206734139686,,,
R1,Composite,0.9995381198043077,0.9971139632682268,0.9730049806296986,12,12,12.0,24.0,500,-0.1344204763818697,1.2972766717621945e-05,10.551418029127907,6.829205685517363,0.6003645010645782,,,
R2,Seasonal,0.9556743044565528,0.9938453720745861,0.9540463575565529,12,12,12.0,24.0,500,0.0,0.0,14.722798168147042,10.573070800826029,1.2487776368356303,,,
R3,Stationary_AR,0.23708645870264422,0.6590315527012818,0.7316078594572668,None,50,,,500,0.0,0.0,0.0,0.0,5.0,0.649659908683694,,
R4,Trending_RandomWalkDrift,0.2293705846267693,0.7486994335107245,0.0,None,167,,,500,,,0.0,0.0,0.9188406816309814,,,-0.12871100946470546
R1,Composite,0.9997196852569341,0.9866543321255874,0.9295966318806727,24,24,24.0,48.0,500,-0.33653414025389633,4.6058296581389715e-05,8.854209084258029,7.011017108387041,1.205747561916027,,,
R2,Seasonal,0.8755825847583896,0.9947246155138428,0.9074063755410974,24,24,24.0,48.0,500,0.0,0.0,23.63696561864743,9.984862086328905,1.8914706494568467,,,
R3,Stationary_AR,0.4458320618643947,0.5810935635218264,0.7362973354741607,None,25,,,500,0.0,0.0,0.0,0.0,5.0,0.64968329027115,,
R4,Trending_RandomWalkDrift,0.9974408542826093,0.7706450097667066,0.8922281835315863,None,24,,,500,,,0.0,0.0,0.9463475661293763,,,-0.14256715612034807
R1,Composite,0.9997245237781307,0.9944953205083882,0.9189736626762962,12,12,12.0,24.0,500,0.26631947042890236,-2.7008445135232998e-05,11.517424742651201,5.741507646674576,0.934240343595863,,,
R2,Seasonal,0.9177616156177631,0.9970275093932983,0.9145210372046682,12,12,12.0,24.0,500,0.0,0.0,29.303200539369662,10.417775595126475,1.687860058585413,,,
R3,Stationary_AR,0.4041497358174564,0.6325699575211536,0.7128723159380999,None,28,,,500,0.0,0.0,0.0,0.0,5.0,0.5686847734095641,,
R4,Trending_ExponentialGrowth,0.9987723019718635,0.3032199129744573,0.27867912478608636,None,24,,,500,,,0.0,0.0,0.5018767611103132,,,
R1,Composite,0.99993703711121,0.9988950997177162,0.8408759168663746,36,36,36.0,72.0,500,-0.3864397539006825,2.214373609142139e-05,18.255148830851766,2.5154067919419627,0.6578889305910727,,,
R2,Seasonal,0.9155084656384787,0.997758893532276,0.9340648622695745,36,36,36.0,72.0,500,0.0,0.0,27.703549441592745,9.134103521857515,1.3854849659258741,,,
R3,Stationary_AR,0.012398460302997627,0.894097172233957,0.0,None,250,,,500,0.0,0.0,0.0,0.0,5.0,0.6996846776775403,,
R4,Trending_RandomWalkDrift,0.9997153909315772,0.5069610886081986,0.828519140067332,None,24,,,500,,,0.0,0.0,0.6880217040836625,,,-0.35234490094909443
R1,Composite,0.9996698560535519,0.9975169709423733,0.7079493212183069,12,12,12.0,24.0,500,-0.28710472207776583,-4.0429990351162225e-05,23.059452719096452,2.824027747488591,1.1769118378766814,,,
R2,Seasonal,0.9071259858429002,0.9977553556908304,0.906695927777219,12,12,12.0,24.0,500,0.0,0.0,21.464505029177545,6.111048558469944,1.1549927467117969,,,
R3,Stationary_WN,0.4706891941436304,0.1572326640651326,0.3827473434008275,None,3,,,500,0.0,0.0,0.0,0.0,9.589719549332752,,,
R4,Trending_MeanShift,0.9996270235642202,0.9984754140962849,0.0,None,250,,,500,,,0.0,0.0,0.5823709238807866,,250.0,
R1,Composite,0.9999141664336553,0.993282634222053,0.9622359302184729,48,50,48.0,96.0,500,0.38300290985904895,1.4720909755206911e-05,9.262528969799082,6.532719955608908,0.8170071557077913,,,
R2,Seasonal,0.8625553850488835,0.9889237328290906,0.9132107431051508,48,50,48.0,96.0,500,0.0,0.0,15.19282382552521,8.388984761920938,1.5092877041403423,,,
R3,Stationary_AR,0.1595084936183201,0.4251016428407234,0.5831962233002095,None,21,,,500,0.0,0.0,0.0,0.0,5.0,0.4366717062345762,,
R4,Trending_ExponentialGrowth,0.9979968195883328,0.37512106439063575,0.3566528262601182,None,24,,,500,,,0.0,0.0,1.1190614754182564,,,
R1,Composite,0.9996861848409044,0.9955606953214096,0.913746056261604,12,12,12.0,24.0,500,-0.35851051419762925,4.6473016651746924e-05,18.108016815990243,7.680880405997969,1.199440195077417,,,
R2,Seasonal,0.961768173809491,0.9976833030961796,0.9599297605342008,12,12,12.0,24.0,500,0.0,0.0,22.625384937616182,10.619510794925105,1.249946716615941,,,
R3,Stationary_WN,0.5353811004245055,0.18938915841452464,0.2931706074748076,None,2,,,500,0.0,0.0,0.0,0.0,13.666044084899136,,,
R4,Trending_MeanShift,0.999923631512163,0.9996955052476199,0.0,None,250,,,500,,,0.0,0.0,0.7802066865547933,,250.0,
R1,Composite,0.9994080269329193,0.9979804632050172,0.808786642585179,24,24,24.0,48.0,500,-0.20805970818308914,3.3497896280173676e-05,21.06285887595081,3.308759731428136,0.9950308371859964,,,
R2,Seasonal,0.9365234955132516,0.9981845672812723,0.951471903631275,24,24,24.0,48.0,500,0.0,0.0,17.47193432338028,6.20881410824383,0.8270989963975832,,,
R3,Stationary_WN,0.05877807265381163,0.40304452827815374,0.2636194128320698,None,23,,,500,0.0,0.0,0.0,0.0,7.335558699696185,,,
R4,Trending_ExponentialGrowth,0.9989706706234536,0.3807752015152376,0.3123843736609099,None,24,,,500,,,0.0,0.0,1.0511279124116726,,,
R1,Composite,0.9999188948097375,0.9973052400739351,0.8656628613034195,48,100,48.0,96.0,500,-0.2754926560888489,-4.451066781333888e-05,8.270413120244202,6.535670034154136,0.5902277889845879,,,
R2,Seasonal,0.548332297564549,0.9929906733423296,0.7972006972861833,48,50,48.0,96.0,500,0.0,0.0,23.482682152224577,4.749112322310012,1.8161278981398568,,,
R3,Stationary_WN,0.5282444045082919,0.22625754791548047,0.32998155784242866,None,2,,,500,0.0,0.0,0.0,0.0,14.802333982656679,,,
R4,Trending_ExponentialGrowth,0.9993477054499571,0.38737553802372904,0.3100645783572692,None,24,,,500,,,0.0,0.0,0.5313728762847467,,,
R1,Composite,0.99753872164301,0.9938254561421185,0.8972871877700385,24,24,24.0,48.0,500,-0.14129319871688134,2.7082630117070923e-05,16.261452925123212,7.090099800310523,1.2342715420624075,,,
R2,Seasonal,0.9482144870581048,0.9986457291184856,0.9597607387278126,24,24,24.0,48.0,500,0.0,0.0,17.576554800571195,5.916297634170034,0.6923736479317956,,,
R3,Stationary_AR,0.3553919823804078,0.36501709679121597,0.4469011363287888,None,9,,,500,0.0,0.0,0.0,0.0,5.0,0.49614474703077677,,
R4,Trending_ExponentialGrowth,0.999725668843614,0.4224187292917351,0.4271884748969609,None,24,,,500,,,0.0,0.0,0.853317808615508,,,
R1,Composite,0.9984977459573725,0.9965877579916016,0.6892238685273303,12,12,12.0,24.0,500,0.14334294272307688,-1.3105964345200296e-05,18.527116471874294,2.533351799249161,1.1485969347267466,,,
R2,Seasonal,0.9270497041622178,0.9982487002878005,0.926716459824545,12,12,12.0,24.0,500,0.0,0.0,26.066244982112853,7.6863147824767815,1.1222327248161532,,,
R3,Stationary_AR,0.058802534626918646,0.35127328735554997,0.4270866201936131,None,36,,,500,0.0,0.0,0.0,0.0,5.0,0.4224102231437365,,
R4,Trending_RandomWalkDrift,0.2796268499602971,0.14558461253979804,0.0,None,167,,,500,,,0.0,0.0,1.228286409461435,,,-0.3915416399616537
R1,Composite,0.9994476896846086,0.9979084842913272,0.9664053543892694,48,50,48.0,96.0,500,0.10154734531065775,-2.420453077622545e-05,9.894222770859473,4.003344119696743,0.5400515888037127,,,
R2,Seasonal,0.9108349161388667,0.9965168725398174,0.936812256822112,48,50,48.0,96.0,500,0.0,0.0,29.519943738880087,10.7935031010831,1.7776674707458338,,,
R3,Stationary_AR,0.08173298606792667,0.5485135403917096,0.5916247309439877,None,100,,,500,0.0,0.0,0.0,0.0,5.0,0.5481528772873312,,
R4,Trending_MeanShift,0.999923327497981,0.9996913301343227,0.016085807513856354,None,250,,,500,,,0.0,0.0,1.3598518534576922,,250.0,
R1,Composite,0.9978952435710778,0.9959233569755246,0.8118633402632511,48,50,48.0,96.0,500,0.1530974681073362,-2.3114884863750197e-05,21.81809264201734,3.3648539851531805,1.1153251524638286,,,
R2,Seasonal,0.9115969363017894,0.9951838833896891,0.9355974448994611,48,50,48.0,96.0,500,0.0,0.0,11.514106646024498,4.884501321563066,0.8629318650043822,,,
R3,Stationary_AR,0.05109523799018689,0.5583309099741666,0.5759748858409446,None,45,,,500,0.0,0.0,0.0,0.0,5.0,0.42750477385148056,,
R4,Trending_MeanShift,0.999819716803478,0.9992581203939557,0.0,None,250,,,500,,,0.0,0.0,0.7337428466382077,,250.0,
R1,Composite,0.9976130354359369,0.9914622055259672,0.7777239559288344,48,50,48.0,96.0,500,0.16117671799456315,-3.705636687603456e-05,16.09341069519484,3.6697238648341095,1.4640684755324482,,,
R2,Seasonal,0.865874345672162,0.9917889017633161,0.9070152025369822,48,50,48.0,96.0,500,0.0,0.0,19.69584609511128,9.132233142882814,1.8194279741771962,,,
R3,Stationary_AR,0.13141179726620178,0.48293372690908554,0.5588900357889168,None,45,,,500,0.0,0.0,0.0,0.0,5.0,0.4489230216510313,,
R4,Trending_ExponentialGrowth,0.9994965088037513,0.35717940663639425,0.3477076363803342,None,24,,,500,,,0.0,0.0,0.6623236593930801,,,
R1,Composite,0.9999137598014439,0.9978788417159425,0.9638988665178724,12,12,12.0,24.0,500,0.3967131467135271,2.2908044414743427e-05,16.63802582033182,7.9974259135080725,0.7798577996602472,,,
R2,Seasonal,0.8036403453045888,0.9864533237556377,0.8190553576822907,12,12,12.0,24.0,500,0.0,0.0,12.38735488475796,5.732884516686854,1.6513517018707087,,,
R3,Stationary_AR,0.13865022192088006,0.667061683224244,0.7547886630127583,None,71,,,500,0.0,0.0,0.0,0.0,5.0,0.674533480154256,,
R4,Trending_ExponentialGrowth,0.9955295881564459,0.30429213404123656,0.29975009763447935,None,24,,,500,,,0.0,0.0,0.6585396874095173,,,
R1,Composite,0.9995041460100927,0.9973188525153601,0.9293751537939872,48,50,48.0,96.0,500,-0.20818852291475512,-4.976260365268032e-05,20.851828997776856,5.99057947301689,1.1322301942372965,,,
R2,Seasonal,0.8242891305183933,0.995322749761816,0.8992506323728445,48,50,48.0,96.0,500,0.0,0.0,23.839433349600476,7.282945688318049,1.8475323312755063,,,
R3,Stationary_AR,0.2916156614914591,0.38940357353841015,0.43432490305478477,None,12,,,500,0.0,0.0,0.0,0.0,5.0,0.48914027781678426,,
R4,Trending_MeanShift,0.9997477818147252,0.9990041766628673,0.0,None,250,,,500,,,0.0,0.0,1.2994995832612497,,250.0,
R1,Composite,0.9974393174119128,0.997591984584312,0.672611631731396,24,24,24.0,48.0,500,0.12031755190183474,-1.796974036611341e-05,23.447175883706525,2.460695866694433,1.0551515342966642,,,
R2,Seasonal,0.9758181969711137,0.9978195988508567,0.9813514974550289,24,24,24.0,48.0,500,0.0,0.0,17.490024804521553,11.602834268380617,0.8883248306770106,,,
R3,Stationary_WN,0.3517529029370543,0.20283808785541113,0.32585337194477615,None,4,,,500,0.0,0.0,0.0,0.0,6.590458388814381,,,
R4,Trending_RandomWalkDrift,0.9976917128419659,0.9707244754697893,0.9436640524285974,None,125,,,500,,,0.0,0.0,0.6213733461113949,,,-0.2973889030277418
R1,Composite,0.9995089906419531,0.9948267996531476,0.514481266758245,12,12,12.0,24.0,500,-0.37626270959773556,4.988206021310795e-05,22.06136041328677,2.212277013242714,1.4968860190695077,,,
R2,Seasonal,0.7843890431381777,0.9859078961528169,0.8053611279514592,12,12,12.0,24.0,500,0.0,0.0,16.76135459926311,7.662798031013418,1.975908381394452,,,
R3,Stationary_AR,0.27812519961102233,0.429996531571713,0.5313285263564163,None,24,,,500,0.0,0.0,0.0,0.0,5.0,0.46817971737207326,,
R4,Trending_RandomWalkDrift,0.9997494987416027,0.7622299959248653,0.9112704710083416,None,24,,,500,,,0.0,0.0,1.162075995591423,,,0.4537176774009126
R1,Composite,0.9996703258567771,0.9947928576783376,0.5896185490145751,36,36,36.0,72.0,500,-0.34064324776619703,3.4836226088164076e-05,16.44846513942366,2.1641839027952043,1.1569684861174143,,,
R2,Seasonal,0.7651729640421632,0.9939411528276161,0.8335971646443484,36,36,36.0,72.0,500,0.0,0.0,22.008287095399936,6.874294728185624,1.7753236440173505,,,
R3,Stationary_WN,0.39530673437153097,0.14775146139424666,0.2844984286553741,None,3,,,500,0.0,0.0,0.0,0.0,8.30196511871372,,,
R4,Trending_RandomWalkDrift,0.9990708887648352,0.6837059849313272,0.8809438640109846,None,24,,,500,,,0.0,0.0,0.9371153142818051,,,-0.10507665140260532
R1,Composite,0.9995961452623668,0.9770845128131601,0.7007798403907053,12,12,12.0,24.0,500,-0.37347814063247553,2.345413561776315e-05,9.70917478951848,3.8227490422107167,1.4356226403095007,,,
R2,Seasonal,0.9274027561720902,0.9971041587202202,0.9269736127004364,12,12,12.0,24.0,500,0.0,0.0,19.705734886564766,7.315334072275441,1.1791599644480883,,,
R3,Stationary_WN,0.47624129254842096,0.15020657697570128,0.2762656663690033,None,2,,,500,0.0,0.0,0.0,0.0,5.0730581562761214,,,
R4,Trending_RandomWalkDrift,0.9994841967346352,0.6636775673025921,0.8783270560799729,None,24,,,500,,,0.0,0.0,1.283094238986031,,,0.3000676365130399
R1,Composite,0.99972538312802,0.9956621117586336,0.9620414935315271,48,50,48.0,96.0,500,0.23547264046215552,3.2128725419421155e-05,13.497590440597016,7.532444113434093,0.8966413214564217,,,
R2,Seasonal,0.9312644201339341,0.9962213665273931,0.9478395951822005,48,50,48.0,96.0,500,0.0,0.0,18.285882377922967,7.910199059868328,1.1390065424535503,,,
R3,Stationary_WN,0.5101686947291644,0.10255305994204356,0.19895193719054483,None,2,,,500,0.0,0.0,0.0,0.0,10.806284902378199,,,
R4,Trending_ExponentialGrowth,0.993877123380032,0.4387902880842156,0.3155525861991004,None,24,,,500,,,0.0,0.0,1.1514070042792839,,,
R1,Composite,0.99969395052476,0.9938388195227728,0.7216702796479566,12,12,12.0,24.0,500,-0.3008889718528316,4.827400476574326e-05,12.54674681031067,2.424017298031954,0.9643560186225979,,,
R2,Seasonal,0.953745236879283,0.9974136459129235,0.9510186943805471,12,12,12.0,24.0,500,0.0,0.0,26.092303655796393,11.636323633311846,1.4433503889737818,,,
R3,Stationary_WN,0.5191500707431222,0.14477656373749892,0.296903535802443,None,2,,,500,0.0,0.0,0.0,0.0,10.811580655125084,,,
R4,Trending_RandomWalkDrift,0.9997652330124431,0.6381864562115536,0.8614024234262495,None,24,,,500,,,0.0,0.0,1.0275340832363233,,,0.28418755704768706
R1,Composite,0.9997435721490047,0.997647924486002,0.755544285602117,36,36,36.0,72.0,500,0.29950566123670264,1.339899834362982e-05,20.53604770995422,2.940257593388959,1.1555534995984225,,,
R2,Seasonal,0.9551162935385118,0.998406199001182,0.963348590788483,36,36,36.0,72.0,500,0.0,0.0,20.01061592658554,7.7974161693998525,0.9067247338073811,,,
R3,Stationary_AR,0.35663606309539997,0.4039172829270672,0.5313984661282583,None,12,,,500,0.0,0.0,0.0,0.0,5.0,0.41029281158849434,,
R4,Trending_MeanShift,0.9999003049157352,0.9996048317431852,0.0,None,250,,,500,,,0.0,0.0,0.69606908995796,,250.0,
R1,Composite,0.9996416178032292,0.981634791383557,0.8623055466494061,24,24,24.0,48.0,500,-0.3813680950710122,4.302104868552851e-05,9.887372094852658,6.007923622579963,1.4853938726157114,,,
R2,Seasonal,0.689761845918808,0.9937133464427268,0.8234628738683959,24,24,24.0,48.0,500,0.0,0.0,17.8095467702638,4.880545834753826,1.4950035339795105,,,
R3,Stationary_AR,0.11799482971811992,0.4601392249908055,0.5456510309526854,None,45,,,500,0.0,0.0,0.0,0.0,5.0,0.42934264921500803,,
R4,Trending_MeanShift,0.9999401184081458,0.999759774719418,0.0982983452077526,None,250,,,500,,,0.0,0.0,1.0134015665623246,,250.0,
R1,Composite,0.9985112159844477,0.9903378014259758,0.8545966669560946,12,12,12.0,24.0,500,0.13821182356029174,-1.5635550357528345e-05,10.359106995051441,4.637062382482768,1.171264597850987,,,
R2,Seasonal,0.9119163756525982,0.9951835475573387,0.9113310285092175,12,12,12.0,24.0,500,0.0,0.0,13.547910948019954,5.840760712236493,0.9924209529452415,,,
R3,Stationary_AR,0.2793055152429963,0.5347511300397139,0.60702666900122,None,42,,,500,0.0,0.0,0.0,0.0,5.0,0.5571781978505974,,
R4,Trending_MeanShift,0.9996824220300048,0.9987417935438204,0.03563301916526096,None,250,,,500,,,0.0,0.0,1.1058650332510969,,250.0,
R1,Composite,0.9999085250052852,0.9991691364407914,0.9649047332519243,24,24,24.0,48.0,500,-0.26084259890839545,2.9095121338221777e-05,16.41059792093413,4.652043097209236,0.5105827550892196,,,
R2,Seasonal,0.8057915629651639,0.9964475162145345,0.8728787772407665,24,24,24.0,48.0,500,0.0,0.0,27.858590695395826,7.924419183737203,1.8452597767995564,,,
R3,Stationary_WN,0.3299607472987264,0.24957515544498443,0.326511000672698,None,4,,,500,0.0,0.0,0.0,0.0,8.68589679492244,,,
R4,Trending_MeanShift,0.9999784902568184,0.9999139494054433,0.3714078025892702,None,250,,,500,,,0.0,0.0,0.7267893439579368,,250.0,
R1,Composite,0.9999288565786868,0.9991725270133995,0.8372269459898964,12,12,12.0,24.0,500,-0.3628352077836563,2.9077102815785826e-05,20.867448132196962,2.4795984587041433,0.6749955226238291,,,
R2,Seasonal,0.9583746793784128,0.9990553371295448,0.955200381848677,12,12,12.0,24.0,500,0.0,0.0,25.46328127301095,7.216390499375218,0.8655151308751748,,,
R3,Stationary_AR,0.15582410903899246,0.6189884758220079,0.5812493335656204,None,71,,,500,0.0,0.0,0.0,0.0,5.0,0.6067956509533461,,
R4,Trending_ExponentialGrowth,0.9907050817424126,0.36060705861184816,0.29614436723035686,None,24,,,500,,,0.0,0.0,0.8700247822234405,,,
R1,Composite,0.999059298906981,0.9947007392916782,0.9087538149849522,36,36,36.0,72.0,500,-0.13055451208170407,-4.6137710679733855e-05,13.433659552184682,5.744392136922668,1.083244369041084,,,
R2,Seasonal,0.9017088285350847,0.9905915221969339,0.9207322880544049,36,36,36.0,72.0,500,0.0,0.0,11.952857785863294,7.475360477283575,1.308499844567279,,,
R3,Stationary_WN,0.5028704089098678,0.11805764125182672,0.16386379993216293,None,2,,,500,0.0,0.0,0.0,0.0,6.442215473617287,,,
R4,Trending_ExponentialGrowth,0.997648196688955,0.46324712422259995,0.44681306924575703,None,24,,,500,,,0.0,0.0,0.8796312249533259,,,
R1,Composite,0.9979250953600799,0.9963995082833704,0.6257359452599199,12,12,12.0,24.0,500,0.1436081144893206,1.3673596394539873e-05,23.241051045107543,2.799392178548916,1.4888862388133808,,,
R2,Seasonal,0.9353939026353937,0.9989376134024592,0.9338393685899914,12,12,12.0,24.0,500,0.0,0.0,23.316794960410157,5.690714681231439,0.7837758292570303,,,
R3,Stationary_AR,0.17341369896128545,0.5679605155585911,0.7219215595423528,None,50,,,500,0.0,0.0,0.0,0.0,5.0,0.6674512092652032,,
R4,Trending_RandomWalkDrift,0.999539778647245,0.766747849002016,0.8623339494482261,None,24,,,500,,,0.0,0.0,0.7140201378184776,,,-0.19414836305009545
R1,Composite,0.9997394420888012,0.9926458608303768,0.8999010951585166,12,12,12.0,24.0,500,0.28596044702699186,4.5834928094850655e-05,11.75630849847098,6.005013405831146,0.9993288233033296,,,
R2,Seasonal,0.9802064157074479,0.997463677626765,0.9785378775516791,12,12,12.0,24.0,500,0.0,0.0,16.769216466046828,11.539393590323527,0.8471686241419704,,,
R3,Stationary_WN,0.3786377410383831,0.32743479751621063,0.2982676401024582,None,3,,,500,0.0,0.0,0.0,0.0,13.927595318037366,,,
R4,Trending_MeanShift,0.9999694689929338,0.9998785132579412,0.1399754935995664,None,250,,,500,,,0.0,0.0,1.1025521930222564,,250.0,
R1,Composite,0.9998323231127287,0.9990877550007405,0.9188244712328217,12,12,12.0,24.0,500,0.19873761622079422,3.294510720935736e-05,18.709989449960126,3.818588835705679,0.6553495278782726,,,
R2,Seasonal,0.977323786476501,0.9959517667613446,0.9753946415281856,12,12,12.0,24.0,500,0.0,0.0,13.483029108885468,10.923349706348926,0.8873864641676288,,,
R3,Stationary_AR,0.3962653780644916,0.4112747417582111,0.45137970650354875,None,10,,,500,0.0,0.0,0.0,0.0,5.0,0.47787943484417117,,
R4,Trending_RandomWalkDrift,0.990224125806453,0.7004947638956107,0.9163316307418039,None,24,,,500,,,0.0,0.0,0.9221942159286888,,,-0.3968520900361704
R1,Composite,0.9993052251544879,0.9939351027737254,0.771142548644297,12,12,12.0,24.0,500,-0.25187937339466604,-4.0069423135704635e-05,18.644597839524963,5.098274988840258,1.4518427110269183,,,
R2,Seasonal,0.938905690178834,0.9920433970783308,0.9363892110868767,12,12,12.0,24.0,500,0.0,0.0,11.654473285420453,8.032108110697934,1.1620487237594819,,,
R3,Stationary_AR,0.30206152150917587,0.41974946253043555,0.5781441454345725,None,15,,,500,0.0,0.0,0.0,0.0,5.0,0.4513552097407618,,
R4,Trending_ExponentialGrowth,0.9817664008991961,0.4235059676741453,0.3731555523232105,None,24,,,500,,,0.0,0.0,1.1982212814882849,,,
R1,Composite,0.9999017345414543,0.998621458163983,0.9187304900957991,36,36,36.0,72.0,500,0.35456198565461783,-4.374283219162529e-05,18.085932537507023,4.187519317021842,0.7235956140247152,,,
R2,Seasonal,0.5952757743037853,0.9909692883085743,0.7367092231700529,36,36,36.0,72.0,500,0.0,0.0,20.36440831464413,5.474228281424877,1.938923519586099,,,
R3,Stationary_WN,0.5455403441808107,0.21999972650512056,0.2730925204775334,None,2,,,500,0.0,0.0,0.0,0.0,6.67353613397275,,,
R4,Trending_MeanShift,0.9999808353795477,0.9999231030361944,0.19575368595115727,None,250,,,500,,,0.0,0.0,0.7031291029068918,,250.0,
R1,Composite,0.9997590609378789,0.9961073219473895,0.8917804609982103,48,50,48.0,96.0,500,0.38488297641627034,-1.5735395054634125e-05,19.712570258537774,5.2663632024332045,1.299294153711982,,,
R2,Seasonal,0.7129367856113129,0.9950932357718982,0.8568506936374876,48,50,48.0,96.0,500,0.0,0.0,25.563321655477782,5.828913239126968,1.7332363173874905,,,
R3,Stationary_AR,0.3393034060567367,0.6011302748768467,0.6954364550471152,None,36,,,500,0.0,0.0,0.0,0.0,5.0,0.6981526141492211,,
R4,Trending_RandomWalkDrift,0.9997606445654392,0.6470090521144232,0.8429391362284187,None,24,,,500,,,0.0,0.0,0.5022327457086915,,,-0.46524720350453863
R1,Composite,0.999841888140021,0.9972249316550643,0.946965300941159,48,50,48.0,96.0,500,-0.35985919048019754,-2.3705705341428213e-05,18.419299860430506,6.663536461571496,0.9479130055105842,,,
R2,Seasonal,0.8342555943800324,0.9841021065591978,0.8835825801341554,48,50,48.0,96.0,500,0.0,0.0,14.60871528403175,8.006982550099405,1.7520655504228526,,,
R3,Stationary_WN,0.5004365914399733,0.13848307859487685,0.2502377109555325,None,2,,,500,0.0,0.0,0.0,0.0,8.192218996656301,,,
R4,Trending_ExponentialGrowth,0.9983369391972806,0.37082790090847917,0.4127655940665407,None,24,,,500,,,0.0,0.0,0.8966407679680715,,,
R1,Composite,0.9994487663665484,0.997892955041328,0.8596198017285039,12,12,12.0,24.0,500,-0.13743885612912043,1.0798387218636264e-05,13.805120289308359,2.9088857237004024,0.6958952390781328,,,
R2,Seasonal,0.9761356294732776,0.9991534165400989,0.9743582229486413,12,12,12.0,24.0,500,0.0,0.0,21.171766092008937,7.577500619481746,0.7094718156063469,,,
R3,Stationary_WN,0.4700148198399431,0.053750277069715025,0.296250272243778,None,2,,,500,0.0,0.0,0.0,0.0,11.698810290143355,,,
R4,Trending_ExponentialGrowth,0.9964798090510293,0.312393948279473,0.3031242021493602,None,24,,,500,,,0.0,0.0,1.3772378154322433,,,
R1,Composite,0.9996699472231987,0.9891315257520709,0.9245764086785315,24,24,24.0,48.0,500,-0.3316297079708729,1.209417592862966e-05,11.109412809559254,7.690474545822276,1.252562185031948,,,
R2,Seasonal,0.9507189944022552,0.9995860599939007,0.9626206198493356,24,24,24.0,48.0,500,0.0,0.0,27.401347175813374,5.25149702777847,0.5790275306356155,,,
R3,Stationary_AR,0.0672904597948395,0.5252515783943468,0.49094788295403635,None,42,,,500,0.0,0.0,0.0,0.0,5.0,0.46511435461220163,,
R4,Trending_MeanShift,0.9999145014617776,0.9996549193321449,0.0,None,250,,,500,,,0.0,0.0,0.8939216363538027,,250.0,
R1,Composite,0.9996030180132125,0.9947911901627422,0.8625104992674224,48,50,48.0,96.0,500,-0.23489810887472784,-4.4962401638418434e-05,14.988206576496795,3.017717523304083,0.9858461750391889,,,
R2,Seasonal,0.7513192377030723,0.9808580970418403,0.8524403469035957,48,50,48.0,96.0,500,0.0,0.0,14.193125173765518,7.107523699282934,1.904420011904085,,,
R3,Stationary_AR,0.3012097010575716,0.3358060306999797,0.5237079114732293,None,14,,,500,0.0,0.0,0.0,0.0,5.0,0.578651559471798,,
R4,Trending_RandomWalkDrift,0.9953640704242331,0.922741490939307,0.0,None,250,,,500,,,0.0,0.0,1.3268715756828993,,,0.3885714431237077
R1,Composite,0.9992524699944096,0.9909653138081808,0.8171150432968738,12,12,12.0,24.0,500,-0.18088884356591456,-3.682470844784015e-05,11.59553492271522,4.284052093199861,1.0583200811228397,,,
R2,Seasonal,0.9610894791873545,0.999379670275069,0.9580126641905788,12,12,12.0,24.0,500,0.0,0.0,25.7061949861288,6.105608523567131,0.688434385552884,,,
R3,Stationary_AR,0.23596500745051407,0.44051035104234826,0.44916809740666575,None,24,,,500,0.0,0.0,0.0,0.0,5.0,0.4537260166653263,,
R4,Trending_MeanShift,0.9999530341075014,0.9998123937341857,0.11366764761679604,None,250,,,500,,,0.0,0.0,0.8731012488602399,,250.0,
R1,Composite,0.9997085484871645,0.9982522515993216,0.8155366204415366,12,12,12.0,24.0,500,-0.18633542870309536,-3.503541483580575e-05,17.045424463717943,2.6902632759342406,0.7242347128292037,,,
R2,Seasonal,0.978861178362139,0.9989560895726984,0.9766963165047143,12,12,12.0,24.0,500,0.0,0.0,23.617221845426883,10.011976784761355,0.7940260876898623,,,
R3,Stationary_WN,0.1992618210854581,0.27400853906014166,0.30074139478160433,None,7,,,500,0.0,0.0,0.0,0.0,10.98113590751577,,,
R4,Trending_ExponentialGrowth,0.9911078196430173,0.3921814347092689,0.3683485799891577,None,24,,,500,,,0.0,0.0,0.8257276937089556,,,
R1,Composite,0.9991758723208005,0.9971573413942928,0.7045394291163791,24,24,24.0,48.0,500,0.19161289876420134,-1.8699141284207395e-05,20.0004635561819,2.6619172880354034,1.1357375645420562,,,
R2,Seasonal,0.7748478108106217,0.9968795146642362,0.8454959577203651,24,24,24.0,48.0,500,0.0,0.0,24.2508876509603,5.558457750720436,1.4213614367693872,,,
R3,Stationary_AR,0.20841021519848124,0.445967333212934,0.5340066889472694,None,33,,,500,0.0,0.0,0.0,0.0,5.0,0.45493346114481886,,
R4,Trending_ExponentialGrowth,0.9994508757470041,0.440736293553032,0.3935468672430753,None,24,,,500,,,0.0,0.0,1.192159394784172,,,
R1,Composite,0.9971381592610786,0.9901571222956284,0.7319476966403891,24,24,24.0,48.0,500,0.10301202556703781,2.269423621660892e-05,12.431438948687127,3.366581378389335,1.3122679401653106,,,
R2,Seasonal,0.8488403533610871,0.9940176178845405,0.8888499596194,24,24,24.0,48.0,500,0.0,0.0,21.720679305987787,8.738070224690976,1.8465207925073535,,,
R3,Stationary_WN,0.2876419904367501,0.3017500150488174,0.28393987396019493,None,6,,,500,0.0,0.0,0.0,0.0,9.77190920048685,,,
R4,Trending_RandomWalkDrift,0.9968674953161274,0.7168341294238278,0.8934632012782303,None,24,,,500,,,0.0,0.0,0.9717924379511583,,,-0.2245406138333774
R1,Composite,0.9999083521980422,0.9983314669323631,0.9544669535977812,12,12,12.0,24.0,500,0.29292089193418286,4.8766389446523655e-05,15.086155867432737,5.655508373983458,0.5692288394784166,,,
R2,Seasonal,0.9285535486172782,0.9913588644221176,0.9233467309578592,12,12,12.0,24.0,500,0.0,0.0,11.316573809134107,7.418998715221465,1.1063956017309058,,,
R3,Stationary_AR,0.05418654281562707,0.778424323804001,0.7117986693117726,None,125,,,500,0.0,0.0,0.0,0.0,5.0,0.6243581814997733,,
R4,Trending_MeanShift,0.9997446077336024,0.9990055333220635,0.0,None,250,,,500,,,0.0,0.0,1.033537609121737,,250.0,
R1,Composite,0.9996124197016826,0.9909324117225423,0.7649160706401614,48,50,48.0,96.0,500,-0.3638127787728709,-1.3022358715777839e-05,16.320050088154577,2.8950728805704173,1.3494193203718279,,,
R2,Seasonal,0.9547774624759604,0.9936951462754624,0.9637211548835655,48,50,48.0,96.0,500,0.0,0.0,14.92545955498709,10.59185001363669,1.2846556099465436,,,
R3,Stationary_AR,0.20554878674110422,0.5166682514370851,0.560796185873079,None,36,,,500,0.0,0.0,0.0,0.0,5.0,0.4986245661027624,,
R4,Trending_RandomWalkDrift,0.9945137182304117,0.5909183337037257,0.38759619758611985,None,250,,,500,,,0.0,0.0,0.7380232650463422,,,-0.44308555407398387
R1,Composite,0.9999225213821219,0.998887384981523,0.9397485585826809,24,24,24.0,48.0,500,-0.32323364599733617,4.088575977033399e-05,16.07163559345353,3.8888433280286754,0.5797408268598546,,,
R2,Seasonal,0.9025894061014131,0.9979826209168121,0.9279566511023677,24,24,24.0,48.0,500,0.0,0.0,25.9525030093003,7.752376344017589,1.1637576113058818,,,
R3,Stationary_WN,0.02441461755884955,0.4916676247223958,0.36828887790961584,None,83,,,500,0.0,0.0,0.0,0.0,10.641378391651612,,,
R4,Trending_ExponentialGrowth,0.9994372473068971,0.38079638133265203,0.3276647535562557,None,24,,,500,,,0.0,0.0,1.0151191663314951,,,
R1,Composite,0.9998404119390925,0.9977362833189859,0.9248336239548955,12,12,12.0,24.0,500,0.28974704690512226,-2.105234963481497e-05,15.005062839359162,5.045745001524859,0.6644898561322191,,,
R2,Seasonal,0.775321702682348,0.9936589753443579,0.7862955751849171,12,12,12.0,24.0,500,0.0,0.0,23.77641897768175,6.981730013876836,1.9770290420059458,,,
R3,Stationary_WN,0.3106597071429067,0.2135856353536706,0.3415945460855797,None,4,,,500,0.0,0.0,0.0,0.0,8.668509060731186,,,
R4,Trending_ExponentialGrowth,0.9873821501024369,0.36652398047529144,0.35740601520866755,None,24,,,500,,,0.0,0.0,1.0683568591054815,,,
R1,Composite,0.9998735953379061,0.9994855821868073,0.9638367829882465,24,24,24.0,48.0,500,0.2576534446290717,-4.269236979124166e-05,23.826507722122663,5.190730519707746,0.5859613232382671,,,
R2,Seasonal,0.8262960591681613,0.9910509031363438,0.8795118338307419,24,24,24.0,48.0,500,0.0,0.0,14.562762924680277,6.697567048750907,1.6246941890333366,,,
R3,Stationary_WN,0.491688470037113,0.08137380310105624,0.2449792071488226,None,2,,,500,0.0,0.0,0.0,0.0,5.1055073393336405,,,
R4,Trending_MeanShift,0.9942223268283773,0.9714129261329522,0.0,None,250,,,500,,,0.0,0.0,1.1716169454789016,,250.0,
R1,Composite,0.9997963664356836,0.9963446084410977,0.8335853904040819,24,24,24.0,48.0,500,0.3915188746134217,1.62050139528532e-05,19.060368108581404,4.613403124766934,1.221635746212173,,,
R2,Seasonal,0.7085738240636335,0.9869932089991866,0.8058811924069282,24,24,24.0,48.0,500,0.0,0.0,12.723178070155566,5.1100356085879,1.7091579349718342,,,
R3,Stationary_AR,0.22070068822935163,0.5575806712651145,0.7098416199810607,None,71,,,500,0.0,0.0,0.0,0.0,5.0,0.6864007501714722,,
R4,Trending_RandomWalkDrift,0.9938143328949621,0.946247598282352,0.8847781345762235,None,250,,,500,,,0.0,0.0,0.6727287315561442,,,-0.299189840931813
R1,Composite,0.999674927726881,0.9990333319793072,0.9515724003502443,48,50,48.0,96.0,500,-0.16349847940735973,4.839906715399041e-05,17.026824924515886,2.722738742232816,0.5368629596490485,,,
R2,Seasonal,0.8022904232543567,0.9834982392517938,0.8660327233078,48,50,48.0,96.0,500,0.0,0.0,13.18894465467286,7.083335474520522,1.9025871244032122,,,
R3,Stationary_WN,0.10327674020663868,0.47750143542319756,0.34844149706442706,None,17,,,500,0.0,0.0,0.0,0.0,14.340563475106846,,,
R4,Trending_MeanShift,0.9998729559745428,0.9994865380380349,0.0,None,250,,,500,,,0.0,0.0,0.7373507518501712,,250.0,
R1,Composite,0.999711935119767,0.9993814864500775,0.8642822106833328,36,36,36.0,72.0,500,0.1448632778003301,2.1591269072527528e-05,21.6107812180077,2.4249177650980007,0.5485545638670905,,,
R2,Seasonal,0.9566078191027885,0.9988673343260878,0.9640299716132247,36,36,36.0,72.0,500,0.0,0.0,15.013070523737508,4.964265580297432,0.5917506436873126,,,
R3,Stationary_AR,0.07444287066252797,0.5973460510942816,0.6621012583238102,None,83,,,500,0.0,0.0,0.0,0.0,5.0,0.5704310552017356,,
R4,Trending_RandomWalkDrift,0.998844231353739,0.5360992298359181,0.8840281503362356,None,24,,,500,,,0.0,0.0,0.5225461940169568,,,0.2984612665175165
R1,Composite,0.9997904782714064,0.9952182662524476,0.9476489901028822,48,50,48.0,96.0,500,0.3540379126784986,1.1730004178049712e-05,15.89793188089232,7.786620373323963,1.1919617150689552,,,
R2,Seasonal,0.926474087838608,0.9964928738537319,0.9453664850705935,48,50,48.0,96.0,500,0.0,0.0,23.949083184648025,9.786811236605354,1.3445598949363293,,,
R3,Stationary_WN,0.3548411369050972,0.25975761008991094,0.30460639277391033,None,4,,,500,0.0,0.0,0.0,0.0,8.279595853953182,,,
R4,Trending_ExponentialGrowth,0.9986306576599351,0.3314546523715173,0.328811661319692,None,24,,,500,,,0.0,0.0,1.1786438862854847,,,
R1,Composite,0.9987432372258508,0.9963077594225985,0.5732783956384648,24,24,24.0,48.0,500,0.2004178841332691,-1.0905618007881901e-05,22.99884260899205,2.346122006511991,1.3185622982231089,,,
R2,Seasonal,0.8653475705451662,0.994301025973767,0.8998976187639758,24,24,24.0,48.0,500,0.0,0.0,19.104843555756144,8.120604205155027,1.5152915169411714,,,
R3,Stationary_WN,0.03512126106253577,0.3297973301891899,0.2999078455991645,None,42,,,500,0.0,0.0,0.0,0.0,14.748658170411954,,,
R4,Trending_MeanShift,0.9999748029414388,0.9998990179146712,0.03428035334645363,None,250,,,500,,,0.0,0.0,0.7167541323978137,,250.0,
R1,Composite,0.9998679283034502,0.9988226402915821,0.9268669506811669,36,36,36.0,72.0,500,-0.3367293152125256,4.024227413540375e-05,21.7292854336155,4.961853601125579,0.8509431889165255,,,
R2,Seasonal,0.909344677057233,0.9975425617691844,0.9284646707168173,36,36,36.0,72.0,500,0.0,0.0,16.057987544697596,5.262063348897456,0.83782626627364,,,
R3,Stationary_AR,0.09578364534138795,0.7753351694098307,0.7863357935550717,None,125,,,500,0.0,0.0,0.0,0.0,5.0,0.6375640073524128,,
R4,Trending_MeanShift,0.9998597582589777,0.9994394517172374,0.0,None,250,,,500,,,0.0,0.0,1.0606940886586536,,250.0,
R1,Composite,0.99736161801969,0.993153466724785,0.656978185190684,12,12,12.0,24.0,500,0.10838333419653196,1.5130252782186082e-05,14.401647199560141,2.627740160013084,1.198262636159233,,,
R2,Seasonal,0.9814700844604006,0.9995084262057241,0.9800734658243462,12,12,12.0,24.0,500,0.0,0.0,22.781989940702392,7.080744783604339,0.5551306428646812,,,
R3,Stationary_WN,0.5256271362604709,0.12233004976244966,0.2720362862006729,None,2,,,500,0.0,0.0,0.0,0.0,10.091525112388718,,,
R4,Trending_MeanShift,0.9999122768390861,0.9996490186841029,0.0,None,250,,,500,,,0.0,0.0,0.9089894242825592,,250.0,
R1,Composite,0.9999257817969769,0.996340819647705,0.9690900609391525,36,36,36.0,72.0,500,-0.393201447584936,4.057067245591703e-05,10.796022273272168,7.035493067570893,0.7434988678503004,,,
R2,Seasonal,0.9764503761881226,0.9996365358487524,0.9804636714688569,36,36,36.0,72.0,500,0.0,0.0,29.213648544981027,7.57515178481149,0.5746589942292368,,,
R3,Stationary_WN,0.22112329871100322,0.31560420220577323,0.28078265310619666,None,8,,,500,0.0,0.0,0.0,0.0,6.242672680567716,,,
R4,Trending_RandomWalkDrift,0.9997249291893356,0.7072233155280598,0.9038042620818123,None,24,,,500,,,0.0,0.0,0.5376268514781992,,,0.47711518551295906
R1,Composite,0.9999578211531522,0.9993586803492278,0.8579523218653227,36,36,36.0,72.0,500,-0.3814660748116405,-1.9540183425922254e-05,20.467030995071497,2.212475695364591,0.5443436904428595,,,
R2,Seasonal,0.9236000115480659,0.995107706194299,0.9390912118053903,36,36,36.0,72.0,500,0.0,0.0,22.21149185808367,11.571607449448123,1.7607748821892613,,,
R3,Stationary_WN,0.30573730717831504,0.2743240997613422,0.12103577805950572,None,4,,,500,0.0,0.0,0.0,0.0,14.265257075998978,,,
R4,Trending_MeanShift,0.9999029927123028,0.9996094328757468,0.41478316785867386,None,250,,,500,,,0.0,0.0,1.087667081779268,,250.0,
R1,Composite,0.9999079931410572,0.9992426168483454,0.8416812299307908,36,36,36.0,72.0,500,-0.31350687158692714,-2.1863486368827507e-05,23.091794423353612,2.624203790411367,0.6952287405887214,,,
R2,Seasonal,0.9295126025912024,0.9978524296610443,0.9445360439224253,36,36,36.0,72.0,500,0.0,0.0,19.570597443641997,6.995087749764662,0.8707842189969923,,,
R3,Stationary_WN,0.32478728927350664,0.26189128926340755,0.24680536356764637,None,5,,,500,0.0,0.0,0.0,0.0,10.09132305337678,,,
R4,Trending_RandomWalkDrift,0.983340864259954,0.8343704755423901,0.8520444171685011,None,250,,,500,,,0.0,0.0,1.1096359507158207,,,-0.16512693212903443
R1,Composite,0.9992786115128469,0.9979850271685509,0.9183878636619367,48,50,48.0,96.0,500,-0.17134418802766352,3.2722921565123424e-05,19.63791295513569,3.4472872023066548,0.7071047555845595,,,
R2,Seasonal,0.8807747689981329,0.9808293278146178,0.9139125916340379,48,50,48.0,96.0,500,0.0,0.0,11.049130367778348,8.242149758982986,1.7472351990547632,,,
R3,Stationary_AR,0.4636537300825698,0.5780748709701262,0.7065238345334376,None,28,,,500,0.0,0.0,0.0,0.0,5.0,0.592212920341797,,
R4,Trending_RandomWalkDrift,0.9993875066648902,0.6207422517526718,0.8186653391801416,None,24,,,500,,,0.0,0.0,0.7718042828044374,,,0.264244658259448
R1,Composite,0.9986590987480393,0.986421610673049,0.790764578870135,12,12,12.0,24.0,500,-0.17366027275972523,-3.093408984403085e-05,12.165812385856167,4.915934247662892,1.4347423174377436,,,
R2,Seasonal,0.91906437001482,0.9856089033515976,0.9179924550818721,12,12,12.0,24.0,500,0.0,0.0,13.470462040333352,10.799367570741062,1.9072695651000755,,,
R3,Stationary_AR,0.28589117195894365,0.38600579491587406,0.6213657929946825,None,22,,,500,0.0,0.0,0.0,0.0,5.0,0.6653388056349654,,
R4,Trending_RandomWalkDrift,0.9964227966647037,0.9608457838664881,0.0,None,250,,,500,,,0.0,0.0,0.5032679331664547,,,0.3847718094057385
R1,Composite,0.9999455210170697,0.9989926052542917,0.9333762086019312,12,12,12.0,24.0,500,0.3684667526082702,-1.0143621428962285e-05,17.24395129015912,4.100107202198543,0.5817635270264601,,,
R2,Seasonal,0.7990938204040214,0.9980857059337084,0.8131688929250218,12,12,12.0,24.0,500,0.0,0.0,27.310861778498055,4.679642474478787,1.1727218822413277,,,
R3,Stationary_WN,0.04951295458504179,0.34574473472193545,0.32430855838853734,None,23,,,500,0.0,0.0,0.0,0.0,11.319394405865289,,,
R4,Trending_RandomWalkDrift,0.9986717512976949,0.6267519695252868,0.8867973603953078,None,24,,,500,,,0.0,0.0,0.7114292081918485,,,-0.28178192704013294
R1,Composite,0.9995049805571671,0.9919928478617173,0.7055348591919417,24,24,24.0,48.0,500,-0.2274742084782655,-3.4111339026000123e-05,12.134073979500291,2.3936533640376165,1.1827424016466788,,,
R2,Seasonal,0.6946248568878381,0.9930601643032778,0.7804430028929148,24,24,24.0,48.0,500,0.0,0.0,21.3872956993075,5.909781359986292,1.769979235554269,,,
R3,Stationary_WN,0.003882030244243162,0.5503289752963237,0.4147852732024676,None,125,,,500,0.0,0.0,0.0,0.0,6.789390651364158,,,
R4,Trending_RandomWalkDrift,0.9975761929620963,0.6075848247693686,0.8662099926941667,None,24,,,500,,,0.0,0.0,1.4521074639833378,,,0.23810626630906317
R1,Composite,0.9995901096825404,0.9970913448648572,0.7666495473780564,12,12,12.0,24.0,500,0.20550332581933572,1.3121082978495743e-05,16.107288230325082,2.9006354954917466,0.9219028685457893,,,
R2,Seasonal,0.9210876034467436,0.9988594075562425,0.9211367723329289,12,12,12.0,24.0,500,0.0,0.0,22.637616277426943,5.126961084384457,0.7879928342025191,,,
R3,Stationary_WN,0.11388617146184599,0.4252365702758709,0.289147369075774,None,17,,,500,0.0,0.0,0.0,0.0,9.465130234667821,,,
R4,Trending_ExponentialGrowth,0.9994517246381373,0.39436408272429835,0.39228636043091136,None,24,,,500,,,0.0,0.0,1.0603128110726154,,,
R1,Composite,0.9988355952978635,0.9992723059096622,0.9367129904027515,24,24,24.0,48.0,500,0.10356235685611143,-1.4427442600821467e-05,24.93595368162565,4.825609285488318,0.7234891272243362,,,
R2,Seasonal,0.8963750974762523,0.9907840468221616,0.9213552148563766,24,24,24.0,48.0,500,0.0,0.0,18.218850100907297,11.214023594190328,1.9742110447475896,,,
R3,Stationary_WN,0.26012501701901447,0.3483580247598188,0.3146932031805697,None,5,,,500,0.0,0.0,0.0,0.0,6.267618353477681,,,
R4,Trending_RandomWalkDrift,0.0,0.09510140846523207,0.0,None,250,,,500,,,0.0,0.0,1.3928905247450052,,,-0.15876253984108507
R1,Composite,0.9997634964586494,0.9986949880187919,0.9054481547433625,48,50,48.0,96.0,500,-0.24391137760039097,3.0850158850985864e-05,20.506018024959502,2.1589578423753246,0.6265361855267493,,,
R2,Seasonal,0.9266188087430259,0.9938462682976454,0.9443592201189092,48,50,48.0,96.0,500,0.0,0.0,10.210669492018805,5.646917292230982,0.7886790625390592,,,
R3,Stationary_WN,0.11839726373528303,0.3780904436914635,0.3683567943518483,None,15,,,500,0.0,0.0,0.0,0.0,13.966809143516429,,,
R4,Trending_ExponentialGrowth,0.9803559662318985,0.34463250613269203,0.35251776020270864,None,24,,,500,,,0.0,0.0,1.360249505385967,,,
R1,Composite,0.9997528364436522,0.9943175656174056,0.9072181157691669,12,12,12.0,24.0,500,0.37610629010111163,1.420034759435831e-05,16.084628705028052,7.485808593187166,1.4688653189489727,,,
R2,Seasonal,0.9885712843393194,0.9979007295298244,0.9874225877134112,12,12,12.0,24.0,500,0.0,0.0,10.874684762917743,8.980182633453033,0.507541490756227,,,
R3,Stationary_AR,0.38712944468251265,0.5353127689670689,0.692646791681439,None,19,,,500,0.0,0.0,0.0,0.0,5.0,0.6969119158838746,,
R4,Trending_RandomWalkDrift,0.9916907518439118,0.9471635793794211,0.7459295454713732,None,250,,,500,,,0.0,0.0,1.0263886335103778,,,-0.21275271618589114
R1,Composite,0.9992521024943871,0.9984065085313085,0.8464223385371115,36,36,36.0,72.0,500,0.1809744505057843,-1.2688546881082018e-05,24.275936306097694,3.9337830914680714,1.1299594097738483,,,
R2,Seasonal,0.6536310006689057,0.9913585683354431,0.7734997862308526,36,36,36.0,72.0,500,0.0,0.0,15.067831393664534,4.262259266935558,1.4034408347675793,,,
R3,Stationary_WN,0.5410369512488213,0.17677065837430161,0.21851916553571704,None,2,,,500,0.0,0.0,0.0,0.0,7.8983055302602025,,,
R4,Trending_ExponentialGrowth,0.9970162393966202,0.3538756973095918,0.36543434979783695,None,24,,,500,,,0.0,0.0,0.6127683154023491,,,
R1,Composite,0.99982509339889,0.9966816182960034,0.8795806429463809,24,24,24.0,48.0,500,-0.30718388294284416,-3.0428261946444252e-05,14.836187973993379,4.2105307213197545,0.9872365100907723,,,
R2,Seasonal,0.9793399623601732,0.9971039572043779,0.9839724860038455,24,24,24.0,48.0,500,0.0,0.0,12.98293257297264,10.437601945115041,0.7737853351041024,,,
R3,Stationary_WN,0.4032289978440634,0.1591428010685546,0.30535895333262975,None,3,,,500,0.0,0.0,0.0,0.0,8.252660274277638,,,
R4,Trending_MeanShift,0.9996640385265183,0.9986941267098479,0.0,None,250,,,500,,,0.0,0.0,1.1626194864409074,,250.0,
R1,Composite,0.9998772747933989,0.9989378921737104,0.8928711182253808,48,50,48.0,96.0,500,0.24525220558408514,4.26902370016378e-05,19.06455908568291,2.1066816198736715,0.5954625077028636,,,
R2,Seasonal,0.13007685025164462,0.9990680999556694,0.9335517704183287,48,100,48.0,96.0,500,0.0,0.0,11.09137757465641,9.849853589787998,0.5059908312492624,,,
R3,Stationary_AR,0.10324242954845853,0.595921021786463,0.6060581806711747,None,83,,,500,0.0,0.0,0.0,0.0,5.0,0.5600142332784392,,
R4,Trending_RandomWalkDrift,0.9996399384529209,0.6648646843989393,0.9217740895295702,None,24,,,500,,,0.0,0.0,0.5858792114608082,,,-0.29887311076468237
R1,Composite,0.9994048896192662,0.9972025292768958,0.8969064239722022,48,50,48.0,96.0,500,-0.2352675626441034,2.318825202180948e-05,21.914907857575812,4.085866967210232,0.940125443179876,,,
R2,Seasonal,0.7857993895734103,0.9954359614598057,0.882983907115513,48,50,48.0,96.0,500,0.0,0.0,16.541843275249427,4.514563980286639,1.041427797542589,,,
R3,Stationary_AR,0.42557169479732415,0.3449144581102326,0.4371086588955301,None,7,,,500,0.0,0.0,0.0,0.0,5.0,0.5116405842273336,,
R4,Trending_ExponentialGrowth,0.9995292763711032,0.44390400646666206,0.32481028256975397,None,24,,,500,,,0.0,0.0,0.5724319689870025,,,
R1,Composite,0.9991800543792922,0.9881646359611813,0.7589945296782603,48,50,48.0,96.0,500,0.22482488215252777,3.486425183326741e-05,13.504377492580872,3.1812682997330364,1.4317011198571301,,,
R2,Seasonal,0.9804979849343366,0.9989493005923467,0.9851661879022129,48,50,48.0,96.0,500,0.0,0.0,20.295457339410987,9.011881423326056,0.6312131801021935,,,
R3,Stationary_AR,0.17242975227722934,0.4305801496392926,0.5308013737632127,None,23,,,500,0.0,0.0,0.0,0.0,5.0,0.4818124968330053,,
R4,Trending_ExponentialGrowth,0.9981206102656266,0.3495104033630978,0.3129930768343314,None,24,,,500,,,0.0,0.0,1.0936833415515426,,,
R1,Composite,0.999715360372203,0.9877897687134916,0.7896761731978066,24,24,24.0,48.0,500,0.3686342130807332,-3.56989240988217e-05,10.698132551739768,3.8376919343954685,1.4361842811018084,,,
R2,Seasonal,0.8948720918540191,0.9974622480150691,0.9202288128737873,24,24,24.0,48.0,500,0.0,0.0,26.98400941466752,8.382737672959127,1.4127069257228688,,,
R3,Stationary_WN,0.11645100142348974,0.38655238438459516,0.2840257803097366,None,14,,,500,0.0,0.0,0.0,0.0,10.480717451695062,,,
R4,Trending_RandomWalkDrift,0.9998014699336102,0.7201991771692083,0.8549164269299915,None,24,,,500,,,0.0,0.0,0.7843221838197644,,,0.456281587015695
R1,Composite,0.9981860181704207,0.9976312340733441,0.8982476609295932,48,50,48.0,96.0,500,-0.10864251020637244,-1.4580303977566232e-05,21.261771125180807,3.5311555191719917,0.7153407690685252,,,
R2,Seasonal,0.9656639008180974,0.9961725425082717,0.9721855903417389,48,50,48.0,96.0,500,0.0,0.0,10.028729416177661,6.3200568620472986,0.6572923113000708,,,
R3,Stationary_AR,0.07530058137714402,0.4525488233159548,0.56005418586636,None,45,,,500,0.0,0.0,0.0,0.0,5.0,0.49102299420228723,,
R4,Trending_ExponentialGrowth,0.999428054307474,0.32739972131651096,0.41025027500224975,None,24,,,500,,,0.0,0.0,0.9793995542310888,,,
R1,Composite,0.9994041022784067,0.9940372315652498,0.9517677280294928,48,50,48.0,96.0,500,-0.22132143120034747,2.2738967741778106e-05,13.688629125391689,7.8534552907160835,1.20334198147992,,,
R2,Seasonal,0.9594671071723087,0.9978856896832654,0.9681325697620734,48,50,48.0,96.0,500,0.0,0.0,25.75939877789883,11.037990027227025,1.2148554047302214,,,
R3,Stationary_WN,0.4357484052606172,0.20246247802131467,0.3399827150813156,None,3,,,500,0.0,0.0,0.0,0.0,10.61031959754538,,,
R4,Trending_RandomWalkDrift,0.9994986557666111,0.7070045342682174,0.8767243469542348,None,24,,,500,,,0.0,0.0,1.1205117180003716,,,-0.40021885867732887
R1,Composite,0.9995007588827024,0.9781056139212725,0.530496019396933,12,12,12.0,24.0,500,-0.35431482935852343,3.791479256013035e-05,10.258761816158323,2.0415696432942116,1.2874880546959588,,,
R2,Seasonal,0.9411854579092677,0.9962173108381167,0.9382725532227361,12,12,12.0,24.0,500,0.0,0.0,23.533961943422064,11.28300465018662,1.531605950344573,,,
R3,Stationary_AR,0.35399838007675577,0.32713021454140834,0.4441723581984699,None,8,,,500,0.0,0.0,0.0,0.0,5.0,0.422758190431358,,
R4,Trending_ExponentialGrowth,0.9995408977263484,0.40081026734210223,0.33547813569564644,None,24,,,500,,,0.0,0.0,0.7911524571084048,,,
R1,Composite,0.9998314860472478,0.9983999995516427,0.8633394360016821,48,50,48.0,96.0,500,-0.25471994768379136,-4.499952977820488e-05,18.895204625337147,2.059843817726944,0.5119805049291445,,,
R2,Seasonal,0.9736024492350334,0.9984147831532276,0.9787092779909219,48,50,48.0,96.0,500,0.0,0.0,25.7966436077511,11.962127778162504,1.0231339690213217,,,
R3,Stationary_WN,0.38255948658786154,0.2661629541773991,0.24978060587304407,None,3,,,500,0.0,0.0,0.0,0.0,12.10570812546254,,,
R4,Trending_MeanShift,0.99991671846391,0.9996652895234287,0.0,None,250,,,500,,,0.0,0.0,0.9600624509523114,,250.0,
R1,Composite,0.9997640079007123,0.98916629448267,0.7453008962053658,12,12,12.0,24.0,500,-0.2963100381579471,1.1591532251769065e-05,8.51532460163345,2.600811896008465,0.8715794575607613,,,
R2,Seasonal,0.8212820274803079,0.9952760083491271,0.8406017948271269,12,12,12.0,24.0,500,0.0,0.0,22.773390845227254,6.499315936785934,1.746529881874375,,,
R3,Stationary_AR,0.3149195576827749,0.36855288922253326,0.47099979202842124,None,11,,,500,0.0,0.0,0.0,0.0,5.0,0.48108872069932607,,
R4,Trending_ExponentialGrowth,0.984807375437394,0.4001516477474055,0.3497879899506334,None,24,,,500,,,0.0,0.0,1.1583472815329614,,,
R1,Composite,0.9977679590349374,0.9960655975508232,0.9599644757303911,48,50,48.0,96.0,500,-0.11795719972176404,4.853511414209302e-05,14.556332475001188,7.514015045373751,0.9141602660336726,,,
R2,Seasonal,0.8902917610365189,0.9977349271001804,0.9320014831457898,48,50,48.0,96.0,500,0.0,0.0,26.532908709107275,7.0104427048424816,1.1333030498700087,,,
R3,Stationary_AR,0.0741126852426579,0.5693837089281587,0.55337984394378,None,71,,,500,0.0,0.0,0.0,0.0,5.0,0.48119815752954287,,
R4,Trending_RandomWalkDrift,0.9820014466820514,0.8605605356782098,0.4674080595057154,None,250,,,500,,,0.0,0.0,1.2708869913672523,,,-0.15491207958994324
R1,Composite,0.9998184438801685,0.9981993436426339,0.9149132702755888,48,50,48.0,96.0,500,-0.33882482662034885,-1.5136020120891748e-05,22.929401302373396,4.632751934083926,0.9646311598478482,,,
R2,Seasonal,0.9105835614578288,0.9969583161699856,0.9375484270280254,48,50,48.0,96.0,500,0.0,0.0,28.27075176973848,9.698589996502214,1.6747299452708853,,,
R3,Stationary_WN,0.21818289321912576,0.30037915237559976,0.23749137234277917,None,5,,,500,0.0,0.0,0.0,0.0,5.93184917082478,,,
R4,Trending_MeanShift,0.9998827258663733,0.9995292849307769,0.0,None,250,,,500,,,0.0,0.0,1.0344637566009558,,250.0,
R1,Composite,0.9986403171388385,0.9893482175284095,0.8614346058832041,12,12,12.0,24.0,500,-0.14842482266949833,1.0622968988097274e-05,10.429744483863605,5.143276279110342,1.1474501963824388,,,
R2,Seasonal,0.9042067683444889,0.9980734432992987,0.9018320127120126,12,12,12.0,24.0,500,0.0,0.0,21.25064517435458,5.389850839458134,1.0873723834337592,,,
R3,Stationary_AR,0.03560242263849989,0.884137916329556,0.3961061607221853,None,250,,,500,0.0,0.0,0.0,0.0,5.0,0.4893900168110127,,
R4,Trending_RandomWalkDrift,0.9996730710120588,0.6625623656027455,0.8955085247835419,None,24,,,500,,,0.0,0.0,0.572409331690786,,,-0.29933728002597526
R1,Composite,0.9995861360377633,0.9959150383907557,0.7778221735359667,48,50,48.0,96.0,500,-0.3417930354494975,2.0753648749621125e-05,22.174427479615503,2.558602761966274,1.021873510491945,,,
R2,Seasonal,0.686064667768235,0.983347532858259,0.8231562211693295,48,50,48.0,96.0,500,0.0,0.0,12.931884474036615,4.802672605649513,1.5914795345779884,,,
R3,Stationary_AR,0.1554142320135703,0.47825707087145697,0.5106896651349281,None,23,,,500,0.0,0.0,0.0,0.0,5.0,0.5029554618925082,,
R4,Trending_RandomWalkDrift,0.9998029578464313,0.7398067425383681,0.8939420156827623,None,24,,,500,,,0.0,0.0,0.6054472220257883,,,-0.47729858911381784
R1,Composite,0.9995863585078267,0.9972929604890202,0.84252104565543,12,12,12.0,24.0,500,-0.3163925288080687,4.088641704502105e-05,23.799941316629486,5.502490975332708,1.2476411027015069,,,
R2,Seasonal,0.9895579213236668,0.999506633506361,0.9883434647856182,12,12,12.0,24.0,500,0.0,0.0,24.171255262785987,9.988322738812691,0.5246189976087552,,,
R3,Stationary_WN,0.15314619631964888,0.43314514463436904,0.33503835888719846,None,18,,,500,0.0,0.0,0.0,0.0,11.012822809027547,,,
R4,Trending_ExponentialGrowth,0.996320115096394,0.331349238752947,0.26397477102785716,None,24,,,500,,,0.0,0.0,0.7003664226102764,,,
R1,Composite,0.9998601301812091,0.9914849931145424,0.9167231092128333,48,50,48.0,96.0,500,-0.3952104567073501,-1.5747171094907654e-05,10.690585296650209,5.165038132819987,1.0920004486996913,,,
R2,Seasonal,0.9077272248785562,0.998504880500807,0.9486721496301238,48,50,48.0,96.0,500,0.0,0.0,26.80027801976474,6.468301435800592,1.100647619811953,,,
R3,Stationary_WN,0.21391850280418367,0.3201954953340521,0.3137388012223342,None,9,,,500,0.0,0.0,0.0,0.0,5.8908864510938415,,,
R4,Trending_RandomWalkDrift,0.9941299472182401,0.8225153374444019,0.36604323228841906,None,250,,,500,,,0.0,0.0,1.0258248993841925,,,-0.4973940323086897
R1,Composite,0.9995160293779892,0.9975775669696174,0.9210713560560764,48,50,48.0,96.0,500,0.12571889994399862,3.885353662136134e-05,13.871405105614938,3.623944285253379,0.6672761304230702,,,
R2,Seasonal,0.8437898780364936,0.9929006643304298,0.8949229275440533,48,50,48.0,96.0,500,0.0,0.0,20.074738911420134,7.546169584583576,1.6790414292883364,,,
R3,Stationary_AR,0.0,0.5198344958567472,0.0,None,167,,,500,0.0,0.0,0.0,0.0,5.0,0.6836156079950926,,
R4,Trending_MeanShift,0.9952619827984238,0.9781627692749899,0.0,None,250,,,500,,,0.0,0.0,0.9158669260278796,,250.0,
R1,Composite,0.9995796855494692,0.9981763033304553,0.9608108719141517,24,24,24.0,48.0,500,0.13929053569014305,4.0856623903596026e-05,15.487562237855048,6.21621450114996,0.6541633463789956,,,
R2,Seasonal,0.9151088226070242,0.998995660764373,0.9360383475245986,24,24,24.0,48.0,500,0.0,0.0,21.439781210388364,4.811574812972199,0.7415978273903349,,,
R3,Stationary_WN,0.3836348071625356,0.24029429556158288,0.3660072996434066,None,3,,,500,0.0,0.0,0.0,0.0,7.578217723346104,,,
R4,Trending_MeanShift,0.9997269207331957,0.998879433809788,0.0,None,250,,,500,,,0.0,0.0,1.2015378126688905,,250.0,
R1,Composite,0.9976966447925419,0.9956949492555972,0.9138921148549497,12,12,12.0,24.0,500,-0.13026681239045979,2.7639658142409567e-05,17.82676092894466,7.7050325217318125,1.3029647418878458,,,
R2,Seasonal,0.8660983448213859,0.9963004471561359,0.8741469267140013,12,12,12.0,24.0,500,0.0,0.0,27.53687985469912,8.430785994483992,1.8722210708860305,,,
R3,Stationary_WN,0.23302980684045593,0.3731847522029811,0.3337571188192683,None,7,,,500,0.0,0.0,0.0,0.0,6.7682333705885505,,,
R4,Trending_RandomWalkDrift,0.9979623577414858,0.8231488396557596,0.9023212148769792,None,24,,,500,,,0.0,0.0,0.557285725077142,,,-0.23180708558530744
R1,Composite,0.9986965802443685,0.9983377679212457,0.8310718237597406,24,24,24.0,48.0,500,-0.10609727582265706,-1.1654514715896199e-05,20.001060860156457,3.2596433142524193,0.7881336972233249,,,
R2,Seasonal,0.9340140475664199,0.9976637534463476,0.950570827592487,24,24,24.0,48.0,500,0.0,0.0,22.4392551669077,8.89529552116998,1.1912044201257403,,,
R3,Stationary_AR,0.2999311736568818,0.43087657185812833,0.6030298861050674,None,18,,,500,0.0,0.0,0.0,0.0,5.0,0.5346473176943674,,
R4,Trending_RandomWalkDrift,0.0,0.06436750788880496,0.0,None,250,,,500,,,0.0,0.0,1.463588640302191,,,-0.37420628705327685
R1,Composite,0.9959852269336578,0.995954265661857,0.5956457933043475,36,36,36.0,72.0,500,0.13072105067037662,-4.757928944249474e-05,21.5284003755356,2.190283287268786,1.416242103594182,,,
R2,Seasonal,0.9688020994201942,0.9963643546537944,0.9743018879286763,36,36,36.0,72.0,500,0.0,0.0,16.455721482939307,11.62386142761778,1.0407730281043164,,,
R3,Stationary_WN,0.1163504271650343,0.48018901095876443,0.41566279031080244,None,20,,,500,0.0,0.0,0.0,0.0,14.197077357385835,,,
R4,Trending_ExponentialGrowth,0.9865428833628611,0.34715158496528686,0.3641315155476387,None,24,,,500,,,0.0,0.0,1.4456736743395613,,,
R1,Composite,0.9994304814875935,0.9967465991547452,0.8014035031536666,36,36,36.0,72.0,500,0.28893220584431,-3.679878268772719e-05,23.04266886592259,4.294834123163744,1.4498483861149316,,,
R2,Seasonal,0.8893865211451841,0.9965434227648633,0.9142612739122971,36,36,36.0,72.0,500,0.0,0.0,27.730751012312854,9.730123928245245,1.6325885678162524,,,
R3,Stationary_AR,0.006920066962448512,0.6650142164068634,0.6433420355246728,None,100,,,500,0.0,0.0,0.0,0.0,5.0,0.4116798926597733,,
R4,Trending_MeanShift,0.998380813828418,0.9927461121430501,0.0,None,250,,,500,,,0.0,0.0,1.3347987106677404,,250.0,
R1,Composite,0.9998783205869556,0.9981880054812643,0.9316461612670839,48,50,48.0,96.0,500,0.38290199808229963,1.934580687174198e-05,21.70757738263017,5.039764817876499,0.966779426083462,,,
R2,Seasonal,0.8995686976519662,0.9965991605423338,0.9327003209264435,48,50,48.0,96.0,500,0.0,0.0,26.791267154049375,9.230581869667217,1.757098293330009,,,
R3,Stationary_WN,0.5431880459586897,0.11514484184698193,0.23431629586530567,None,2,,,500,0.0,0.0,0.0,0.0,10.23110643764634,,,
R4,Trending_RandomWalkDrift,0.999782394759467,0.4075100403772004,0.8412419316398722,None,24,,,500,,,0.0,0.0,1.393222571301617,,,0.4997823035361071
R1,Composite,0.9998024134529063,0.9941729413422704,0.7457214064521078,12,12,12.0,24.0,500,-0.3731649353777311,2.3612961808842934e-05,13.51302962326081,3.3588975147921154,1.006316393453215,,,
R2,Seasonal,0.7594177928656343,0.9976961330482884,0.774055934450554,12,12,12.0,24.0,500,0.0,0.0,24.98396751912057,4.101785174438064,1.213215129217308,,,
R3,Stationary_WN,0.13938439651337486,0.4323222156757752,0.3120691743017642,None,18,,,500,0.0,0.0,0.0,0.0,6.8786216851077455,,,
R4,Trending_ExponentialGrowth,0.9996453756979397,0.44843158202099676,0.33801023061197855,None,24,,,500,,,0.0,0.0,0.5571685647061021,,,
R1,Composite,0.9996058503789752,0.9922507830041858,0.9629447382683806,36,36,36.0,72.0,500,0.16807069376274633,4.86298963122217e-05,8.711713144439866,7.502550489926231,0.8074314072813552,,,
R2,Seasonal,0.8123585285977464,0.9975261190288854,0.8668817151657676,36,36,36.0,72.0,500,0.0,0.0,27.267714185413773,6.285686696129589,1.445538951686342,,,
R3,Stationary_AR,0.22248448789319542,0.4466146020160222,0.5898130795271265,None,29,,,500,0.0,0.0,0.0,0.0,5.0,0.5510005097725297,,
R4,Trending_RandomWalkDrift,0.9979237984850957,0.7092222172774857,0.8443272602941322,None,24,,,500,,,0.0,0.0,1.3911163297900564,,,-0.22007599472804587
R1,Composite,0.9998716981285063,0.9991318903720328,0.9454253372118534,24,24,24.0,48.0,500,0.2582570806706962,-3.076946919330793e-05,18.86726569882257,4.367435051010445,0.5908151061283615,,,
R2,Seasonal,0.9813083190571477,0.9982920509671355,0.9853230901238618,24,24,24.0,48.0,500,0.0,0.0,14.364702550856808,9.428674717977167,0.6439952881876329,,,
R3,Stationary_AR,0.04927180206845372,0.5747387835063464,0.658286610886768,None,83,,,500,0.0,0.0,0.0,0.0,5.0,0.5023034643587437,,
R4,Trending_ExponentialGrowth,0.9958107236741528,0.38189280313861107,0.3180565591399612,None,24,,,500,,,0.0,0.0,0.7702452824079505,,,
R1,Composite,0.9998417690282373,0.996840926705086,0.9320945041571114,12,12,12.0,24.0,500,-0.3096673103195544,-3.435473780147377e-05,15.031864446893875,6.179701738074938,0.8324680144542076,,,
R2,Seasonal,0.932304946183345,0.9905330869968432,0.9327283782826022,12,12,12.0,24.0,500,0.0,0.0,13.167832871494188,9.400841870193503,1.4183095858411967,,,
R3,Stationary_WN,0.5104418148117235,0.14436694404026318,0.16500305991118636,None,2,,,500,0.0,0.0,0.0,0.0,13.544836784894704,,,
R4,Trending_RandomWalkDrift,0.9987338576490405,0.7267360886295517,0.8774695509772551,None,24,,,500,,,0.0,0.0,1.2176783142199128,,,0.2193723697819785
R1,Composite,0.9997867410205958,0.996485595325176,0.78531486284739,24,24,24.0,48.0,500,-0.3797896531037308,3.5540839478652617e-05,18.074517264917205,3.45685685259033,1.2120411838118708,,,
R2,Seasonal,0.8087488739087775,0.9981489002248193,0.8594121411708282,24,24,24.0,48.0,500,0.0,0.0,22.153708773395437,4.2153038304359,0.9611152518849558,,,
R3,Stationary_AR,0.10830039899223354,0.5000874462336203,0.5337388075453449,None,50,,,500,0.0,0.0,0.0,0.0,5.0,0.5768367023429029,,
R4,Trending_MeanShift,0.9993997461909754,0.9974105381723469,0.0,None,250,,,500,,,0.0,0.0,0.9235750931823451,,250.0,
R1,Composite,0.9999314679187344,0.9980957392161106,0.9826320213583967,24,24,24.0,48.0,500,0.32766962556528034,-3.3803600898794795e-05,11.728301875939211,7.35802213795391,0.523417511854336,,,
R2,Seasonal,0.932786184150857,0.990926315200298,0.9489975783356324,24,24,24.0,48.0,500,0.0,0.0,12.74628428769936,10.098193293973909,1.3841860005172295,,,
R3,Stationary_WN,0.22916702131372657,0.2309668466360989,0.21816407545258631,None,8,,,500,0.0,0.0,0.0,0.0,14.467826372387169,,,
R4,Trending_ExponentialGrowth,0.9910450343404582,0.4118432064048071,0.36202772738416544,None,24,,,500,,,0.0,0.0,1.2646939048269192,,,
R1,Composite,0.998451724944494,0.971042539973933,0.7420342038454991,48,50,48.0,96.0,500,-0.18054205025931958,-3.049571440749222e-05,9.162346510292405,3.6126855115125465,1.4898565689221497,,,
R2,Seasonal,0.800813892950367,0.9777886552234477,0.8585999191908087,48,50,48.0,96.0,500,0.0,0.0,12.882456044779428,7.659609960274195,1.9615911744888002,,,
R3,Stationary_WN,0.2650480225290641,0.3385968949148733,0.33750531502555736,None,6,,,500,0.0,0.0,0.0,0.0,14.778351000641502,,,
R4,Trending_RandomWalkDrift,0.9984993235417535,0.2285070791769631,0.7975986188282791,None,24,,,500,,,0.0,0.0,1.0559940417377485,,,0.2972188003635676
R1,Composite,0.9996817228309061,0.9970582726136825,0.9165303729746382,36,36,36.0,72.0,500,0.2819220813847838,-3.618421000612367e-05,17.632522431600545,5.8250055391664,0.959535841142733,,,
R2,Seasonal,0.658298914796873,0.9821602569717706,0.7990315489929364,36,36,36.0,72.0,500,0.0,0.0,14.475291674861788,6.448859070798508,1.9697656220835058,,,
R3,Stationary_WN,0.06529752595508387,0.42155342845568977,0.3953268270647602,None,45,,,500,0.0,0.0,0.0,0.0,10.878320584650885,,,
R4,Trending_MeanShift,0.99996163932702,0.9998469137539379,0.31374979211579346,None,250,,,500,,,0.0,0.0,1.0338094543729826,,250.0,
R1,Composite,0.9997684393408642,0.9971163442716537,0.9064929285587484,24,24,24.0,48.0,500,0.24470584036762286,-3.274975354876475e-05,13.062416641735437,3.985982254902716,0.7279416208307781,,,
R2,Seasonal,0.893621814466765,0.9953944555134393,0.9252357210806869,24,24,24.0,48.0,500,0.0,0.0,26.192608669714296,11.529648934775029,1.9299277376282042,,,
R3,Stationary_WN,0.3960971172950728,0.14050484386006845,0.29306621060710714,None,3,,,500,0.0,0.0,0.0,0.0,11.476984983195281,,,
R4,Trending_MeanShift,0.999969562898853,0.9998782145508667,0.1293067845331879,None,250,,,500,,,0.0,0.0,1.0053580579142223,,250.0,
R1,Composite,0.9999103016462685,0.9976959480265792,0.9103796031186859,12,12,12.0,24.0,500,0.38955992209936274,1.4040889395019862e-05,15.946212461456785,4.7599189074830175,0.8276244343864195,,,
R2,Seasonal,0.8797716397793033,0.9988088057700297,0.8792912803452788,12,12,12.0,24.0,500,0.0,0.0,28.059573416558123,5.069121095098365,1.1379666773303834,,,
R3,Stationary_WN,0.4329220304336403,0.2347071673499117,0.2664916704787772,None,3,,,500,0.0,0.0,0.0,0.0,6.181749853838415,,,
R4,Trending_RandomWalkDrift,0.5717936703102828,0.19632569677640188,0.0,None,167,,,500,,,0.0,0.0,1.0122439211899432,,,0.24713623762077452
R1,Composite,0.9997618802132361,0.9992474301416219,0.9589431390275527,24,24,24.0,48.0,500,-0.15106686814830944,-1.8121312572046718e-05,18.157664193942637,4.514155397810462,0.5224563224898587,,,
R2,Seasonal,0.7853771134068865,0.993039598638997,0.8467984934921509,24,24,24.0,48.0,500,0.0,0.0,14.76139707671662,5.182688941706976,1.3731687967267807,,,
R3,Stationary_WN,0.11355945616447516,0.36144016395427603,0.3496204931170557,None,29,,,500,0.0,0.0,0.0,0.0,11.894880643631588,,,
R4,Trending_ExponentialGrowth,0.993558494490796,0.37299731272989867,0.26979118428451787,None,24,,,500,,,0.0,0.0,1.2099045661720278,,,
R1,Composite,0.99402585436519,0.9961605036293448,0.5752606275573824,24,24,24.0,48.0,500,-0.1110498695248905,3.9631847255054926e-05,23.113946384175605,2.1384609776298733,1.3954588926933187,,,
R2,Seasonal,0.7840705529255497,0.9908465125160845,0.850534551163244,24,24,24.0,48.0,500,0.0,0.0,11.859016671291624,4.939185786969015,1.300641293761518,,,
R3,Stationary_WN,0.6033387133506998,0.17001980564405195,0.2556155133390642,None,2,,,500,0.0,0.0,0.0,0.0,7.9771529145742885,,,
R4,Trending_MeanShift,0.9997496788662483,0.9989742030605341,0.0,None,250,,,500,,,0.0,0.0,1.190492286534126,,250.0,
R1,Composite,0.9998759438111658,0.9927979600727669,0.9234622793564773,24,24,24.0,48.0,500,0.38486800497363727,2.0480043919774766e-05,10.315144073510355,5.7310335958447665,0.9462567955787459,,,
R2,Seasonal,0.9787786208544343,0.9986870644965212,0.9832094612622208,24,24,24.0,48.0,500,0.0,0.0,20.25506351412688,10.721499564062018,0.7839408309814819,,,
R3,Stationary_AR,0.16846299304906542,0.6026885068446428,0.6163538115466161,None,71,,,500,0.0,0.0,0.0,0.0,5.0,0.6755005825551107,,
R4,Trending_RandomWalkDrift,0.9940688969775511,0.7068893901905426,0.33436657208645737,None,250,,,500,,,0.0,0.0,1.4380381849746913,,,-0.23022298168288874
R1,Composite,0.9998089657256749,0.9989052314229274,0.9015645085863161,36,36,36.0,72.0,500,-0.20495778345101612,3.114740873484347e-05,16.18584466964019,2.87408364012811,0.6028956281274375,,,
R2,Seasonal,0.9800911666769446,0.9972674175116844,0.9833652858135645,36,36,36.0,72.0,500,0.0,0.0,15.081205221015894,11.649669286126219,0.8126616337101115,,,
R3,Stationary_WN,0.4686699293861386,0.16748010706176963,0.34185849157594583,None,3,,,500,0.0,0.0,0.0,0.0,13.089434409628355,,,
R4,Trending_ExponentialGrowth,0.9992608597414689,0.41383580706199863,0.4319681906355979,None,24,,,500,,,0.0,0.0,1.1364014410836347,,,
R1,Composite,0.99918620694303,0.9928425895265531,0.8492816431717946,36,36,36.0,72.0,500,0.2272572995245622,-1.4700792986540164e-05,15.1346021012453,5.0684991905108925,1.4390470738094274,,,
R2,Seasonal,0.8696757698686346,0.9927989750126575,0.9003187702646568,36,36,36.0,72.0,500,0.0,0.0,15.331165488011745,7.242043397153293,1.388372794979829,,,
R3,Stationary_AR,0.29646802529153216,0.5986584677995754,0.7144526240152456,None,15,,,500,0.0,0.0,0.0,0.0,5.0,0.49850295409705697,,
R4,Trending_RandomWalkDrift,0.9958255458665652,0.7382192253876425,0.8982179623677609,None,24,,,500,,,0.0,0.0,1.0254535881165694,,,0.2070351662330895
R1,Composite,0.9989612346688577,0.9953164566320333,0.8575881550815453,48,50,48.0,96.0,500,-0.18635713720356806,3.473623534441149e-05,16.53042563879657,4.127206748512331,1.146583286738887,,,
R2,Seasonal,0.9471517693453593,0.994874528852663,0.9582044096546548,48,50,48.0,96.0,500,0.0,0.0,18.24966997054546,10.668256074010749,1.2475210453689676,,,
R3,Stationary_WN,0.2723707509891147,0.2690696013225753,0.252545517955004,None,5,,,500,0.0,0.0,0.0,0.0,14.27749706004115,,,
R4,Trending_MeanShift,0.9998933950033294,0.9995784046728183,0.0,None,250,,,500,,,0.0,0.0,0.8318524579065287,,250.0,
R1,Composite,0.999341339654945,0.9902540907611941,0.8840866980448142,36,36,36.0,72.0,500,0.23760047234789192,-4.944515189279732e-05,11.16811723078711,5.61841125236578,1.146114819575529,,,
R2,Seasonal,0.9536010477049259,0.9970078102197708,0.9620496879229345,36,36,36.0,72.0,500,0.0,0.0,12.052141837778272,6.405879859838118,0.6961766422392532,,,
R3,Stationary_AR,0.09572961305003802,0.47842281134191933,0.5885124292031967,None,50,,,500,0.0,0.0,0.0,0.0,5.0,0.49012131559743255,,
R4,Trending_ExponentialGrowth,0.9997641118829512,0.3337015087250017,0.37833633393680133,None,24,,,500,,,0.0,0.0,0.5637941345135586,,,
R1,Composite,0.9997589270358634,0.9965814248356479,0.6770593724530174,12,12,12.0,24.0,500,0.3036662995514403,1.099233186224847e-05,16.7942571534351,2.182367770186011,1.006693520054116,,,
R2,Seasonal,0.6857261192467612,0.9800500207534564,0.738875493076825,12,12,12.0,24.0,500,0.0,0.0,10.38718540272285,4.224866155197803,1.5369906279666887,,,
R3,Stationary_AR,0.25135539770890747,0.6726212768875822,0.7922812548652396,None,50,,,500,0.0,0.0,0.0,0.0,5.0,0.6909299513339069,,
R4,Trending_ExponentialGrowth,0.9627670942322215,0.3802977883525427,0.353374250605351,None,24,,,500,,,0.0,0.0,1.4857600144237524,,,
R1,Composite,0.9995684916508462,0.9990794628408207,0.9555919921538932,24,24,24.0,48.0,500,0.1853673948101539,-4.92042631588669e-05,22.419072892313515,5.836559570943123,0.7576059423101711,,,
R2,Seasonal,0.9762590499135892,0.9993785136763164,0.9814930189661466,24,24,24.0,48.0,500,0.0,0.0,28.88211657719775,9.912547002064464,0.7153946355539227,,,
R3,Stationary_AR,0.008871433517802618,0.76022715067392,0.7534294360269441,None,125,,,500,0.0,0.0,0.0,0.0,5.0,0.5996527980370653,,
R4,Trending_RandomWalkDrift,0.9091520354944651,0.9595057094225717,0.0,None,250,,,500,,,0.0,0.0,0.571159285707179,,,0.106714298239493
R1,Composite,0.998845552830533,0.9968368412980061,0.9670428952622672,24,24,24.0,48.0,500,-0.12215444230780234,3.066333630946562e-05,12.885567054363086,7.4457501264210535,0.8422155433720505,,,
R2,Seasonal,0.9654131824733179,0.9991036213578173,0.9728981579315352,24,24,24.0,48.0,500,0.0,0.0,29.15158537259082,9.716377840922899,0.9237394533888694,,,
R3,Stationary_AR,0.1848165509113021,0.379559490759768,0.6859347373157632,None,28,,,500,0.0,0.0,0.0,0.0,5.0,0.6616413001622231,,
R4,Trending_RandomWalkDrift,0.9980653241860732,0.5473932692377323,0.8459664649398678,None,24,,,500,,,0.0,0.0,0.7173564650885308,,,-0.20002020803162673
R1,Composite,0.9969888219820859,0.9736712619220176,0.5169201780585546,12,12,12.0,24.0,500,0.12350740661590255,3.878908296898047e-05,9.709758381641873,2.120527520936294,1.4631997974123214,,,
R2,Seasonal,0.9633180027728918,0.9981410720845433,0.9609241138877497,12,12,12.0,24.0,500,0.0,0.0,27.395529975831266,11.598485258036757,1.2945229257922626,,,
R3,Stationary_AR,0.0,0.7907285080150708,0.5641926192264661,None,167,,,500,0.0,0.0,0.0,0.0,5.0,0.6611173787587525,,
R4,Trending_ExponentialGrowth,0.9940948052001191,0.33550078612893763,0.3048520517271621,None,24,,,500,,,0.0,0.0,0.5749311696221936,,,
R1,Composite,0.9997942010709744,0.9971832432024649,0.8013308893031675,12,12,12.0,24.0,500,0.39831589843843895,-2.3517752399840984e-05,21.225086784025823,4.284332671946406,1.2311492986040946,,,
R2,Seasonal,0.8406139632991068,0.9951934864261767,0.8464854347170468,12,12,12.0,24.0,500,0.0,0.0,25.661675748905076,7.985635668226249,1.962703074155863,,,
R3,Stationary_WN,0.5200247011328905,0.13661939867313977,0.11315858305125304,None,2,,,500,0.0,0.0,0.0,0.0,13.19204089428484,,,
R4,Trending_MeanShift,0.9996895731450254,0.9987380493897011,0.0,None,250,,,500,,,0.0,0.0,1.3639287567277334,,250.0,
R1,Composite,0.9998553864414199,0.9986871856958602,0.8237159759188721,24,24,24.0,48.0,500,-0.29629300320792196,-4.3392344517115994e-05,21.29196507056499,2.781476182784224,0.7707935552419635,,,
R2,Seasonal,0.8501043494972818,0.9934519132305557,0.8909589353785279,24,24,24.0,48.0,500,0.0,0.0,20.757728937536182,8.865582707880826,1.7956614598200302,,,
R3,Stationary_WN,0.378011680726708,0.20659694813482,0.2961329890885187,None,3,,,500,0.0,0.0,0.0,0.0,13.410361658899697,,,
R4,Trending_RandomWalkDrift,0.9687887404778561,0.7618780254700009,0.19514242224102984,None,167,,,500,,,0.0,0.0,1.1551599320283783,,,-0.360882216874136
R1,Composite,0.9998171968157877,0.9960168454978588,0.9434052639566851,36,36,36.0,72.0,500,0.3662879477053397,2.3687677107665593e-05,16.47651178077171,7.965333580918058,1.0183053203336128,,,
R2,Seasonal,0.794665850522274,0.9830987983834832,0.8516883592294725,36,36,36.0,72.0,500,0.0,0.0,14.396025632646781,8.323097446940716,1.869384978811388,,,
R3,Stationary_AR,0.4650696899183572,0.38431058653541805,0.6374425074033884,None,24,,,500,0.0,0.0,0.0,0.0,5.0,0.6306636931297642,,
R4,Trending_RandomWalkDrift,0.96843357256206,0.8680049059096,0.0,None,250,,,500,,,0.0,0.0,1.117197478649539,,,0.20728985520457283
R1,Composite,0.9998957298808039,0.9978641806353681,0.8865318317792509,36,36,36.0,72.0,500,0.3266303869151457,1.9346514447145976e-05,15.136434066394544,3.6136113465726334,0.7889132717862086,,,
R2,Seasonal,0.7852485547998603,0.9891355532913584,0.854193223401877,36,36,36.0,72.0,500,0.0,0.0,12.062104220983205,5.322477888224112,1.4919635806882838,,,
R3,Stationary_WN,0.5412845079827442,0.19567353952064148,0.19376501179291183,None,2,,,500,0.0,0.0,0.0,0.0,13.822286803014647,,,
R4,Trending_MeanShift,0.9981761821898861,0.9923237868367265,0.0,None,250,,,500,,,0.0,0.0,1.2996879365833016,,250.0,
R1,Composite,0.9998545967626028,0.9994529370442125,0.9036625968010775,24,24,24.0,48.0,500,-0.22448757812060804,-1.916368343684779e-05,24.44887395421074,3.2291209384382276,0.6532345114883177,,,
R2,Seasonal,0.972448399277289,0.9986612494115459,0.9784991504075714,24,24,24.0,48.0,500,0.0,0.0,24.004162450030744,11.263444743527302,0.8734550172372251,,,
R3,Stationary_AR,0.4339977269264501,0.41747507270831086,0.5280890333645484,None,8,,,500,0.0,0.0,0.0,0.0,5.0,0.4898605680406636,,
R4,Trending_MeanShift,0.9998199259702468,0.9992751596009101,0.0,None,250,,,500,,,0.0,0.0,0.9800138716020237,,250.0,
R1,Composite,0.9996362370390413,0.9994296619145949,0.9048964390200607,24,24,24.0,48.0,500,0.14639692308039254,-2.7417292837008283e-05,21.542274355414882,2.9096378617536898,0.6000125859959455,,,
R2,Seasonal,0.9696286123049717,0.9996468453811764,0.9767953012769742,24,24,24.0,48.0,500,0.0,0.0,29.885932342104265,6.839923844364515,0.6276178601891785,,,
R3,Stationary_AR,0.2395597707240189,0.6264243408165409,0.7493381876440783,None,33,,,500,0.0,0.0,0.0,0.0,5.0,0.6630829217183216,,
R4,Trending_ExponentialGrowth,0.9861858035320342,0.4003762395802416,0.30241394443395175,None,24,,,500,,,0.0,0.0,1.0308578746560897,,,
R1,Composite,0.9993843153322343,0.9970429088957957,0.9398603608133902,36,36,36.0,72.0,500,0.14028125476738257,4.1473634912235445e-05,14.90512509828592,6.039144317509596,0.8285152462816379,,,
R2,Seasonal,0.8900214408466852,0.9985199831295913,0.9137931705041554,36,36,36.0,72.0,500,0.0,0.0,29.452810687367887,6.978372970244468,1.095424216483902,,,
R3,Stationary_WN,0.46813050562997505,0.21232689400037008,0.35486895894708503,None,3,,,500,0.0,0.0,0.0,0.0,11.730363741788892,,,
R4,Trending_ExponentialGrowth,0.9992828637457996,0.41127711605101613,0.4128820962956493,None,24,,,500,,,0.0,0.0,1.3486457593469545,,,
R1,Composite,0.9973502772897971,0.9964071172139807,0.8074202731622071,36,36,36.0,72.0,500,0.10038004603636258,-1.7965679364997836e-05,15.955263998481755,3.4518846452004324,0.9860729311589546,,,
R2,Seasonal,0.9824948676430887,0.9993223357142964,0.985448522873248,36,36,36.0,72.0,500,0.0,0.0,24.541626424717524,10.098484304510219,0.640971318019856,,,
R3,Stationary_WN,0.12381234435435085,0.367979597107171,0.281732192759811,None,15,,,500,0.0,0.0,0.0,0.0,6.980775427073102,,,
R4,Trending_MeanShift,0.9996764267077604,0.9987224491281897,0.0,None,250,,,500,,,0.0,0.0,1.2844565018318148,,250.0,
R1,Composite,0.999127363825764,0.9958767634308664,0.8467825183298038,48,50,48.0,96.0,500,0.18437912321763605,3.594393386602986e-05,20.03807860607788,3.5825958882049243,1.1107246190380284,,,
R2,Seasonal,0.9170801860968245,0.996139830398841,0.9429579675037785,48,50,48.0,96.0,500,0.0,0.0,21.831400162115013,8.921856190427796,1.4559479405892177,,,
R3,Stationary_WN,0.4623614471793729,0.13870812847947156,0.28874215179413476,None,2,,,500,0.0,0.0,0.0,0.0,7.273943782075233,,,
R4,Trending_MeanShift,0.999250606140703,0.9968165242853279,0.0,None,250,,,500,,,0.0,0.0,1.40564030299852,,250.0,
R1,Composite,0.9999154289908477,0.9992883798556789,0.9813293298600266,12,12,12.0,24.0,500,0.24874887456613934,1.6456519063300774e-05,17.92065893465492,7.015381697053572,0.5464986296399098,,,
R2,Seasonal,0.9798546165517302,0.9990651066767342,0.977623914333631,12,12,12.0,24.0,500,0.0,0.0,25.73925968644916,10.464225165558897,0.6959888306283795,,,
R3,Stationary_WN,0.45758390371530355,0.0886904054554658,0.24061747092108998,None,2,,,500,0.0,0.0,0.0,0.0,9.810280761690887,,,
R4,Trending_RandomWalkDrift,0.9644685745144249,0.06794969828808639,0.0,None,167,,,500,,,0.0,0.0,1.3936536691510701,,,0.4190737581105509
R1,Composite,0.9998068384598042,0.9952629928714142,0.8419463362805406,12,12,12.0,24.0,500,0.3848426452994027,-2.63751153027711e-05,15.336382299946731,4.581496821837259,1.1615513119133762,,,
R2,Seasonal,0.9665870988724872,0.9959268600607524,0.964413679336833,12,12,12.0,24.0,500,0.0,0.0,15.440708909472258,10.221407649805212,1.0925146476027616,,,
R3,Stationary_AR,0.31929963231207337,0.37000074398560345,0.4682411615323382,None,11,,,500,0.0,0.0,0.0,0.0,5.0,0.40090999554735834,,
R4,Trending_MeanShift,0.9999752107146002,0.9999004031595395,0.0,None,250,,,500,,,0.0,0.0,0.6694154607271877,,250.0,
R1,Composite,0.9979814349347611,0.9969707272854694,0.8048672491031149,24,24,24.0,48.0,500,0.10916976461810782,1.243301101769053e-05,19.195975973811713,3.6799206387529617,1.118001931066254,,,
R2,Seasonal,0.8757226745383425,0.9960890638680596,0.9111761737739271,24,24,24.0,48.0,500,0.0,0.0,14.707256134379762,5.414325782177476,0.9283467576967216,,,
R3,Stationary_AR,0.13936968705538588,0.5028724999587787,0.632231584204916,None,36,,,500,0.0,0.0,0.0,0.0,5.0,0.4865283845655786,,
R4,Trending_RandomWalkDrift,0.9951743347382263,0.947160566227012,0.7926527774072676,None,250,,,500,,,0.0,0.0,0.9454668666789431,,,-0.3291085465035456
R1,Composite,0.999534346387659,0.9986015247666331,0.8786501728160827,12,12,12.0,24.0,500,-0.1499705542490046,-1.1127122491144381e-05,18.356387953160194,3.554223033598431,0.7720121410787963,,,
R2,Seasonal,0.9759443313140884,0.997639623059989,0.9736548256694592,12,12,12.0,24.0,500,0.0,0.0,19.25081803133343,11.421291754072294,0.9425894422397576,,,
R3,Stationary_WN,0.2056656843368042,0.4000691532627858,0.24557824827530939,None,12,,,500,0.0,0.0,0.0,0.0,8.206057728653976,,,
R4,Trending_MeanShift,0.9930016388501469,0.9763257608652557,0.0,None,250,,,500,,,0.0,0.0,1.3359857770359298,,250.0,
R1,Composite,0.9997364699852046,0.9950880082698698,0.6597025301088205,24,24,24.0,48.0,500,-0.3185658584180291,-1.4481658140190913e-05,15.220445159615704,2.248038886254517,1.0428322764115783,,,
R2,Seasonal,0.8632671991682951,0.9937607557760064,0.8998033555821988,24,24,24.0,48.0,500,0.0,0.0,23.576994620731742,10.159414814405418,1.9650512176761858,,,
R3,Stationary_AR,0.004600657393868612,0.5403813604329436,0.5098439388590191,None,83,,,500,0.0,0.0,0.0,0.0,5.0,0.4474433084377138,,
R4,Trending_ExponentialGrowth,0.9947031447538669,0.4491830764104754,0.2881525798491166,None,24,,,500,,,0.0,0.0,1.4801150444499966,,,
R1,Composite,0.9999495195518632,0.9960513464839693,0.9486387747079792,24,24,24.0,48.0,500,0.35000743620928665,3.4030993568787084e-05,8.246772994140084,4.207758709128291,0.5839944576797985,,,
R2,Seasonal,0.9426479853716591,0.9983850638425451,0.9560107999176166,24,24,24.0,48.0,500,0.0,0.0,28.225172514632785,10.017407480526453,1.4240296949456481,,,
R3,Stationary_WN,0.4093461475757306,0.2413637370912981,0.2610175893136213,None,3,,,500,0.0,0.0,0.0,0.0,13.653579355186407,,,
R4,Trending_RandomWalkDrift,0.8291559047334901,0.0,0.0,None,250,,,500,,,0.0,0.0,1.0235656126854618,,,0.47961245953620024
R1,Composite,0.9988692251838259,0.9901199313375473,0.9059240478393462,24,24,24.0,48.0,500,-0.22268464376953165,3.938983504541805e-05,13.538802126795959,7.931520032535576,1.4686778574252535,,,
R2,Seasonal,0.974442039962295,0.9982192931344279,0.9795502653310919,24,24,24.0,48.0,500,0.0,0.0,13.456612507754706,7.603913137632196,0.5928572088087642,,,
R3,Stationary_AR,0.21867978118322107,0.46081885418517066,0.5681586028765191,None,45,,,500,0.0,0.0,0.0,0.0,5.0,0.5522772140590245,,
R4,Trending_MeanShift,0.9878373354923877,0.9448798464937119,0.0,None,250,,,500,,,0.0,0.0,0.6006932616632797,,250.0,
R1,Composite,0.9979690159142482,0.995196858373335,0.8628792203763598,48,50,48.0,96.0,500,0.12987450898956235,1.0921313035358234e-05,19.33394449670214,4.171701844903156,1.1349468233623818,,,
R2,Seasonal,0.7675124570026908,0.9963824929153968,0.8702564881618338,48,50,48.0,96.0,500,0.0,0.0,26.39326246240267,5.884010761917099,1.7257593080692781,,,
R3,Stationary_AR,0.14032990699559023,0.575890670681519,0.6013260610009179,None,56,,,500,0.0,0.0,0.0,0.0,5.0,0.6188396185059948,,
R4,Trending_RandomWalkDrift,0.9778878558573622,0.6808258497542012,0.0,None,250,,,500,,,0.0,0.0,0.9240517544592576,,,0.35521928742624964
R1,Composite,0.9997220816572555,0.99663166698623,0.9545261047064394,24,24,24.0,48.0,500,0.2669001530620735,-4.890656842120099e-05,13.93976534264367,7.093723387247115,0.8519636199573136,,,
R2,Seasonal,0.9249754755987764,0.9873820207776848,0.9431704538059194,24,24,24.0,48.0,500,0.0,0.0,13.220921108986438,11.782539181504108,1.6016980527629552,,,
R3,Stationary_WN,0.2733118484435382,0.2691571537997287,0.2797754954374365,None,6,,,500,0.0,0.0,0.0,0.0,14.759641123293752,,,
R4,Trending_MeanShift,0.9999631445123948,0.9998531704478871,0.0,None,250,,,500,,,0.0,0.0,0.6282514310626444,,250.0,
R1,Composite,0.9994692198951161,0.9958031048055107,0.8771994451924056,12,12,12.0,24.0,500,0.25481043807730985,2.4942238255825306e-05,19.293958518522373,6.458116764699092,1.3887144179148008,,,
R2,Seasonal,0.8030507630753557,0.9965894268647726,0.8158708293287095,12,12,12.0,24.0,500,0.0,0.0,22.301998433517902,5.078905837549999,1.4433979960105952,,,
R3,Stationary_AR,0.1734426029634536,0.4945351967985009,0.572239890531371,None,22,,,500,0.0,0.0,0.0,0.0,5.0,0.4685522929057788,,
R4,Trending_MeanShift,0.999972040897899,0.9998874260442923,0.18514770623338128,None,250,,,500,,,0.0,0.0,0.9549075951304021,,250.0,
R1,Composite,0.999772803667295,0.9966353269520374,0.9754467437113168,12,12,12.0,24.0,500,-0.21088473123486895,4.514688236729633e-05,9.938218288420677,7.431951918809084,0.6458611428916202,,,
R2,Seasonal,0.5120747380829658,0.9942655317305573,0.6369622503953869,12,12,12.0,24.0,500,0.0,0.0,26.876216888552797,4.2980000254369095,1.944377831877837,,,
R3,Stationary_AR,0.20110338338247502,0.5785340207838171,0.7127742408979614,None,29,,,500,0.0,0.0,0.0,0.0,5.0,0.671833692449177,,
R4,Trending_MeanShift,0.9999111352755905,0.9996451550212458,0.0,None,250,,,500,,,0.0,0.0,1.1188960461181767,,250.0,
R1,Composite,0.9977476130437738,0.9973879352830238,0.867591453409893,36,36,36.0,72.0,500,-0.12649268040065775,2.4396997038715764e-05,21.73723943809825,5.05072573408261,1.1292476695893225,,,
R2,Seasonal,0.8043666729806531,0.9966537470776201,0.8515010802354407,36,36,36.0,72.0,500,0.0,0.0,17.432828778081905,4.236512471136033,1.0961355066112062,,,
R3,Stationary_WN,0.1504156192823316,0.4208710714030536,0.3518016008626962,None,12,,,500,0.0,0.0,0.0,0.0,13.367876481604052,,,
R4,Trending_ExponentialGrowth,0.999710137112207,0.3067236765735798,0.41128271194529886,None,24,,,500,,,0.0,0.0,0.5558218916081028,,,
R1,Composite,0.9997124758737805,0.9984106305434921,0.9589072240520586,36,36,36.0,72.0,500,-0.24148561305740826,2.0476913291483142e-05,20.320665720935292,7.35087338995991,0.8310244850870013,,,
R2,Seasonal,0.9660605996820861,0.9941450706799583,0.9723147346617329,36,36,36.0,72.0,500,0.0,0.0,12.957300544452155,11.544924475291227,1.1202710272038996,,,
R3,Stationary_WN,0.19451859992303044,0.32497505319227415,0.21741117840528346,None,11,,,500,0.0,0.0,0.0,0.0,10.561456545879405,,,
R4,Trending_ExponentialGrowth,0.9973821596463028,0.4106217235298154,0.2872193784485271,None,24,,,500,,,0.0,0.0,1.1010563701989216,,,
R1,Composite,0.9984221638951064,0.9891866172048986,0.8998439720389149,48,50,48.0,96.0,500,0.13278702461408592,1.2565213049250224e-05,11.532530474486009,5.872881290150886,1.3162320580313724,,,
R2,Seasonal,0.8472592173165792,0.9928049978598359,0.8983031511331289,48,50,48.0,96.0,500,0.0,0.0,21.93288851517636,8.594019387956436,1.9161477375821003,,,
R3,Stationary_AR,0.4578875052982959,0.4784933383692367,0.6359856011600202,None,17,,,500,0.0,0.0,0.0,0.0,5.0,0.6610190752874092,,
R4,Trending_RandomWalkDrift,0.999500657074619,0.8802758651633134,0.763658806387706,None,250,,,500,,,0.0,0.0,0.9468635869397561,,,-0.47324352998284
R1,Composite,0.9989248189684515,0.9854409160648105,0.8749836912873017,24,24,24.0,48.0,500,0.1637040658621774,4.486083108294254e-05,9.934126845481169,5.920355101894772,1.455281046601304,,,
R2,Seasonal,0.8821872825638437,0.9931431207611958,0.914350061004191,24,24,24.0,48.0,500,0.0,0.0,22.15863938300302,10.994121859043213,1.874670104749553,,,
R3,Stationary_AR,0.08313032904952744,0.5862058369230125,0.6797243756708405,None,56,,,500,0.0,0.0,0.0,0.0,5.0,0.6315183775143259,,
R4,Trending_RandomWalkDrift,0.9995796329490305,0.7043186344694488,0.8717865771900635,None,24,,,500,,,0.0,0.0,1.117804407807562,,,0.32428867209886447
R1,Composite,0.9989626928347103,0.995096325148116,0.9054585698980646,48,50,48.0,96.0,500,0.20399915303054003,-2.7180584723891817e-05,18.60776344585265,6.3403619210563456,1.3550374377964753,,,
R2,Seasonal,0.044139363577470836,0.988370707760309,0.6178121091639106,48,100,48.0,96.0,500,0.0,0.0,13.13921724012269,10.509233447595799,1.4998244589951075,,,
R3,Stationary_AR,0.06461001331361582,0.7735896040783024,0.0,None,250,,,500,0.0,0.0,0.0,0.0,5.0,0.5059614161576313,,
R4,Trending_RandomWalkDrift,0.9988085908757427,0.7291824505015763,0.8849564714031348,None,24,,,500,,,0.0,0.0,0.9753182647222813,,,0.21392560135956917
R1,Composite,0.9995256254392968,0.9969133027334657,0.9072927696985363,48,50,48.0,96.0,500,0.24338853015474202,3.709685799339421e-05,22.18946587480417,4.820728338436637,1.0251668275815637,,,
R2,Seasonal,0.9166273955001173,0.995879552750662,0.9423246918874544,48,50,48.0,96.0,500,0.0,0.0,22.85513263635933,9.59079945352121,1.5602606247309634,,,
R3,Stationary_AR,0.3079603744252254,0.4736833426829262,0.5824562631592414,None,14,,,500,0.0,0.0,0.0,0.0,5.0,0.49984425469559235,,
R4,Trending_ExponentialGrowth,0.9985195053575405,0.3414030138113776,0.41336743634240036,None,24,,,500,,,0.0,0.0,1.1230842721092784,,,
R1,Composite,0.9998159986443869,0.9858927959621508,0.8391231166175326,48,50,48.0,96.0,500,-0.39513592839994693,-1.0823783871876533e-05,9.605901208669076,3.6596225025032574,1.0465554984993308,,,
R2,Seasonal,0.4531196995670521,0.9927619409727343,0.7393732128378847,48,50,48.0,96.0,500,0.0,0.0,24.48839577575494,4.332069415805689,1.5706405851934049,,,
R3,Stationary_AR,0.029285614815522165,0.6214774129867002,0.7104873776180896,None,62,,,500,0.0,0.0,0.0,0.0,5.0,0.6296704897471299,,
R4,Trending_ExponentialGrowth,0.975889127722864,0.306048709483261,0.2794001876846083,None,24,,,500,,,0.0,0.0,1.3051662593686908,,,
R1,Composite,0.9998227966749248,0.9982045397048147,0.8004658329136859,36,36,36.0,72.0,500,0.36058917383131817,1.5513764100388057e-05,23.605833014688564,3.374104113989337,1.0847025435575228,,,
R2,Seasonal,0.8259335352635547,0.9908561414607325,0.8679323033221981,36,36,36.0,72.0,500,0.0,0.0,14.220055500708257,6.361100905693183,1.3887219009663239,,,
R3,Stationary_AR,0.10970303235745182,0.6223285034362545,0.6395240805887997,None,71,,,500,0.0,0.0,0.0,0.0,5.0,0.514860068556067,,
R4,Trending_MeanShift,0.9998563336708456,0.999426427818191,0.0,None,250,,,500,,,0.0,0.0,1.162744321823562,,250.0,
R1,Composite,0.9996272693847246,0.9945203784823154,0.9122767403628933,24,24,24.0,48.0,500,-0.21670044558818644,2.0671084188802836e-05,10.561440418607619,4.713205762351301,0.9045220159048266,,,
R2,Seasonal,0.8949996165965033,0.9965260190222314,0.9237227544296598,24,24,24.0,48.0,500,0.0,0.0,23.835801051482214,9.132492271359625,1.7190387510643614,,,
R3,Stationary_WN,0.46703631763584263,0.1934747219137295,0.32536880379867517,None,3,,,500,0.0,0.0,0.0,0.0,13.402203752506002,,,
R4,Trending_RandomWalkDrift,0.9990083475163779,0.6120896001740788,0.8542915337385608,None,24,,,500,,,0.0,0.0,0.9825117187581954,,,-0.25419399425583356
R1,Composite,0.9998017081177064,0.9979587163113772,0.9428513715700336,48,50,48.0,96.0,500,0.23585484131021478,4.8984537585745136e-05,17.23775902040144,4.8620249151540245,0.8450472256680558,,,
R2,Seasonal,0.8125047360133384,0.9953508414810016,0.8813281158127098,48,50,48.0,96.0,500,0.0,0.0,21.354782081673648,6.096392428963214,1.531438225676886,,,
R3,Stationary_AR,0.1573748471447478,0.49276424353366743,0.5421089860127516,None,31,,,500,0.0,0.0,0.0,0.0,5.0,0.599033025076507,,
R4,Trending_MeanShift,0.9999863995175391,0.9999457132991797,0.0,None,250,,,500,,,0.0,0.0,0.6096465347116103,,250.0,
R1,Composite,0.9990853778963734,0.9957689674314983,0.7741549020071848,48,50,48.0,96.0,500,-0.16477158643734374,-4.987969951752608e-05,18.34942729989722,2.2039929888299765,0.9354842341019213,,,
R2,Seasonal,0.9108694599808317,0.9942253568537147,0.9358553014040281,48,50,48.0,96.0,500,0.0,0.0,22.615569215636267,10.84824463112716,1.736726736337975,,,
R3,Stationary_WN,0.5270135000960501,0.1969401676868795,0.29451322526800316,None,2,,,500,0.0,0.0,0.0,0.0,10.32023142935138,,,
R4,Trending_RandomWalkDrift,0.9969888329745724,0.8055958126259868,0.6594779648143614,None,250,,,500,,,0.0,0.0,1.099082097625273,,,-0.3545102984763394
R1,Composite,0.9997141249229533,0.9935568581235544,0.824458509451312,12,12,12.0,24.0,500,-0.2710822213375699,1.032505052212939e-05,11.460826958606258,3.6124623749298976,1.005421067942203,,,
R2,Seasonal,0.971845931230163,0.997341606351966,0.9696650094384136,12,12,12.0,24.0,500,0.0,0.0,18.96366250816413,11.167280157433439,0.9405116903804676,,,
R3,Stationary_AR,0.03881060660320024,0.6761951598805019,0.6381024511678524,None,83,,,500,0.0,0.0,0.0,0.0,5.0,0.5529491665043398,,
R4,Trending_MeanShift,0.9996587031248984,0.9986179444098487,0.0,None,250,,,500,,,0.0,0.0,0.8004994349969613,,250.0,
R1,Composite,0.9989051811384309,0.9965311677548412,0.792445787369753,36,36,36.0,72.0,500,-0.1840474053403196,-3.7507296886848945e-05,23.340432401001475,4.51882242153754,1.3144837693366476,,,
R2,Seasonal,0.872252093031886,0.9872305078168331,0.8974934910618296,36,36,36.0,72.0,500,0.0,0.0,14.900654706929096,9.26968050182211,1.753576673554953,,,
R3,Stationary_AR,0.4187900511139582,0.3689275765203903,0.6268815136113285,None,17,,,500,0.0,0.0,0.0,0.0,5.0,0.6430793136345344,,
R4,Trending_MeanShift,0.9998177757798339,0.9992497496403323,0.0,None,250,,,500,,,0.0,0.0,0.7762389717735765,,250.0,
R1,Composite,0.9995604572124397,0.9926185990662881,0.7562018918453499,48,50,48.0,96.0,500,0.39291950592657876,2.5653265916801382e-05,21.241391851507657,3.373068103681592,1.4948597643902084,,,
R2,Seasonal,0.6567997549292777,0.995395319579991,0.8735778162481532,48,50,48.0,96.0,500,0.0,0.0,19.393366326728955,4.018643471232223,1.0992521597985452,,,
R3,Stationary_AR,0.20427678154926843,0.4467393032837649,0.5450088664091322,None,20,,,500,0.0,0.0,0.0,0.0,5.0,0.4149853750995385,,
R4,Trending_ExponentialGrowth,0.997332817859024,0.407923303370578,0.4322328480928712,None,24,,,500,,,0.0,0.0,0.5629354167504047,,,
R1,Composite,0.9994737634095535,0.9955777152263661,0.7373838774872412,12,12,12.0,24.0,500,-0.3004737490196161,-2.6788818314219705e-05,22.267680894148548,4.292546928058288,1.4467887862375761,,,
R2,Seasonal,0.6290676626800754,0.9963313998581604,0.7079812104442876,12,12,12.0,24.0,500,0.0,0.0,29.62235244962618,4.471843512823008,1.759807470790419,,,
R3,Stationary_AR,0.08226104877847296,0.6735067483581885,0.6367214383038211,None,100,,,500,0.0,0.0,0.0,0.0,5.0,0.6266605932040026,,
R4,Trending_ExponentialGrowth,0.998199234855094,0.44275735615956957,0.35080011274262113,None,24,,,500,,,0.0,0.0,0.7483626410950817,,,
R1,Composite,0.9998916680083292,0.9980212226045476,0.8124026369238383,12,12,12.0,24.0,500,0.3012872898613973,1.112319774347279e-05,14.601850034554072,2.5520842872085128,0.6280731505279358,,,
R2,Seasonal,0.9767647965691683,0.9989994183878681,0.9744267194145354,12,12,12.0,24.0,500,0.0,0.0,18.209617257037614,7.157619293048858,0.5665718034076572,,,
R3,Stationary_WN,0.360522995009138,0.1784494826187949,0.32856815396997996,None,3,,,500,0.0,0.0,0.0,0.0,13.175063502532625,,,
R4,Trending_RandomWalkDrift,0.996563888057574,0.8225894157960002,0.0,None,250,,,500,,,0.0,0.0,1.4532423806124974,,,0.24764477632319185
R1,Composite,0.9997524030034172,0.9957958677790852,0.7655513176973479,12,12,12.0,24.0,500,0.24594943368396244,-4.8804687231851825e-05,10.917615177593097,2.2838697744415377,0.7390632605741448,,,
R2,Seasonal,0.9315551116475387,0.9991087838463889,0.9290627358414661,12,12,12.0,24.0,500,0.0,0.0,19.272556200745882,4.193640425652366,0.666117366330983,,,
R3,Stationary_AR,0.047365444466757944,0.47060260647412466,0.5469865170795873,None,62,,,500,0.0,0.0,0.0,0.0,5.0,0.4679371678567141,,
R4,Trending_MeanShift,0.9999557470721072,0.9998230114989981,0.0,None,250,,,500,,,0.0,0.0,0.8899659163974398,,250.0,
R1,Composite,0.9988499962295662,0.9973326947007607,0.9432418431406682,12,12,12.0,24.0,500,0.12606303667322658,-2.355023974341404e-05,15.144601591097341,6.393474991102803,0.784623078225361,,,
R2,Seasonal,0.9187724938180989,0.990395199745515,0.9192912143747369,12,12,12.0,24.0,500,0.0,0.0,17.188619921643866,11.326933432070703,1.7754562166655488,,,
R3,Stationary_AR,0.30620218639472974,0.3940819892057069,0.4627881407993939,None,9,,,500,0.0,0.0,0.0,0.0,5.0,0.4929345168462479,,
R4,Trending_RandomWalkDrift,0.9444072036062966,0.9614433940422364,0.9329355496881898,None,100,,,500,,,0.0,0.0,1.1820029820236568,,,0.10470907115109185
R1,Composite,0.9992933507994055,0.9978189644140564,0.9463948673803992,36,36,36.0,72.0,500,-0.1808448781154109,4.029893727593902e-05,18.925584777850958,6.855659494741856,0.9589727375928903,,,
R2,Seasonal,0.8710549245133311,0.9962629180629661,0.8997086193784634,36,36,36.0,72.0,500,0.0,0.0,27.434772030925203,9.202301698987004,1.9393474796663424,,,
R3,Stationary_WN,0.035857190111638126,0.43758650952614053,0.3338850166616254,None,42,,,500,0.0,0.0,0.0,0.0,5.055094327628542,,,
R4,Trending_RandomWalkDrift,0.9965229243516297,0.9085179078512154,0.5098157523142979,None,250,,,500,,,0.0,0.0,1.1877220882238275,,,-0.3058654916267697
R1,Composite,0.9994872607858488,0.986948612414311,0.8633427820696554,12,12,12.0,24.0,500,0.22928871682631044,4.270631409894216e-05,10.047168771407552,5.3805099116841255,1.1494292448048133,,,
R2,Seasonal,0.9452055199285768,0.9994533195553776,0.9419206204170382,12,12,12.0,24.0,500,0.0,0.0,22.146128266724318,4.157458749722639,0.5527020975782051,,,
R3,Stationary_WN,0.43019216345599465,0.2958047104857022,0.40909050683822934,None,3,,,500,0.0,0.0,0.0,0.0,11.288011566210194,,,
R4,Trending_ExponentialGrowth,0.9992443264880188,0.45908189377519437,0.37869945132480276,None,24,,,500,,,0.0,0.0,0.5141936784044137,,,
R1,Composite,0.9998736859848888,0.9981418500920788,0.9473976914712412,36,36,36.0,72.0,500,-0.3936600323508256,1.4545577788134063e-05,20.54952819610699,7.089574104250682,0.9466197542711412,,,
R2,Seasonal,0.8799420154499609,0.9961748629158055,0.9081263168363545,36,36,36.0,72.0,500,0.0,0.0,21.662652974923674,7.823456827453427,1.553498656051052,,,
R3,Stationary_WN,0.44298819596938777,0.2889955596759286,0.31055222768349044,None,3,,,500,0.0,0.0,0.0,0.0,6.622937336376804,,,
R4,Trending_RandomWalkDrift,0.7131457315941664,0.0,0.0,None,167,,,500,,,0.0,0.0,0.8093449312277995,,,0.19024768695366331
R1,Composite,0.9997685915207938,0.9944171006246275,0.7424207532714778,24,24,24.0,48.0,500,0.3072447545869543,4.8348821344789895e-05,13.58689236896387,2.649595790166123,0.9941925645250937,,,
R2,Seasonal,0.9735785762650189,0.9983600770511248,0.9790437210254886,24,24,24.0,48.0,500,0.0,0.0,17.301083690914812,9.259171576444903,0.7690859469065321,,,
R3,Stationary_AR,0.4801728633085818,0.4626399055318684,0.6080911345604232,None,15,,,500,0.0,0.0,0.0,0.0,5.0,0.6606908933119332,,
R4,Trending_ExponentialGrowth,0.998763093677356,0.34864249813888515,0.3621213434572622,None,24,,,500,,,0.0,0.0,1.3354939953623493,,,
R1,Composite,0.9990732494259607,0.9977697704229984,0.9514271820862885,48,50,48.0,96.0,500,0.15474739822197336,-4.415634018956098e-05,18.600442560741413,6.217248081971863,0.8976455143633615,,,
R2,Seasonal,0.8890300600959469,0.9956740889882969,0.9218046898073041,48,50,48.0,96.0,500,0.0,0.0,14.319847990658738,5.168826706968648,0.9440438954708306,,,
R3,Stationary_WN,0.25926156148681645,0.3218602577749651,0.3336030232183881,None,6,,,500,0.0,0.0,0.0,0.0,5.721445183500263,,,
R4,Trending_RandomWalkDrift,0.9994417072194788,0.6818487479880708,0.8762285341363303,None,24,,,500,,,0.0,0.0,1.4868126030178983,,,-0.4279450333457814
R1,Composite,0.999921176109094,0.9965199576847611,0.9696245254719853,36,36,36.0,72.0,500,-0.32800289328202703,2.2245905914780716e-05,9.692924408115372,6.229260284797775,0.5502394897202949,,,
R2,Seasonal,0.7963635029458451,0.9910247004691858,0.8556347252953937,36,36,36.0,72.0,500,0.0,0.0,19.107361759114603,7.582786351555412,1.9646132681843342,,,
R3,Stationary_WN,0.21808513346191438,0.26898261556062497,0.32232355308350524,None,6,,,500,0.0,0.0,0.0,0.0,11.709475626965885,,,
R4,Trending_RandomWalkDrift,0.9966376472848808,0.9138732261516403,0.0,None,250,,,500,,,0.0,0.0,0.5700648835473878,,,0.24929210309836566
R1,Composite,0.9987084903755783,0.9976869204298696,0.9348816767434351,12,12,12.0,24.0,500,0.12647350179024694,1.235864126858894e-05,20.17957242510004,7.3143444404959785,0.9400404477647297,,,
R2,Seasonal,0.8865751692844691,0.9953473834050974,0.8873745172557003,12,12,12.0,24.0,500,0.0,0.0,17.71890247657815,6.604100634775929,1.2936461206579444,,,
R3,Stationary_AR,0.2772418473708782,0.5391010869022672,0.7095513996057818,None,19,,,500,0.0,0.0,0.0,0.0,5.0,0.6542790319193003,,
R4,Trending_MeanShift,0.9998109268184459,0.9992456611548213,0.0,None,250,,,500,,,0.0,0.0,1.2630722906489105,,250.0,
R1,Composite,0.9998493197597952,0.9956224047874944,0.6855289021090375,12,12,12.0,24.0,500,-0.39873170022005733,4.3299932515340737e-05,14.296202747835395,2.360294302274536,0.973087457611964,,,
R2,Seasonal,0.9519673087923838,0.9982325146393952,0.947819828632269,12,12,12.0,24.0,500,0.0,0.0,23.67049095281675,8.459000847097553,1.0794090617797478,,,
R3,Stationary_WN,0.5222945050715682,0.1766868736952456,0.18089038540937052,None,2,,,500,0.0,0.0,0.0,0.0,12.936589690835113,,,
R4,Trending_MeanShift,0.9999677627083184,0.9998708838370789,0.0,None,250,,,500,,,0.0,0.0,0.7676854937675605,,250.0,
R1,Composite,0.9995928266344876,0.9960524567202661,0.8823419015904053,48,50,48.0,96.0,500,-0.22432817252746193,-1.231038472189368e-05,15.7824423331541,3.366704449763709,0.8843041368681969,,,
R2,Seasonal,0.8936770624732406,0.9951279390673549,0.9258758601489685,48,50,48.0,96.0,500,0.0,0.0,28.587248399827438,11.43739580543911,1.980423044435441,,,
R3,Stationary_AR,0.27849605870957783,0.44941751051508316,0.6030824417377785,None,16,,,500,0.0,0.0,0.0,0.0,5.0,0.5225172334479042,,
R4,Trending_MeanShift,0.9998847436514988,0.9995385947499894,0.0,None,250,,,500,,,0.0,0.0,0.5310641533392342,,250.0,
R1,Composite,0.9949034682869556,0.9952319248653388,0.7603175556610627,24,24,24.0,48.0,500,0.11465742925619336,-4.551586250225207e-05,19.229044513196534,3.8313754849683637,1.408565901145146,,,
R2,Seasonal,0.6850612901656115,0.9966744711509244,0.8015656378602664,24,24,24.0,48.0,500,0.0,0.0,29.07089468379215,5.556766173308441,1.8087759948500817,,,
R3,Stationary_WN,0.48776041940479675,0.14818644995576336,0.2524438168642271,None,2,,,500,0.0,0.0,0.0,0.0,12.885399268442537,,,
R4,Trending_RandomWalkDrift,0.6801493474648609,0.0,0.0,None,250,,,500,,,0.0,0.0,1.4598246196485336,,,0.4915851655581669
R1,Composite,0.9997719450302552,0.9958350148482026,0.9068882592784145,12,12,12.0,24.0,500,-0.26940271506726965,-4.184739521389102e-05,13.78630199628682,5.486311205914188,0.9668249325592461,,,
R2,Seasonal,0.968279798655616,0.999375219718226,0.9655409086560773,12,12,12.0,24.0,500,0.0,0.0,24.18440268831482,6.400263184806475,0.6360558376992982,,,
R3,Stationary_AR,0.07303695090056084,0.6667271813627804,0.5760432101324529,None,83,,,500,0.0,0.0,0.0,0.0,5.0,0.45739276135255685,,
R4,Trending_RandomWalkDrift,0.9991750654363927,0.9691781570108058,0.0,None,250,,,500,,,0.0,0.0,1.1120182509449892,,,0.41730280300831324
R1,Composite,0.9996567380222318,0.9963033322776712,0.9022033772048472,48,50,48.0,96.0,500,-0.3731869177797942,-1.9489219512627425e-05,24.35126659503119,6.675232130546863,1.4952768441935627,,,
R2,Seasonal,0.9269738895058287,0.9913950498864833,0.9446922663750026,48,50,48.0,96.0,500,0.0,0.0,12.183380877587492,8.090425112140117,1.2607571068382644,,,
R3,Stationary_AR,0.3125307532685786,0.42217701950747366,0.6554408670169112,None,19,,,500,0.0,0.0,0.0,0.0,5.0,0.6775315511442368,,
R4,Trending_MeanShift,0.9988017340394585,0.9949734769209846,0.0,None,250,,,500,,,0.0,0.0,1.1328703195848377,,250.0,
R1,Composite,0.9995901090832008,0.9915369865924005,0.7336796801970424,12,12,12.0,24.0,500,0.28733165358221024,2.2998471691340398e-05,13.246322666358218,3.6507479329352983,1.2395818268917471,,,
R2,Seasonal,0.8567402783633212,0.9978228923798504,0.8649739499646585,12,12,12.0,24.0,500,0.0,0.0,28.380090310231513,6.374447755614588,1.6095362305172465,,,
R3,Stationary_WN,0.2958420417696258,0.24514753667907951,0.37321186790028493,None,5,,,500,0.0,0.0,0.0,0.0,13.800591867447356,,,
R4,Trending_MeanShift,0.9999467885934039,0.9997888307365,0.0,None,250,,,500,,,0.0,0.0,1.0435684259707128,,250.0,
R1,Composite,0.999639220808395,0.9976852068652817,0.8208036044293303,36,36,36.0,72.0,500,0.2922499864900261,-2.3625182750828452e-05,22.53220488417076,4.014976842689486,1.221113921662608,,,
R2,Seasonal,0.5317093890742047,0.9852884585526942,0.7321789610821132,36,36,36.0,72.0,500,0.0,0.0,14.820849633360131,4.401371130364268,1.7695583595388906,,,
R3,Stationary_AR,0.2352254609784723,0.49300792533785265,0.6035637386299049,None,29,,,500,0.0,0.0,0.0,0.0,5.0,0.513419123499021,,
R4,Trending_RandomWalkDrift,0.9529256708939803,0.678513356770319,0.0,None,250,,,500,,,0.0,0.0,0.9633911466800313,,,0.1935293924169967
R1,Composite,0.9999138833489852,0.9993183669472867,0.9154838295300463,12,12,12.0,24.0,500,-0.35864534539856396,3.480699187366412e-05,24.823419866272577,4.159386020219153,0.6418527435240949,,,
R2,Seasonal,0.9242897934742944,0.9955072431437781,0.9221992503807339,12,12,12.0,24.0,500,0.0,0.0,23.144535840742364,10.514135822098503,1.637815402780506,,,
R3,Stationary_WN,0.14110561975146607,0.41346727070689104,0.32593469649226214,None,12,,,500,0.0,0.0,0.0,0.0,6.30562522278024,,,
R4,Trending_RandomWalkDrift,0.9877407294827321,0.6769723535717028,0.5267097159641573,None,250,,,500,,,0.0,0.0,1.2695408824877354,,,-0.3451175748531062
R1,Composite,0.9993434098924355,0.9808241001122364,0.7936410975920836,24,24,24.0,48.0,500,0.248368095288645,-2.6515414311259677e-05,8.584646141852568,4.205059356421138,1.2635772654891784,,,
R2,Seasonal,0.9823327458682243,0.9991450183809018,0.9859956334044933,24,24,24.0,48.0,500,0.0,0.0,24.778716082385863,11.7010040823622,0.6908289409470914,,,
R3,Stationary_AR,0.26390156204237547,0.4480926074451196,0.6080508598399814,None,19,,,500,0.0,0.0,0.0,0.0,5.0,0.6431880198238401,,
R4,Trending_RandomWalkDrift,0.0,0.06769024069567853,0.0,None,167,,,500,,,0.0,0.0,0.6482721492739818,,,-0.1568587070799775
R1,Composite,0.9996857407127007,0.9972313497511044,0.821130946268666,24,24,24.0,48.0,500,-0.20313827840252197,-4.010567104293107e-05,15.140374788130421,2.949650179074612,0.8717497209109837,,,
R2,Seasonal,0.9892449936021541,0.99944012524603,0.9915149329340233,24,24,24.0,48.0,500,0.0,0.0,20.14431932333846,9.929303765133735,0.5017053683186723,,,
R3,Stationary_AR,0.15743162753908058,0.6170767030958664,0.6173209803538551,None,62,,,500,0.0,0.0,0.0,0.0,5.0,0.5415449258348647,,
R4,Trending_ExponentialGrowth,0.9924301372103832,0.3419146533207682,0.35823745957754205,None,24,,,500,,,0.0,0.0,1.4442182949355766,,,
R1,Composite,0.9995447788416013,0.9920467417721063,0.9487321576955599,24,24,24.0,48.0,500,0.22743988641159332,-2.7431282979783366e-05,10.114019913943586,7.452999740726482,1.1141309606236525,,,
R2,Seasonal,0.9709193788974321,0.9989415059579667,0.9769816811094117,24,24,24.0,48.0,500,0.0,0.0,26.383579807260528,10.608581531355071,0.914906763682342,,,
R3,Stationary_AR,0.3725446082367381,0.4431459082703386,0.5963429571507957,None,14,,,500,0.0,0.0,0.0,0.0,5.0,0.44248259172248994,,
R4,Trending_MeanShift,0.9990451360760311,0.9961652343997405,0.0,None,250,,,500,,,0.0,0.0,1.147577005122859,,250.0,
R1,Composite,0.9968264279241972,0.9952502093175101,0.599451893611277,24,24,24.0,48.0,500,0.10497545287371232,2.2422422991925754e-05,19.57993027167325,2.0273547481789675,1.3832297117921855,,,
R2,Seasonal,0.6683375427483403,0.9941167817066856,0.7764419955094455,24,24,24.0,48.0,500,0.0,0.0,20.664672949755065,4.998136199752069,1.605682142358026,,,
R3,Stationary_WN,0.48098083908844425,0.18758961289002685,0.2659156786042284,None,2,,,500,0.0,0.0,0.0,0.0,7.089078681484825,,,
R4,Trending_MeanShift,0.999182902933947,0.9964417554635457,0.0,None,250,,,500,,,0.0,0.0,1.2753895942862428,,250.0,
R1,Composite,0.9996374346318928,0.9980312909986954,0.9369102719939021,48,50,48.0,96.0,500,-0.2783135895445613,3.211461212860384e-05,23.37727718033593,6.384047548587243,0.998566330482713,,,
R2,Seasonal,0.9900352141866873,0.9985690809431985,0.9916550899436464,48,50,48.0,96.0,500,0.0,0.0,15.598130871419132,11.080269619976317,0.5572956174456463,,,
R3,Stationary_WN,0.1834592171146101,0.3775834907732538,0.27869753384630325,None,9,,,500,0.0,0.0,0.0,0.0,9.390943898427183,,,
R4,Trending_MeanShift,0.9998410251178801,0.9993752713910048,0.0,None,250,,,500,,,0.0,0.0,0.570024145082517,,250.0,
R1,Composite,0.9985005052209932,0.9900030482022459,0.6877144995612136,12,12,12.0,24.0,500,-0.18568819778713136,2.549846218265324e-05,13.483850011311109,3.2274017338722656,1.4345432905455198,,,
R2,Seasonal,0.9268107111645071,0.9966090890471774,0.924167006828853,12,12,12.0,24.0,500,0.0,0.0,22.837974476851564,9.180056287620612,1.4158340596781498,,,
R3,Stationary_WN,0.2943843225478273,0.3300542010963291,0.3342453855282502,None,5,,,500,0.0,0.0,0.0,0.0,13.325667223327693,,,
R4,Trending_MeanShift,0.9999449604290788,0.999779648624008,0.0,None,250,,,500,,,0.0,0.0,1.027617643729285,,250.0,
R1,Composite,0.9995398561019618,0.9927473542713896,0.8540059096991768,12,12,12.0,24.0,500,-0.3302380231386971,3.973365566696818e-05,15.836761544044023,6.066347647928705,1.4554674751409982,,,
R2,Seasonal,0.9267603002853091,0.9980464643884983,0.9236541161997289,12,12,12.0,24.0,500,0.0,0.0,27.46945627931946,8.308721645084677,1.4424712192434264,,,
R3,Stationary_WN,0.42810773747475994,0.22464107267283506,0.2976937211949996,None,3,,,500,0.0,0.0,0.0,0.0,9.812597764725396,,,
R4,Trending_ExponentialGrowth,0.9982258149646616,0.37400738159316593,0.3397542636741193,None,24,,,500,,,0.0,0.0,0.8608495558667023,,,
R1,Composite,0.9992339555090287,0.9969708836809434,0.8386702533914805,48,50,48.0,96.0,500,0.20312014961825134,-4.149734298918119e-05,19.73561904148876,2.5861465237250525,0.8776154190931246,,,
R2,Seasonal,0.8221201946141118,0.9965639434394216,0.9041879578730428,48,50,48.0,96.0,500,0.0,0.0,18.681944778913984,4.8810446732289705,1.0100204757802276,,,
R3,Stationary_AR,0.17232358861225738,0.25304717092838525,0.42574583527666576,None,24,,,500,0.0,0.0,0.0,0.0,5.0,0.6250755663626888,,
R4,Trending_ExponentialGrowth,0.9769751256182323,0.3806632598027193,0.37463684051447566,None,24,,,500,,,0.0,0.0,1.1628941385721494,,,
R1,Composite,0.9997663141155152,0.9970801070145177,0.7701324279934156,24,24,24.0,48.0,500,0.38273129746567613,-1.092814713304026e-05,21.51135021454958,3.7469487709017173,1.211557688091248,,,
R2,Seasonal,0.8012417858244216,0.9961793779049036,0.8525444423563338,24,24,24.0,48.0,500,0.0,0.0,18.27033259565027,4.9571663112179305,1.2209360033733136,,,
R3,Stationary_AR,0.26783671685176313,0.6095849350733502,0.739079284639484,None,29,,,500,0.0,0.0,0.0,0.0,5.0,0.6077899243957134,,
R4,Trending_RandomWalkDrift,0.9983633841329277,0.6479709674899221,0.890281952402582,None,24,,,500,,,0.0,0.0,0.5958988165264975,,,-0.20610548096545744
R1,Composite,0.9998785281368872,0.9983996575733797,0.885900861545217,24,24,24.0,48.0,500,-0.38875133892249514,1.111700119158178e-05,21.21145719592353,4.320020927892903,0.8973481561058032,,,
R2,Seasonal,0.85823210859616,0.9980165508495868,0.8988792368437948,24,24,24.0,48.0,500,0.0,0.0,21.12477957656955,5.084445590728417,1.0880945581401327,,,
R3,Stationary_AR,0.060983940197133935,0.7349599763230183,0.44133207807791597,None,167,,,500,0.0,0.0,0.0,0.0,5.0,0.45954939855516264,,
R4,Trending_RandomWalkDrift,0.9994164266867753,0.49913627090769885,0.8425437510407345,None,24,,,500,,,0.0,0.0,0.9837077988749771,,,0.3563459669363027
R1,Composite,0.9998503091277035,0.9986731444258488,0.9667223673580772,12,12,12.0,24.0,500,0.253654014927589,4.034665304337454e-05,18.648245744713932,7.364763447100193,0.7201593831954196,,,
R2,Seasonal,0.9665578250177868,0.9987759635319651,0.9640873004230494,12,12,12.0,24.0,500,0.0,0.0,25.33812711749947,9.145841649401389,0.9228246328676672,,,
R3,Stationary_WN,0.013932286531835203,0.49910355623338176,0.3327972908213058,None,71,,,500,0.0,0.0,0.0,0.0,8.991447859040491,,,
R4,Trending_MeanShift,0.9999359530953165,0.9997456201705923,0.22796327445865716,None,250,,,500,,,0.0,0.0,1.4444733923296482,,250.0,
R1,Composite,0.9989104006074331,0.9976772501235446,0.8092254107466955,24,24,24.0,48.0,500,0.1436417455953399,3.681474445135303e-05,22.50032741171972,4.080053702156193,1.2422266606782504,,,
R2,Seasonal,0.918277226678356,0.9966633201022767,0.9396221249920867,24,24,24.0,48.0,500,0.0,0.0,20.77945758139736,8.904423019222449,1.2364044807772367,,,
R3,Stationary_AR,0.10410357384735991,0.557060703738436,0.667172638354458,None,56,,,500,0.0,0.0,0.0,0.0,5.0,0.47090949296555895,,
R4,Trending_RandomWalkDrift,0.9989264474257178,0.6611679632826718,0.8371267618748346,None,24,,,500,,,0.0,0.0,0.7231447300570352,,,0.2819585420676741
R1,Composite,0.9995602462905325,0.9992455561034244,0.973790409335668,12,12,12.0,24.0,500,0.15742073419032618,-4.220005607964556e-05,21.219067177381465,7.125760004481538,0.5872598679431253,,,
R2,Seasonal,0.9481049980204149,0.9930705459337844,0.9447692266561698,12,12,12.0,24.0,500,0.0,0.0,10.245145085752602,7.155873979213826,0.9479389355788557,,,
R3,Stationary_WN,0.2312881720389044,0.34620307752361246,0.37514525611833127,None,7,,,500,0.0,0.0,0.0,0.0,6.0563945422678085,,,
R4,Trending_ExponentialGrowth,0.9989241890097785,0.30936715092453837,0.2901999992641232,None,24,,,500,,,0.0,0.0,1.3568792366385647,,,
R1,Composite,0.999745834855126,0.9903930374502263,0.9397020105632121,36,36,36.0,72.0,500,0.326321193816816,-4.846656591764427e-05,9.831795675359865,7.28174779591342,0.9881061600993435,,,
R2,Seasonal,0.880028511668492,0.9862127157579216,0.9064773431282379,36,36,36.0,72.0,500,0.0,0.0,14.213907636772225,9.335070735506783,1.8277295747638473,,,
R3,Stationary_AR,0.01863666384899787,0.44111088526880826,0.0,None,167,,,500,0.0,0.0,0.0,0.0,5.0,0.6768965140934282,,
R4,Trending_MeanShift,0.9999774844687954,0.999910310660301,0.05917418178979572,None,250,,,500,,,0.0,0.0,0.890010214383557,,250.0,
R1,Composite,0.9995269457048094,0.998171018500615,0.9424287775700929,36,36,36.0,72.0,500,0.23122962406488776,-3.533830009731927e-05,21.98704674137391,7.160197628232205,0.8964551247230125,,,
R2,Seasonal,0.8313674722514341,0.9860817945327688,0.8751325221435723,36,36,36.0,72.0,500,0.0,0.0,14.604237412658215,8.264907969722419,1.747384877901657,,,
R3,Stationary_AR,0.3101702270425354,0.35374162281745336,0.5078093795345782,None,14,,,500,0.0,0.0,0.0,0.0,5.0,0.42898062052706964,,
R4,Trending_RandomWalkDrift,0.9971968980372476,0.7740760655287271,0.0,None,250,,,500,,,0.0,0.0,1.2172559553532598,,,0.3423307689090893
R1,Composite,0.9999222074739336,0.9990777511483471,0.9465822228693983,24,24,24.0,48.0,500,0.321796500196323,4.4220875783409545e-05,20.231028326175494,4.799136326052499,0.7353171337080932,,,
R2,Seasonal,0.8675923701531316,0.9961755492887743,0.9027796582096442,24,24,24.0,48.0,500,0.0,0.0,25.949892914233406,8.767917479963202,1.8272072498383078,,,
R3,Stationary_WN,0.21132196039608442,0.3306617634193566,0.43848123426878727,None,15,,,500,0.0,0.0,0.0,0.0,11.753972194344513,,,
R4,Trending_RandomWalkDrift,0.9975561951070849,0.5117061987192444,0.8748052842742744,None,24,,,500,,,0.0,0.0,0.5926495102834317,,,-0.16328842981340147
R1,Composite,0.9994466968336989,0.9710765723721675,0.6817699504956778,36,36,36.0,72.0,500,0.2721922990923981,4.265073848678482e-05,8.020624899683693,2.964897123733043,1.3350407736593681,,,
R2,Seasonal,0.9665624878176001,0.9978623150044809,0.9724106824541724,36,36,36.0,72.0,500,0.0,0.0,16.64695795460929,8.724345762006442,0.7925145518403075,,,
R3,Stationary_WN,0.00044882948161795166,0.8125039545446162,0.0,None,250,,,500,0.0,0.0,0.0,0.0,6.618390466923961,,,
R4,Trending_ExponentialGrowth,0.9990780254488987,0.3876793834992479,0.41006062693206724,None,24,,,500,,,0.0,0.0,1.4535474987765498,,,
R1,Composite,0.999656281754405,0.9983861778535713,0.865991493350079,12,12,12.0,24.0,500,-0.21944197576994132,-4.503952868557067e-05,22.782464139373243,4.366470334455288,0.9926217853010652,,,
R2,Seasonal,0.977872672482691,0.9979464289101124,0.9759226408583376,12,12,12.0,24.0,500,0.0,0.0,16.494272300516307,9.702353060762764,0.7701789303054405,,,
R3,Stationary_WN,0.2496956330258614,0.3193296860084859,0.2702850844539335,None,8,,,500,0.0,0.0,0.0,0.0,10.767729463209843,,,
R4,Trending_RandomWalkDrift,0.9273643421406341,0.0151544828622171,0.0,None,250,,,500,,,0.0,0.0,1.0705712988772813,,,0.47524684855115495
R1,Composite,0.9997068247549185,0.9991875121277141,0.9463898611569795,24,24,24.0,48.0,500,0.19910216705201736,-1.780657899916105e-05,23.250392385921238,5.14563538606404,0.7113233953620688,,,
R2,Seasonal,0.5293732143493424,0.993203230425785,0.6973929039605488,24,24,24.0,48.0,500,0.0,0.0,21.4046950933768,4.444078220933995,1.9801144956420074,,,
R3,Stationary_AR,0.15377902611143957,0.7058505711046226,0.7354793000234567,None,62,,,500,0.0,0.0,0.0,0.0,5.0,0.575938647234604,,
R4,Trending_ExponentialGrowth,0.9944065211164895,0.33354007596273594,0.32894805957379203,None,24,,,500,,,0.0,0.0,0.8812829663509933,,,
R1,Composite,0.9997280737746648,0.9983701762045379,0.8289345449770584,36,36,36.0,72.0,500,0.3040784373463514,-4.205522057727818e-05,23.491003345736964,3.6703582103443413,1.0227846437805805,,,
R2,Seasonal,0.8858912944543738,0.9954168426096508,0.9145494649655356,36,36,36.0,72.0,500,0.0,0.0,11.4313778602559,4.680844542946217,0.7642930266985932,,,
R3,Stationary_WN,0.053388647550604684,0.3515124992186114,0.3328906271544879,None,36,,,500,0.0,0.0,0.0,0.0,8.843752703565926,,,
R4,Trending_MeanShift,0.9916643555855478,0.9580218485543005,0.0,None,250,,,500,,,0.0,0.0,1.075800986099607,,250.0,
R1,Composite,0.9988196891633012,0.9919963140822098,0.6540968882355698,36,36,36.0,72.0,500,0.19395065610911655,-1.3710075314243851e-05,14.626510770733505,2.5581899094531897,1.3571031928215735,,,
R2,Seasonal,0.8186411602838712,0.9784581185466282,0.8682477112821456,36,36,36.0,72.0,500,0.0,0.0,10.647422442857026,7.2817210485475306,1.6776242458606017,,,
R3,Stationary_AR,0.0017685390316334315,0.6992704554435467,0.0,None,250,,,500,0.0,0.0,0.0,0.0,5.0,0.6530992392463852,,
R4,Trending_ExponentialGrowth,0.9975892167492055,0.4022484789294054,0.31572376039241123,None,24,,,500,,,0.0,0.0,0.8923215384813712,,,
R1,Composite,0.9999176667096272,0.9986783646961434,0.9748532197040636,12,12,12.0,24.0,500,0.3389945974751102,-1.1448988409700687e-05,16.825403859468572,7.649624267041528,0.588884092235211,,,
R2,Seasonal,0.9225726648716176,0.9988425334271618,0.9218204006542308,12,12,12.0,24.0,500,0.0,0.0,26.120009177899302,5.873934780624761,0.991345140816769,,,
R3,Stationary_WN,0.46906308782644524,0.2011175242553359,0.3409786795116091,None,3,,,500,0.0,0.0,0.0,0.0,10.750572999435375,,,
R4,Trending_ExponentialGrowth,0.9813483438422782,0.42730579274185765,0.3433286010826835,None,24,,,500,,,0.0,0.0,1.2852309001034439,,,
R1,Composite,0.9999491625414484,0.9993074699032449,0.9800407696050394,48,50,48.0,96.0,500,0.3589888651092844,4.629848151313084e-05,21.9851835136634,6.6626902234311185,0.5738522253797816,,,
R2,Seasonal,0.6662233222211289,0.9840693890964719,0.8115364333738209,48,50,48.0,96.0,500,0.0,0.0,10.531797526555508,4.0828968404899575,1.2231479469486257,,,
R3,Stationary_WN,0.29901779611834756,0.19644290989874624,0.3434801461164789,None,4,,,500,0.0,0.0,0.0,0.0,13.286948231926397,,,
R4,Trending_MeanShift,0.999929083488852,0.9997177747868532,0.0,None,250,,,500,,,0.0,0.0,0.6728212761468191,,250.0,
R1,Composite,0.9998866068643054,0.9980727033213264,0.9283756902703655,12,12,12.0,24.0,500,-0.3683228793336212,1.6785041581889322e-05,17.80205143522908,5.475717567853495,0.8467880322669951,,,
R2,Seasonal,0.9273140724290565,0.9920422709027068,0.9247952730133864,12,12,12.0,24.0,500,0.0,0.0,13.548457207488125,8.65349769485676,1.3923604922154622,,,
R3,Stationary_AR,0.2685738588386235,0.5672215302122701,0.6477756190050742,None,24,,,500,0.0,0.0,0.0,0.0,5.0,0.658895164024912,,
R4,Trending_RandomWalkDrift,0.9997102343163988,0.6721500769723263,0.854551863559098,None,24,,,500,,,0.0,0.0,0.7508359715816503,,,0.2441091639941021
R1,Composite,0.9977243375680223,0.9952445257496232,0.8929044869381813,24,24,24.0,48.0,500,-0.10318192487582951,3.3580998438552315e-05,12.07441854369394,4.2221635054170354,1.0288050622244596,,,
R2,Seasonal,0.8509771847378492,0.9886058305508626,0.8869319003647722,24,24,24.0,48.0,500,0.0,0.0,12.6269741893781,7.344181549590206,1.475102292809424,,,
R3,Stationary_AR,0.11736855659029166,0.6568642749213619,0.7160209340973237,None,56,,,500,0.0,0.0,0.0,0.0,5.0,0.6565011306763537,,
R4,Trending_RandomWalkDrift,0.9944080108181624,0.724081924757595,0.0,None,250,,,500,,,0.0,0.0,1.2967877108087908,,,-0.4896013796994271
R1,Composite,0.9997159983735188,0.9986637239131394,0.9439321315107257,12,12,12.0,24.0,500,-0.27867998809689265,4.5385071353946054e-05,24.29888786808687,7.333672536653696,0.7365605834980661,,,
R2,Seasonal,0.9388985126709372,0.9881297938920643,0.9341113064668025,12,12,12.0,24.0,500,0.0,0.0,14.253307175141515,11.773901881078503,1.6441019184283323,,,
R3,Stationary_WN,0.10870170322306938,0.43563563422257023,0.37847049924923504,None,15,,,500,0.0,0.0,0.0,0.0,7.634004983661353,,,
R4,Trending_MeanShift,0.9995465688477808,0.9982838522522308,0.0,None,250,,,500,,,0.0,0.0,0.7420102336618809,,250.0,
R1,Composite,0.9996412439081755,0.9900117437799953,0.9052676690996178,48,50,48.0,96.0,500,-0.3325966578659304,-1.7326103963245354e-05,13.719348194765432,6.56833457576808,1.3489152391645374,,,
R2,Seasonal,0.046255422391077605,0.9861773192003968,0.6464394867337787,48,100,48.0,96.0,500,0.0,0.0,10.245390973180799,8.535026931434585,1.4370300310872957,,,
R3,Stationary_WN,0.3077938832014,0.26112471434328244,0.25295133479501075,None,6,,,500,0.0,0.0,0.0,0.0,8.870504370797981,,,
R4,Trending_RandomWalkDrift,0.9744516294996428,0.7222208967250019,0.0,None,250,,,500,,,0.0,0.0,1.3388647431870453,,,0.14046710467642554
R1,Composite,0.9999030893711887,0.9970358210841211,0.9519393104936924,48,50,48.0,96.0,500,-0.28698156567732436,-1.0749202410910922e-05,11.037128554004562,4.400860164889637,0.6047590978931457,,,
R2,Seasonal,0.9545233495507768,0.9994636224402572,0.9745446088060125,48,50,48.0,96.0,500,0.0,0.0,23.321919201571507,5.002681906830419,0.5294211503490822,,,
R3,Stationary_WN,0.3908821696678376,0.16199997633169894,0.2887043237698559,None,3,,,500,0.0,0.0,0.0,0.0,9.498041194466015,,,
R4,Trending_RandomWalkDrift,0.9996384862684341,0.563652461977133,0.841589649176722,None,24,,,500,,,0.0,0.0,1.2396678115793085,,,0.34404554714300106
R1,Composite,0.9996810074202453,0.9993284706551653,0.9821206248346203,24,24,24.0,48.0,500,0.15010387407821382,-3.199314180652428e-05,18.841025848125994,6.844255677732589,0.5370600343948779,,,
R2,Seasonal,0.8673988869017046,0.9878670243771254,0.9060211177760779,24,24,24.0,48.0,500,0.0,0.0,16.675884564895448,10.55707827734518,1.8675931994516253,,,
R3,Stationary_WN,0.3439086122823942,0.30730467513870263,0.22360693025943723,None,4,,,500,0.0,0.0,0.0,0.0,11.22344550584117,,,
R4,Trending_ExponentialGrowth,0.9964787171646602,0.4019973563694096,0.32625936762701657,None,24,,,500,,,0.0,0.0,1.385590287414444,,,
R1,Composite,0.9993327353454565,0.9927880425753388,0.8853009487369967,24,24,24.0,48.0,500,0.234821193097523,-1.58443628323236e-05,13.919489660689006,5.813290735632215,1.2386849909420379,,,
R2,Seasonal,0.9571212404179216,0.9976986999316358,0.9668631788968692,24,24,24.0,48.0,500,0.0,0.0,23.115255256971103,11.417839453552881,1.1693063610756984,,,
R3,Stationary_WN,0.1602873145135344,0.342616476594763,0.30153284699662675,None,9,,,500,0.0,0.0,0.0,0.0,6.616869974710086,,,
R4,Trending_ExponentialGrowth,0.9902592933351111,0.3993346165923559,0.41837665401106805,None,24,,,500,,,0.0,0.0,1.4045040354859941,,,
R1,Composite,0.9999048743748412,0.9989891406338737,0.9846570081402296,48,50,48.0,96.0,500,0.25903052561228923,-3.9899670512569525e-05,15.641921751856653,6.621807830080938,0.544402564305877,,,
R2,Seasonal,0.9856378549202828,0.9989865751005135,0.9887412883815131,48,50,48.0,96.0,500,0.0,0.0,16.8274671669228,8.497118559423164,0.5113560893703135,,,
R3,Stationary_AR,0.4581302142691124,0.5290964201170811,0.6450817980357373,None,20,,,500,0.0,0.0,0.0,0.0,5.0,0.6998915619579718,,
R4,Trending_RandomWalkDrift,0.9808201692996351,0.6376946138762927,0.0,None,250,,,500,,,0.0,0.0,1.4528477679256915,,,-0.3380540623693341
R1,Composite,0.9986080602478479,0.9940500247088659,0.698656478408166,24,24,24.0,48.0,500,-0.131612091275502,-1.0933519864739276e-05,13.13196512408484,2.3021619014346495,1.1032498466876322,,,
R2,Seasonal,0.9706478937183268,0.9989505497019225,0.9769336009136721,24,24,24.0,48.0,500,0.0,0.0,21.301678369511844,8.636411970376155,0.7173200104476166,,,
R3,Stationary_WN,0.17364815814252577,0.3300219054559289,0.24262910268866733,None,8,,,500,0.0,0.0,0.0,0.0,8.316345283647626,,,
R4,Trending_RandomWalkDrift,0.9986745276198711,0.8497565056886015,0.6257082699658166,None,167,,,500,,,0.0,0.0,0.7657022082522134,,,0.41878253427111245
R1,Composite,0.9998516569478156,0.997646521360237,0.7921329491118247,24,24,24.0,48.0,500,0.264778228261743,4.35861051646718e-05,14.671496236898232,2.254073215358293,0.7222442170790938,,,
R2,Seasonal,0.7966507975857001,0.9961026858063999,0.8569171594809609,24,24,24.0,48.0,500,0.0,0.0,24.97898936670453,6.914183281781903,1.6135218510664298,,,
R3,Stationary_WN,0.43270690133077205,0.1960027089927997,0.35822847241342237,None,3,,,500,0.0,0.0,0.0,0.0,6.468919467329025,,,
R4,Trending_MeanShift,0.9999155924811391,0.9996644962272891,0.0,None,250,,,500,,,0.0,0.0,1.3791593987458644,,250.0,
R1,Composite,0.9998542866488134,0.9995658526090185,0.9564681485247506,36,36,36.0,72.0,500,0.22013518992773018,-2.0364189938807724e-05,24.790757552334494,4.566365321396942,0.5391164371413086,,,
R2,Seasonal,0.6871329650871703,0.9957904983696413,0.8162591152932345,36,36,36.0,72.0,500,0.0,0.0,28.17025958385754,6.524380101667383,1.8045463142500955,,,
R3,Stationary_WN,0.3696044530462681,0.337784424449878,0.3436347515978494,None,5,,,500,0.0,0.0,0.0,0.0,8.51219749443677,,,
R4,Trending_RandomWalkDrift,0.9969659873490141,0.8831303032532153,0.0,None,250,,,500,,,0.0,0.0,1.053821632709612,,,0.32721120948593874
R1,Composite,0.9992233565367166,0.994376953401758,0.9282734984298134,48,50,48.0,96.0,500,-0.15450463736143155,-4.283904297160871e-05,13.488038836380177,5.672299280338549,0.9819048725307256,,,
R2,Seasonal,0.9831886679451485,0.9995041784792601,0.9876135558183599,48,50,48.0,96.0,500,0.0,0.0,24.92434684597478,8.15316121120877,0.521729180948299,,,
R3,Stationary_AR,0.2900486526620386,0.647565011049344,0.692918654420257,None,71,,,500,0.0,0.0,0.0,0.0,5.0,0.6801356645337601,,
R4,Trending_ExponentialGrowth,0.9888839952103385,0.4112087126591909,0.3011669084034594,None,24,,,500,,,0.0,0.0,0.9498035693697654,,,
R1,Composite,0.9996838239593854,0.9970286688742624,0.8902930665026236,24,24,24.0,48.0,500,-0.23061689623077805,-2.2645385010439136e-05,15.873757373414708,4.608643796445098,0.8683564432005036,,,
R2,Seasonal,0.9313308937626998,0.9981159034858926,0.9467738227226671,24,24,24.0,48.0,500,0.0,0.0,19.9824087918312,6.944071442332521,0.9134315306517482,,,
R3,Stationary_AR,0.014173211404862274,0.045580987122427974,0.0,None,167,,,500,0.0,0.0,0.0,0.0,5.0,0.6561552912554147,,
R4,Trending_RandomWalkDrift,0.9997513213324285,0.535482863484228,0.8317668907335379,None,24,,,500,,,0.0,0.0,1.4067657490588061,,,0.2484113170942905
R1,Composite,0.9991601511981228,0.999004687088273,0.8807085173478597,12,12,12.0,24.0,500,0.10487555364932366,2.234207882253663e-05,21.686584690915147,3.6204212895189354,0.7116112523661073,,,
R2,Seasonal,0.9779284635939142,0.9990764325961845,0.9760362167812717,12,12,12.0,24.0,500,0.0,0.0,21.085854847756224,8.224908342180797,0.6229062368098873,,,
R3,Stationary_AR,0.2030762651696404,0.5078059269025248,0.5258825051436702,None,28,,,500,0.0,0.0,0.0,0.0,5.0,0.45894031366486515,,
R4,Trending_ExponentialGrowth,0.9835406315634756,0.4185991938422311,0.36431548973863204,None,24,,,500,,,0.0,0.0,1.3278256619433768,,,
R1,Composite,0.999321529874525,0.9865201170730274,0.8831608006961953,12,12,12.0,24.0,500,-0.2439789607536621,2.484889418460958e-05,10.40506167284233,6.408278390552649,1.3740563973558335,,,
R2,Seasonal,0.6181674258381764,0.9873073029301973,0.7237161551170166,12,12,12.0,24.0,500,0.0,0.0,13.297788999291702,4.107905355493462,1.4381334020839232,,,
R3,Stationary_AR,0.23271323152405665,0.5539776405647747,0.6436208210635863,None,29,,,500,0.0,0.0,0.0,0.0,5.0,0.6267978197197872,,
R4,Trending_MeanShift,0.999958259063276,0.9998351450293042,0.009947934839520611,None,250,,,500,,,0.0,0.0,0.5469424026995204,,250.0,
R1,Composite,0.999577707747957,0.9827337299030177,0.8988991626932006,48,50,48.0,96.0,500,-0.2774137398693646,-4.22562334666947e-05,9.50809902322579,6.125316027699408,1.301434026332637,,,
R2,Seasonal,0.9402690058635901,0.9937303858863749,0.9529771662364372,48,50,48.0,96.0,500,0.0,0.0,16.3950883835792,10.034532931843167,1.5043330641871122,,,
R3,Stationary_AR,0.34639900979599325,0.5939871119255753,0.6620560467094831,None,38,,,500,0.0,0.0,0.0,0.0,5.0,0.6006145758941726,,
R4,Trending_RandomWalkDrift,0.9987613221666968,0.9207921087774567,0.0013672618640172551,None,250,,,500,,,0.0,0.0,0.6244070575917744,,,0.4697145082295192
R1,Composite,0.997423027019072,0.9834891764691424,0.6109573264562433,36,36,36.0,72.0,500,-0.13816001870915226,2.8987620743524777e-05,9.819902865793775,2.0093857030323945,1.2371448933487175,,,
R2,Seasonal,0.9824066780968972,0.9989276682283438,0.9853151591133287,36,36,36.0,72.0,500,0.0,0.0,22.36893057589188,11.467637502306722,0.6871795100120077,,,
R3,Stationary_AR,0.040279170843712464,0.6627013926352119,0.5446914823272238,None,100,,,500,0.0,0.0,0.0,0.0,5.0,0.47210778894177047,,
R4,Trending_ExponentialGrowth,0.9985034203194408,0.43523402864417726,0.40913988382403277,None,24,,,500,,,0.0,0.0,1.408420411355928,,,
R1,Composite,0.9997363468340912,0.9978009601527018,0.7997932065362454,48,50,48.0,96.0,500,-0.3635539624565318,3.957915471573673e-05,24.931080213610315,2.4120335518450586,0.9993675068481062,,,
R2,Seasonal,0.9305186299417167,0.9967674486969768,0.9515452980528762,48,50,48.0,96.0,500,0.0,0.0,27.805788894264975,11.440331673027313,1.6693338181390942,,,
R3,Stationary_WN,0.010627626635910215,0.5022515816752224,0.38105608274016367,None,83,,,500,0.0,0.0,0.0,0.0,9.114120334824916,,,
R4,Trending_MeanShift,0.9999822012780374,0.9999288069882744,0.0,None,250,,,500,,,0.0,0.0,0.5147473793750725,,250.0,
R1,Composite,0.9993976621879026,0.977122302795934,0.5541578014912859,12,12,12.0,24.0,500,-0.2764834277935545,-2.2049948284882413e-05,9.370072858305162,2.0366759026056105,1.3928447543029407,,,
R2,Seasonal,0.9817344241520917,0.9979513862108343,0.979906413853981,12,12,12.0,24.0,500,0.0,0.0,17.749229697601344,11.369550159206847,0.7860801299753382,,,
R3,Stationary_WN,0.48214673139874964,0.21242571454591086,0.2650395840161166,None,3,,,500,0.0,0.0,0.0,0.0,5.470037890027262,,,
R4,Trending_MeanShift,0.9994883039379279,0.9980152724089086,0.0,None,250,,,500,,,0.0,0.0,0.7134547876484031,,250.0,
R1,Composite,0.9997913687294663,0.9976874648946131,0.7377304800395856,12,12,12.0,24.0,500,0.32399683982574834,4.2458560263326745e-05,21.17722411026339,3.1599482680238746,1.0182766638123,,,
R2,Seasonal,0.9840665624853278,0.9975511922404892,0.9824173520087125,12,12,12.0,24.0,500,0.0,0.0,10.780953137222419,8.100916399528236,0.5741924280588664,,,
R3,Stationary_AR,0.0608846017762259,0.5826670077400082,0.6413626957100348,None,36,,,500,0.0,0.0,0.0,0.0,5.0,0.4908162872334433,,
R4,Trending_MeanShift,0.9999517024677824,0.9998090733430494,0.0,None,250,,,500,,,0.0,0.0,1.0340122565173502,,250.0,
R1,Composite,0.9991258927642939,0.9969257544491605,0.8253033207001788,24,24,24.0,48.0,500,-0.20801526112250793,-3.011411364707844e-05,24.161498922168832,5.085235397606901,1.375299182630108,,,
R2,Seasonal,0.8760253640980978,0.989576332250564,0.9103733343640279,24,24,24.0,48.0,500,0.0,0.0,10.50223682131425,6.232065704987136,1.2527085844620784,,,
R3,Stationary_AR,0.10303408787805501,0.4942283774414987,0.5908879611355087,None,31,,,500,0.0,0.0,0.0,0.0,5.0,0.42206786826280684,,
R4,Trending_ExponentialGrowth,0.9977061261473827,0.3767872074594748,0.3572099189438095,None,24,,,500,,,0.0,0.0,1.0608039378902792,,,
R1,Composite,0.9997811598132573,0.9953531642335295,0.8995867405511684,12,12,12.0,24.0,500,-0.39327618777119866,4.908230638139837e-05,16.374073354980787,6.51525022195124,1.1775882312745247,,,
R2,Seasonal,0.9805604582001933,0.999256704584912,0.9779919107845724,12,12,12.0,24.0,500,0.0,0.0,26.213195331870825,9.68773194563213,0.5996446891260251,,,
R3,Stationary_WN,0.32188479104765066,0.2663673481911205,0.24193790434527984,None,6,,,500,0.0,0.0,0.0,0.0,7.329267565872346,,,
R4,Trending_ExponentialGrowth,0.9994228440283612,0.44617054551277835,0.3940520454939528,None,24,,,500,,,0.0,0.0,1.1168415702315198,,,
R1,Composite,0.9997059906152457,0.9858585383790242,0.8903850321217017,48,50,48.0,96.0,500,0.3003550474081558,3.254835660398846e-05,9.512593690910819,5.563069258241082,1.087723432237987,,,
R2,Seasonal,0.9665726774121094,0.9984555510831925,0.9748420569062285,48,50,48.0,96.0,500,0.0,0.0,27.719334395269453,11.388248089732134,1.1672247357358962,,,
R3,Stationary_WN,0.07610241994870959,0.4420930056048391,0.3621716789240971,None,45,,,500,0.0,0.0,0.0,0.0,5.240259823826111,,,
R4,Trending_ExponentialGrowth,0.9831845585661585,0.32928164632818935,0.280241090921339,None,24,,,500,,,0.0,0.0,0.9968356279445421,,,
R1,Composite,0.999912718081634,0.9967527432338302,0.9613555422442007,24,24,24.0,48.0,500,0.35344240422180884,-1.4651348914038694e-05,11.283753526611559,6.165160748040524,0.733165060033023,,,
R2,Seasonal,0.9141063817439781,0.9925250493049682,0.9357361075520713,24,24,24.0,48.0,500,0.0,0.0,19.075672150464207,11.967076066188515,1.9597915396784353,,,
R3,Stationary_WN,0.17991084072432817,0.23995181630027473,0.30499078802392066,None,7,,,500,0.0,0.0,0.0,0.0,10.003103738643329,,,
R4,Trending_MeanShift,0.9997889252021354,0.9991288910804182,0.0,None,250,,,500,,,0.0,0.0,1.013752602990245,,250.0,
R1,Composite,0.9959302257960169,0.9856030859719775,0.8336788481662333,36,36,36.0,72.0,500,0.11570092676119625,-1.3722962664254808e-05,11.643575588194427,5.79126097666897,1.4953529190182202,,,
R2,Seasonal,0.8823311896456745,0.9910003724519383,0.9085122435058661,36,36,36.0,72.0,500,0.0,0.0,10.143300110255515,5.720117411415815,1.0490161901528456,,,
R3,Stationary_AR,0.17969573401328487,0.5119925954063843,0.6802410687232587,None,36,,,500,0.0,0.0,0.0,0.0,5.0,0.5925094780079072,,
R4,Trending_ExponentialGrowth,0.9969147321565658,0.3829152530301786,0.3239411894600457,None,24,,,500,,,0.0,0.0,1.2419594688560611,,,
R1,Composite,0.9999125758763655,0.9956072131427908,0.949870531208699,36,36,36.0,72.0,500,0.3990811398344858,3.2341578564720304e-05,11.867876203335305,6.365387694313422,0.9341800307737744,,,
R2,Seasonal,0.8559372142361725,0.9976318078302853,0.889170849824268,36,36,36.0,72.0,500,0.0,0.0,26.2094644958055,6.6947412966132696,1.408599012243192,,,
R3,Stationary_AR,0.20005613892951235,0.3813409459877618,0.5138131315391616,None,28,,,500,0.0,0.0,0.0,0.0,5.0,0.4622494102009264,,
R4,Trending_ExponentialGrowth,0.9990546594423112,0.3941168887997283,0.27751502062341626,None,24,,,500,,,0.0,0.0,1.472054394163242,,,
R1,Composite,0.9951674910324178,0.994507256904672,0.8303210402153058,48,50,48.0,96.0,500,-0.13924816594926764,3.0164399279802348e-05,24.600021042347404,4.5005008290421955,1.407493197479572,,,
R2,Seasonal,0.9798951637561203,0.9989740654170405,0.984562942615065,48,50,48.0,96.0,500,0.0,0.0,16.80338593057384,7.226771908423025,0.533307217566312,,,
R3,Stationary_WN,0.3861674371082503,0.150445697411408,0.2884111935899679,None,3,,,500,0.0,0.0,0.0,0.0,6.974316799100038,,,
R4,Trending_ExponentialGrowth,0.9988072132667515,0.41731597356499817,0.39977055396848304,None,24,,,500,,,0.0,0.0,1.2347081441429169,,,
R1,Composite,0.999891303615286,0.9993362570508174,0.9588844267411475,12,12,12.0,24.0,500,0.26253872280413615,-1.0886471181492095e-05,21.137803575199882,5.297091073363853,0.5881553626500511,,,
R2,Seasonal,0.8321687500993827,0.9962777665099497,0.8293892379706563,12,12,12.0,24.0,500,0.0,0.0,21.478323211500786,5.398049985165826,1.3737551873733587,,,
R3,Stationary_AR,0.146195803146974,0.471787744026511,0.6020816032056184,None,31,,,500,0.0,0.0,0.0,0.0,5.0,0.48660290092418507,,
R4,Trending_MeanShift,0.9999679727199375,0.9998724858597645,0.14766283345733067,None,250,,,500,,,0.0,0.0,1.0884151804144588,,250.0,
R1,Composite,0.999800473625298,0.9989368433393465,0.9307264919692098,36,36,36.0,72.0,500,0.23380307571958814,2.7012273664090505e-05,21.721971909139953,4.859587369493382,0.7607197053965792,,,
R2,Seasonal,0.9427049428929287,0.9993490941688625,0.9536941471268753,36,36,36.0,72.0,500,0.0,0.0,29.913524317324153,6.541007522817532,0.8595377022754394,,,
R3,Stationary_WN,0.48411329538341374,0.1789439252598709,0.3573180130728222,None,3,,,500,0.0,0.0,0.0,0.0,10.878261479896269,,,
R4,Trending_MeanShift,0.9999611607443275,0.9998447167029934,0.1723257362094056,None,250,,,500,,,0.0,0.0,0.6280812976872069,,250.0,
R1,Composite,0.9995240760054093,0.9975410489937074,0.7379485216894203,36,36,36.0,72.0,500,-0.23910405643914268,-3.7563759087604344e-05,23.18809587389827,3.122926303634357,1.1578758574768298,,,
R2,Seasonal,0.9390405425009183,0.999168470510475,0.9520598393522265,36,36,36.0,72.0,500,0.0,0.0,18.35533472730628,4.461292748321286,0.5889694293671173,,,
R3,Stationary_WN,0.3482266326989639,0.29258719368144914,0.32809352909850675,None,4,,,500,0.0,0.0,0.0,0.0,8.510017980717592,,,
R4,Trending_MeanShift,0.9992269832319084,0.9970406277753501,0.0,None,250,,,500,,,0.0,0.0,1.4472259734880102,,250.0,
R1,Composite,0.9995670079426004,0.9929228612576915,0.8970620938763126,48,50,48.0,96.0,500,0.2436766136379178,4.949146142663719e-05,14.266253153317725,5.402090523163642,0.9730045400231637,,,
R2,Seasonal,0.9318741027404853,0.9958375077504821,0.9486483504335799,48,50,48.0,96.0,500,0.0,0.0,22.977005793503864,10.53229822486161,1.6466718483434122,,,
R3,Stationary_AR,0.06612993684020918,0.6418850534973672,0.6682677979533918,None,100,,,500,0.0,0.0,0.0,0.0,5.0,0.5678041108209001,,
R4,Trending_ExponentialGrowth,0.9934017046388748,0.4447953708123087,0.4071379906894158,None,24,,,500,,,0.0,0.0,0.9397657514412229,,,
R1,Composite,0.9999435084402102,0.9972474532799578,0.967893501859195,12,12,12.0,24.0,500,-0.31974312751974676,-2.5066082462956697e-05,9.714452429458186,5.5962805420183255,0.5368674837699666,,,
R2,Seasonal,0.9547064313526142,0.9996241668383625,0.9531255637110534,12,12,12.0,24.0,500,0.0,0.0,27.598089953566134,4.757843128690248,0.5837510160844287,,,
R3,Stationary_WN,0.1436854174921347,0.4169160286751411,0.394636675248876,None,11,,,500,0.0,0.0,0.0,0.0,10.743674591311372,,,
R4,Trending_RandomWalkDrift,0.9995643737903716,0.7069111348575965,0.9117894237970873,None,24,,,500,,,0.0,0.0,0.8794214929154411,,,-0.31370343739251016
R1,Composite,0.9997292895978868,0.9957179581264853,0.6850348292386399,12,12,12.0,24.0,500,0.3477342097164685,-2.5111254977979307e-05,17.358545287420604,2.813794509415065,1.2064305907825983,,,
R2,Seasonal,0.9273771537137914,0.9987982944701251,0.9244411110456779,12,12,12.0,24.0,500,0.0,0.0,21.25042843478616,5.12766749578626,0.7669010954339761,,,
R3,Stationary_AR,0.3262273918508787,0.4569375204651984,0.5780790792469337,None,14,,,500,0.0,0.0,0.0,0.0,5.0,0.5075637597475554,,
R4,Trending_RandomWalkDrift,0.99830764773319,0.6547011584288706,0.8932157484291067,None,24,,,500,,,0.0,0.0,1.0944459199431968,,,-0.3235341156544761
R1,Composite,0.9994531002826516,0.9944739831710829,0.889324489780877,24,24,24.0,48.0,500,-0.16815885794792093,-3.70338859640113e-05,11.717477761386327,4.3473471047002565,1.0486431808249999,,,
R2,Seasonal,0.8461954478331556,0.996717678174081,0.8888335016183941,24,24,24.0,48.0,500,0.0,0.0,26.945193949836405,8.11615202880034,1.606696538958597,,,
R3,Stationary_AR,0.29685798030492205,0.37448917059896913,0.4369440169759973,None,8,,,500,0.0,0.0,0.0,0.0,5.0,0.4333147518385238,,
R4,Trending_RandomWalkDrift,0.999823782693459,0.7975975252945449,0.9304450032369147,None,24,,,500,,,0.0,0.0,0.7945004555761085,,,-0.3362233315068893
R1,Composite,0.9997963915613741,0.9983165999395199,0.9225914179961741,36,36,36.0,72.0,500,0.2600443774350185,-2.6974034031263887e-05,17.432160684625053,4.5504879424665345,0.7425656725219696,,,
R2,Seasonal,0.8923711067574553,0.9936283713265643,0.9186745561552728,36,36,36.0,72.0,500,0.0,0.0,18.170303449785514,8.936373153967256,1.5077632905961094,,,
R3,Stationary_WN,0.39386704647095805,0.2877570633100275,0.33960413636188824,None,4,,,500,0.0,0.0,0.0,0.0,14.151369204471214,,,
R4,Trending_RandomWalkDrift,0.9993668873327362,0.7422718632566592,0.8775869625349643,None,24,,,500,,,0.0,0.0,1.233853005194677,,,0.33673490078807
R1,Composite,0.999736839347576,0.9901123614119771,0.8501703708027222,24,24,24.0,48.0,500,-0.3028536469236366,-1.9250854895044838e-05,10.103062685485767,4.161804519964325,1.076966773593667,,,
R2,Seasonal,0.8923679384843733,0.9878399299019867,0.9210919896204406,24,24,24.0,48.0,500,0.0,0.0,13.678203243419718,9.845725510530123,1.6942334735371052,,,
R3,Stationary_AR,0.03130547399543282,0.7034857767135074,0.0,None,250,,,500,0.0,0.0,0.0,0.0,5.0,0.47884998775350024,,
R4,Trending_ExponentialGrowth,0.9988798728890305,0.3659953632043258,0.3448514240258663,None,24,,,500,,,0.0,0.0,0.644327630410714,,,
R1,Composite,0.999712772514593,0.9971286602604102,0.8176531128295804,12,12,12.0,24.0,500,-0.35418243711035924,3.346185696585799e-05,21.74650968584941,4.727311388477198,1.1209276497674832,,,
R2,Seasonal,0.8333800407003618,0.9824067640563863,0.8293284488793784,12,12,12.0,24.0,500,0.0,0.0,10.303966415382567,6.006069283242659,1.419924076322834,,,
R3,Stationary_WN,0.36392224550717933,0.2810075334256761,0.3464601824094713,None,4,,,500,0.0,0.0,0.0,0.0,9.071844843722046,,,
R4,Trending_RandomWalkDrift,0.9834554854536112,0.7411623256962274,0.12258305720573492,None,250,,,500,,,0.0,0.0,0.607368203443428,,,0.3252775348070672
R1,Composite,0.9995362482340515,0.9982016577816462,0.8438911399195723,12,12,12.0,24.0,500,0.11489992505694437,2.2777543253241704e-05,12.969565670152782,2.4815620522459456,0.6033828787971269,,,
R2,Seasonal,0.9292248898245733,0.9956957658455492,0.9277371692369105,12,12,12.0,24.0,500,0.0,0.0,24.28397550580877,11.45056025788508,1.7536789852775523,,,
R3,Stationary_WN,0.18861899871746834,0.3547492466810218,0.30571949343006,None,8,,,500,0.0,0.0,0.0,0.0,9.33006528135773,,,
R4,Trending_ExponentialGrowth,0.9953101134793952,0.40232255435518016,0.339339759513377,None,24,,,500,,,0.0,0.0,1.1383321393546297,,,
R1,Composite,0.9998944995244392,0.9931727951778394,0.8639559050890616,48,50,48.0,96.0,500,0.35416260652197906,2.274554631445336e-05,9.532239532771516,2.955307515395912,0.7777870358335046,,,
R2,Seasonal,0.9395853392210404,0.9966625625570882,0.9557647922644011,48,50,48.0,96.0,500,0.0,0.0,24.75494221365886,11.119444775796149,1.4377915216382937,,,
R3,Stationary_AR,0.2242765861370336,0.44279589634318606,0.4907711678687924,None,22,,,500,0.0,0.0,0.0,0.0,5.0,0.42066682931093563,,
R4,Trending_MeanShift,0.9996155298949907,0.9984294274047989,0.0,None,250,,,500,,,0.0,0.0,0.783913595086414,,250.0,
R1,Composite,0.9998467063546145,0.9984177206322843,0.978173581128543,36,36,36.0,72.0,500,0.2403681698874989,1.3922509337459108e-05,15.704306273065706,7.771701342262838,0.7483075058275106,,,
R2,Seasonal,0.5694664577186819,0.9847035337024438,0.702298651351827,36,36,36.0,72.0,500,0.0,0.0,14.396452027234613,4.369388987530443,1.7698858326891393,,,
R3,Stationary_AR,0.11456818429589233,0.7317288103810021,0.7101983798708711,None,71,,,500,0.0,0.0,0.0,0.0,5.0,0.6672520627862002,,
R4,Trending_MeanShift,0.9998068339916284,0.9992348311501986,0.10956434509778412,None,250,,,500,,,0.0,0.0,1.147320466881816,,250.0,
R1,Composite,0.9990951288951909,0.9982887480980794,0.9709771139243737,36,36,36.0,72.0,500,0.11175937959600257,-2.7780946562579276e-05,14.535126655193043,6.6472674382493455,0.6840219175712371,,,
R2,Seasonal,0.8799286375711166,0.9958618166702846,0.9091785472238151,36,36,36.0,72.0,500,0.0,0.0,22.083036589864736,8.179193174993033,1.562179708633575,,,
R3,Stationary_WN,0.5641379671884799,0.16356087934808627,0.2725255371348462,None,2,,,500,0.0,0.0,0.0,0.0,12.361727728533705,,,
R4,Trending_ExponentialGrowth,0.9889071685764115,0.28455532960231933,0.3059781090070385,None,24,,,500,,,0.0,0.0,1.2077926543738995,,,
R1,Composite,0.9999425783688188,0.9994219311444927,0.9768050111961751,24,24,24.0,48.0,500,-0.3489204556428137,-3.154448033511273e-05,23.106673959590168,6.83610241047162,0.5922205938492485,,,
R2,Seasonal,0.7699416523504706,0.9954268168533738,0.8367421536650844,24,24,24.0,48.0,500,0.0,0.0,18.81593445757647,5.205425734129476,1.3270135024031076,,,
R3,Stationary_WN,0.20298413351209843,0.3058780656500194,0.2792772479292608,None,11,,,500,0.0,0.0,0.0,0.0,10.769335622747292,,,
R4,Trending_ExponentialGrowth,0.9986585990308313,0.3002623267434883,0.3409755237753095,None,24,,,500,,,0.0,0.0,0.5413724351385216,,,
R1,Composite,0.9991173422114675,0.9925628554607268,0.8559725223295149,48,50,48.0,96.0,500,0.2261461082664703,-4.059143537029771e-05,15.069112524991096,4.822257699934216,1.288694992094678,,,
R2,Seasonal,0.865421265424663,0.997919238143864,0.9252985505614404,48,50,48.0,96.0,500,0.0,0.0,28.222231308838833,6.657896448208177,1.2162695153163436,,,
R3,Stationary_WN,0.12737898986101837,0.3942486571514172,0.331854650854151,None,29,,,500,0.0,0.0,0.0,0.0,14.649067240437173,,,
R4,Trending_ExponentialGrowth,0.9981524988596377,0.3487197802876013,0.3520682812560011,None,24,,,500,,,0.0,0.0,1.0392830333880823,,,
R1,Composite,0.9980225054036046,0.9936923324013078,0.8682072261199092,48,50,48.0,96.0,500,0.2132493689591392,-2.9023264594346233e-05,24.895905742253266,4.902382695494292,1.4654825396847104,,,
R2,Seasonal,0.9077538939898581,0.9949534351302897,0.9365689098613266,48,50,48.0,96.0,500,0.0,0.0,15.356975240359015,6.7449237964316655,1.0862223620037088,,,
R3,Stationary_WN,0.36447296522356476,0.24622560430030527,0.22246225857980484,None,3,,,500,0.0,0.0,0.0,0.0,9.92585990395859,,,
R4,Trending_RandomWalkDrift,0.9994852145448732,0.7314511088017672,0.8599015218755903,None,24,,,500,,,0.0,0.0,0.7269022271696746,,,-0.2450188400710197
R1,Composite,0.9996303781146977,0.998836795103584,0.9378019223678101,24,24,24.0,48.0,500,-0.15935964565664412,-3.5279162008740176e-05,20.091243589380397,4.858224513428244,0.7935326803535713,,,
R2,Seasonal,0.9782705163087172,0.9981532416682735,0.9827775103859339,24,24,24.0,48.0,500,0.0,0.0,17.511763597717994,11.02609083131025,0.7139318696810123,,,
R3,Stationary_AR,0.1783308830710244,0.6121199568919236,0.6999961024437757,None,45,,,500,0.0,0.0,0.0,0.0,5.0,0.6246056564022093,,
R4,Trending_MeanShift,0.999892110430021,0.999564199643906,0.0,None,250,,,500,,,0.0,0.0,0.5457351774982222,,250.0,
R1,Composite,0.9998413854058751,0.9959914140148936,0.934568465123897,36,36,36.0,72.0,500,-0.3232654766652518,-1.3747677527794924e-05,13.427132938606054,5.997616644351547,0.9091945686987957,,,
R2,Seasonal,0.9060157490771927,0.996303977297824,0.9311772115489597,36,36,36.0,72.0,500,0.0,0.0,20.28243399921151,8.302063151580892,1.2800190020904836,,,
R3,Stationary_WN,0.36301894730291984,0.21542412146788992,0.2559634303924673,None,3,,,500,0.0,0.0,0.0,0.0,14.704026614733305,,,
R4,Trending_RandomWalkDrift,0.994933365045599,0.7960069850290287,0.8786695550681085,None,24,,,500,,,0.0,0.0,1.1976461416012196,,,-0.15382529598324948
R1,Composite,0.9999130076927092,0.9991767893205808,0.9530299899081726,12,12,12.0,24.0,500,-0.2758562460031174,-4.973112889979992e-05,19.95662834301924,5.205027682534958,0.559423831391666,,,
R2,Seasonal,0.10502096955732876,0.9910485153584232,0.37202611348733094,12,24,12.0,24.0,500,0.0,0.0,10.995711033882907,11.618505225819302,1.6033313142033245,,,
R3,Stationary_AR,0.10853458627850665,0.6973353187436901,0.6151460479274745,None,83,,,500,0.0,0.0,0.0,0.0,5.0,0.5195625182644996,,
R4,Trending_ExponentialGrowth,0.9996984687833844,0.3889797690925093,0.39476034088952316,None,24,,,500,,,0.0,0.0,0.6099112716390016,,,
R1,Composite,0.9994588980695353,0.9969409935231066,0.9220103152749305,36,36,36.0,72.0,500,-0.17822179563775375,-2.1181159474651054e-05,16.375711770715224,5.639327628093078,0.9555157251713402,,,
R2,Seasonal,0.9817445107605866,0.9991639847457687,0.9847798875076393,36,36,36.0,72.0,500,0.0,0.0,20.093283076258686,8.989000997254362,0.6355305665693707,,,
R3,Stationary_WN,0.43493056342347725,0.19160353734309565,0.36378608349582153,None,3,,,500,0.0,0.0,0.0,0.0,13.429190578390624,,,
R4,Trending_RandomWalkDrift,0.9922407544397298,0.8382595523813751,0.0,None,250,,,500,,,0.0,0.0,1.027920710727214,,,0.2918173036862465
R1,Composite,0.9993835993875592,0.9964610020039825,0.9262401901634986,12,12,12.0,24.0,500,-0.14256973110379917,-4.1419625754000196e-05,13.8744791988835,5.799861191750381,0.8550448263561592,,,
R2,Seasonal,0.9015843630349825,0.9946363961166039,0.903611880351229,12,12,12.0,24.0,500,0.0,0.0,19.10567339250251,8.153631510559642,1.5595932515879587,,,
R3,Stationary_AR,0.1428078242599914,0.5691458224622002,0.5601906665465077,None,50,,,500,0.0,0.0,0.0,0.0,5.0,0.5536051265974163,,
R4,Trending_MeanShift,0.9999361986311817,0.9997443841598606,0.0,None,250,,,500,,,0.0,0.0,1.3893241017991294,,250.0,
R1,Composite,0.9999162559169336,0.997994089925331,0.9671675744125584,12,12,12.0,24.0,500,-0.2743292156194039,-2.0416501531800006e-05,11.819582220685806,5.826133950017567,0.5619392676921545,,,
R2,Seasonal,0.13046859829736368,0.9916551272933992,0.25402916875863213,12,24,12.0,24.0,500,0.0,0.0,11.52892051909129,10.266503804910466,1.412213898450583,,,
R3,Stationary_WN,0.2363856744085483,0.3148171236110948,0.3952847237046645,None,6,,,500,0.0,0.0,0.0,0.0,5.429806269345285,,,
R4,Trending_ExponentialGrowth,0.9987017038429912,0.3274430583765703,0.32273516075006736,None,24,,,500,,,0.0,0.0,1.3970076536240699,,,
R1,Composite,0.9994677507175973,0.9807430612095098,0.6368294753146615,12,12,12.0,24.0,500,-0.22327657575408882,-4.882353869610879e-05,8.335030238896035,2.309370706630909,1.2106432323849272,,,
R2,Seasonal,0.9826638177395595,0.998046473077676,0.9809254140465291,12,12,12.0,24.0,500,0.0,0.0,16.492302331957067,10.485256379661212,0.7795514698012129,,,
R3,Stationary_AR,0.10416856241791894,0.538491436297212,0.6146259519379882,None,45,,,500,0.0,0.0,0.0,0.0,5.0,0.4449352176892497,,
R4,Trending_MeanShift,0.9997294767700906,0.9988962190920415,0.0,None,250,,,500,,,0.0,0.0,1.4447663083481692,,250.0,
R1,Composite,0.9989746058525922,0.9968671031368131,0.7728363015899848,36,36,36.0,72.0,500,-0.17537752503756168,2.20715560781766e-05,19.233645462664995,3.408968582137307,1.0408440989280043,,,
R2,Seasonal,0.8088690698587494,0.9907088822940662,0.8580207959564131,36,36,36.0,72.0,500,0.0,0.0,15.166489820739846,6.788135116456179,1.6280156960256127,,,
R3,Stationary_WN,0.33143648981995033,0.20663323745134465,0.262609063677411,None,4,,,500,0.0,0.0,0.0,0.0,12.536737899276586,,,
R4,Trending_ExponentialGrowth,0.9978658713480586,0.33957533866170986,0.3168032059009317,None,24,,,500,,,0.0,0.0,0.5969469659466982,,,
R1,Composite,0.9999294534034388,0.9987747070286543,0.976968423236788,36,36,36.0,72.0,500,0.2762738150621288,3.529439367789081e-05,14.31666788386007,6.242038447711303,0.5310241740636751,,,
R2,Seasonal,0.9109536396645436,0.9825994301508059,0.9302346855691807,36,36,36.0,72.0,500,0.0,0.0,12.779123928974446,11.669300496106391,1.9066574034967003,,,
R3,Stationary_WN,0.47262089195314383,0.21135949376641583,0.30699576892187463,None,3,,,500,0.0,0.0,0.0,0.0,8.045504421565234,,,
R4,Trending_ExponentialGrowth,0.9949823623110087,0.3168082387263663,0.20669434937617648,None,24,,,500,,,0.0,0.0,0.8580735436721905,,,
R1,Composite,0.9997844814043005,0.9987960565791004,0.9849573010314695,48,50,48.0,96.0,500,0.14805820162448938,3.1895749070219676e-05,15.021850422945608,7.118174135385029,0.5405194352412505,,,
R2,Seasonal,0.9042588889968259,0.996248944815304,0.9328528934633815,48,50,48.0,96.0,500,0.0,0.0,28.065950650665478,10.443464786874454,1.6562108074765964,,,
R3,Stationary_AR,0.07729074535795122,0.49977161315494745,0.500387726577469,None,50,,,500,0.0,0.0,0.0,0.0,5.0,0.42219205345270056,,
R4,Trending_ExponentialGrowth,0.9997531828131562,0.38528731748742606,0.4098131013836104,None,24,,,500,,,0.0,0.0,0.8330659676138696,,,
R1,Composite,0.999839510991405,0.9989897423634347,0.9652750978846509,48,50,48.0,96.0,500,0.2305393208381625,3.998080452039206e-05,21.282032760816712,5.567566899900706,0.7285247733266187,,,
R2,Seasonal,0.9756764664937475,0.9989482192556801,0.9816688026868833,48,50,48.0,96.0,500,0.0,0.0,20.832294954895254,8.278628781005196,0.7291400508459507,,,
R3,Stationary_WN,0.40861571230271687,0.19204940327036646,0.3686902024516525,None,3,,,500,0.0,0.0,0.0,0.0,9.960928016007614,,,
R4,Trending_ExponentialGrowth,0.9978623995063245,0.36741599520429236,0.42670912301326114,None,24,,,500,,,0.0,0.0,0.8856395907720555,,,
R1,Composite,0.9988361106842422,0.9984986251193706,0.8303297535703884,24,24,24.0,48.0,500,0.14661585081822662,-4.273045914166094e-05,22.36065865882921,3.2806754930972937,0.8639878470083994,,,
R2,Seasonal,0.9568232548879922,0.9964478228445196,0.9666824953392974,24,24,24.0,48.0,500,0.0,0.0,19.153383755554756,11.937528987438606,1.3032434719603256,,,
R3,Stationary_AR,0.4379063483580622,0.6197038221857163,0.7338302927485607,None,21,,,500,0.0,0.0,0.0,0.0,5.0,0.6808702726982658,,
R4,Trending_ExponentialGrowth,0.9951240382203989,0.32838635123898696,0.10753104960784221,None,24,,,500,,,0.0,0.0,0.8365004596292038,,,
R1,Composite,0.9996191626696412,0.9980051989404851,0.8947076558402376,24,24,24.0,48.0,500,-0.21101234094351906,-4.9134106343374225e-05,20.69299828502998,4.996216123108276,1.0145655809031178,,,
R2,Seasonal,0.9227728604431298,0.9865808532625249,0.9433448582199557,24,24,24.0,48.0,500,0.0,0.0,12.040864691499953,10.960287370448768,1.8142544643624177,,,
R3,Stationary_WN,0.24327595407250757,0.27284715699026385,0.27520083766469117,None,5,,,500,0.0,0.0,0.0,0.0,12.646154869258835,,,
R4,Trending_MeanShift,0.9998017160042076,0.9992229884648152,0.0,None,250,,,500,,,0.0,0.0,1.1155052001738124,,250.0,
R1,Composite,0.9981903124616576,0.9685925496517027,0.6978328771150686,24,24,24.0,48.0,500,-0.16294313616338596,-2.0399860606708482e-05,8.166663459553789,3.7601663051009515,1.4530544494402344,,,
R2,Seasonal,0.9334207449665988,0.997487987345558,0.9502045746316168,24,24,24.0,48.0,500,0.0,0.0,18.165053291068283,7.422724853859215,1.03122188299714,,,
R3,Stationary_AR,0.28278326805738263,0.4698217448594283,0.5142039573525089,None,13,,,500,0.0,0.0,0.0,0.0,5.0,0.4700649016669693,,
R4,Trending_RandomWalkDrift,0.9993249606379996,0.4660955631754239,0.8185735629914686,None,24,,,500,,,0.0,0.0,0.5770282120462965,,,-0.40302892713138305
R1,Composite,0.9987890567791197,0.9939931163253516,0.8512632451772297,48,50,48.0,96.0,500,0.1720448608512597,-3.7946277748961585e-05,14.79703150132441,3.065672624703046,1.0738802356931503,,,
R2,Seasonal,0.05345764427271216,0.9975365526617894,0.8282551091152984,48,100,48.0,96.0,500,0.0,0.0,10.691589979337815,11.756050523582754,0.8326140042661756,,,
R3,Stationary_AR,0.2733097178824513,0.35333578806916177,0.5303064210210666,None,12,,,500,0.0,0.0,0.0,0.0,5.0,0.5401683780836456,,
R4,Trending_ExponentialGrowth,0.9902326288893832,0.34514002311484737,0.3884306332010117,None,24,,,500,,,0.0,0.0,0.7309418201209346,,,
R1,Composite,0.999593765815396,0.9995094691043024,0.9803330619285446,12,12,12.0,24.0,500,0.10673660145653491,3.356073918511837e-05,22.919120727526675,7.196739451703228,0.5006711876429045,,,
R2,Seasonal,0.8700997962818975,0.9978754751250833,0.8718645596535473,12,12,12.0,24.0,500,0.0,0.0,24.41347101603044,5.880876440889973,1.1660094473670264,,,
R3,Stationary_AR,0.3425720672807788,0.38943031139860174,0.5258802557337627,None,24,,,500,0.0,0.0,0.0,0.0,5.0,0.5310090350152846,,
R4,Trending_MeanShift,0.9999760036904798,0.9999032783281651,0.0,None,250,,,500,,,0.0,0.0,0.8728007154275995,,250.0,
R1,Composite,0.9997247155193578,0.9978320237023575,0.947951289991946,12,12,12.0,24.0,500,-0.2526835474079188,4.021250802913578e-05,17.005446669831677,6.761808495767813,0.8542496871119465,,,
R2,Seasonal,0.8224540266335971,0.9972385487443759,0.840737530379496,12,12,12.0,24.0,500,0.0,0.0,28.193073928767916,6.417851405149764,1.5980233064522213,,,
R3,Stationary_WN,0.10873163338507308,0.31236137784940443,0.2682537442277756,None,10,,,500,0.0,0.0,0.0,0.0,8.026190883338451,,,
R4,Trending_ExponentialGrowth,0.9988552811968516,0.3771211430296604,0.3013899147845087,None,24,,,500,,,0.0,0.0,0.6806474554933459,,,
R1,Composite,0.9998745427763598,0.9985455443606127,0.801948038083913,36,36,36.0,72.0,500,0.3954790007840888,3.980508924837185e-05,24.90545118215125,3.389169862894162,0.987746454504388,,,
R2,Seasonal,0.9585464625182053,0.9979111063218825,0.9659409781405013,36,36,36.0,72.0,500,0.0,0.0,22.692782926869015,10.7332284583505,1.2076268036407267,,,
R3,Stationary_WN,0.41609803321150307,0.2178153799831738,0.1962320690620124,None,3,,,500,0.0,0.0,0.0,0.0,8.913590819742069,,,
R4,Trending_ExponentialGrowth,0.9978211210664245,0.4212413842976245,0.3254601205791925,None,24,,,500,,,0.0,0.0,1.353936810089524,,,
R1,Composite,0.9995647173408082,0.9958646028596779,0.834106924968229,36,36,36.0,72.0,500,-0.2581720953926292,-2.788942063253979e-05,17.888371033814757,4.669024658355594,1.1931849924118414,,,
R2,Seasonal,0.9692854141316615,0.9977522305789127,0.9751096947254747,36,36,36.0,72.0,500,0.0,0.0,16.169162876975033,9.184752539980433,0.9064364127263538,,,
R3,Stationary_AR,0.4176002919811843,0.5685043854628974,0.6870012067601227,None,24,,,500,0.0,0.0,0.0,0.0,5.0,0.5685268500031663,,
R4,Trending_MeanShift,0.9992090410243811,0.9969719684919328,0.0,None,250,,,500,,,0.0,0.0,0.7842065496293328,,250.0,
R1,Composite,0.9996835549996708,0.9945201688358568,0.9756345881477065,36,36,36.0,72.0,500,0.1868062272001201,-2.5519598359780382e-05,8.40963351386472,7.569323095697894,0.73154116117932,,,
R2,Seasonal,0.9817892247739041,0.9996553875172772,0.985053970155438,36,36,36.0,72.0,500,0.0,0.0,29.497050126885394,8.528852340015932,0.5289673866324298,,,
R3,Stationary_WN,0.13738290862140756,0.42170362559425334,0.3423950252497372,None,15,,,500,0.0,0.0,0.0,0.0,8.095382837469499,,,
R4,Trending_RandomWalkDrift,0.9947396208266951,0.487352111050379,0.778735120155633,None,24,,,500,,,0.0,0.0,1.4141833523753853,,,-0.24835020951931297
R1,Composite,0.9994873685951631,0.9962356367269961,0.9496007332699289,24,24,24.0,48.0,500,-0.135350050827047,-1.7851647338224168e-05,10.618965335141022,5.365078702558295,0.6908871349131612,,,
R2,Seasonal,0.9261619405958771,0.9991576082769476,0.9468578816318248,24,24,24.0,48.0,500,0.0,0.0,25.298191725946914,5.763336181524755,0.8289277967209439,,,
R3,Stationary_WN,0.08156479716288978,0.29879574186371705,0.2851141981528764,None,33,,,500,0.0,0.0,0.0,0.0,5.568398698758531,,,
R4,Trending_RandomWalkDrift,0.7344695163283284,0.3921485434313289,0.0,None,167,,,500,,,0.0,0.0,1.0245965490434141,,,-0.336293081990801
R1,Composite,0.9995399665453049,0.9836365311977388,0.9071699542752147,48,50,48.0,96.0,500,-0.31797229414422906,4.0433179565779276e-05,10.186325767359143,6.884884264001928,1.2837789627455072,,,
R2,Seasonal,0.6037879331958325,0.9820636407947526,0.7589422254509451,48,50,48.0,96.0,500,0.0,0.0,13.478277241442335,4.563970386958132,1.8378314110782938,,,
R3,Stationary_AR,0.4249671738483163,0.5243221597612258,0.5429243707363764,None,13,,,500,0.0,0.0,0.0,0.0,5.0,0.562170251470356,,
R4,Trending_RandomWalkDrift,0.9996443249166497,0.6155781410390819,0.8685471833940973,None,24,,,500,,,0.0,0.0,1.4186130211418058,,,-0.4050343176520057
R1,Composite,0.9999130801776992,0.9990884689816042,0.9772317948014138,48,50,48.0,96.0,500,0.33903687464694876,2.5483114637773388e-05,23.174558640520765,7.276318185341948,0.672700659497159,,,
R2,Seasonal,0.9739548300472294,0.998252638570231,0.9791102815592649,48,50,48.0,96.0,500,0.0,0.0,16.942256693505037,8.207515809505768,0.7904688444169612,,,
R3,Stationary_WN,0.23478887469247367,0.29650543410353947,0.342524215316393,None,6,,,500,0.0,0.0,0.0,0.0,14.754334341290313,,,
R4,Trending_MeanShift,0.9999521766403108,0.9998084733453547,0.2916378913400771,None,250,,,500,,,0.0,0.0,1.1642937565183704,,250.0,
R1,Composite,0.999752806055016,0.9987564105735394,0.954741502249983,36,36,36.0,72.0,500,-0.23669006448057034,-4.648703013559591e-05,23.784803930667497,7.330840302413081,0.8741505301113772,,,
R2,Seasonal,0.8853364421902183,0.9931891513027649,0.9095880597503312,36,36,36.0,72.0,500,0.0,0.0,17.501726306702484,8.601458142991007,1.7094178563531217,,,
R3,Stationary_WN,0.4341003914912084,0.1846206236382706,0.22470274064343354,None,2,,,500,0.0,0.0,0.0,0.0,10.026519492985377,,,
R4,Trending_MeanShift,0.9976029238318321,0.9893973046653605,0.0,None,250,,,500,,,0.0,0.0,0.8764805368073899,,250.0,
R1,Composite,0.9994596175183843,0.9963595606731995,0.8633448252691839,12,12,12.0,24.0,500,0.13757546137638557,-1.6916293791375192e-05,10.151843759493847,3.016691054912968,0.626002828593575,,,
R2,Seasonal,0.8410505208231815,0.9957004453020182,0.852210462860722,12,12,12.0,24.0,500,0.0,0.0,29.18446039610829,8.622099042163523,1.9798865588203327,,,
R3,Stationary_AR,0.08510383129801258,0.7020361874873082,0.6433198540550226,None,100,,,500,0.0,0.0,0.0,0.0,5.0,0.48225943625201173,,
R4,Trending_MeanShift,0.9999828820780549,0.999931404916592,0.07543376844264515,None,250,,,500,,,0.0,0.0,0.5976970287539989,,250.0,
R1,Composite,0.997739543452176,0.9938525706732921,0.6845500817249429,36,36,36.0,72.0,500,-0.12646461063451192,-1.831067830245132e-05,16.69868521108871,2.883081817340945,1.390909797013713,,,
R2,Seasonal,0.9421822672382276,0.9979812104949374,0.9526418279314832,36,36,36.0,72.0,500,0.0,0.0,26.276602937980396,10.17782659297798,1.316209373659635,,,
R3,Stationary_AR,0.3989950593543755,0.5494809516893489,0.6255163492789302,None,19,,,500,0.0,0.0,0.0,0.0,5.0,0.6117987498581761,,
R4,Trending_RandomWalkDrift,0.999835675203875,0.745988866803627,0.8768469821087425,None,24,,,500,,,0.0,0.0,1.442723916974821,,,0.3885921150371592
R1,Composite,0.9997698495999645,0.9952174596744813,0.8925380492135936,24,24,24.0,48.0,500,0.38330233205189546,2.19795441679219e-05,17.37339644915879,6.19249315039111,1.2785015951748608,,,
R2,Seasonal,0.9219795592154818,0.9940330342488353,0.9412735113002972,24,24,24.0,48.0,500,0.0,0.0,19.69816242371928,11.31489710035114,1.701086337842524,,,
R3,Stationary_WN,0.36152110946994875,0.3066987018854348,0.21886493302576637,None,5,,,500,0.0,0.0,0.0,0.0,9.757057464943776,,,
R4,Trending_RandomWalkDrift,0.991915336082646,0.46133663693183136,0.0,None,250,,,500,,,0.0,0.0,1.1142369964734908,,,-0.4703049546958943
R1,Composite,0.9995655471097303,0.9963282214082289,0.9197355566638439,12,12,12.0,24.0,500,0.19334177742863962,1.2944379470055056e-05,13.980322223612365,5.736613581183175,0.9655360564897679,,,
R2,Seasonal,0.09569987995042928,0.9963518610022084,0.34099809616060384,12,24,12.0,24.0,500,0.0,0.0,12.474969023525642,11.355346410495834,1.041955512887389,,,
R3,Stationary_AR,0.26137818851862427,0.3911021450850628,0.4826596577272132,None,10,,,500,0.0,0.0,0.0,0.0,5.0,0.4994450205872486,,
R4,Trending_RandomWalkDrift,0.9868659328005999,0.9242845126253436,0.7084300749848815,None,250,,,500,,,0.0,0.0,0.7759796264588044,,,-0.10756639801210142
R1,Composite,0.9998476655818721,0.9985565493124611,0.9345544878710017,12,12,12.0,24.0,500,0.22390371481035673,2.9056328829964337e-05,15.74432650930942,4.507873746835565,0.6296705385072716,,,
R2,Seasonal,0.9059462502720743,0.9854948933953313,0.908894516287434,12,12,12.0,24.0,500,0.0,0.0,13.403071550446239,9.82453111909945,1.7908512809285548,,,
R3,Stationary_WN,0.5283269020881705,0.10795230226218244,0.2210585566350627,None,2,,,500,0.0,0.0,0.0,0.0,10.775818618565005,,,
R4,Trending_ExponentialGrowth,0.9841250948915288,0.44040073435122096,0.3170892679020295,None,24,,,500,,,0.0,0.0,1.2086311675878787,,,
R1,Composite,0.9994613713426407,0.995727719189947,0.9095946113746,12,12,12.0,24.0,500,-0.2709453863905302,3.3428303524034085e-05,18.457288929719443,7.442896427112608,1.2471466210842252,,,
R2,Seasonal,0.9254728559977543,0.9924930807231991,0.9252171012311854,12,12,12.0,24.0,500,0.0,0.0,18.348288856536943,11.207907653507402,1.7398442046514326,,,
R3,Stationary_WN,0.3546637723133761,0.3167103086618167,0.2062962164336697,None,5,,,500,0.0,0.0,0.0,0.0,7.887150646227646,,,
R4,Trending_MeanShift,0.9999852989458118,0.999940918915896,0.0,None,250,,,500,,,0.0,0.0,0.6028059349541177,,250.0,
R1,Composite,0.9972028006079038,0.9964664300807793,0.8795988193023192,48,50,48.0,96.0,500,-0.14352418339278789,2.9000124639630878e-05,23.92331937516491,5.574565471646588,1.28352165770574,,,
R2,Seasonal,0.8748517624402158,0.9982925104775378,0.929386023454858,48,50,48.0,96.0,500,0.0,0.0,21.9349997759454,4.879044064504746,0.9252628988311623,,,
R3,Stationary_AR,0.2819656075912681,0.4328061348951544,0.5123668399638911,None,15,,,500,0.0,0.0,0.0,0.0,5.0,0.48400369097246554,,
R4,Trending_ExponentialGrowth,0.9991376487730906,0.43466512332833895,0.367232854071988,None,24,,,500,,,0.0,0.0,1.1020411778501642,,,
R1,Composite,0.9993153307099816,0.9830746321128873,0.7975087150685444,36,36,36.0,72.0,500,-0.2871536964368971,-1.2090295713519882e-05,11.930353717955064,5.0605229150752,1.4226967715690448,,,
R2,Seasonal,0.945007658330408,0.9972079928676029,0.9562908807415811,36,36,36.0,72.0,500,0.0,0.0,16.463449789336174,7.83300473831929,0.8899766475665817,,,
R3,Stationary_AR,0.3658297830904208,0.5882641628487,0.6860975668480473,None,25,,,500,0.0,0.0,0.0,0.0,5.0,0.6480744027702752,,
R4,Trending_RandomWalkDrift,0.999798501562134,0.7242379274859025,0.8643640553804858,None,24,,,500,,,0.0,0.0,0.6237063536526154,,,0.46003246294916833
R1,Composite,0.9997452255182417,0.9970358276020613,0.8773133667999818,48,50,48.0,96.0,500,0.33018546676538674,3.700995816109963e-05,21.68985749674829,4.398866884766021,1.1449045177429424,,,
R2,Seasonal,0.9728910640197512,0.9968163809431636,0.9782933380262174,48,50,48.0,96.0,500,0.0,0.0,16.775672849010128,11.009246560193134,0.9840944648162033,,,
R3,Stationary_AR,0.21074243772307688,0.5478225802704864,0.6304401713286517,None,31,,,500,0.0,0.0,0.0,0.0,5.0,0.5761181357165615,,
R4,Trending_MeanShift,0.9999116159520701,0.9996425610364,0.0,None,250,,,500,,,0.0,0.0,1.0341271407602544,,250.0,
R1,Composite,0.9997564881323293,0.9942533963889717,0.896370690459942,48,50,48.0,96.0,500,-0.3570245788610299,-1.9435060525397566e-05,15.824685343982651,4.746512029224196,1.1464577507077793,,,
R2,Seasonal,0.9327447868024655,0.9976949238300479,0.9519811827060649,48,50,48.0,96.0,500,0.0,0.0,26.33304897593534,8.942214611125593,1.3135335458253237,,,
R3,Stationary_AR,0.021736472757888925,0.7489425998931857,0.0,None,250,,,500,0.0,0.0,0.0,0.0,5.0,0.45266275054932736,,
R4,Trending_MeanShift,0.9563117610462484,0.6776234308159513,0.0,None,250,,,500,,,0.0,0.0,1.4244499022324026,,250.0,
R1,Composite,0.9997753912382293,0.9956126999926312,0.849916775620395,48,50,48.0,96.0,500,0.34492659668485737,4.3572598182248136e-05,17.600446433525192,3.9853249582616197,1.1466476340140248,,,
R2,Seasonal,0.9728864737049105,0.9992975425003634,0.980946721775096,48,50,48.0,96.0,500,0.0,0.0,26.34246944683183,8.173117291993169,0.7755286067296627,,,
R3,Stationary_WN,0.23128297214373883,0.2484446403349072,0.1807382602040799,None,5,,,500,0.0,0.0,0.0,0.0,13.02862456862398,,,
R4,Trending_ExponentialGrowth,0.990543739034045,0.36880105573849786,0.3160263523775656,None,24,,,500,,,0.0,0.0,1.182687993252857,,,
R1,Composite,0.9990716997696066,0.9892522089753868,0.7798381724143887,12,12,12.0,24.0,500,-0.19257072258026714,-1.0007710192566842e-05,11.738590539325717,4.222721277787658,1.2645019468666692,,,
R2,Seasonal,0.8220966243438635,0.973941814874011,0.8359420036373348,12,12,12.0,24.0,500,0.0,0.0,11.533480622563467,8.149145623720845,1.9539405202124387,,,
R3,Stationary_AR,0.3430877852786819,0.583038632890259,0.7110990190463198,None,26,,,500,0.0,0.0,0.0,0.0,5.0,0.6837440757840392,,
R4,Trending_MeanShift,0.9998658318398769,0.9994669948446971,0.0,None,250,,,500,,,0.0,0.0,0.7702310713944618,,250.0,
R1,Composite,0.9990202162174215,0.9983599523994013,0.9300073843533384,12,12,12.0,24.0,500,-0.15312973519176604,1.2753082812181625e-05,23.408608822459207,6.707819809215373,1.0524372281366268,,,
R2,Seasonal,0.7648178895363003,0.9972247362061534,0.7873258034186777,12,12,12.0,24.0,500,0.0,0.0,23.68585047524303,4.488742805382552,1.3360602039403373,,,
R3,Stationary_WN,0.33507933223068376,0.11716238718459193,0.30481661772859414,None,3,,,500,0.0,0.0,0.0,0.0,12.423168709512513,,,
R4,Trending_RandomWalkDrift,0.9995327410071885,0.7270308743933538,0.9282407731584947,None,24,,,500,,,0.0,0.0,1.3263803263290428,,,0.23848241901569192
R1,Composite,0.999748414825018,0.9881159740296295,0.8113148781416507,12,12,12.0,24.0,500,0.3231715204416611,1.2399645547887453e-05,9.463642360250264,3.981110770268438,1.1010805006111344,,,
R2,Seasonal,0.7854626502710746,0.9663601989802397,0.7957517800527893,12,12,12.0,24.0,500,0.0,0.0,11.284043759092004,8.141736684022383,1.9753730028962342,,,
R3,Stationary_WN,0.4221796385432979,0.15414404620764044,0.2649862822284532,None,3,,,500,0.0,0.0,0.0,0.0,7.932064043287475,,,
R4,Trending_RandomWalkDrift,0.9304062619038915,0.6876899157215444,0.0,None,167,,,500,,,0.0,0.0,0.5780975701207759,,,0.29704503669612503
R1,Composite,0.9971179724124644,0.987544634073835,0.8965473206178897,36,36,36.0,72.0,500,0.12721046651420204,-1.415729066441693e-05,11.560904519687044,7.169668488267872,1.4163490117863726,,,
R2,Seasonal,0.8059027539512993,0.9963885571791087,0.8588675424028251,36,36,36.0,72.0,500,0.0,0.0,29.90513259042771,7.878636735869956,1.9093101554351668,,,
R3,Stationary_WN,0.4915761791718377,0.13585312679750106,0.2193912751653052,None,2,,,500,0.0,0.0,0.0,0.0,11.942588457917731,,,
R4,Trending_RandomWalkDrift,0.9983423397866503,0.9763594274064156,0.9680628198362592,None,125,,,500,,,0.0,0.0,1.0349705273719496,,,-0.2655055933935231
R1,Composite,0.9982890056621574,0.9820617234458975,0.8868873878787089,12,12,12.0,24.0,500,-0.14599852541592828,-2.728882027600672e-05,10.043322490952523,7.486117439712679,1.42741315364135,,,
R2,Seasonal,0.0835920254806326,0.9880677279235106,0.3245708543049075,12,24,12.0,24.0,500,0.0,0.0,10.973362512482828,9.595079993240667,1.3963519891430674,,,
R3,Stationary_WN,0.5004499514984063,0.14283027819604377,0.2705507058493134,None,2,,,500,0.0,0.0,0.0,0.0,10.864004926099884,,,
R4,Trending_RandomWalkDrift,0.9995395275725971,0.5874355312129478,0.8377948897761807,None,24,,,500,,,0.0,0.0,1.4584125193523412,,,0.2589873550684775
R1,Composite,0.9995481873839086,0.9984905600804923,0.8318689279948976,36,36,36.0,72.0,500,-0.2193152435037704,2.2033087295264425e-05,23.400099090159387,3.324343309377457,0.9420855643460505,,,
R2,Seasonal,0.9340421849581031,0.9978029755761909,0.9487353180196578,36,36,36.0,72.0,500,0.0,0.0,26.65168800747844,9.868588315734899,1.276879457770247,,,
R3,Stationary_AR,0.0,0.5390111923365364,0.0,None,250,,,500,0.0,0.0,0.0,0.0,5.0,0.663834612458533,,
R4,Trending_RandomWalkDrift,0.0009952279313008017,0.9338315210120878,0.338201206722313,None,250,,,500,,,0.0,0.0,1.1485044840955774,,,0.11402973745956771
R1,Composite,0.998435996669427,0.9929369410545495,0.8702714533597713,12,12,12.0,24.0,500,-0.16104277763856562,2.7089827821655115e-05,14.323655940631145,6.220179248316709,1.1731499532490368,,,
R2,Seasonal,0.7783150917731309,0.9963525552146965,0.7918740594679241,12,12,12.0,24.0,500,0.0,0.0,25.36337648428789,5.496079263333642,1.5810744439294817,,,
R3,Stationary_AR,0.15693399165824318,0.4300268229335632,0.49383628805541435,None,28,,,500,0.0,0.0,0.0,0.0,5.0,0.4697341621622072,,
R4,Trending_ExponentialGrowth,0.9974666455326388,0.40131266947499544,0.356510698485175,None,24,,,500,,,0.0,0.0,0.7258117706787137,,,
R1,Composite,0.9995530474027088,0.9910876511809102,0.7834095278886628,12,12,12.0,24.0,500,-0.2210434291601227,-1.1085218995244298e-05,10.300678673329239,3.3280694452979303,0.9819830480205907,,,
R2,Seasonal,0.7929112358568664,0.9957762349485657,0.8113587513807683,12,12,12.0,24.0,500,0.0,0.0,21.657413031564452,5.490530456045987,1.4807196381688181,,,
R3,Stationary_AR,0.27759277164975293,0.2916634650814852,0.4330245411985536,None,8,,,500,0.0,0.0,0.0,0.0,5.0,0.4247742744887381,,
R4,Trending_MeanShift,0.9999584115369377,0.9998334305145519,0.280724874315639,None,250,,,500,,,0.0,0.0,1.2758261413580247,,250.0,
R1,Composite,0.9999034067099658,0.9968785095360678,0.8792410267319785,12,12,12.0,24.0,500,0.33266469691555295,-2.1364777149564734e-05,11.469861243547511,3.266763301880796,0.6659636071440722,,,
R2,Seasonal,0.8576584365191796,0.99221128576855,0.8524431131301806,12,12,12.0,24.0,500,0.0,0.0,21.96863575475318,8.68991598880771,1.9963107068749966,,,
R3,Stationary_WN,0.3796621971596472,0.25299116582113634,0.2899583173938216,None,4,,,500,0.0,0.0,0.0,0.0,6.582184646414144,,,
R4,Trending_RandomWalkDrift,0.9986197608168095,0.6856776694294668,0.8672704896639316,None,24,,,500,,,0.0,0.0,1.0533395768040579,,,-0.3431300666672126
R1,Composite,0.9995797377082194,0.9967491206777654,0.9120476612651025,24,24,24.0,48.0,500,0.3080829571647665,-1.875776212568297e-05,21.661392317859505,7.03836126932452,1.4169826709085003,,,
R2,Seasonal,0.8437977917383529,0.9980620437687481,0.8900425071778979,24,24,24.0,48.0,500,0.0,0.0,27.20099976143442,6.104236093402465,1.263633930849439,,,
R3,Stationary_AR,0.1730759260545418,0.39869761471670684,0.4528595426970825,None,25,,,500,0.0,0.0,0.0,0.0,5.0,0.4634205517851406,,
R4,Trending_ExponentialGrowth,0.9991871883501899,0.3832742187650776,0.41083635830261134,None,24,,,500,,,0.0,0.0,1.133184993617381,,,
R1,Composite,0.9990894608749639,0.9989680850122729,0.9373654358240887,36,36,36.0,72.0,500,-0.1259568400226637,3.997514431502171e-05,20.660560729826727,4.730921220614306,0.7426050270144502,,,
R2,Seasonal,0.9440878915417573,0.9908312534947423,0.9551043993965683,36,36,36.0,72.0,500,0.0,0.0,11.825246734274192,9.941769565289231,1.1402322302763406,,,
R3,Stationary_AR,0.2239799490537503,0.5511975167275441,0.6754599569182403,None,20,,,500,0.0,0.0,0.0,0.0,5.0,0.6254410426826523,,
R4,Trending_MeanShift,0.9999771751432063,0.9999083242617637,0.09286465504171426,None,250,,,500,,,0.0,0.0,0.561288037485397,,250.0,
R1,Composite,0.9982979565590646,0.9985922491308896,0.9144990889168039,48,50,48.0,96.0,500,0.11770660483037662,-4.4423097616121124e-05,22.718174121224948,3.4504890053565878,0.7650803854237742,,,
R2,Seasonal,0.607784918514249,0.9972539311316204,0.8461487727086244,48,50,48.0,96.0,500,0.0,0.0,27.802252116915742,4.0772557493415995,1.2854571654081923,,,
R3,Stationary_AR,0.5041833620193046,0.38084197340296055,0.41630122967831074,None,5,,,500,0.0,0.0,0.0,0.0,5.0,0.47411676597617664,,
R4,Trending_ExponentialGrowth,0.984353256642168,0.40067468513672844,0.3122565178077775,None,24,,,500,,,0.0,0.0,1.074093964602408,,,
R1,Composite,0.9996523423924215,0.9987109371248802,0.8696756297759585,12,12,12.0,24.0,500,0.21248776283868356,-4.442453438895755e-05,19.994002200535697,3.5938353213056766,0.7654836061384183,,,
R2,Seasonal,0.7782230322194525,0.9734693888018721,0.8076556385388696,12,12,12.0,24.0,500,0.0,0.0,10.922700408912204,6.921286325502113,1.9382325418655044,,,
R3,Stationary_AR,0.18070750765239119,0.445822089960501,0.6057204747625367,None,28,,,500,0.0,0.0,0.0,0.0,5.0,0.4600222502943744,,
R4,Trending_MeanShift,0.9998880932290457,0.9995555131268172,0.12104720795126644,None,250,,,500,,,0.0,0.0,1.3672614615053287,,250.0,
R1,Composite,0.9954832760889931,0.9949903804309144,0.7009136084621954,12,12,12.0,24.0,500,-0.11832046548212294,2.979054751806267e-05,20.41502668571853,3.815852337745568,1.42602749824443,,,
R2,Seasonal,0.9156628387235223,0.9994897158346604,0.9145874370662179,12,12,12.0,24.0,500,0.0,0.0,28.122033154552916,4.035781059571089,0.6898242337600837,,,
R3,Stationary_AR,0.25755371083394507,0.46716085937981466,0.537698639247458,None,19,,,500,0.0,0.0,0.0,0.0,5.0,0.4295487905081309,,
R4,Trending_ExponentialGrowth,0.9997457782422334,0.42318795244856855,0.4163893739381903,None,24,,,500,,,0.0,0.0,0.5836774957900506,,,
R1,Composite,0.9990935096024153,0.9956252758779693,0.8196099899842053,12,12,12.0,24.0,500,-0.14381626999624586,1.8514380599227847e-05,12.53964750940132,3.1961203199349035,0.9027325268586507,,,
R2,Seasonal,0.9886873538126523,0.9988555118436268,0.9875982822909481,12,12,12.0,24.0,500,0.0,0.0,17.994356475056808,10.965115501923332,0.6303697079387859,,,
R3,Stationary_AR,0.45558726359156076,0.5217140538121733,0.6311202547858416,None,24,,,500,0.0,0.0,0.0,0.0,5.0,0.5702332808008153,,
R4,Trending_ExponentialGrowth,0.9978373796796569,0.340913073832391,0.3057467756534653,None,24,,,500,,,0.0,0.0,1.227176260770801,,,
R1,Composite,0.9996189015577871,0.9930174285141948,0.8531895468207917,36,36,36.0,72.0,500,-0.17368568466910517,-4.911498863678391e-05,9.44350078915825,3.2289157227480447,0.8383015640784727,,,
R2,Seasonal,0.9674884921204366,0.9969689725960554,0.9732503693563486,36,36,36.0,72.0,500,0.0,0.0,14.41065858459909,9.106978724049032,0.8089235745474195,,,
R3,Stationary_WN,0.2645066002214208,0.32070865726389264,0.3055923555941784,None,4,,,500,0.0,0.0,0.0,0.0,12.281162657323645,,,
R4,Trending_MeanShift,0.999978790930739,0.9999152090827337,0.1451961368355924,None,250,,,500,,,0.0,0.0,0.929301653674419,,250.0,
R1,Composite,0.9993702133033079,0.9988993409487006,0.9541690248565947,24,24,24.0,48.0,500,-0.1360654387196033,-2.2331512831083467e-05,22.38101655675502,6.343780420910894,0.7906591795139692,,,
R2,Seasonal,0.9220423487968603,0.9991103279945744,0.9413093949332694,24,24,24.0,48.0,500,0.0,0.0,27.783026222630426,6.162445676472027,0.8746738998201435,,,
R3,Stationary_WN,0.4579544483632306,0.09440863502101215,0.16657075613204553,None,2,,,500,0.0,0.0,0.0,0.0,6.35269290594275,,,
R4,Trending_ExponentialGrowth,0.9991232594004505,0.41284403925250246,0.367006970912816,None,24,,,500,,,0.0,0.0,1.469750150108858,,,
R1,Composite,0.9998037475933388,0.9983887364560656,0.929534008429418,24,24,24.0,48.0,500,0.2452579951058909,2.506123414074171e-05,18.235488567548735,4.838759631571186,0.8497655361987214,,,
R2,Seasonal,0.9835611775513738,0.9969568489885379,0.986874397865129,24,24,24.0,48.0,500,0.0,0.0,12.00370398410646,11.232107112800428,0.644075237134492,,,
R3,Stationary_WN,0.48685887735462274,0.2156790528560656,0.28586381697169216,None,2,,,500,0.0,0.0,0.0,0.0,6.964679434239638,,,
R4,Trending_RandomWalkDrift,0.9993429972573383,0.31424943301746067,0.7776360792526278,None,24,,,500,,,0.0,0.0,0.9873733388494781,,,0.27714918571138636
R1,Composite,0.9996986574250049,0.9963335982192857,0.8603502423985223,48,50,48.0,96.0,500,-0.3650765467350703,3.246547435775968e-05,20.951300652037364,4.503051718786533,1.309898699999493,,,
R2,Seasonal,0.8159540172571248,0.9973658153845867,0.910929881571241,48,50,48.0,96.0,500,0.0,0.0,20.851426994103356,4.731596273916805,1.004832470984359,,,
R3,Stationary_AR,0.30735703683670823,0.3391603007869102,0.4006386186673506,None,16,,,500,0.0,0.0,0.0,0.0,5.0,0.43559374707423754,,
R4,Trending_MeanShift,0.999974354394549,0.9998972679805378,0.0,None,250,,,500,,,0.0,0.0,0.8019030665432922,,250.0,
R1,Composite,0.9994838707574214,0.9867397720531622,0.7745544574431499,12,12,12.0,24.0,500,-0.309125193592552,4.505001375185099e-05,11.397372191765932,4.4826332329401595,1.3670611481954364,,,
R2,Seasonal,0.7032938101039937,0.9947395066448467,0.764430806646291,12,12,12.0,24.0,500,0.0,0.0,20.510364601460278,4.835903600202246,1.4301728699350833,,,
R3,Stationary_AR,0.3362742198386446,0.5641379675042444,0.59510533198577,None,15,,,500,0.0,0.0,0.0,0.0,5.0,0.5716209491207489,,
R4,Trending_ExponentialGrowth,0.9863213579979031,0.4281129892024441,0.41039794222627357,None,24,,,500,,,0.0,0.0,1.0956617578158614,,,
R1,Composite,0.9992938819359284,0.9859766825544218,0.8888178179636578,48,50,48.0,96.0,500,-0.2743590144636515,1.9508685779205392e-05,12.153826139750613,6.492002500843099,1.3773660085118085,,,
R2,Seasonal,0.9090675160436981,0.9958661110697283,0.9380796630991391,48,50,48.0,96.0,500,0.0,0.0,19.440195339090213,7.979480058889406,1.2268529169126565,,,
R3,Stationary_WN,0.4537143875806987,0.08609269207621928,0.29161543727033334,None,2,,,500,0.0,0.0,0.0,0.0,13.882824708493205,,,
R4,Trending_ExponentialGrowth,0.9992289047230137,0.35223952991318874,0.29488202191073964,None,24,,,500,,,0.0,0.0,1.1332428921228708,,,
R1,Composite,0.9997560716680821,0.9969505280032301,0.7370116452549484,36,36,36.0,72.0,500,0.2944040166972319,3.4533784404302704e-05,17.995629162943523,2.7683990736933435,0.9663244221558807,,,
R2,Seasonal,0.8569084567835942,0.998511369910144,0.8920060249829249,36,36,36.0,72.0,500,0.0,0.0,27.16208341379318,5.41626885296876,1.2106235401737435,,,
R3,Stationary_AR,0.4244962085879096,0.6193191556687956,0.738351340580868,None,38,,,500,0.0,0.0,0.0,0.0,5.0,0.6963005979276946,,
R4,Trending_MeanShift,0.9997107276561061,0.9988653937941595,0.0,None,250,,,500,,,0.0,0.0,0.8006429710277688,,250.0,
R1,Composite,0.9987361587056254,0.9965917717418191,0.9315149073765209,24,24,24.0,48.0,500,-0.1612009076105837,3.540301714811364e-05,17.521342827741755,7.041011436521092,0.974109100120803,,,
R2,Seasonal,0.9824841929334197,0.9984582333256719,0.9865122401245168,24,24,24.0,48.0,500,0.0,0.0,14.085245768838632,9.012491312907109,0.5450470280862785,,,
R3,Stationary_AR,0.3566721005979907,0.40919375529965907,0.5567140984437422,None,10,,,500,0.0,0.0,0.0,0.0,5.0,0.606831346524397,,
R4,Trending_MeanShift,0.9998979896192308,0.9996002623035787,0.0,None,250,,,500,,,0.0,0.0,0.6978365227308085,,250.0,
R1,Composite,0.9990066497342744,0.9984892144273718,0.9345631659228436,48,50,48.0,96.0,500,0.15947891060840855,-3.61959389402971e-05,24.844160277556853,5.25033781875076,0.8905550071953507,,,
R2,Seasonal,0.9628662502554421,0.9992357172609511,0.9753569729881708,48,50,48.0,96.0,500,0.0,0.0,20.102861180361593,5.6031676643675485,0.5878038017048433,,,
R3,Stationary_AR,0.20177082157798842,0.45996203442403794,0.6357077106378627,None,26,,,500,0.0,0.0,0.0,0.0,5.0,0.5592275476233388,,
R4,Trending_ExponentialGrowth,0.9996777852748944,0.4811174051122895,0.44717997973708,None,24,,,500,,,0.0,0.0,0.7790162961765821,,,
R1,Composite,0.9992007212992546,0.9975596155090467,0.9310559174514104,24,24,24.0,48.0,500,0.19539485283843644,-3.4742724413744845e-05,20.687236052214132,6.9652800896418645,1.1008392800683255,,,
R2,Seasonal,0.9549214349099266,0.9978010171592708,0.9653454790155794,24,24,24.0,48.0,500,0.0,0.0,23.171266992401847,10.873741800302119,1.1717620920079515,,,
R3,Stationary_WN,0.1661467580449083,0.3182121491383606,0.2945469089551168,None,10,,,500,0.0,0.0,0.0,0.0,12.641460425246134,,,
R4,Trending_ExponentialGrowth,0.9931936488543504,0.3214864799921674,0.3167725989215794,None,24,,,500,,,0.0,0.0,0.7293382069841193,,,
R1,Composite,0.9984076977911014,0.9814167335617514,0.7546855585284276,36,36,36.0,72.0,500,0.13326896120802112,2.084757580012014e-05,8.25767972084152,3.4446498200993574,1.2004894125259162,,,
R2,Seasonal,0.8112797447673725,0.9976605687362801,0.8628156257829945,36,36,36.0,72.0,500,0.0,0.0,22.83016633619989,4.852675865616663,1.234301454213307,,,
R3,Stationary_WN,0.028477814585635808,0.4822047271274529,0.36730799948037174,None,71,,,500,0.0,0.0,0.0,0.0,8.93320704308014,,,
R4,Trending_ExponentialGrowth,0.9996484296535331,0.39220174654955464,0.44174632238101585,None,24,,,500,,,0.0,0.0,0.7582811209913368,,,
R1,Composite,0.999216983518646,0.9870083105258713,0.8317621523715116,24,24,24.0,48.0,500,-0.2184526791137014,-3.407807728035891e-05,11.57025824057385,5.109599199246583,1.281888210335522,,,
R2,Seasonal,0.8730848496465724,0.9978388023707253,0.9051471093466347,24,24,24.0,48.0,500,0.0,0.0,29.47724568145434,7.6810119326954025,1.6048002583896512,,,
R3,Stationary_AR,0.36919109732216515,0.30240678985572156,0.47832229695747175,None,9,,,500,0.0,0.0,0.0,0.0,5.0,0.4166793512776451,,
R4,Trending_RandomWalkDrift,0.9982501944608567,0.543534725160479,0.8604512608851576,None,24,,,500,,,0.0,0.0,0.5112585928604728,,,-0.378619330237028
R1,Composite,0.9987246780245946,0.9985398819079709,0.8449863997688131,48,50,48.0,96.0,500,-0.10228352760944417,-4.228803664444617e-05,23.766840074731668,2.216424027804132,0.8340537114225234,,,
R2,Seasonal,0.9745315808793098,0.9991206266151931,0.9813535539611836,48,50,48.0,96.0,500,0.0,0.0,26.587685815928204,9.468578336152575,0.752226834630642,,,
R3,Stationary_WN,0.4804452708038033,0.1188650618882583,0.2223494341788188,None,2,,,500,0.0,0.0,0.0,0.0,6.2157312580544755,,,
R4,Trending_RandomWalkDrift,0.9966381766076023,0.8298546805732225,0.7297134889754409,None,250,,,500,,,0.0,0.0,1.3000628871218318,,,-0.2762066047208514
R1,Composite,0.9996408594237901,0.9968873432756109,0.8578160869447325,36,36,36.0,72.0,500,-0.30252951775442094,-4.439547044253096e-05,22.34771497891348,5.656730205177014,1.3048865534664318,,,
R2,Seasonal,0.9119974121067801,0.997319632144892,0.9293243748265569,36,36,36.0,72.0,500,0.0,0.0,22.282528862113686,7.931177502763852,1.2516957509752944,,,
R3,Stationary_AR,0.22981184126045828,0.5416983745425225,0.6678402512182571,None,24,,,500,0.0,0.0,0.0,0.0,5.0,0.661635413079158,,
R4,Trending_ExponentialGrowth,0.9998510360097067,0.4936755264859255,0.4911755147018777,None,24,,,500,,,0.0,0.0,0.6230665582222817,,,
R1,Composite,0.9995809286024968,0.9945914931876476,0.901936426434345,12,12,12.0,24.0,500,-0.30085285800803685,2.6754705233744322e-05,16.258036768991307,7.142104319332666,1.3994068591075401,,,
R2,Seasonal,0.6315047222877416,0.9961735542348492,0.6796363707813465,12,12,12.0,24.0,500,0.0,0.0,29.77016585481598,4.859214370277692,1.8718261026265974,,,
R3,Stationary_WN,0.42819900840775393,0.16612977523470895,0.30644904846330145,None,3,,,500,0.0,0.0,0.0,0.0,11.724841417733241,,,
R4,Trending_ExponentialGrowth,0.9828015086115455,0.3774348225912807,0.36216977715718435,None,24,,,500,,,0.0,0.0,1.0253451905637654,,,
R1,Composite,0.9990618159744753,0.9813412789845437,0.6899566615562419,12,12,12.0,24.0,500,-0.19803780232051443,1.9145472250206585e-05,8.47885238402301,3.2205786440538287,1.171580983360496,,,
R2,Seasonal,0.9598203534026971,0.9960854330607645,0.9566148763298133,12,12,12.0,24.0,500,0.0,0.0,15.33777990675418,9.087976582749551,1.0374589752327688,,,
R3,Stationary_WN,0.5381161459724777,0.11674368350984266,0.19143467561941152,None,2,,,500,0.0,0.0,0.0,0.0,13.392782752859981,,,
R4,Trending_RandomWalkDrift,0.9892527858622266,0.9131310955271544,0.5591432388665201,None,250,,,500,,,0.0,0.0,1.1812016996571306,,,-0.18667822399093184
R1,Composite,0.9986964675529931,0.9903880089299939,0.7328352563485034,12,12,12.0,24.0,500,-0.12489540292672545,-1.9816515380869923e-05,10.138548831069038,2.4650286584013745,1.0595711870630704,,,
R2,Seasonal,0.9666122510940588,0.9982485287949999,0.9617194572880408,12,12,12.0,24.0,500,0.0,0.0,27.937764067897874,11.824099612477593,1.1442342253026618,,,
R3,Stationary_WN,0.17214019542382764,0.35832089456044014,0.28605569999448854,None,10,,,500,0.0,0.0,0.0,0.0,8.47030507567705,,,
R4,Trending_MeanShift,0.9998753787372966,0.9995022760672475,0.006569690997351607,None,250,,,500,,,0.0,0.0,1.355858016376306,,250.0,
R1,Composite,0.9983249962227185,0.995694695270853,0.8787675745106025,24,24,24.0,48.0,500,-0.10381131547176443,-1.1892698352231382e-05,13.847233925022746,4.355516948610544,0.94696233319341,,,
R2,Seasonal,0.8672536994842512,0.9983187695564656,0.9062695387208283,24,24,24.0,48.0,500,0.0,0.0,28.820022420606122,6.6624367766214005,1.302101487505416,,,
R3,Stationary_AR,0.24087136254564523,0.4820275782132266,0.5661415282642556,None,33,,,500,0.0,0.0,0.0,0.0,5.0,0.47687534100030493,,
R4,Trending_ExponentialGrowth,0.9957289206076857,0.3881808736856013,0.29930100967696316,None,24,,,500,,,0.0,0.0,1.2944329629867808,,,
R1,Composite,0.99888247179073,0.996036870624869,0.9682861524608233,36,36,36.0,72.0,500,0.10177422047175072,-3.582508635370917e-05,9.059959279364687,5.963659368190432,0.6201568040039924,,,
R2,Seasonal,0.9184242611529381,0.9921710655742597,0.9384023264428677,36,36,36.0,72.0,500,0.0,0.0,18.55597670179336,11.884817209215097,1.7660066315265748,,,
R3,Stationary_WN,0.4054635133318122,0.1693075624930055,0.3533737980268842,None,3,,,500,0.0,0.0,0.0,0.0,10.743154073773347,,,
R4,Trending_ExponentialGrowth,0.9995129172686011,0.4129493005515048,0.3328754562704259,None,24,,,500,,,0.0,0.0,0.5889135563291589,,,
R1,Composite,0.9995123943436723,0.9979123185152625,0.8048339684839685,36,36,36.0,72.0,500,-0.18773813850549326,-3.9354019612372344e-05,20.563441982592693,3.092378258886316,1.1413785793852598,,,
R2,Seasonal,0.9058668782848868,0.9952631204115989,0.928696738608032,36,36,36.0,72.0,500,0.0,0.0,14.99286707736032,7.044923475133493,1.0819995935079443,,,
R3,Stationary_WN,0.4018917442917078,0.4577920242949758,0.40848686036491044,None,4,,,500,0.0,0.0,0.0,0.0,9.915935263064583,,,
R4,Trending_MeanShift,0.9999703192165058,0.9998819248295878,0.0,None,250,,,500,,,0.0,0.0,0.661034895868797,,250.0,
R1,Composite,0.9998738286213168,0.9986453861330333,0.9432193098838387,24,24,24.0,48.0,500,-0.2898354760021913,-1.6262867659113666e-05,18.32206339782106,5.127530049314794,0.7263183308039298,,,
R2,Seasonal,0.9733125675403382,0.9978311063107526,0.9794306289549221,24,24,24.0,48.0,500,0.0,0.0,16.642801456054347,10.129629516799088,0.8793595727530801,,,
R3,Stationary_AR,0.015272315166220407,0.621272004117032,0.5386969026444793,None,83,,,500,0.0,0.0,0.0,0.0,5.0,0.4763318980584318,,
R4,Trending_MeanShift,0.9991885243635797,0.997075646166296,0.0,None,250,,,500,,,0.0,0.0,1.2106361553858056,,250.0,
R1,Composite,0.9996073999048602,0.9953478101567508,0.7663237022198129,36,36,36.0,72.0,500,-0.25562902893054157,-3.7127495357383996e-05,16.22180880875767,3.38454615819603,1.131948795442185,,,
R2,Seasonal,0.9383442125638551,0.9994218141921309,0.9497690356829891,36,36,36.0,72.0,500,0.0,0.0,25.973393402627714,5.14566164747733,0.65598633115414,,,
R3,Stationary_AR,0.11577320952857983,0.4613136783116851,0.611944018716805,None,33,,,500,0.0,0.0,0.0,0.0,5.0,0.4521516229754494,,
R4,Trending_RandomWalkDrift,0.9995391301462146,0.6964370090928672,0.8983077653959707,None,24,,,500,,,0.0,0.0,0.5322674314760547,,,-0.3532285410275111
R1,Composite,0.9989466350011926,0.9992455149837204,0.8754707665346728,24,24,24.0,48.0,500,-0.12144592822997283,4.796033509205774e-05,23.303268316300482,3.0511407090941223,0.7120887512888167,,,
R2,Seasonal,0.9043059099125305,0.9955494842915946,0.9262377444458314,24,24,24.0,48.0,500,0.0,0.0,17.246696958997084,7.5347673994563875,1.365670919405657,,,
R3,Stationary_WN,0.5251632794697436,0.18545213498753343,0.2347300147746254,None,2,,,500,0.0,0.0,0.0,0.0,14.043362995034073,,,
R4,Trending_RandomWalkDrift,0.9473051071616847,0.6796784670108331,0.4582708671403267,None,167,,,500,,,0.0,0.0,0.5651966432679367,,,0.1677358921320939
R1,Composite,0.9994642104254922,0.9840097866200618,0.8304326886960436,24,24,24.0,48.0,500,0.24633228592456283,2.545072445685288e-05,9.362558493226102,4.632121761382715,1.3420431443231227,,,
R2,Seasonal,0.8960648461593369,0.997557661477951,0.9216311150368685,24,24,24.0,48.0,500,0.0,0.0,28.98690194670067,9.014516312355557,1.4380432300871036,,,
R3,Stationary_AR,0.4142903921928538,0.644545103990922,0.6725239648611028,None,33,,,500,0.0,0.0,0.0,0.0,5.0,0.6753471704772902,,
R4,Trending_MeanShift,0.9999353230946135,0.9997443953307227,0.0,None,250,,,500,,,0.0,0.0,0.9647521578157311,,250.0,
R1,Composite,0.9999373705203585,0.9991816785082245,0.9792195143569273,24,24,24.0,48.0,500,0.29910158163376604,1.5576602437323485e-05,17.08855840109161,6.352972128183285,0.5292810018128064,,,
R2,Seasonal,0.8894978732382309,0.9954265820565689,0.9183618727898433,24,24,24.0,48.0,500,0.0,0.0,25.789175931709423,10.767456621279706,1.903821426748795,,,
R3,Stationary_WN,0.3087593998391508,0.2957089248199335,0.21935169775427132,None,4,,,500,0.0,0.0,0.0,0.0,10.018508141554925,,,
R4,Trending_ExponentialGrowth,0.9906640776016049,0.39884435631935655,0.3721060356331555,None,24,,,500,,,0.0,0.0,1.071364775381754,,,
R1,Composite,0.9997646796958156,0.9976102651446443,0.8142609198180459,48,50,48.0,96.0,500,-0.3542305479043,-1.1589189435997139e-05,23.572825453753197,2.286216681251468,0.8450477194307795,,,
R2,Seasonal,0.9265290858837275,0.9973786714205871,0.9479487664195603,48,50,48.0,96.0,500,0.0,0.0,18.759262448547965,6.71751857114778,1.0032617927464182,,,
R3,Stationary_WN,0.17343794027328419,0.36828064858472553,0.3306979409906826,None,8,,,500,0.0,0.0,0.0,0.0,5.6333161594040675,,,
R4,Trending_ExponentialGrowth,0.9936236709637722,0.40275029200279866,0.32798276443238994,None,24,,,500,,,0.0,0.0,0.9228830271318884,,,
R1,Composite,0.9997095291276212,0.989206176276992,0.9144674112897047,36,36,36.0,72.0,500,-0.3439313607601319,-3.945295525090468e-05,12.127727135453725,7.72430669052159,1.2931053530195133,,,
R2,Seasonal,0.9723001064369943,0.9987857349927386,0.9766667118942391,36,36,36.0,72.0,500,0.0,0.0,23.441214127075334,10.169517162971093,0.8004063633521464,,,
R3,Stationary_AR,0.03936381577908876,0.6677525629926357,0.7421333150501205,None,83,,,500,0.0,0.0,0.0,0.0,5.0,0.6669008012185247,,
R4,Trending_RandomWalkDrift,0.9997157590716484,0.8186983905309813,0.88529860297262,None,24,,,500,,,0.0,0.0,0.6200621934426387,,,0.3543143278790295
R1,Composite,0.9994671323169191,0.9995360884648963,0.9691372353710038,24,24,24.0,48.0,500,0.10973206269340921,-1.847486585113426e-05,22.09205415288631,4.955895340413156,0.5072108111444893,,,
R2,Seasonal,0.8576812439223848,0.9954745689483523,0.8984795731992805,24,24,24.0,48.0,500,0.0,0.0,18.430889408007225,6.697516555644949,1.2400480392439872,,,
R3,Stationary_AR,0.20825971428519152,0.3575458319566235,0.5383555703588053,None,22,,,500,0.0,0.0,0.0,0.0,5.0,0.5422181343595303,,
R4,Trending_ExponentialGrowth,0.9986935224616779,0.4482110872626065,0.40874515403591927,None,24,,,500,,,0.0,0.0,1.2167798080142833,,,
R1,Composite,0.9989008932621793,0.9950724344177395,0.9169608740588372,48,50,48.0,96.0,500,-0.18351514888102127,-1.0945191472622021e-05,18.29647913001319,6.993080071548262,1.3470754169056967,,,
R2,Seasonal,0.9547941078431823,0.9976786391046643,0.966222109310728,48,50,48.0,96.0,500,0.0,0.0,20.3270194075767,8.75049478354293,1.0007111829074256,,,
R3,Stationary_AR,0.21910332487149242,0.5030375762429954,0.46352295370188157,None,10,,,500,0.0,0.0,0.0,0.0,5.0,0.4126945521251066,,
R4,Trending_RandomWalkDrift,0.9995232818956574,0.4624342685098771,0.9152755130380069,None,24,,,500,,,0.0,0.0,0.8215299192318377,,,-0.4421673543397623
R1,Composite,0.9998424779307031,0.9989428194384685,0.970346926011075,36,36,36.0,72.0,500,-0.2853387295693306,1.188985117563571e-05,22.14458961051819,7.951965884231408,0.7495312629857478,,,
R2,Seasonal,0.7802692904668197,0.9972938025012452,0.8497089803450005,36,36,36.0,72.0,500,0.0,0.0,27.03640265445892,5.721247794897152,1.40463289302717,,,
R3,Stationary_AR,0.27615308322523835,0.5315047286234016,0.5505979111781969,None,23,,,500,0.0,0.0,0.0,0.0,5.0,0.4611542733325485,,
R4,Trending_MeanShift,0.9933289715071659,0.9788364589924299,0.0,None,250,,,500,,,0.0,0.0,1.4367700610461724,,250.0,
R1,Composite,0.9993606436865604,0.9937992020674311,0.9069713646140837,48,50,48.0,96.0,500,0.24899380522982462,-3.2827635422524205e-05,15.767298060473683,5.967699775546464,1.4371478268842224,,,
R2,Seasonal,0.9562044093095036,0.9937637480907353,0.9643013813311416,48,50,48.0,96.0,500,0.0,0.0,11.73074949003676,8.380371515945402,0.9850217422876978,,,
R3,Stationary_WN,0.12736228689481455,0.3876025199167876,0.31998665688316286,None,9,,,500,0.0,0.0,0.0,0.0,13.822690054275991,,,
R4,Trending_MeanShift,0.9999734267169376,0.9998941065349146,0.0,None,250,,,500,,,0.0,0.0,0.8387138540655743,,250.0,
R1,Composite,0.9996241401792343,0.9945195483376118,0.8481459580994628,48,50,48.0,96.0,500,0.3737421219270163,-4.773457097179151e-05,19.466983596239707,4.830384780874562,1.3989118235105944,,,
R2,Seasonal,0.8178796542067375,0.9771171953269774,0.8750497756240463,48,50,48.0,96.0,500,0.0,0.0,10.326176717546037,6.545376065164094,1.5527986083251004,,,
R3,Stationary_WN,0.39199268675313537,0.14081452730301103,0.32758770423866856,None,3,,,500,0.0,0.0,0.0,0.0,9.382533235904535,,,
R4,Trending_ExponentialGrowth,0.9916595675398611,0.3507195922447941,0.2835558088682689,None,24,,,500,,,0.0,0.0,0.7566152825227542,,,
R1,Composite,0.9991949097172853,0.994166923186505,0.8880703366294328,12,12,12.0,24.0,500,-0.2136956314878311,4.7701880288446144e-05,14.549772830775758,6.036134103917956,1.2074515146227962,,,
R2,Seasonal,0.7835204151021601,0.9943531902922564,0.8075327297467015,12,12,12.0,24.0,500,0.0,0.0,20.514378498819923,5.894804923668856,1.621911938564683,,,
R3,Stationary_WN,0.06712078395832488,0.3719023356282153,0.381561876799026,None,24,,,500,0.0,0.0,0.0,0.0,11.358898837508562,,,
R4,Trending_MeanShift,0.999652537579008,0.9986018331210197,0.0,None,250,,,500,,,0.0,0.0,0.6876414467703788,,250.0,
R1,Composite,0.9994832474380736,0.9940467672662884,0.8223708615500961,24,24,24.0,48.0,500,-0.29508869684874706,1.6387605611138817e-05,16.781079603037856,4.944687236937131,1.3513976136672503,,,
R2,Seasonal,0.441278837924448,0.9948928178727112,0.6795081173517825,24,24,24.0,48.0,500,0.0,0.0,26.850517799433476,4.007083365193013,1.9186447917215173,,,
R3,Stationary_WN,0.1093401988452034,0.3717895796009819,0.3266712073161382,None,15,,,500,0.0,0.0,0.0,0.0,5.1982394410224515,,,
R4,Trending_ExponentialGrowth,0.9879033300794761,0.3930056949849049,0.3287552105433563,None,24,,,500,,,0.0,0.0,0.88980412545603,,,
R1,Composite,0.9993417430524434,0.9876287734316352,0.8707268860244736,12,12,12.0,24.0,500,0.3056639909787941,-4.08269633687775e-05,13.421198392527835,7.500617382309228,1.457986458779805,,,
R2,Seasonal,0.9092300240448427,0.9947146497644869,0.9060006999244499,12,12,12.0,24.0,500,0.0,0.0,13.374363209636062,5.954029035224594,1.1335512546075552,,,
R3,Stationary_WN,0.20993424223970258,0.3421311558758031,0.33399208228900357,None,9,,,500,0.0,0.0,0.0,0.0,6.93159980639718,,,
R4,Trending_ExponentialGrowth,0.9993120947871661,0.31491080956357376,0.2957254241713261,None,24,,,500,,,0.0,0.0,0.6101434273458212,,,
R1,Composite,0.9998595249047455,0.9984401264415235,0.972866469191032,48,50,48.0,96.0,500,0.29560706152440674,3.05444691288149e-05,19.843228941795385,7.735653734741536,0.767540037344273,,,
R2,Seasonal,0.9298546842855427,0.9976815853374675,0.9495988984509862,48,50,48.0,96.0,500,0.0,0.0,19.04389872783451,6.4153086297989335,0.9444143601461888,,,
R3,Stationary_AR,0.08592786403203079,0.5507153594808367,0.6958059784263502,None,50,,,500,0.0,0.0,0.0,0.0,5.0,0.6842634827421927,,
R4,Trending_RandomWalkDrift,0.9993749230954451,0.6122010828818685,0.8185164622950818,None,24,,,500,,,0.0,0.0,1.2540319891936231,,,0.21594159583946293
R1,Composite,0.9998094892215658,0.9979612999998707,0.9575914224248367,24,24,24.0,48.0,500,-0.16654109348322518,-4.974303408964895e-05,11.759651869734377,4.74106963146569,0.6288882278398902,,,
R2,Seasonal,0.7773378965869455,0.9904255927368891,0.854453185669622,24,24,24.0,48.0,500,0.0,0.0,17.033148513741374,6.932326498113295,1.9476216914305469,,,
R3,Stationary_WN,0.4061133696284883,0.18929977975097134,0.26120609005257256,None,3,,,500,0.0,0.0,0.0,0.0,10.97498631743247,,,
R4,Trending_ExponentialGrowth,0.999818443479505,0.3942812594764845,0.3480704223222323,None,24,,,500,,,0.0,0.0,0.512325668823909,,,
R1,Composite,0.9996964944704012,0.9934736474848705,0.6431255212377021,36,36,36.0,72.0,500,-0.3142111344689619,-2.769523922736708e-05,14.221698169599556,2.190269801913324,1.2644870084641444,,,
R2,Seasonal,0.7149834329692342,0.9972937140410205,0.8156637941504418,36,36,36.0,72.0,500,0.0,0.0,23.160864487146902,4.138157485176358,1.2843316437071706,,,
R3,Stationary_WN,0.0,0.3139284207315495,0.0,None,167,,,500,0.0,0.0,0.0,0.0,12.428549953065502,,,
R4,Trending_MeanShift,0.9999052940167203,0.9996199076523672,0.0,None,250,,,500,,,0.0,0.0,0.8354292976189102,,250.0,
R1,Composite,0.99566086091405,0.9839614315290283,0.7580493282378953,48,50,48.0,96.0,500,0.12020355263381322,-3.443101810603991e-05,11.454257258385674,3.282215542241931,1.344688683900803,,,
R2,Seasonal,0.8891021812981349,0.999192958038819,0.957197411663639,48,50,48.0,96.0,500,0.0,0.0,25.06082461791854,4.111009350915333,0.6712396047750278,,,
R3,Stationary_AR,0.22227777318656083,0.48721524593924914,0.6008157443183884,None,16,,,500,0.0,0.0,0.0,0.0,5.0,0.4067377902161094,,
R4,Trending_ExponentialGrowth,0.9997007422183143,0.4291666822930119,0.4286076917408179,None,24,,,500,,,0.0,0.0,0.5896171567668383,,,
R1,Composite,0.9997795645161666,0.9976591927125668,0.8576287420163551,48,50,48.0,96.0,500,-0.30304738529534003,-1.924332092584886e-05,20.145076168949753,2.5147499889975187,0.9216655357294764,,,
R2,Seasonal,0.9076629686260955,0.9961906466207759,0.9314094410924829,48,50,48.0,96.0,500,0.0,0.0,23.92565703146972,8.849416844083747,1.4773642393526987,,,
R3,Stationary_AR,0.21593416528535248,0.33568862847729275,0.6089701520541886,None,33,,,500,0.0,0.0,0.0,0.0,5.0,0.5762131836395407,,
R4,Trending_ExponentialGrowth,0.9996249565116543,0.3405562005027819,0.4110753149504346,None,24,,,500,,,0.0,0.0,0.7275356342883366,,,
R1,Composite,0.9965997021099386,0.9958303317658798,0.7929650585792843,12,12,12.0,24.0,500,0.10352340334140825,4.573026482875585e-05,23.136737152130358,5.511104270555659,1.414016573697589,,,
R2,Seasonal,0.9110076507715466,0.9968816178176264,0.9112139170647691,12,12,12.0,24.0,500,0.0,0.0,26.41231716549557,9.171563497929577,1.5932047126329543,,,
R3,Stationary_AR,0.23722158151066142,0.6511037640856181,0.7308663096613863,None,42,,,500,0.0,0.0,0.0,0.0,5.0,0.662653809650517,,
R4,Trending_RandomWalkDrift,0.9985594376710512,0.7400633953020563,0.8880993943757797,None,24,,,500,,,0.0,0.0,1.448378312598013,,,-0.2379242506652795
R1,Composite,0.9981979500316454,0.9899001298334806,0.7847922686616307,48,50,48.0,96.0,500,0.13984292437205675,4.553097181239254e-05,14.655420527661384,4.103815385729718,1.4900143845163198,,,
R2,Seasonal,0.8003874325179429,0.9954398127867591,0.8836078430193922,48,50,48.0,96.0,500,0.0,0.0,29.9600639112904,8.469078522498894,1.9863786612377388,,,
R3,Stationary_WN,0.3894410156408804,0.36141609967406385,0.3815681192111279,None,4,,,500,0.0,0.0,0.0,0.0,9.80497901912214,,,
R4,Trending_MeanShift,0.9998626795100772,0.9994487553974996,0.0,None,250,,,500,,,0.0,0.0,0.975544061425914,,250.0,
R1,Composite,0.9990693929293444,0.9917879571947736,0.7797995984211537,24,24,24.0,48.0,500,0.1430104779553564,1.5268843796703188e-05,10.192711863131418,2.9342765179258326,0.9969370553680436,,,
R2,Seasonal,0.7305015934487279,0.9950031555145313,0.828422622901401,24,24,24.0,48.0,500,0.0,0.0,23.284791590360264,6.235041543011723,1.9811146772938426,,,
R3,Stationary_AR,0.22874558377309995,0.5311074057763105,0.5743900756110599,None,36,,,500,0.0,0.0,0.0,0.0,5.0,0.456949392803508,,
R4,Trending_MeanShift,0.999987934955274,0.9999517197052624,0.12903989342995503,None,250,,,500,,,0.0,0.0,0.5623950434654871,,250.0,
R1,Composite,0.999814638679918,0.9994265156463542,0.9438329994552979,12,12,12.0,24.0,500,-0.20908564659420203,3.777667542110473e-05,22.181650563716452,4.313067829264184,0.5476615513667836,,,
R2,Seasonal,0.854469035132599,0.9951572870506784,0.8525453637461301,12,12,12.0,24.0,500,0.0,0.0,16.7882897839484,5.4626463497557305,1.22764156667292,,,
R3,Stationary_AR,0.0,0.24516574577877326,0.0,None,167,,,500,0.0,0.0,0.0,0.0,5.0,0.6503109311809268,,
R4,Trending_ExponentialGrowth,0.9982113180837534,0.3620266982627752,0.3233692407990034,None,24,,,500,,,0.0,0.0,1.0667403464215846,,,
R1,Composite,0.9995747464645767,0.9959466762819515,0.8595712087556244,36,36,36.0,72.0,500,0.20643746738143148,-4.3332366339042067e-05,12.08120413348195,3.3026740878249794,0.8548808853762543,,,
R2,Seasonal,0.9262850872080846,0.9954536717511115,0.9420193876832113,36,36,36.0,72.0,500,0.0,0.0,11.986882576121232,6.135045667733129,0.8706897796154156,,,
R3,Stationary_WN,0.48249999647960484,0.1298828154398386,0.24671867460225583,None,2,,,500,0.0,0.0,0.0,0.0,6.95486645100016,,,
R4,Trending_ExponentialGrowth,0.9994742840239076,0.3302881009411105,0.27935486715599056,None,24,,,500,,,0.0,0.0,0.8186967498008342,,,
R1,Composite,0.9996009431659684,0.9801761645652617,0.8546802109421181,48,50,48.0,96.0,500,0.32261082859725854,-2.3721980499413525e-05,9.204453441579266,5.010395480925292,1.47978120519154,,,
R2,Seasonal,0.9876257063005442,0.9994213373123192,0.9905817168357782,48,50,48.0,96.0,500,0.0,0.0,26.475598352345497,10.955462100819489,0.6211654405435567,,,
R3,Stationary_WN,0.23627231949185667,0.34101878375080497,0.39912943255245914,None,9,,,500,0.0,0.0,0.0,0.0,9.224397570509568,,,
R4,Trending_MeanShift,0.999955700860443,0.9998223015788273,0.0,None,250,,,500,,,0.0,0.0,1.043642442003147,,250.0,
R1,Composite,0.9999481848266254,0.9993224222906028,0.9785624386538597,12,12,12.0,24.0,500,0.38237975758215104,3.37429521345532e-05,22.37749249407403,7.891301913498164,0.6175000199516468,,,
R2,Seasonal,0.8740719252899862,0.997635596606268,0.8752296156647362,12,12,12.0,24.0,500,0.0,0.0,19.625680649482007,4.841107649364065,1.077946545365149,,,
R3,Stationary_AR,0.1096397891190104,0.7990685816273995,0.7467195841926398,None,125,,,500,0.0,0.0,0.0,0.0,5.0,0.5989665362145125,,
R4,Trending_MeanShift,0.9999917170113232,0.9999669854947904,0.2747531549470683,None,250,,,500,,,0.0,0.0,0.730971297767197,,250.0,
R1,Composite,0.9996978839301062,0.9971038154192847,0.7786007191560915,24,24,24.0,48.0,500,-0.31314322529196925,2.8965964007340254e-05,19.356148228923523,3.1756284145666993,1.13139912011209,,,
R2,Seasonal,0.873622168053664,0.9923888094560637,0.906680030589182,24,24,24.0,48.0,500,0.0,0.0,11.728023183360223,5.8883566388943995,1.215240015977194,,,
R3,Stationary_AR,0.302047693665487,0.5878894332256321,0.6839023214212596,None,22,,,500,0.0,0.0,0.0,0.0,5.0,0.5983653467725062,,
R4,Trending_MeanShift,0.9999539712255346,0.9998168686445869,0.0,None,250,,,500,,,0.0,0.0,1.2373787778531051,,250.0,
R1,Composite,0.9995771074246811,0.9961434601481186,0.813439159925224,12,12,12.0,24.0,500,-0.33649200857123773,1.2305898723144853e-05,22.22722685877211,5.158282690301592,1.4346382596818197,,,
R2,Seasonal,0.9623481801494765,0.9978024938004562,0.9598411032621891,12,12,12.0,24.0,500,0.0,0.0,17.518687139008335,8.033476801233354,0.9294382096040251,,,
R3,Stationary_AR,0.0,0.6555590001969023,0.7197934877799175,None,100,,,500,0.0,0.0,0.0,0.0,5.0,0.6282900220538561,,
R4,Trending_ExponentialGrowth,0.9985045197398726,0.3622775665479607,0.2900537449439201,None,24,,,500,,,0.0,0.0,0.851023638057256,,,
R1,Composite,0.9992557679499766,0.9981750524676359,0.8543689245816465,12,12,12.0,24.0,500,-0.11244656301538603,1.3827566189372304e-05,13.703251511499083,2.7429647053166537,0.6390367101536577,,,
R2,Seasonal,0.9513193482889855,0.997770106099879,0.9473111015213385,12,12,12.0,24.0,500,0.0,0.0,23.34056293988374,9.293448473376898,1.0818164992802672,,,
R3,Stationary_AR,0.01433798840778544,0.7175223289555244,0.35456943144400055,None,167,,,500,0.0,0.0,0.0,0.0,5.0,0.4014511153361985,,
R4,Trending_RandomWalkDrift,0.9997527888067538,0.6344925162551527,0.861758553821975,None,24,,,500,,,0.0,0.0,1.3549754666511473,,,0.3013907940464108
R1,Composite,0.9993081929460513,0.9982945322046776,0.9494386879636244,36,36,36.0,72.0,500,-0.10840335028546737,-4.500683088491108e-05,17.145062725288923,5.820234566500459,0.7102674662316345,,,
R2,Seasonal,0.9833409081840822,0.9988355826281234,0.9859986164405964,36,36,36.0,72.0,500,0.0,0.0,19.448548922686566,10.733502767733992,0.6807276946568224,,,
R3,Stationary_WN,0.5023465488681756,0.1343578079871861,0.25598094229459845,None,2,,,500,0.0,0.0,0.0,0.0,7.239793025499845,,,
R4,Trending_ExponentialGrowth,0.9856932645891572,0.406048736343368,0.3109114377932729,None,24,,,500,,,0.0,0.0,1.4832425709164387,,,
R1,Composite,0.9996508766304384,0.9930353047815507,0.9070367889070602,24,24,24.0,48.0,500,0.22313275629087598,-3.861592539803717e-05,9.028266928935615,4.452587557311418,0.7894811565195134,,,
R2,Seasonal,0.7486600551921758,0.9954078747744406,0.8263926799572849,24,24,24.0,48.0,500,0.0,0.0,21.37537213000178,5.6195394869373665,1.581451863673059,,,
R3,Stationary_WN,0.5168836762798404,0.23470798585628128,0.21858979470085105,None,2,,,500,0.0,0.0,0.0,0.0,8.464850768199723,,,
R4,Trending_ExponentialGrowth,0.998364296384323,0.4021472606643728,0.3268915009333817,None,24,,,500,,,0.0,0.0,0.9031847094182314,,,
R1,Composite,0.9994241318337136,0.998491843051401,0.9079694882848421,36,36,36.0,72.0,500,0.17644450039095122,2.3735282013230103e-05,23.673748877728556,5.4105649961213516,0.9345080976489953,,,
R2,Seasonal,0.9763049318887919,0.998820935031037,0.980358200237388,36,36,36.0,72.0,500,0.0,0.0,13.709178491143826,6.446525164149487,0.5105757358770996,,,
R3,Stationary_WN,0.4947517068499,0.2233610923167496,0.2276973883917206,None,2,,,500,0.0,0.0,0.0,0.0,6.064936913198046,,,
R4,Trending_RandomWalkDrift,0.989062379049328,0.8712759468230077,0.0,None,250,,,500,,,0.0,0.0,0.8812510422800457,,,-0.4041849349600235
R1,Composite,0.9999432935083876,0.9985464144969419,0.8511938519692485,24,24,24.0,48.0,500,0.3540914847741309,1.1908318804689997e-05,14.463212934495983,2.276965981032503,0.6383223912997867,,,
R2,Seasonal,0.7946622730588973,0.9950906927299084,0.8509908996820215,24,24,24.0,48.0,500,0.0,0.0,20.768854499868002,6.291200039627623,1.474848813949516,,,
R3,Stationary_AR,0.0,0.902910101581202,0.4397928177041691,None,250,,,500,0.0,0.0,0.0,0.0,5.0,0.5738519190400542,,
R4,Trending_RandomWalkDrift,0.9920264859292107,0.6262673776874261,0.0,None,167,,,500,,,0.0,0.0,1.466895678522798,,,-0.3291454072678207
R1,Composite,0.9997742952262301,0.9986641850790895,0.8442117825137171,12,12,12.0,24.0,500,-0.2624540064897207,3.4955731466436615e-05,20.451696278456566,3.328117459136113,0.891451034421697,,,
R2,Seasonal,0.9433572212209966,0.998118445386851,0.940565534236527,12,12,12.0,24.0,500,0.0,0.0,22.72587179079892,7.696069932402611,1.1532211171987719,,,
R3,Stationary_WN,0.4919728850901276,0.15645411007283117,0.2456583860027748,None,2,,,500,0.0,0.0,0.0,0.0,12.899204986440314,,,
R4,Trending_RandomWalkDrift,0.998353082054429,0.6961167012176893,0.8802946264631326,None,24,,,500,,,0.0,0.0,0.8371864365994776,,,-0.14922381890815006
R1,Composite,0.9998920956862182,0.9967523136307866,0.9527558413917949,12,12,12.0,24.0,500,0.37204665480277754,-2.0921644989303827e-05,13.411038159777311,6.821930707177099,0.7586716610333388,,,
R2,Seasonal,0.8388736224739617,0.996492905749173,0.8338462934606352,12,12,12.0,24.0,500,0.0,0.0,23.134967112261684,5.884887262241343,1.381767353034692,,,
R3,Stationary_WN,0.14567327760253712,0.4293658845083167,0.33223472666776876,None,19,,,500,0.0,0.0,0.0,0.0,9.129243026992846,,,
R4,Trending_ExponentialGrowth,0.9976661232985133,0.3822620058483831,0.3294431886088869,None,24,,,500,,,0.0,0.0,1.4970897478037732,,,
R1,Composite,0.99990947436105,0.9993323443562596,0.9279263357738495,36,36,36.0,72.0,500,0.28944434124720797,-3.124880764982393e-05,20.491564417473214,3.5518797140950618,0.6035586125094812,,,
R2,Seasonal,0.77585717361723,0.9930066453244548,0.8465153818371862,36,36,36.0,72.0,500,0.0,0.0,21.897073638286138,7.5012690418481585,1.9587726458072527,,,
R3,Stationary_AR,0.1414798689800727,0.6577830708145196,0.661307043449229,None,71,,,500,0.0,0.0,0.0,0.0,5.0,0.6552294930187533,,
R4,Trending_ExponentialGrowth,0.9701526436794641,0.3527386686919848,0.27958224367707896,None,24,,,500,,,0.0,0.0,1.1844232928951768,,,
R1,Composite,0.999590105958447,0.9965997757890956,0.7939522106644801,36,36,36.0,72.0,500,0.16162537147565076,-2.487537899852263e-05,10.556795647057122,2.0070210471930663,0.6285707145117793,,,
R2,Seasonal,0.40648415617581735,0.9822412981680195,0.691650397409209,36,36,36.0,72.0,500,0.0,0.0,14.410003452448198,4.324602096478765,1.8162003786756273,,,
R3,Stationary_WN,0.24273087838447915,0.26892956455953076,0.35706405011092646,None,6,,,500,0.0,0.0,0.0,0.0,5.388752407714708,,,
R4,Trending_MeanShift,0.9993928733605489,0.9975057744591185,0.0,None,250,,,500,,,0.0,0.0,1.3267410989583737,,250.0,
R1,Composite,0.9996666466035959,0.9954763552696906,0.6561046122439103,12,12,12.0,24.0,500,-0.35433444393196434,-3.6623155201850407e-05,20.50326064880955,3.033048473839684,1.4614717618830952,,,
R2,Seasonal,0.957419965082288,0.9945543457165642,0.9547001617750657,12,12,12.0,24.0,500,0.0,0.0,16.53140184226652,11.260328511854834,1.3237011030829322,,,
R3,Stationary_AR,0.3581811032254273,0.4786371829451941,0.5530703720244414,None,16,,,500,0.0,0.0,0.0,0.0,5.0,0.529665152240353,,
R4,Trending_MeanShift,0.999794353248452,0.9991834993973608,0.0,None,250,,,500,,,0.0,0.0,1.430486535327224,,250.0,
R1,Composite,0.9992844014756775,0.9986499593682175,0.9270943974286732,24,24,24.0,48.0,500,-0.16667759524499584,3.8809320585983176e-05,21.731477220433867,5.154832005821476,0.8349215225647223,,,
R2,Seasonal,0.8816615658282903,0.9979320769704404,0.9122406827392141,24,24,24.0,48.0,500,0.0,0.0,15.460302618495184,4.108763055000378,0.7847664012963798,,,
R3,Stationary_WN,0.20481634677563998,0.38595908993913863,0.3146865604545108,None,10,,,500,0.0,0.0,0.0,0.0,10.009084699260919,,,
R4,Trending_ExponentialGrowth,0.9991419482145807,0.41020983255376886,0.40384765285300295,None,24,,,500,,,0.0,0.0,1.0070643383854447,,,
R1,Composite,0.9999554995384013,0.998067436578296,0.8712661838511003,24,24,24.0,48.0,500,-0.3508209060116846,3.0849969344095195e-05,10.29044897248159,2.094786393304359,0.5283225164938973,,,
R2,Seasonal,0.9375734034699024,0.9968936197733904,0.9533154222008873,24,24,24.0,48.0,500,0.0,0.0,15.237807600875673,7.276220320453875,0.9356440505998602,,,
R3,Stationary_AR,0.10402162731310716,0.7640758252768667,0.0,None,250,,,500,0.0,0.0,0.0,0.0,5.0,0.575192658076674,,
R4,Trending_MeanShift,0.9773858338097289,0.87907828719692,0.0,None,250,,,500,,,0.0,0.0,1.241804001542873,,250.0,
R1,Composite,0.9992744906105534,0.9941342543899273,0.7084314755152711,12,12,12.0,24.0,500,0.23228564184504438,-3.046781612332121e-05,15.629232990301691,3.337390727758505,1.196020094775763,,,
R2,Seasonal,0.9053869307104738,0.9924845904441224,0.8999970099844566,12,12,12.0,24.0,500,0.0,0.0,14.199911476436423,7.3315348053255756,1.4327593499085454,,,
R3,Stationary_WN,0.4373352380327613,0.2983266381243317,0.3438202242200824,None,4,,,500,0.0,0.0,0.0,0.0,7.5593401790504196,,,
R4,Trending_MeanShift,0.999876892683012,0.9995051449340655,0.058880288741455566,None,250,,,500,,,0.0,0.0,1.2201844805811248,,250.0,
R1,Composite,0.999237112968902,0.9972998677324576,0.9523071755107826,24,24,24.0,48.0,500,-0.14152527939342952,3.299542327784813e-05,13.279447744458157,5.761596866183436,0.8680817298438076,,,
R2,Seasonal,0.9483371412622296,0.9979251374805653,0.9601370832917278,24,24,24.0,48.0,500,0.0,0.0,27.37370046097706,11.508836870699884,1.5350684124247798,,,
R3,Stationary_WN,0.4110770042243841,0.2577379579849959,0.2852054771488748,None,3,,,500,0.0,0.0,0.0,0.0,7.706240762734798,,,
R4,Trending_RandomWalkDrift,0.9181073603523342,0.3320172065781972,0.0,None,167,,,500,,,0.0,0.0,0.5269086033197039,,,-0.34640933029035115
R1,Composite,0.9998845010858727,0.9960092578632808,0.950382110675714,12,12,12.0,24.0,500,0.3675118877948801,2.0030044997760685e-05,12.908680959599849,7.193727308728041,0.8688524980032892,,,
R2,Seasonal,0.06768097339889945,0.9966851947183248,0.38305725857129846,12,24,12.0,24.0,500,0.0,0.0,12.478569203512537,11.721053686533565,1.0081640450532907,,,
R3,Stationary_WN,0.11387885601160097,0.41628420412280065,0.29140086993162895,None,11,,,500,0.0,0.0,0.0,0.0,11.520462166334884,,,
R4,Trending_MeanShift,0.9999680501898793,0.9998714389213366,0.0,None,250,,,500,,,0.0,0.0,0.7362756182162606,,250.0,
R1,Composite,0.9978060442402136,0.9903457426802406,0.9229974613994746,24,24,24.0,48.0,500,-0.14065149907017999,2.600779918492904e-05,12.083208336272772,7.707866555387697,1.3501118915139652,,,
R2,Seasonal,0.9803883178318398,0.9993096832638554,0.9848016127886278,24,24,24.0,48.0,500,0.0,0.0,20.12735482309743,8.099410274103905,0.5527706737840592,,,
R3,Stationary_WN,0.38655935707458966,0.15128047738720585,0.2631111470745786,None,3,,,500,0.0,0.0,0.0,0.0,6.345966196388357,,,
R4,Trending_ExponentialGrowth,0.9967921025986363,0.3306387659621983,0.3272919148976128,None,24,,,500,,,0.0,0.0,0.6299417258086274,,,
R1,Composite,0.999733660426679,0.9947883434581147,0.8282732165918338,12,12,12.0,24.0,500,-0.23509599076498836,-1.1139763186728798e-05,11.028438606128667,3.403171926951273,0.9543507716095806,,,
R2,Seasonal,0.9808117650587359,0.9990594921734489,0.9790267917852321,12,12,12.0,24.0,500,0.0,0.0,27.908625655386093,11.796665820818843,0.8941729968789587,,,
R3,Stationary_AR,0.24826378550598016,0.4999145104983308,0.6452001388025546,None,28,,,500,0.0,0.0,0.0,0.0,5.0,0.54523764920179,,
R4,Trending_ExponentialGrowth,0.9908733156082655,0.3854698094701744,0.29763582949763234,None,24,,,500,,,0.0,0.0,0.9162196963356215,,,
R1,Composite,0.9978576926131736,0.9901889126235424,0.5870667132301794,48,50,48.0,96.0,500,0.1523997941996758,1.799258203023205e-05,16.05341961570622,2.0123626697614148,1.449447430233266,,,
R2,Seasonal,0.9187134559900086,0.9924346715894635,0.9402745854307966,48,50,48.0,96.0,500,0.0,0.0,15.944369221114727,9.151225383269182,1.531763446050697,,,
R3,Stationary_WN,0.2065809143381233,0.38366335880349733,0.35360567954284206,None,8,,,500,0.0,0.0,0.0,0.0,10.752632374698461,,,
R4,Trending_MeanShift,0.9999087396542248,0.9996373839187105,0.32135567998837733,None,250,,,500,,,0.0,0.0,0.923256909783616,,250.0,
R1,Composite,0.9998227027540249,0.9987478265896366,0.911749375543015,24,24,24.0,48.0,500,0.27994334549505423,-3.1661953321208704e-05,20.27337190844019,4.220892331594839,0.7336600115181976,,,
R2,Seasonal,0.7333561540527127,0.998081447165726,0.823687439710286,24,24,24.0,48.0,500,0.0,0.0,28.014797196304166,4.451130778629163,1.2891709640670939,,,
R3,Stationary_AR,0.005305723326948786,0.8853943421075057,0.0,None,250,,,500,0.0,0.0,0.0,0.0,5.0,0.6903436439546585,,
R4,Trending_MeanShift,0.999900368623475,0.9996013899066793,0.0,None,250,,,500,,,0.0,0.0,1.1543165781196179,,250.0,
R1,Composite,0.9997375166658392,0.9971163012043847,0.9254133684113907,12,12,12.0,24.0,500,-0.23264660626047337,-4.083715690851729e-05,15.595665167830717,5.815376701585087,0.9838735046604575,,,
R2,Seasonal,0.9053728462621856,0.9932567351635014,0.9069391974160047,12,12,12.0,24.0,500,0.0,0.0,19.2971257091095,9.662345509499962,1.7906846713467095,,,
R3,Stationary_WN,0.06652932722910387,0.36666865297834383,0.2777927822594941,None,45,,,500,0.0,0.0,0.0,0.0,7.658484604792606,,,
R4,Trending_MeanShift,0.9997206879672881,0.9988731987106806,0.0,None,250,,,500,,,0.0,0.0,0.5189758703795091,,250.0,
R1,Composite,0.9998924095337779,0.9990085678774953,0.8801146497694515,36,36,36.0,72.0,500,-0.22555046543635449,-4.3672644624521925e-05,16.58343306573598,2.5797566267360468,0.5343019839011417,,,
R2,Seasonal,0.9393044606189073,0.998833455963749,0.9502258124627434,36,36,36.0,72.0,500,0.0,0.0,23.771913312925744,6.713480532200792,0.8510114044533805,,,
R3,Stationary_WN,0.201867031341479,0.3165676301354926,0.35962695030070424,None,7,,,500,0.0,0.0,0.0,0.0,12.476946104563076,,,
R4,Trending_ExponentialGrowth,0.9995444436911602,0.40817898146939025,0.4488442170013831,None,24,,,500,,,0.0,0.0,0.8606502670011401,,,
R1,Composite,0.9997273411939246,0.9977248966690464,0.9305134863359776,12,12,12.0,24.0,500,0.3067323719162217,1.4244820963415899e-05,22.107437605700785,7.401275157775024,1.2081837108461462,,,
R2,Seasonal,0.9901131389326011,0.9993845121732067,0.9891030839917304,12,12,12.0,24.0,500,0.0,0.0,24.81319932253764,11.852461712434465,0.5999348811444541,,,
R3,Stationary_AR,0.4183119106440637,0.5697194532309546,0.7209937103803894,None,26,,,500,0.0,0.0,0.0,0.0,5.0,0.6895198522257553,,
R4,Trending_ExponentialGrowth,0.9993216220304765,0.435947723322163,0.4407813738055092,None,24,,,500,,,0.0,0.0,1.3759946145284645,,,
R1,Composite,0.9997850966496973,0.9898754841908819,0.690330540550193,36,36,36.0,72.0,500,0.3987266381246267,4.8419831919927456e-05,12.52824790922489,2.969096654321248,1.2222600488311879,,,
R2,Seasonal,0.45322993223678276,0.9942320150591475,0.6816716033461071,36,36,36.0,72.0,500,0.0,0.0,26.406957667359848,4.492157671545174,1.986674167725841,,,
R3,Stationary_WN,0.18811942448675534,0.26428432470713503,0.2460874428858203,None,6,,,500,0.0,0.0,0.0,0.0,6.3965153167869655,,,
R4,Trending_MeanShift,0.9999455556942982,0.9997817306696198,0.0,None,250,,,500,,,0.0,0.0,0.9591817886679285,,250.0,
R1,Composite,0.999888887427349,0.9984353068636576,0.9311626549295096,48,50,48.0,96.0,500,-0.3715782420710214,4.959731768997973e-05,19.553252668869685,3.3113319672308714,0.5335233676578569,,,
R2,Seasonal,0.8252791401192524,0.9984375935940425,0.9328273477737319,48,50,48.0,96.0,500,0.0,0.0,27.22982657630984,4.5400664778816555,0.9668135353085106,,,
R3,Stationary_AR,0.1521982462489494,0.4877974323130696,0.5756045508519347,None,45,,,500,0.0,0.0,0.0,0.0,5.0,0.5322773527607146,,
R4,Trending_ExponentialGrowth,0.9961781759278776,0.28010823466811374,0.2339423429795281,None,24,,,500,,,0.0,0.0,1.1673595921885003,,,
R1,Composite,0.9996088315172539,0.9987376583269696,0.84228313493932,36,36,36.0,72.0,500,-0.1925110150293693,1.2352478436249067e-05,21.212617548906117,3.195908811886625,0.7861491540912484,,,
R2,Seasonal,0.8480833114942739,0.9965219083675912,0.8896663725646476,36,36,36.0,72.0,500,0.0,0.0,25.82439905280065,7.694029636192018,1.5451291356350734,,,
R3,Stationary_AR,0.09443918800594242,0.6775027955782675,0.7195409332206435,None,83,,,500,0.0,0.0,0.0,0.0,5.0,0.6755924325342911,,
R4,Trending_RandomWalkDrift,0.9996826852268177,0.5758259997019755,0.8584762397610406,None,24,,,500,,,0.0,0.0,0.7860447652718845,,,-0.4683665317287672
R1,Composite,0.9986920696496713,0.9971298740421686,0.8092383058302705,12,12,12.0,24.0,500,0.10720495958665517,4.561662870322834e-05,17.909101591219457,3.5988465401506167,0.9699187317100141,,,
R2,Seasonal,0.9462221873904842,0.9990450398824927,0.9423936580055159,12,12,12.0,24.0,500,0.0,0.0,28.90046033805673,7.152808620211412,0.9130072543052267,,,
R3,Stationary_AR,0.33567831423440675,0.36502834983929033,0.5421174971897207,None,11,,,500,0.0,0.0,0.0,0.0,5.0,0.4443260805749808,,
R4,Trending_RandomWalkDrift,0.9966451447483717,0.6011639767840642,0.8646632460031696,None,24,,,500,,,0.0,0.0,0.8016610710036989,,,0.10190711118304074
R1,Composite,0.9992040073054537,0.9949652189343985,0.8370044846711586,36,36,36.0,72.0,500,0.21265944029016087,4.1982230103099944e-05,18.695269369348544,5.369812563235727,1.3649856714029718,,,
R2,Seasonal,0.9027095156032997,0.9956658247706883,0.9206847633093663,36,36,36.0,72.0,500,0.0,0.0,18.82586755322005,7.844558151964107,1.3266992795608208,,,
R3,Stationary_WN,0.44171846264476744,0.2173026791625643,0.33210250809893926,None,3,,,500,0.0,0.0,0.0,0.0,9.87728829749783,,,
R4,Trending_MeanShift,0.9996594010044382,0.9986179593374539,0.0,None,250,,,500,,,0.0,0.0,1.2564113620296862,,250.0,
R1,Composite,0.9999098707017349,0.9952379956350696,0.9599092475272387,36,36,36.0,72.0,500,-0.32364978988120485,-2.9933596967422374e-05,9.506376173771404,6.118148108279586,0.7207424355962523,,,
R2,Seasonal,0.8890951748177387,0.9874745869717891,0.9123387529844101,36,36,36.0,72.0,500,0.0,0.0,13.393676479560508,9.090178376345555,1.5277554915038651,,,
R3,Stationary_WN,0.013511457214632316,0.5700105729005776,0.24404987814021362,None,167,,,500,0.0,0.0,0.0,0.0,9.910907800859349,,,
R4,Trending_MeanShift,0.9999303726022272,0.9997191001367538,0.0,None,250,,,500,,,0.0,0.0,0.9224871017245934,,250.0,
R1,Composite,0.9996756731097795,0.9952034488329341,0.8296445287792144,36,36,36.0,72.0,500,-0.38146101588419834,1.884421882388303e-05,19.841003594693987,5.274162877766306,1.4086292569299026,,,
R2,Seasonal,0.9651818703372455,0.9939285674511842,0.9727210685928516,36,36,36.0,72.0,500,0.0,0.0,11.448133708714916,10.106476410107838,1.1028537062894468,,,
R3,Stationary_AR,0.26443329892249146,0.31655267643604035,0.5898150196756493,None,21,,,500,0.0,0.0,0.0,0.0,5.0,0.5828531895451914,,
R4,Trending_ExponentialGrowth,0.9915929362027694,0.2858423247765073,0.36605370790154046,None,24,,,500,,,0.0,0.0,0.9130058272514638,,,
R1,Composite,0.9988815014736327,0.9938034608324342,0.7977761511783671,24,24,24.0,48.0,500,-0.1267515225501223,4.223970087049297e-05,8.941030945667215,2.436027390570288,0.6545434255778848,,,
R2,Seasonal,0.9714809492239919,0.9963538591301448,0.9776789257740984,24,24,24.0,48.0,500,0.0,0.0,11.78341867554135,9.093876541841817,0.6970352840423617,,,
R3,Stationary_WN,0.045276224233257834,0.40230237529921853,0.35216440817306804,None,45,,,500,0.0,0.0,0.0,0.0,7.051499716929821,,,
R4,Trending_ExponentialGrowth,0.9987418825337949,0.3184170677675612,0.29497437208285626,None,24,,,500,,,0.0,0.0,0.7099337163378809,,,
R1,Composite,0.9990794903592064,0.9980345564534412,0.8868733130008788,12,12,12.0,24.0,500,0.1426207920262979,-1.9482803934429594e-05,18.455193274912,4.4558460283155075,0.8033241117351752,,,
R2,Seasonal,0.7820534066001361,0.9947637429899843,0.8076319014519513,12,12,12.0,24.0,500,0.0,0.0,14.856201789351683,4.08349351497971,1.1626271886606039,,,
R3,Stationary_WN,0.21085887372287604,0.27798173016878647,0.35935879687065764,None,6,,,500,0.0,0.0,0.0,0.0,10.061063514898134,,,
R4,Trending_MeanShift,0.9998819648559434,0.999521881866814,0.0,None,250,,,500,,,0.0,0.0,0.5691591490791209,,250.0,
R1,Composite,0.998937893857442,0.9952186999480834,0.9075310988691188,24,24,24.0,48.0,500,0.15464966782450182,3.807476193013724e-05,16.65201618945856,6.571906882063858,1.268854486437253,,,
R2,Seasonal,0.9824110849777801,0.9995559238628875,0.9863146073574052,24,24,24.0,48.0,500,0.0,0.0,26.536599641575428,9.042746214430302,0.6294741617942108,,,
R3,Stationary_AR,0.3646951893970801,0.6777402138511526,0.7427533363416826,None,36,,,500,0.0,0.0,0.0,0.0,5.0,0.6291779277437084,,
R4,Trending_MeanShift,0.9999352062398396,0.999741658220345,0.1430537729762109,None,250,,,500,,,0.0,0.0,0.6685418809213596,,250.0,
R1,Composite,0.9997359855069294,0.9929261672455744,0.7589288354670943,24,24,24.0,48.0,500,0.3268258457219208,1.1093290638652072e-05,12.79117124472432,3.0710835324729633,1.0659901865893495,,,
R2,Seasonal,0.7186903807116807,0.9974137961604964,0.8065267803368641,24,24,24.0,48.0,500,0.0,0.0,23.019749960786587,4.135305599397793,1.291888276497289,,,
R3,Stationary_AR,0.10829576386675199,0.579142467670658,0.6612489889065528,None,100,,,500,0.0,0.0,0.0,0.0,5.0,0.69166982705612,,
R4,Trending_RandomWalkDrift,0.9469545878137586,0.2997927993152377,0.0,None,250,,,500,,,0.0,0.0,1.1016441487248292,,,0.3132232463877488
R1,Composite,0.9998964973605284,0.9977481222248852,0.884011637657743,24,24,24.0,48.0,500,0.37833154577255657,-3.376472368144801e-05,15.749265617157004,3.5669018183329797,0.816761302429009,,,
R2,Seasonal,0.8802196138967975,0.9963940244298701,0.9108018094916779,24,24,24.0,48.0,500,0.0,0.0,27.003113173753057,9.529195890491362,1.6751038184198286,,,
R3,Stationary_WN,0.28926926800768016,0.28175596388944035,0.2675304586422699,None,5,,,500,0.0,0.0,0.0,0.0,8.019194098375003,,,
R4,Trending_RandomWalkDrift,0.9997320967410023,0.6740561048902147,0.87309831063382,None,24,,,500,,,0.0,0.0,1.4001121334478825,,,-0.489492839130933
R1,Composite,0.9996882686441327,0.9957067698461494,0.8350983004716674,48,50,48.0,96.0,500,-0.30309731534173645,-2.7444822574116294e-05,17.98100537774077,3.153218708622922,1.0287850345662317,,,
R2,Seasonal,0.8693965934898532,0.9873257200925469,0.9051021896391076,48,50,48.0,96.0,500,0.0,0.0,11.829171407246509,6.873453138967689,1.4240183316435515,,,
R3,Stationary_AR,0.3074235765328466,0.36967342915271084,0.4937498531073028,None,14,,,500,0.0,0.0,0.0,0.0,5.0,0.43308268838322833,,
R4,Trending_RandomWalkDrift,0.9994804867341941,0.6437227001705589,0.8787609337904146,None,24,,,500,,,0.0,0.0,0.8639128292424006,,,-0.3205826121514104
R1,Composite,0.9999106288300307,0.9962759372344973,0.8959352862091174,48,50,48.0,96.0,500,-0.39099913400341846,-2.9848111191928945e-05,13.219655011659487,3.3688613813626738,0.8288779814875953,,,
R2,Seasonal,0.1718165994699612,0.9986810821742365,0.9114755026358727,48,100,48.0,96.0,500,0.0,0.0,13.104261516779474,11.425738959929745,0.7839423964647433,,,
R3,Stationary_AR,0.41497248516317553,0.40091270203458096,0.40637707435653236,None,7,,,500,0.0,0.0,0.0,0.0,5.0,0.4219479655790564,,
R4,Trending_ExponentialGrowth,0.9912692934554469,0.33610753450481523,0.2853884918092905,None,24,,,500,,,0.0,0.0,0.7701454651008063,,,
R1,Composite,0.9985742284349406,0.9902909264532922,0.8946587291360077,48,50,48.0,96.0,500,0.16126940274610188,4.0622505630937346e-05,14.816419050929763,6.576646883677531,1.3926603132066635,,,
R2,Seasonal,0.883084678730543,0.9963120908700231,0.9233262885693769,48,50,48.0,96.0,500,0.0,0.0,29.47203088175626,9.505848299664414,1.7698787972921721,,,
R3,Stationary_WN,0.4053487746948221,0.1880755897955425,0.3054366348817634,None,3,,,500,0.0,0.0,0.0,0.0,11.734189597403404,,,
R4,Trending_ExponentialGrowth,0.9997349140405294,0.42782311789432237,0.3990588447391359,None,24,,,500,,,0.0,0.0,0.7505803918073833,,,
R1,Composite,0.999811451099521,0.9958488276263202,0.9204710832848344,24,24,24.0,48.0,500,0.3699289109428271,4.063194802960132e-05,16.79097157856736,6.6963429432804285,1.1874386982138767,,,
R2,Seasonal,0.8523870017718364,0.9840714357111723,0.8967305267264919,24,24,24.0,48.0,500,0.0,0.0,14.135181690290523,9.603794172286253,1.9513605826795806,,,
R3,Stationary_AR,0.46704600816225816,0.3240284691215982,0.5216728505440655,None,12,,,500,0.0,0.0,0.0,0.0,5.0,0.5029601086309643,,
R4,Trending_RandomWalkDrift,0.999508152355838,0.9726496765337855,0.9341789645670437,None,125,,,500,,,0.0,0.0,0.8415518539805296,,,0.40681938637841697
R1,Composite,0.9999430530576459,0.9982207230695074,0.8961415522614009,48,50,48.0,96.0,500,-0.3882697161103492,2.220827490767542e-05,14.266820575359247,2.197012153087183,0.5608532619685642,,,
R2,Seasonal,0.9222483924877036,0.9923910564766728,0.936429204554318,48,50,48.0,96.0,500,0.0,0.0,13.10897195657762,7.5647446709817565,1.175066381495043,,,
R3,Stationary_WN,0.3437249826697639,0.2413646252177567,0.34274419775714215,None,4,,,500,0.0,0.0,0.0,0.0,5.2155175919490855,,,
R4,Trending_RandomWalkDrift,0.530294328455382,0.0,0.0,None,250,,,500,,,0.0,0.0,1.3311805242286785,,,0.30623489276145244
R1,Composite,0.9993343165443609,0.9970357314690552,0.9018915989462193,48,50,48.0,96.0,500,-0.23189884001219827,1.3021704032829129e-05,22.400740942794787,5.228283741327468,1.2773411860673896,,,
R2,Seasonal,0.6495597376855098,0.9942137844565664,0.8047123199885525,48,50,48.0,96.0,500,0.0,0.0,23.325040304509056,5.304248239797711,1.716997183117211,,,
R3,Stationary_AR,0.5291014440695571,0.50942461415425,0.7056399724369009,None,14,,,500,0.0,0.0,0.0,0.0,5.0,0.6833389652830233,,
R4,Trending_MeanShift,0.9978749027959053,0.9899499304839605,0.0,None,250,,,500,,,0.0,0.0,0.7561385108989107,,250.0,
R1,Composite,0.9990869859992263,0.9965078790025891,0.8545106517881276,12,12,12.0,24.0,500,-0.15505678467257655,-4.1677910370567126e-05,18.37142914873806,4.8194459368153275,1.1898817794006429,,,
R2,Seasonal,0.9365146103347146,0.9989698274468619,0.9329019052850951,12,12,12.0,24.0,500,0.0,0.0,19.24283396144598,4.604406182061282,0.6795747500349714,,,
R3,Stationary_AR,0.24006824889627487,0.384790856279711,0.47360252530642977,None,15,,,500,0.0,0.0,0.0,0.0,5.0,0.4538849463146978,,
R4,Trending_ExponentialGrowth,0.9879896723588769,0.38902319742410874,0.3001551277896449,None,24,,,500,,,0.0,0.0,0.8155558543174342,,,
R1,Composite,0.9998427082574392,0.9907698801755861,0.9452050564829161,24,24,24.0,48.0,500,0.37583864292504043,-2.1630528729370166e-05,9.407908843713578,7.172739862951823,0.9617178685486436,,,
R2,Seasonal,0.946910312569217,0.9868121311339556,0.9584310909897286,24,24,24.0,48.0,500,0.0,0.0,10.664209811746995,11.614191961017683,1.3077666071138925,,,
R3,Stationary_AR,0.3992801695327851,0.5575391493018016,0.6714517255646405,None,20,,,500,0.0,0.0,0.0,0.0,5.0,0.663230859940638,,
R4,Trending_RandomWalkDrift,0.999292464175237,0.9184911400461685,0.0,None,250,,,500,,,0.0,0.0,0.5426560424192686,,,0.42211538746929744
R1,Composite,0.9997227665943387,0.9959255291150785,0.6537655217989756,12,12,12.0,24.0,500,0.35654337164060534,-3.832428798265324e-05,17.83431989386654,2.4144592276217276,1.1793836901709165,,,
R2,Seasonal,0.9841690258782594,0.9994505019488645,0.9827336696118402,12,12,12.0,24.0,500,0.0,0.0,28.852163146894245,10.322808089778865,0.7296669321350434,,,
R3,Stationary_AR,0.14895164700757357,0.6233064428968224,0.6482553270270683,None,62,,,500,0.0,0.0,0.0,0.0,5.0,0.6997705563672652,,
R4,Trending_ExponentialGrowth,0.9979811154054867,0.3578577254971024,0.29228135899052055,None,24,,,500,,,0.0,0.0,0.5057767648974749,,,
R1,Composite,0.9998602515383651,0.9981662657524482,0.9517372418207626,12,12,12.0,24.0,500,-0.3139506797201659,-3.433781946488057e-05,18.685319215474742,7.00135935946041,0.7976899836011514,,,
R2,Seasonal,0.9723595242013467,0.99726626232433,0.9703923260695203,12,12,12.0,24.0,500,0.0,0.0,19.81922938445416,11.951132195270613,1.1223784773720382,,,
R3,Stationary_AR,0.281949333956485,0.398668373260191,0.5379803628723567,None,13,,,500,0.0,0.0,0.0,0.0,5.0,0.470205309707037,,
R4,Trending_RandomWalkDrift,0.9253689889871668,0.5136418418079209,0.0,None,167,,,500,,,0.0,0.0,1.3911546309105414,,,0.12440919381240141
R1,Composite,0.9995625268248135,0.9896971700271148,0.8217783580240151,48,50,48.0,96.0,500,0.19246103380920881,-1.1354567262782874e-05,8.034194047964101,2.256286297033742,0.7871106923975106,,,
R2,Seasonal,0.9579296096601564,0.9942228986626046,0.9670274062220755,48,50,48.0,96.0,500,0.0,0.0,12.817425462817113,8.950869801058897,0.9933063600594558,,,
R3,Stationary_AR,0.36213643158851205,0.5670801733676909,0.6871234090644094,None,33,,,500,0.0,0.0,0.0,0.0,5.0,0.6109959680941461,,
R4,Trending_RandomWalkDrift,0.6237352373354245,0.8522014951330807,0.0,None,250,,,500,,,0.0,0.0,1.2254427225028035,,,0.12036590379324266
R1,Composite,0.9985264329411567,0.9991187737625671,0.8713356350626048,24,24,24.0,48.0,500,0.11608472584952631,-4.426478107646601e-05,24.89899356848064,3.5508333449973346,0.787336673965095,,,
R2,Seasonal,0.7503767646374891,0.9963390159972085,0.8299476311419122,24,24,24.0,48.0,500,0.0,0.0,27.05733830685361,6.198279179833764,1.677651534821249,,,
R3,Stationary_AR,0.26322117958061975,0.5338517012390402,0.5651663085794396,None,33,,,500,0.0,0.0,0.0,0.0,5.0,0.5198967083755283,,
R4,Trending_ExponentialGrowth,0.9939088751677971,0.38662121389178483,0.34606607797530486,None,24,,,500,,,0.0,0.0,1.1702614618180935,,,
R1,Composite,0.9997168862571177,0.9983047846103681,0.9239947805174495,48,50,48.0,96.0,500,-0.22429969201386127,-4.001440235131362e-05,20.787725072687564,4.242159282415103,0.715860514096869,,,
R2,Seasonal,0.8194862496927836,0.9938070828770628,0.8899271575173845,48,50,48.0,96.0,500,0.0,0.0,19.57838549222432,6.830057101595851,1.482918336933273,,,
R3,Stationary_WN,0.19534242734487872,0.2512715513536261,0.3607331542911436,None,6,,,500,0.0,0.0,0.0,0.0,12.527685834563353,,,
R4,Trending_RandomWalkDrift,0.978374045014382,0.8272782191184395,0.0,None,250,,,500,,,0.0,0.0,1.2245732543543704,,,0.19448531132118785
R1,Composite,0.9992890833226638,0.9887092099525031,0.8037147482853569,48,50,48.0,96.0,500,-0.16386190445140852,-1.954613583409156e-05,9.07475670578284,2.3227223767080463,0.8376669037367751,,,
R2,Seasonal,0.9533750342480571,0.9987441999329919,0.9677819223096056,48,50,48.0,96.0,500,0.0,0.0,28.58637650888772,9.000553708573566,1.0765715774262654,,,
R3,Stationary_WN,0.26485825027024623,0.4221599939841121,0.35806637984045375,None,7,,,500,0.0,0.0,0.0,0.0,5.411807538191292,,,
R4,Trending_RandomWalkDrift,0.9987648080699105,0.9515118666003521,0.0,None,250,,,500,,,0.0,0.0,1.219051504647103,,,0.1763406992276913
R1,Composite,0.9996874331608717,0.9876403913741174,0.6875612700013165,36,36,36.0,72.0,500,-0.3855522951654208,-4.6869580050776286e-05,13.283042901217534,3.420985486646191,1.4809034173198699,,,
R2,Seasonal,0.9298885364525402,0.9956681185612041,0.9440719605466334,36,36,36.0,72.0,500,0.0,0.0,10.81803335036669,5.5861296918902354,0.8007513378811755,,,
R3,Stationary_AR,0.09984065668524444,0.491324465084893,0.49016694712383746,None,45,,,500,0.0,0.0,0.0,0.0,5.0,0.40902378987837434,,
R4,Trending_RandomWalkDrift,0.9996701712133826,0.6934354456629489,0.8770801601929806,None,24,,,500,,,0.0,0.0,1.3183371695735602,,,0.4429457741950106
R1,Composite,0.9999300683011781,0.9990424111497989,0.9529936071442797,36,36,36.0,72.0,500,0.338346698326076,-2.8599945127798766e-05,17.769115184017863,4.5824763239729975,0.6049636913544436,,,
R2,Seasonal,0.9870863943052989,0.9991686278445624,0.9892500072295146,36,36,36.0,72.0,500,0.0,0.0,19.43516705940655,10.324948951302055,0.5562989212433846,,,
R3,Stationary_AR,0.04406922595491214,0.5196359298877364,0.6561638203382303,None,83,,,500,0.0,0.0,0.0,0.0,5.0,0.42608944572239216,,
R4,Trending_MeanShift,0.9999195664445182,0.9996783327345384,0.0,None,250,,,500,,,0.0,0.0,1.2674276415258774,,250.0,
R1,Composite,0.9997094832214724,0.9946012908707101,0.9058181700353531,48,50,48.0,96.0,500,0.35017521668985574,-4.4410246908899396e-05,16.140881719925137,5.828110032739327,1.3664755360558047,,,
R2,Seasonal,0.6592339410104364,0.9920706135995958,0.8093206584597128,48,50,48.0,96.0,500,0.0,0.0,18.20462957538332,4.5809813023727575,1.8740147473786433,,,
R3,Stationary_AR,0.3374702517108895,0.30375572084542557,0.48668726500437254,None,10,,,500,0.0,0.0,0.0,0.0,5.0,0.5636429233946323,,
R4,Trending_RandomWalkDrift,0.9997623480995642,0.7544386459926213,0.9162880213555057,None,24,,,500,,,0.0,0.0,1.2351846473720431,,,-0.27773214831504345
R1,Composite,0.9974806254804311,0.9966388756435293,0.9305119640325714,24,24,24.0,48.0,500,0.11051989966106335,-2.7675343393614727e-05,17.179647670593475,6.703778722720904,1.0740947690418448,,,
R2,Seasonal,0.9462178062925019,0.9982187298984478,0.9579497607203658,24,24,24.0,48.0,500,0.0,0.0,18.89491801086322,7.278735161703731,0.8210994997960493,,,
R3,Stationary_AR,0.4619202985211335,0.5453055329435985,0.5985708788714974,None,15,,,500,0.0,0.0,0.0,0.0,5.0,0.6683347233756897,,
R4,Trending_MeanShift,0.9999473858387479,0.9997876792512814,0.0,None,250,,,500,,,0.0,0.0,1.2118828013158918,,250.0,
R1,Composite,0.99963473616132,0.994063688046253,0.886210610130875,12,12,12.0,24.0,500,0.3704021744681898,-3.284162760722749e-05,17.7217586024908,7.475234991910373,1.4230064551003232,,,
R2,Seasonal,0.9199508293675686,0.9923818041722987,0.9172397933752369,12,12,12.0,24.0,500,0.0,0.0,18.519570830177443,10.714883210471166,1.7021086012570104,,,
R3,Stationary_WN,0.28044744884458384,0.3289018839852361,0.17852111609002863,None,5,,,500,0.0,0.0,0.0,0.0,5.735204613764769,,,
R4,Trending_RandomWalkDrift,0.9980674749430372,0.5204822978562741,0.831312617125948,None,24,,,500,,,0.0,0.0,0.652284488283073,,,-0.16070528058675293
R1,Composite,0.9993024816955635,0.9963938635109215,0.885310077738049,12,12,12.0,24.0,500,0.204478504196115,-1.0834445597033398e-05,17.753553060926482,5.801448666315097,1.0602264310159542,,,
R2,Seasonal,0.9801082948862064,0.9985875666304507,0.9784252244971453,12,12,12.0,24.0,500,0.0,0.0,21.996118692839772,11.315752598189539,0.8914515943744267,,,
R3,Stationary_AR,0.20165257323167463,0.5195930074124593,0.44746857619859703,None,19,,,500,0.0,0.0,0.0,0.0,5.0,0.5003773968968368,,
R4,Trending_RandomWalkDrift,0.997632727577548,0.9513809444022879,0.9357511575028039,None,71,,,500,,,0.0,0.0,0.6368213589101411,,,0.11057612070143313
R1,Composite,0.9994121400866022,0.9972775459732086,0.856495050881618,24,24,24.0,48.0,500,0.24559067852526062,3.6059364648267095e-05,24.597840585190625,5.472520673201375,1.3519949975630876,,,
R2,Seasonal,0.7804532263268973,0.9944800453912704,0.843971953605462,24,24,24.0,48.0,500,0.0,0.0,17.26548288983249,5.364863042557015,1.2556476433523351,,,
R3,Stationary_WN,0.4019404384858871,0.150310455524584,0.3221777609474801,None,3,,,500,0.0,0.0,0.0,0.0,9.096375623486267,,,
R4,Trending_ExponentialGrowth,0.9965931664723854,0.3497718540023288,0.3887943522279671,None,24,,,500,,,0.0,0.0,0.5635073100891055,,,
R1,Composite,0.999522134469796,0.9779186434525714,0.9154158329490505,24,24,24.0,48.0,500,-0.3112487655479708,1.750277513356498e-05,8.304822282462112,7.94524689594943,1.460421189659946,,,
R2,Seasonal,0.8337439846527757,0.9930625907165137,0.878184087613797,24,24,24.0,48.0,500,0.0,0.0,17.44833470124977,7.198871235426668,1.4441192041190427,,,
R3,Stationary_AR,0.41814437336006305,0.6306974249016593,0.634500354929928,None,36,,,500,0.0,0.0,0.0,0.0,5.0,0.5854293035063002,,
R4,Trending_ExponentialGrowth,0.9998198557078776,0.4624011413866945,0.5252425376044785,None,24,,,500,,,0.0,0.0,0.540708569441871,,,
R1,Composite,0.9995965428232855,0.9956831968273255,0.862962030046414,12,12,12.0,24.0,500,-0.2694796751509947,3.4003411958684314e-05,15.878574644816084,4.817031293703352,1.2122290190672387,,,
R2,Seasonal,0.9065833177435327,0.9973751889101358,0.9081392587948593,12,12,12.0,24.0,500,0.0,0.0,26.537927615140685,8.418206211688481,1.4072610189108952,,,
R3,Stationary_AR,0.2478491573321625,0.9529583597115008,0.5364387123555154,None,250,,,500,0.0,0.0,0.0,0.0,5.0,0.6835909515201692,,
R4,Trending_MeanShift,0.9999015258038422,0.9996071824634175,0.0,None,250,,,500,,,0.0,0.0,1.387096888923488,,250.0,
R1,Composite,0.9998861786257801,0.9975586559376477,0.8006543221120708,24,24,24.0,48.0,500,0.24959123530335975,4.0655553333145237e-05,11.782239724141116,2.059581322730266,0.597550302120378,,,
R2,Seasonal,0.725839373850619,0.9768116596332181,0.8113245355102481,24,24,24.0,48.0,500,0.0,0.0,11.45057178749002,6.4426703661016615,1.9153665080110376,,,
R3,Stationary_WN,0.32306467705149333,0.26127502391107493,0.3272833577360197,None,4,,,500,0.0,0.0,0.0,0.0,10.521178294663184,,,
R4,Trending_ExponentialGrowth,0.9932051895224039,0.36777457859816465,0.32386157580643127,None,24,,,500,,,0.0,0.0,1.1238319194102715,,,
R1,Composite,0.9998509916197055,0.9936574198753649,0.9285554579742381,48,50,48.0,96.0,500,0.2939044509050938,3.9218924454577196e-05,10.078049791121787,4.909677877800017,0.8513303475086142,,,
R2,Seasonal,0.857095771926399,0.9786015847289385,0.9057236892499603,48,50,48.0,96.0,500,0.0,0.0,10.475870435241482,7.608444477315216,1.5276960950100127,,,
R3,Stationary_WN,0.4671738974886115,0.1257357886425018,0.19783868541759164,None,2,,,500,0.0,0.0,0.0,0.0,9.698051548460235,,,
R4,Trending_MeanShift,0.9999404207221043,0.9997638470797221,0.0,None,250,,,500,,,0.0,0.0,0.6807865559278425,,250.0,
R1,Composite,0.9993747490494138,0.9814908239281258,0.8219005387996804,24,24,24.0,48.0,500,-0.2699780049520877,4.186429042562698e-05,8.86852663806808,4.562231714079373,1.3400009907704682,,,
R2,Seasonal,0.8961485129209462,0.9968393074396785,0.9234809222171975,24,24,24.0,48.0,500,0.0,0.0,26.59391185639223,9.589166790762981,1.7936959363067118,,,
R3,Stationary_WN,0.24577061911561981,0.24437647207804625,0.3060428872069685,None,5,,,500,0.0,0.0,0.0,0.0,11.325557234230512,,,
R4,Trending_ExponentialGrowth,0.9993389398904725,0.43338743268299373,0.28674759666601524,None,24,,,500,,,0.0,0.0,0.9377202694388456,,,
R1,Composite,0.9998398630711463,0.996511247208274,0.8805314231287279,12,12,12.0,24.0,500,0.38743869648393725,4.899361335850336e-05,17.874263151111244,5.721032779554879,1.0682045978970065,,,
R2,Seasonal,0.9316392417281909,0.9906640229683148,0.9282802110068066,12,12,12.0,24.0,500,0.0,0.0,16.601655474399607,11.650477145739044,1.640463102920012,,,
R3,Stationary_WN,0.4337139527008552,0.16759144123025782,0.25322308911086056,None,3,,,500,0.0,0.0,0.0,0.0,5.3602753928741524,,,
R4,Trending_MeanShift,0.9999229718056047,0.9996926443113169,0.08348918515930437,None,250,,,500,,,0.0,0.0,1.1446397077327681,,250.0,
R1,Composite,0.9996664915704456,0.984137560967147,0.7718879974594279,24,24,24.0,48.0,500,0.3553346613213655,-3.3913191231818153e-05,9.79775347849393,3.4839153262169624,1.3680738097507068,,,
R2,Seasonal,0.8706852189967799,0.9881619838689787,0.9041042924050441,24,24,24.0,48.0,500,0.0,0.0,15.50838329201647,9.770100182153659,1.8387040588203791,,,
R3,Stationary_WN,0.4844837694597569,0.09466267306880893,0.199816547442057,None,2,,,500,0.0,0.0,0.0,0.0,10.396495151965455,,,
R4,Trending_ExponentialGrowth,0.996718088746923,0.433993622257704,0.34270434908452363,None,24,,,500,,,0.0,0.0,1.1917783768386512,,,
R1,Composite,0.9999197345132605,0.9974810030467492,0.9360921650264022,12,12,12.0,24.0,500,-0.2981032794891405,2.471320524208783e-05,10.375121393605667,3.9610273816389165,0.5838432362129381,,,
R2,Seasonal,0.7058947973443095,0.9852089376834514,0.7516497302701309,12,12,12.0,24.0,500,0.0,0.0,12.053419420013832,4.737019035539718,1.501944962398921,,,
R3,Stationary_AR,0.16500408056775617,0.4484703428679755,0.6125945699427118,None,56,,,500,0.0,0.0,0.0,0.0,5.0,0.5641331866496423,,
R4,Trending_RandomWalkDrift,0.0,0.04304752316621474,0.0,None,167,,,500,,,0.0,0.0,0.7482106625955501,,,0.3486491788582527
R1,Composite,0.999908423243581,0.9991266385790504,0.9518875822439313,36,36,36.0,72.0,500,0.28886944735243514,-1.6271835819802605e-05,18.466932071318805,4.575871606640439,0.5963176504052881,,,
R2,Seasonal,0.9759048850251667,0.9988810675845738,0.979950328201541,36,36,36.0,72.0,500,0.0,0.0,26.951714523262382,11.964846648343215,0.9665550433995036,,,
R3,Stationary_WN,0.22574550614325473,0.3278659423385434,0.19935284951892407,None,8,,,500,0.0,0.0,0.0,0.0,10.212245957333803,,,
R4,Trending_MeanShift,0.9993741865476164,0.9975020140711957,0.0,None,250,,,500,,,0.0,0.0,0.6693003589722679,,250.0,
R1,Composite,0.9999080252387332,0.9991512454056443,0.9486175637025749,12,12,12.0,24.0,500,0.358620092405432,-4.900291171076651e-05,22.339279109721538,5.568047355168337,0.7272802297720622,,,
R2,Seasonal,0.9497713854668783,0.9996858532438341,0.9482875391589396,12,12,12.0,24.0,500,0.0,0.0,29.682427190628303,4.417461242290193,0.5456744659568035,,,
R3,Stationary_WN,0.20247313863671557,0.35286937679894614,0.22168590304836622,None,11,,,500,0.0,0.0,0.0,0.0,14.158490411579525,,,
R4,Trending_MeanShift,0.9982482302308837,0.9935966269177458,0.0,None,250,,,500,,,0.0,0.0,0.9025317379410566,,250.0,
R1,Composite,0.9999012214864234,0.9970346553441966,0.9484155911384959,48,50,48.0,96.0,500,0.39233849527359543,4.6282339881293915e-05,16.08816653788243,6.069439839097497,0.9748729057428047,,,
R2,Seasonal,0.699762235779971,0.9888564161673452,0.8236514882056223,48,50,48.0,96.0,500,0.0,0.0,19.80733756701805,6.670252444917476,1.8905703307813706,,,
R3,Stationary_AR,0.3210802841873016,0.6419229150102117,0.7237184499143543,None,33,,,500,0.0,0.0,0.0,0.0,5.0,0.6080671458491078,,
R4,Trending_MeanShift,0.9983607196011806,0.9933357453179102,0.0,None,250,,,500,,,0.0,0.0,1.314464883033775,,250.0,
R1,Composite,0.9997707741467069,0.9965895580319922,0.8769869759668018,12,12,12.0,24.0,500,-0.2815035565739146,-2.7332985453648854e-05,15.465662515046747,4.634330738053729,0.9803438938485042,,,
R2,Seasonal,0.6684461783307223,0.9777321767858718,0.7298348835229493,12,12,12.0,24.0,500,0.0,0.0,10.825062036242961,4.68386173991053,1.8850327704291714,,,
R3,Stationary_WN,0.3849623959815265,0.1414789405319119,0.3365806188657924,None,3,,,500,0.0,0.0,0.0,0.0,11.745722715629375,,,
R4,Trending_MeanShift,0.9999448521271759,0.9997781453053752,0.0,None,250,,,500,,,0.0,0.0,0.9210196757472202,,250.0,
R1,Composite,0.9998293045316525,0.9981812963610064,0.9744126580868675,48,50,48.0,96.0,500,0.28942893332546016,-2.5509722500078776e-05,18.053618796916012,7.958282621798816,0.7362188845106346,,,
R2,Seasonal,0.7114330496566144,0.9730624436389689,0.8243650182854223,48,50,48.0,96.0,500,0.0,0.0,10.680850712926258,5.8911494997327996,1.7431698860450409,,,
R3,Stationary_AR,0.3299728773152144,0.36292775577848446,0.5509215951612086,None,24,,,500,0.0,0.0,0.0,0.0,5.0,0.5702052482277985,,
R4,Trending_RandomWalkDrift,0.9997899918268458,0.7367458706996781,0.9224417582072932,None,24,,,500,,,0.0,0.0,1.0865627442934511,,,-0.22602256781137015
R1,Composite,0.9997528523768455,0.9884237142903549,0.6910482297504634,12,12,12.0,24.0,500,0.3919505021706682,4.036631562455619e-05,12.128544217015659,3.1823376388387734,1.3505194260299938,,,
R2,Seasonal,0.11682394002708973,0.997366387752915,0.27570388359034126,12,24,12.0,24.0,500,0.0,0.0,12.35601234775074,11.743613649806154,0.887918873275261,,,
R3,Stationary_WN,0.4137560135016629,0.33252263218396416,0.3830707126916073,None,4,,,500,0.0,0.0,0.0,0.0,6.167079424302867,,,
R4,Trending_RandomWalkDrift,0.9982162698575172,0.6609520773632973,0.8980690818469106,None,24,,,500,,,0.0,0.0,1.4683727597329028,,,-0.15285171140883855
R1,Composite,0.9990473343690953,0.9964475578510471,0.927921210026181,36,36,36.0,72.0,500,0.19789629467672787,-4.027665373025329e-05,18.63132221371412,7.44071104201671,1.1673798609936994,,,
R2,Seasonal,0.6217281068097387,0.9967620181366069,0.7418453153480213,36,36,36.0,72.0,500,0.0,0.0,28.057573390086308,4.512795718624647,1.763120850297545,,,
R3,Stationary_AR,0.25199861716101346,0.5664483594939937,0.6002561475887385,None,56,,,500,0.0,0.0,0.0,0.0,5.0,0.5890482761780156,,
R4,Trending_RandomWalkDrift,0.9973841570690518,0.7963979951171347,0.0,None,250,,,500,,,0.0,0.0,0.9464366973326515,,,0.39663866723387187
R1,Composite,0.9999434236918133,0.9994596408802449,0.9782728338069075,36,36,36.0,72.0,500,-0.34976412451138694,-1.29554765734612e-05,23.665643699448665,7.071584694225695,0.5856851753063529,,,
R2,Seasonal,0.9181921500346142,0.9979577300904241,0.9334805151756935,36,36,36.0,72.0,500,0.0,0.0,20.77487179760873,6.780753704907771,1.0408744043649405,,,
R3,Stationary_AR,0.08875609362524761,0.484080677540615,0.6542844909917485,None,45,,,500,0.0,0.0,0.0,0.0,5.0,0.6204670219597002,,
R4,Trending_RandomWalkDrift,0.9990152870236207,0.72448132605671,0.9031403687120658,None,24,,,500,,,0.0,0.0,1.3560935243368524,,,-0.28897272885999065
R1,Composite,0.9996533777853202,0.9980684519772135,0.9412698902303154,24,24,24.0,48.0,500,-0.2398768751800676,-1.4661009940620922e-05,21.08344498001139,6.9294146646512536,0.9973303765122218,,,
R2,Seasonal,0.9459053223754142,0.9891224770755773,0.9576295406152437,24,24,24.0,48.0,500,0.0,0.0,10.160653879308787,9.796102216197891,1.1542019624100592,,,
R3,Stationary_AR,0.3602130627205865,0.4862434096722281,0.5481584926024023,None,12,,,500,0.0,0.0,0.0,0.0,5.0,0.4911913613579234,,
R4,Trending_RandomWalkDrift,0.9772703770638227,0.7545367549274629,0.0,None,250,,,500,,,0.0,0.0,1.0092634861064629,,,0.3816487353266801
R1,Composite,0.9999263695056856,0.9994398767306162,0.8669265191923623,36,36,36.0,72.0,500,0.30840268968843343,-2.4787751705265747e-05,21.871286259888638,2.352758482854252,0.5804106768994916,,,
R2,Seasonal,0.37605546898609554,0.995357155774919,0.6344198174286351,36,36,36.0,72.0,500,0.0,0.0,28.767449294577503,4.136177201053786,1.899838617759279,,,
R3,Stationary_WN,0.3304353587249296,0.30836876339763075,0.2785564817066586,None,6,,,500,0.0,0.0,0.0,0.0,6.684175526626047,,,
R4,Trending_RandomWalkDrift,0.9997903021368595,0.7491794615885556,0.8944248305179108,None,24,,,500,,,0.0,0.0,0.6737718394754889,,,-0.4528501410578417
R1,Composite,0.9996648883910779,0.9992898664321852,0.9646940681400566,24,24,24.0,48.0,500,-0.14930735911518234,-3.043135530271409e-05,22.83192150777598,6.079955008306847,0.769265844709363,,,
R2,Seasonal,0.8955366098269314,0.9977612505813421,0.9242910288968152,24,24,24.0,48.0,500,0.0,0.0,26.2627057109673,7.950888437669012,1.392182871231014,,,
R3,Stationary_WN,0.44114130859724476,0.19185583743393775,0.38860118570469093,None,3,,,500,0.0,0.0,0.0,0.0,13.162601367363624,,,
R4,Trending_MeanShift,0.9998599703559389,0.9994327608394636,0.0,None,250,,,500,,,0.0,0.0,0.6552735181624483,,250.0,
R1,Composite,0.9994888909685489,0.9968889389678478,0.8723842812613631,36,36,36.0,72.0,500,0.24005920020421026,-2.9179672735552025e-05,18.51228162133155,4.874305689612683,1.1370869482833112,,,
R2,Seasonal,0.0465404156085808,0.9887519975830406,0.3106103611725439,36,71,36.0,72.0,500,0.0,0.0,10.978939532671802,11.900444533027251,1.6738980187139323,,,
R3,Stationary_WN,0.18913268747361311,0.2917333091411831,0.28176493775381894,None,10,,,500,0.0,0.0,0.0,0.0,13.023999398965625,,,
R4,Trending_MeanShift,0.9999836651696831,0.999934438843309,0.0,None,250,,,500,,,0.0,0.0,0.6332345874009299,,250.0,
R1,Composite,0.9997803953528196,0.9986900278900782,0.9066436452247018,24,24,24.0,48.0,500,-0.2509462633351184,1.5296023741662547e-05,20.09944745059532,4.1344701401090616,0.7578007551056721,,,
R2,Seasonal,0.915875048198267,0.9957113744837932,0.937035147658167,24,24,24.0,48.0,500,0.0,0.0,11.705904023723988,5.713138529458086,0.8481684936301528,,,
R3,Stationary_AR,0.409929652588639,0.6850670576300433,0.7242449264236918,None,45,,,500,0.0,0.0,0.0,0.0,5.0,0.6443174255981121,,
R4,Trending_ExponentialGrowth,0.9975853102730878,0.3359590212320027,0.2725126522844922,None,24,,,500,,,0.0,0.0,1.3500574095542168,,,
R1,Composite,0.9997294353689242,0.9966306161348789,0.8605036697112224,12,12,12.0,24.0,500,0.3605333003543145,2.73526266388788e-05,21.500347244669634,5.906425838425546,1.3235861410236602,,,
R2,Seasonal,0.8981589895576239,0.9933420530505809,0.9026152978172405,12,12,12.0,24.0,500,0.0,0.0,18.710673659443664,9.086550066026128,1.6020830630174825,,,
R3,Stationary_WN,0.2833807462007032,0.28791980980685816,0.31005123278385216,None,5,,,500,0.0,0.0,0.0,0.0,11.673901009382494,,,
R4,Trending_RandomWalkDrift,0.9994256381735638,0.6035932571900834,0.7631258683502793,None,24,,,500,,,0.0,0.0,1.4556410645089821,,,-0.4072979545975396
R1,Composite,0.999689679811859,0.9963214992016968,0.7119113357979492,24,24,24.0,48.0,500,-0.39597475630996437,1.4715047058563108e-05,22.796432439902382,3.743304988049771,1.3480562009671342,,,
R2,Seasonal,0.8447841180528101,0.9814235894060047,0.893601252099286,24,24,24.0,48.0,500,0.0,0.0,12.336771474682852,8.804782451965702,1.9993960605639118,,,
R3,Stationary_AR,0.16471925989825642,0.5509801585595344,0.7101490743763306,None,45,,,500,0.0,0.0,0.0,0.0,5.0,0.6061164212883394,,
R4,Trending_MeanShift,0.9999441612450415,0.9997753469431856,0.07748051521142585,None,250,,,500,,,0.0,0.0,1.2276388334193462,,250.0,
R1,Composite,0.9983096971371987,0.9973269699510083,0.7215244388984144,12,12,12.0,24.0,500,-0.15422992519896037,2.9453882968990428e-05,22.699260491398093,2.8063017990288484,1.2488299482756082,,,
R2,Seasonal,0.9315962481806839,0.9964434583466724,0.9274487931960632,12,12,12.0,24.0,500,0.0,0.0,22.62183188188623,9.638045116842157,1.3116480573572973,,,
R3,Stationary_AR,0.32843317449857645,0.5302960031456874,0.6911717579032297,None,19,,,500,0.0,0.0,0.0,0.0,5.0,0.5446918610330523,,
R4,Trending_RandomWalkDrift,0.5235080372761061,0.2048850053922442,0.0,None,167,,,500,,,0.0,0.0,1.311216393781153,,,0.4939556326212253
R1,Composite,0.9996233858897319,0.9982958411786317,0.9129993707461356,36,36,36.0,72.0,500,0.23102009054589326,-1.768109090433981e-05,21.097471369091878,5.236281429902977,0.9723928088914329,,,
R2,Seasonal,0.9065987285442905,0.993328206651048,0.9282935681233624,36,36,36.0,72.0,500,0.0,0.0,21.21928773893307,11.706240049387393,1.85444437766248,,,
R3,Stationary_AR,0.4128873462749869,0.48832722397934025,0.6840810732842264,None,22,,,500,0.0,0.0,0.0,0.0,5.0,0.5781602525576764,,
R4,Trending_RandomWalkDrift,0.9981869311521836,0.6996718301918881,0.8680971525326824,None,24,,,500,,,0.0,0.0,1.082518771443353,,,0.26282266661007214
R1,Composite,0.999619834055638,0.9919642824067306,0.9287786304711176,36,36,36.0,72.0,500,-0.3134228675864087,4.763312113157094e-05,12.849145701063172,7.5963254058196465,1.2236676994128999,,,
R2,Seasonal,0.6960640427868394,0.9918462396945642,0.8082348287031357,36,36,36.0,72.0,500,0.0,0.0,15.357726850949069,4.83918763676457,1.4925329844565052,,,
R3,Stationary_WN,0.5245883400398635,0.1442489670852467,0.25784367746328274,None,2,,,500,0.0,0.0,0.0,0.0,9.767685183437763,,,
R4,Trending_RandomWalkDrift,0.9989158055727198,0.7362809176921532,0.9112493806562353,None,24,,,500,,,0.0,0.0,0.7083893340917135,,,0.2137683180549934
R1,Composite,0.9994224616272025,0.9948683096150757,0.29929535314540334,12,24,12.0,24.0,500,-0.14618081295293192,-3.410023212061543e-05,8.438724967162807,7.163628500712186,0.7339101294568212,,,
R2,Seasonal,0.9605929026278945,0.9978205793183599,0.9572950371355152,12,12,12.0,24.0,500,0.0,0.0,26.94350912043996,11.871935365031021,1.4186259310947875,,,
R3,Stationary_WN,0.22309281032481088,0.3692851982389984,0.31556306215765184,None,10,,,500,0.0,0.0,0.0,0.0,11.857844421590608,,,
R4,Trending_ExponentialGrowth,0.9997573165762935,0.4513116585763022,0.453433617691655,None,24,,,500,,,0.0,0.0,0.5711379345804155,,,
R1,Composite,0.9997213587250694,0.9943383943360383,0.965528349618891,24,24,24.0,48.0,500,0.23919887136587367,-1.2291106139674867e-05,10.234028497084168,7.815946705681021,0.7862490945801057,,,
R2,Seasonal,0.9596563000880859,0.9990018533761723,0.9691593684484635,24,24,24.0,48.0,500,0.0,0.0,26.454008923419035,8.841596989737731,0.9463753832177992,,,
R3,Stationary_AR,0.10393690700007752,0.5384600067373373,0.4995004442226677,None,50,,,500,0.0,0.0,0.0,0.0,5.0,0.41265307360739273,,
R4,Trending_ExponentialGrowth,0.9912633765182564,0.3972060763879852,0.3343455446918784,None,24,,,500,,,0.0,0.0,1.4574860980060238,,,
R1,Composite,0.999902571995371,0.9996053795190604,0.9751606104112496,12,12,12.0,24.0,500,-0.24908201536010874,2.35655274361718e-05,24.217202348239578,6.016204609784995,0.5625544852544216,,,
R2,Seasonal,0.9565333309264052,0.9982379081508812,0.9542492311180223,12,12,12.0,24.0,500,0.0,0.0,11.76072759064138,4.493738098362357,0.5592353269152752,,,
R3,Stationary_AR,0.25603734730023664,0.67294662812401,0.717675344117675,None,31,,,500,0.0,0.0,0.0,0.0,5.0,0.6626204825703663,,
R4,Trending_ExponentialGrowth,0.9997208253468063,0.3854688463388285,0.38524141364932063,None,24,,,500,,,0.0,0.0,0.7803328946701694,,,
R1,Composite,0.9989785109955187,0.9969519697239129,0.8263607605346537,24,24,24.0,48.0,500,-0.18402774461485777,4.821249359343292e-05,18.56969626142333,3.998587913191114,1.0706624030689567,,,
R2,Seasonal,0.8481961103470325,0.9930030594447573,0.8978083795079113,24,24,24.0,48.0,500,0.0,0.0,20.543957496448662,9.194955731409024,1.886143448988939,,,
R3,Stationary_AR,0.16645023609144283,0.5302230134936761,0.5539510565220561,None,19,,,500,0.0,0.0,0.0,0.0,5.0,0.44323895916651457,,
R4,Trending_MeanShift,0.9997811180775433,0.9991637736322101,0.0,None,250,,,500,,,0.0,0.0,1.0738314132440454,,250.0,
R1,Composite,0.9995354460029362,0.9978448549326263,0.8624214043374626,48,50,48.0,96.0,500,-0.2411458536712285,2.36916286250324e-05,22.461807359815392,2.6500993771596404,0.8343206367355632,,,
R2,Seasonal,0.913166036986751,0.9976382664737506,0.939562077359149,48,50,48.0,96.0,500,0.0,0.0,15.873300107335506,4.98364295896773,0.7420683199548155,,,
R3,Stationary_WN,0.3995287483097234,0.19722274424124342,0.31143558889018885,None,3,,,500,0.0,0.0,0.0,0.0,6.686455829830766,,,
R4,Trending_RandomWalkDrift,0.7700599784348924,0.6694478925974298,0.0,None,250,,,500,,,0.0,0.0,1.4632355733379316,,,0.25950328669723954
R1,Composite,0.9997797713031706,0.9978399642627546,0.8511286936050724,36,36,36.0,72.0,500,-0.2727871255615123,-3.66159624574067e-05,19.036589711659854,3.762852308787692,0.8898661264980632,,,
R2,Seasonal,0.9649619105207066,0.999640892951166,0.971575467952943,36,36,36.0,72.0,500,0.0,0.0,28.00390360705868,5.925070963781272,0.6182598708432571,,,
R3,Stationary_AR,0.2343709283396691,0.4327193442178866,0.6052838336764871,None,19,,,500,0.0,0.0,0.0,0.0,5.0,0.5640856954433742,,
R4,Trending_MeanShift,0.9999108679122027,0.9996467846613399,0.0,None,250,,,500,,,0.0,0.0,1.1171994965300294,,250.0,
R1,Composite,0.9988155912162957,0.9973692856821398,0.7196353307879415,24,24,24.0,48.0,500,0.12287397864679592,3.7884492750699576e-05,19.25788955086209,2.5302060898630945,1.0155507194265572,,,
R2,Seasonal,0.8327602047555718,0.9981826570971827,0.8826936285051425,24,24,24.0,48.0,500,0.0,0.0,26.19620465730341,5.501086494051604,1.1990892538918427,,,
R3,Stationary_AR,0.18497312852264802,0.4544799325048724,0.5600596178193966,None,28,,,500,0.0,0.0,0.0,0.0,5.0,0.49257750569169223,,
R4,Trending_MeanShift,0.9997696818368155,0.9991082561846115,0.0,None,250,,,500,,,0.0,0.0,1.2746758318925124,,250.0,
R1,Composite,0.998688177528744,0.9956400759979377,0.7334370746575015,24,24,24.0,48.0,500,0.16724942991153524,4.816578148534585e-05,21.337600826402266,3.723725720875807,1.3224110955255934,,,
R2,Seasonal,0.8582774996260225,0.9965185298153976,0.8953747545104167,24,24,24.0,48.0,500,0.0,0.0,28.928079043050378,9.26957516846034,1.856608185709977,,,
R3,Stationary_AR,0.013584672306282686,0.812253958115078,0.14201220668480563,None,250,,,500,0.0,0.0,0.0,0.0,5.0,0.48099134639294305,,
R4,Trending_ExponentialGrowth,0.9997742191631503,0.4727266535323166,0.4267812270627491,None,24,,,500,,,0.0,0.0,0.771993579594773,,,
R1,Composite,0.9998527271738987,0.9992272236436269,0.9073174265961438,12,12,12.0,24.0,500,-0.227869839629542,-3.0327972739937634e-05,21.72235636539701,3.6591454188172903,0.6627080170873488,,,
R2,Seasonal,0.9600100740730245,0.9964244153911459,0.9574351330832978,12,12,12.0,24.0,500,0.0,0.0,16.29275090265263,9.334985601485553,1.006498775440643,,,
R3,Stationary_AR,0.25806131946707644,0.39146203614686903,0.5364479643620857,None,14,,,500,0.0,0.0,0.0,0.0,5.0,0.4578735059948088,,
R4,Trending_ExponentialGrowth,0.9986361370049468,0.40634110823022984,0.34676618052106245,None,24,,,500,,,0.0,0.0,1.0137734219064491,,,
R1,Composite,0.9999403039582139,0.9977807685808038,0.8212031560475399,12,12,12.0,24.0,500,-0.31539805414017297,-1.960342175215514e-05,10.891792699586684,2.109625669070385,0.5619793581678117,,,
R2,Seasonal,0.9466771670430242,0.9968988138232683,0.9445862537368283,12,12,12.0,24.0,500,0.0,0.0,24.11918504336942,11.091128638047184,1.4785811211755597,,,
R3,Stationary_AR,0.15793550021203373,0.3440629712048826,0.5172755360165351,None,20,,,500,0.0,0.0,0.0,0.0,5.0,0.4708574338067609,,
R4,Trending_MeanShift,0.9999813558260965,0.9999256951035165,0.13474136887375165,None,250,,,500,,,0.0,0.0,0.5940317363134469,,250.0,
R1,Composite,0.9997234693688039,0.99825942350708,0.9288771848347936,36,36,36.0,72.0,500,-0.2740822559727499,3.708885134850319e-05,20.893407762402674,5.827979712249793,0.9954803509147391,,,
R2,Seasonal,0.7541477683553011,0.988596600313606,0.8191818594806948,36,36,36.0,72.0,500,0.0,0.0,15.180483774723134,6.146755991886241,1.736544670620565,,,
R3,Stationary_WN,0.5529338941534526,0.14864411748511008,0.26380515931017323,None,2,,,500,0.0,0.0,0.0,0.0,12.81788403335674,,,
R4,Trending_ExponentialGrowth,0.9993197205647412,0.36752262851826467,0.3997971857150222,None,24,,,500,,,0.0,0.0,0.6210580572558366,,,
R1,Composite,0.9996823314676754,0.9970837037413265,0.6867562121570501,24,24,24.0,48.0,500,0.3451118910031944,4.339363538954269e-05,24.543639146941572,2.7028655939042348,1.324761777009001,,,
R2,Seasonal,0.9383743893078059,0.9963281259235258,0.9536631706757613,24,24,24.0,48.0,500,0.0,0.0,18.490401446021387,9.505833582319081,1.2318253116720694,,,
R3,Stationary_AR,0.11862489067276993,0.6409013518211986,0.6548140127953801,None,71,,,500,0.0,0.0,0.0,0.0,5.0,0.5512006574606318,,
R4,Trending_MeanShift,0.9996809888058655,0.9986777138199727,0.0,None,250,,,500,,,0.0,0.0,0.8542068314785292,,250.0,
R1,Composite,0.9992650299632572,0.9818715448062447,0.8617736450476623,24,24,24.0,48.0,500,0.2904693965483653,-4.554031977116816e-05,10.581324179341102,6.746775392453561,1.4955619469635957,,,
R2,Seasonal,0.9756969084456015,0.9990127435817908,0.9810981647320265,24,24,24.0,48.0,500,0.0,0.0,19.82679246983625,8.586122291665202,0.6950599373440108,,,
R3,Stationary_WN,0.4957570617258644,0.11277528536980752,0.16478266173718714,None,2,,,500,0.0,0.0,0.0,0.0,14.391420446410555,,,
R4,Trending_MeanShift,0.9999137780255358,0.9996535323762425,0.0,None,250,,,500,,,0.0,0.0,1.145043899880029,,250.0,
R1,Composite,0.9995752076676349,0.9912076627739459,0.9360521703034503,12,12,12.0,24.0,500,0.24896881816726188,-1.6013705545854214e-05,10.62365132854643,7.665752335074907,1.0878457699406472,,,
R2,Seasonal,0.9467237237708178,0.9932112673942383,0.9444467823222295,12,12,12.0,24.0,500,0.0,0.0,15.092473810651319,10.3797232268615,1.461071386853764,,,
R3,Stationary_AR,0.19483748072589324,0.5647306350297572,0.6220203921309895,None,23,,,500,0.0,0.0,0.0,0.0,5.0,0.6134994557693199,,
R4,Trending_MeanShift,0.9998823377020694,0.9995362917700801,0.0,None,250,,,500,,,0.0,0.0,1.2994234617766556,,250.0,
R1,Composite,0.9993436509444864,0.9943727020151083,0.7717373721774285,48,50,48.0,96.0,500,0.24058833688045098,-2.9504607270331644e-05,16.595718787613443,2.198088658897603,1.026325694843346,,,
R2,Seasonal,0.0388848037984485,0.9969761437455166,0.8310324325722184,48,100,48.0,96.0,500,0.0,0.0,13.186281200164114,10.890271737027106,1.078563433633383,,,
R3,Stationary_WN,0.4498819905986726,0.2924864147956946,0.329872351397957,None,3,,,500,0.0,0.0,0.0,0.0,14.729235416103263,,,
R4,Trending_ExponentialGrowth,0.9958874640624233,0.37249605081352366,0.2718344976007564,None,24,,,500,,,0.0,0.0,1.4931140661129616,,,
R1,Composite,0.9997027760011903,0.9953327095738873,0.7782615331086429,24,24,24.0,48.0,500,0.22536433661395697,3.869015554343739e-05,12.344601182014049,2.5790037868829163,0.8633155041396016,,,
R2,Seasonal,0.8404764912061107,0.9940894943253502,0.8867521626095007,24,24,24.0,48.0,500,0.0,0.0,18.90195465160867,7.428526360930075,1.5386286865455108,,,
R3,Stationary_WN,0.2630473360203298,0.3745146503589707,0.3495612919452262,None,7,,,500,0.0,0.0,0.0,0.0,8.685068474585101,,,
R4,Trending_RandomWalkDrift,0.9993653116098815,0.590627325671926,0.849013326234044,None,24,,,500,,,0.0,0.0,0.6291511579710588,,,0.2992091560695021
R1,Composite,0.9994117029276366,0.9982346932296929,0.9594652941314015,24,24,24.0,48.0,500,-0.1441646547481509,-3.980547036739591e-05,19.062695632957265,7.373473255182733,0.9040796915056294,,,
R2,Seasonal,0.8041414305906052,0.994127605005855,0.8586098805216597,24,24,24.0,48.0,500,0.0,0.0,20.26059174833016,6.971411884340513,1.707646369150116,,,
R3,Stationary_WN,0.4635515126651195,0.18871478554079169,0.3613559178394895,None,3,,,500,0.0,0.0,0.0,0.0,7.855335852607105,,,
R4,Trending_MeanShift,0.9997813490885566,0.9991402928999956,0.041028713162994834,None,250,,,500,,,0.0,0.0,1.287290766631005,,250.0,
R1,Composite,0.9995134624514737,0.9991532297711639,0.9690805703770582,24,24,24.0,48.0,500,-0.17397556632760452,3.690247217911972e-05,23.910451884648538,7.2769337000411065,0.7325187353066014,,,
R2,Seasonal,0.9645331424357516,0.9969029026214322,0.9727603722229743,24,24,24.0,48.0,500,0.0,0.0,11.184133213184158,7.203044285606949,0.6562367694579256,,,
R3,Stationary_AR,0.31163969420833726,0.554824644752892,0.7065832504819596,None,38,,,500,0.0,0.0,0.0,0.0,5.0,0.6798438762174746,,
R4,Trending_RandomWalkDrift,0.9993791659076,0.44712771145818875,0.8177959356175133,None,24,,,500,,,0.0,0.0,1.1140536226461255,,,0.43856666837914016
R1,Composite,0.9996548285160639,0.9950349215909285,0.87653082164493,24,24,24.0,48.0,500,-0.21147497127265358,2.4986943190154737e-05,10.490740754539017,3.57440567696709,0.7762145387775704,,,
R2,Seasonal,0.9498237476527723,0.9980394065092788,0.9618664337584432,24,24,24.0,48.0,500,0.0,0.0,27.446438219934894,11.648866009681342,1.429193782802048,,,
R3,Stationary_WN,0.19103037309765336,0.3054144639947495,0.14456644742912728,None,9,,,500,0.0,0.0,0.0,0.0,12.22703490610899,,,
R4,Trending_MeanShift,0.9999652244499709,0.9998612830442342,0.29021261538891896,None,250,,,500,,,0.0,0.0,1.3137951273074053,,250.0,
R1,Composite,0.9989200128888135,0.9975923945233692,0.7858964340399144,36,36,36.0,72.0,500,0.1406917960641999,-1.0922974885781285e-05,18.222090370979537,2.623427486787193,1.0055900093924215,,,
R2,Seasonal,0.939762134374798,0.990949123699717,0.9514744125951433,36,36,36.0,72.0,500,0.0,0.0,13.64212966664139,11.007332772279419,1.4021197506059884,,,
R3,Stationary_AR,0.21770172733255666,0.6321332547793492,0.6920281870340734,None,28,,,500,0.0,0.0,0.0,0.0,5.0,0.6550463881087047,,
R4,Trending_MeanShift,0.9994423263441172,0.9978631422862148,0.0,None,250,,,500,,,0.0,0.0,0.7624979919572314,,250.0,
R1,Composite,0.999855714513263,0.9988141987452254,0.95758394365719,24,24,24.0,48.0,500,-0.2910066413638627,2.742428588247669e-05,19.47702834227269,5.968914723466896,0.737315240688538,,,
R2,Seasonal,0.9090763026910074,0.998046757059729,0.931984781940229,24,24,24.0,48.0,500,0.0,0.0,27.249859561816116,8.059336964739641,1.4214025226027498,,,
R3,Stationary_WN,0.3454178420764422,0.2822578921477511,0.305986306576128,None,5,,,500,0.0,0.0,0.0,0.0,9.400747564908393,,,
R4,Trending_ExponentialGrowth,0.9963921947255732,0.38050619176013156,0.3283420024157615,None,24,,,500,,,0.0,0.0,1.366171296728843,,,
R1,Composite,0.9998878036101673,0.9972786701449935,0.9687887375878093,24,24,24.0,48.0,500,0.32188669816344284,-4.029437923208388e-05,12.259618968544329,6.818586089676213,0.6886829921956887,,,
R2,Seasonal,0.9345852174006571,0.9979197232752202,0.9498290847507972,24,24,24.0,48.0,500,0.0,0.0,26.897460589843213,9.99232233876318,1.3480721242406226,,,
R3,Stationary_AR,0.10223534689133618,0.4026432090143083,0.48710601618051974,None,62,,,500,0.0,0.0,0.0,0.0,5.0,0.44145052020744324,,
R4,Trending_RandomWalkDrift,0.9979597315538089,0.9508934175478923,0.7574435098743435,None,250,,,500,,,0.0,0.0,0.771951282242911,,,-0.2826957123717651
R1,Composite,0.999605070504641,0.9939991009878364,0.6400162826743085,36,36,36.0,72.0,500,0.3362084523361192,-1.8427642009151975e-05,16.92883866350755,2.4758173229034828,1.3114733451075897,,,
R2,Seasonal,0.8928682916679858,0.9926381385863662,0.9200678550466069,36,36,36.0,72.0,500,0.0,0.0,18.294775916781255,9.880392401918398,1.5712944665452726,,,
R3,Stationary_WN,0.45061217410717114,0.19652774439147014,0.3275012089371816,None,3,,,500,0.0,0.0,0.0,0.0,7.772220359787414,,,
R4,Trending_MeanShift,0.9998326003094952,0.9993152016984704,0.0,None,250,,,500,,,0.0,0.0,0.8006094462602147,,250.0,
R1,Composite,0.9998546743623946,0.9947649319576944,0.9692576902336931,12,12,12.0,24.0,500,0.30157779912203825,-2.909585426287482e-05,9.634911033791745,7.972627723374676,0.7173741842888663,,,
R2,Seasonal,0.9099512821119069,0.9960270469685826,0.9042741435057355,12,12,12.0,24.0,500,0.0,0.0,19.73947390990047,7.603960233145247,1.249607777924942,,,
R3,Stationary_AR,0.2719615122889847,0.42404050147805394,0.42570804100145054,None,10,,,500,0.0,0.0,0.0,0.0,5.0,0.42904946996682475,,
R4,Trending_ExponentialGrowth,0.9997873859647654,0.36594537248066794,0.46237633888850016,None,24,,,500,,,0.0,0.0,0.6366702923416006,,,
R1,Composite,0.9996725802542916,0.985597801074233,0.837688665720016,24,24,24.0,48.0,500,-0.36727558456242926,2.1615662509031785e-05,10.484891679907756,5.1307159017115636,1.3738529140533975,,,
R2,Seasonal,0.8639294411196847,0.9975475498510593,0.9020411322012066,24,24,24.0,48.0,500,0.0,0.0,29.26321060051417,7.947284300545865,1.6858751183392695,,,
R3,Stationary_WN,0.4044960949371792,0.26279856628726117,0.2807180622765727,None,3,,,500,0.0,0.0,0.0,0.0,11.253215492466701,,,
R4,Trending_MeanShift,0.9999421905795715,0.9997711269936865,0.0,None,250,,,500,,,0.0,0.0,0.7097871235544319,,250.0,
R1,Composite,0.9998753195928595,0.9979994608606141,0.9621783708780022,36,36,36.0,72.0,500,-0.3204859919698779,4.799761156864117e-05,15.122805528211472,6.460439177545261,0.6655713474398951,,,
R2,Seasonal,0.0026092187680516465,0.9914370036153194,0.3286227347554601,36,71,36.0,72.0,500,0.0,0.0,10.819261741438819,11.554033373273167,1.5213460249580104,,,
R3,Stationary_AR,0.09269528906949676,0.5499979524710656,0.6767510163408701,None,45,,,500,0.0,0.0,0.0,0.0,5.0,0.6408252431804069,,
R4,Trending_MeanShift,0.9992018235408879,0.9968364365674177,0.0,None,250,,,500,,,0.0,0.0,0.989990233384162,,250.0,
R1,Composite,0.9994623720270124,0.9921939625944629,0.8445369663494466,36,36,36.0,72.0,500,0.19647013328556046,2.3627903196249876e-05,11.092669149958516,3.9713013051436046,1.0831020581150486,,,
R2,Seasonal,0.8318898115472024,0.9873859618366349,0.8761163169572783,36,36,36.0,72.0,500,0.0,0.0,15.523776115645646,8.462110239382529,1.8241811777244428,,,
R3,Stationary_WN,0.27999974870315825,0.33009492352792347,0.3009039669545618,None,6,,,500,0.0,0.0,0.0,0.0,5.786207992158391,,,
R4,Trending_RandomWalkDrift,0.9996719919906591,0.6255245895613588,0.8830583700911951,None,24,,,500,,,0.0,0.0,0.6451785979940228,,,0.43705840213045
R1,Composite,0.9993321072653756,0.9965355096178363,0.8161486038498752,48,100,48.0,96.0,500,0.12668881072648647,1.903049168760539e-05,9.4455410820662,7.742599855896971,0.7941772653264456,,,
R2,Seasonal,0.9602072464963883,0.9976247664817698,0.9707260540593385,48,50,48.0,96.0,500,0.0,0.0,17.17227060584349,7.944201217932376,0.800074949340332,,,
R3,Stationary_WN,0.11843834648327711,0.4132391567766168,0.4204300671954504,None,17,,,500,0.0,0.0,0.0,0.0,9.199446752733989,,,
R4,Trending_MeanShift,0.999422066125052,0.9978011987970191,0.0,None,250,,,500,,,0.0,0.0,1.0006619702249646,,250.0,
R1,Composite,0.9997053456574863,0.9983331635506666,0.9751213819887928,24,24,24.0,48.0,500,-0.16825496855015273,-2.0555198006703436e-05,14.983432677302492,7.282373641253406,0.6224031332102111,,,
R2,Seasonal,0.7837326830357993,0.9966237274638727,0.8550704991038882,24,24,24.0,48.0,500,0.0,0.0,19.094832089226955,4.6148394193514255,1.3203298843887614,,,
R3,Stationary_WN,0.45476047279120535,0.1654864839718846,0.3768634195394617,None,3,,,500,0.0,0.0,0.0,0.0,7.056218671197704,,,
R4,Trending_ExponentialGrowth,0.9939301236878534,0.3787589266470801,0.25195632013438374,None,24,,,500,,,0.0,0.0,0.8196467903864308,,,
R1,Composite,0.9998436053281186,0.9989817345455163,0.958583350890655,48,50,48.0,96.0,500,0.27738755638677914,1.0095837138227434e-05,23.800297514425154,4.761608916840133,0.5833108004499592,,,
R2,Seasonal,0.9855635208446449,0.9992936296669557,0.9887942472318187,48,50,48.0,96.0,500,0.0,0.0,27.494675103037572,11.643808867597496,0.7043106405401994,,,
R3,Stationary_AR,0.5139213050460996,0.34590968942945766,0.48314491387779623,None,5,,,500,0.0,0.0,0.0,0.0,5.0,0.466080829524497,,
R4,Trending_RandomWalkDrift,0.9991496002905554,0.5428534243365448,0.8331177754568286,None,24,,,500,,,0.0,0.0,0.6855041700012261,,,0.17387339053349343
R1,Composite,0.9998451967575748,0.9989717620305163,0.9799172801543511,12,12,12.0,24.0,500,0.1990375944136349,4.485977518021228e-05,17.421471169618336,7.909025119071384,0.5743317200306339,,,
R2,Seasonal,0.9656463101303977,0.9989009346613926,0.9628972946965614,12,12,12.0,24.0,500,0.0,0.0,25.30994934552141,8.558323482371183,0.9084330526781252,,,
R3,Stationary_AR,0.1412953765561792,0.5676620773266563,0.6809541931151932,None,38,,,500,0.0,0.0,0.0,0.0,5.0,0.48300398059327276,,
R4,Trending_ExponentialGrowth,0.9963140671754654,0.39474905651319625,0.34978432721990194,None,24,,,500,,,0.0,0.0,0.8221940266721539,,,
R1,Composite,0.9998982126188884,0.9977944378935222,0.9718689463472715,36,36,36.0,72.0,500,0.2738828168441894,-2.4219091213988815e-05,11.415649106811225,5.9696256861287464,0.5560759688117027,,,
R2,Seasonal,0.9408384349418465,0.9881566629858288,0.9515730932418001,36,36,36.0,72.0,500,0.0,0.0,12.317169118718589,11.224081172041206,1.4093910287935898,,,
R3,Stationary_AR,0.296360915248605,0.41381022435076853,0.4612537771096953,None,12,,,500,0.0,0.0,0.0,0.0,5.0,0.4821818370623972,,
R4,Trending_MeanShift,0.9999025155950552,0.999606520131602,0.0,None,250,,,500,,,0.0,0.0,0.836978066992488,,250.0,
R1,Composite,0.9998169846705347,0.996656767350045,0.8645494418475366,48,50,48.0,96.0,500,-0.34679219162225866,1.6786334446016506e-05,16.548090514394808,3.467463646186231,1.002607169396485,,,
R2,Seasonal,0.8780198883516405,0.9965940914955038,0.9151889926273866,48,50,48.0,96.0,500,0.0,0.0,14.640098324679405,4.211849618823355,0.8252494915544044,,,
R3,Stationary_AR,0.1977002814510509,0.45868027735464556,0.5702849127455927,None,25,,,500,0.0,0.0,0.0,0.0,5.0,0.5167071690942187,,
R4,Trending_RandomWalkDrift,0.9973126085158075,0.8166791825564648,0.7561402261312273,None,250,,,500,,,0.0,0.0,0.8004041950398151,,,-0.4146904844107152
R1,Composite,0.9994692522190762,0.9985905282853103,0.9681701785101414,36,36,36.0,72.0,500,0.10496921014919819,3.222557710356863e-05,15.123154273823666,5.968525303976534,0.6219676350852363,,,
R2,Seasonal,0.9070388235785407,0.9975588182682195,0.9262872381405214,36,36,36.0,72.0,500,0.0,0.0,26.480678829687577,8.64448368405435,1.4020317038448433,,,
R3,Stationary_AR,0.28637725461093977,0.5685194194626844,0.6950517337431292,None,56,,,500,0.0,0.0,0.0,0.0,5.0,0.6565345000574689,,
R4,Trending_MeanShift,0.9998025540631916,0.9992062578727703,0.10912145369087656,None,250,,,500,,,0.0,0.0,1.4255396231584692,,250.0,
R1,Composite,0.9996969346424298,0.9992484055557472,0.862684891786451,24,24,24.0,48.0,500,0.17289790116651582,1.5130887081850856e-05,23.30864861026609,2.9435518072402633,0.6512721847700954,,,
R2,Seasonal,0.9633941250376442,0.9983030778366426,0.9723623095617386,24,24,24.0,48.0,500,0.0,0.0,26.108933756321996,11.903533207086666,1.1348812610324537,,,
R3,Stationary_WN,0.4376158096200302,0.3275405833260161,0.3529739831936327,None,4,,,500,0.0,0.0,0.0,0.0,14.191016484041594,,,
R4,Trending_MeanShift,0.9997557758231657,0.9990147973920757,0.21815019015738724,None,250,,,500,,,0.0,0.0,1.4849060627149324,,250.0,
R1,Composite,0.9998972818636956,0.9985565894190501,0.8244894027742108,24,24,24.0,48.0,500,-0.39954177905782184,2.1973606667594478e-05,20.97511016968711,3.014491578211371,0.7978943668277648,,,
R2,Seasonal,0.9409618782649833,0.9973910054472749,0.9541210130295374,24,24,24.0,48.0,500,0.0,0.0,21.45297200693463,9.439372344607655,1.1696809330890408,,,
R3,Stationary_AR,0.14074579874442228,0.8056845747680635,0.5388215330785324,None,167,,,500,0.0,0.0,0.0,0.0,5.0,0.45988680567034657,,
R4,Trending_ExponentialGrowth,0.9838202641508488,0.4209990759891087,0.35972791450442987,None,24,,,500,,,0.0,0.0,1.3604396577324178,,,
R1,Composite,0.9993917129357442,0.9962768923040212,0.868061206941139,12,12,12.0,24.0,500,-0.20326971719156053,3.1061705191383206e-05,15.567181656422532,4.643556135743641,1.0462129598082917,,,
R2,Seasonal,0.9798264679708734,0.9993127527530015,0.9778992656330168,12,12,12.0,24.0,500,0.0,0.0,21.138633364563034,7.4171217537402985,0.506963392248523,,,
R3,Stationary_WN,0.3963232993085225,0.14469486436344825,0.39272223110312765,None,3,,,500,0.0,0.0,0.0,0.0,14.334031592036787,,,
R4,Trending_RandomWalkDrift,0.9487638638868634,0.48556318145428523,0.0,None,250,,,500,,,0.0,0.0,0.8276921455745814,,,-0.28147924380957356
R1,Composite,0.9987826581143969,0.9863455008460008,0.8730407353371451,36,36,36.0,72.0,500,0.13722670510608864,2.3047597536086113e-05,8.965132662644674,5.255368679030367,1.1225955362120423,,,
R2,Seasonal,0.9505039967344786,0.9983903166152738,0.9589881156447351,36,36,36.0,72.0,500,0.0,0.0,24.961978836935607,9.326067103442682,1.0308529497334689,,,
R3,Stationary_AR,0.2508111800077082,0.4050819993360303,0.5115803309653585,None,17,,,500,0.0,0.0,0.0,0.0,5.0,0.4414534434423496,,
R4,Trending_RandomWalkDrift,0.0,0.0,0.0,None,167,,,500,,,0.0,0.0,1.232793021123738,,,0.1714752576717738
R1,Composite,0.9999048653432999,0.9994174737015764,0.9724237220454931,24,24,24.0,48.0,500,-0.3007925570085026,2.8056740745927735e-05,23.321108780910272,6.257940917750686,0.6143101301604472,,,
R2,Seasonal,0.8868481839596377,0.9928826424221704,0.9153871312891025,24,24,24.0,48.0,500,0.0,0.0,18.6733238398239,9.904447164331174,1.6498553718701903,,,
R3,Stationary_AR,0.3151215010491417,0.40784368690799566,0.43254176668580235,None,10,,,500,0.0,0.0,0.0,0.0,5.0,0.46198790899149683,,
R4,Trending_MeanShift,0.9995251459112413,0.9980801499769861,0.0,None,250,,,500,,,0.0,0.0,1.4690725526742037,,250.0,
R1,Composite,0.9999139922040609,0.9987840477476232,0.7457192461126845,12,12,12.0,24.0,500,-0.37106883506496224,3.1677486237188624e-05,19.275424292034522,2.1376730860638844,0.722601321835323,,,
R2,Seasonal,0.9473223830877359,0.9957041095213266,0.944206831188896,12,12,12.0,24.0,500,0.0,0.0,16.17882442882177,8.557976266823424,1.1474433926162266,,,
R3,Stationary_WN,0.5082942731554586,0.12259376758444707,0.19342627141758528,None,2,,,500,0.0,0.0,0.0,0.0,12.800769441658638,,,
R4,Trending_RandomWalkDrift,0.9980626560474022,0.9330615913969208,0.6427926597723255,None,250,,,500,,,0.0,0.0,1.4504485569312162,,,-0.3302782003179736
R1,Composite,0.9999346582584876,0.9973504516944083,0.9538986582490391,24,24,24.0,48.0,500,0.31231343884011864,3.659166134742697e-05,10.45879079793429,4.528640714215894,0.5994425004807185,,,
R2,Seasonal,0.9289406181943459,0.9956382814506323,0.9462304973492128,24,24,24.0,48.0,500,0.0,0.0,10.591505508611514,5.5267797844178235,0.8001033029295561,,,
R3,Stationary_AR,0.2400137294628717,0.4377889689411367,0.5367422899738065,None,12,,,500,0.0,0.0,0.0,0.0,5.0,0.5415010321204194,,
R4,Trending_RandomWalkDrift,0.9993983234289647,0.7607400608283839,0.9182741503984386,None,24,,,500,,,0.0,0.0,1.3698874913091779,,,-0.38945769725169455
R1,Composite,0.9981936824547034,0.9957172376435202,0.5506059439302928,36,36,36.0,72.0,500,-0.17742089686866575,2.800457764494571e-05,21.484017054963438,2.304759961115528,1.3711018275114581,,,
R2,Seasonal,0.9573537324817881,0.9990714960329347,0.9645651388655719,36,36,36.0,72.0,500,0.0,0.0,21.47606749328635,6.478149116119969,0.7012874793803384,,,
R3,Stationary_WN,0.3690639408302746,0.297604446368374,0.2991431679679136,None,4,,,500,0.0,0.0,0.0,0.0,14.067186783530232,,,
R4,Trending_RandomWalkDrift,0.9994035651353353,0.7009869200393682,0.8834755492332377,None,24,,,500,,,0.0,0.0,1.0749189630604952,,,0.39048702000898294
R1,Composite,0.999817490372949,0.9995695823356181,0.8951259519828315,24,24,24.0,48.0,500,0.17082421864462166,-2.8468253727049176e-05,20.743564121958585,2.270182010031911,0.5025843785318469,,,
R2,Seasonal,0.8118710425582742,0.9844911160792108,0.8678253233910505,24,24,24.0,48.0,500,0.0,0.0,12.441226722952031,7.365780824607717,1.757848684140173,,,
R3,Stationary_WN,0.5393361681412545,0.2212632517903541,0.22761605910970617,None,2,,,500,0.0,0.0,0.0,0.0,11.878226771829077,,,
R4,Trending_ExponentialGrowth,0.9947147465184345,0.34125976668933156,0.31584176096725425,None,24,,,500,,,0.0,0.0,0.8209223223977786,,,
R1,Composite,0.9998673416332442,0.9966527001756623,0.8020740189936363,36,36,36.0,72.0,500,-0.35356207344635115,3.326127993723789e-05,13.679593453792151,2.821499817235869,0.7474449443863634,,,
R2,Seasonal,0.02586856243771285,0.99008624625178,0.35177452296768497,36,71,36.0,72.0,500,0.0,0.0,10.285250826957405,11.37724853360702,1.4246447118925902,,,
R3,Stationary_AR,0.3167770382461884,0.5410289697499002,0.6918550463331768,None,36,,,500,0.0,0.0,0.0,0.0,5.0,0.6519877844278545,,
R4,Trending_MeanShift,0.9999681011050989,0.9998721557933253,0.20945023517268946,None,250,,,500,,,0.0,0.0,0.6854055965177404,,250.0,
R1,Composite,0.9999090209927722,0.9964727995478134,0.32650771717509197,12,24,12.0,24.0,500,-0.34848452724025875,1.6870630802984838e-05,8.093164702647217,7.533277649978235,0.6346415444584275,,,
R2,Seasonal,0.9460842329850222,0.9989972604421337,0.9424522016494088,12,12,12.0,24.0,500,0.0,0.0,27.9515668803527,7.121231338100675,0.938761441565964,,,
R3,Stationary_AR,0.1792706552982254,0.5121305790714332,0.5721657998279506,None,50,,,500,0.0,0.0,0.0,0.0,5.0,0.500955908463692,,
R4,Trending_ExponentialGrowth,0.9970699836476319,0.39015164615847886,0.2650071457313137,None,24,,,500,,,0.0,0.0,1.1531520196672251,,,
R1,Composite,0.9968870019495728,0.9956844441856074,0.8753584378501611,12,12,12.0,24.0,500,0.12386098722090018,-1.752036330382855e-05,19.943923265608024,6.717026554809339,1.4672439832575497,,,
R2,Seasonal,0.8647700887141936,0.9790641297520727,0.8672537051646017,12,12,12.0,24.0,500,0.0,0.0,10.510015888541112,7.747842338143024,1.5748874281366754,,,
R3,Stationary_WN,0.32509689196852176,0.27696487013859017,0.2584489224924801,None,6,,,500,0.0,0.0,0.0,0.0,11.172815872661523,,,
R4,Trending_RandomWalkDrift,0.9989567976476151,0.6075699025677945,0.8622958633815382,None,24,,,500,,,0.0,0.0,1.4449400348989596,,,-0.15021977234999367
R1,Composite,0.999333582081522,0.9889200676254957,0.6734108670746466,36,36,36.0,72.0,500,-0.2878875656550593,3.74348094177659e-05,13.470255074356078,3.224560426334878,1.4070812007837794,,,
R2,Seasonal,0.8600278650357228,0.9966957587138142,0.9025744629804422,36,36,36.0,72.0,500,0.0,0.0,16.962192690297567,5.301815819506476,1.1295730292260853,,,
R3,Stationary_WN,0.28301933312138494,0.21344258503035374,0.2566409578154316,None,4,,,500,0.0,0.0,0.0,0.0,5.74418176878975,,,
R4,Trending_ExponentialGrowth,0.9882911196666851,0.3813446200257654,0.3519606708789049,None,24,,,500,,,0.0,0.0,0.925790265400597,,,
R1,Composite,0.998910640568454,0.9829665653167506,0.8624394945628782,12,12,12.0,24.0,500,0.18835402780309118,1.429875233179936e-05,9.971770393014623,6.385207859727608,1.350755254242399,,,
R2,Seasonal,0.7132990391377821,0.9937032872247742,0.768769861971052,12,12,12.0,24.0,500,0.0,0.0,25.707427503289576,6.735759009074187,1.9861299937588137,,,
R3,Stationary_AR,0.2780216180009738,0.3676888603945233,0.4430128249696539,None,9,,,500,0.0,0.0,0.0,0.0,5.0,0.4849053636326838,,
R4,Trending_ExponentialGrowth,0.9990528096672313,0.38086846727896806,0.328002400108225,None,24,,,500,,,0.0,0.0,1.3073477771450142,,,
R1,Composite,0.9997647021145913,0.9978136368988746,0.7593581217483893,36,36,36.0,72.0,500,-0.3399040534794157,-3.4826949954904386e-05,23.846597030942895,3.4469746037831595,1.1241323379299706,,,
R2,Seasonal,0.9494606024461062,0.9943129237107775,0.9594599587138556,36,36,36.0,72.0,500,0.0,0.0,16.645466059969763,11.659400560993038,1.3473101824229117,,,
R3,Stationary_WN,0.11418860532358721,0.37960623337243815,0.3339762700832437,None,16,,,500,0.0,0.0,0.0,0.0,7.875890911922535,,,
R4,Trending_RandomWalkDrift,0.9884108036032595,0.7183623992558069,0.32050811939167856,None,167,,,500,,,0.0,0.0,0.6891270729290836,,,0.41340819778494053
R1,Composite,0.9996956519048129,0.978406507628135,0.6139371610191886,36,36,36.0,72.0,500,0.32961090683953476,3.355642795222116e-05,8.23684324614542,2.079754743235898,1.2912452808687402,,,
R2,Seasonal,0.8039592475405986,0.9960161351339649,0.856760118759587,36,36,36.0,72.0,500,0.0,0.0,24.319713121360905,6.703995277384486,1.6161140535753815,,,
R3,Stationary_AR,0.25292822063449183,0.44204721753774545,0.5141503598919364,None,19,,,500,0.0,0.0,0.0,0.0,5.0,0.4494052381682367,,
R4,Trending_RandomWalkDrift,0.7053907746076746,0.0,0.0,None,167,,,500,,,0.0,0.0,1.084404064479762,,,0.33908366192241635
R1,Composite,0.9999020047595183,0.9982666090830723,0.8175718839022524,12,12,12.0,24.0,500,-0.34629024218325155,-2.4202196614750546e-05,17.414396925865777,2.8980249511514575,0.8075300668022638,,,
R2,Seasonal,0.759740915762136,0.9880893013466393,0.7945473625020933,12,12,12.0,24.0,500,0.0,0.0,11.91671233285453,4.600837239206242,1.4349039925103892,,,
R3,Stationary_WN,0.3932113725966859,0.17596888144932676,0.3022184125903665,None,3,,,500,0.0,0.0,0.0,0.0,5.7754205793423,,,
R4,Trending_ExponentialGrowth,0.9972649632686363,0.3803331363885011,0.3243749196363005,None,24,,,500,,,0.0,0.0,1.3274245376323106,,,
R1,Composite,0.9985076936847309,0.9940788851956223,0.7968630773763589,24,24,24.0,48.0,500,-0.125102861443331,-4.933576962605602e-05,15.133078758937963,3.9323625072171686,1.2137837233013993,,,
R2,Seasonal,0.7015067230781025,0.9939670875916955,0.8105665988929817,24,24,24.0,48.0,500,0.0,0.0,22.370694599200736,6.123971629963685,1.8388118777521474,,,
R3,Stationary_WN,0.23061952750539194,0.3339267854583752,0.3327006064471254,None,7,,,500,0.0,0.0,0.0,0.0,14.466502640124387,,,
R4,Trending_ExponentialGrowth,0.9953513564137046,0.41520119399369626,0.3654531643019139,None,24,,,500,,,0.0,0.0,1.2458414608888977,,,
R1,Composite,0.9996028069250195,0.9974131283398583,0.8769543616618283,36,36,36.0,72.0,500,-0.2923471982634789,3.877974120516811e-05,21.801623794263065,5.482489308671261,1.242324238856852,,,
R2,Seasonal,0.9104236389630106,0.9971950147508875,0.9303292520026658,36,36,36.0,72.0,500,0.0,0.0,20.946734130141614,7.481715645137062,1.2447457108615703,,,
R3,Stationary_WN,0.31053972576873334,0.29885802070482737,0.25280009255343083,None,5,,,500,0.0,0.0,0.0,0.0,9.805236413912997,,,
R4,Trending_MeanShift,0.9999257559052283,0.9996977600481308,0.0,None,250,,,500,,,0.0,0.0,0.7902920503126072,,250.0,
R1,Composite,0.9984279478487816,0.9946007299526498,0.8531024754892476,48,50,48.0,96.0,500,0.1546721874235311,3.84472889626157e-05,20.302667449533537,4.597720432712828,1.2436955375862313,,,
R2,Seasonal,0.8889726401437268,0.9981125991778176,0.9403933039259751,48,50,48.0,96.0,500,0.0,0.0,18.44259750072557,4.549001399196871,0.704315096663197,,,
R3,Stationary_WN,0.3146575940091254,0.32537907137310884,0.28375603762539403,None,5,,,500,0.0,0.0,0.0,0.0,8.508980507044384,,,
R4,Trending_ExponentialGrowth,0.9806704362213681,0.39917936682761623,0.39469630908253706,None,24,,,500,,,0.0,0.0,1.1518893475432914,,,
R1,Composite,0.9989129817871709,0.997445983371753,0.9421229530401681,36,36,36.0,72.0,500,-0.11224222573210414,-1.916463689359059e-05,16.401251071932478,6.2780460812505545,0.9559270080797376,,,
R2,Seasonal,0.9646600610735158,0.99817664652879,0.9703846863403028,36,36,36.0,72.0,500,0.0,0.0,24.112149079616145,11.349218988279194,1.1549998185898014,,,
R3,Stationary_WN,0.24798520879484454,0.31750226455052055,0.2749766702735096,None,7,,,500,0.0,0.0,0.0,0.0,11.531272134683926,,,
R4,Trending_ExponentialGrowth,0.9992686014199208,0.3360352846024953,0.34304381461471367,None,24,,,500,,,0.0,0.0,0.751332769405761,,,
R1,Composite,0.9999055580271238,0.998790489842151,0.9248853940282182,24,24,24.0,48.0,500,0.3078857122119909,4.565928913279057e-05,18.73774820336091,4.238720857618219,0.7013830451873727,,,
R2,Seasonal,0.9411436418959287,0.9978724323293511,0.9543472200958347,24,24,24.0,48.0,500,0.0,0.0,21.676048756237847,8.593199580432243,1.0723209366319646,,,
R3,Stationary_AR,0.07332111092663995,0.6936507433664663,0.6635243070049253,None,125,,,500,0.0,0.0,0.0,0.0,5.0,0.4674480133849828,,
R4,Trending_RandomWalkDrift,0.4471903582971073,0.013291001875269326,0.0,None,167,,,500,,,0.0,0.0,0.5071530046268237,,,0.27352491685800906
R1,Composite,0.9993597012480433,0.9904241094304805,0.9191753863890118,36,36,36.0,72.0,500,-0.1904392169678108,-3.434290143426192e-05,10.813220777073589,6.735021526544695,1.2927336834532421,,,
R2,Seasonal,0.782263282116409,0.9847391943508795,0.8439873160436241,36,36,36.0,72.0,500,0.0,0.0,12.191274961942263,6.3822319407042,1.7187785414058077,,,
R3,Stationary_WN,0.533691248137789,0.17642185012676304,0.23344872652589144,None,2,,,500,0.0,0.0,0.0,0.0,6.812884958518904,,,
R4,Trending_MeanShift,0.9993362787141824,0.9971930181495531,0.0,None,250,,,500,,,0.0,0.0,1.3472735557726216,,250.0,
R1,Composite,0.9999125912357172,0.9983274069597894,0.9443085649259603,36,36,36.0,72.0,500,-0.3646624720794326,-2.7756012112284886e-05,17.72010544728726,5.565775386059067,0.8543494426084653,,,
R2,Seasonal,0.8826450842910812,0.9958036572650197,0.9117222408496072,36,36,36.0,72.0,500,0.0,0.0,14.129356714244004,5.379998071770747,1.0566628754491916,,,
R3,Stationary_AR,0.3043553101716254,0.39216730384715004,0.5291168986878941,None,16,,,500,0.0,0.0,0.0,0.0,5.0,0.5388287944075703,,
R4,Trending_RandomWalkDrift,0.998789621426411,0.7036231405368631,0.9176847250046841,None,24,,,500,,,0.0,0.0,0.8134054101427692,,,0.29776592200330076
R1,Composite,0.9996683199763987,0.9856916776373205,0.7139124967640185,24,24,24.0,48.0,500,0.3586692059484199,-1.7629458928556084e-05,10.518566793912646,2.9951850246084177,1.2484372622435402,,,
R2,Seasonal,0.8833494204778022,0.9975392703035492,0.913228075431334,24,24,24.0,48.0,500,0.0,0.0,21.589247446732998,6.489258785040891,1.2622511085782169,,,
R3,Stationary_AR,0.0,0.0,0.0,None,167,,,500,0.0,0.0,0.0,0.0,5.0,0.5728778754385475,,
R4,Trending_MeanShift,0.9998915285023109,0.9995659227757763,0.0,None,250,,,500,,,0.0,0.0,0.8035314822865525,,250.0,
R1,Composite,0.9987990626851514,0.9939437003689486,0.9123685782948634,12,12,12.0,24.0,500,-0.18305581106004576,2.5507318743297617e-05,15.50721970620428,7.68557658542834,1.2726292121216818,,,
R2,Seasonal,0.8944717476930631,0.9987435393796039,0.8969118583569641,12,12,12.0,24.0,500,0.0,0.0,29.76699670510698,6.042392399265966,1.053614214166727,,,
R3,Stationary_WN,0.3228858864937476,0.3392935224548357,0.3166661775439057,None,5,,,500,0.0,0.0,0.0,0.0,12.28980975906282,,,
R4,Trending_RandomWalkDrift,0.7377095873051132,0.16893659837732633,0.0,None,167,,,500,,,0.0,0.0,0.7234537807370202,,,-0.22344703368326502
R1,Composite,0.9998813784562125,0.9989265056716634,0.9325523753210091,24,24,24.0,48.0,500,-0.20581734454711154,-2.7252321558728506e-05,14.721489551934766,3.361895519523077,0.5442940909092872,,,
R2,Seasonal,0.9467823651879579,0.9935374403790173,0.9597324466824588,24,24,24.0,48.0,500,0.0,0.0,15.895032964506576,11.830997027604111,1.4221774793888402,,,
R3,Stationary_AR,0.2991501279557537,0.5665936769005343,0.566099808301691,None,25,,,500,0.0,0.0,0.0,0.0,5.0,0.4365681221458691,,
R4,Trending_MeanShift,0.9998633976889886,0.9994531885408958,0.0,None,250,,,500,,,0.0,0.0,0.8453588838181878,,250.0,
R1,Composite,0.9996266586421952,0.9974587751020244,0.8158965595738226,36,36,36.0,72.0,500,-0.23401068445579712,2.3175417820886106e-05,17.414653920794905,3.0146179571660823,1.0002346645596858,,,
R2,Seasonal,0.9073231962642689,0.993784962980619,0.9288967888633439,36,36,36.0,72.0,500,0.0,0.0,21.382781657448515,11.316899947621472,1.9610406490209655,,,
R3,Stationary_AR,0.21429910277774067,0.43226734383995646,0.3926389448243097,None,20,,,500,0.0,0.0,0.0,0.0,5.0,0.44313459309628167,,
R4,Trending_ExponentialGrowth,0.9994779725950984,0.44432283044131415,0.36031373105361186,None,24,,,500,,,0.0,0.0,1.0814525343616803,,,
R1,Composite,0.99902572514712,0.9924072179811918,0.8377864329806747,36,36,36.0,72.0,500,0.15198937398232146,1.982692073971377e-05,11.985885740369294,4.028841472930983,1.0819607213128122,,,
R2,Seasonal,0.7448577610990101,0.998013683604577,0.827590157529982,36,36,36.0,72.0,500,0.0,0.0,27.33567832519297,4.61512984406267,1.2345708187761635,,,
R3,Stationary_WN,0.5150656006398087,0.22919011881991158,0.19727064323324506,None,2,,,500,0.0,0.0,0.0,0.0,14.460661954287556,,,
R4,Trending_RandomWalkDrift,0.5647608741003758,0.0,0.0,None,167,,,500,,,0.0,0.0,0.7885543156590485,,,0.16489678286566578
R1,Composite,0.9999357994423596,0.9990009890112972,0.9762571746999519,24,24,24.0,48.0,500,0.3796505516728448,3.257800599126198e-05,20.16335600656035,7.80987396832403,0.6699786482404423,,,
R2,Seasonal,0.563870704426055,0.9968062160098495,0.737351935384106,24,24,24.0,48.0,500,0.0,0.0,26.614215245957986,4.009052918036381,1.4902067949427718,,,
R3,Stationary_WN,0.2152746607628675,0.2588779620635169,0.3457564633737007,None,6,,,500,0.0,0.0,0.0,0.0,14.067703676618464,,,
R4,Trending_MeanShift,0.9998920245322003,0.9995669455583867,0.2906000225052717,None,250,,,500,,,0.0,0.0,0.9018291161675469,,250.0,
R1,Composite,0.999486381259512,0.9957019365575551,0.7086328198915712,12,12,12.0,24.0,500,-0.2589628776196985,1.867150245113336e-05,17.439313953777475,3.0934730813285007,1.1232554497004021,,,
R2,Seasonal,0.9651913585701538,0.9960145031715694,0.9632170104581326,12,12,12.0,24.0,500,0.0,0.0,12.521834271244233,8.159407952754064,0.7888521663540736,,,
R3,Stationary_AR,0.21204239326876395,0.5923326364495576,0.6258967670676111,None,25,,,500,0.0,0.0,0.0,0.0,5.0,0.5133594083783288,,
R4,Trending_ExponentialGrowth,0.996571334005104,0.40049609013260046,0.43133342026944,None,24,,,500,,,0.0,0.0,1.0634062010645011,,,
R1,Composite,0.9998265761243725,0.99857586893093,0.8940776886928538,12,12,12.0,24.0,500,0.2730588427937757,4.201189570644671e-05,20.844057929390022,4.36784592540399,0.8597270116954403,,,
R2,Seasonal,0.6843075642881629,0.995898849022246,0.7674382162552433,12,12,12.0,24.0,500,0.0,0.0,23.382921551265454,4.338255480243209,1.5684527304620652,,,
R3,Stationary_AR,0.11124800802158574,0.5658146763843767,0.5932374558480279,None,71,,,500,0.0,0.0,0.0,0.0,5.0,0.5041953741667367,,
R4,Trending_RandomWalkDrift,0.9991733702086484,0.9748131648183678,0.43702069937384913,None,250,,,500,,,0.0,0.0,0.9857988788763237,,,0.4924470181858501
R1,Composite,0.9993863288906731,0.9937504063258901,0.9472790242535467,12,12,12.0,24.0,500,0.16618864945450215,-2.401069619328194e-05,9.77079450986594,6.545663205181783,0.8813280740659247,,,
R2,Seasonal,0.9319357410913298,0.9944643166067898,0.930107722334001,12,12,12.0,24.0,500,0.0,0.0,19.257645509851024,10.296148086523145,1.5697401742814852,,,
R3,Stationary_AR,0.02143627869954101,0.5646484154304565,0.5870798383164316,None,56,,,500,0.0,0.0,0.0,0.0,5.0,0.5347041047309009,,
R4,Trending_MeanShift,0.9999791266742926,0.9999172112470406,0.0,None,250,,,500,,,0.0,0.0,0.5448389850590881,,250.0,
R1,Composite,0.9997423042950264,0.9965284628287752,0.8803988387048663,48,50,48.0,96.0,500,0.25545319982947634,-3.152914436473014e-05,13.810608286251439,2.9543474059021073,0.7959632096177762,,,
R2,Seasonal,0.8518540777342894,0.9872945082329329,0.8884460588962733,48,50,48.0,96.0,500,0.0,0.0,15.027900618498025,7.903073313537893,1.827512332411286,,,
R3,Stationary_WN,0.39572509629386743,0.32451646859044203,0.3081675049574121,None,4,,,500,0.0,0.0,0.0,0.0,7.349833841250023,,,
R4,Trending_MeanShift,0.9997512502053763,0.9989930376612033,0.0,None,250,,,500,,,0.0,0.0,1.203773155907846,,250.0,
R1,Composite,0.9996449686517038,0.9948559948684534,0.9018913686232524,24,24,24.0,48.0,500,-0.31805898202297933,-2.7210748517410074e-05,17.421770049129645,6.849236368226006,1.2353916516134498,,,
R2,Seasonal,0.7536992124328512,0.995398661086023,0.8257249764615169,24,24,24.0,48.0,500,0.0,0.0,27.487125945768092,7.138909288127625,1.9864914663273585,,,
R3,Stationary_WN,0.38669531053655826,0.19959847592381375,0.27323704601504073,None,4,,,500,0.0,0.0,0.0,0.0,10.730519314387548,,,
R4,Trending_ExponentialGrowth,0.9978973782671874,0.37226345105160275,0.3393727688856254,None,24,,,500,,,0.0,0.0,0.7181025418451936,,,
R1,Composite,0.9996567128155344,0.9887235748151654,0.8660619058850156,24,24,24.0,48.0,500,0.285053116032516,3.264083668478726e-05,10.462677381524365,4.9953337738885555,1.3435097902034936,,,
R2,Seasonal,0.9626521110549608,0.9939424251004919,0.9715188073510004,24,24,24.0,48.0,500,0.0,0.0,12.01385310672924,10.556252652426096,1.0052192160515003,,,
R3,Stationary_AR,0.14418937939682896,0.8129401213879621,0.0,None,250,,,500,0.0,0.0,0.0,0.0,5.0,0.6797932965590301,,
R4,Trending_MeanShift,0.9997397785604774,0.9989793481845878,0.0,None,250,,,500,,,0.0,0.0,1.1394838404758323,,250.0,
R1,Composite,0.9948333262895201,0.997538228326477,0.7948970005366498,12,12,12.0,24.0,500,-0.10493368830330413,4.608952868217353e-05,24.792665857332725,4.61398945858888,1.2104099770321621,,,
R2,Seasonal,0.8632812870287437,0.9770008816082523,0.8642546615399564,12,12,12.0,24.0,500,0.0,0.0,12.08960705596322,9.016101842726005,1.9531945506284805,,,
R3,Stationary_AR,0.0,0.6711641277038721,0.09409100434616313,None,167,,,500,0.0,0.0,0.0,0.0,5.0,0.568913690003746,,
R4,Trending_ExponentialGrowth,0.9975706803283122,0.27759591379203263,0.3098585916972695,None,24,,,500,,,0.0,0.0,1.3379174559227796,,,
R1,Composite,0.9991974590379696,0.9985552869664752,0.9565075288474871,24,24,24.0,48.0,500,-0.13792246299324415,1.4977449193927554e-05,19.59266653657008,6.614822795552795,0.7974550226464303,,,
R2,Seasonal,0.9732287646111022,0.9991705390544575,0.9792324086133914,24,24,24.0,48.0,500,0.0,0.0,25.893100319847413,9.791498926041548,0.8232425247623149,,,
R3,Stationary_WN,0.3892986668902464,0.2452065616968132,0.28236559187089494,None,4,,,500,0.0,0.0,0.0,0.0,14.047772727696167,,,
R4,Trending_ExponentialGrowth,0.9996888958998242,0.43480878164211056,0.4112348120714874,None,24,,,500,,,0.0,0.0,0.6213828479529756,,,
R1,Composite,0.9931030119360392,0.9673143450059736,0.7396068302706407,48,50,48.0,96.0,500,0.11731604958246208,-2.7738655480976854e-05,10.356250004500447,3.4681826899353663,1.4191196566181516,,,
R2,Seasonal,0.8616957954419091,0.9939623972326348,0.9128082751353914,48,50,48.0,96.0,500,0.0,0.0,21.689540116891745,8.479305393896047,1.8619998849294297,,,
R3,Stationary_AR,0.07501427993943488,0.5819947190606221,0.6134461195165712,None,56,,,500,0.0,0.0,0.0,0.0,5.0,0.5147062302558728,,
R4,Trending_RandomWalkDrift,0.9953165575327247,0.9089967782415057,0.0,None,250,,,500,,,0.0,0.0,1.4877758657470683,,,0.28393843062111934
R1,Composite,0.9998611047544291,0.9906425934640712,0.8536497758300516,24,24,24.0,48.0,500,0.3862207007560743,-3.792416765323176e-05,8.886395212988837,3.7710690151108337,0.9415285167269494,,,
R2,Seasonal,0.7458651026169245,0.9919984564221898,0.8249868071555151,24,24,24.0,48.0,500,0.0,0.0,17.73618110117172,5.969904822536022,1.6719847014232152,,,
R3,Stationary_WN,0.2622505382191678,0.2798529975479125,0.3095575812197928,None,7,,,500,0.0,0.0,0.0,0.0,7.860093813965464,,,
R4,Trending_ExponentialGrowth,0.9966864364092569,0.3694004773388465,0.2625118098090351,None,24,,,500,,,0.0,0.0,1.0450703610057879,,,
R1,Composite,0.9994685443537482,0.993588322437754,0.642520565093723,24,24,24.0,48.0,500,-0.29771507056426594,-4.450899551328648e-05,18.455533316385456,3.0354984644970653,1.4159941189186167,,,
R2,Seasonal,0.8738590349535102,0.9884626206050141,0.9115062755665798,24,24,24.0,48.0,500,0.0,0.0,15.019164003109868,9.694461946807916,1.768305936222603,,,
R3,Stationary_WN,0.25034269603908255,0.4054934078611433,0.3209561299532374,None,5,,,500,0.0,0.0,0.0,0.0,5.110721257637971,,,
R4,Trending_ExponentialGrowth,0.9979870876181243,0.3559268801423747,0.3724097906565095,None,24,,,500,,,0.0,0.0,1.4867567585900714,,,
R1,Composite,0.9992781120786697,0.9948297316381985,0.8603582425763042,12,12,12.0,24.0,500,-0.21212013626405438,-3.910833120280793e-05,17.72409207364511,6.085473684859009,1.2923436252787752,,,
R2,Seasonal,0.761288248975047,0.9959576720740341,0.7914136866340649,12,12,12.0,24.0,500,0.0,0.0,24.766386694206584,5.344760398281684,1.572139081570665,,,
R3,Stationary_WN,0.4688319387779617,0.13686783169039418,0.2928459680004961,None,3,,,500,0.0,0.0,0.0,0.0,6.182337068361983,,,
R4,Trending_RandomWalkDrift,0.9980495356468194,0.7129997141478868,0.9071816098989468,None,24,,,500,,,0.0,0.0,1.0202236070902369,,,-0.12233683083447416
R1,Composite,0.9997542601397483,0.9980028557263191,0.9199009122048052,24,24,24.0,48.0,500,-0.33266147130187096,-3.4040015650200156e-05,24.537770260926543,6.753822582690152,1.252053869964762,,,
R2,Seasonal,0.8131604477325624,0.9956173891128998,0.8629608800488343,24,24,24.0,48.0,500,0.0,0.0,25.49631398113216,7.800802937425327,1.8657997890689395,,,
R3,Stationary_WN,0.5245567906990476,0.22279038826656106,0.2751402558607877,None,2,,,500,0.0,0.0,0.0,0.0,13.196383312348168,,,
R4,Trending_RandomWalkDrift,0.8157184013467019,0.24285764478345095,0.0,None,250,,,500,,,0.0,0.0,1.0246601839584208,,,0.2800171547209221
R1,Composite,0.9995064462375539,0.9951940925851827,0.9239789401999677,12,12,12.0,24.0,500,0.26764649585954337,-1.9023209041672204e-05,16.818342817704007,7.857076271985551,1.3154885022292957,,,
R2,Seasonal,0.9316705864060343,0.999387207799471,0.9271283814698146,12,12,12.0,24.0,500,0.0,0.0,29.311213155583594,5.2440405928536045,0.7211413016969428,,,
R3,Stationary_WN,0.45940538272212783,0.2158922578505037,0.38668861161484536,None,3,,,500,0.0,0.0,0.0,0.0,5.069408005018551,,,
R4,Trending_ExponentialGrowth,0.9994188294974846,0.4030922022950678,0.35624396753935506,None,24,,,500,,,0.0,0.0,0.5802739213388479,,,
R1,Composite,0.9998648660712439,0.998430035557744,0.9182568150048916,12,12,12.0,24.0,500,-0.36442649020513374,-1.0325609833972971e-05,22.13148895295823,5.789717762366671,0.9603367041416375,,,
R2,Seasonal,0.9758490140886458,0.9975452000522717,0.9736181516683111,12,12,12.0,24.0,500,0.0,0.0,12.203842172340735,7.456809964785083,0.5932649628832503,,,
R3,Stationary_WN,0.5246604972705871,0.19898345120922512,0.25698158308466024,None,2,,,500,0.0,0.0,0.0,0.0,6.918188403744546,,,
R4,Trending_MeanShift,0.9997049011388905,0.9988486707824163,0.0,None,250,,,500,,,0.0,0.0,0.7603088414245753,,250.0,
R1,Composite,0.9998253395768174,0.9986108873291367,0.8956262627668645,24,24,24.0,48.0,500,0.2873287874460891,2.5044292620029772e-05,21.663860781877098,4.354914288920046,0.8177562938122019,,,
R2,Seasonal,0.9029364188295227,0.9924740271628808,0.932105711509032,24,24,24.0,48.0,500,0.0,0.0,15.218088269773407,9.259964017783329,1.4632816042058046,,,
R3,Stationary_AR,0.38614956305451287,0.5649871955721377,0.5697865906389563,None,20,,,500,0.0,0.0,0.0,0.0,5.0,0.5770413561016553,,
R4,Trending_ExponentialGrowth,0.9990599232830475,0.3359916352903658,0.2958752761450547,None,24,,,500,,,0.0,0.0,0.618015128966101,,,
R1,Composite,0.9992636550543192,0.9684297572810183,0.6128083545553898,12,12,12.0,24.0,500,-0.28912525936459377,4.492844920537939e-05,8.09048182354131,2.775308053358904,1.3197906476637842,,,
R2,Seasonal,0.9528736428648383,0.9995258085115862,0.9505630636749736,12,12,12.0,24.0,500,0.0,0.0,26.203614778778494,5.027376203249913,0.6229965554610963,,,
R3,Stationary_AR,0.03199096013733016,0.6344966569663026,0.6450728350005348,None,83,,,500,0.0,0.0,0.0,0.0,5.0,0.6165433137393032,,
R4,Trending_ExponentialGrowth,0.9934757729796659,0.4026431597984498,0.31915284464374083,None,24,,,500,,,0.0,0.0,0.8875422499131213,,,
R1,Composite,0.9994853690335844,0.9991550508974283,0.9703818327622882,24,24,24.0,48.0,500,0.1144961944211866,4.176378765475123e-05,21.607998969589595,6.703350882331403,0.6787532491422728,,,
R2,Seasonal,0.8927652141744096,0.9964228648537874,0.9242257391830192,24,24,24.0,48.0,500,0.0,0.0,26.49388506524142,10.318994684446404,1.600380644704391,,,
R3,Stationary_AR,0.013614853638349356,0.729123068288505,0.6905940979646863,None,125,,,500,0.0,0.0,0.0,0.0,5.0,0.6131217397835284,,
R4,Trending_RandomWalkDrift,0.9967404863109007,0.7683223276109827,0.1795356232194023,None,250,,,500,,,0.0,0.0,1.1295773047353712,,,-0.3606810278368723
R1,Composite,0.9994805283606855,0.996224522253608,0.9628383278621074,48,50,48.0,96.0,500,0.147238319158693,1.0249448656217815e-05,12.100248974476767,6.519067168821826,0.7717346672181749,,,
R2,Seasonal,0.986782221330805,0.9987277924115441,0.9893705375153,48,50,48.0,96.0,500,0.0,0.0,17.795877930855774,10.499587531893582,0.6211522953316935,,,
R3,Stationary_AR,0.5724093591756976,0.5119277838133438,0.634580662996032,None,11,,,500,0.0,0.0,0.0,0.0,5.0,0.6664021691835671,,
R4,Trending_ExponentialGrowth,0.9815672050039356,0.32979872031391755,0.3145932340047064,None,24,,,500,,,0.0,0.0,0.9965911400210621,,,
R1,Composite,0.9998007573998093,0.998751306660848,0.6727031435407934,12,12,12.0,24.0,500,-0.2672677021562013,-3.235284745874667e-05,23.087853428259315,2.1371883201827355,0.8005229835850624,,,
R2,Seasonal,0.94105172794456,0.9971397597995383,0.9357201287698569,12,12,12.0,24.0,500,0.0,0.0,18.987880973363225,7.719356820464786,1.0640947573258288,,,
R3,Stationary_WN,0.07931499541537879,0.4169200362055824,0.31989914922608575,None,24,,,500,0.0,0.0,0.0,0.0,14.404126231586602,,,
R4,Trending_ExponentialGrowth,0.9955309905386047,0.3864927968103812,0.3441151773421396,None,24,,,500,,,0.0,0.0,1.3463461154712808,,,
R1,Composite,0.999861148560498,0.995219668502226,0.9742287173493716,36,36,36.0,72.0,500,0.24107036725749295,3.834504320391089e-05,8.95760780491713,7.343822936169,0.6704476833617024,,,
R2,Seasonal,0.5636323856998304,0.9763052556795393,0.7425084020685826,36,36,36.0,72.0,500,0.0,0.0,11.383777517827436,4.629683104646807,1.752979964793768,,,
R3,Stationary_AR,0.371181228569181,0.5658625074092425,0.6014431775999061,None,19,,,500,0.0,0.0,0.0,0.0,5.0,0.6133439990932018,,
R4,Trending_ExponentialGrowth,0.9937925249754208,0.3680938451462209,0.3155385712731493,None,24,,,500,,,0.0,0.0,0.9675300109541303,,,
R1,Composite,0.9995894905692454,0.9958114890632145,0.967579536664946,36,36,36.0,72.0,500,-0.1576872805039222,-1.3781543945296373e-05,10.555847179864774,7.1922717822695,0.6993323499933572,,,
R2,Seasonal,0.02242170845232061,0.991285905412426,0.40495460921656745,36,71,36.0,72.0,500,0.0,0.0,10.389447516914334,10.903687923215548,1.477182036298613,,,
R3,Stationary_AR,0.08589827438871489,0.6923182607081235,0.7275747041199618,None,100,,,500,0.0,0.0,0.0,0.0,5.0,0.6679116712830635,,
R4,Trending_RandomWalkDrift,0.9973414796823823,0.9266350281749722,0.0,None,250,,,500,,,0.0,0.0,1.1405592555604498,,,0.45202010051171737
R1,Composite,0.9991757751887486,0.9739045866306417,0.6537999926455851,36,36,36.0,72.0,500,0.2631597708617228,-4.185756865530605e-05,8.462366018157054,2.897197845395862,1.3513369106486215,,,
R2,Seasonal,0.9838275910323145,0.9994160222596667,0.9864044024312807,36,36,36.0,72.0,500,0.0,0.0,23.23343558208647,9.103361375804695,0.6490154100905842,,,
R3,Stationary_AR,0.3755441957498328,0.42976666718327594,0.5093771386077734,None,15,,,500,0.0,0.0,0.0,0.0,5.0,0.41220943510573277,,
R4,Trending_RandomWalkDrift,0.994457677602074,0.891848787919008,0.7656346094908263,None,250,,,500,,,0.0,0.0,0.753420463258108,,,-0.35587524444355334
R1,Composite,0.9996786049394805,0.9987083340069434,0.947037638446132,48,50,48.0,96.0,500,-0.18961737191280953,4.3652584121039815e-05,17.435034425679937,4.034704390092411,0.6005641635646779,,,
R2,Seasonal,0.5831796119435846,0.9921741979952062,0.7815679123522481,48,50,48.0,96.0,500,0.0,0.0,21.25225389017765,4.524551538554957,1.5966110406807217,,,
R3,Stationary_WN,0.47460591410263375,0.060892106669576784,0.27000372897395764,None,2,,,500,0.0,0.0,0.0,0.0,14.758055294326894,,,
R4,Trending_MeanShift,0.9999074527830363,0.9996299875723694,0.0,None,250,,,500,,,0.0,0.0,1.1151540106921498,,250.0,
R1,Composite,0.9977613737331943,0.9789114052387884,0.708882390497494,12,12,12.0,24.0,500,-0.14741412438999346,4.338698162039395e-05,8.168979091165344,3.2423834329073564,1.221406580243944,,,
R2,Seasonal,0.057947293993589,0.9964699165508526,0.32779964509328163,12,24,12.0,24.0,500,0.0,0.0,10.721874638864364,11.933955880985536,0.9469421560589157,,,
R3,Stationary_WN,0.2761135339443628,0.34004349074458373,0.36766973734704955,None,7,,,500,0.0,0.0,0.0,0.0,7.51752177923374,,,
R4,Trending_MeanShift,0.999814969460698,0.9992656727443323,0.11746112049504476,None,250,,,500,,,0.0,0.0,1.04652202699133,,250.0,
R1,Composite,0.9998307079059029,0.9979189650634828,0.6754352444450084,36,36,36.0,72.0,500,-0.39107895479018406,1.1136238987191038e-05,22.563158768145247,2.0603433902048707,0.9541234671218936,,,
R2,Seasonal,0.7392008950894411,0.974597866053625,0.8190957685807831,36,36,36.0,72.0,500,0.0,0.0,10.718841239578502,6.340813970408916,1.644960108227127,,,
R3,Stationary_AR,0.0980743491531838,0.5322573310382483,0.6238338160768231,None,50,,,500,0.0,0.0,0.0,0.0,5.0,0.5067756813434576,,
R4,Trending_RandomWalkDrift,0.9991814361914129,0.6111984417307024,0.8364287671646713,None,24,,,500,,,0.0,0.0,1.2692421845014117,,,0.2306622079727808
R1,Composite,0.9997102313971364,0.9927480057262067,0.924632727853746,24,24,24.0,48.0,500,-0.32476443937516514,2.240083280424585e-05,12.426349480438457,7.03101549423694,1.1077697078388145,,,
R2,Seasonal,0.9349916934787386,0.9989795458120825,0.9505108700997631,24,24,24.0,48.0,500,0.0,0.0,28.46671674187251,7.38471957918316,0.9984105463946964,,,
R3,Stationary_WN,0.36398066526263717,0.17290364162100413,0.41911691862067924,None,3,,,500,0.0,0.0,0.0,0.0,9.06879124104344,,,
R4,Trending_ExponentialGrowth,0.9995015717331985,0.47380994632687334,0.31823630454477925,None,24,,,500,,,0.0,0.0,0.5720754653270772,,,
R1,Composite,0.9991059075155281,0.9971550238140361,0.9356376514723951,24,24,24.0,48.0,500,-0.10271958170128032,-3.5767346244050085e-05,13.523337076457604,5.116769205780253,0.7595094766342305,,,
R2,Seasonal,0.9541858952544152,0.9970780919961577,0.9644797508556672,24,24,24.0,48.0,500,0.0,0.0,21.14471187389197,11.277033574561461,1.2784561059309323,,,
R3,Stationary_AR,0.09749755452851117,0.7150584003490529,0.7385144769942937,None,125,,,500,0.0,0.0,0.0,0.0,5.0,0.4732566786093506,,
R4,Trending_RandomWalkDrift,0.999385692246354,0.7521543202415704,0.9237378087315664,None,24,,,500,,,0.0,0.0,0.5465207592463445,,,-0.3558365746158315
R1,Composite,0.9996640080076655,0.996888759518255,0.8918462771070683,24,24,24.0,48.0,500,0.31730593405991203,3.471977710964825e-05,22.05204728305769,6.380944686550079,1.4357689079615539,,,
R2,Seasonal,0.9211841140056926,0.9962487958025067,0.940382273510771,24,24,24.0,48.0,500,0.0,0.0,14.459795569885323,6.613332311078199,0.973878545384933,,,
R3,Stationary_AR,0.344517792717122,0.46293637632264784,0.6531028732461702,None,20,,,500,0.0,0.0,0.0,0.0,5.0,0.5967272245641195,,
R4,Trending_RandomWalkDrift,0.9994476696649376,0.8331570589778811,0.9271621546033624,None,24,,,500,,,0.0,0.0,1.1528373449616964,,,-0.23401458162998787
R1,Composite,0.9997748192367804,0.9894077593474639,0.8689828417073514,12,12,12.0,24.0,500,-0.3737081004686358,3.8372161417743366e-05,10.410565291109204,5.441477080705446,1.0908345084020268,,,
R2,Seasonal,0.9634197895769449,0.9983567420690257,0.9599878055938086,12,12,12.0,24.0,500,0.0,0.0,23.884558318762455,9.514935081162282,1.0648382775254364,,,
R3,Stationary_WN,0.5012000694553,0.10839733209577163,0.27970042600005995,None,2,,,500,0.0,0.0,0.0,0.0,5.892583027114875,,,
R4,Trending_MeanShift,0.9999390647771925,0.9997554081364215,0.25736863798476084,None,250,,,500,,,0.0,0.0,0.6941583999158488,,250.0,
R1,Composite,0.9998559633432811,0.9984442783028316,0.8315967551461466,12,12,12.0,24.0,500,-0.32288927545596824,1.4529953644910548e-05,19.65586502100328,3.2066732837965732,0.8530012562582584,,,
R2,Seasonal,0.9570008522334923,0.9982430219462135,0.954613061510816,12,12,12.0,24.0,500,0.0,0.0,27.850361457702828,10.638314918000013,1.273277213898982,,,
R3,Stationary_WN,0.1707914826889827,0.26880083316764636,0.2914389041937471,None,8,,,500,0.0,0.0,0.0,0.0,10.437380519403368,,,
R4,Trending_ExponentialGrowth,0.9995021904689751,0.40145933060095107,0.348248790724461,None,24,,,500,,,0.0,0.0,0.7871964344800574,,,
R1,Composite,0.9998077073268602,0.9960294656344203,0.8671627137986845,24,24,24.0,48.0,500,0.39183733119976827,1.0064890214708112e-05,17.515477607496194,5.136997203223833,1.1638252052940015,,,
R2,Seasonal,0.9024796377168075,0.9993955893713641,0.9292573295344321,24,24,24.0,48.0,500,0.0,0.0,27.036384205637226,4.440228655243392,0.7298336003844091,,,
R3,Stationary_AR,0.24536526991779006,0.3576978716612912,0.5527821412707752,None,14,,,500,0.0,0.0,0.0,0.0,5.0,0.4427194206990777,,
R4,Trending_MeanShift,0.999989476385144,0.9999577501652929,0.0,None,250,,,500,,,0.0,0.0,0.6409987144755261,,250.0,
R1,Composite,0.9972541833661983,0.9879699504487973,0.5544555600629648,12,12,12.0,24.0,500,-0.1571412177056498,3.779834973323022e-05,13.577794297214947,2.60540699976269,1.4336090355062354,,,
R2,Seasonal,0.9783772756440295,0.9990716551135745,0.9762494836821205,12,12,12.0,24.0,500,0.0,0.0,19.913078572419565,7.858194398234071,0.5944558006863927,,,
R3,Stationary_WN,0.3603026306813826,0.2097845647772728,0.28082070016093785,None,4,,,500,0.0,0.0,0.0,0.0,12.717792525687841,,,
R4,Trending_RandomWalkDrift,0.999530764400196,0.6725707348693222,0.8794256252858744,None,24,,,500,,,0.0,0.0,0.6222650418385569,,,-0.22099076983413593
R1,Composite,0.9998117544067239,0.9986322782685998,0.9003640005922321,24,24,24.0,48.0,500,-0.18078460822344805,-1.4046592600707669e-05,14.094627570462762,2.805483056677609,0.606810719998078,,,
R2,Seasonal,0.9184046496284219,0.9995067312747618,0.937926970904413,24,24,24.0,48.0,500,0.0,0.0,27.183242849057436,4.3664933395894785,0.6744003852361142,,,
R3,Stationary_AR,0.04397290712247037,0.868348169095456,0.5417686409591617,None,250,,,500,0.0,0.0,0.0,0.0,5.0,0.6262235908830154,,
R4,Trending_ExponentialGrowth,0.9998912639056282,0.5991958091898193,0.6683951322932841,None,24,,,500,,,0.0,0.0,0.50513059366418,,,
R1,Composite,0.9996366103429909,0.991734907680159,0.9401683123918886,12,12,12.0,24.0,500,-0.22709942499265967,-3.4031117871424704e-05,10.259050971459107,7.488216083944754,1.0188816696313205,,,
R2,Seasonal,0.9548549466048236,0.9965072914970711,0.9517227100264875,12,12,12.0,24.0,500,0.0,0.0,21.239045944259285,11.139488170659767,1.4076399210143495,,,
R3,Stationary_WN,0.3991756124150815,0.16107913587817702,0.3791457399168613,None,3,,,500,0.0,0.0,0.0,0.0,13.774937058109572,,,
R4,Trending_MeanShift,0.9998059208776531,0.9992110126951049,0.0,None,250,,,500,,,0.0,0.0,0.9040047339676669,,250.0,
R1,Composite,0.9999088105382176,0.9980317436703448,0.9675238735645781,36,36,36.0,72.0,500,-0.26799930491164137,1.1087701438265216e-05,11.52823862336048,5.383676424675333,0.5798053781126027,,,
R2,Seasonal,0.8121519700971471,0.9928908373838631,0.867781271517211,36,36,36.0,72.0,500,0.0,0.0,20.865228425114225,8.01653199674576,1.9193673194291148,,,
R3,Stationary_WN,0.17797980823086434,0.3356647926350813,0.2997860224576011,None,8,,,500,0.0,0.0,0.0,0.0,5.5603221139114565,,,
R4,Trending_MeanShift,0.9997734996880434,0.9991006985423689,0.0,None,250,,,500,,,0.0,0.0,0.7197327254464072,,250.0,
R1,Composite,0.9996907324929609,0.9985117275806686,0.7689242007878776,24,24,24.0,48.0,500,-0.2547546377420507,-2.148171704255908e-05,24.497576346617514,2.890691761594266,1.0184863504635824,,,
R2,Seasonal,0.9786785751052619,0.9993773052153517,0.983353348361511,24,24,24.0,48.0,500,0.0,0.0,29.96145889114539,11.020756220810803,0.7960658359430972,,,
R3,Stationary_WN,0.0803545902505145,0.35662158868650495,0.28584252927702536,None,26,,,500,0.0,0.0,0.0,0.0,10.269851449467588,,,
R4,Trending_RandomWalkDrift,0.9976027426437873,0.9536825214534461,0.9500426543638615,None,125,,,500,,,0.0,0.0,0.5994343695810866,,,-0.2411225450256652
R1,Composite,0.9985880421208958,0.9981580545453493,0.9363634854245985,24,24,24.0,48.0,500,0.15413576856355152,-4.6742624152450644e-05,23.404350765747083,7.171349729685246,1.1422114421876133,,,
R2,Seasonal,0.9868205517778497,0.9996079148654119,0.989764911559582,24,24,24.0,48.0,500,0.0,0.0,25.022490303374802,9.191388190373019,0.511517663235264,,,
R3,Stationary_WN,0.46767241812346216,0.3077914489443271,0.27087743580266477,None,3,,,500,0.0,0.0,0.0,0.0,8.834780294935161,,,
R4,Trending_ExponentialGrowth,0.9983538380050044,0.34595637829799486,0.3540855078172269,None,24,,,500,,,0.0,0.0,0.6999599560741764,,,
R1,Composite,0.9985279119221594,0.9967718570279208,0.8546035948921573,12,12,12.0,24.0,500,-0.1387070671448265,-2.316827991210302e-05,20.897064794921594,5.560805017429159,1.1083522086859814,,,
R2,Seasonal,0.6800306330177075,0.9830739627110577,0.7367091816621285,12,12,12.0,24.0,500,0.0,0.0,13.816895202983721,5.593805078251005,1.8032664984454754,,,
R3,Stationary_WN,0.43128167777099946,0.11458710631807634,0.36662534137059266,None,3,,,500,0.0,0.0,0.0,0.0,9.888411823380746,,,
R4,Trending_MeanShift,0.9998870227555178,0.9995454852582,0.0,None,250,,,500,,,0.0,0.0,1.1795271290038596,,250.0,
R1,Composite,0.9999165472173062,0.9973810077148271,0.8579081211373648,12,12,12.0,24.0,500,-0.348441503983694,-4.548163654446748e-05,13.491982201026632,3.1823801758546875,0.7357228976140863,,,
R2,Seasonal,0.9064298052222297,0.9927524631357839,0.9041599145402508,12,12,12.0,24.0,500,0.0,0.0,20.32620836794218,10.372159279929782,1.9724267895074157,,,
R3,Stationary_WN,0.3990414537235709,0.275713444359606,0.26681167657099214,None,4,,,500,0.0,0.0,0.0,0.0,7.601356323943108,,,
R4,Trending_ExponentialGrowth,0.996501732713566,0.35775941645968923,0.3528401199841108,None,24,,,500,,,0.0,0.0,0.6124158254391365,,,
R1,Composite,0.9990937696871395,0.9960081816751921,0.7213127727844455,36,36,36.0,72.0,500,0.20179419067584942,-2.7215631803761526e-05,18.22891164755835,3.2173066424305827,1.1402755041450279,,,
R2,Seasonal,0.9107082252647176,0.999435830357589,0.9296005446122688,36,36,36.0,72.0,500,0.0,0.0,27.64361341603152,4.4709834967117175,0.6655175208480943,,,
R3,Stationary_AR,0.43306035336415716,0.6203687498684124,0.7041368474487497,None,29,,,500,0.0,0.0,0.0,0.0,5.0,0.6983504296572987,,
R4,Trending_RandomWalkDrift,0.9949032687420158,0.8992779714290494,0.32959577262380235,None,250,,,500,,,0.0,0.0,1.130088576275337,,,0.42119936395958557
R1,Composite,0.9993678053361721,0.9943880827430858,0.5947852764623919,12,12,12.0,24.0,500,0.2597880066463155,-3.0720447363773925e-05,16.62994710723365,2.1695469680028374,1.2341512407036084,,,
R2,Seasonal,0.9679760163220172,0.9993860265121873,0.9653496411798852,12,12,12.0,24.0,500,0.0,0.0,24.530537949463532,6.439583060577909,0.6614634540139015,,,
R3,Stationary_AR,0.24190416035936646,0.4228669236146708,0.5585778805202777,None,24,,,500,0.0,0.0,0.0,0.0,5.0,0.5150934212129825,,
R4,Trending_ExponentialGrowth,0.9966240620119727,0.3380791186521631,0.44119272809901666,None,24,,,500,,,0.0,0.0,0.8541826617688965,,,
R1,Composite,0.9998072788809356,0.986730609410085,0.9346195091507351,36,36,36.0,72.0,500,-0.376743911512876,1.3484634210737944e-05,9.123879275001464,7.491453606412062,1.1283707656364663,,,
R2,Seasonal,0.8904490079437606,0.9971293270957718,0.9200402185697248,36,36,36.0,72.0,500,0.0,0.0,13.965155550682136,4.6413296604961385,0.7858063110421065,,,
R3,Stationary_AR,0.16593926522877134,0.5479652764975946,0.5258060641456423,None,71,,,500,0.0,0.0,0.0,0.0,5.0,0.4818012083342886,,
R4,Trending_RandomWalkDrift,0.6976373274579609,0.2341238830107042,0.0,None,167,,,500,,,0.0,0.0,1.3116210759276838,,,0.35929352998331165
R1,Composite,0.9996031763192562,0.9964528784216101,0.7441428439807978,12,12,12.0,24.0,500,0.3092846978614775,2.9015959431520843e-05,22.12069253984584,3.962015355902087,1.2684295647979358,,,
R2,Seasonal,0.9540403058851336,0.9965216647337476,0.9505661531357514,12,12,12.0,24.0,500,0.0,0.0,13.245556440651864,6.785898629373414,0.7858875323585113,,,
R3,Stationary_AR,0.20530341056273516,0.6322401404767589,0.6298131725319894,None,36,,,500,0.0,0.0,0.0,0.0,5.0,0.6780384181518446,,
R4,Trending_ExponentialGrowth,0.9843260230615143,0.41138622846245376,0.33504702131884556,None,24,,,500,,,0.0,0.0,0.9395608683993895,,,
R1,Composite,0.9998026565045125,0.9951034285872009,0.9317236877392423,48,50,48.0,96.0,500,-0.2928554931711897,-4.967578878965811e-05,13.30958360080696,5.528476905203446,0.9832275558886313,,,
R2,Seasonal,0.4113581852988991,0.9661354144517303,0.7325669432217121,48,50,48.0,96.0,500,0.0,0.0,12.74958259487505,4.38398839549146,1.9138477720614744,,,
R3,Stationary_WN,0.4578911448565697,0.24291421414204528,0.2963870581140323,None,3,,,500,0.0,0.0,0.0,0.0,6.965838910228071,,,
R4,Trending_ExponentialGrowth,0.9972241915176805,0.34924990410038925,0.34188424911849824,None,24,,,500,,,0.0,0.0,0.7127798315735129,,,
R1,Composite,0.9998607985869096,0.9993022900088274,0.9748823625524534,36,36,36.0,72.0,500,0.23162445635461137,-3.101972709918978e-05,19.671025978961698,6.163942625468542,0.5419188152306694,,,
R2,Seasonal,0.9530169990897089,0.9984342928971298,0.9612248952582351,36,36,36.0,72.0,500,0.0,0.0,20.27290083182819,7.807396466140419,0.8642978432589687,,,
R3,Stationary_AR,0.1806598071256934,0.5464418671281301,0.6720865419319115,None,26,,,500,0.0,0.0,0.0,0.0,5.0,0.6862440674572893,,
R4,Trending_ExponentialGrowth,0.9993765542395809,0.31508867801185203,0.3698397742583427,None,24,,,500,,,0.0,0.0,1.0898528270769186,,,
R1,Composite,0.9998100020150336,0.9973642466697643,0.7764724080493728,12,12,12.0,24.0,500,-0.30070094943684,4.174154691713215e-05,15.37025766035155,2.6714955375332963,0.7957585191813761,,,
R2,Seasonal,0.7727520766619433,0.9877661601448643,0.8106903235833155,12,12,12.0,24.0,500,0.0,0.0,12.796285739001236,5.278130677639974,1.5793813689268372,,,
R3,Stationary_WN,0.504186560144853,0.1189735073306537,0.31896718858311013,None,2,,,500,0.0,0.0,0.0,0.0,7.50098602729784,,,
R4,Trending_MeanShift,0.9983011437747971,0.9924445549096931,0.0,None,250,,,500,,,0.0,0.0,0.5241196064507303,,250.0,
R1,Composite,0.9987152786895539,0.9963915561193895,0.6153931036571663,12,12,12.0,24.0,500,-0.1832110351722629,3.3535789329153e-05,20.423468819105608,2.457921140212717,1.312126274913824,,,
R2,Seasonal,0.9361183546224396,0.9911365671528423,0.9177337340204188,12,12,12.0,24.0,500,0.0,0.0,16.18582611689477,10.676514766057544,0.6123188891302507,,,
R3,Stationary_AR,0.4007808736334115,0.47935615085307914,0.67839558187262,None,24,,,500,0.0,0.0,0.0,0.0,5.0,0.5396751013057293,,
R4,Trending_RandomWalkDrift,0.9993888914950247,0.7091985324957901,0.8448668170857816,None,24,,,500,,,0.0,0.0,1.1833459800135149,,,0.19925805375175978
R1,Composite,0.9996254891919845,0.9974998241686577,0.9398985184463675,48,50,48.0,96.0,500,-0.20133478745281463,4.4706182366263904e-05,14.372181794562731,4.610542249367194,0.7507637695092098,,,
R2,Seasonal,0.8577481885396636,0.9952029863467279,0.9063954867932009,48,50,48.0,96.0,500,0.0,0.0,27.207713281350266,9.16219958861759,1.9447487439432918,,,
R3,Stationary_WN,0.29266511275062845,0.3572739150408415,0.25954193693584593,None,5,,,500,0.0,0.0,0.0,0.0,5.5148229515405065,,,
R4,Trending_ExponentialGrowth,0.9996007739105223,0.4517717059801575,0.3364687232599104,None,24,,,500,,,0.0,0.0,0.8078743547203743,,,
R1,Composite,0.9995039043369343,0.9957185206464119,0.9268267882213639,24,24,24.0,48.0,500,0.23673906070509718,-1.0289830750268384e-05,15.661890449891189,6.9549513930878675,1.153385907701078,,,
R2,Seasonal,0.9623283451785142,0.9986389274958819,0.9705411728515875,24,24,24.0,48.0,500,0.0,0.0,26.12100143672556,10.50710083076324,1.0974950606506064,,,
R3,Stationary_WN,0.5003749554943762,0.09024093830885371,0.2974289796144176,None,2,,,500,0.0,0.0,0.0,0.0,9.391628059812962,,,
R4,Trending_RandomWalkDrift,0.9605981966466398,0.5345244529459674,0.0,None,167,,,500,,,0.0,0.0,0.9919430077970309,,,0.31384969990918604
R1,Composite,0.9990376772472587,0.996704862918448,0.8722534110739923,36,36,36.0,72.0,500,0.20939229175874513,1.616720048763021e-05,23.817612203939046,6.130001286221516,1.438551829672245,,,
R2,Seasonal,0.9608503702030082,0.9982537784861709,0.9677605836719531,36,36,36.0,72.0,500,0.0,0.0,19.90949370507017,8.665196534869883,0.8576386407607853,,,
R3,Stationary_AR,0.4544872171542964,0.5632037747005104,0.6103056042048229,None,15,,,500,0.0,0.0,0.0,0.0,5.0,0.5208456932988816,,
R4,Trending_ExponentialGrowth,0.9969109736915157,0.2948559284579474,0.31095732165358525,None,24,,,500,,,0.0,0.0,0.5958676008602145,,,
R1,Composite,0.9993899592754573,0.9854136773859955,0.8205011148101338,36,36,36.0,72.0,500,0.253577481709939,1.918563223417274e-05,10.920620455331917,4.7119758917946575,1.3178999559815812,,,
R2,Seasonal,0.8350422641953725,0.9850558616542284,0.8772448023001124,36,36,36.0,72.0,500,0.0,0.0,13.754546901059106,8.343346496951714,1.9143816440881793,,,
R3,Stationary_AR,0.42283312693043573,0.5081124493347108,0.6298267794632898,None,11,,,500,0.0,0.0,0.0,0.0,5.0,0.6111492895445372,,
R4,Trending_MeanShift,0.9999340137636782,0.9997377856021824,0.0,None,250,,,500,,,0.0,0.0,0.7612971966245462,,250.0,
R1,Composite,0.9997667161843473,0.9944901724050336,0.9013489653780767,12,12,12.0,24.0,500,-0.1813073592934054,-2.6262090553046866e-05,8.137162692345292,3.586459447431916,0.6443664088835275,,,
R2,Seasonal,0.8883425319982878,0.9879830702941425,0.8906681477099914,12,12,12.0,24.0,500,0.0,0.0,17.502030516190736,10.427305978847727,1.9560083916364621,,,
R3,Stationary_AR,0.12870840531767802,0.5467612209717518,0.5505825958850286,None,42,,,500,0.0,0.0,0.0,0.0,5.0,0.4260758575000963,,
R4,Trending_RandomWalkDrift,0.9980944857230548,0.9286921595634308,0.9276178071453703,None,250,,,500,,,0.0,0.0,1.1139383858955467,,,-0.4377258206963607
R1,Composite,0.9995232474773457,0.9952622519662162,0.8268204809980987,36,36,36.0,72.0,500,-0.16889214687485038,3.061100481050933e-05,9.908185605217346,2.5988186237232616,0.7682339331471721,,,
R2,Seasonal,0.8313125794813939,0.996286307439362,0.8748954607038233,36,36,36.0,72.0,500,0.0,0.0,25.896946221127383,7.450905608852956,1.7394998384389972,,,
R3,Stationary_WN,0.3925531585579046,0.29625760324853145,0.377447991055361,None,4,,,500,0.0,0.0,0.0,0.0,6.876762023460964,,,
R4,Trending_MeanShift,0.9999735732913507,0.9998942590049146,0.0,None,250,,,500,,,0.0,0.0,0.6230059501231591,,250.0,
R1,Composite,0.9996378828263377,0.9960585492907946,0.9811358168172545,36,36,36.0,72.0,500,0.12278815353091767,1.4958122051628449e-05,8.012739689564015,6.94588469300507,0.5062947866333908,,,
R2,Seasonal,0.9769044749112358,0.9950295070158611,0.9807759959790685,36,36,36.0,72.0,500,0.0,0.0,10.164799488335387,9.838721787158438,0.8124868130776828,,,
R3,Stationary_AR,0.2633019172956702,0.3494019291990318,0.42785845903325104,None,11,,,500,0.0,0.0,0.0,0.0,5.0,0.44345563332573673,,
R4,Trending_RandomWalkDrift,0.9927158605676613,0.7649676771593406,0.8984398405451393,None,24,,,500,,,0.0,0.0,0.7398605922293073,,,-0.16127796989084486
R1,Composite,0.9996527513064999,0.9986171701801507,0.9465045444949187,48,50,48.0,96.0,500,-0.19240821023826127,-1.2085633112066052e-05,21.09461504332493,4.093564731441711,0.6905406339390445,,,
R2,Seasonal,0.5852936318318129,0.9954513124804921,0.8393604406145035,48,50,48.0,96.0,500,0.0,0.0,26.937729723096357,4.690976121015336,1.132940495528811,,,
R3,Stationary_AR,0.5426462965517481,0.5042046552813195,0.6130734048720192,None,11,,,500,0.0,0.0,0.0,0.0,5.0,0.5901030227429841,,
R4,Trending_RandomWalkDrift,0.9997897916975187,0.6641335246735679,0.863192925894519,None,24,,,500,,,0.0,0.0,0.8633382163613896,,,0.4249803447487208
R1,Composite,0.999440656319638,0.9903990587388792,0.5858671260567305,24,24,24.0,48.0,500,0.3331171354640795,-3.930978635716432e-05,15.080778030091842,2.4095788293322826,1.4833667972713198,,,
R2,Seasonal,0.9284375046399134,0.9974542743017389,0.9450317746420733,24,24,24.0,48.0,500,0.0,0.0,24.759089532217992,9.586509483603907,1.3680447450807036,,,
R3,Stationary_AR,0.2401919932151737,0.5903682355366631,0.5751194881684132,None,28,,,500,0.0,0.0,0.0,0.0,5.0,0.6365941958413144,,
R4,Trending_ExponentialGrowth,0.9975194215694982,0.4183594185713305,0.34639464434379874,None,24,,,500,,,0.0,0.0,1.011958265676816,,,
R1,Composite,0.9989988101596567,0.9980265315341933,0.9639079486310357,36,36,36.0,72.0,500,-0.1243351471857318,1.5994992935615223e-05,17.23324673123829,7.514589041452828,0.7987404205122777,,,
R2,Seasonal,0.9238924083052832,0.9962215999161803,0.9400541750934678,36,36,36.0,72.0,500,0.0,0.0,17.164669550617813,7.683868339425024,1.1318624322985875,,,
R3,Stationary_AR,0.393766091649535,0.46399221811923064,0.676158608264093,None,22,,,500,0.0,0.0,0.0,0.0,5.0,0.5632321190593836,,
R4,Trending_MeanShift,0.9998234352920666,0.9993108156867809,0.0,None,250,,,500,,,0.0,0.0,0.7256962744284933,,250.0,
R1,Composite,0.9998251268415089,0.9968042051887912,0.9415392776784293,36,36,36.0,72.0,500,-0.3042269030433343,-3.861198141947263e-05,15.493486638812454,6.6619775919934945,0.8776222530282579,,,
R2,Seasonal,0.7035433082529643,0.9929461208738658,0.814056142696734,36,36,36.0,72.0,500,0.0,0.0,18.923198818646007,5.464261086402613,1.653285036832023,,,
R3,Stationary_AR,0.275357287162331,0.5808527530210422,0.6943225240866311,None,45,,,500,0.0,0.0,0.0,0.0,5.0,0.6770838194846853,,
R4,Trending_RandomWalkDrift,0.9833033757048606,0.37702545178150837,0.0,None,167,,,500,,,0.0,0.0,1.113051337429854,,,0.4807221138950222
R1,Composite,0.9999140622429704,0.9981938054492354,0.8727211583747244,12,12,12.0,24.0,500,-0.3737459875539505,-1.5589938455975015e-05,16.985065776146232,3.7192740164979403,0.6903896778852101,,,
R2,Seasonal,0.8012148804008379,0.9910207567865768,0.8145903095582288,12,12,12.0,24.0,500,0.0,0.0,16.134168605918266,6.267757442486134,1.845055598374591,,,
R3,Stationary_AR,0.06264845209565195,0.46789281444772834,0.5158959647852082,None,62,,,500,0.0,0.0,0.0,0.0,5.0,0.6718200306037123,,
R4,Trending_ExponentialGrowth,0.999629000007513,0.46996284093751883,0.4639900028719137,None,24,,,500,,,0.0,0.0,1.0351601137942952,,,
R1,Composite,0.9998936758791139,0.9990101262172172,0.9477349576188209,36,36,36.0,72.0,500,-0.2888920723873385,3.76586606074929e-05,18.089777169163874,4.56644381592781,0.60355416032243,,,
R2,Seasonal,0.7968096318541628,0.9931967161170785,0.8526612879219746,36,36,36.0,72.0,500,0.0,0.0,23.72569518032007,8.482485251894314,1.9601371512301655,,,
R3,Stationary_AR,0.5318384702683019,0.20932788304641226,0.44070791518298336,None,4,,,500,0.0,0.0,0.0,0.0,5.0,0.4090166987906262,,
R4,Trending_RandomWalkDrift,0.48242786631999024,0.6252927188807698,0.0,None,250,,,500,,,0.0,0.0,1.4801116792591729,,,0.11756798714088862
R1,Composite,0.9993553137722994,0.9962027208380719,0.849268100617298,24,24,24.0,48.0,500,0.10935829418769073,2.4343754654037584e-05,10.174842800764676,2.662810557370044,0.6443901562721349,,,
R2,Seasonal,0.7923383655526853,0.9974383054782484,0.8513986585364911,24,24,24.0,48.0,500,0.0,0.0,28.770166681976782,6.213981194602712,1.495172062367148,,,
R3,Stationary_AR,0.13047470605756384,0.5714245513733833,0.6905861809857327,None,83,,,500,0.0,0.0,0.0,0.0,5.0,0.6293772725262696,,
R4,Trending_MeanShift,0.9992575980201504,0.9968933234470407,0.0,None,250,,,500,,,0.0,0.0,1.163343547833402,,250.0,
R1,Composite,0.9991691002001143,0.9967027970120654,0.8550638553553347,12,12,12.0,24.0,500,0.18809795403515028,1.9648736065275942e-05,20.23406238934252,5.391859677778507,1.2723405325454444,,,
R2,Seasonal,0.9755170452456717,0.9974721890484992,0.9728808230059254,12,12,12.0,24.0,500,0.0,0.0,10.007274504980172,6.1248943698657206,0.5284960161520331,,,
R3,Stationary_WN,0.4128757620213863,0.21538578936102826,0.3435560577267637,None,3,,,500,0.0,0.0,0.0,0.0,5.193144671060369,,,
R4,Trending_MeanShift,0.9999643318955415,0.9998589583496007,0.0,None,250,,,500,,,0.0,0.0,0.9082705602991792,,250.0,
R1,Composite,0.9953788877862664,0.9918302558322981,0.7016604725329316,48,50,48.0,96.0,500,-0.15842336512785088,4.342122704462422e-05,21.507867563169263,2.8320634293849736,1.495795966265888,,,
R2,Seasonal,0.904704130884066,0.9873484532966057,0.9271287597082547,48,50,48.0,96.0,500,0.0,0.0,16.843098898470096,11.409741964619595,1.932566371693561,,,
R3,Stationary_AR,0.1318471782915026,0.5721205322175927,0.6301558589793317,None,83,,,500,0.0,0.0,0.0,0.0,5.0,0.5731854901602981,,
R4,Trending_RandomWalkDrift,0.998315136466303,0.7189140810239175,0.9106901101359707,None,24,,,500,,,0.0,0.0,1.383827240492117,,,-0.13131318037071435
R1,Composite,0.9994513765125554,0.9965440095149591,0.8035230008470886,12,12,12.0,24.0,500,0.2851789727389096,-1.869517784292818e-05,22.26406780358846,4.835632457925231,1.3876445714641612,,,
R2,Seasonal,0.7606486380110279,0.9966169033604435,0.7884163876670611,12,12,12.0,24.0,500,0.0,0.0,29.539260339690564,5.970905129384568,1.9218524254008513,,,
R3,Stationary_WN,0.15846886393497417,0.30720773328759976,0.35535741539586607,None,12,,,500,0.0,0.0,0.0,0.0,8.66994441434956,,,
R4,Trending_ExponentialGrowth,0.9962313125160893,0.4165317403034172,0.36223509333113113,None,24,,,500,,,0.0,0.0,1.1675127924875248,,,
R1,Composite,0.9997743055858974,0.9946284743817648,0.6206080580219799,24,24,24.0,48.0,500,0.3810916286116337,-2.6760450807833054e-05,15.298485096897986,2.1681757613410975,1.0699561174214716,,,
R2,Seasonal,0.5679283920225504,0.9947082016067614,0.7410918424553836,24,24,24.0,48.0,500,0.0,0.0,24.2959280161181,4.709977054787878,1.7849854202890874,,,
R3,Stationary_AR,0.41366685927212354,0.5124937912603453,0.43589214381813746,None,11,,,500,0.0,0.0,0.0,0.0,5.0,0.4820350839929092,,
R4,Trending_RandomWalkDrift,0.8961098720619973,0.2065241609017403,0.0,None,167,,,500,,,0.0,0.0,1.209550262182105,,,-0.47855654671836545
R1,Composite,0.9994870306539166,0.9966716518828754,0.6726751654086185,12,12,12.0,24.0,500,-0.2747743048185717,3.0578476441250904e-05,20.817643694531995,2.8718593195329203,1.0859063135813949,,,
R2,Seasonal,0.9569319016812142,0.9936984093974375,0.9537563859836707,12,12,12.0,24.0,500,0.0,0.0,14.952354033934752,10.828765018444795,1.1594518081575163,,,
R3,Stationary_WN,0.25355412092057783,0.34505819350174327,0.2843045248156322,None,6,,,500,0.0,0.0,0.0,0.0,14.132309525211458,,,
R4,Trending_RandomWalkDrift,0.9584256632883965,0.02090803555217091,0.0,None,250,,,500,,,0.0,0.0,0.6987827149664364,,,0.4094387179567036
R1,Composite,0.9999138794023723,0.9988321916526445,0.7969334452355082,12,12,12.0,24.0,500,0.3638567900898614,-1.3283398783026091e-05,19.835197345557305,2.504503996828073,0.6822730331925865,,,
R2,Seasonal,0.5870503077434113,0.9726948688756705,0.7149262694307992,12,12,12.0,24.0,500,0.0,0.0,11.759092455591865,4.92495985636587,1.9258410270619815,,,
R3,Stationary_WN,0.21857990238967862,0.2789548979800657,0.2851681026981636,None,7,,,500,0.0,0.0,0.0,0.0,13.271705774670568,,,
R4,Trending_MeanShift,0.9998588205048384,0.9994369063662512,0.0,None,250,,,500,,,0.0,0.0,1.2438250519127187,,250.0,
R1,Composite,0.9994627079546042,0.9967425069462186,0.8536142768435422,36,36,36.0,72.0,500,-0.25393259286659386,-2.829734358049319e-05,22.345489628057877,5.389552657672809,1.3991868828553056,,,
R2,Seasonal,0.6431826665769885,0.982606676413604,0.7524402832223339,36,36,36.0,72.0,500,0.0,0.0,12.231123502493526,4.807874685961719,1.6543399836781338,,,
R3,Stationary_AR,0.2676564026334647,0.6274628085110552,0.6540926303461252,None,25,,,500,0.0,0.0,0.0,0.0,5.0,0.5899796194309646,,
R4,Trending_RandomWalkDrift,0.998348539245706,0.6195393363211021,0.8645195249168371,None,24,,,500,,,0.0,0.0,0.7368856788795846,,,-0.10212333543299207
R1,Composite,0.9965829657166394,0.9952684907958494,0.8838171164118631,48,50,48.0,96.0,500,0.10547678447913993,-1.3545814858733112e-05,18.35087213919838,4.917737845352434,1.2243099230684351,,,
R2,Seasonal,0.8817828525952953,0.9847289120114988,0.9216697790677439,48,50,48.0,96.0,500,0.0,0.0,12.990243972991518,9.069889943647283,1.6927069990608994,,,
R3,Stationary_AR,0.04843888845762956,0.5940165849027214,0.5923767058875353,None,100,,,500,0.0,0.0,0.0,0.0,5.0,0.44390491643229846,,
R4,Trending_MeanShift,0.999941308046091,0.9997648858923314,0.0,None,250,,,500,,,0.0,0.0,0.7912229051967717,,250.0,
R1,Composite,0.9997419000648926,0.9934661200500337,0.9294504173918847,12,12,12.0,24.0,500,-0.3375730029845102,3.157907513085626e-05,12.994081129143431,7.493184034331449,1.1849018865187606,,,
R2,Seasonal,0.6861099288114036,0.982230323812029,0.7325994714151606,12,12,12.0,24.0,500,0.0,0.0,11.845059777623511,4.528790998402081,1.7914191803527255,,,
R3,Stationary_WN,0.3095180758142825,0.27550096849351413,0.3453002659341794,None,4,,,500,0.0,0.0,0.0,0.0,11.132354618758319,,,
R4,Trending_RandomWalkDrift,0.999809759603499,0.8170579142869896,0.8974850633883156,None,24,,,500,,,0.0,0.0,0.57954682666994,,,-0.4495784764264188
R1,Composite,0.9996520033719799,0.995011937051698,0.6395380946510627,36,36,36.0,72.0,500,0.35304217387680337,3.406544781142906e-05,19.815017213928428,2.636404557431981,1.4074403936948725,,,
R2,Seasonal,0.6383988470188806,0.9897124811063773,0.7896527077615243,36,36,36.0,72.0,500,0.0,0.0,13.859880929034896,4.4627481919171474,1.4397477635190843,,,
R3,Stationary_AR,0.10196694231829084,0.49531569460743974,0.620355097780552,None,23,,,500,0.0,0.0,0.0,0.0,5.0,0.40438371180879396,,
R4,Trending_ExponentialGrowth,0.9786372423748807,0.3542012232750825,0.29893283803282156,None,24,,,500,,,0.0,0.0,0.9913819140399966,,,
R1,Composite,0.9993827897950184,0.9864640111455736,0.7582077419953758,48,50,48.0,96.0,500,0.3116094915944389,4.0633852799767377e-05,15.191930093268898,3.1174531055208643,1.4109840774570848,,,
R2,Seasonal,0.9811626563276634,0.9987848388308975,0.9851702930085937,48,50,48.0,96.0,500,0.0,0.0,17.938456580825495,8.621109631270354,0.6103516525663404,,,
R3,Stationary_WN,0.13662557325615798,0.410823051346601,0.31553406914115156,None,12,,,500,0.0,0.0,0.0,0.0,10.367465937641052,,,
R4,Trending_RandomWalkDrift,0.9989753125271494,0.6598133582337745,0.8175249316920146,None,24,,,500,,,0.0,0.0,0.8606502437786896,,,0.2966381808691032
R1,Composite,0.9995889049636985,0.9970640062428295,0.8574554725740589,12,12,12.0,24.0,500,0.3328383996535682,-1.3488004409459028e-05,24.904072958566488,6.37297211392119,1.4297165124048963,,,
R2,Seasonal,0.7204457336961498,0.9961446556391114,0.768915330356899,12,12,12.0,24.0,500,0.0,0.0,27.224357186378864,5.518294838581201,1.692992419846147,,,
R3,Stationary_WN,0.35525144614275084,0.2716414845214954,0.27304722967828243,None,4,,,500,0.0,0.0,0.0,0.0,11.837432622171189,,,
R4,Trending_RandomWalkDrift,0.9996080665634633,0.5655863554219875,0.8743165188092568,None,24,,,500,,,0.0,0.0,1.3369070167597115,,,-0.34091036202833247
R1,Composite,0.9999307984194945,0.9973287967817391,0.9381276200704226,12,12,12.0,24.0,500,-0.371675889457597,-4.752830904012133e-05,12.874985410508652,5.131531866515069,0.7012489528982583,,,
R2,Seasonal,0.8672996172437966,0.9943737738068811,0.8676487800120354,12,12,12.0,24.0,500,0.0,0.0,14.699761936236555,5.5373731434406945,1.1563820110313827,,,
R3,Stationary_WN,0.3970606959331737,0.13549432182758592,0.3033246676478094,None,3,,,500,0.0,0.0,0.0,0.0,13.12750975436185,,,
R4,Trending_ExponentialGrowth,0.971808577947913,0.39498470775163796,0.2997058399087057,None,24,,,500,,,0.0,0.0,1.3614129857873012,,,
R1,Composite,0.9996925367897841,0.9944826781559245,0.920212608410508,24,24,24.0,48.0,500,0.3268349805086581,4.6464295135324147e-05,16.570240443244302,7.701110859688726,1.4926046946791702,,,
R2,Seasonal,0.8131191015886774,0.9857523482077386,0.8657604060572367,24,24,24.0,48.0,500,0.0,0.0,16.273848375808612,9.32691062873719,1.977246434170244,,,
R3,Stationary_WN,0.5023423014296908,0.1268235774208536,0.27392136855830107,None,2,,,500,0.0,0.0,0.0,0.0,6.713640594273573,,,
R4,Trending_MeanShift,0.98970930384254,0.9629514588747552,0.0,None,250,,,500,,,0.0,0.0,0.5790210548070691,,250.0,
R1,Composite,0.998511374567969,0.9877563077752456,0.914681776965061,24,24,24.0,48.0,500,0.15778735929286625,-2.1077984810561376e-05,10.115819195034714,6.964970500047444,1.2636764560792106,,,
R2,Seasonal,0.8530096176601751,0.9942299101626025,0.8946114290917175,24,24,24.0,48.0,500,0.0,0.0,15.41415124053793,6.175100363224439,1.3151100410720562,,,
R3,Stationary_AR,0.14450320364187752,0.5411920776879162,0.6522475318674941,None,42,,,500,0.0,0.0,0.0,0.0,5.0,0.5850565753784219,,
R4,Trending_ExponentialGrowth,0.9908277849848959,0.33920024221130773,0.29864630654051905,None,24,,,500,,,0.0,0.0,1.3325738240115839,,,
R1,Composite,0.9995075397948792,0.9959537341658672,0.6481476564138977,36,36,36.0,72.0,500,0.28996693852540056,1.5984371383471896e-05,21.00866772316242,2.830453048937466,1.3972075735246534,,,
R2,Seasonal,0.6440920023572398,0.9748433826014662,0.7769006618447634,36,36,36.0,72.0,500,0.0,0.0,10.235126540169794,5.214929442025756,1.7860045745256241,,,
R3,Stationary_AR,0.06330775082368634,0.6568953613952748,0.6115901194435976,None,50,,,500,0.0,0.0,0.0,0.0,5.0,0.6013669300104861,,
R4,Trending_MeanShift,0.9998348324682563,0.999354570899953,0.0,None,250,,,500,,,0.0,0.0,1.1230224745168842,,250.0,
R1,Composite,0.9996367857482014,0.9964781218824043,0.9106724811598416,36,36,36.0,72.0,500,-0.23129923358546858,-1.414704330130905e-05,15.6298492477115,5.469704387135168,1.0233731047144,,,
R2,Seasonal,0.6146909272502987,0.9829547121472547,0.7501818486914031,36,36,36.0,72.0,500,0.0,0.0,15.569347485233767,5.903528146087605,1.833614682165973,,,
R3,Stationary_AR,0.3234957806737849,0.36685009201770735,0.460069305826045,None,13,,,500,0.0,0.0,0.0,0.0,5.0,0.5415780809490148,,
R4,Trending_MeanShift,0.9999078430435521,0.999633646978961,0.1641161411831752,None,250,,,500,,,0.0,0.0,1.4720627732108569,,250.0,
R1,Composite,0.9991345442344344,0.973008669477323,0.775052591937812,48,50,48.0,96.0,500,0.25063649999481796,-4.56606007720741e-05,8.351513226177515,3.4703618980687416,1.3841548067981326,,,
R2,Seasonal,0.7594504851579456,0.9978156071122363,0.9023739546319581,48,50,48.0,96.0,500,0.0,0.0,27.13018311397125,4.565261380468763,0.9556724048571927,,,
R3,Stationary_WN,0.5612313389759527,0.23852315291040593,0.21546118464539754,None,2,,,500,0.0,0.0,0.0,0.0,6.817659615358151,,,
R4,Trending_MeanShift,0.9999639918676569,0.9998568474276736,0.17846595557248646,None,250,,,500,,,0.0,0.0,1.3870615395913444,,250.0,
R1,Composite,0.9998873602539724,0.9984190600441701,0.9411666754378777,12,12,12.0,24.0,500,-0.254108276924084,-3.6423741033287494e-05,14.879906737561761,4.690251015345058,0.6588264369907326,,,
R2,Seasonal,0.9609711585801407,0.9990657956194572,0.9577836760553073,12,12,12.0,24.0,500,0.0,0.0,21.01638957512693,6.157834525480476,0.6981774354321673,,,
R3,Stationary_WN,0.45374444086771437,0.07398090363777798,0.2307894486977452,None,2,,,500,0.0,0.0,0.0,0.0,11.403177048426478,,,
R4,Trending_RandomWalkDrift,0.9859035898618039,0.7042052397740446,0.06443663801147015,None,167,,,500,,,0.0,0.0,1.3145304334221695,,,0.28147813381007714
R1,Composite,0.9996843300724989,0.9979731859435005,0.8214910775631733,12,12,12.0,24.0,500,0.3132645009050764,-3.7451787658086226e-05,23.596290503488248,4.253254281292053,1.066028623642182,,,
R2,Seasonal,0.9739702129010661,0.9996949481851546,0.9722199352528131,12,12,12.0,24.0,500,0.0,0.0,24.720797586287944,5.072555136415092,0.5082672289687789,,,
R3,Stationary_WN,0.28277036658787247,0.31252434135691165,0.30119895093364,None,5,,,500,0.0,0.0,0.0,0.0,10.317695893723675,,,
R4,Trending_MeanShift,0.9997549735207695,0.9990487146965242,0.0,None,250,,,500,,,0.0,0.0,0.6153964112830325,,250.0,
R1,Composite,0.999756837266942,0.9981662764886371,0.9359462061277112,36,36,36.0,72.0,500,0.3238373233406568,-4.03522363047403e-05,22.4423405446495,6.888329817752882,0.9817503586366222,,,
R2,Seasonal,0.9822109958175749,0.9991806196022132,0.9852184362509403,36,36,36.0,72.0,500,0.0,0.0,25.049957295835963,11.173379425084187,0.7521522909457079,,,
R3,Stationary_WN,0.3844841655793366,0.13004059864384543,0.32790129739583307,None,3,,,500,0.0,0.0,0.0,0.0,12.924119311917416,,,
R4,Trending_MeanShift,0.9999897032141655,0.9999585994679503,0.3535438920041064,None,250,,,500,,,0.0,0.0,0.6573131366066851,,250.0,
R1,Composite,0.9996718637238647,0.9886642244501251,0.6724632742474393,12,12,12.0,24.0,500,-0.2975362982318124,3.365900322355874e-05,9.723958773745627,2.501156842285406,0.9504297161130093,,,
R2,Seasonal,0.948114356258425,0.9992804200999386,0.9445639800664273,12,12,12.0,24.0,500,0.0,0.0,25.163077488926618,5.4942252045724915,0.7057534642546217,,,
R3,Stationary_AR,0.323378729667678,0.4160326193029631,0.4229270211980821,None,10,,,500,0.0,0.0,0.0,0.0,5.0,0.4614159033662661,,
R4,Trending_MeanShift,0.9999715599276356,0.9998859617141911,0.0,None,250,,,500,,,0.0,0.0,0.8528695068348391,,250.0,
R1,Composite,0.998553771195752,0.9968910901176734,0.9387872202093738,24,24,24.0,48.0,500,0.15107076675711523,-2.4675075264759984e-05,19.255909582933974,7.694421766697324,1.1133836835055586,,,
R2,Seasonal,0.8347168281571515,0.9943527918790348,0.8826872080598565,24,24,24.0,48.0,500,0.0,0.0,14.345249760925878,5.355705398334952,1.2609116314358868,,,
R3,Stationary_AR,0.0850055657658364,0.640080603711209,0.5902024135937916,None,71,,,500,0.0,0.0,0.0,0.0,5.0,0.6086906174102136,,
R4,Trending_RandomWalkDrift,0.8794619661684553,0.5889453743781361,0.0,None,250,,,500,,,0.0,0.0,1.4473780492905954,,,0.17185514591010156
R1,Composite,0.9995111924874733,0.9916461053497265,0.8721625918972393,36,36,36.0,72.0,500,-0.2720851274021887,2.0927675680248902e-05,12.834700221034765,5.391366148883872,1.3728846061754318,,,
R2,Seasonal,0.9829150679101787,0.9993457908115447,0.9857370812327506,36,36,36.0,72.0,500,0.0,0.0,27.428898883219233,11.146800769729348,0.7554991077033935,,,
R3,Stationary_WN,0.05131946987110503,0.4288970285377156,0.3420429153562159,None,45,,,500,0.0,0.0,0.0,0.0,9.969559881240865,,,
R4,Trending_RandomWalkDrift,0.9912444607879087,0.3381963323976255,0.7902066642613494,None,24,,,500,,,0.0,0.0,0.9774824104711346,,,0.14850317546942732
R1,Composite,0.9998811724153759,0.9986089257558729,0.9202398424322777,12,12,12.0,24.0,500,0.3111993143635102,2.4084383627172064e-05,19.22787702745472,4.8419008548193885,0.8042748130356246,,,
R2,Seasonal,0.9702093979027151,0.9993617121309079,0.9671156777675932,12,12,12.0,24.0,500,0.0,0.0,26.942063949733235,7.36032594513163,0.6817823719961356,,,
R3,Stationary_AR,0.1439490616019432,0.5357518863443684,0.6556851658599353,None,56,,,500,0.0,0.0,0.0,0.0,5.0,0.5845604454897999,,
R4,Trending_MeanShift,0.9999606678506795,0.9998422802495178,0.0,None,250,,,500,,,0.0,0.0,0.6202907351368409,,250.0,
R1,Composite,0.999402403815051,0.9941867387714628,0.9243227416311474,36,36,36.0,72.0,500,0.1650957251893494,4.917003157351809e-05,12.330369641771444,5.994357698375125,1.0441917469570885,,,
R2,Seasonal,0.9476301460374834,0.9990844879102044,0.9584170231058622,36,36,36.0,72.0,500,0.0,0.0,24.9401270609201,6.90630190368242,0.8357140567088652,,,
R3,Stationary_AR,0.36581924669471033,0.44373887856551353,0.5268983076473295,None,12,,,500,0.0,0.0,0.0,0.0,5.0,0.5617925746167167,,
R4,Trending_RandomWalkDrift,0.990320377921887,0.7090876133256108,0.9022326080253029,None,24,,,500,,,0.0,0.0,1.3736594718613653,,,-0.10921451284935713
R1,Composite,0.9999045773924679,0.9991132878513648,0.9703249377579802,48,50,48.0,96.0,500,0.3343136432089616,-2.3557662676120268e-05,22.487257488234643,5.867244487891479,0.705582709685672,,,
R2,Seasonal,0.9055920534442168,0.992468253263084,0.9322380785557407,48,50,48.0,96.0,500,0.0,0.0,18.70803173821996,9.918377761637814,1.852215728389015,,,
R3,Stationary_AR,0.19185541976130793,0.4530241083471096,0.6347313577855183,None,24,,,500,0.0,0.0,0.0,0.0,5.0,0.537426139420068,,
R4,Trending_RandomWalkDrift,0.9963958548926373,0.9311509866910318,0.6670240271369254,None,250,,,500,,,0.0,0.0,0.8017356127181222,,,-0.335511426361606
R1,Composite,0.9998621339657467,0.9989777192248906,0.9102660404092474,24,24,24.0,48.0,500,-0.2697304040788171,-4.318738603151203e-05,21.68353580109428,3.9388936622262927,0.7264637679395127,,,
R2,Seasonal,0.9180216766277733,0.9970099811999934,0.9369145286685636,24,24,24.0,48.0,500,0.0,0.0,16.857588359383406,6.646391871594432,0.9842693910790583,,,
R3,Stationary_AR,0.0746507467760078,0.5216795908071292,0.6427009632088059,None,50,,,500,0.0,0.0,0.0,0.0,5.0,0.49553869877988366,,
R4,Trending_ExponentialGrowth,0.9997777864256469,0.49025400192002444,0.4337637030432673,None,24,,,500,,,0.0,0.0,0.6344849009305782,,,
R1,Composite,0.9989643863683554,0.9966443116235264,0.8730167993974779,24,24,24.0,48.0,500,0.1269642619170996,4.569098944381202e-05,16.966178449989116,4.6365389181119,1.0942411974434636,,,
R2,Seasonal,0.9802532115785348,0.9994693433926649,0.9845354936137538,24,24,24.0,48.0,500,0.0,0.0,23.617275851538928,8.228199036509539,0.5538722383337309,,,
R3,Stationary_AR,0.2454956086278991,0.5091724781832603,0.48414288199124667,None,18,,,500,0.0,0.0,0.0,0.0,5.0,0.4654050412775161,,
R4,Trending_MeanShift,0.9990706736619643,0.9963022454350338,0.0,None,250,,,500,,,0.0,0.0,1.1916231593798432,,250.0,
R1,Composite,0.9997274698578861,0.9986788814064546,0.9289136813821165,36,36,36.0,72.0,500,-0.1668785545514878,-1.5928141669707833e-05,16.231293464460535,3.962342367371975,0.6835497550181234,,,
R2,Seasonal,0.9011303864827515,0.9940811420105294,0.9262345529988353,36,36,36.0,72.0,500,0.0,0.0,18.74830782110296,9.414928851602562,1.595279734384693,,,
R3,Stationary_AR,0.005300996137914016,0.5758356959822654,0.0,None,250,,,500,0.0,0.0,0.0,0.0,5.0,0.4732012543726172,,
R4,Trending_RandomWalkDrift,0.5079811225434424,0.35691592393485694,0.0,None,167,,,500,,,0.0,0.0,1.1228026806060054,,,0.17225885111394657
R1,Composite,0.9981149448767245,0.996104344004015,0.8870719791693755,12,12,12.0,24.0,500,0.17201111223544674,-3.04596200583404e-05,21.989049334810055,7.348779853421906,1.4715501796609707,,,
R2,Seasonal,0.8095869705636042,0.9961037952431235,0.8137200136480369,12,12,12.0,24.0,500,0.0,0.0,23.297476808164,5.895559082200739,1.4097130768147905,,,
R3,Stationary_WN,0.3359035275286001,0.26317455844941606,0.2461415878730535,None,4,,,500,0.0,0.0,0.0,0.0,12.58223302817607,,,
R4,Trending_RandomWalkDrift,0.9995822749447344,0.8084681824262427,0.9268660246474096,None,24,,,500,,,0.0,0.0,1.0780821140426053,,,0.2934195286542865
R1,Composite,0.9994009903420148,0.9981919353308154,0.9441522117831374,12,12,12.0,24.0,500,-0.1478575159935356,3.411847258242835e-05,15.494142737726406,5.358095025840836,0.7194381286379843,,,
R2,Seasonal,0.9582494277759459,0.9987004269685285,0.9568546635675983,12,12,12.0,24.0,500,0.0,0.0,29.551482016165757,10.016048798573552,1.227285522441961,,,
R3,Stationary_WN,0.27001241778485985,0.31222961254497084,0.36721131897241766,None,5,,,500,0.0,0.0,0.0,0.0,5.804384583049995,,,
R4,Trending_RandomWalkDrift,0.9976443368266498,0.9284326923170279,0.0,None,250,,,500,,,0.0,0.0,1.4973614669146715,,,0.3937644106039295
R1,Composite,0.9996244169054368,0.9879325753522413,0.8734691806010115,12,12,12.0,24.0,500,-0.270462919734371,-3.767216696750497e-05,10.352372946671638,5.745543923689196,1.1891204712933003,,,
R2,Seasonal,0.9164456544805265,0.9967157805520261,0.9151417369967879,12,12,12.0,24.0,500,0.0,0.0,28.12205111592143,10.40699988012636,1.7287602223019123,,,
R3,Stationary_WN,0.43156610133452245,0.2636842430384061,0.25407072908803907,None,3,,,500,0.0,0.0,0.0,0.0,6.551485424898587,,,
R4,Trending_MeanShift,0.9998715549893353,0.9994755647728065,0.0,None,250,,,500,,,0.0,0.0,1.036290665599429,,250.0,
R1,Composite,0.9998464774565876,0.9990687640689159,0.9685670122356319,48,50,48.0,96.0,500,-0.26449736466561485,-1.118389510642445e-05,22.976592354996072,5.898498593431785,0.6619818896565279,,,
R2,Seasonal,0.034639809668251864,0.9889270112123294,0.6034212510361131,48,100,48.0,96.0,500,0.0,0.0,13.487142509737458,11.908361229053202,1.7989735513047598,,,
R3,Stationary_AR,0.2182098330587291,0.5918320105518783,0.7339436678935456,None,31,,,500,0.0,0.0,0.0,0.0,5.0,0.6594018055372117,,
R4,Trending_ExponentialGrowth,0.9937830503903358,0.3156587615267158,0.3291379289864941,None,24,,,500,,,0.0,0.0,1.4502149526072385,,,
R1,Composite,0.9986139223880431,0.9984334249311154,0.9622642886975121,36,36,36.0,72.0,500,-0.10438676345245712,4.3156826911704276e-05,16.37645688853519,6.2048448600829875,0.7060529166538921,,,
R2,Seasonal,0.9104856536432947,0.9983555886569219,0.9282097641480804,36,36,36.0,72.0,500,0.0,0.0,27.432391471565513,7.610353991095112,1.165888563260661,,,
R3,Stationary_WN,0.5553200491096433,0.2811983397588016,0.3646647941768939,None,2,,,500,0.0,0.0,0.0,0.0,7.745181627360418,,,
R4,Trending_MeanShift,0.9994140231647913,0.997815549309441,0.0,None,250,,,500,,,0.0,0.0,1.3044263191941348,,250.0,
R1,Composite,0.9995172696518495,0.9906533664988673,0.8917246945486421,24,24,24.0,48.0,500,0.3022808273832186,3.0365349827172362e-05,14.467801715232882,7.292462191578892,1.444106963236752,,,
R2,Seasonal,0.7883291840388713,0.9967606059315399,0.8570186816599119,24,24,24.0,48.0,500,0.0,0.0,18.688943913545998,4.507647007859267,1.1221059711762502,,,
R3,Stationary_AR,0.338905821798826,0.5709775057711381,0.6670327140077965,None,24,,,500,0.0,0.0,0.0,0.0,5.0,0.6093709475751018,,
R4,Trending_ExponentialGrowth,0.9996615546546996,0.32395304386496293,0.3915397241710654,None,24,,,500,,,0.0,0.0,0.5391758511271013,,,
R1,Composite,0.9997491737903786,0.9950691380403159,0.9382716221218206,48,50,48.0,96.0,500,0.25566813545662825,1.4444313188116272e-05,12.608038851249708,5.886246837905917,0.8946905132165449,,,
R2,Seasonal,0.8926984843044936,0.9913195300858065,0.919915460743246,48,50,48.0,96.0,500,0.0,0.0,19.34345961803173,10.097612808379267,1.9894445835934924,,,
R3,Stationary_WN,0.39540172550010466,0.27651808164007763,0.36978086796263143,None,3,,,500,0.0,0.0,0.0,0.0,11.038650620527052,,,
R4,Trending_MeanShift,0.9999259371823189,0.9997019029038853,0.045152464969790085,None,250,,,500,,,0.0,0.0,0.787183386287844,,250.0,
R1,Composite,0.9997572482616595,0.9902338238172066,0.8595645769680051,24,24,24.0,48.0,500,0.3080103245391088,-4.390850348068568e-05,9.008803634976044,3.9554868010770132,0.9100436989836684,,,
R2,Seasonal,0.9367984907652875,0.9927318897782441,0.9522949869409678,24,24,24.0,48.0,500,0.0,0.0,16.060234790330124,11.683982113390048,1.5545902495638126,,,
R3,Stationary_AR,0.12668556791881236,0.5060488238987739,0.6259636847171044,None,26,,,500,0.0,0.0,0.0,0.0,5.0,0.42980540338084827,,
R4,Trending_ExponentialGrowth,0.9989761415321958,0.3906112787122391,0.41543246824190727,None,24,,,500,,,0.0,0.0,0.9993431556888639,,,
R1,Composite,0.9996565672776245,0.9977750699104306,0.9428806457139247,12,12,12.0,24.0,500,-0.179999183218329,2.0318576054813535e-05,13.646519098210891,5.20475063551855,0.6523573923434827,,,
R2,Seasonal,0.940416082756162,0.9909701728340572,0.9383483540511182,12,12,12.0,24.0,500,0.0,0.0,13.166447004535872,9.906406977498158,1.3035891341210808,,,
R3,Stationary_WN,0.41157374304183936,0.16760588329024828,0.27104433998150024,None,3,,,500,0.0,0.0,0.0,0.0,7.893180078455519,,,
R4,Trending_ExponentialGrowth,0.9973206857703046,0.29598556721528146,0.28230539401738064,None,24,,,500,,,0.0,0.0,1.3818031509365354,,,
R1,Composite,0.9998496361213464,0.9916564024385319,0.9215017710260931,12,12,12.0,24.0,500,0.29294276422933585,3.08478199223325e-05,8.439725871881564,5.267753630720648,0.8154527568095652,,,
R2,Seasonal,0.9040177263046676,0.9883349379821517,0.9061914855999332,12,12,12.0,24.0,500,0.0,0.0,13.205840959500684,8.741850707596761,1.5076637938411914,,,
R3,Stationary_WN,0.3919468593947105,0.2502500755081444,0.36005827881510477,None,3,,,500,0.0,0.0,0.0,0.0,11.635035227852182,,,
R4,Trending_MeanShift,0.9991648913501195,0.9965690743911322,0.0,None,250,,,500,,,0.0,0.0,1.4178267829904112,,250.0,
R1,Composite,0.9998650142581191,0.9922647033014214,0.9561980170240136,24,24,24.0,48.0,500,0.3267972175852179,1.863046878566994e-05,8.720055579007756,6.9554512552557295,0.8234261777854157,,,
R2,Seasonal,0.9736121299222407,0.9984812299437487,0.9790893312702557,24,24,24.0,48.0,500,0.0,0.0,21.161792759392373,10.901956070449408,0.9303730323051662,,,
R3,Stationary_WN,0.30883132648450806,0.27784641151461165,0.2883459169826088,None,5,,,500,0.0,0.0,0.0,0.0,13.839454391647864,,,
R4,Trending_RandomWalkDrift,0.9995568765583148,0.7475098152712402,0.8626703414682462,None,24,,,500,,,0.0,0.0,0.9457888180748694,,,0.39900668939074546
R1,Composite,0.9999367967503221,0.9994693268991234,0.9859491531644781,48,50,48.0,96.0,500,0.3539523284218674,-4.842615383665034e-05,24.178569684664293,7.680069248865181,0.5356604324182487,,,
R2,Seasonal,0.9694884507337342,0.9994639600149772,0.9796547921284015,48,50,48.0,96.0,500,0.0,0.0,27.977394066322525,7.048099206639018,0.6330778061296085,,,
R3,Stationary_WN,0.35916471297361474,0.10579059059656326,0.32680312368676034,None,3,,,500,0.0,0.0,0.0,0.0,5.588498729622615,,,
R4,Trending_RandomWalkDrift,0.5830829181738744,0.0,0.0,None,167,,,500,,,0.0,0.0,1.1603282698554582,,,0.43137707262963965
R1,Composite,0.9997223314190815,0.9955580884489393,0.6868047425838351,24,24,24.0,48.0,500,0.2810434771348729,-3.0616571432833126e-05,13.453606011328983,2.3467500648054473,0.9359192936573286,,,
R2,Seasonal,0.9444641531257093,0.9947785463777975,0.958526138815148,24,24,24.0,48.0,500,0.0,0.0,13.55324877310637,9.010213031382351,1.0533307498951352,,,
R3,Stationary_WN,0.4191714768916611,0.21611799352149963,0.39099517594781996,None,3,,,500,0.0,0.0,0.0,0.0,9.907319323534098,,,
R4,Trending_RandomWalkDrift,0.9712055341036967,0.9034514577560684,0.8317644712565192,None,250,,,500,,,0.0,0.0,1.1034210858132523,,,-0.395249310821603
R1,Composite,0.9998373620526516,0.9931893307026747,0.9434593491738699,36,36,36.0,72.0,500,-0.34031617609357817,-4.109537878764034e-05,11.321335030835089,7.188103536388289,1.0367442409023218,,,
R2,Seasonal,0.8398464590145509,0.9894171035140807,0.8865951593219094,36,36,36.0,72.0,500,0.0,0.0,16.285101968725204,8.449768873658954,1.646449545960252,,,
R3,Stationary_AR,0.284324362527954,0.2922713657280769,0.3923920976274121,None,7,,,500,0.0,0.0,0.0,0.0,5.0,0.41806953821595394,,
R4,Trending_MeanShift,0.9525138412022062,0.9032966068884211,0.0,None,250,,,500,,,0.0,0.0,1.2162645616250234,,250.0,
R1,Composite,0.9988826656907975,0.9820983949094955,0.6602488022015052,12,12,12.0,24.0,500,-0.1732042185898544,1.4378440832404765e-05,8.277756859073222,2.7866847001359796,1.1600070274028584,,,
R2,Seasonal,0.7544082955336381,0.9850924137994891,0.7812883510371523,12,12,12.0,24.0,500,0.0,0.0,12.960997318631184,5.6146828444289545,1.6515362793438477,,,
R3,Stationary_AR,0.24389622747904738,0.4158097077067038,0.5452340089740765,None,13,,,500,0.0,0.0,0.0,0.0,5.0,0.4673259246016117,,
R4,Trending_ExponentialGrowth,0.9880735458937459,0.3405704037732108,0.3962215778345727,None,24,,,500,,,0.0,0.0,1.3831277564539302,,,
R1,Composite,0.9991660022740376,0.9987138513356772,0.8869028302150528,12,12,12.0,24.0,500,-0.1651833496234104,4.781830466885217e-05,23.25343378951547,4.593707947353739,0.9619094382021085,,,
R2,Seasonal,0.7236707158008839,0.978237762789404,0.7669306886761071,12,12,12.0,24.0,500,0.0,0.0,10.415326049627323,5.155704217741751,1.445879583072037,,,
R3,Stationary_AR,0.16371088768058562,0.5885584802990411,0.699427138335323,None,50,,,500,0.0,0.0,0.0,0.0,5.0,0.6743988317373053,,
R4,Trending_RandomWalkDrift,0.9987970909863922,0.7119210323738886,0.9006825185507641,None,24,,,500,,,0.0,0.0,1.3412125653092168,,,-0.21347739351990247
R1,Composite,0.9997848557504441,0.9872292104922951,0.6700847110134556,12,12,12.0,24.0,500,0.3852186565353316,1.1080597712010826e-05,10.150341305841689,2.5589821668456647,1.1345396097508396,,,
R2,Seasonal,0.7305125806066235,0.9966478935390237,0.7516770137319098,12,12,12.0,24.0,500,0.0,0.0,29.56749148796768,5.587889412528052,1.8217269401525948,,,
R3,Stationary_AR,0.21591477744744358,0.511219875762445,0.6566380279755644,None,31,,,500,0.0,0.0,0.0,0.0,5.0,0.6991872260892067,,
R4,Trending_RandomWalkDrift,0.0,0.0,0.0,None,250,,,500,,,0.0,0.0,0.5106801288824843,,,-0.3095075508719778
R1,Composite,0.9998025895127187,0.9981198577282052,0.7951670249451255,24,24,24.0,48.0,500,0.2787706214929314,4.3292964162179896e-05,19.69072677038851,2.8601463099605633,0.9916525841165991,,,
R2,Seasonal,0.8224083525924217,0.9892858632573389,0.8820001823384533,24,24,24.0,48.0,500,0.0,0.0,16.0320029861301,8.092721573081207,1.7713432607648387,,,
R3,Stationary_WN,0.009302867707455476,0.5043448254808753,0.3221052854417572,None,125,,,500,0.0,0.0,0.0,0.0,12.794141672625221,,,
R4,Trending_MeanShift,0.9999916712619182,0.9999666073276813,0.19712519998295042,None,250,,,500,,,0.0,0.0,0.5365819315467324,,250.0,
R1,Composite,0.9997492920802853,0.9952796205954407,0.7897479351979126,12,12,12.0,24.0,500,-0.34572685965635763,4.298111047538886e-05,15.18947175812735,3.8371308741836874,1.132017176598743,,,
R2,Seasonal,0.9527201244002094,0.9978633162626901,0.9498148474453698,12,12,12.0,24.0,500,0.0,0.0,23.256829721273917,9.249934854312148,1.2161553221020498,,,
R3,Stationary_AR,0.1852286385300944,0.6393688299770677,0.7112782150730652,None,71,,,500,0.0,0.0,0.0,0.0,5.0,0.6485922066836101,,
R4,Trending_RandomWalkDrift,0.9998445801474186,0.6164924786045323,0.8728454924521252,None,24,,,500,,,0.0,0.0,1.3805587775524082,,,0.462088585262018
R1,Composite,0.9998321381092657,0.9956955068661061,0.9496335556687197,36,36,36.0,72.0,500,-0.24323884277315605,-2.221394667125696e-05,10.265142699897574,5.439829594743083,0.7889245748355957,,,
R2,Seasonal,0.8932722250345878,0.9978699191567199,0.9155377258765544,36,36,36.0,72.0,500,0.0,0.0,28.245196005702986,8.138426799124215,1.3631436879102665,,,
R3,Stationary_WN,0.5603559191138077,0.20387843613767376,0.23592187982842683,None,2,,,500,0.0,0.0,0.0,0.0,11.65496680152971,,,
R4,Trending_MeanShift,0.9999385568981782,0.9997533741915392,0.0,None,250,,,500,,,0.0,0.0,1.2259962507840205,,250.0,
R1,Composite,0.9997123269153105,0.9973704077589496,0.8351351905769516,36,36,36.0,72.0,500,0.3302048369165686,-1.1184108770648928e-05,21.962021282538636,4.633169789793749,1.2167586175717164,,,
R2,Seasonal,0.9652714799021932,0.9982687297152317,0.9714392147499166,36,36,36.0,72.0,500,0.0,0.0,17.014189592775484,7.904112629213427,0.7964855532179493,,,
R3,Stationary_AR,0.1414622797415369,0.465064469028609,0.5862979293155128,None,42,,,500,0.0,0.0,0.0,0.0,5.0,0.5859655506041049,,
R4,Trending_MeanShift,0.9998201552871967,0.9992945819540978,0.0,None,250,,,500,,,0.0,0.0,0.7597571970921461,,250.0,
R1,Composite,0.999462457433846,0.9925766301682472,0.5457414161668415,24,24,24.0,48.0,500,0.2900112591486378,3.5126593048715065e-05,16.573414537499914,2.2400885165282,1.4744126352816251,,,
R2,Seasonal,0.9766999632835752,0.9984766507629327,0.9819438018541207,24,24,24.0,48.0,500,0.0,0.0,16.68494837093293,9.185567367116724,0.7228797308322423,,,
R3,Stationary_WN,0.3033138452471723,0.2125106176708792,0.20511975602833898,None,5,,,500,0.0,0.0,0.0,0.0,10.806635892621479,,,
R4,Trending_ExponentialGrowth,0.9994917258512244,0.39904762952302997,0.40400639595382926,None,24,,,500,,,0.0,0.0,0.9339154389026724,,,
R1,Composite,0.9987584994608543,0.9989667136264425,0.7975226394269772,12,12,12.0,24.0,500,0.1132336239875488,-1.1791755304553276e-05,23.868121884672938,2.855738838610401,0.8556740244753804,,,
R2,Seasonal,0.9275518997579717,0.997057212686085,0.9248212337235535,12,12,12.0,24.0,500,0.0,0.0,21.844289008369277,8.24465445948874,1.2403950278531937,,,
R3,Stationary_WN,0.495277751369423,0.18426848213570013,0.15830063769985092,None,2,,,500,0.0,0.0,0.0,0.0,11.41377512387093,,,
R4,Trending_ExponentialGrowth,0.9984021520931309,0.33763281104625276,0.26351731836582637,None,24,,,500,,,0.0,0.0,0.7060669737028226,,,
R1,Composite,0.9998745088600427,0.9946667235051461,0.8571470887304955,24,24,24.0,48.0,500,-0.3073483559470077,-3.8055554232901524e-05,9.951980594898105,3.2632390950387977,0.726138544254676,,,
R2,Seasonal,0.7881616308648514,0.9969021023372041,0.8514770214927297,24,24,24.0,48.0,500,0.0,0.0,26.758877239242977,6.202965343883488,1.5359499722177814,,,
R3,Stationary_AR,0.24148626356523606,0.46222481817186123,0.585303555708405,None,28,,,500,0.0,0.0,0.0,0.0,5.0,0.5585475713158597,,
R4,Trending_ExponentialGrowth,0.9964078325340675,0.33583025288781443,0.29656794164013234,None,24,,,500,,,0.0,0.0,1.1862073707962963,,,
R1,Composite,0.9988263085266011,0.9980997382566436,0.8961732018576959,36,36,36.0,72.0,500,0.10435550796565313,4.1377107286163095e-05,20.00852715992079,4.766098434242712,0.9138826400493788,,,
R2,Seasonal,0.86589667452318,0.9970935675012502,0.8950462603795735,36,36,36.0,72.0,500,0.0,0.0,27.794884212385746,8.081442523488821,1.630843574956016,,,
R3,Stationary_WN,0.3149929826976706,0.18224706581431238,0.3247703999628294,None,4,,,500,0.0,0.0,0.0,0.0,9.531484468545958,,,
R4,Trending_ExponentialGrowth,0.9989123258017464,0.3799590139847572,0.28594693172013697,None,24,,,500,,,0.0,0.0,0.9374183406128418,,,
R1,Composite,0.9937955654375944,0.9928466576527706,0.7645081657418091,48,50,48.0,96.0,500,-0.12213254739977143,3.502885463882776e-05,20.407947243990193,3.2221957890725266,1.4476508891787558,,,
R2,Seasonal,0.9632632362621857,0.9983425432618152,0.9731805423343033,48,50,48.0,96.0,500,0.0,0.0,27.183431364002963,11.037077932896244,1.179939521748405,,,
R3,Stationary_WN,0.19134920308753733,0.2738380453579867,0.1675790295531403,None,7,,,500,0.0,0.0,0.0,0.0,11.034594566546076,,,
R4,Trending_ExponentialGrowth,0.9984623892120219,0.3864584050547788,0.3383679824625163,None,24,,,500,,,0.0,0.0,0.9513798495471263,,,
R1,Composite,0.9991013759054923,0.9951789756798108,0.824575230001927,48,50,48.0,96.0,500,-0.24294934602838644,-4.62637370890725e-05,23.999534797706374,4.4035216209017385,1.3011544421926202,,,
R2,Seasonal,0.7970838720896183,0.9794045695343379,0.8615101614932552,48,50,48.0,96.0,500,0.0,0.0,12.43726189620629,7.125806879578317,1.91570839894676,,,
R3,Stationary_WN,0.2430259450837281,0.35383977157157864,0.2896930229157708,None,5,,,500,0.0,0.0,0.0,0.0,10.605849910903622,,,
R4,Trending_MeanShift,0.9999507245365947,0.9998037262950743,0.0,None,250,,,500,,,0.0,0.0,0.8515729059238321,,250.0,
R1,Composite,0.9994867966891127,0.9862712751722307,0.9455299099622967,24,24,24.0,48.0,500,-0.23784870443863654,3.1503471467901015e-05,8.368604557684774,7.899214449759236,1.0358850352827305,,,
R2,Seasonal,0.973836542653798,0.9987723120433848,0.9794113484873829,24,24,24.0,48.0,500,0.0,0.0,21.051414343068572,9.755866675037758,0.8109079734566942,,,
R3,Stationary_WN,0.27058832381112274,0.29705826377947775,0.2692380671680903,None,5,,,500,0.0,0.0,0.0,0.0,14.576208194378564,,,
R4,Trending_RandomWalkDrift,0.9315017585425963,0.8700052942021981,0.8911905038490324,None,250,,,500,,,0.0,0.0,0.8223956385305633,,,-0.35590646635251166
R1,Composite,0.9999122730417414,0.996832999428048,0.8193050684169056,12,12,12.0,24.0,500,0.38215128442727464,3.778539555401867e-05,13.650974046271838,3.0611096489439116,0.7824319086805477,,,
R2,Seasonal,0.9874928949432252,0.9990026764672948,0.985852399383851,12,12,12.0,24.0,500,0.0,0.0,21.974668713698524,11.74582702063151,0.5727536578967483,,,
R3,Stationary_WN,0.15014838691995191,0.36535691498287637,0.36791327518325245,None,12,,,500,0.0,0.0,0.0,0.0,7.424854370331374,,,
R4,Trending_RandomWalkDrift,0.9973753197062916,0.919650327295656,0.6222701711932541,None,250,,,500,,,0.0,0.0,1.3978313104842992,,,-0.4787901330944183
R1,Composite,0.9998667739819268,0.9952438383426592,0.8313245141678803,24,24,24.0,48.0,500,0.3783952291160776,-1.4678880047092174e-05,12.41376016417949,3.2668250804319667,0.9989958898859145,,,
R2,Seasonal,0.7784740559307133,0.9881558490451778,0.8479458538389217,24,24,24.0,48.0,500,0.0,0.0,12.463108548272873,5.896271958165069,1.5144471145736524,,,
R3,Stationary_AR,0.26437017521815653,0.40150991812169856,0.542159346022878,None,15,,,500,0.0,0.0,0.0,0.0,5.0,0.5102692890137464,,
R4,Trending_ExponentialGrowth,0.9932596852757403,0.4174358160530466,0.501686149728569,None,24,,,500,,,0.0,0.0,0.8387412400347773,,,
R1,Composite,0.9998199657658712,0.9908464820583851,0.801640765223353,24,24,24.0,48.0,500,-0.3931564790715617,-1.3480122952242893e-05,11.1724528482968,3.7308927347291077,1.2382996259163277,,,
R2,Seasonal,0.8925212270757854,0.9962969592881988,0.9206227712004925,24,24,24.0,48.0,500,0.0,0.0,25.261241236438373,9.937823963625284,1.8141823276481857,,,
R3,Stationary_WN,0.14963612962052197,0.2658063645972887,0.3336201717229422,None,9,,,500,0.0,0.0,0.0,0.0,5.811289848418413,,,
R4,Trending_MeanShift,0.9998955049217979,0.9995831101067264,0.0,None,250,,,500,,,0.0,0.0,0.859442942640141,,250.0,
R1,Composite,0.9997060260297709,0.9989266896401257,0.9534591240084813,12,12,12.0,24.0,500,-0.15390170199199782,2.303279593388497e-05,15.301493226482322,4.499783317147901,0.5254156629031508,,,
R2,Seasonal,0.8842232778388834,0.9835275736697494,0.8810586365924691,12,12,12.0,24.0,500,0.0,0.0,13.29691054181412,9.308184033020694,1.8269646400729762,,,
R3,Stationary_WN,0.5047526247092391,0.2270178519045397,0.36187399298011946,None,3,,,500,0.0,0.0,0.0,0.0,10.974415963258195,,,
R4,Trending_RandomWalkDrift,0.9550055471249096,0.8629619833367116,0.6124011063057981,None,250,,,500,,,0.0,0.0,1.0532729078189493,,,-0.3265827916484175
R1,Composite,0.9988859470968726,0.984837938207302,0.6704646640504744,24,24,24.0,48.0,500,-0.19561401147419588,1.8893550715065192e-05,10.038078587105211,2.7178269422087302,1.2799418397618152,,,
R2,Seasonal,0.8111242570662025,0.986359580401978,0.871980726154534,24,24,24.0,48.0,500,0.0,0.0,11.678359507600502,6.531677743122056,1.6184144853274538,,,
R3,Stationary_WN,0.29488147366505424,0.16004946706860068,0.279281495803159,None,4,,,500,0.0,0.0,0.0,0.0,11.392595260785725,,,
R4,Trending_ExponentialGrowth,0.9986449487478354,0.3662309417840598,0.3528801855066197,None,24,,,500,,,0.0,0.0,0.611400450397347,,,
R1,Composite,0.9983895665382955,0.9963976584437866,0.5882183227470097,36,36,36.0,72.0,500,-0.1852735744817292,2.4080083778589182e-05,23.80971855439092,2.1122055828841386,1.3469489967097554,,,
R2,Seasonal,0.8561041315618114,0.996114437608798,0.8903784796566743,36,36,36.0,72.0,500,0.0,0.0,26.40159505199134,8.52308495243211,1.842729126350462,,,
R3,Stationary_AR,0.2468067684412396,0.5530955615565053,0.6601416585808136,None,29,,,500,0.0,0.0,0.0,0.0,5.0,0.6290691564400623,,
R4,Trending_ExponentialGrowth,0.9859587974965496,0.42830487429388864,0.3938704764958778,None,24,,,500,,,0.0,0.0,1.4524215228862443,,,
R1,Composite,0.9993740151953497,0.9987826168100652,0.9709438174489131,24,24,24.0,48.0,500,0.14589818141615776,-3.4306769719225044e-05,18.723018799986644,7.050216325061764,0.7390580232486083,,,
R2,Seasonal,0.9735031362447377,0.9989366283952764,0.9793695673586048,24,24,24.0,48.0,500,0.0,0.0,16.26584654618715,6.905263567482407,0.5908754440336379,,,
R3,Stationary_WN,0.16682649597902444,0.3573212830948794,0.3130195398639106,None,11,,,500,0.0,0.0,0.0,0.0,5.12270775455681,,,
R4,Trending_ExponentialGrowth,0.998612213906272,0.3950122582222071,0.34131159626863883,None,24,,,500,,,0.0,0.0,1.1049237090131472,,,
R1,Composite,0.9988119533602235,0.9926327870479846,0.6234966398603798,12,12,12.0,24.0,500,0.217604957756885,-4.0596639549761466e-05,16.26452488278349,2.557843953718468,1.3272474878213334,,,
R2,Seasonal,0.9342772051479769,0.9971402480182721,0.9328444944918369,12,12,12.0,24.0,500,0.0,0.0,12.051576119648246,4.662324282801346,0.6663402129995749,,,
R3,Stationary_AR,0.39736191271138455,0.469061607242498,0.6127091614561836,None,19,,,500,0.0,0.0,0.0,0.0,5.0,0.588687431265431,,
R4,Trending_RandomWalkDrift,0.5575040710794575,0.0,0.0,None,250,,,500,,,0.0,0.0,0.5431176274410965,,,-0.3442424544822249
R1,Composite,0.9997727525369082,0.9959724542759335,0.9207102093019374,36,36,36.0,72.0,500,0.34804514689500776,4.567758194977147e-05,17.874086154880096,7.427493745898145,1.2935984381727372,,,
R2,Seasonal,0.8096293808249491,0.997227288958822,0.8590935654225128,36,36,36.0,72.0,500,0.0,0.0,26.28198824858036,6.296050307315396,1.473997094343918,,,
R3,Stationary_AR,0.017867173857876062,0.7852703272628752,0.0,None,250,,,500,0.0,0.0,0.0,0.0,5.0,0.42109761598940715,,
R4,Trending_MeanShift,0.9996825422712661,0.9987333072533672,0.16885084797745742,None,250,,,500,,,0.0,0.0,1.339106252155469,,250.0,
R1,Composite,0.9993095483932012,0.9935273781658949,0.8826029799283539,48,50,48.0,96.0,500,0.2880650578613613,-1.9611344817843914e-05,19.510863067774736,6.6475513663189645,1.3016679989096556,,,
R2,Seasonal,0.9585136503689056,0.9989674303305687,0.9725501810235587,48,50,48.0,96.0,500,0.0,0.0,26.092400136102746,7.9613033637694794,0.8670744430356416,,,
R3,Stationary_WN,0.44057013103501064,0.1559665643691408,0.22772780264288706,None,3,,,500,0.0,0.0,0.0,0.0,11.194928666155736,,,
R4,Trending_MeanShift,0.9999222584821871,0.9996885245659274,0.1759462459565868,None,250,,,500,,,0.0,0.0,1.4239629572956098,,250.0,
R1,Composite,0.9998972338445977,0.9971879852577539,0.9703112646676664,48,50,48.0,96.0,500,0.3188558204767023,1.561693123612376e-05,13.2401047287875,6.767596626429418,0.7872058120634579,,,
R2,Seasonal,0.9561376248976737,0.998102798350171,0.9686190436109008,48,50,48.0,96.0,500,0.0,0.0,28.03047083464755,11.125424945402932,1.2895473523060497,,,
R3,Stationary_WN,0.31047680994944415,0.30494843766912805,0.33645680449016724,None,6,,,500,0.0,0.0,0.0,0.0,5.985877332693264,,,
R4,Trending_RandomWalkDrift,0.999675541165647,0.7429775849577169,0.8839681513787576,None,24,,,500,,,0.0,0.0,0.7986298088693525,,,0.39328163418635775
R1,Composite,0.9988090486215505,0.9939019852373495,0.8869241894009516,48,50,48.0,96.0,500,0.1736674475254596,1.2493905239017376e-05,16.95609378769837,5.4946931410796465,1.3036644872358039,,,
R2,Seasonal,0.9702458695783016,0.9986336057788234,0.978013911961665,48,50,48.0,96.0,500,0.0,0.0,24.35552241588212,10.011764482202722,0.8741984779280922,,,
R3,Stationary_AR,0.31139268851393664,0.47755165590611337,0.48389778164069475,None,14,,,500,0.0,0.0,0.0,0.0,5.0,0.41536493991014806,,
R4,Trending_ExponentialGrowth,0.9979593442919533,0.3335830016650142,0.2866408904808896,None,24,,,500,,,0.0,0.0,1.0877153003735622,,,
R1,Composite,0.9994430234623366,0.9954988995249673,0.8193007430863685,12,12,12.0,24.0,500,0.17011320919663622,1.4798625803968047e-05,12.620243016159488,3.3137544883771506,0.9181900291179356,,,
R2,Seasonal,0.9221658858267034,0.9992113462281917,0.9210405737049404,12,12,12.0,24.0,500,0.0,0.0,29.385678683394442,5.584769730330953,0.8204944610075318,,,
R3,Stationary_AR,0.1670169657217564,0.4542383416323117,0.5583419671031078,None,29,,,500,0.0,0.0,0.0,0.0,5.0,0.4319147187262406,,
R4,Trending_ExponentialGrowth,0.9912084640806498,0.3317082270345071,0.26698607792648477,None,24,,,500,,,0.0,0.0,0.9558194762880803,,,
R1,Composite,0.999958214018513,0.9989216158482972,0.9639485141049777,36,36,36.0,72.0,500,0.3821204426000365,2.1413501133895015e-05,15.703650353861775,5.087282470027988,0.5490084044565559,,,
R2,Seasonal,0.7549671792134035,0.9973398452776883,0.8351622367343716,36,36,36.0,72.0,500,0.0,0.0,24.17183596318639,4.755840088787108,1.3164453729740777,,,
R3,Stationary_AR,0.40699648833867597,0.4098448779160564,0.5934631059194173,None,7,,,500,0.0,0.0,0.0,0.0,5.0,0.5060737799850323,,
R4,Trending_RandomWalkDrift,0.346266388602113,0.024961632903396258,0.0,None,167,,,500,,,0.0,0.0,0.633784927595171,,,-0.1540390985217254
R1,Composite,0.9994254204035181,0.9978331761477772,0.918225555258822,36,36,36.0,72.0,500,-0.15944190564657146,-4.897167065884301e-05,19.381640063040887,5.606607195761817,1.0043045747461825,,,
R2,Seasonal,0.9512277760063975,0.9975527686376053,0.9610426121567673,36,36,36.0,72.0,500,0.0,0.0,21.012148858180783,9.762466298189416,1.0224453282970085,,,
R3,Stationary_WN,0.16193172788529986,0.4167856330445877,0.36059929727378415,None,13,,,500,0.0,0.0,0.0,0.0,13.764755937308871,,,
R4,Trending_RandomWalkDrift,0.958640957353046,0.7011811239695304,0.0,None,250,,,500,,,0.0,0.0,1.4421453337914718,,,-0.321220250321263
R1,Composite,0.9981958359145428,0.9985733072646713,0.9085845351148685,48,50,48.0,96.0,500,-0.10724242706605164,4.751565954975647e-05,19.747228743586795,2.741982023768494,0.6090552896243824,,,
R2,Seasonal,0.06741358179039181,0.9956231903436934,0.7793478448651368,48,100,48.0,96.0,500,0.0,0.0,12.98597714930378,10.350404552339686,1.105093172679947,,,
R3,Stationary_WN,0.36726309891132825,0.27438499096350843,0.19863241849531432,None,4,,,500,0.0,0.0,0.0,0.0,10.994791963057674,,,
R4,Trending_ExponentialGrowth,0.9975134616554677,0.4110325385632134,0.34851087306579975,None,24,,,500,,,0.0,0.0,1.398878801211842,,,
R1,Composite,0.9998634076293142,0.9923357840898226,0.9115356006055978,36,36,36.0,72.0,500,-0.36395247493782623,-1.6609765508264318e-05,10.033825007659592,5.284435448438325,0.9652182960245532,,,
R2,Seasonal,0.9067832894072883,0.9981609157494019,0.9284931254786788,36,36,36.0,72.0,500,0.0,0.0,28.011083296862683,7.884897084867372,1.4248220228118615,,,
R3,Stationary_WN,0.2706519006816773,0.297235415733652,0.35126046418383516,None,7,,,500,0.0,0.0,0.0,0.0,6.074221215562408,,,
R4,Trending_ExponentialGrowth,0.9954133633995637,0.38662569819366077,0.26874522308529347,None,24,,,500,,,0.0,0.0,1.0264543173697769,,,
R1,Composite,0.9999323365326603,0.9994793847641663,0.978122655852898,24,24,24.0,48.0,500,0.2990102046307188,-2.3380053904720632e-05,20.945305807758526,6.060937523486902,0.5029694501494296,,,
R2,Seasonal,0.7373849008443317,0.9947263946602017,0.8336605025811676,24,24,24.0,48.0,500,0.0,0.0,17.92992045014998,5.0544136627170655,1.463553673570285,,,
R3,Stationary_AR,0.1884508790003454,0.603392957665337,0.6321927191992984,None,62,,,500,0.0,0.0,0.0,0.0,5.0,0.6288255877061466,,
R4,Trending_RandomWalkDrift,0.9997729783767281,0.6058046951145348,0.8767391275531251,None,24,,,500,,,0.0,0.0,0.8894418054638319,,,-0.4991278455347342
R1,Composite,0.9996644540436966,0.9948522686966669,0.9504517731819432,48,50,48.0,96.0,500,-0.24932045235034445,-4.228025294133984e-05,14.261590447932562,7.617455886756723,1.239348804208602,,,
R2,Seasonal,0.6668551851155913,0.9871822605931471,0.7822015958753178,48,50,48.0,96.0,500,0.0,0.0,15.855231209523078,5.158464484691168,1.6198159287363532,,,
R3,Stationary_AR,0.02670827103612572,0.6269976212594122,0.6009675094343732,None,125,,,500,0.0,0.0,0.0,0.0,5.0,0.41075376694909055,,
R4,Trending_ExponentialGrowth,0.9911413131378964,0.4373966755080875,0.2692459491133118,None,24,,,500,,,0.0,0.0,1.1418762336768549,,,
R1,Composite,0.9998495557795258,0.996645577624702,0.9142761265673366,24,24,24.0,48.0,500,0.3025213875540014,-3.23513135140494e-05,12.194509749110338,4.308908978458744,0.7755940422235833,,,
R2,Seasonal,0.9416847918767466,0.9945255496234842,0.9544509044936338,24,24,24.0,48.0,500,0.0,0.0,14.485383992322484,9.627145468175232,1.1634281095252177,,,
R3,Stationary_AR,0.16774556396555396,0.4930696816956861,0.5970350734449645,None,50,,,500,0.0,0.0,0.0,0.0,5.0,0.5521394651147055,,
R4,Trending_ExponentialGrowth,0.997756806481879,0.40235023826335026,0.3128661468882249,None,24,,,500,,,0.0,0.0,1.4829791245190158,,,
R1,Composite,0.9999388384709642,0.9992304679036328,0.8506931639483333,12,12,12.0,24.0,500,0.3334053380315658,-2.028446518291856e-05,18.599563366944263,2.2383209783850675,0.5180562366062407,,,
R2,Seasonal,0.8479685697877022,0.9943003783369175,0.8544258976574577,12,12,12.0,24.0,500,0.0,0.0,17.061037287331935,6.074607648496632,1.4384231747293563,,,
R3,Stationary_AR,0.27464664951526485,0.428513376446675,0.5591293504864032,None,11,,,500,0.0,0.0,0.0,0.0,5.0,0.48702046855848086,,
R4,Trending_MeanShift,0.9998733069147847,0.9994940987716361,0.0,None,250,,,500,,,0.0,0.0,1.2580300890489182,,250.0,
R1,Composite,0.9998820771282461,0.9973350547461626,0.9562671531181461,24,24,24.0,48.0,500,0.3362331567793787,2.514779173872358e-05,14.666262324792612,6.593791114920116,0.9100045702764306,,,
R2,Seasonal,0.9245550404224174,0.9995539808030678,0.9436982237529106,24,24,24.0,48.0,500,0.0,0.0,28.70375968348367,4.61720284075823,0.6555004787464607,,,
R3,Stationary_WN,0.2931745167533364,0.2689972187102735,0.27257516258703884,None,4,,,500,0.0,0.0,0.0,0.0,14.188230936799297,,,
R4,Trending_RandomWalkDrift,0.9984822751473057,0.7889519901558792,0.9148651756491899,None,24,,,500,,,0.0,0.0,1.3499965540451724,,,-0.15087172936970164
R1,Composite,0.9995923262430277,0.9960724929103252,0.9184992504010627,48,50,48.0,96.0,500,-0.2989322264869538,-2.849614987026295e-05,20.95704487913095,6.929398148498988,1.3101035185897694,,,
R2,Seasonal,0.9623046910576896,0.9974456695564018,0.9712773774153827,48,50,48.0,96.0,500,0.0,0.0,19.910515516075577,10.011383432827948,1.0674499297435738,,,
R3,Stationary_AR,0.3696666590587909,0.40212043527423225,0.5558579646703262,None,13,,,500,0.0,0.0,0.0,0.0,5.0,0.5645225583686356,,
R4,Trending_RandomWalkDrift,0.9517225946589397,0.19461309981530328,0.0,None,250,,,500,,,0.0,0.0,0.8138040385591934,,,-0.49588620749945744
R1,Composite,0.9988397055910739,0.9983260008881892,0.8535667521106665,24,24,24.0,48.0,500,-0.11664735864103881,-2.954674390050938e-05,22.202303361285967,3.8326676125869605,0.9309310507297974,,,
R2,Seasonal,0.7423121968662708,0.9952099657806338,0.8333652069672209,24,24,24.0,48.0,500,0.0,0.0,18.97427821350925,5.158774900610912,1.4055352033913082,,,
R3,Stationary_WN,0.2952303799673709,0.3284406758248136,0.2519446455268636,None,5,,,500,0.0,0.0,0.0,0.0,7.382087844577841,,,
R4,Trending_RandomWalkDrift,0.9998903168603991,0.6632784159099085,0.912870723217409,None,24,,,500,,,0.0,0.0,1.3509534658255302,,,0.4591035077439173
R1,Composite,0.9996186646923593,0.9994559448503468,0.935965108269961,36,36,36.0,72.0,500,-0.13787183319925386,2.204938155788426e-05,21.851900705975446,3.7365982288211432,0.573196525795971,,,
R2,Seasonal,0.8382006920614644,0.9969761564798523,0.8832199798377544,36,36,36.0,72.0,500,0.0,0.0,25.81636469606975,7.182035072563392,1.5894529783935551,,,
R3,Stationary_AR,0.07233313402296293,0.6217872121133714,0.7060989513141559,None,56,,,500,0.0,0.0,0.0,0.0,5.0,0.6750986993304438,,
R4,Trending_RandomWalkDrift,0.0,0.5746521209656603,0.0,None,167,,,500,,,0.0,0.0,1.294694204036761,,,-0.2314121484529646
R1,Composite,0.9995073096951328,0.9973875362595161,0.7877329307460985,12,12,12.0,24.0,500,-0.2273211973754022,-3.343016436742368e-05,21.663883792459202,3.9131519873082006,1.1853929900774993,,,
R2,Seasonal,0.9842343333118969,0.9991490141806512,0.982480817842201,12,12,12.0,24.0,500,0.0,0.0,20.07577587388371,8.954783269431665,0.5303521275591727,,,
R3,Stationary_AR,0.30820583531221524,0.5285284133426197,0.6795410562796738,None,24,,,500,0.0,0.0,0.0,0.0,5.0,0.6460846663685949,,
R4,Trending_RandomWalkDrift,0.9723171489773303,0.8102948469483894,0.0,None,250,,,500,,,0.0,0.0,1.359079388387804,,,0.15011512749152134
R1,Composite,0.9997683518354142,0.9929503590429987,0.9177326473933776,36,36,36.0,72.0,500,-0.34056563828986763,-3.4700356284409666e-05,13.320098854057955,6.776116517117585,1.2266526480619675,,,
R2,Seasonal,0.6908028522084813,0.9956065533856906,0.788773095012275,36,36,36.0,72.0,500,0.0,0.0,22.99344762021213,5.160176736350409,1.499727330773985,,,
R3,Stationary_AR,0.133556208425345,0.6596685960635948,0.6435237280866553,None,83,,,500,0.0,0.0,0.0,0.0,5.0,0.6106374634176374,,
R4,Trending_MeanShift,0.9999821484096175,0.9999285428236669,0.21478311853096044,None,250,,,500,,,0.0,0.0,0.9691453717916475,,250.0,
R1,Composite,0.9997616617661671,0.9884426143904718,0.896134908175281,48,50,48.0,96.0,500,0.330672097983322,-2.554101825806693e-05,9.570327609059206,4.772768782788654,1.0888999161946855,,,
R2,Seasonal,0.9342743688915057,0.994056840400656,0.9497175081015703,48,50,48.0,96.0,500,0.0,0.0,21.349775837259784,11.865535171870555,1.7722767434453441,,,
R3,Stationary_WN,0.17592668433774283,0.3249337750253204,0.34074979544701833,None,12,,,500,0.0,0.0,0.0,0.0,5.728089935955155,,,
R4,Trending_ExponentialGrowth,0.9993211117245717,0.36169067334636174,0.29935529529679084,None,24,,,500,,,0.0,0.0,0.553851287954134,,,
R1,Composite,0.9998329498037887,0.9943386834619078,0.9389014402088524,48,50,48.0,96.0,500,0.3761208602177636,2.561787373352462e-05,14.084181880203644,6.693359169007689,1.0709028681378503,,,
R2,Seasonal,0.9862752933857625,0.9988492352216385,0.9891304842728241,48,50,48.0,96.0,500,0.0,0.0,19.11682930523408,10.564535112758053,0.5866450619479431,,,
R3,Stationary_AR,0.29439476512439045,0.5447780013375512,0.6047519808663222,None,17,,,500,0.0,0.0,0.0,0.0,5.0,0.4813709096233613,,
R4,Trending_RandomWalkDrift,0.9997389067946225,0.6507425909050872,0.8814249120651533,None,24,,,500,,,0.0,0.0,1.4380280855996153,,,0.3600890981529482
R1,Composite,0.9976102378883722,0.993067881963434,0.8546287750727731,48,50,48.0,96.0,500,0.1333035758606208,1.1456357378203004e-05,17.8238429117687,4.197612262959068,0.9386126825455635,,,
R2,Seasonal,0.9496509855535931,0.9989555734431028,0.9666818604925517,48,50,48.0,96.0,500,0.0,0.0,24.251834299140242,6.617762495514659,0.8719172986614598,,,
R3,Stationary_WN,0.05309815794233885,0.4725578918612249,0.48398468295431607,None,24,,,500,0.0,0.0,0.0,0.0,11.010614696221163,,,
R4,Trending_RandomWalkDrift,0.9961190364319431,0.6457935067793061,0.8837760962573071,None,24,,,500,,,0.0,0.0,1.4311226873139726,,,0.15468001722740474
R1,Composite,0.9988440766615723,0.994735713810574,0.8560285989971753,24,24,24.0,48.0,500,-0.10018666492094569,-1.6804603250513413e-05,10.235760323912537,3.170571548418492,0.8076748914967723,,,
R2,Seasonal,0.9831146465911308,0.9990643273377974,0.9868693827311888,24,24,24.0,48.0,500,0.0,0.0,16.072794284787477,8.147770566754158,0.5417043168987948,,,
R3,Stationary_AR,0.09710594067347911,0.7540202755244789,0.6837056904059706,None,125,,,500,0.0,0.0,0.0,0.0,5.0,0.5724895244788052,,
R4,Trending_RandomWalkDrift,0.9563408522329138,0.46506444832600635,0.0,None,250,,,500,,,0.0,0.0,1.2464458189025724,,,0.4986909042220399
R1,Composite,0.9948331999554829,0.9941357916772988,0.7188203998356246,48,50,48.0,96.0,500,-0.12441313510740823,2.177012853473763e-05,22.495503661656215,2.519790352698525,1.424637130461007,,,
R2,Seasonal,0.9866940212425966,0.9984979452208145,0.9891894578087808,48,50,48.0,96.0,500,0.0,0.0,14.894447829829128,9.496530657648478,0.6203714724826541,,,
R3,Stationary_WN,0.35831238605278204,0.28898322898030615,0.32440586802362914,None,4,,,500,0.0,0.0,0.0,0.0,8.992663695096304,,,
R4,Trending_MeanShift,0.9999054889459454,0.999629203980456,0.0,None,250,,,500,,,0.0,0.0,0.5973888785677137,,250.0,
R1,Composite,0.9990347822945018,0.996498702461083,0.9652055133472255,24,24,24.0,48.0,500,0.10687223590796475,3.8029215219909864e-05,13.424075400126656,7.889773998753126,0.9293182210191689,,,
R2,Seasonal,0.7962471897082064,0.9937026118062876,0.8618175659162071,24,24,24.0,48.0,500,0.0,0.0,21.34682242314557,7.559546635310609,1.9528829747141025,,,
R3,Stationary_WN,0.3888460197407063,0.35107511536904656,0.3402163736538162,None,4,,,500,0.0,0.0,0.0,0.0,14.926508248134652,,,
R4,Trending_ExponentialGrowth,0.9991104361016214,0.436387438881341,0.29351071623952374,None,24,,,500,,,0.0,0.0,0.8867284256632239,,,
R1,Composite,0.9996250742800764,0.9969638937705279,0.8509032884654621,36,36,36.0,72.0,500,-0.2380654316083247,-3.4724546896396356e-05,18.4775927434288,4.284461597283632,1.0254526116181437,,,
R2,Seasonal,0.49193782366754313,0.9929038533364147,0.6918068044117691,36,36,36.0,72.0,500,0.0,0.0,22.503910962575457,4.393536241166171,1.8302166566278606,,,
R3,Stationary_WN,0.46433551389289507,0.23400550050573288,0.3505675727810914,None,3,,,500,0.0,0.0,0.0,0.0,11.870342466153774,,,
R4,Trending_ExponentialGrowth,0.9981816891333128,0.3656987998631681,0.39167269465412735,None,24,,,500,,,0.0,0.0,1.2413284907641735,,,
R1,Composite,0.9998378753659579,0.9967545192059282,0.9734705305329495,36,36,36.0,72.0,500,-0.19013831763627753,1.113325092040526e-05,8.488916943289412,5.495842987319907,0.5134631153786896,,,
R2,Seasonal,0.9531988900643993,0.9900812644397404,0.9623526675847368,36,36,36.0,72.0,500,0.0,0.0,12.324968284530193,11.695494743424447,1.2957011768359552,,,
R3,Stationary_AR,0.12258461146071031,0.559577878662441,0.6217484159068678,None,45,,,500,0.0,0.0,0.0,0.0,5.0,0.6042934042726098,,
R4,Trending_RandomWalkDrift,0.9993969787700695,0.6359767544380344,0.8278174026436848,None,24,,,500,,,0.0,0.0,0.6631550718483071,,,0.3953567668170447
R1,Composite,0.9994819246575523,0.9890253757536467,0.9299931388606415,36,36,36.0,72.0,500,0.22881095074030594,3.859012962750671e-05,10.991327944346137,7.780628254764464,1.2616240177609477,,,
R2,Seasonal,0.8881571442871513,0.9924670471867304,0.91257399004198,36,36,36.0,72.0,500,0.0,0.0,19.701979070639297,10.330697594595009,1.8717966406732416,,,
R3,Stationary_AR,0.1483728113907603,0.8987554544835756,0.047760511700719155,None,250,,,500,0.0,0.0,0.0,0.0,5.0,0.5364055302462534,,
R4,Trending_MeanShift,0.9998994052357577,0.9995908963404467,0.0,None,250,,,500,,,0.0,0.0,0.9029529208213202,,250.0,
R1,Composite,0.9986498881716234,0.9733664979367856,0.876054548892147,36,36,36.0,72.0,500,0.19297843198698197,-1.1820030769592852e-05,8.446120720407132,6.88708500283628,1.422414401584902,,,
R2,Seasonal,0.9595368845511557,0.9990971346637343,0.967564024392519,36,36,36.0,72.0,500,0.0,0.0,22.58920613168108,6.970507469089438,0.6211528705714652,,,
R3,Stationary_WN,0.4810030065453934,0.0663121161095549,0.2336915332306887,None,2,,,500,0.0,0.0,0.0,0.0,14.763390427665403,,,
R4,Trending_RandomWalkDrift,0.7081252839315346,0.17839495526044358,0.0,None,167,,,500,,,0.0,0.0,0.5467900576360921,,,0.14726167746485053
R1,Composite,0.9980989025142777,0.9978945564875056,0.8955668058260531,48,50,48.0,96.0,500,-0.1257455509084201,4.998557593172437e-05,20.303054164151884,2.4600966399662574,0.6790496826818372,,,
R2,Seasonal,0.036545215345896276,0.9866360738577252,0.6121345739666166,48,100,48.0,96.0,500,0.0,0.0,10.479623799099357,7.868725895590354,1.4335974859449205,,,
R3,Stationary_WN,0.28921738907375816,0.3265316676430252,0.3100031988011812,None,6,,,500,0.0,0.0,0.0,0.0,8.630025739684108,,,
R4,Trending_ExponentialGrowth,0.9983218002788993,0.3779134674959065,0.3445825881094019,None,24,,,500,,,0.0,0.0,0.9375948394624226,,,
R1,Composite,0.9997676661920133,0.9992376336221832,0.9804744276964324,48,50,48.0,96.0,500,0.13868140840322069,2.1882280448614742e-05,17.81160129752415,5.634537511165341,0.5113563748339544,,,
R2,Seasonal,0.9570561990818464,0.9975904411063237,0.9681420886113158,48,50,48.0,96.0,500,0.0,0.0,26.141759508304897,11.774959239899333,1.4211719307997592,,,
R3,Stationary_WN,0.28205436677001094,0.249491425734923,0.27958679214575666,None,5,,,500,0.0,0.0,0.0,0.0,9.87298935866545,,,
R4,Trending_MeanShift,0.9999813847380921,0.9999261272971804,0.0,None,250,,,500,,,0.0,0.0,0.6382937038525446,,250.0,
R1,Composite,0.9998046564091642,0.9977016202362857,0.6786042430916421,12,12,12.0,24.0,500,-0.2889821641143572,-1.0051796173144717e-05,17.406985465620302,2.01118700184914,0.8209299340329171,,,
R2,Seasonal,0.9762673605548647,0.9968535204506076,0.9742449852868712,12,12,12.0,24.0,500,0.0,0.0,13.64618980584217,9.490692178008622,0.8777564126095018,,,
R3,Stationary_AR,0.25851926073923237,0.5529425186248977,0.6571329758313693,None,71,,,500,0.0,0.0,0.0,0.0,5.0,0.6182215374824878,,
R4,Trending_ExponentialGrowth,0.98732641108248,0.30023146623400043,0.32730081640056363,None,24,,,500,,,0.0,0.0,1.3433652688050381,,,
R1,Composite,0.9993640175582356,0.9979571688746869,0.952669250283273,36,36,36.0,72.0,500,0.13759274702661708,3.891716508259756e-05,17.88039897044414,6.798381985488841,0.8764744300965971,,,
R2,Seasonal,0.8254464321669521,0.9944264703642923,0.8702054914846965,36,36,36.0,72.0,500,0.0,0.0,25.779971359819783,9.271892341390052,1.9863213924228935,,,
R3,Stationary_WN,0.5221019712799944,0.14188524720675333,0.2197480628222691,None,2,,,500,0.0,0.0,0.0,0.0,14.735251761227856,,,
R4,Trending_ExponentialGrowth,0.997756446762269,0.35939221824694134,0.3145694547041399,None,24,,,500,,,0.0,0.0,0.5289634596178039,,,
R1,Composite,0.9960083466764963,0.9963027343482711,0.702623385580905,12,12,12.0,24.0,500,-0.12721025236563957,2.6613776301030942e-05,24.448366966422647,3.7845863781205455,1.3922749957254212,,,
R2,Seasonal,0.9578142488775612,0.9965037970111292,0.9547628451468595,12,12,12.0,24.0,500,0.0,0.0,16.966087182482177,9.252526659511034,1.119020296352539,,,
R3,Stationary_AR,0.29458921519738124,0.36856721030487916,0.5234649918128925,None,21,,,500,0.0,0.0,0.0,0.0,5.0,0.5151239888176673,,
R4,Trending_MeanShift,0.9999676740044627,0.9998715806245879,0.0,None,250,,,500,,,0.0,0.0,0.5287621610616215,,250.0,
R1,Composite,0.99989375167436,0.9994758093489068,0.9733911186736921,36,36,36.0,72.0,500,0.261306898661955,-3.0401608934450046e-05,22.57701245833848,5.8990666072048,0.5512335235984799,,,
R2,Seasonal,0.9324488785028197,0.9980230092684972,0.9470698336483913,36,36,36.0,72.0,500,0.0,0.0,15.930529154932314,5.621012374706224,0.7216804304648783,,,
R3,Stationary_AR,0.061477664219819705,0.5476388334872249,0.5756253009666503,None,45,,,500,0.0,0.0,0.0,0.0,5.0,0.5587203249907227,,
R4,Trending_ExponentialGrowth,0.9995936543579758,0.3750355498672735,0.3529938620281903,None,24,,,500,,,0.0,0.0,0.5567129507846835,,,
R1,Composite,0.9991858298885627,0.990416765713778,0.6884569126460789,48,100,48.0,96.0,500,0.1978445911297857,-2.521022484814533e-05,8.176792928398672,7.381061265354418,1.0330688299247406,,,
R2,Seasonal,0.7325351884837645,0.9952556254838453,0.8653919650491142,48,50,48.0,96.0,500,0.0,0.0,26.983941689963363,6.412014097078612,1.6328819336541063,,,
R3,Stationary_AR,0.22915621865577362,0.6652062999329252,0.6906761436111566,None,56,,,500,0.0,0.0,0.0,0.0,5.0,0.6267904147409624,,
R4,Trending_MeanShift,0.9999859125202157,0.9999436564188299,0.0,None,250,,,500,,,0.0,0.0,0.5559163714521673,,250.0,
R1,Composite,0.9999292849855731,0.9953447000165326,0.9066100303369342,12,12,12.0,24.0,500,0.3756575218306951,-2.2903212663485645e-05,9.032395821326821,3.7783994185707117,0.6604832385011213,,,
R2,Seasonal,0.9080149027965071,0.9989504526394178,0.9067261368327778,12,12,12.0,24.0,500,0.0,0.0,25.557049577537477,5.05911744408178,0.9461701966024947,,,
R3,Stationary_WN,0.35117515066637706,0.3365588559405611,0.29574049770510313,None,4,,,500,0.0,0.0,0.0,0.0,8.079252605694018,,,
R4,Trending_MeanShift,0.9991455106186045,0.9964878687991562,0.0,None,250,,,500,,,0.0,0.0,1.012059203011927,,250.0,
R1,Composite,0.9988732092261797,0.9899762614842069,0.9136206610583717,36,36,36.0,72.0,500,0.17916997639829285,-4.958124225423836e-05,10.374578703978226,6.2739381883662,1.189098345629569,,,
R2,Seasonal,0.9498181640925897,0.9971256832120803,0.9584145547265198,36,36,36.0,72.0,500,0.0,0.0,19.594343255789475,9.591069364395238,1.0745361026370137,,,
R3,Stationary_AR,0.39718919721310864,0.5841331978554242,0.6726089466570127,None,62,,,500,0.0,0.0,0.0,0.0,5.0,0.6819815223986124,,
R4,Trending_MeanShift,0.99931284834646,0.9971076739955604,0.0,None,250,,,500,,,0.0,0.0,0.5258148769723637,,250.0,
R1,Composite,0.9997972304254021,0.9954289402572254,0.6119214561483951,12,12,12.0,24.0,500,-0.37663031109499057,-3.3182052204085186e-05,16.71434788048345,2.0531192135606497,1.256406508724399,,,
R2,Seasonal,0.07675437453566847,0.986330958737086,0.36876915296087975,12,24,12.0,24.0,500,0.0,0.0,11.241335071624942,10.123867521702465,1.8195295203651445,,,
R3,Stationary_AR,0.19479162480663292,0.5155519347503806,0.5921592382940428,None,26,,,500,0.0,0.0,0.0,0.0,5.0,0.5171178605284792,,
R4,Trending_ExponentialGrowth,0.9988142295030528,0.3760613730125175,0.32962387648833624,None,24,,,500,,,0.0,0.0,1.492444784872719,,,
R1,Composite,0.9982128377787405,0.9904499391182434,0.8816298434964517,24,24,24.0,48.0,500,-0.15610489014749812,2.7328957835596347e-05,12.262964233440377,6.1078786607769,1.3161517619457634,,,
R2,Seasonal,0.9378035364003441,0.9993394078401314,0.9530581412699028,24,24,24.0,48.0,500,0.0,0.0,20.70597897536596,4.488485883926086,0.5498829567441622,,,
R3,Stationary_AR,0.08968168438772783,0.36248857148561353,0.5525939582382655,None,42,,,500,0.0,0.0,0.0,0.0,5.0,0.4300744231883911,,
R4,Trending_MeanShift,0.999916215576802,0.9996627146900751,0.0,None,250,,,500,,,0.0,0.0,1.1011303367641965,,250.0,
R1,Composite,0.9995102436175645,0.9892102310392087,0.8133386861465974,48,50,48.0,96.0,500,-0.27904985457556786,-4.5053624819612604e-05,13.588123148698646,3.575479905052806,1.4428111209968235,,,
R2,Seasonal,0.6505610656229486,0.9860079821999183,0.7958310784394882,48,50,48.0,96.0,500,0.0,0.0,17.129505278863988,5.660362314944347,1.958102755862663,,,
R3,Stationary_AR,0.15077543169286722,0.3844537045554459,0.5160811274752346,None,24,,,500,0.0,0.0,0.0,0.0,5.0,0.4362255959384267,,
R4,Trending_MeanShift,0.9998139962874462,0.9992712444184504,0.0,None,250,,,500,,,0.0,0.0,0.5973656554609419,,250.0,
R1,Composite,0.9995885344758468,0.996585144070518,0.6307025670281263,12,12,12.0,24.0,500,0.318274612493642,-2.952780765286307e-05,21.47109493874565,2.534954632288483,1.1889646215451364,,,
R2,Seasonal,0.9841697596379726,0.9990275118844484,0.9827454855921149,12,12,12.0,24.0,500,0.0,0.0,19.827972446404015,9.431356585729793,0.664692204403218,,,
R3,Stationary_WN,0.06216481614465863,0.4308764696793159,0.32477978296148013,None,42,,,500,0.0,0.0,0.0,0.0,11.527529022361303,,,
R4,Trending_ExponentialGrowth,0.9933364001880128,0.37121089843013366,0.42563655188892424,None,24,,,500,,,0.0,0.0,1.035797313197854,,,
R1,Composite,0.999904400241211,0.9994235233111058,0.9267910278127582,36,36,36.0,72.0,500,0.30639801228069696,-4.8060389200803e-05,23.411117559527785,3.7552050214752057,0.5199002834435971,,,
R2,Seasonal,0.8333136326514847,0.9975711627412892,0.8740089868880585,36,36,36.0,72.0,500,0.0,0.0,27.85260903527391,6.634766944177278,1.6171278307602028,,,
R3,Stationary_WN,0.2793351189310054,0.21286779757423058,0.30049759184988434,None,4,,,500,0.0,0.0,0.0,0.0,8.325778175880156,,,
R4,Trending_MeanShift,0.9994189129583456,0.9975964032738436,0.0,None,250,,,500,,,0.0,0.0,1.2930170995825037,,250.0,
R1,Composite,0.9996811601395688,0.9970055235290354,0.9179915305914039,48,50,48.0,96.0,500,-0.348852961501842,1.2953088384697328e-05,23.18848891170484,6.933534593051577,1.4643162663133484,,,
R2,Seasonal,0.866441661868425,0.9969742326743183,0.9206348861657051,48,50,48.0,96.0,500,0.0,0.0,23.754687519327007,6.642777804605509,1.227237332533846,,,
R3,Stationary_AR,0.09261994956219999,0.47990725748933394,0.5012648196096721,None,42,,,500,0.0,0.0,0.0,0.0,5.0,0.5638168572361472,,
R4,Trending_ExponentialGrowth,0.9931641346586527,0.34715399891953214,0.2828059898556916,None,24,,,500,,,0.0,0.0,1.4561793037945443,,,
R1,Composite,0.9998396968931877,0.9989324438149673,0.9736270159277869,36,36,36.0,72.0,500,-0.19514837684828473,-3.56822785025569e-05,17.005737211389416,6.411174498128794,0.5707363248411049,,,
R2,Seasonal,0.9521220146614952,0.9982235384138697,0.9608789414528717,36,36,36.0,72.0,500,0.0,0.0,25.74194052470454,10.052474964433085,1.087424417099975,,,
R3,Stationary_AR,0.17109641956106525,0.35184244663589104,0.5752887798303192,None,33,,,500,0.0,0.0,0.0,0.0,5.0,0.43143183162998616,,
R4,Trending_RandomWalkDrift,0.9222595225584899,0.576427647728559,0.0,None,250,,,500,,,0.0,0.0,1.0894063697737124,,,-0.2447393530321131
R1,Composite,0.9998116972756953,0.986827919909436,0.7790319352926852,12,12,12.0,24.0,500,-0.36701620906938015,-1.5288584970517053e-05,8.965804221516217,3.4731228586384577,1.1628799720227745,,,
R2,Seasonal,0.09594240799603426,0.9878682541207464,0.3147846929252086,12,24,12.0,24.0,500,0.0,0.0,10.631669387988676,9.350011179024838,1.5839207781593445,,,
R3,Stationary_AR,0.26111506412388263,0.6004855815328225,0.45679390882822946,None,19,,,500,0.0,0.0,0.0,0.0,5.0,0.5244464473762616,,
R4,Trending_ExponentialGrowth,0.9975366307816875,0.362855008156984,0.3775578214697938,None,24,,,500,,,0.0,0.0,0.9705016746498346,,,
R1,Composite,0.9999251681336937,0.9993764988911852,0.8881658933192379,24,24,24.0,48.0,500,-0.25065711352063946,-4.215271938489298e-05,19.13090764099235,2.4301430406622746,0.5131828649091144,,,
R2,Seasonal,0.9321412619600448,0.9942474780324819,0.9478902283885435,24,24,24.0,48.0,500,0.0,0.0,19.33190122399505,11.735827405220395,1.731750191413608,,,
R3,Stationary_WN,0.42126644431180016,0.18633666429261353,0.28098625931923427,None,3,,,500,0.0,0.0,0.0,0.0,11.837984134884836,,,
R4,Trending_ExponentialGrowth,0.9941702148935321,0.34648360911604814,0.3556639564462787,None,24,,,500,,,0.0,0.0,0.8110798618283421,,,
R1,Composite,0.999527898888556,0.9978757717417471,0.8632814778900608,24,24,24.0,48.0,500,-0.24926212867361117,2.8550499582386015e-05,22.304507208260887,4.586609130757996,1.0998810260361975,,,
R2,Seasonal,0.9432827030414572,0.9979014175436287,0.9562568263420912,24,24,24.0,48.0,500,0.0,0.0,17.815291245117685,7.140420438841448,0.8792045242356681,,,
R3,Stationary_AR,0.036856634697087,0.4371667812883987,0.5245320659485051,None,62,,,500,0.0,0.0,0.0,0.0,5.0,0.411795317133029,,
R4,Trending_ExponentialGrowth,0.9972389343095779,0.375887869659855,0.2885201285246064,None,24,,,500,,,0.0,0.0,0.8332037101172716,,,
R1,Composite,0.9995522786864721,0.9956244182507908,0.9338084990841825,48,50,48.0,96.0,500,0.16180334892050552,3.524958771082953e-05,12.189233285161244,4.970153264282153,0.7938175590377511,,,
R2,Seasonal,0.027232582326043864,0.9958270922750159,0.805301989767739,48,100,48.0,96.0,500,0.0,0.0,13.560867350970451,10.34234656844345,1.3724604450502136,,,
R3,Stationary_AR,0.028625038751711518,0.9285291362599309,0.4297722518063155,None,250,,,500,0.0,0.0,0.0,0.0,5.0,0.42724609876977643,,
R4,Trending_ExponentialGrowth,0.9975835014133903,0.39934818892052437,0.437432338159519,None,24,,,500,,,0.0,0.0,0.5689273567897418,,,
R1,Composite,0.9957606478001941,0.9891985280188248,0.8225708647397308,48,50,48.0,96.0,500,-0.15484326315028207,4.73312014096934e-05,17.929388337448383,3.04850619975101,1.3098115964778367,,,
R2,Seasonal,0.9097602688279388,0.9919528343356061,0.9333914178298074,48,50,48.0,96.0,500,0.0,0.0,20.476911144984207,11.248618450143303,1.875146733180046,,,
R3,Stationary_WN,0.1708543654305913,0.40019251587178795,0.4179278250910662,None,12,,,500,0.0,0.0,0.0,0.0,6.693787595048884,,,
R4,Trending_MeanShift,0.9999764841096315,0.9999061342276825,0.0,None,250,,,500,,,0.0,0.0,0.8806335677678265,,250.0,
R1,Composite,0.9985842984870897,0.9968710682101883,0.8751490858651956,48,50,48.0,96.0,500,0.13494544769009076,-1.662646533382954e-05,18.27239557529307,3.816419476622097,0.9981299599220612,,,
R2,Seasonal,0.7148458349605178,0.988368534596631,0.8219719156433809,48,50,48.0,96.0,500,0.0,0.0,14.033100440813218,4.847518606148329,1.4579763611921144,,,
R3,Stationary_WN,0.38470614805950964,0.19417392242428466,0.24721817070472252,None,3,,,500,0.0,0.0,0.0,0.0,8.101787289572682,,,
R4,Trending_MeanShift,0.9999637042195612,0.9998541580019015,0.0,None,250,,,500,,,0.0,0.0,0.6377798389040658,,250.0,
R1,Composite,0.9998231388500481,0.9857110152546458,0.6331839810108826,24,24,24.0,48.0,500,-0.39166267976792857,-2.8883961580056866e-05,8.977846523125889,2.184346110024416,1.1029529900922785,,,
R2,Seasonal,0.885536664410012,0.9978880392258671,0.9148338832541324,24,24,24.0,48.0,500,0.0,0.0,23.319762207318483,6.527397459562407,1.1107142849029121,,,
R3,Stationary_WN,0.4751390336988237,0.24795129113151326,0.2631812590820556,None,3,,,500,0.0,0.0,0.0,0.0,12.318648002163172,,,
R4,Trending_ExponentialGrowth,0.9897164593751859,0.3759077175852721,0.3322100396553114,None,24,,,500,,,0.0,0.0,1.344007463492773,,,
R1,Composite,0.9999197247793017,0.994975968511795,0.9207633988699319,48,50,48.0,96.0,500,-0.39678746246411223,-1.0737881996703487e-05,10.608706692165914,4.147656782770484,0.7155938645147019,,,
R2,Seasonal,0.9755854620605146,0.9994457207052125,0.9839789657279896,48,50,48.0,96.0,500,0.0,0.0,25.19571158898636,7.412822923234528,0.5875041546762011,,,
R3,Stationary_WN,0.22032688291000446,0.3474389167610523,0.3718005919822167,None,11,,,500,0.0,0.0,0.0,0.0,8.405301506969773,,,
R4,Trending_MeanShift,0.9999086719715514,0.9996393746319203,0.0,None,250,,,500,,,0.0,0.0,1.4983541497635522,,250.0,
R1,Composite,0.9999064396969871,0.9977631428874464,0.7640012955626737,24,24,24.0,48.0,500,0.3517842812574531,1.9097840263447028e-05,14.886297261804133,2.0896209357998314,0.7518906497399522,,,
R2,Seasonal,0.9473877246807254,0.9977756354301037,0.9601610449872668,24,24,24.0,48.0,500,0.0,0.0,13.664020568965105,5.9990155340691524,0.692694468809105,,,
R3,Stationary_WN,0.43866175794021856,0.24581419130036708,0.17467889090497546,None,3,,,500,0.0,0.0,0.0,0.0,7.22662490880718,,,
R4,Trending_ExponentialGrowth,0.997820458126973,0.28449244996698,0.323178076811661,None,24,,,500,,,0.0,0.0,0.6639512850251844,,,
R1,Composite,0.9997075459900071,0.9793642942847179,0.7129009756094268,36,36,36.0,72.0,500,-0.37259890085222935,-1.9584131135725963e-05,9.022130326391606,3.4117417771982694,1.2842730552543429,,,
R2,Seasonal,0.7788788356563816,0.9826914675213905,0.8441509829269856,36,36,36.0,72.0,500,0.0,0.0,11.980417773861628,6.577062040853902,1.5191519289652167,,,
R3,Stationary_WN,0.16630178959650932,0.42128820886306995,0.324131421549979,None,10,,,500,0.0,0.0,0.0,0.0,8.105939634557116,,,
R4,Trending_ExponentialGrowth,0.9987331936092928,0.33780290865848617,0.3016700094607534,None,24,,,500,,,0.0,0.0,1.4288048586438662,,,
R1,Composite,0.9994773718801302,0.9906265283419448,0.960466677869702,24,24,24.0,48.0,500,-0.16526187362418876,-3.286113847855243e-05,8.319730346607242,7.810699843634232,0.947803816878864,,,
R2,Seasonal,0.8810693406480125,0.9988605228082941,0.9137988454521915,24,24,24.0,48.0,500,0.0,0.0,21.419763225224557,4.288066193513056,0.78336263231438,,,
R3,Stationary_WN,0.5373561606368968,0.20425268135820984,0.2767939369003649,None,2,,,500,0.0,0.0,0.0,0.0,6.2849684173373,,,
R4,Trending_ExponentialGrowth,0.9978402719783627,0.3529323248177505,0.293165517058777,None,24,,,500,,,0.0,0.0,0.7476244658983965,,,
R1,Composite,0.9995741830979283,0.9981792345272249,0.972127926818079,48,50,48.0,96.0,500,0.12777661307567567,3.7028117847153584e-05,15.290542589544387,6.427715599008084,0.7555596983253675,,,
R2,Seasonal,0.9691665136031148,0.998988627131744,0.9783215410528782,48,50,48.0,96.0,500,0.0,0.0,29.16115600561974,10.175739239047601,0.9862106829587145,,,
R3,Stationary_WN,0.29628405209424746,0.2949179501265733,0.24903905879499055,None,5,,,500,0.0,0.0,0.0,0.0,8.592356434281982,,,
R4,Trending_MeanShift,0.9995520056336253,0.9982201181539895,0.0,None,250,,,500,,,0.0,0.0,0.9236767852535567,,250.0,
R1,Composite,0.997592435590422,0.9950310203035948,0.7103274781109136,24,24,24.0,48.0,500,-0.1499988419336704,2.1266467755158424e-05,19.601329434727074,3.355973623159002,1.2910097165900416,,,
R2,Seasonal,0.7065249320521406,0.9985006814123144,0.8383892452695326,24,24,24.0,48.0,500,0.0,0.0,27.988194479631733,4.0252173121206845,1.169865832629481,,,
R3,Stationary_AR,0.0020216493464069174,0.06004078945906921,0.0,None,167,,,500,0.0,0.0,0.0,0.0,5.0,0.4075169515495596,,
R4,Trending_ExponentialGrowth,0.979395397063432,0.3554845777034268,0.32536646898082966,None,24,,,500,,,0.0,0.0,1.4796403603773447,,,
R1,Composite,0.999219114209738,0.9974469868087104,0.8899421843152395,24,24,24.0,48.0,500,0.14578058767301427,2.626529781802536e-05,17.802510786645886,4.738583282557095,0.927677635423032,,,
R2,Seasonal,0.9430426977198212,0.9957941051531326,0.9561594431696109,24,24,24.0,48.0,500,0.0,0.0,19.957022437221873,11.572686908354854,1.3403777403760508,,,
R3,Stationary_WN,0.3781883795917582,0.2505317087526524,0.396530380197779,None,4,,,500,0.0,0.0,0.0,0.0,14.274177114498412,,,
R4,Trending_ExponentialGrowth,0.9996430864738322,0.36243628510798365,0.3908302782498282,None,24,,,500,,,0.0,0.0,0.7675694119486132,,,
R1,Composite,0.9998137969612598,0.9980470410399007,0.9573031600035888,48,50,48.0,96.0,500,-0.17975785947398387,-4.5840951631697626e-05,12.949538251150093,4.390615531939695,0.5845342575354276,,,
R2,Seasonal,0.7909547811151336,0.9974248010782326,0.8935397082171626,48,50,48.0,96.0,500,0.0,0.0,23.76823537538402,4.780388595239314,1.1118654448410594,,,
R3,Stationary_WN,0.2801825980793934,0.2399220880923152,0.33614666468404686,None,4,,,500,0.0,0.0,0.0,0.0,13.904158458928489,,,
R4,Trending_ExponentialGrowth,0.9919370958404367,0.3127066751390154,0.39674491011128843,None,24,,,500,,,0.0,0.0,1.355281133505432,,,
R1,Composite,0.9997559758347,0.9901520598098487,0.8569889355541784,12,12,12.0,24.0,500,0.35243349219752884,-2.5465788832518648e-05,10.663868346551446,5.045130323781475,1.3349171140030571,,,
R2,Seasonal,0.9407090359993109,0.9990538970603534,0.9363692865063605,12,12,12.0,24.0,500,0.0,0.0,23.07417005860572,5.358951787974053,0.7616059322865125,,,
R3,Stationary_WN,0.26084910631392966,0.26476181362854534,0.20867615682763319,None,6,,,500,0.0,0.0,0.0,0.0,10.081380131795498,,,
R4,Trending_ExponentialGrowth,0.9989227819047448,0.41565086884729363,0.33758272560947533,None,24,,,500,,,0.0,0.0,0.820923574449792,,,
R1,Composite,0.9999074817922539,0.998174333983703,0.8016909017331237,36,36,36.0,72.0,500,0.35684310326740565,-3.9595510976383916e-05,15.389230710470848,2.3050354715861685,0.6380962762021237,,,
R2,Seasonal,0.8934359410597412,0.9988389461062068,0.917998371364156,36,36,36.0,72.0,500,0.0,0.0,21.998184285933284,4.7241452388800935,0.7974496818539027,,,
R3,Stationary_AR,0.3337503173417229,0.4202700216929848,0.48415494607746024,None,12,,,500,0.0,0.0,0.0,0.0,5.0,0.492077113849667,,
R4,Trending_RandomWalkDrift,0.9998531402581541,0.7936418692158551,0.910435172724233,None,24,,,500,,,0.0,0.0,0.5275063487758351,,,0.48527151538133995
R1,Composite,0.9996801070712975,0.9977879274826075,0.9446373139415809,48,50,48.0,96.0,500,0.22454019082644783,-1.7163988459674464e-05,17.418183410642214,5.457377664195025,0.8553771058680065,,,
R2,Seasonal,0.9894515943611166,0.9990902892972147,0.9914124127010651,48,50,48.0,96.0,500,0.0,0.0,20.110064497722895,11.23698356497771,0.5491988675917258,,,
R3,Stationary_AR,0.019262123390252017,0.35850729780867463,0.0,None,167,,,500,0.0,0.0,0.0,0.0,5.0,0.617701695088807,,
R4,Trending_ExponentialGrowth,0.9913516274927824,0.3260243902586366,0.3625961436768864,None,24,,,500,,,0.0,0.0,0.723175507466188,,,
R1,Composite,0.9999006943030457,0.9985366980554562,0.9610832100617135,36,36,36.0,72.0,500,0.3158080489795406,2.81806533207477e-05,17.518175198085395,6.383780888971137,0.7001377987946129,,,
R2,Seasonal,0.9812480454528786,0.9992805887116912,0.984510213794923,36,36,36.0,72.0,500,0.0,0.0,18.38809196829567,7.480072142309885,0.5367323685291027,,,
R3,Stationary_AR,0.09033144389515724,0.5272295141906818,0.5339893539789338,None,33,,,500,0.0,0.0,0.0,0.0,5.0,0.4958298666211538,,
R4,Trending_RandomWalkDrift,0.9991258190182526,0.9051677939542665,0.0,None,250,,,500,,,0.0,0.0,1.4920060237992643,,,0.4951411872641013
R1,Composite,0.9997676798438874,0.9969595381680878,0.978355025020224,36,36,36.0,72.0,500,0.21254710329445803,-3.723064653664436e-05,10.902198741595402,7.676566547507211,0.652876897122455,,,
R2,Seasonal,0.9613591849917797,0.9977100092386257,0.970215170101073,36,36,36.0,72.0,500,0.0,0.0,12.159646949404907,6.289345077339734,0.6715484924562186,,,
R3,Stationary_AR,0.162436736213748,0.6619938556283376,0.6541293570296768,None,83,,,500,0.0,0.0,0.0,0.0,5.0,0.5474737471501553,,
R4,Trending_MeanShift,0.9995680962096498,0.9982712946212546,0.0,None,250,,,500,,,0.0,0.0,0.7430462303823823,,250.0,
R1,Composite,0.9997217326912965,0.9971571484925479,0.8098277850988848,48,50,48.0,96.0,500,-0.273932671678462,-1.2757810837324294e-05,18.558147277526007,2.051354410166281,0.9027000024956655,,,
R2,Seasonal,0.09859671014689253,0.9916630976444168,0.6993847468672962,48,100,48.0,96.0,500,0.0,0.0,15.93327058301329,11.66010775059793,1.8563750301939055,,,
R3,Stationary_WN,0.48914446298116354,0.10622931918033973,0.23182410773292728,None,2,,,500,0.0,0.0,0.0,0.0,7.567484807584032,,,
R4,Trending_RandomWalkDrift,0.9996976535984278,0.985198434150707,0.9700015431421489,None,125,,,500,,,0.0,0.0,1.1141549430628497,,,0.44212495825706455
R1,Composite,0.9971402046273762,0.9848250218842628,0.9058001472158456,12,12,12.0,24.0,500,0.12132183889785891,-2.6244566936164472e-05,9.36042565192075,7.078945290287201,1.4121695254228388,,,
R2,Seasonal,0.7870901799757308,0.9937820562610165,0.8058212606702774,12,12,12.0,24.0,500,0.0,0.0,16.948469853739322,5.0202143826093595,1.4482067159770509,,,
R3,Stationary_WN,0.44940477531970313,0.23862719265975052,0.3316574300167058,None,3,,,500,0.0,0.0,0.0,0.0,11.41844403084086,,,
R4,Trending_MeanShift,0.9988586458664337,0.9955486984301389,0.0,None,250,,,500,,,0.0,0.0,0.756477145071906,,250.0,
R1,Composite,0.9998319171763633,0.9982749377100985,0.8689677396822724,36,36,36.0,72.0,500,0.2350292023791987,3.374155831015404e-05,16.03567918124663,3.091354042083394,0.6980305857963683,,,
R2,Seasonal,0.9180697479613373,0.9938946887928862,0.9353312067654276,36,36,36.0,72.0,500,0.0,0.0,16.11117238299815,8.86269947029697,1.4154034238236406,,,
R3,Stationary_WN,0.4755552810890664,0.18065716886814331,0.19844572042855346,None,2,,,500,0.0,0.0,0.0,0.0,13.400013627099872,,,
R4,Trending_MeanShift,0.999535446008715,0.9982072890654151,0.0,None,250,,,500,,,0.0,0.0,0.6201111490674444,,250.0,
R1,Composite,0.9997003495055833,0.999414128661019,0.9207908221762493,24,24,24.0,48.0,500,-0.1886420128524271,4.5006403411391934e-05,24.105457423038555,3.489732255042256,0.6816107369286282,,,
R2,Seasonal,0.673467879090776,0.9959324691146206,0.7792514634143966,24,24,24.0,48.0,500,0.0,0.0,27.680208343400054,5.789030647601692,1.7975096166731466,,,
R3,Stationary_AR,0.06975538687305982,0.5996559178934191,0.6428892040135812,None,100,,,500,0.0,0.0,0.0,0.0,5.0,0.5965216393000617,,
R4,Trending_ExponentialGrowth,0.9987131041583571,0.3363012176057346,0.37431963108418687,None,24,,,500,,,0.0,0.0,0.6748509415854524,,,
R1,Composite,0.9976273025013948,0.996334263244968,0.9166285827624443,48,50,48.0,96.0,500,0.1365513986706534,-1.8174635922423172e-05,22.43793654812618,6.392736005493197,1.4337834308870172,,,
R2,Seasonal,0.95401984287625,0.9964817905520542,0.9641345940210547,48,50,48.0,96.0,500,0.0,0.0,21.19130719358144,11.124430151999743,1.3066338584932107,,,
R3,Stationary_WN,0.526377027665093,0.2015945522559014,0.27401656135835806,None,2,,,500,0.0,0.0,0.0,0.0,10.070531287751688,,,
R4,Trending_MeanShift,0.9999185684129756,0.9996752899485981,0.0,None,250,,,500,,,0.0,0.0,1.2760992615300792,,250.0,
R1,Composite,0.998977429399862,0.9983546460676819,0.6783215646848204,24,24,24.0,48.0,500,0.11870807389274726,2.0013078013093886e-05,20.567651874486316,2.007601987181584,0.8697766840658134,,,
R2,Seasonal,0.6758660111461522,0.9931155761949064,0.7908297802251976,24,24,24.0,48.0,500,0.0,0.0,22.438211143052435,6.185838686689735,1.948101980057028,,,
R3,Stationary_AR,0.2278833994312186,0.40067988395406307,0.5837940860617201,None,22,,,500,0.0,0.0,0.0,0.0,5.0,0.6619491722401398,,
R4,Trending_ExponentialGrowth,0.9906166458818442,0.4281531089160604,0.3406602353257444,None,24,,,500,,,0.0,0.0,0.7915769097618928,,,
R1,Composite,0.9997978118573013,0.9842216445080839,0.9232994527225207,24,24,24.0,48.0,500,-0.38144027869699726,-3.51889477099869e-05,8.688497485716427,7.242595355758796,1.312479196587292,,,
R2,Seasonal,0.8958134650891587,0.9968645029204812,0.9201591906217185,24,24,24.0,48.0,500,0.0,0.0,23.759887971936703,8.41505363260549,1.5230111160415214,,,
R3,Stationary_WN,0.49360133394841577,0.09232102203892845,0.22466978674082505,None,2,,,500,0.0,0.0,0.0,0.0,12.90984656026627,,,
R4,Trending_RandomWalkDrift,0.9986787864194456,0.7546973143128817,0.901405660668939,None,24,,,500,,,0.0,0.0,1.058570106811449,,,0.18276707976904816
R1,Composite,0.9993865712117767,0.9980881987691842,0.9432023469048292,24,24,24.0,48.0,500,-0.223071313730496,4.562139956775259e-05,23.028714917390612,7.695876184474743,1.161649300620116,,,
R2,Seasonal,0.7643645217238059,0.9939046770139255,0.8455612994395406,24,24,24.0,48.0,500,0.0,0.0,19.426339527024915,6.273399543645707,1.5397080555511953,,,
R3,Stationary_AR,0.2236106434558507,0.4887816482422518,0.6730034857594562,None,21,,,500,0.0,0.0,0.0,0.0,5.0,0.4831740375857076,,
R4,Trending_RandomWalkDrift,0.9901376746865612,0.6260141840654004,0.8584075864759532,None,24,,,500,,,0.0,0.0,0.5962447589470431,,,0.12356458408868615
R1,Composite,0.9988178112449309,0.9940512752905154,0.7630754717253929,12,12,12.0,24.0,500,-0.13552521985335741,-3.404398172365723e-05,13.74791354284438,3.564932434312291,1.0530097816796409,,,
R2,Seasonal,0.9233466179875724,0.9917333486027853,0.9217823977441891,12,12,12.0,24.0,500,0.0,0.0,11.95523297094491,7.528519494126556,1.3087298326345873,,,
R3,Stationary_AR,0.07489080613464272,0.474074743430573,0.4411029879564108,None,33,,,500,0.0,0.0,0.0,0.0,5.0,0.5234439622414927,,
R4,Trending_ExponentialGrowth,0.9996342361438686,0.403633922949151,0.3576824575427704,None,24,,,500,,,0.0,0.0,0.7952318946774002,,,
R1,Composite,0.9976057541354669,0.9924770839345788,0.9078709540178129,24,24,24.0,48.0,500,0.11268326442144311,2.1966999590430935e-05,14.000158143484802,7.012692084959421,1.3104303381199758,,,
R2,Seasonal,0.9658377170171896,0.9957641865685334,0.9734796428557658,24,24,24.0,48.0,500,0.0,0.0,14.898013180367137,11.279928330991861,1.0786193423875647,,,
R3,Stationary_WN,0.07579297357060133,0.2540530873761472,0.26065515525849325,None,16,,,500,0.0,0.0,0.0,0.0,6.209811708829294,,,
R4,Trending_RandomWalkDrift,0.9967572205341308,0.8367293892641043,0.0,None,250,,,500,,,0.0,0.0,0.948371895651883,,,0.48441585641391616
R1,Composite,0.9994457394887533,0.9877847666237884,0.927925782016823,48,50,48.0,96.0,500,0.24604559215188299,-1.9984492072894683e-05,10.577019918693829,7.020401504655415,1.2419649377172504,,,
R2,Seasonal,0.9104640528827743,0.9969788877167277,0.9410012960586329,48,50,48.0,96.0,500,0.0,0.0,29.3480155114549,10.165750089454374,1.4326742532182,,,
R3,Stationary_AR,0.06209479667509621,0.3904404352685774,0.5041439650292341,None,31,,,500,0.0,0.0,0.0,0.0,5.0,0.41518948718077414,,
R4,Trending_RandomWalkDrift,0.9954692116786698,0.7566053583320657,0.916385436328175,None,24,,,500,,,0.0,0.0,1.1831957675134523,,,0.20917121517051518
R1,Composite,0.9997086374335422,0.9916869693442218,0.8044533596297166,36,36,36.0,72.0,500,-0.29513570332582756,-2.4047784866393244e-05,11.664192824261342,3.8953565169272375,1.1520737093208182,,,
R2,Seasonal,0.6150196505331151,0.981765097585532,0.7711346954137215,36,36,36.0,72.0,500,0.0,0.0,13.257850530053892,5.590093935243119,1.8056248237907888,,,
R3,Stationary_AR,0.33980209740578604,0.2967042351828947,0.5169165510516218,None,15,,,500,0.0,0.0,0.0,0.0,5.0,0.5418093988297595,,
R4,Trending_MeanShift,0.9999396758098487,0.9997594136589891,0.0,None,250,,,500,,,0.0,0.0,1.1397267811609786,,250.0,
R1,Composite,0.9981113536996968,0.989196326589636,0.8203926004201967,48,50,48.0,96.0,500,-0.14684889150518066,-1.7087675194518698e-05,13.450168423967503,4.252518662014719,1.3291318128906413,,,
R2,Seasonal,0.8586757277890132,0.9863425963719448,0.9041473935761689,48,50,48.0,96.0,500,0.0,0.0,11.282797416996083,6.564125095200275,1.383318629504482,,,
R3,Stationary_WN,0.519146195914076,0.13024843865759994,0.2712512012944991,None,2,,,500,0.0,0.0,0.0,0.0,6.903203700458405,,,
R4,Trending_ExponentialGrowth,0.9840663962688064,0.3724421769281858,0.41210103856832603,None,24,,,500,,,0.0,0.0,1.4851568409541027,,,
R1,Composite,0.9987169159698771,0.9949113322351861,0.7881907659974614,48,50,48.0,96.0,500,-0.20780976483634833,-4.586305052213397e-05,24.365989062895753,3.4080971279674923,1.4457366011390342,,,
R2,Seasonal,0.9686771156964341,0.9973867312495174,0.97518971236599,48,50,48.0,96.0,500,0.0,0.0,21.941890762738876,11.891285162473906,1.069522645452748,,,
R3,Stationary_AR,0.2485430459386816,0.5205532872794549,0.6150037924385015,None,28,,,500,0.0,0.0,0.0,0.0,5.0,0.6171886769690607,,
R4,Trending_RandomWalkDrift,0.9994133522200455,0.9254193974335106,0.8992428835503568,None,71,,,500,,,0.0,0.0,0.538969426536846,,,-0.46518992932720904
R1,Composite,0.9995573593982658,0.994173834151298,0.8886182813296752,48,50,48.0,96.0,500,0.33104363247701785,-4.994689207021323e-05,18.082752391560255,5.495909559829104,1.2744156526904862,,,
R2,Seasonal,0.8851145596777824,0.9959185725381998,0.9204435620249545,48,50,48.0,96.0,500,0.0,0.0,26.81317557893296,9.068657192215442,1.7950203370783016,,,
R3,Stationary_AR,0.013497958523819964,0.6271465164241792,0.526019993500904,None,125,,,500,0.0,0.0,0.0,0.0,5.0,0.4602961174605378,,
R4,Trending_MeanShift,0.9998324726162875,0.9993298612359746,0.0,None,250,,,500,,,0.0,0.0,0.8534339400832922,,250.0,
R1,Composite,0.9999448771208745,0.9993367343551168,0.9837153349883981,12,12,12.0,24.0,500,0.35219017573996547,-3.2486558428103516e-05,19.66997420408756,7.966110532628706,0.5404385096062523,,,
R2,Seasonal,0.7991708885719717,0.9830979285614797,0.8143011542828023,12,12,12.0,24.0,500,0.0,0.0,10.655940198000202,5.5411997180511054,1.5369043558078817,,,
R3,Stationary_AR,0.06811747627286446,0.67103969002112,0.7901383801307619,None,83,,,500,0.0,0.0,0.0,0.0,5.0,0.6600583581411283,,
R4,Trending_ExponentialGrowth,0.9990179887258446,0.37134379900723014,0.36531382141611224,None,24,,,500,,,0.0,0.0,1.1343085760291616,,,
R1,Composite,0.9992566736760135,0.9966565299288681,0.5433008885480946,12,12,12.0,24.0,500,0.22746949653089948,4.880572994528505e-05,24.329457645037344,2.0431766792164066,1.3979767381543184,,,
R2,Seasonal,0.6500639945551924,0.9842222258027595,0.703503662325486,12,12,12.0,24.0,500,0.0,0.0,12.470814444610305,4.193351239428922,1.6489181684350815,,,
R3,Stationary_WN,0.03249583916908094,0.43204745479676077,0.36227967662609173,None,50,,,500,0.0,0.0,0.0,0.0,5.324736675744797,,,
R4,Trending_MeanShift,0.9988773103414006,0.9960429629455625,0.0,None,250,,,500,,,0.0,0.0,1.1005261745895951,,250.0,
R1,Composite,0.9999085669443907,0.9994034313071998,0.8561401568447967,24,24,24.0,48.0,500,-0.2840757690710697,1.0178267832302025e-05,22.20046709043472,2.399271913113857,0.5572838104018965,,,
R2,Seasonal,0.9858407893170086,0.9996686178842563,0.9888943174993545,24,24,24.0,48.0,500,0.0,0.0,27.497944284112787,9.018389567598014,0.5114917808966212,,,
R3,Stationary_WN,0.51781482638878,0.0913939592199361,0.25147114509639,None,2,,,500,0.0,0.0,0.0,0.0,11.752532028237145,,,
R4,Trending_RandomWalkDrift,0.8618962029962387,0.7994381941023975,0.0,None,250,,,500,,,0.0,0.0,1.1381894797352872,,,-0.12461016933374679
R1,Composite,0.9994236024585097,0.9991705309940577,0.9740824258856275,24,24,24.0,48.0,500,0.14934477059833498,-3.6656785818242463e-05,22.424994828816683,7.4378925997744965,0.713786169803843,,,
R2,Seasonal,0.894128346530425,0.9970204545839007,0.9236396487340762,24,24,24.0,48.0,500,0.0,0.0,25.52699326757805,8.897796330909493,1.5330099828508292,,,
R3,Stationary_AR,0.06445657369736124,0.593488972264191,0.6239081525109427,None,83,,,500,0.0,0.0,0.0,0.0,5.0,0.5028194357748181,,
R4,Trending_MeanShift,0.9999934732902683,0.9999737907437434,0.0,None,250,,,500,,,0.0,0.0,0.5199374192748388,,250.0,
R1,Composite,0.9996940202749429,0.9959168419524995,0.927334270617205,48,50,48.0,96.0,500,0.2587675819589943,-1.4934458000383197e-05,14.627507890992844,5.27753833370172,0.9581760613832732,,,
R2,Seasonal,0.9303369449988708,0.9896356029057602,0.9445130207959596,48,50,48.0,96.0,500,0.0,0.0,15.047844665935752,10.66680673170302,1.6248244197548458,,,
R3,Stationary_WN,0.5358206474334389,0.3158078106981064,0.374237840932268,None,2,,,500,0.0,0.0,0.0,0.0,8.704645731769531,,,
R4,Trending_MeanShift,0.9829739031334342,0.8957472925499064,0.0,None,250,,,500,,,0.0,0.0,0.971003622428345,,250.0,
R1,Composite,0.9991752120962927,0.9974511709854675,0.8452107600530993,36,36,36.0,72.0,500,-0.21151902717508167,1.332100353185498e-05,23.87085132477379,5.0807046198087065,1.245081688970266,,,
R2,Seasonal,0.9085849566529876,0.9988132056904843,0.9276274363511445,36,36,36.0,72.0,500,0.0,0.0,20.190545301501537,4.566060806159573,0.7820389360737444,,,
R3,Stationary_WN,0.24615090939445794,0.3390887609621245,0.2970128905293643,None,5,,,500,0.0,0.0,0.0,0.0,13.764461487449829,,,
R4,Trending_ExponentialGrowth,0.9992646401326692,0.35028849007707163,0.3049971855355228,None,24,,,500,,,0.0,0.0,0.8028075974258997,,,
R1,Composite,0.9989958375048819,0.9955421572228194,0.8077794959302063,12,12,12.0,24.0,500,-0.24317646238182977,2.795545294932291e-05,22.203216364527087,5.7071498043416025,1.417325113923352,,,
R2,Seasonal,0.9392165330404829,0.9985526646992139,0.9356989466631326,12,12,12.0,24.0,500,0.0,0.0,26.673333105800282,7.577843161984889,1.0051944797654042,,,
R3,Stationary_AR,0.45722433504628635,0.47130955457110035,0.5498565940164215,None,12,,,500,0.0,0.0,0.0,0.0,5.0,0.5690813287503274,,
R4,Trending_MeanShift,0.9997838568340205,0.9991500461634742,0.0,None,250,,,500,,,0.0,0.0,0.9076707944160427,,250.0,
R1,Composite,0.9998407479128675,0.9985265787263217,0.8721443652805991,24,24,24.0,48.0,500,0.35602461506660354,-3.257263430954143e-05,22.582629709690345,4.129308827569499,0.9200912544033796,,,
R2,Seasonal,0.9886935678814794,0.9975999356728378,0.991178790204992,24,24,24.0,48.0,500,0.0,0.0,10.11341597252268,10.210809646379074,0.5154728854156427,,,
R3,Stationary_AR,0.1696735767665789,0.3537033184977586,0.4312243707752763,None,25,,,500,0.0,0.0,0.0,0.0,5.0,0.4020286266634775,,
R4,Trending_RandomWalkDrift,0.9936932973247355,0.8547675125744282,0.0,None,250,,,500,,,0.0,0.0,1.4777893519904168,,,0.4653968834515366
R1,Composite,0.9994302531386463,0.998254968389766,0.7855321031658871,36,36,36.0,72.0,500,-0.18608958086201205,-2.9635045392792447e-05,23.244833366633394,2.817277289356605,0.8830277220060484,,,
R2,Seasonal,0.72612099405836,0.9961450459119262,0.8200886393419338,36,36,36.0,72.0,500,0.0,0.0,29.143157557778416,6.822962958005932,1.8251709801360083,,,
R3,Stationary_WN,0.039449488075069095,0.5042993078416174,0.40382937954651077,None,56,,,500,0.0,0.0,0.0,0.0,9.620119248668551,,,
R4,Trending_RandomWalkDrift,0.9538802115205273,0.6000344009000118,0.0,None,167,,,500,,,0.0,0.0,0.7615203752397313,,,0.23487519957406186
R1,Composite,0.9997515620956976,0.9987553490095274,0.8999625001660864,24,24,24.0,48.0,500,-0.2683658393925342,-1.5327866848339993e-05,24.972317308549158,4.959053013115524,0.9456413871975919,,,
R2,Seasonal,0.6451608260518404,0.982820637688264,0.7684025156675645,24,24,24.0,48.0,500,0.0,0.0,12.10953915716162,4.895411392476741,1.7602315280565404,,,
R3,Stationary_WN,0.31839437215758615,0.14171081745906633,0.2972016914404242,None,4,,,500,0.0,0.0,0.0,0.0,14.916794256542229,,,
R4,Trending_RandomWalkDrift,0.9996682241101996,0.6715767599838804,0.8994594952274386,None,24,,,500,,,0.0,0.0,0.9239186912119615,,,-0.33515020985074107
R1,Composite,0.999558939922933,0.9889903519427898,0.8383743043414882,36,36,36.0,72.0,500,-0.26751914707194735,-1.1601937470484713e-05,11.216707113222451,4.555263238603974,1.2057406085225078,,,
R2,Seasonal,0.8634304662266081,0.9978783822010824,0.9058363149461117,36,36,36.0,72.0,500,0.0,0.0,27.154075263542197,7.034930143390562,1.27127915110932,,,
R3,Stationary_WN,0.052605991247886785,0.4173692782702162,0.3368081588192179,None,45,,,500,0.0,0.0,0.0,0.0,11.674575059358311,,,
R4,Trending_RandomWalkDrift,0.9995190720091099,0.6255981731781151,0.8556570866667843,None,24,,,500,,,0.0,0.0,0.7561296209569472,,,0.46295068247537996
R1,Composite,0.9998038810021209,0.9858666422190341,0.8615836029958857,36,36,36.0,72.0,500,0.3887184174474786,-3.516353146224095e-05,8.735141067672046,4.739804750183268,1.1756119191916379,,,
R2,Seasonal,0.031151825846197245,0.9943167068045565,0.4443553453310106,36,71,36.0,72.0,500,0.0,0.0,11.029562650872315,11.729631434581638,1.3321290709981986,,,
R3,Stationary_AR,0.01447542636981436,0.6789211489470195,0.6273619636561585,None,125,,,500,0.0,0.0,0.0,0.0,5.0,0.5175189302886716,,
R4,Trending_MeanShift,0.9999009773930678,0.9996031723809888,0.0,None,250,,,500,,,0.0,0.0,1.0938837632296212,,250.0,
R1,Composite,0.9996657549082831,0.9916132736429175,0.8758763850335116,24,24,24.0,48.0,500,0.2306832774794444,-3.882624397910122e-05,8.539984831787406,3.54780879085535,0.8037135117926956,,,
R2,Seasonal,0.9503118171977986,0.9970753827859068,0.96151670843191,24,24,24.0,48.0,500,0.0,0.0,23.455485531836917,11.819381373884434,1.3980173146971442,,,
R3,Stationary_AR,0.26294320026903495,0.5179155553096707,0.5829345090379852,None,29,,,500,0.0,0.0,0.0,0.0,5.0,0.5278240705575991,,
R4,Trending_ExponentialGrowth,0.9928134948430924,0.3956070015742523,0.3286778682066741,None,24,,,500,,,0.0,0.0,1.0530285974973288,,,
R1,Composite,0.9994199629667861,0.9882358382864563,0.7419313839968096,36,36,36.0,72.0,500,-0.3089635424633514,1.3932543885799242e-05,13.616690141473796,3.81657240719777,1.4040862675624355,,,
R2,Seasonal,0.8012656153148401,0.996457961608374,0.8605893397237077,36,36,36.0,72.0,500,0.0,0.0,23.178981852530963,5.9398606558275455,1.5442308589742746,,,
R3,Stationary_WN,0.5334029100369606,0.2183781087864406,0.13932031980848936,None,2,,,500,0.0,0.0,0.0,0.0,8.201287838978395,,,
R4,Trending_ExponentialGrowth,0.9983331550329313,0.4196785242021829,0.329155278315738,None,24,,,500,,,0.0,0.0,0.9375090895602187,,,
R1,Composite,0.9996652976754622,0.9980833408360777,0.8364277877402133,24,24,24.0,48.0,500,-0.22917250664982375,-3.2686326046923156e-05,20.76552971852511,3.578181885301472,0.8994926706415912,,,
R2,Seasonal,0.7472410425095812,0.9961343865114057,0.8247157237981698,24,24,24.0,48.0,500,0.0,0.0,22.845512083833345,5.328734782481914,1.6044336680054934,,,
R3,Stationary_AR,0.26587159495437274,0.35554561321899436,0.5624763351210536,None,17,,,500,0.0,0.0,0.0,0.0,5.0,0.4769757418090277,,
R4,Trending_MeanShift,0.9999763895985107,0.9999054576346789,0.0,None,250,,,500,,,0.0,0.0,0.7643727017792415,,250.0,
R1,Composite,0.9975876092480892,0.9964382445037767,0.9054436082049224,36,36,36.0,72.0,500,0.1086235125944065,3.790711477555575e-05,21.471334530079744,7.161381921763792,1.4758394040177025,,,
R2,Seasonal,0.8689666598290307,0.9949390013243806,0.900889939571996,36,36,36.0,72.0,500,0.0,0.0,16.934547431841374,6.64435663316477,1.208959381579975,,,
R3,Stationary_WN,0.5148030425764853,0.08258375155259734,0.2489798622810393,None,2,,,500,0.0,0.0,0.0,0.0,12.923362664485236,,,
R4,Trending_ExponentialGrowth,0.999553927026783,0.38025929052084995,0.3946005258740638,None,24,,,500,,,0.0,0.0,0.8291544857023304,,,
R1,Composite,0.9997717655358346,0.9965500095849189,0.8835000470427506,24,24,24.0,48.0,500,0.3813999978153956,3.719717199138143e-05,20.81463464298995,6.1881018924278655,1.2631296096867342,,,
R2,Seasonal,0.9267770189915499,0.994577267874731,0.9441210519773187,24,24,24.0,48.0,500,0.0,0.0,18.884601395699402,10.932191456075133,1.4862467169281406,,,
R3,Stationary_WN,0.4770134320621552,0.07062208631411193,0.25634902924361846,None,2,,,500,0.0,0.0,0.0,0.0,5.277016805281858,,,
R4,Trending_ExponentialGrowth,0.9993405083476284,0.41155678763744785,0.3091896792866453,None,24,,,500,,,0.0,0.0,0.9285305555294296,,,
R1,Composite,0.9996119209639864,0.9992990779761906,0.9589867736774773,48,50,48.0,96.0,500,0.12794646697300022,4.581193779648015e-05,24.173949119026005,3.8940310514578567,0.5508079810613551,,,
R2,Seasonal,0.9094511452280574,0.9976628318868503,0.9446790455417573,48,50,48.0,96.0,500,0.0,0.0,29.084310877912326,8.837418259950185,1.4471119081517916,,,
R3,Stationary_AR,0.05283290372023042,0.5653106455396271,0.5385992031893425,None,71,,,500,0.0,0.0,0.0,0.0,5.0,0.6607309799978569,,
R4,Trending_MeanShift,0.9706280504618144,0.9166622120574871,0.0,None,250,,,500,,,0.0,0.0,1.0180417515890392,,250.0,
R1,Composite,0.9998711866387257,0.9970061547378546,0.9419230780934694,48,50,48.0,96.0,500,-0.36332668068780605,-1.669705306949174e-05,16.032986984023047,5.633055938545395,0.8216486046282078,,,
R2,Seasonal,0.942676042027932,0.9972703271023078,0.9566909667474475,48,50,48.0,96.0,500,0.0,0.0,19.072700690901794,7.880848245863034,0.9634958331494858,,,
R3,Stationary_WN,0.5085250381587202,0.13350971814826018,0.19968542947476864,None,2,,,500,0.0,0.0,0.0,0.0,11.000882767250857,,,
R4,Trending_MeanShift,0.9999145949253961,0.9996539556181102,0.0,None,250,,,500,,,0.0,0.0,1.4045108059964182,,250.0,
R1,Composite,0.9993549974878673,0.9980925635017276,0.8850228708112348,24,24,24.0,48.0,500,0.2178306326087875,-4.708687884268682e-05,23.010722527776267,5.010826834623905,1.057177797121423,,,
R2,Seasonal,0.831278996685711,0.993980875963005,0.8799402767021609,24,24,24.0,48.0,500,0.0,0.0,20.81625345045503,7.73858648359348,1.8784723364165334,,,
R3,Stationary_WN,0.4795052770990045,0.18025830335595527,0.29061849348309854,None,2,,,500,0.0,0.0,0.0,0.0,6.158589282211395,,,
R4,Trending_ExponentialGrowth,0.9989195279707651,0.31925238890204544,0.31904243973076474,None,24,,,500,,,0.0,0.0,0.8438112203274579,,,
R1,Composite,0.9998033574374013,0.9962859981594012,0.9319481193880665,12,12,12.0,24.0,500,-0.3265321821854191,3.0715454939950674e-05,14.550072485767938,6.525882462510226,0.9051159470096315,,,
R2,Seasonal,0.8060471154845197,0.9970305295866192,0.8097378877467568,12,12,12.0,24.0,500,0.0,0.0,27.09316249590843,5.660887356064088,1.6038952151909092,,,
R3,Stationary_AR,0.11674857631695224,0.6855307031509472,0.5867607875496081,None,125,,,500,0.0,0.0,0.0,0.0,5.0,0.42097011884845575,,
R4,Trending_MeanShift,0.999946780774135,0.9997872112342923,0.3770794731914022,None,250,,,500,,,0.0,0.0,0.6614138452561157,,250.0,
R1,Composite,0.9997454164499663,0.9980377133837272,0.9543074054640844,36,36,36.0,72.0,500,-0.2562816870899621,-4.9117840135935e-05,20.88921255005694,7.797758545203614,1.0916999613976963,,,
R2,Seasonal,0.9690096642075637,0.9934440531944726,0.9744225780819183,36,36,36.0,72.0,500,0.0,0.0,12.165981439208707,11.601626266551193,1.0907386516506712,,,
R3,Stationary_WN,0.31029888121379423,0.25515100394490786,0.23518765417580167,None,4,,,500,0.0,0.0,0.0,0.0,14.163437173290637,,,
R4,Trending_RandomWalkDrift,0.9798094919236534,0.8607990887854402,0.0,None,250,,,500,,,0.0,0.0,1.4655902948706019,,,0.23939923830530174
R1,Composite,0.9988910800239541,0.9860334578559867,0.7577925561593604,36,36,36.0,72.0,500,-0.17083509925043006,2.698948323207623e-05,8.898545792528612,3.1731790763920573,1.1433455038757347,,,
R2,Seasonal,0.9248221732792605,0.9909343994803679,0.9416167315283707,36,36,36.0,72.0,500,0.0,0.0,10.027506110183106,7.09482243644974,1.057539127273475,,,
R3,Stationary_WN,0.35330918884621,0.30447027787116654,0.3776287660073553,None,4,,,500,0.0,0.0,0.0,0.0,8.871009705430934,,,
R4,Trending_MeanShift,0.9999324779501401,0.9997286664918739,0.13374130694671327,None,250,,,500,,,0.0,0.0,1.0845651267420644,,250.0,
R1,Composite,0.9979611410245804,0.9787458004428868,0.7887042714765171,36,36,36.0,72.0,500,0.1291369323732063,1.895144432918355e-05,8.552156165323128,3.983928478955292,1.1995075362616436,,,
R2,Seasonal,0.8177707854799426,0.992098666090223,0.8663785688838024,36,36,36.0,72.0,500,0.0,0.0,15.452900590426808,6.292566267949655,1.6136175215662016,,,
R3,Stationary_WN,0.2636641601321724,0.27190167635005,0.3245728400428266,None,6,,,500,0.0,0.0,0.0,0.0,14.451999518676843,,,
R4,Trending_RandomWalkDrift,0.9964572808553445,0.5906285493163752,0.847695500539704,None,24,,,500,,,0.0,0.0,1.3675700762129765,,,0.15685291847275196
R1,Composite,0.9996904688743516,0.9977027358746303,0.7629902458365607,36,36,36.0,72.0,500,0.30370219786054853,4.6688270813096473e-05,24.450366738000643,3.3350250285434804,1.2588153478827417,,,
R2,Seasonal,0.922642445610838,0.9995446038413067,0.9393515176974259,36,36,36.0,72.0,500,0.0,0.0,25.167728706463123,4.033140254048261,0.5328926443567579,,,
R3,Stationary_WN,0.1856138377215838,0.28976750095294945,0.27054175685131054,None,11,,,500,0.0,0.0,0.0,0.0,9.609110497476156,,,
R4,Trending_RandomWalkDrift,0.9988365698328754,0.6040332108740913,0.847441955275869,None,24,,,500,,,0.0,0.0,1.3905067283985766,,,0.35207462294796776
R1,Composite,0.9996990969022541,0.9994587404887029,0.9685058076138636,36,36,36.0,72.0,500,-0.1566550456635441,2.0111967340101255e-05,22.512156363268943,5.526990379357092,0.5567275733573166,,,
R2,Seasonal,0.8369140623150197,0.9951342369152917,0.8768563751660222,36,36,36.0,72.0,500,0.0,0.0,13.427129065199635,4.593950453016982,1.0895167784103283,,,
R3,Stationary_AR,0.1848601523082285,0.40977779840867956,0.5007695102782436,None,24,,,500,0.0,0.0,0.0,0.0,5.0,0.5022912916451793,,
R4,Trending_ExponentialGrowth,0.9991872954077718,0.432596075556115,0.3912706712093402,None,24,,,500,,,0.0,0.0,0.607062904489616,,,
R1,Composite,0.9991546819640961,0.9973574397276118,0.963042433131609,36,36,36.0,72.0,500,0.12603266953156492,-2.2466629187278428e-05,13.136515274333401,6.538683811161899,0.7459959591141664,,,
R2,Seasonal,0.958748793592934,0.9976485118461765,0.9667617887792738,36,36,36.0,72.0,500,0.0,0.0,14.856266851751752,7.428555948144366,0.7741316861220968,,,
R3,Stationary_WN,0.45388382840895436,0.22653593539707284,0.4052397497317224,None,3,,,500,0.0,0.0,0.0,0.0,10.33463082185846,,,
R4,Trending_ExponentialGrowth,0.9952756810313634,0.3387604409562297,0.3671492430616322,None,24,,,500,,,0.0,0.0,0.6415387634365195,,,
R1,Composite,0.9989895453948074,0.9961549508364366,0.8984958711853197,12,12,12.0,24.0,500,0.10025828480902273,-2.139286618706242e-05,9.229998527498953,3.421797956847171,0.5853969771261975,,,
R2,Seasonal,0.9661815369270398,0.9988817502474536,0.9639643396393619,12,12,12.0,24.0,500,0.0,0.0,21.920198181648892,7.531076507677038,0.7564085362967388,,,
R3,Stationary_WN,0.529949781407394,0.05102707782425042,0.23865148678864878,None,2,,,500,0.0,0.0,0.0,0.0,9.183451772748343,,,
R4,Trending_ExponentialGrowth,0.9983188662578631,0.36863715966531596,0.3644980438614692,None,24,,,500,,,0.0,0.0,0.653323264585984,,,
R1,Composite,0.9998375191912989,0.9934945133120932,0.9237035293589215,48,50,48.0,96.0,500,0.3010015406629071,3.212170273227774e-05,10.690227720098864,4.809360784931056,0.8078493543503678,,,
R2,Seasonal,0.9619585867792475,0.9994022060855067,0.9767063571208954,48,50,48.0,96.0,500,0.0,0.0,28.48684623494961,6.963362354998027,0.690690447210067,,,
R3,Stationary_AR,0.38080967813042865,0.520588594470144,0.6379400452543851,None,23,,,500,0.0,0.0,0.0,0.0,5.0,0.6341140924982485,,
R4,Trending_MeanShift,0.9999756430287179,0.999902943011423,0.0,None,250,,,500,,,0.0,0.0,0.8386640733800053,,250.0,
R1,Composite,0.999876256580042,0.9985366233662237,0.9368150067055102,12,12,12.0,24.0,500,-0.3632740567764917,-3.394714685057244e-05,22.65241764222504,6.703626313274929,0.9228083455764411,,,
R2,Seasonal,0.9827233778899481,0.9989730622923689,0.9809625079767823,12,12,12.0,24.0,500,0.0,0.0,20.168606373796905,9.455640811162777,0.6654991967130404,,,
R3,Stationary_WN,0.5248680772697074,0.05195371080513633,0.32454378215350344,None,2,,,500,0.0,0.0,0.0,0.0,5.13056464831255,,,
R4,Trending_ExponentialGrowth,0.9973072341712925,0.4078974270505813,0.3714826815982135,None,24,,,500,,,0.0,0.0,1.4434089281282012,,,
R1,Composite,0.9998593407918371,0.9968256291467675,0.8517917290568013,12,12,12.0,24.0,500,-0.25463440512918933,-2.9013743666904026e-05,11.495758860596307,2.907872356981467,0.73598754519492,,,
R2,Seasonal,0.9247273796045534,0.9957168409752339,0.9234535273206232,12,12,12.0,24.0,500,0.0,0.0,21.29145113840696,9.586936890144132,1.4789454232869048,,,
R3,Stationary_AR,0.3086420375075477,0.6277331514128696,0.6921772754671249,None,33,,,500,0.0,0.0,0.0,0.0,5.0,0.6196086842073992,,
R4,Trending_RandomWalkDrift,0.9996553772381989,0.5860882547620503,0.8778010851974294,None,24,,,500,,,0.0,0.0,1.1912358155027853,,,-0.3269552697744237
R1,Composite,0.9993817911814475,0.9940968441644453,0.7162396275359841,24,24,24.0,48.0,500,0.30998930048062784,-4.629701444875957e-05,18.707584399082652,3.736047674371919,1.3757544128408628,,,
R2,Seasonal,0.7029639243722332,0.992298779849109,0.7791137813473753,24,24,24.0,48.0,500,0.0,0.0,20.22368496752039,5.699210464690335,1.7317197908855637,,,
R3,Stationary_WN,0.4544593789475575,0.1637035872919308,0.42669269753805217,None,3,,,500,0.0,0.0,0.0,0.0,6.509428186162335,,,
R4,Trending_MeanShift,0.9999173663961287,0.9996704824468904,0.011029211487730617,None,250,,,500,,,0.0,0.0,1.206368207924588,,250.0,
R1,Composite,0.9991548314615031,0.9914768634762301,0.9201020061409863,48,50,48.0,96.0,500,-0.13254120360598834,-3.094666590154316e-05,9.635178755279854,4.987121827572865,0.9032764688882505,,,
R2,Seasonal,0.9802110052931347,0.9986130848756773,0.9842547011442551,48,50,48.0,96.0,500,0.0,0.0,17.835350179343244,8.99677495977983,0.7012387747858023,,,
R3,Stationary_AR,0.2258415687700115,0.6752112337870722,0.7038498725727221,None,42,,,500,0.0,0.0,0.0,0.0,5.0,0.6622780441814695,,
R4,Trending_MeanShift,0.9999684131820582,0.9998731221048826,0.0,None,250,,,500,,,0.0,0.0,0.5276316285387315,,250.0,
R1,Composite,0.9967222261509665,0.9962762318520224,0.6227238319075264,12,12,12.0,24.0,500,-0.10831309602739071,-3.456415250098759e-05,24.293652813438392,2.545558380983564,1.423742141589241,,,
R2,Seasonal,0.9675491255349976,0.9947531643853367,0.9651117416529338,12,12,12.0,24.0,500,0.0,0.0,15.253390753087924,11.612755360017351,1.231872292094115,,,
R3,Stationary_AR,0.2840787825547483,0.7049683550532957,0.7829726028746133,None,83,,,500,0.0,0.0,0.0,0.0,5.0,0.6767507957860657,,
R4,Trending_MeanShift,0.9992586789622203,0.9969928720306375,0.0,None,250,,,500,,,0.0,0.0,1.1489561857555448,,250.0,
R1,Composite,0.9998369367889027,0.9976677110059008,0.9409114453370101,24,24,24.0,48.0,500,0.2903964746175756,3.1594079395903605e-05,16.381380140708366,5.7815178273654615,0.8703232993386714,,,
R2,Seasonal,0.9539190492228211,0.9987208694943779,0.9651386179872905,24,24,24.0,48.0,500,0.0,0.0,22.33986526532793,7.848321260926188,0.8030925327929648,,,
R3,Stationary_WN,0.2062405749854075,0.3235723163685914,0.27557614690280274,None,7,,,500,0.0,0.0,0.0,0.0,12.588783836688837,,,
R4,Trending_RandomWalkDrift,0.9995062784972222,0.7368554136580598,0.8600981076168811,None,24,,,500,,,0.0,0.0,0.9663709779269265,,,0.34647967545727504
R1,Composite,0.9997869203175829,0.9942018038396618,0.8003657568521605,12,12,12.0,24.0,500,-0.2936867381169942,-1.5513017494768026e-05,11.772338644090901,3.3786454697044404,0.9796919650469574,,,
R2,Seasonal,0.9688143800695195,0.995930897035012,0.966614628791231,12,12,12.0,24.0,500,0.0,0.0,11.948347156141491,8.278899153871025,0.7769828946494985,,,
R3,Stationary_AR,0.2624357500753184,0.45097194615624336,0.5760274639224345,None,24,,,500,0.0,0.0,0.0,0.0,5.0,0.4140767187988826,,
R4,Trending_ExponentialGrowth,0.9923617262527793,0.33643617571430207,0.3021378257959879,None,24,,,500,,,0.0,0.0,1.3728526135036356,,,
R1,Composite,0.9995346018552861,0.9953205425294637,0.8886378975730752,24,24,24.0,48.0,500,-0.2741285226971818,-3.483550108503044e-05,18.440054606859803,6.701108644890336,1.4062640916240456,,,
R2,Seasonal,0.9824737080030849,0.998258810148561,0.9863134810567339,24,24,24.0,48.0,500,0.0,0.0,12.64394604920261,8.53933596825537,0.5640526988628061,,,
R3,Stationary_AR,0.39868151514991723,0.5518201543017105,0.5799098726418074,None,16,,,500,0.0,0.0,0.0,0.0,5.0,0.5155816982629431,,
R4,Trending_ExponentialGrowth,0.993707942016025,0.35606660825953484,0.2883846602534047,None,24,,,500,,,0.0,0.0,1.4791408143991367,,,
R1,Composite,0.997232053972709,0.9922963790101288,0.8849188036988442,48,50,48.0,96.0,500,-0.11364085463576266,1.4221719960639227e-05,13.369342295301806,4.47132065068607,1.1220495612073105,,,
R2,Seasonal,0.9393008181097958,0.9956886367461236,0.9554929268936525,48,50,48.0,96.0,500,0.0,0.0,13.879357769208273,7.151556068170254,0.9854836600877701,,,
R3,Stationary_WN,0.2767677635019443,0.29755277404416625,0.3447162191624332,None,6,,,500,0.0,0.0,0.0,0.0,5.294829467363133,,,
R4,Trending_RandomWalkDrift,0.909274486987579,0.7575526041863831,0.0,None,250,,,500,,,0.0,0.0,0.8651981653152924,,,-0.23335730810743566
R1,Composite,0.9999424038606461,0.9984007662842328,0.9755543518488927,36,36,36.0,72.0,500,-0.3931053664361649,1.229136328504164e-05,15.091098109793524,7.279216411183204,0.604586636327835,,,
R2,Seasonal,0.953680570796451,0.9990970000778291,0.9625033947898458,36,36,36.0,72.0,500,0.0,0.0,19.84655737551626,5.642337389733647,0.6033733779785828,,,
R3,Stationary_WN,0.17310383717149258,0.3796321356075172,0.26111889079148354,None,9,,,500,0.0,0.0,0.0,0.0,6.735257695737391,,,
R4,Trending_RandomWalkDrift,0.9967618726419527,0.7763779294416486,0.0,None,250,,,500,,,0.0,0.0,1.4425126344518293,,,-0.4477627492503852
R1,Composite,0.9999422788100406,0.9978445332404299,0.883287562996006,24,24,24.0,48.0,500,-0.3846593628545215,-1.7829609297265495e-05,12.924984639963272,2.992692337941621,0.7086309251482329,,,
R2,Seasonal,0.524703990500426,0.9906041233246029,0.7082553369375317,24,24,24.0,48.0,500,0.0,0.0,16.381011755461515,4.064051470757651,1.5710104918499086,,,
R3,Stationary_WN,0.4831636112619796,0.09966037154086749,0.22315763980804426,None,2,,,500,0.0,0.0,0.0,0.0,11.105753708447507,,,
R4,Trending_ExponentialGrowth,0.9801998118772489,0.3644907594915282,0.28278546781203173,None,24,,,500,,,0.0,0.0,1.411142594572981,,,
R1,Composite,0.9989474557716458,0.9964089664026503,0.9151991764086701,48,50,48.0,96.0,500,0.15656729601980948,-2.6513122616837848e-05,17.05667886254237,3.9698325639199528,0.7628544983571764,,,
R2,Seasonal,0.03417033198195085,0.9939058702245,0.768200770503564,48,100,48.0,96.0,500,0.0,0.0,14.187280431067986,10.44397487297392,1.4954441572827093,,,
R3,Stationary_AR,0.3762050434003905,0.38842494726994414,0.489876417668871,None,19,,,500,0.0,0.0,0.0,0.0,5.0,0.6064937903717325,,
R4,Trending_RandomWalkDrift,0.9992223599528266,0.6322851304593717,0.8550273358158977,None,24,,,500,,,0.0,0.0,1.194007257265361,,,-0.17322537647375952
R1,Composite,0.998518932048048,0.9940732942757384,0.8587440794953394,12,12,12.0,24.0,500,-0.13342837856566392,-2.8743420641944466e-05,15.20233732363388,5.537169881102231,1.222398815274731,,,
R2,Seasonal,0.6061989887062009,0.9907668852861213,0.6799078624387777,12,12,12.0,24.0,500,0.0,0.0,17.346144425455392,4.071404976898834,1.874229055616865,,,
R3,Stationary_WN,0.15555891846486947,0.3903630205423758,0.3599236799975375,None,10,,,500,0.0,0.0,0.0,0.0,6.877348367077221,,,
R4,Trending_MeanShift,0.9998873229004287,0.9995546343313918,0.0,None,250,,,500,,,0.0,0.0,0.6596731013830535,,250.0,
R1,Composite,0.9994810614052385,0.986092119583311,0.7029638279208474,48,50,48.0,96.0,500,0.3077592190094173,1.714708764908606e-05,12.92119262325788,2.40482367907501,1.3703802234462326,,,
R2,Seasonal,0.9708855623127356,0.9984311884608658,0.9773882004561721,48,50,48.0,96.0,500,0.0,0.0,22.169837377235556,9.773496538929859,0.904632595031531,,,
R3,Stationary_AR,0.2897854890390146,0.5129886114893931,0.48034422532314225,None,12,,,500,0.0,0.0,0.0,0.0,5.0,0.4071819873249323,,
R4,Trending_RandomWalkDrift,0.9988687669428636,0.7151361270879368,0.8725164135690429,None,24,,,500,,,0.0,0.0,1.159033610445623,,,-0.12254686804381616
R1,Composite,0.9978785417642135,0.995796167220197,0.7462721234754465,12,12,12.0,24.0,500,0.17835913886255345,-4.471727180178581e-05,22.571024913148033,4.67281303055514,1.45591275960316,,,
R2,Seasonal,0.7893360631655443,0.9943313914540176,0.7978579601202689,12,12,12.0,24.0,500,0.0,0.0,26.83212409141452,7.594594096193029,1.8670768931524608,,,
R3,Stationary_AR,0.10373379073296052,0.7114392289953396,0.6461661494392984,None,83,,,500,0.0,0.0,0.0,0.0,5.0,0.6292790351029173,,
R4,Trending_MeanShift,0.99997755162516,0.9999104911479124,0.2656135840957393,None,250,,,500,,,0.0,0.0,0.8872027625749349,,250.0,
R1,Composite,0.9983767757717139,0.9952119162155979,0.9471909775442986,48,50,48.0,96.0,500,-0.11689751543014286,4.2801758014380105e-05,11.51391955984658,5.603575318987056,0.7975898223889499,,,
R2,Seasonal,0.6689405147901356,0.9969728563084197,0.8900717672324796,48,50,48.0,96.0,500,0.0,0.0,24.963428049577878,4.095909557303806,1.00982068535057,,,
R3,Stationary_WN,0.5728215102501841,0.11512607895179339,0.22766853498134565,None,2,,,500,0.0,0.0,0.0,0.0,7.961759665942014,,,
R4,Trending_RandomWalkDrift,0.7324192282640329,0.5241203421320799,0.0,None,250,,,500,,,0.0,0.0,1.0865333257037597,,,-0.13620206464920198
R1,Composite,0.9997183954809822,0.9814839041727882,0.6516140705320801,24,24,24.0,48.0,500,-0.37295071878948993,-1.583347286705196e-05,9.400615135599818,2.5730001543073358,1.2399361867059975,,,
R2,Seasonal,0.9643179680477375,0.9979849025016733,0.9725537066636607,24,24,24.0,48.0,500,0.0,0.0,15.643736821219782,7.963331292231992,0.8006333852774518,,,
R3,Stationary_WN,0.5078408952088174,0.12648002133815728,0.21650600355113803,None,2,,,500,0.0,0.0,0.0,0.0,11.038135752666435,,,
R4,Trending_RandomWalkDrift,0.9994539409384363,0.7682638071829822,0.8817451841227026,None,24,,,500,,,0.0,0.0,0.707157398784571,,,0.4879770236682316
R1,Composite,0.9999015178713944,0.9977181317230724,0.9689749879185965,12,12,12.0,24.0,500,0.28673827549972347,4.7710683637058634e-05,13.050944885504048,7.039761645052422,0.6993698226439753,,,
R2,Seasonal,0.9561602303726796,0.9994357441218752,0.9535139138739089,12,12,12.0,24.0,500,0.0,0.0,29.011483510536824,6.193923839341411,0.7490461950719911,,,
R3,Stationary_WN,0.4268070726333614,0.28030184327846475,0.33056589932720204,None,3,,,500,0.0,0.0,0.0,0.0,13.549976669774553,,,
R4,Trending_MeanShift,0.9998583142227747,0.999431571644336,0.0,None,250,,,500,,,0.0,0.0,0.7520677568219745,,250.0,
R1,Composite,0.9998055722048718,0.9958910966794774,0.9113763133047692,36,36,36.0,72.0,500,-0.21121598632124833,-3.77759614850754e-05,10.250332825568396,3.919919354523503,0.6456255581392977,,,
R2,Seasonal,0.6836487012791737,0.9922938033328642,0.7819311808376461,36,36,36.0,72.0,500,0.0,0.0,16.88684616466139,4.7376542733820735,1.5926373473512627,,,
R3,Stationary_AR,0.08408415921974366,0.3378544302707652,0.47354015552508777,None,38,,,500,0.0,0.0,0.0,0.0,5.0,0.4877867667587802,,
R4,Trending_RandomWalkDrift,0.9946478698931173,0.880584648944868,0.8528706053000563,None,250,,,500,,,0.0,0.0,0.8789433367211554,,,-0.3929059895151913
R1,Composite,0.9996091874715017,0.9973786028232405,0.8126151602822306,12,12,12.0,24.0,500,0.22163284414353945,-4.360030509906258e-05,15.721751724564687,3.1323988178803477,0.8218162882209293,,,
R2,Seasonal,0.9660371354588405,0.9982885834639038,0.9619838172724636,12,12,12.0,24.0,500,0.0,0.0,13.54027799412615,5.714509458322798,0.5040615838358304,,,
R3,Stationary_AR,0.08346874600193022,0.5128506939946382,0.6059686889603393,None,50,,,500,0.0,0.0,0.0,0.0,5.0,0.5513106601365838,,
R4,Trending_ExponentialGrowth,0.9989138111937541,0.3418646249246692,0.386608985694723,None,24,,,500,,,0.0,0.0,0.5587016545472954,,,
R1,Composite,0.9997887046172119,0.9949263723351681,0.854714961226838,24,24,24.0,48.0,500,0.36747790335720043,-4.311914131835649e-05,14.206580087096427,4.424163997674319,1.0666650037760577,,,
R2,Seasonal,0.9245238557077571,0.9977255604811616,0.9409479508211112,24,24,24.0,48.0,500,0.0,0.0,27.896617641772917,9.94261028424089,1.3854943848566728,,,
R3,Stationary_WN,0.3068379468306023,0.33480388493722246,0.30121095235825757,None,6,,,500,0.0,0.0,0.0,0.0,10.64478924008596,,,
R4,Trending_MeanShift,0.9999692615509024,0.9998773759506075,0.0,None,250,,,500,,,0.0,0.0,0.676491437657418,,250.0,
R1,Composite,0.9961255291807671,0.994539123253999,0.8802853543660084,24,24,24.0,48.0,500,-0.14249879476391858,4.320616171524972e-05,20.547507959583825,7.368752300104838,1.4148257789337353,,,
R2,Seasonal,0.9007022685674283,0.9968918390806922,0.9286636714631622,24,24,24.0,48.0,500,0.0,0.0,17.903219241774583,6.6462400833505155,1.1079546958731676,,,
R3,Stationary_AR,0.042158918527580025,0.5370824825722127,0.617594354557774,None,62,,,500,0.0,0.0,0.0,0.0,5.0,0.45033356931776725,,
R4,Trending_MeanShift,0.9995587468109843,0.9982861390293536,0.0,None,250,,,500,,,0.0,0.0,0.6274468467973937,,250.0,
R1,Composite,0.9968880472866112,0.9776592834994929,0.6464012997839499,12,12,12.0,24.0,500,-0.12783743811958992,1.7607804089777946e-05,9.033260884604442,2.760250457979455,1.3371531397424976,,,
R2,Seasonal,0.956450930308005,0.9992530732125486,0.9522463225893203,12,12,12.0,24.0,500,0.0,0.0,24.44211947734221,5.950688562010644,0.6995174773137514,,,
R3,Stationary_AR,0.38617045511819215,0.5852351511276157,0.7034825420806395,None,29,,,500,0.0,0.0,0.0,0.0,5.0,0.6354041943660872,,
R4,Trending_MeanShift,0.9999567635826309,0.9998269779527875,0.0819591773093824,None,250,,,500,,,0.0,0.0,0.6787006051075453,,250.0,
R1,Composite,0.9999299878348157,0.9981944101353077,0.911074884716557,48,50,48.0,96.0,500,0.29379543118884244,-1.1641886812580952e-05,12.069116534217118,2.2409310825590034,0.5247434307428648,,,
R2,Seasonal,0.4708483710954112,0.9794323759999095,0.7090746238087321,48,50,48.0,96.0,500,0.0,0.0,17.128300938087307,4.352045493156225,1.9958952577761253,,,
R3,Stationary_WN,0.013749803258311988,0.572991726206703,0.4631083423082847,None,125,,,500,0.0,0.0,0.0,0.0,9.350086281570668,,,
R4,Trending_MeanShift,0.9999894097979047,0.9999576416842056,0.23761832809767836,None,250,,,500,,,0.0,0.0,0.5588222277708395,,250.0,
R1,Composite,0.998119027170002,0.9884393075569586,0.8902008861030606,48,50,48.0,96.0,500,0.16926736856071378,-2.048353509284298e-05,13.776600091637956,7.1367176087256565,1.4389929092857026,,,
R2,Seasonal,0.9422118952492217,0.998314010518708,0.960202466691912,48,50,48.0,96.0,500,0.0,0.0,13.343085107678256,4.314305910714455,0.5629930365264633,,,
R3,Stationary_WN,0.20826019153813058,0.39939646613290414,0.3999870786660811,None,14,,,500,0.0,0.0,0.0,0.0,13.568590163651919,,,
R4,Trending_ExponentialGrowth,0.9981157790274584,0.4219156171344626,0.4527892796709918,None,24,,,500,,,0.0,0.0,1.469802221446637,,,
R1,Composite,0.998759510758849,0.9945324048657213,0.8502988979189883,36,36,36.0,72.0,500,0.15512177499548932,1.6056546238882858e-05,15.650494525845986,4.8759159635582625,1.2547099798264172,,,
R2,Seasonal,0.8606449046627798,0.9912524502343414,0.9024611333200395,36,36,36.0,72.0,500,0.0,0.0,19.331666283693203,9.849817876030146,1.9785902424064503,,,
R3,Stationary_WN,0.1904699290013926,0.37689417970997274,0.34694932994252015,None,10,,,500,0.0,0.0,0.0,0.0,5.76936205550173,,,
R4,Trending_MeanShift,0.9988158960118916,0.9950496912124489,0.0,None,250,,,500,,,0.0,0.0,1.3774293079387119,,250.0,
R1,Composite,0.9987291468104382,0.9947967966577094,0.828347992578401,48,50,48.0,96.0,500,0.18425949414552042,-2.2556830974143532e-05,18.41096971872457,3.449429537429322,1.2419569799727737,,,
R2,Seasonal,0.8044523888791786,0.9905359512395088,0.8783496384568047,48,50,48.0,96.0,500,0.0,0.0,14.512196325496546,5.896348566260777,1.413595798795438,,,
R3,Stationary_AR,0.3991256250873967,0.3166258333791233,0.39218727540775655,None,8,,,500,0.0,0.0,0.0,0.0,5.0,0.5052142154761853,,
R4,Trending_RandomWalkDrift,0.17706989111248062,0.0,0.0,None,167,,,500,,,0.0,0.0,1.4043015527238465,,,-0.41514630064290736
R1,Composite,0.9994292061176276,0.9937648770767138,0.8880753450452188,48,50,48.0,96.0,500,-0.3637482247554227,2.9939763572448426e-05,22.80459567684911,5.467826388135857,1.3768081370407965,,,
R2,Seasonal,0.9826316928003145,0.999204242650677,0.9871841885819812,48,50,48.0,96.0,500,0.0,0.0,27.24730950011822,11.342814846011873,0.8240619668820757,,,
R3,Stationary_WN,0.2700429970603275,0.3623213416075729,0.3125083585007854,None,6,,,500,0.0,0.0,0.0,0.0,6.946460191586839,,,
R4,Trending_RandomWalkDrift,0.9995639120714677,0.5450389830012392,0.8291713656006117,None,24,,,500,,,0.0,0.0,1.4509894792147433,,,0.36578309906707174
R1,Composite,0.9978979833054294,0.9959606444162526,0.7919352806941298,12,12,12.0,24.0,500,-0.12021489100364757,2.1408196768788298e-05,16.46952001461468,3.3465167599074226,0.9944254195242741,,,
R2,Seasonal,0.9575193278066364,0.9988750124076691,0.9544336672925767,12,12,12.0,24.0,500,0.0,0.0,17.4048852644761,5.3767535495603,0.6477073614081318,,,
R3,Stationary_WN,0.517064146851733,0.11984280285576421,0.22833280600107086,None,2,,,500,0.0,0.0,0.0,0.0,13.026242989626258,,,
R4,Trending_ExponentialGrowth,0.9987418644366057,0.33558752420907645,0.3175600317013715,None,24,,,500,,,0.0,0.0,1.3799926991917366,,,
R1,Composite,0.9998404797583883,0.9964477980687967,0.9010326860140523,24,24,24.0,48.0,500,-0.34923657130054647,-2.0108757762123778e-05,15.276321353983539,5.147115527258962,0.9468273605390363,,,
R2,Seasonal,0.8591641075862427,0.9964075925847102,0.8998161225580105,24,24,24.0,48.0,500,0.0,0.0,14.490009853048571,4.7073928226348505,0.8763479381080552,,,
R3,Stationary_WN,0.11034815196096881,0.32283399513222977,0.2538807188246751,None,20,,,500,0.0,0.0,0.0,0.0,10.236372340929748,,,
R4,Trending_ExponentialGrowth,0.997374456502413,0.46287534002174424,0.41256311577984517,None,24,,,500,,,0.0,0.0,1.152970332871012,,,
R1,Composite,0.9996790906433461,0.9977278178006963,0.9255739355254536,12,12,12.0,24.0,500,-0.22287395341996635,-2.7232474209547416e-05,18.249179524874165,6.059147338118414,0.9251896132891432,,,
R2,Seasonal,0.9741728185476455,0.9983745242437654,0.972043983056264,12,12,12.0,24.0,500,0.0,0.0,19.570750318342718,9.380124851921387,0.82437167044468,,,
R3,Stationary_WN,0.17111557095780727,0.3849561155162683,0.25367952043556075,None,11,,,500,0.0,0.0,0.0,0.0,8.68543756268055,,,
R4,Trending_ExponentialGrowth,0.998305415336552,0.40584200359944533,0.35444859175659094,None,24,,,500,,,0.0,0.0,0.636910032942469,,,
R1,Composite,0.999846260853479,0.9989967369203864,0.9249742857140969,36,36,36.0,72.0,500,-0.21737316054940475,-4.2571379657842975e-05,19.21815038011011,3.937967662882688,0.6958226784286239,,,
R2,Seasonal,0.7250233032903144,0.9894815479148239,0.8139397187856552,36,36,36.0,72.0,500,0.0,0.0,15.984478683192636,6.1720678823790625,1.850642506721497,,,
R3,Stationary_WN,0.5339210835649841,0.20408209568924873,0.22587405574185537,None,2,,,500,0.0,0.0,0.0,0.0,6.42033134759747,,,
R4,Trending_RandomWalkDrift,0.9828892820305758,0.9025538514744033,0.791774881870529,None,125,,,500,,,0.0,0.0,1.0128259935704036,,,0.16567203069296382
R1,Composite,0.999188001516297,0.9887814549430147,0.9112651304963378,12,12,12.0,24.0,500,-0.18783481374132305,4.4146926673593045e-05,8.883218501712077,6.119679723321384,1.0303144667688153,,,
R2,Seasonal,0.8451914885757893,0.9952906646040743,0.8455731845503727,12,12,12.0,24.0,500,0.0,0.0,28.71504149236608,8.795699100676213,1.982511287029266,,,
R3,Stationary_WN,0.12480528736566987,0.37671725966708236,0.3063466625078457,None,15,,,500,0.0,0.0,0.0,0.0,11.60085215187492,,,
R4,Trending_RandomWalkDrift,0.9993797717069868,0.7974971666172675,0.8363830609909533,None,24,,,500,,,0.0,0.0,0.8407219088965702,,,0.4146227113731794
R1,Composite,0.9998229426423266,0.9970893022909099,0.9328375406504962,12,12,12.0,24.0,500,-0.2654333837047294,-3.352933710549148e-05,14.222456120761153,5.702679577384086,0.7888036249820406,,,
R2,Seasonal,0.6538244739388034,0.995518417340209,0.7349932909668477,12,12,12.0,24.0,500,0.0,0.0,28.194013977862387,5.544956372163481,1.965743969294803,,,
R3,Stationary_WN,0.2344940094414092,0.32837836209720683,0.36258095442286653,None,8,,,500,0.0,0.0,0.0,0.0,12.787175725268362,,,
R4,Trending_ExponentialGrowth,0.9916154913914984,0.3891783202086059,0.3311742865709696,None,24,,,500,,,0.0,0.0,1.0700974529457135,,,
R1,Composite,0.9997930430173101,0.99515873505934,0.840698686739745,24,24,24.0,48.0,500,0.26420248599165064,3.579026251202315e-05,11.616662220166905,3.2138241506550536,0.8193363184302025,,,
R2,Seasonal,0.9163373294578254,0.9995604577315695,0.9371311584117249,24,24,24.0,48.0,500,0.0,0.0,29.504110414642664,4.409322824777299,0.6731561091901466,,,
R3,Stationary_WN,0.41877476184477735,0.22466280313867237,0.3130813541115457,None,3,,,500,0.0,0.0,0.0,0.0,10.1857711596656,,,
R4,Trending_ExponentialGrowth,0.9830178935461826,0.264522604202721,0.2769076185769903,None,24,,,500,,,0.0,0.0,0.9814993403615733,,,
R1,Composite,0.999525155217939,0.996857090255252,0.8581550971402963,12,12,12.0,24.0,500,0.2572464786942712,-1.1962761678641032e-05,19.982018363935925,5.164630523602961,1.2788028861306227,,,
R2,Seasonal,0.9604626004163108,0.9984622227561398,0.9569763270369043,12,12,12.0,24.0,500,0.0,0.0,24.81506204530156,9.131289651025032,1.0699544889804984,,,
R3,Stationary_AR,0.08811669080074003,0.41247085771472913,0.5115986628251348,None,36,,,500,0.0,0.0,0.0,0.0,5.0,0.4774697787258085,,
R4,Trending_ExponentialGrowth,0.99838282773538,0.39845514428561246,0.39715721871633347,None,24,,,500,,,0.0,0.0,0.5161400487141875,,,
R1,Composite,0.9984081731994171,0.9984592632218742,0.891511196699443,24,24,24.0,48.0,500,-0.12115922260121346,4.984468756622726e-05,19.803779634223794,4.01877468487078,0.8276284097137891,,,
R2,Seasonal,0.9216023529817209,0.9971830433273076,0.9396788022303338,24,24,24.0,48.0,500,0.0,0.0,11.707208743805156,4.582485767995759,0.6737604765885069,,,
R3,Stationary_AR,0.08682720875142769,0.6525358309957556,0.5132088053139802,None,167,,,500,0.0,0.0,0.0,0.0,5.0,0.487016164209714,,
R4,Trending_RandomWalkDrift,0.978980015133518,0.5970226333303932,0.06891536370763984,None,250,,,500,,,0.0,0.0,0.9917199278740508,,,-0.3209401001640107
R1,Composite,0.999805329101778,0.9852340833366217,0.8695012666717864,48,50,48.0,96.0,500,-0.3992672174843459,1.361562961998493e-05,9.038289132274345,4.818050304195049,1.1994238329117328,,,
R2,Seasonal,0.5589410688464777,0.9940205857633448,0.8152454702014605,48,50,48.0,96.0,500,0.0,0.0,25.975412056380584,4.736582398412921,1.6610900946798615,,,
R3,Stationary_AR,0.34806364363979003,0.5794050792016593,0.6106728899217756,None,29,,,500,0.0,0.0,0.0,0.0,5.0,0.6764935293118159,,
R4,Trending_MeanShift,0.9999602494435851,0.9998407426304723,0.0,None,250,,,500,,,0.0,0.0,0.5669505268005155,,250.0,
R1,Composite,0.9998870327006962,0.9973916061396716,0.9827444188979888,36,36,36.0,72.0,500,0.26880528618404664,-3.3463376855810475e-05,10.59986481653992,7.850513867145201,0.5170466668793583,,,
R2,Seasonal,0.04117305934313331,0.9978734454696659,0.4553809289302517,36,71,36.0,72.0,500,0.0,0.0,11.808480897914231,11.529840003641631,0.7959562730797014,,,
R3,Stationary_WN,0.23962196345284947,0.3275820483492705,0.24687301852331323,None,6,,,500,0.0,0.0,0.0,0.0,10.319220295689682,,,
R4,Trending_ExponentialGrowth,0.9977649114645132,0.3578396545992558,0.3848929854777777,None,24,,,500,,,0.0,0.0,1.4777398648327404,,,
R1,Composite,0.9996357572048524,0.9981533311715269,0.7626003897658014,24,24,24.0,48.0,500,-0.22805203121970175,4.864068294994933e-05,18.37232522313706,2.4820165807783225,0.7378939794613638,,,
R2,Seasonal,0.9752810640348318,0.999239218567622,0.9807448559036684,24,24,24.0,48.0,500,0.0,0.0,28.084905817216132,10.395504987145266,0.7529495371850004,,,
R3,Stationary_WN,0.08051321280334012,0.34992630633551014,0.36861058010737446,None,29,,,500,0.0,0.0,0.0,0.0,10.240741014587833,,,
R4,Trending_MeanShift,0.9994034563722004,0.997438757427951,0.0,None,250,,,500,,,0.0,0.0,1.1011615114629574,,250.0,
R1,Composite,0.9998459032854112,0.9982720091608287,0.9249878278212843,36,36,36.0,72.0,500,-0.36848187313407055,-2.284738836043926e-05,23.125038125679076,6.318930262241819,1.0094310272009575,,,
R2,Seasonal,0.7355812868366647,0.9856361680367322,0.8322128992701758,36,36,36.0,72.0,500,0.0,0.0,13.335930694774778,6.074363662405938,1.7913798137553663,,,
R3,Stationary_AR,0.17644555787128524,0.4098927638990083,0.5617276157065441,None,42,,,500,0.0,0.0,0.0,0.0,5.0,0.48938689428859083,,
R4,Trending_MeanShift,0.9997179107359632,0.9988685431624461,0.0,None,250,,,500,,,0.0,0.0,1.0714630906438227,,250.0,
R1,Composite,0.9993192651924242,0.9921036904573108,0.7582383291882601,12,12,12.0,24.0,500,0.16256600552946937,4.993621578660315e-05,11.072304521846227,3.1768304385935986,1.0968122196059555,,,
R2,Seasonal,0.07034594774362501,0.9980475559571996,0.26233583248405723,12,24,12.0,24.0,500,0.0,0.0,12.64005574700763,11.527137099728032,0.7574127770260428,,,
R3,Stationary_WN,0.4942593956979322,0.2659278022454753,0.33015377341636587,None,3,,,500,0.0,0.0,0.0,0.0,8.42865694111698,,,
R4,Trending_MeanShift,0.9998193939464118,0.9992846199618702,0.0,None,250,,,500,,,0.0,0.0,0.7292695210734215,,250.0,
R1,Composite,0.9995549316611622,0.9968040094062651,0.9815667376529746,48,50,48.0,96.0,500,-0.1169486746689135,-1.8395822383896136e-05,9.613583389285337,6.847022771672254,0.5946630027997681,,,
R2,Seasonal,0.9635616143574073,0.9990354570654363,0.9743390946113591,48,50,48.0,96.0,500,0.0,0.0,16.46902118034242,5.087722150614985,0.5191158399056853,,,
R3,Stationary_AR,0.1987591539022714,0.5303125715336037,0.6888389277913881,None,62,,,500,0.0,0.0,0.0,0.0,5.0,0.6870688316280347,,
R4,Trending_ExponentialGrowth,0.9982961655238388,0.41005640854254766,0.4214060729189617,None,24,,,500,,,0.0,0.0,1.2014140366688135,,,
R1,Composite,0.9998101073817968,0.9912928923399429,0.8864168198660269,24,24,24.0,48.0,500,0.31938142255011726,-1.458690840002562e-05,9.013477784761672,4.448007767122519,1.017034297800044,,,
R2,Seasonal,0.9075678027800969,0.9873788099177185,0.9313227317285597,24,24,24.0,48.0,500,0.0,0.0,14.203504960188727,11.34243986836914,1.8061479560813618,,,
R3,Stationary_WN,0.47642071783770545,0.22614395747581384,0.26499755240309153,None,3,,,500,0.0,0.0,0.0,0.0,13.398932056423908,,,
R4,Trending_RandomWalkDrift,0.9954594307377446,0.5714299716394475,0.0,None,250,,,500,,,0.0,0.0,0.7526606751574968,,,0.39387706648377374
R1,Composite,0.9998431261944206,0.998369828123358,0.8632492561262195,24,24,24.0,48.0,500,-0.20640750804245933,3.158468318919798e-05,11.925200324123928,2.0933738554764303,0.5179707662727445,,,
R2,Seasonal,0.9318666004488357,0.9973078834270663,0.9474091514856022,24,24,24.0,48.0,500,0.0,0.0,20.498066712115936,8.545473427314725,1.2099695618542883,,,
R3,Stationary_AR,0.3171767292684452,0.47505317566117533,0.6372823903231029,None,26,,,500,0.0,0.0,0.0,0.0,5.0,0.6047792101729255,,
R4,Trending_ExponentialGrowth,0.9979907051639727,0.3704651786853588,0.3525274175642765,None,24,,,500,,,0.0,0.0,0.8317651690352582,,,
R1,Composite,0.9996524640352067,0.998048332904242,0.9732139386752627,24,24,24.0,48.0,500,-0.16372010253195152,-3.427496548348826e-05,15.221651756836675,7.76672557892444,0.7118365498429862,,,
R2,Seasonal,0.9348692830044674,0.9952492804281896,0.9508260803020576,24,24,24.0,48.0,500,0.0,0.0,19.919845413548803,11.569685629969744,1.5494547790263815,,,
R3,Stationary_WN,0.32544207382152457,0.25286529834697136,0.22676426355980372,None,6,,,500,0.0,0.0,0.0,0.0,11.392128310762246,,,
R4,Trending_RandomWalkDrift,0.9997295076748445,0.6246614492775027,0.8569227028056948,None,24,,,500,,,0.0,0.0,1.1923086281840236,,,0.38355306345858364
R1,Composite,0.9999071891812412,0.9970677296734779,0.9619902431404671,24,24,24.0,48.0,500,-0.33775099637675265,-3.470626835988411e-05,12.492812632698094,6.489678321138234,0.7979151415515625,,,
R2,Seasonal,0.8557239444609422,0.9978698655091859,0.9020812301474347,24,24,24.0,48.0,500,0.0,0.0,26.249386526882144,6.665172170963671,1.2826507952223898,,,
R3,Stationary_AR,0.0001765578037709048,0.02448358953510632,0.0,None,167,,,500,0.0,0.0,0.0,0.0,5.0,0.444523565766621,,
R4,Trending_RandomWalkDrift,0.9895045643427196,0.8909773117537058,0.0,None,250,,,500,,,0.0,0.0,1.3910280409497786,,,0.35886693442421136
R1,Composite,0.9999236305271064,0.9979321652043545,0.9322339825103118,36,36,36.0,72.0,500,-0.32873454708874905,1.0940672660963836e-05,12.662933272470852,4.028932100989293,0.654083336880961,,,
R2,Seasonal,0.7270442727414925,0.9933466974923201,0.8171769600976883,36,36,36.0,72.0,500,0.0,0.0,21.726185226486724,6.541880792851706,1.9357359873531728,,,
R3,Stationary_WN,0.216130965421807,0.3467727054963603,0.4063698805994448,None,7,,,500,0.0,0.0,0.0,0.0,11.286947735741775,,,
R4,Trending_ExponentialGrowth,0.9881950295700312,0.37827203671379883,0.32404013255635744,None,24,,,500,,,0.0,0.0,1.2616718526828943,,,
R1,Composite,0.9998013192751121,0.9932956800788292,0.8584319827476581,48,50,48.0,96.0,500,-0.3299509122178115,-1.6637138586743972e-05,12.373941654585508,3.17977824812369,0.9801602223167233,,,
R2,Seasonal,0.815794182926547,0.9836094209516786,0.8792347556636257,48,50,48.0,96.0,500,0.0,0.0,12.365555879384617,6.9284646501862674,1.7538459914792783,,,
R3,Stationary_AR,0.08954746223840648,0.6335998146008667,0.680947865537604,None,71,,,500,0.0,0.0,0.0,0.0,5.0,0.4830971575714702,,
R4,Trending_ExponentialGrowth,0.9998179131097816,0.4289428104294929,0.3932271914503861,None,24,,,500,,,0.0,0.0,0.6203759258168187,,,
R1,Composite,0.999422161497428,0.9951549045671175,0.936314780198768,24,24,24.0,48.0,500,0.18383419247661692,4.87654192217308e-05,14.466512115547397,7.130408635051189,1.162116677330118,,,
R2,Seasonal,0.7943692490195963,0.9884895540390719,0.8568610633089728,24,24,24.0,48.0,500,0.0,0.0,15.550035032609824,7.238780597334389,1.7761582771811364,,,
R3,Stationary_AR,0.20191316331654197,0.5610942336512592,0.6684997979274494,None,50,,,500,0.0,0.0,0.0,0.0,5.0,0.5908158768056497,,
R4,Trending_RandomWalkDrift,0.9997788535092813,0.4863440333166438,0.9307492722641345,None,24,,,500,,,0.0,0.0,0.7506836174953617,,,-0.31169311399836563
R1,Composite,0.9968349275735744,0.9961636620276348,0.7880709387889641,12,12,12.0,24.0,500,-0.1262202923889727,2.1738649839303805e-05,21.23951109490401,4.8890210116834085,1.3771533744454825,,,
R2,Seasonal,0.8417984597037259,0.9985113578720209,0.8461784589284653,12,12,12.0,24.0,500,0.0,0.0,29.34722475836178,5.030841962363891,1.1904453844568206,,,
R3,Stationary_WN,0.19980669491472103,0.37450531775690055,0.38976815277685284,None,10,,,500,0.0,0.0,0.0,0.0,11.913676118164291,,,
R4,Trending_ExponentialGrowth,0.9995418681588298,0.28092854138757173,0.41421249430440943,None,24,,,500,,,0.0,0.0,0.9971185485429739,,,
R1,Composite,0.9987367215561392,0.9879498355413139,0.9239720355598542,12,12,12.0,24.0,500,0.17436728532869628,-4.1222357306246527e-05,10.066659959160779,7.517702931551483,1.2937279551403367,,,
R2,Seasonal,0.951415506081287,0.9965109241952244,0.9475898210614666,12,12,12.0,24.0,500,0.0,0.0,21.326978858267793,10.759702019610305,1.4472243170730152,,,
R3,Stationary_AR,0.28985233610097183,0.38983373677693167,0.6574385390730758,None,29,,,500,0.0,0.0,0.0,0.0,5.0,0.6623837377586859,,
R4,Trending_MeanShift,0.9998977171832373,0.9995981207625971,0.0,None,250,,,500,,,0.0,0.0,1.2187091172203848,,250.0,
R1,Composite,0.9999365903942776,0.9988760665090944,0.925993896098297,36,36,36.0,72.0,500,-0.39609570843553477,-4.022213050480206e-05,20.195698028167307,4.429891011021589,0.7169884033455998,,,
R2,Seasonal,0.8715360758384855,0.998908469437377,0.9018751590039041,36,36,36.0,72.0,500,0.0,0.0,22.842162687346633,4.179070652951279,0.8037624270550119,,,
R3,Stationary_AR,0.27588934745075444,0.47948786596704496,0.5678232810995436,None,16,,,500,0.0,0.0,0.0,0.0,5.0,0.44964753507308824,,
R4,Trending_RandomWalkDrift,0.9963877155379209,0.8219539456503115,0.9190074013357067,None,24,,,500,,,0.0,0.0,1.2181336639467326,,,-0.188153060081663
R1,Composite,0.9997531522757442,0.9964608912382459,0.9735135496141233,12,12,12.0,24.0,500,-0.20560754792089486,2.693624404416503e-05,10.470413858627726,7.6525571526403064,0.5655134611164372,,,
R2,Seasonal,0.6878176989623961,0.9944878478731118,0.747985853147171,12,12,12.0,24.0,500,0.0,0.0,19.732505800847516,4.253534494889841,1.5974444305451654,,,
R3,Stationary_AR,0.284230282031792,0.8412598477314742,0.6889660073026744,None,167,,,500,0.0,0.0,0.0,0.0,5.0,0.6993095486348568,,
R4,Trending_ExponentialGrowth,0.9970873829106889,0.36413045701665747,0.33430379694509793,None,24,,,500,,,0.0,0.0,0.7332075669295074,,,
R1,Composite,0.9991644726282389,0.9718334519641816,0.7251701441858719,48,50,48.0,96.0,500,-0.2063361158929983,-4.9396605513271426e-05,8.513200584518506,3.154742350770108,1.2667012545968634,,,
R2,Seasonal,0.7919812217196958,0.9970472609064108,0.8853263470636803,48,50,48.0,96.0,500,0.0,0.0,21.074449253680378,4.519832819182293,1.0161942471511494,,,
R3,Stationary_WN,0.20164041037925162,0.3661038694857448,0.3547136807727873,None,7,,,500,0.0,0.0,0.0,0.0,5.5446324848460335,,,
R4,Trending_MeanShift,0.9999651231461467,0.9998611077943136,0.0,None,250,,,500,,,0.0,0.0,0.6791295335430377,,250.0,
R1,Composite,0.9956579360632763,0.9954573461240542,0.8520663985893775,36,36,36.0,72.0,500,-0.10285598840061425,2.649592755580231e-05,18.210989859070118,5.04452397683618,1.3135958201928282,,,
R2,Seasonal,0.6815035738575089,0.9855021208962647,0.7755598371711537,36,36,36.0,72.0,500,0.0,0.0,11.92274650222654,4.525897717222069,1.477671638754896,,,
R3,Stationary_AR,0.04547453022327963,0.7695387204950056,0.48568668456662034,None,167,,,500,0.0,0.0,0.0,0.0,5.0,0.42420401880733893,,
R4,Trending_MeanShift,0.9998945510952848,0.9995733748978503,0.0,None,250,,,500,,,0.0,0.0,1.1329760660092936,,250.0,
R1,Composite,0.9991240072286961,0.9987387235595562,0.6987793271139738,12,12,12.0,24.0,500,-0.15628445338532698,4.232366371062305e-05,23.107179905856665,2.0093595863257123,0.8513576305187921,,,
R2,Seasonal,0.9556810364015231,0.9938769136232065,0.9529331494253626,12,12,12.0,24.0,500,0.0,0.0,15.907414161756716,11.180673455189643,1.2757169206537275,,,
R3,Stationary_AR,0.033416070283187715,0.7717068742285329,0.7913787766964759,None,125,,,500,0.0,0.0,0.0,0.0,5.0,0.6802009187198879,,
R4,Trending_ExponentialGrowth,0.9902172817820365,0.43261880675399633,0.40588988256053615,None,24,,,500,,,0.0,0.0,1.477784068062906,,,
R1,Composite,0.9961877686788827,0.9902548155330158,0.5622450542687092,12,12,12.0,24.0,500,-0.10516854004439766,-4.281579359573294e-05,16.183833820029655,2.0835275374108972,1.399912937790382,,,
R2,Seasonal,0.858266170341173,0.9926371158744796,0.8588113334935967,12,12,12.0,24.0,500,0.0,0.0,21.963132593042303,8.962523510343711,1.8860857645550309,,,
R3,Stationary_WN,0.07207403757495456,0.33591404229993593,0.3252447476197786,None,16,,,500,0.0,0.0,0.0,0.0,13.099236762726703,,,
R4,Trending_RandomWalkDrift,0.9988239253858656,0.6513005551176396,0.8663407598997953,None,24,,,500,,,0.0,0.0,0.7676550343533096,,,-0.15608688240814292
R1,Composite,0.9998423327830632,0.9958891400691052,0.9452717424445096,48,50,48.0,96.0,500,0.3190985874342156,-3.7365246852141185e-05,12.379595977200669,5.536888438665782,0.836934716059142,,,
R2,Seasonal,0.8362250928853383,0.9974097745924833,0.9055961452758932,48,50,48.0,96.0,500,0.0,0.0,29.83082830805557,7.015523091498102,1.5457398886669864,,,
R3,Stationary_WN,0.05566884745415113,0.4122394781409854,0.4071538274654213,None,22,,,500,0.0,0.0,0.0,0.0,9.822142361262662,,,
R4,Trending_RandomWalkDrift,0.9988923658789859,0.6145395756278261,0.90663888027253,None,24,,,500,,,0.0,0.0,1.275897379290961,,,0.25977756209277675
R1,Composite,0.9995226085991025,0.996705443663544,0.7543565770309161,24,24,24.0,48.0,500,-0.25207203278040846,-4.476356909382412e-05,21.0618219995796,3.3990437903643143,1.3597612184996297,,,
R2,Seasonal,0.982212042915065,0.9989343019273658,0.9860255055476593,24,24,24.0,48.0,500,0.0,0.0,17.62706066375867,9.217939450353555,0.6267717100611856,,,
R3,Stationary_WN,0.5816887635240429,0.19039013092820956,0.23905524985589188,None,2,,,500,0.0,0.0,0.0,0.0,6.656494071563817,,,
R4,Trending_RandomWalkDrift,0.9987169291042096,0.7056426224911764,0.8974989004761195,None,24,,,500,,,0.0,0.0,1.2610816753402718,,,0.40670362049181064
R1,Composite,0.9993413997437888,0.9946858843396029,0.9446832031083594,12,12,12.0,24.0,500,-0.12650612683127033,-3.461332454684764e-05,10.393154326902001,6.326936671924647,0.8412944845744408,,,
R2,Seasonal,0.8887804865647901,0.9968154967435229,0.8887684702260517,12,12,12.0,24.0,500,0.0,0.0,19.652736119820094,6.157814370181242,1.169890816668968,,,
R3,Stationary_WN,0.3789430851068102,0.2687408026689432,0.4084742657657845,None,4,,,500,0.0,0.0,0.0,0.0,6.2168601195303905,,,
R4,Trending_RandomWalkDrift,0.9996021960044106,0.6639354530328673,0.8320001818021044,None,24,,,500,,,0.0,0.0,0.7584981438355642,,,0.2556215455273074
R1,Composite,0.9999187647982323,0.9976761299428389,0.9742837200571207,12,12,12.0,24.0,500,-0.3185259228763474,-2.223137044943663e-05,12.575484881580737,7.50629526277939,0.6033942429307545,,,
R2,Seasonal,0.8554854650616932,0.9956508326691452,0.8563312833279962,12,12,12.0,24.0,500,0.0,0.0,27.256029153202434,8.465608005340792,1.7897142928264986,,,
R3,Stationary_WN,0.2047832490238678,0.38730840732627325,0.3265922388016711,None,8,,,500,0.0,0.0,0.0,0.0,8.421166592420192,,,
R4,Trending_RandomWalkDrift,0.8672881036900657,0.31545764849300306,0.0,None,250,,,500,,,0.0,0.0,1.393800510002019,,,-0.3907977343909742
R1,Composite,0.9998252331468119,0.9959193318749535,0.9564185442913826,48,50,48.0,96.0,500,-0.34245142754277336,2.3232888630137333e-05,14.140420795988515,7.13598021488593,0.9291642182579145,,,
R2,Seasonal,0.9786268244810835,0.9982903744711006,0.9834396943783362,48,50,48.0,96.0,500,0.0,0.0,20.500915538935566,11.03531937549741,0.8721538983690932,,,
R3,Stationary_AR,0.30047505927058804,0.46326712243709034,0.5776471895424282,None,16,,,500,0.0,0.0,0.0,0.0,5.0,0.6440396426784307,,
R4,Trending_ExponentialGrowth,0.998754733665559,0.42167441013559204,0.32533840512681245,None,24,,,500,,,0.0,0.0,0.5788799449116493,,,
R1,Composite,0.9997634868332719,0.9986354297986947,0.9633247481535183,48,50,48.0,96.0,500,-0.26984169532820246,4.6103394719292356e-05,21.308450490772728,6.28503960690106,0.8298209901859104,,,
R2,Seasonal,0.9317871998774098,0.9897028984434149,0.9482060462262121,48,50,48.0,96.0,500,0.0,0.0,16.17543052742508,11.813167682371507,1.7092642987263225,,,
R3,Stationary_WN,0.39622531339146594,0.1869867527224024,0.25940280599538634,None,3,,,500,0.0,0.0,0.0,0.0,7.735134851929151,,,
R4,Trending_RandomWalkDrift,0.9977570688324032,0.5730925220703844,0.8488341055366531,None,24,,,500,,,0.0,0.0,1.0979273672453893,,,-0.13335757876398616
R1,Composite,0.9994235664807027,0.996786835731039,0.9783947532725538,48,50,48.0,96.0,500,-0.1199140366924289,-1.8584330453195884e-05,11.1555225989164,7.340926698272727,0.6166424087142759,,,
R2,Seasonal,0.9751536445935152,0.9985364487026929,0.9809311190102152,48,50,48.0,96.0,500,0.0,0.0,23.940277231752063,11.079750305390819,0.8719758851405999,,,
R3,Stationary_WN,0.5372499345693039,0.1989609651595654,0.2605116912329455,None,2,,,500,0.0,0.0,0.0,0.0,11.218144672334347,,,
R4,Trending_ExponentialGrowth,0.9943839883324902,0.3664982164715913,0.3157525986058718,None,24,,,500,,,0.0,0.0,0.7163192235127046,,,
R1,Composite,0.9993802377467457,0.991521145224602,0.7734690337938066,12,12,12.0,24.0,500,-0.16188332182223353,-2.598944309610567e-05,9.731318248202692,2.9342226905929962,0.9681427836582417,,,
R2,Seasonal,0.7601950564164,0.9793663001077361,0.7642690730266385,12,12,12.0,24.0,500,0.0,0.0,12.346920335873657,5.9004143000585865,1.9087617277185074,,,
R3,Stationary_WN,0.4956797254780718,0.13759441003567374,0.2654392088022852,None,2,,,500,0.0,0.0,0.0,0.0,6.18537765315542,,,
R4,Trending_RandomWalkDrift,0.9993748649540527,0.9841762150506121,0.9527663531335056,None,125,,,500,,,0.0,0.0,1.062512164962612,,,0.4278951410257408
R1,Composite,0.9996868906469519,0.984269589824194,0.7481929146330784,48,50,48.0,96.0,500,-0.34657707473199256,4.166399374481781e-05,9.417509597190742,2.941747016205275,1.2370088499420873,,,
R2,Seasonal,0.7959960175265528,0.9875722032328984,0.8654403133766448,48,50,48.0,96.0,500,0.0,0.0,14.070632195255875,6.300130578123889,1.6166390761078482,,,
R3,Stationary_WN,0.12151683924419832,0.4045251104776606,0.308112649511476,None,16,,,500,0.0,0.0,0.0,0.0,14.70833267088251,,,
R4,Trending_MeanShift,0.9949062939634858,0.9817348234909541,0.0,None,250,,,500,,,0.0,0.0,0.5954065510664737,,250.0,
R1,Composite,0.9993399721227337,0.9943875385615113,0.7971203826914663,12,12,12.0,24.0,500,0.2602628458246248,-2.1007716726885995e-05,17.34326996772485,4.773197670461622,1.3040400066902225,,,
R2,Seasonal,0.9685176649252283,0.9984327978987517,0.9666094711797663,12,12,12.0,24.0,500,0.0,0.0,19.971582533847602,8.47024133522859,0.8021692349933615,,,
R3,Stationary_WN,0.5625183340289176,0.19050057376684515,0.28544028864360815,None,2,,,500,0.0,0.0,0.0,0.0,5.0902905557349705,,,
R4,Trending_RandomWalkDrift,0.9974847646843535,0.9662795195378447,0.9567085670801355,None,125,,,500,,,0.0,0.0,1.336896084353545,,,0.30204673991746356
R1,Composite,0.9998529566842228,0.9978699035678011,0.9364929392338467,24,24,24.0,48.0,500,0.3375338824791997,-2.0630883177975716e-05,17.446363752883077,5.719906441585597,0.8435484865069531,,,
R2,Seasonal,0.982232783841312,0.9990552588505875,0.9859611407013602,24,24,24.0,48.0,500,0.0,0.0,18.208903913843724,8.957316542692904,0.5671793236079097,,,
R3,Stationary_WN,0.30528661430314497,0.26491343042687043,0.2830132153458056,None,6,,,500,0.0,0.0,0.0,0.0,7.774012014812911,,,
R4,Trending_RandomWalkDrift,0.9997261012176757,0.6863670710303289,0.9109193409661402,None,24,,,500,,,0.0,0.0,0.7790014508155801,,,0.4614225830805393
R1,Composite,0.9998945910128999,0.9976663605719843,0.9319408865359596,48,50,48.0,96.0,500,-0.3672664396976305,-4.2515259434773234e-05,17.184362104905667,4.857756351415006,0.8886518509123116,,,
R2,Seasonal,0.974599349342547,0.9978261264217716,0.9798304632682738,48,50,48.0,96.0,500,0.0,0.0,18.43542028862756,10.201959763369416,0.8544252598671079,,,
R3,Stationary_AR,0.22776325771488204,0.5309846767055417,0.638245452575974,None,36,,,500,0.0,0.0,0.0,0.0,5.0,0.5789868568515123,,
R4,Trending_ExponentialGrowth,0.9983255128580408,0.3533407839430823,0.32156171408576484,None,24,,,500,,,0.0,0.0,0.9315170558414297,,,
R1,Composite,0.999893292984692,0.9988992319089549,0.9533931498438021,12,12,12.0,24.0,500,-0.354043827180165,-1.4900593525560778e-05,22.828758623513885,6.844409458919736,0.8743558688560764,,,
R2,Seasonal,0.9712997864555516,0.9981591638498564,0.9688732897909568,12,12,12.0,24.0,500,0.0,0.0,21.139079647514762,10.18861130570399,1.0154578954734899,,,
R3,Stationary_WN,0.5344982909367764,0.1667588046715719,0.3030903526874966,None,2,,,500,0.0,0.0,0.0,0.0,12.387081891525149,,,
R4,Trending_RandomWalkDrift,0.6619945744564923,0.909554870968711,0.0,None,250,,,500,,,0.0,0.0,1.0221328971422246,,,-0.15074848425207765
R1,Composite,0.9997426634872784,0.9889138475878311,0.6598287976232711,36,36,36.0,72.0,500,0.29572285370457085,3.724904595836648e-05,9.571825043673115,2.0314873979640256,1.0195455754179794,,,
R2,Seasonal,0.9890733096996224,0.9995763764770155,0.9908411337498391,36,36,36.0,72.0,500,0.0,0.0,24.565057609275982,10.095996193944568,0.5107120235387779,,,
R3,Stationary_WN,0.502406228232781,0.13124435565196924,0.26995816346762025,None,2,,,500,0.0,0.0,0.0,0.0,13.530033824437059,,,
R4,Trending_MeanShift,0.9936727862942648,0.9806983382991503,0.0,None,250,,,500,,,0.0,0.0,1.295473122192758,,250.0,
R1,Composite,0.9998683071912428,0.9984946539730225,0.9433843372664042,12,12,12.0,24.0,500,0.374557996816549,4.85754876657545e-05,23.9214755166254,7.50695011903332,1.0344208842722513,,,
R2,Seasonal,0.96730640299032,0.9976643577953279,0.9645239336038706,12,12,12.0,24.0,500,0.0,0.0,18.985677219726192,9.702965122862231,0.9277163971605552,,,
R3,Stationary_WN,0.4866320012251002,0.10918763226149175,0.27327537335744045,None,2,,,500,0.0,0.0,0.0,0.0,13.215738365602098,,,
R4,Trending_RandomWalkDrift,0.9993038132814095,0.6213254659087482,0.8666426709170618,None,24,,,500,,,0.0,0.0,0.7495707558891996,,,-0.15850289827933245
R1,Composite,0.9997536756316414,0.9958197932109909,0.8989737785988775,12,12,12.0,24.0,500,-0.3474842812370291,1.4267952637766844e-05,16.83201291619274,6.266176292124985,1.175401225047054,,,
R2,Seasonal,0.9815637998750928,0.9984298588863733,0.9801357197801562,12,12,12.0,24.0,500,0.0,0.0,19.45761626882933,10.828375510234757,0.7640779781643663,,,
R3,Stationary_AR,0.18702258350780532,0.5724263809745577,0.6491959881861519,None,71,,,500,0.0,0.0,0.0,0.0,5.0,0.617783769903535,,
R4,Trending_RandomWalkDrift,0.9996826077074364,0.620546251391275,0.8583767654196932,None,24,,,500,,,0.0,0.0,1.4968307320038805,,,-0.4182055365463503
R1,Composite,0.9998439064719659,0.9954572417349736,0.8783029693053416,24,24,24.0,48.0,500,-0.3417534152228977,-3.806912342191283e-05,13.329385740047208,4.412304590614339,1.0448086063897697,,,
R2,Seasonal,0.86615605068518,0.9966901421680129,0.8993295184347672,24,24,24.0,48.0,500,0.0,0.0,23.484844769471373,7.668529711349991,1.502397422702627,,,
R3,Stationary_AR,0.0636492057115492,0.5567196568688347,0.5964786653403191,None,33,,,500,0.0,0.0,0.0,0.0,5.0,0.4058780639999896,,
R4,Trending_ExponentialGrowth,0.9976280385177106,0.4213382967772923,0.3732052063057877,None,24,,,500,,,0.0,0.0,0.7579701429555877,,,
R1,Composite,0.9999267148104503,0.9991728681448598,0.9701735718776592,36,36,36.0,72.0,500,0.3579600243984584,-3.871045268045234e-05,20.564179689402202,6.404560261093869,0.6132809675309832,,,
R2,Seasonal,0.859563298494373,0.9966597049054882,0.8906955144037957,36,36,36.0,72.0,500,0.0,0.0,17.782944588243762,5.567600832459465,1.10302671093944,,,
R3,Stationary_AR,0.043331987550363715,0.5564489902699812,0.5220379475029095,None,83,,,500,0.0,0.0,0.0,0.0,5.0,0.4455758602245958,,
R4,Trending_ExponentialGrowth,0.9968471526261287,0.454075894269356,0.361694523981435,None,24,,,500,,,0.0,0.0,1.2844500176687226,,,
R1,Composite,0.9994734786833903,0.9903989656722756,0.828986345244556,24,24,24.0,48.0,500,0.2713615158135474,1.7725283098900066e-05,13.165460594821344,5.2375697388805404,1.3518511854637931,,,
R2,Seasonal,0.8557393930884767,0.9956380468259983,0.897993355234171,24,24,24.0,48.0,500,0.0,0.0,23.97018961016267,8.68549022783585,1.6481727042824637,,,
R3,Stationary_AR,0.300727022774805,0.49413724015767646,0.61049725443855,None,28,,,500,0.0,0.0,0.0,0.0,5.0,0.49269781845758903,,
R4,Trending_ExponentialGrowth,0.9944748950011666,0.314870533239475,0.36623299870646797,None,24,,,500,,,0.0,0.0,1.0173774742767001,,,
R1,Composite,0.9996029004511973,0.9788678017195835,0.8940855439641991,12,12,12.0,24.0,500,0.29391037606295517,2.3035763397557563e-05,8.332442010769782,7.071593308007113,1.2618778634924455,,,
R2,Seasonal,0.09197210753294982,0.9986212342401803,0.32504322759709847,12,24,12.0,24.0,500,0.0,0.0,13.050141059652178,11.627310977746557,0.689366139511148,,,
R3,Stationary_WN,0.15069246589099417,0.31387610535462995,0.28224991389601795,None,10,,,500,0.0,0.0,0.0,0.0,5.81694674782991,,,
R4,Trending_MeanShift,0.9998583948309561,0.9994308120819481,0.0,None,250,,,500,,,0.0,0.0,1.1700919558959932,,250.0,
R1,Composite,0.9995410633335857,0.9944668644089582,0.8757354945747984,48,50,48.0,96.0,500,0.3300669973563516,4.282349680349185e-05,21.67202737843812,6.1186487072966,1.4799772744443054,,,
R2,Seasonal,0.6468483965834151,0.9962824868250247,0.8888508996115158,48,50,48.0,96.0,500,0.0,0.0,28.037145731702154,5.02067951645769,1.1407802202836468,,,
R3,Stationary_AR,0.2691125048064278,0.5860318318753668,0.6532859704690541,None,42,,,500,0.0,0.0,0.0,0.0,5.0,0.6985482828047884,,
R4,Trending_ExponentialGrowth,0.9925885571566209,0.33888899932205796,0.2903528773681623,None,24,,,500,,,0.0,0.0,1.1435087187529827,,,
R1,Composite,0.9997354597184931,0.9972165671170465,0.9036364901878511,24,24,24.0,48.0,500,0.3421897230158931,4.967047321070709e-05,22.690756024201804,6.717925932981507,1.2660583925078066,,,
R2,Seasonal,0.9161254417762763,0.9986934071449954,0.93464019475598,24,24,24.0,48.0,500,0.0,0.0,20.69598766702346,5.248597291521786,0.7891282370741767,,,
R3,Stationary_AR,0.15193703849967477,0.6432300901621016,0.6232364537609232,None,71,,,500,0.0,0.0,0.0,0.0,5.0,0.6866588899639546,,
R4,Trending_RandomWalkDrift,0.7610256898725136,0.08713001101413032,0.0,None,250,,,500,,,0.0,0.0,1.3175322386751853,,,-0.2760830625787877
R1,Composite,0.9993027318088105,0.9957787829847177,0.9296697601845988,12,12,12.0,24.0,500,0.20801308904813368,-4.681484023352693e-05,15.268621351010765,7.137473249340759,1.0916773926377399,,,
R2,Seasonal,0.8894021533179475,0.9809989538737239,0.8906515506167559,12,12,12.0,24.0,500,0.0,0.0,12.799228561576413,9.72231505636726,1.8122980048341226,,,
R3,Stationary_AR,0.0,0.044882671316791245,0.0,None,167,,,500,0.0,0.0,0.0,0.0,5.0,0.5103537145685765,,
R4,Trending_ExponentialGrowth,0.9956363706155357,0.42287151507047127,0.35048616890432294,None,24,,,500,,,0.0,0.0,0.8239206897668013,,,
R1,Composite,0.9997364313356671,0.99796725309081,0.786445329163604,24,24,24.0,48.0,500,-0.31811511923335495,3.694421328747628e-05,21.92245709323165,3.154834904428493,1.120654791113691,,,
R2,Seasonal,0.8404317504015273,0.997310103878988,0.8833371238489166,24,24,24.0,48.0,500,0.0,0.0,25.900038999013216,6.588196779009064,1.6031429331381686,,,
R3,Stationary_WN,0.31158879074217927,0.320652898387627,0.2619847826221635,None,5,,,500,0.0,0.0,0.0,0.0,9.267246019203133,,,
R4,Trending_MeanShift,0.992781062524156,0.9623975354532549,0.0,None,250,,,500,,,0.0,0.0,1.223732235355285,,250.0,
R1,Composite,0.9997456041405874,0.9978653540965258,0.7264802979083973,36,36,36.0,72.0,500,-0.30022390336608884,2.077850275402329e-05,20.414294866471618,2.259832674698486,0.9436268897625714,,,
R2,Seasonal,0.830870567312928,0.9825333189184073,0.8663410576771394,36,36,36.0,72.0,500,0.0,0.0,13.941190112264943,8.912975308236662,1.8970643756317696,,,
R3,Stationary_WN,0.38851212449154604,0.09329789300358793,0.2712071612705732,None,3,,,500,0.0,0.0,0.0,0.0,7.498764973918125,,,
R4,Trending_MeanShift,0.9999153466603383,0.9996689794391869,0.0,None,250,,,500,,,0.0,0.0,0.6456989634148785,,250.0,
R1,Composite,0.9999044491662199,0.9991081581695683,0.9239860159371821,12,12,12.0,24.0,500,0.36409171746904045,-4.880646916250568e-05,22.68005604168426,4.669955870308506,0.7122233271866397,,,
R2,Seasonal,0.9711778346138289,0.9985358459751619,0.9689494910592295,12,12,12.0,24.0,500,0.0,0.0,14.654211296392052,6.248301357603391,0.6059661314677952,,,
R3,Stationary_WN,0.14460940651491216,0.31045924174483097,0.3367941174923732,None,9,,,500,0.0,0.0,0.0,0.0,12.088086661201636,,,
R4,Trending_MeanShift,0.9997802925706147,0.999130016021974,0.0,None,250,,,500,,,0.0,0.0,1.1867114535008678,,250.0,
R1,Composite,0.9965561543278363,0.9936883789980073,0.7849760481206152,24,24,24.0,48.0,500,0.14794424912147244,-4.1453018321443176e-05,19.125317094432532,4.975621934757596,1.4487116950659795,,,
R2,Seasonal,0.8284234333232126,0.9968611977198736,0.8790710353804196,24,24,24.0,48.0,500,0.0,0.0,19.208655761362643,5.236649293829031,1.2225877518347956,,,
R3,Stationary_AR,0.3903693520751679,0.590264205831543,0.6986480087234852,None,19,,,500,0.0,0.0,0.0,0.0,5.0,0.6334057480113597,,
R4,Trending_RandomWalkDrift,0.9506907320386719,0.5638666801595456,0.0,None,167,,,500,,,0.0,0.0,0.9481012031538181,,,0.26770295795771243
R1,Composite,0.9995474458536115,0.9904971714280801,0.8891675254663424,12,12,12.0,24.0,500,0.27672043043657735,4.2927906105150605e-05,13.013005304112,6.883134984130465,1.4638051328522563,,,
R2,Seasonal,0.9342904680713959,0.9906596461357609,0.9312869445006628,12,12,12.0,24.0,500,0.0,0.0,13.117848642729237,9.37520362449765,1.3738165199829857,,,
R3,Stationary_AR,0.008681406202024178,0.04566060778323633,0.0,None,167,,,500,0.0,0.0,0.0,0.0,5.0,0.5958178673052391,,
R4,Trending_RandomWalkDrift,0.7616259754810618,0.724974196718689,0.6224237740572788,None,250,,,500,,,0.0,0.0,1.2696793306583887,,,-0.1646770879896023
R1,Composite,0.99987664546144,0.9981089073534645,0.9296074470811453,36,36,36.0,72.0,500,-0.3347211010619284,1.0901811591136497e-05,17.240045878850538,5.033987068057753,0.8650189704641302,,,
R2,Seasonal,0.9428711871532498,0.9962473943976082,0.9541298138097792,36,36,36.0,72.0,500,0.0,0.0,17.92920781800344,9.343890792042565,1.1723042197455247,,,
R3,Stationary_WN,0.48381181342089086,0.1658211299033452,0.2175839980541281,None,2,,,500,0.0,0.0,0.0,0.0,7.590084468916709,,,
R4,Trending_ExponentialGrowth,0.9986705721822502,0.3145748222571675,0.35016916498745443,None,24,,,500,,,0.0,0.0,0.7850471073745814,,,
R1,Composite,0.9998219176979233,0.9992642598984885,0.9498196089593692,12,12,12.0,24.0,500,-0.22644339723473714,3.2355770677480245e-05,21.245276826695047,5.022221760397143,0.5895123117609626,,,
R2,Seasonal,0.863368855158406,0.9950469575799363,0.8630437511233572,12,12,12.0,24.0,500,0.0,0.0,26.728559305184646,9.308990448245662,1.9958923403007616,,,
R3,Stationary_AR,0.1288517364495011,0.5601405223447561,0.5652894504053932,None,45,,,500,0.0,0.0,0.0,0.0,5.0,0.430011702280011,,
R4,Trending_RandomWalkDrift,0.9997018827528352,0.6899013828233278,0.9168503160491529,None,24,,,500,,,0.0,0.0,0.8411965878254518,,,0.3969291240282834
R1,Composite,0.9986338989867736,0.9962431567560441,0.9070810054696979,36,36,36.0,72.0,500,-0.13238161257380165,-2.721927024303388e-05,18.05685449227235,6.433833077128632,1.247360578336021,,,
R2,Seasonal,0.9360418289161535,0.9920014971892385,0.9491726090417684,36,36,36.0,72.0,500,0.0,0.0,14.70307130008172,10.851649407436128,1.475330311321999,,,
R3,Stationary_WN,0.4406419016685643,0.13335594562183162,0.12776467822418558,None,2,,,500,0.0,0.0,0.0,0.0,11.440589740495426,,,
R4,Trending_ExponentialGrowth,0.9934119761779474,0.32590091049526704,0.2702953046690876,None,24,,,500,,,0.0,0.0,0.7225344715219781,,,
R1,Composite,0.999943831398152,0.998788664055682,0.9800502905572536,24,24,24.0,48.0,500,0.3836136771478388,2.633881967106351e-05,17.146478237549935,7.920574140939716,0.6978163966658948,,,
R2,Seasonal,0.9297627696312152,0.9982309214150549,0.9461356335495439,24,24,24.0,48.0,500,0.0,0.0,29.230696928495423,9.54067228687969,1.3784528998774466,,,
R3,Stationary_AR,0.1758144989688336,0.5254568669785442,0.6102555237803513,None,28,,,500,0.0,0.0,0.0,0.0,5.0,0.5826243944291509,,
R4,Trending_ExponentialGrowth,0.9962300808115403,0.32432001773839403,0.32756085656365197,None,24,,,500,,,0.0,0.0,1.247010241437518,,,
R1,Composite,0.9997883992735768,0.9969525907808648,0.8689732470379865,12,12,12.0,24.0,500,0.32568906309780005,-4.2009913707689435e-05,16.26077728584677,4.460152478485999,1.0328462230593574,,,
R2,Seasonal,0.936509090641128,0.9949813660723421,0.9328308316249437,12,12,12.0,24.0,500,0.0,0.0,17.59969319541782,9.303171549007292,1.3433236728135913,,,
R3,Stationary_WN,0.2625812135830705,0.21519332495084986,0.18903368184133085,None,5,,,500,0.0,0.0,0.0,0.0,13.877717499141509,,,
R4,Trending_MeanShift,0.9998786231427995,0.9995186538314335,0.0,None,250,,,500,,,0.0,0.0,1.275746876583355,,250.0,
R1,Composite,0.9997686666710063,0.994727064999384,0.8292644063390806,12,12,12.0,24.0,500,-0.3820091102550832,-3.268670131193591e-05,16.91246085060496,5.28562685080191,1.3080201572073151,,,
R2,Seasonal,0.8948366405994062,0.9981178983862059,0.8983738884465161,12,12,12.0,24.0,500,0.0,0.0,22.060654551591732,5.546261363647426,1.1288644068168714,,,
R3,Stationary_AR,0.016354397980782864,0.6351980722395335,0.4177007411009901,None,167,,,500,0.0,0.0,0.0,0.0,5.0,0.6412537004676819,,
R4,Trending_MeanShift,0.999921909103703,0.9996874824174848,0.0,None,250,,,500,,,0.0,0.0,0.9976048056569696,,250.0,
R1,Composite,0.9998042818824783,0.9960193283559864,0.9555553919769739,36,36,36.0,72.0,500,0.2807035326890117,4.692049960552753e-05,13.75170775146323,7.532330780930945,0.9216673967204643,,,
R2,Seasonal,0.9520066394758568,0.9949078588940362,0.9614230534936544,36,36,36.0,72.0,500,0.0,0.0,16.493964427641657,10.975888215722662,1.3042424557376897,,,
R3,Stationary_WN,0.5430606452748508,0.17350987608796864,0.25206808540826253,None,2,,,500,0.0,0.0,0.0,0.0,6.591625829770842,,,
R4,Trending_RandomWalkDrift,0.9993640970278945,0.9737409882496432,0.0,None,250,,,500,,,0.0,0.0,1.1940255158421906,,,0.28077264035561866
R1,Composite,0.9994392906308026,0.996572104050245,0.8027467352318299,24,24,24.0,48.0,500,0.21223475909121048,1.633342004275049e-05,17.94248186311194,3.6863073898124403,1.1328166932851502,,,
R2,Seasonal,0.9217448345647132,0.9902739992120242,0.9404851260773857,24,24,24.0,48.0,500,0.0,0.0,13.241385464812105,9.847278513751629,1.4699295329922908,,,
R3,Stationary_WN,0.5456783154141218,0.2661409314134522,0.27984311285297425,None,2,,,500,0.0,0.0,0.0,0.0,6.792531673438361,,,
R4,Trending_ExponentialGrowth,0.9987136218530812,0.3294863479568416,0.27463349657541647,None,24,,,500,,,0.0,0.0,0.6021165949007672,,,
R1,Composite,0.9995984627983254,0.9984519232903353,0.9490508653204213,48,50,48.0,96.0,500,-0.25028434944998684,3.887322020130088e-05,24.483388194582492,6.353740789187478,0.9997937837250992,,,
R2,Seasonal,0.9617650037108093,0.9983944831109507,0.9715678855414303,48,50,48.0,96.0,500,0.0,0.0,25.0044963719767,9.640514041066417,1.0315902522413862,,,
R3,Stationary_AR,0.0181694725405942,0.8276674721042354,0.6339819937402525,None,167,,,500,0.0,0.0,0.0,0.0,5.0,0.42291027386562036,,
R4,Trending_RandomWalkDrift,0.9994932389407735,0.6479159238262342,0.8739300735492138,None,24,,,500,,,0.0,0.0,1.150752487594036,,,0.26842818891438186
R1,Composite,0.9997727820096626,0.9985390578525751,0.8670050032923599,12,12,12.0,24.0,500,0.31215071656575744,-4.063206107367165e-05,23.312880822100887,4.41524637717693,0.9117076583475643,,,
R2,Seasonal,0.9413667451507536,0.9966250720162868,0.9384211489995308,12,12,12.0,24.0,500,0.0,0.0,26.029337578615078,11.695814949913458,1.6930688527646112,,,
R3,Stationary_WN,0.23789294106973158,0.30205413198470776,0.3523892414608466,None,6,,,500,0.0,0.0,0.0,0.0,14.887134708538847,,,
R4,Trending_ExponentialGrowth,0.9973390457598541,0.378457601193827,0.3116131450461417,None,24,,,500,,,0.0,0.0,1.283189663761099,,,
R1,Composite,0.9993442340622353,0.9819034391589857,0.8982795053039234,36,36,36.0,72.0,500,0.1979032542507343,4.7265898855967084e-05,8.408716600396815,6.189221894158933,1.187161831271719,,,
R2,Seasonal,0.869799077720837,0.990270270531516,0.8991001784910274,36,36,36.0,72.0,500,0.0,0.0,12.331735511870905,6.815920013390935,1.243819308658789,,,
R3,Stationary_WN,0.49865569397841103,0.22386649439052297,0.2591539353178278,None,2,,,500,0.0,0.0,0.0,0.0,5.5416367464194565,,,
R4,Trending_RandomWalkDrift,0.9995572769776818,0.7114038796398214,0.8732849054540693,None,24,,,500,,,0.0,0.0,1.2350125572607669,,,0.3991306260820455
R1,Composite,0.9996535369102629,0.9986323733296704,0.8294293954333216,36,36,36.0,72.0,500,-0.24876964985027103,4.68841170945264e-05,23.11205813727977,3.244398464719569,0.8503530117092895,,,
R2,Seasonal,0.8831094865853548,0.9918008973075628,0.9151999668730008,36,36,36.0,72.0,500,0.0,0.0,16.192267280852786,8.718472639099055,1.596083662321036,,,
R3,Stationary_AR,0.3672504124571374,0.5310795370116742,0.6457233772378492,None,15,,,500,0.0,0.0,0.0,0.0,5.0,0.5240383354770538,,
R4,Trending_MeanShift,0.9999515201185245,0.9998045650623555,0.0,None,250,,,500,,,0.0,0.0,0.8676483646349384,,250.0,
R1,Composite,0.9997803201640626,0.9948783657407732,0.838942706026065,48,50,48.0,96.0,500,0.3070470255956712,2.9505547743410744e-05,14.229163010374666,3.056917620674408,0.8881881897400161,,,
R2,Seasonal,0.8992263864405814,0.9966327589514135,0.9286693646500878,48,50,48.0,96.0,500,0.0,0.0,23.813781851331502,7.860074460845891,1.4846466035706891,,,
R3,Stationary_AR,0.18980815800656547,0.4241817053636465,0.5244830876225139,None,62,,,500,0.0,0.0,0.0,0.0,5.0,0.4896913408783735,,
R4,Trending_RandomWalkDrift,0.9980913408836866,0.6938383841129026,0.9044688779733213,None,24,,,500,,,0.0,0.0,1.19932567294395,,,-0.1712052601005315
R1,Composite,0.9996398967736212,0.9924655168213062,0.8901369503297398,12,12,12.0,24.0,500,-0.2796448137732983,3.4793947062178555e-05,11.65669620863498,5.7380922577258175,1.0523549708107183,,,
R2,Seasonal,0.9763820989596156,0.9992555982837247,0.9736193898682227,12,12,12.0,24.0,500,0.0,0.0,28.943220811552422,9.644977811816585,0.7011658543080461,,,
R3,Stationary_WN,0.3286126903609956,0.3213913630334533,0.3210385046049926,None,4,,,500,0.0,0.0,0.0,0.0,7.963993936080702,,,
R4,Trending_MeanShift,0.9996046984790175,0.9984786700345022,0.0,None,250,,,500,,,0.0,0.0,0.904325527826555,,250.0,
R1,Composite,0.9999212954651332,0.997005791559165,0.9402010452423643,48,50,48.0,96.0,500,-0.29434740939093074,3.121141973351775e-05,9.37085945779893,3.249930574562851,0.5205620092450468,,,
R2,Seasonal,0.9834249438250944,0.9990045922400569,0.9871188996857613,48,50,48.0,96.0,500,0.0,0.0,22.433788905461164,10.446571855194279,0.672688489673213,,,
R3,Stationary_WN,0.47150130181304073,0.24883326755005586,0.309079221098162,None,3,,,500,0.0,0.0,0.0,0.0,10.836513846065323,,,
R4,Trending_RandomWalkDrift,0.9931406600677483,0.6443188328937206,0.8860368700703293,None,24,,,500,,,0.0,0.0,1.0676438194283078,,,0.1894497924988704
R1,Composite,0.9995136747699804,0.9975652014339489,0.9213106557402179,12,12,12.0,24.0,500,0.19343752436692996,-4.87941123158358e-05,15.173688968638675,5.116027674062396,0.7472945305239697,,,
R2,Seasonal,0.9728356722473408,0.9989570089457641,0.9713843447691636,12,12,12.0,24.0,500,0.0,0.0,18.87370166430002,7.07275566926556,0.6576284369195622,,,
R3,Stationary_WN,0.36146318690334944,0.27913856201882936,0.29898886232830757,None,3,,,500,0.0,0.0,0.0,0.0,8.104992517424188,,,
R4,Trending_MeanShift,0.9998895552567849,0.9995596335037681,0.0,None,250,,,500,,,0.0,0.0,1.030874086453259,,250.0,
R1,Composite,0.9996873170189159,0.9990930670377131,0.9365691869909817,36,36,36.0,72.0,500,0.20193134464819187,-2.7366916793942624e-05,22.476556173262626,4.855647903260876,0.7287133994668304,,,
R2,Seasonal,0.8892368672065651,0.9823453381922761,0.9143561459560122,36,36,36.0,72.0,500,0.0,0.0,11.662240668850682,9.34862463704598,1.6743512611186055,,,
R3,Stationary_AR,0.15450186015929757,0.5542826185137196,0.5758613246753044,None,29,,,500,0.0,0.0,0.0,0.0,5.0,0.44445994548738343,,
R4,Trending_RandomWalkDrift,0.0,0.0,0.0,None,167,,,500,,,0.0,0.0,1.0655329004390817,,,-0.2301465187333412
R1,Composite,0.9996015237079929,0.9986244010006009,0.9635626204858772,24,24,24.0,48.0,500,-0.15791241480458018,1.5641872491437105e-05,16.280235569923597,5.82455788797513,0.6004170266343143,,,
R2,Seasonal,0.9413857705552072,0.9993346086452777,0.9554393705221068,24,24,24.0,48.0,500,0.0,0.0,28.47262908715804,6.318228356376676,0.7594319422483988,,,
R3,Stationary_WN,0.5194810118276387,0.1467133392805955,0.19120001522842356,None,2,,,500,0.0,0.0,0.0,0.0,10.072263128993908,,,
R4,Trending_MeanShift,0.9999381204807474,0.9997531678931252,0.12757743281409772,None,250,,,500,,,0.0,0.0,1.03154558901132,,250.0,
R1,Composite,0.9989130974695867,0.995652818586027,0.9567900846599743,48,50,48.0,96.0,500,0.12723470012643884,-3.0299345702065237e-05,12.159329735040924,6.347015792258901,0.8878270965010508,,,
R2,Seasonal,0.9252824573793873,0.9957346520183857,0.945477990706525,48,50,48.0,96.0,500,0.0,0.0,23.028365403593792,10.239166465922729,1.6046178951776384,,,
R3,Stationary_WN,0.39919548692172757,0.2218737437864311,0.33528311569762326,None,3,,,500,0.0,0.0,0.0,0.0,14.429242444258035,,,
R4,Trending_RandomWalkDrift,0.9986630905736852,0.9755203052803066,0.7912470773601971,None,250,,,500,,,0.0,0.0,1.0587583087011319,,,-0.3568550956151213
R1,Composite,0.9998624148471886,0.9964071188060455,0.8257980658954397,36,36,36.0,72.0,500,-0.3655472579369501,-2.3747711410826334e-05,15.052037953448755,3.50851781123312,0.9462958496360383,,,
R2,Seasonal,0.5755830785289215,0.9965865931150775,0.7371896375737211,36,36,36.0,72.0,500,0.0,0.0,27.737681303340153,4.417747880299579,1.6764803398985706,,,
R3,Stationary_WN,0.17707121289424366,0.23897490219927342,0.2746771486691876,None,8,,,500,0.0,0.0,0.0,0.0,12.29391658363965,,,
R4,Trending_RandomWalkDrift,0.9992318824929204,0.9350357794571006,0.9309228569340589,None,100,,,500,,,0.0,0.0,1.342422304149732,,,-0.2570252527800989
R1,Composite,0.9994916393665011,0.9962364072580688,0.9143225596316649,36,36,36.0,72.0,500,0.14316386414488946,4.623092889460252e-05,12.438838227757387,4.663464740497059,0.8464277178991099,,,
R2,Seasonal,0.7711046803961801,0.9900730431462617,0.845312344599799,36,36,36.0,72.0,500,0.0,0.0,14.815636014993443,5.877242282073724,1.437758773927671,,,
R3,Stationary_WN,0.4211842020947937,0.3303486055466386,0.4177278625827836,None,3,,,500,0.0,0.0,0.0,0.0,13.426421487147856,,,
R4,Trending_ExponentialGrowth,0.9926874340632043,0.37050929632816254,0.3404366814034091,None,24,,,500,,,0.0,0.0,0.7101576152560576,,,
R1,Composite,0.9997873342968268,0.9965369619719591,0.8934949664847713,24,24,24.0,48.0,500,-0.2553124119845922,4.7972113991534996e-05,11.468514298951362,3.580911419518224,0.7321887490315587,,,
R2,Seasonal,0.959938327612626,0.9976585476010413,0.9689425500583513,24,24,24.0,48.0,500,0.0,0.0,12.524176231967479,6.501769074406918,0.6278482015996067,,,
R3,Stationary_AR,0.24806562799450693,0.6144993868322177,0.7069966045787773,None,38,,,500,0.0,0.0,0.0,0.0,5.0,0.6314872984703024,,
R4,Trending_RandomWalkDrift,0.9994652405035402,0.9687627459710704,0.954886022864017,None,100,,,500,,,0.0,0.0,0.5670849831960397,,,-0.151665326667947
R1,Composite,0.9956825237267873,0.9959778400953746,0.8981191525780543,48,50,48.0,96.0,500,-0.10243296740972321,-1.1301695992028852e-05,23.083668124387255,6.135795194647461,1.3650241073565943,,,
R2,Seasonal,0.9366339207590689,0.9935000986646078,0.9502025543391732,48,50,48.0,96.0,500,0.0,0.0,18.021687827978187,10.763825407498345,1.5019875791912114,,,
R3,Stationary_WN,0.23486365326386238,0.25280193241234294,0.1440942700209753,None,5,,,500,0.0,0.0,0.0,0.0,9.778994181093024,,,
R4,Trending_MeanShift,0.9998372639386198,0.9993645572874909,0.0,None,250,,,500,,,0.0,0.0,0.5460648910936652,,250.0,
R1,Composite,0.9993570521805294,0.9923240119207776,0.8982922024923784,12,12,12.0,24.0,500,-0.26599077205621247,3.129207041042081e-05,14.871745295767177,7.696180510455887,1.3847115893918007,,,
R2,Seasonal,0.8532940682958468,0.9916566601359612,0.8600261035032926,12,12,12.0,24.0,500,0.0,0.0,18.793541848062922,8.00002668707501,1.7430711238873409,,,
R3,Stationary_AR,0.40156313066043237,0.5258434274146284,0.6076596820482156,None,13,,,500,0.0,0.0,0.0,0.0,5.0,0.6242443789678211,,
R4,Trending_ExponentialGrowth,0.9948722190848929,0.42625769118702295,0.30669823669971563,None,24,,,500,,,0.0,0.0,1.302978213895627,,,
R1,Composite,0.9994045037797341,0.9923417096389137,0.7901002811053901,24,24,24.0,48.0,500,0.29757399511367555,4.9865537277511893e-05,17.924366607628258,5.022037604640362,1.416190006756894,,,
R2,Seasonal,0.9645905693082673,0.9952988433529446,0.972414913190452,24,24,24.0,48.0,500,0.0,0.0,14.910257099371584,11.65760838890062,1.098713412069913,,,
R3,Stationary_AR,0.26242085032189943,0.46028383585205535,0.5948422854739777,None,23,,,500,0.0,0.0,0.0,0.0,5.0,0.5748653609149443,,
R4,Trending_MeanShift,0.9999722481432612,0.9998885194100261,0.06971722547070502,None,250,,,500,,,0.0,0.0,0.8095584068491825,,250.0,
R1,Composite,0.9999213584149489,0.9990425113519497,0.9307644725084937,24,24,24.0,48.0,500,0.2742045039021052,-2.286803521905795e-05,15.227218119746766,3.225408283398404,0.5269409978043084,,,
R2,Seasonal,0.8791616648590702,0.9983097397907562,0.9098946997907926,24,24,24.0,48.0,500,0.0,0.0,19.944304168647776,4.769450839128612,0.895990015030738,,,
R3,Stationary_WN,0.43731992372170636,0.30433991106731306,0.3761176100272222,None,3,,,500,0.0,0.0,0.0,0.0,7.751316868320815,,,
R4,Trending_RandomWalkDrift,0.9933647366592574,0.5599145267593688,0.8842447809046806,None,24,,,500,,,0.0,0.0,0.5915716117907788,,,0.2726131313200142
R1,Composite,0.999350684056329,0.9925882177873032,0.8532145192243036,48,50,48.0,96.0,500,0.15122395975186909,-2.3809017167779122e-05,8.867111656644202,2.4790275734071,0.6715410521423062,,,
R2,Seasonal,0.9292685250991704,0.9992600781264493,0.960096490990021,48,50,48.0,96.0,500,0.0,0.0,21.370276748038634,4.257464632193984,0.5505361510865592,,,
R3,Stationary_WN,0.5090765312202314,0.15155855966193543,0.27642198482379143,None,2,,,500,0.0,0.0,0.0,0.0,13.23226369662749,,,
R4,Trending_RandomWalkDrift,0.9906607204342237,0.6119169647243774,0.8340514982887253,None,250,,,500,,,0.0,0.0,0.6921564169784097,,,-0.3963065443640381
R1,Composite,0.9998055331823197,0.9980641645783839,0.8925772111902587,36,36,36.0,72.0,500,0.2764764836082315,3.545016346424924e-05,18.854764103569046,4.442100661612066,0.9160656424980107,,,
R2,Seasonal,0.8445722832501087,0.9950491973336885,0.8810832920421993,36,36,36.0,72.0,500,0.0,0.0,20.760110395283746,7.261151420983283,1.4312203856953807,,,
R3,Stationary_WN,0.46200252565986666,0.25266969301988706,0.3523139175679205,None,3,,,500,0.0,0.0,0.0,0.0,6.001116314446353,,,
R4,Trending_MeanShift,0.9995158486486327,0.9980383508033958,0.0,None,250,,,500,,,0.0,0.0,1.4847968972083296,,250.0,
R1,Composite,0.999736211207723,0.9910063691410039,0.8809140086812214,12,12,12.0,24.0,500,-0.344653657302762,-4.764647492057109e-05,12.68852670934546,6.3865482261164495,1.3800068427053263,,,
R2,Seasonal,0.07356162409634048,0.9980303708281498,0.27942259910174627,12,24,12.0,24.0,500,0.0,0.0,13.68124186403457,11.870614275277616,0.7999602729687636,,,
R3,Stationary_WN,0.3155101740720686,0.31341494417092286,0.2723673300018725,None,5,,,500,0.0,0.0,0.0,0.0,5.010478775548023,,,
R4,Trending_ExponentialGrowth,0.9938272549232463,0.42177408511060377,0.32430541639242216,None,24,,,500,,,0.0,0.0,1.0059251947787264,,,
R1,Composite,0.9993883775618805,0.9964404488800482,0.848964131094502,36,36,36.0,72.0,500,0.17603685155044996,2.3765594460963148e-05,15.78626918011823,3.8424721946237974,1.1021273446695863,,,
R2,Seasonal,0.9021973014012591,0.9987407760178443,0.9233462224580311,36,36,36.0,72.0,500,0.0,0.0,23.69858022547143,5.355473812729016,0.9223203695659994,,,
R3,Stationary_WN,0.44676818468899804,0.14013509079234365,0.35789626827634036,None,3,,,500,0.0,0.0,0.0,0.0,11.573112063012315,,,
R4,Trending_ExponentialGrowth,0.9825267218258192,0.43042076415856345,0.36220906280986953,None,24,,,500,,,0.0,0.0,1.3201742744279654,,,
R1,Composite,0.9998450061249745,0.9964838124796365,0.7156754696909269,24,24,24.0,48.0,500,0.347327836771838,4.2952505599474476e-05,15.753648099036141,2.209752965669889,1.0314786697330898,,,
R2,Seasonal,0.9276396259162893,0.9946993246760633,0.9437176292412628,24,24,24.0,48.0,500,0.0,0.0,18.682337190296835,10.577699633564475,1.4439534709444826,,,
R3,Stationary_AR,0.3275199950474903,0.5523582670486326,0.6567918012286581,None,42,,,500,0.0,0.0,0.0,0.0,5.0,0.6455711998444789,,
R4,Trending_ExponentialGrowth,0.9710510183842206,0.3333488590748064,0.33664328739412575,None,24,,,500,,,0.0,0.0,1.3668867132491385,,,
R1,Composite,0.9996925764868788,0.9949741048229177,0.8282791843143984,36,36,36.0,72.0,500,0.27368446544174424,2.999688311403271e-05,14.458501004557005,4.157342745555507,1.0230439491029606,,,
R2,Seasonal,0.9684057582172311,0.999450126970013,0.9733998821536305,36,36,36.0,72.0,500,0.0,0.0,29.934764618134974,8.17363352443574,0.7187047709642056,,,
R3,Stationary_WN,0.4798129694638156,0.19480092690347162,0.17366872028752178,None,2,,,500,0.0,0.0,0.0,0.0,8.112667131322738,,,
R4,Trending_RandomWalkDrift,0.9986664227821742,0.6348638529824958,0.881618262639582,None,24,,,500,,,0.0,0.0,1.409522264103544,,,0.15949800837006223
R1,Composite,0.9993911029382018,0.9983870898632519,0.946216339231379,12,12,12.0,24.0,500,-0.15207925814853787,-4.603508176100146e-05,22.045793016619392,7.4966779128766605,0.969945024882034,,,
R2,Seasonal,0.7852384926986216,0.9900077833969887,0.7973407346376525,12,12,12.0,24.0,500,0.0,0.0,12.18622657123561,4.633417172976592,1.2457659886529584,,,
R3,Stationary_WN,0.241576443881512,0.26662277333743245,0.27625533387804535,None,7,,,500,0.0,0.0,0.0,0.0,10.241901348683697,,,
R4,Trending_RandomWalkDrift,0.0,0.07736567761718238,0.0,None,167,,,500,,,0.0,0.0,0.9241826082074929,,,0.14360595248230032
R1,Composite,0.9998124860407039,0.9971649494870264,0.946499744443226,48,50,48.0,96.0,500,0.38174960710660355,-4.5588905794126795e-05,19.56238627717166,7.059943341897884,1.15153323609315,,,
R2,Seasonal,0.9270114193724238,0.9940474457321596,0.9459032291900866,48,50,48.0,96.0,500,0.0,0.0,11.773222908581872,6.435425842201917,0.9343533004152267,,,
R3,Stationary_AR,0.33769771272861204,0.5981620112121422,0.738523760803701,None,42,,,500,0.0,0.0,0.0,0.0,5.0,0.6795043848231619,,
R4,Trending_RandomWalkDrift,0.9923469884964383,0.7489192050151954,0.907080754482965,None,24,,,500,,,0.0,0.0,0.810711164774328,,,0.12804050248499294
R1,Composite,0.9997744507839452,0.9847406750374041,0.8879699219682808,12,12,12.0,24.0,500,0.36623087611087357,-1.368345881468189e-05,8.729016092096034,5.93030546864614,1.1747775322359053,,,
R2,Seasonal,0.9812477075517244,0.9984120623214872,0.9793542171094757,12,12,12.0,24.0,500,0.0,0.0,14.434670059005015,8.024876444556723,0.5709929075432125,,,
R3,Stationary_AR,0.07226936211011303,0.5263227329262861,0.6391427639776808,None,62,,,500,0.0,0.0,0.0,0.0,5.0,0.45872104493767324,,
R4,Trending_ExponentialGrowth,0.9996854967496185,0.37524882287366024,0.38360901991978735,None,24,,,500,,,0.0,0.0,0.8076834106586068,,,
R1,Composite,0.9982167281670721,0.9867740109981652,0.7421947451607827,12,12,12.0,24.0,500,-0.1775018690985274,2.562403683618842e-05,12.08535420045779,4.32406713240811,1.449304671344572,,,
R2,Seasonal,0.94701243179555,0.9956361157603795,0.9438638639316742,12,12,12.0,24.0,500,0.0,0.0,10.60791751393569,5.80199421516184,0.7411420181972174,,,
R3,Stationary_WN,0.45184913493376544,0.2528536535972358,0.3053175118279744,None,3,,,500,0.0,0.0,0.0,0.0,12.147827764032582,,,
R4,Trending_ExponentialGrowth,0.999452035064648,0.29670355277641525,0.4075915919777039,None,24,,,500,,,0.0,0.0,0.8757906510407779,,,
R1,Composite,0.9998249175950383,0.9991837593501033,0.9356525201249909,36,36,36.0,72.0,500,0.16333398910319957,4.423274145458801e-05,17.47412476108488,3.5932782242299193,0.5156792458520598,,,
R2,Seasonal,0.7444689291182562,0.9972067517924617,0.8358492654178986,36,36,36.0,72.0,500,0.0,0.0,29.124681244753667,6.077138746947212,1.562652247711583,,,
R3,Stationary_AR,0.2592642895004136,0.5974853440947308,0.6798571823261156,None,38,,,500,0.0,0.0,0.0,0.0,5.0,0.6754145559797542,,
R4,Trending_MeanShift,0.999863653694102,0.9994599504495676,0.24807816564358798,None,250,,,500,,,0.0,0.0,1.4379833447701547,,250.0,
R1,Composite,0.9998306417264535,0.9980754290002634,0.9437891531945762,12,12,12.0,24.0,500,0.3142885910194198,-1.3805527831383176e-05,18.413132085746042,6.480482277106052,0.8088074892532288,,,
R2,Seasonal,0.992030979697312,0.9997262248664935,0.991341177683271,12,12,12.0,24.0,500,0.0,0.0,29.459596239575443,10.570955988746077,0.5220711709036392,,,
R3,Stationary_WN,0.2776289235219306,0.38509708346612026,0.24078736950056268,None,5,,,500,0.0,0.0,0.0,0.0,11.434100693459538,,,
R4,Trending_ExponentialGrowth,0.9989576690856877,0.3850576250854656,0.4469599991738501,None,24,,,500,,,0.0,0.0,0.777341672392076,,,
R1,Composite,0.9995037883892696,0.9941050363297453,0.9359294683686183,48,50,48.0,96.0,500,-0.17749184383265856,-3.2844523170326125e-05,11.64386366417138,5.694789838522171,1.0573296270872174,,,
R2,Seasonal,0.776364770042394,0.9972701347377678,0.8862691627109012,48,50,48.0,96.0,500,0.0,0.0,22.514100877400814,4.490284020848577,1.213554330555296,,,
R3,Stationary_AR,0.10824426039727808,0.536376710886854,0.6900869538264689,None,38,,,500,0.0,0.0,0.0,0.0,5.0,0.6504544508854573,,
R4,Trending_MeanShift,0.9992083895317899,0.9965162909125914,0.0,None,250,,,500,,,0.0,0.0,0.7105401250235197,,250.0,
R1,Composite,0.9993744795787864,0.9985669351333107,0.9490865440567801,12,12,12.0,24.0,500,-0.11704446187395473,-2.694341494924234e-05,17.758936868442795,5.85426031291335,0.6821291486315132,,,
R2,Seasonal,0.08647909225895756,0.9856650670214787,0.33942177436804455,12,24,12.0,24.0,500,0.0,0.0,11.780066167201477,10.046959709910666,1.90458512119287,,,
R3,Stationary_WN,0.5115314455388147,0.21251357629762557,0.24370610723899278,None,2,,,500,0.0,0.0,0.0,0.0,7.706772965080651,,,
R4,Trending_RandomWalkDrift,0.9987972556523488,0.5739166796247959,0.8708501682048395,None,24,,,500,,,0.0,0.0,0.83907545204444,,,-0.3653748389414133
R1,Composite,0.9996788892173462,0.9977308923704705,0.9025487998254087,48,50,48.0,96.0,500,-0.23991038964713954,-3.006273383043158e-05,20.21365305771832,3.810189931479887,0.9459744689492513,,,
R2,Seasonal,0.9168665057599903,0.998486048698503,0.9504375501996585,48,50,48.0,96.0,500,0.0,0.0,24.221208698793458,6.295846027705021,0.8887578749172707,,,
R3,Stationary_AR,0.14371229516376838,0.4819372269136256,0.5375237153855856,None,33,,,500,0.0,0.0,0.0,0.0,5.0,0.5453886571226771,,
R4,Trending_MeanShift,0.9999696515606558,0.9998787536013951,0.23437229310638386,None,250,,,500,,,0.0,0.0,1.0826094493080065,,250.0,
R1,Composite,0.9997007582528762,0.9975932368467377,0.9325730349871306,48,50,48.0,96.0,500,0.15059204797914824,1.2364361728326197e-05,11.724964997908945,3.4538029512968014,0.5573720876363373,,,
R2,Seasonal,0.7424969724926433,0.9944886372874139,0.8690986137110607,48,50,48.0,96.0,500,0.0,0.0,21.65666502864331,5.416927899179007,1.554375879678753,,,
R3,Stationary_WN,0.06629744631937196,0.39349548803494794,0.4213681623689367,None,29,,,500,0.0,0.0,0.0,0.0,14.0614575579532,,,
R4,Trending_RandomWalkDrift,0.9162567564631239,0.0,0.0,None,167,,,500,,,0.0,0.0,1.3255977587467114,,,-0.48357067980040513
R1,Composite,0.9987615392864251,0.9967790049812345,0.9075444326008864,48,50,48.0,96.0,500,-0.1728494583460146,-1.4267064460771814e-05,23.325113954364163,5.758473052460714,1.1709291968490232,,,
R2,Seasonal,0.10450465421742405,0.9973621664625995,0.8320695400652645,48,100,48.0,96.0,500,0.0,0.0,11.18102210370221,11.043661467190002,0.8151873560470198,,,
R3,Stationary_AR,0.4650651850591824,0.4578359407760889,0.6661187647710198,None,22,,,500,0.0,0.0,0.0,0.0,5.0,0.6682338284828462,,
R4,Trending_RandomWalkDrift,0.9993966663562599,0.5072666811162685,0.847944077854369,None,24,,,500,,,0.0,0.0,0.6519450568145836,,,-0.35674778865124557
R1,Composite,0.9997703363524437,0.9985903691872089,0.9032479319452837,12,12,12.0,24.0,500,0.16692089476809968,1.6219422290388376e-05,14.408226152513251,3.2283825913940665,0.5538915546684263,,,
R2,Seasonal,0.9841338642135331,0.9995791305450648,0.9828318347308779,12,12,12.0,24.0,500,0.0,0.0,27.941937485907403,8.688564820908084,0.5722005646799772,,,
R3,Stationary_WN,0.5464148602623866,0.17949792500261819,0.23845531709112466,None,2,,,500,0.0,0.0,0.0,0.0,12.61595131726747,,,
R4,Trending_ExponentialGrowth,0.9979450505412703,0.37958250570597973,0.358897829861446,None,24,,,500,,,0.0,0.0,1.4420587557662685,,,
