True_Regime,Pattern,F_T,F_S,F_I,True_P,Est_P,rand_p1,rand_p2,length,slope,curve,amp1,amp2,noise_std,phi,break_point,drift
R1,Composite,0.9997627684986004,0.9952028938900228,0.8687676000958717,48,50,48.0,96.0,500,0.380384199201913,4.8194611226527765e-05,19.170892584502838,4.614037392067346,1.2300393165618186,,,
R2,Seasonal,0.6103910051867325,0.9525275691445708,,48,50,48.0,96.0,500,0.0,0.0,22.661961267148953,7.954190801106171,1.359941567269101,,,
R3,Stationary_AR,0.03866327728546015,0.2416510795651159,,None,50,,,500,0.0,0.0,0.0,0.0,5.0,0.42569747487892917,,
R4,Trending_ExponentialGrowth,0.9814854963278458,0.3923007647446266,0.41542880387434755,None,24,,,500,,,0.0,0.0,1.372753839566128,,,
R1,Composite,0.9983855821652294,0.9980088945825415,0.9615822374345846,36,36,36.0,72.0,500,0.11731087852476967,-3.308490344153283e-05,18.574672560306894,7.954653736248674,0.8863231730764659,,,
R2,Seasonal,0.6513601222784484,0.9771156214959106,,36,36,36.0,72.0,500,0.0,0.0,26.656638037381516,6.899450580926633,1.795462131944924,,,
R3,Stationary_WN,0.14727454649410088,0.2236290553466569,,None,4,,,500,0.0,0.0,0.0,0.0,6.259551963793583,,,
R4,Trending_RandomWalkDrift,0.9994045092106637,0.6405062829175054,0.8476436685437261,None,24,,,500,,,0.0,0.0,0.8440916178494421,,,-0.30821753492194337
R1,Composite,0.9997304374899609,0.9961778378185647,0.960590218651381,12,12,12.0,24.0,500,-0.183702487104339,3.8360060453055185e-05,8.934427216276974,5.4712509092211885,0.5825721580352772,,,
R2,Seasonal,0.7004046056198292,0.9807315687794811,,12,12,12.0,24.0,500,0.0,0.0,28.943058720127095,7.251701743616578,1.6577540528451649,,,
R3,Stationary_WN,0.11317634928144671,0.27839901314893223,,None,11,,,500,0.0,0.0,0.0,0.0,9.74721127128213,,,
R4,Trending_RandomWalkDrift,0.9997313543821675,0.5981580607873453,0.8516939251058625,None,24,,,500,,,0.0,0.0,1.3194278536703652,,,0.46223285502925293
R1,Composite,0.9987809423236633,0.9962025882659827,0.5622085584329997,24,24,24.0,48.0,500,0.2037485710928782,-2.1910166146889776e-05,22.266535201670802,2.1919667608659483,1.4401798347292414,,,
R2,Seasonal,0.6877429301931416,0.9769487332740446,,24,24,24.0,48.0,500,0.0,0.0,23.760610379039626,6.554535040170992,0.8783036032389964,,,
R3,Stationary_AR,0.04881405069167166,0.24812870730091696,,None,71,,,500,0.0,0.0,0.0,0.0,5.0,0.6817327662198067,,
R4,Trending_ExponentialGrowth,0.999794804329241,0.38259258877885305,0.44397706602830855,None,24,,,500,,,0.0,0.0,0.7427149867985832,,,
R1,Composite,0.9996941645263365,0.9950283389266333,0.8032424311458383,36,36,36.0,72.0,500,0.268869947907037,-1.9492708168155643e-05,13.019430711461556,3.1612602394374356,1.0538402922287362,,,
R2,Seasonal,0.6472365432352132,0.9406811117728874,,36,36,36.0,72.0,500,0.0,0.0,15.031979395296505,6.175720862224661,1.5810018011902092,,,
R3,Stationary_WN,0.18721184012683023,0.17492227253906345,,None,3,,,500,0.0,0.0,0.0,0.0,6.066192728054235,,,
R4,Trending_MeanShift,0.9999538080559472,0.9998141313043675,0.0,None,250,,,500,,,0.0,0.0,0.7520056712113828,,250.0,
R1,Composite,0.9982788564485604,0.9970943814663977,0.803454939084278,36,36,36.0,72.0,500,-0.1551216777527284,1.2610799698013101e-05,23.655064683113316,4.063763681501405,1.4081320565606308,,,
R2,Seasonal,0.6969311094790245,0.8627576598095926,,36,36,36.0,72.0,500,0.0,0.0,12.871549268971904,9.288216465874937,1.492161257676162,,,
R3,Stationary_AR,0.2573780334929514,0.2612940890864617,,None,24,,,500,0.0,0.0,0.0,0.0,5.0,0.5910162535409176,,
R4,Trending_MeanShift,0.9999451338208822,0.9997802758985844,0.0,None,250,,,500,,,0.0,0.0,1.002531684257075,,250.0,
R1,Composite,0.9998936878087594,0.9918090642287921,0.9511942074418546,12,12,12.0,24.0,500,-0.3863066035974534,-2.8126936475755294e-05,9.232476098085927,7.371793026253682,0.9437353625586046,,,
R2,Seasonal,0.6888678005478843,0.9772471157108398,,12,12,12.0,24.0,500,0.0,0.0,21.17664635109635,5.412009780144445,1.41554265398286,,,
R3,Stationary_AR,0.050318396491840556,0.34412865615756105,,None,71,,,500,0.0,0.0,0.0,0.0,5.0,0.42120045709242354,,
R4,Trending_ExponentialGrowth,0.9977503334954259,0.32636570821529043,0.3866266535639139,None,24,,,500,,,0.0,0.0,0.821179258967464,,,
R1,Composite,0.9999233579982298,0.9987554796139518,0.9645921126617667,36,36,36.0,72.0,500,0.3235424645261436,4.556346333307463e-05,17.473718576355175,6.1064144123878314,0.6376702642610065,,,
R2,Seasonal,0.7194391709003681,0.8734719928880156,,36,36,36.0,72.0,500,0.0,0.0,15.303744795423558,11.132150528851472,0.6071414700994037,,,
R3,Stationary_AR,0.04117467431815014,0.6724227517925796,,None,250,,,500,0.0,0.0,0.0,0.0,5.0,0.6537878096269037,,
R4,Trending_RandomWalkDrift,0.999742617224034,0.9793461093650597,0.9495776101837027,None,125,,,500,,,0.0,0.0,1.3579634319990053,,,0.34176113268434827
R1,Composite,0.9998986032833244,0.998492862457207,0.9073326070758115,24,24,24.0,48.0,500,-0.35274725921059724,2.5925971357373212e-05,17.75343624497723,3.928697108254145,0.7569485115808476,,,
R2,Seasonal,0.7088525114015929,0.9162360754949268,,24,24,24.0,48.0,500,0.0,0.0,11.810976205831361,6.821152249093834,0.5763861614400514,,,
R3,Stationary_AR,0.1872031432792688,0.20149033949692996,,None,31,,,500,0.0,0.0,0.0,0.0,5.0,0.6951286403706706,,
R4,Trending_RandomWalkDrift,0.9983683260694297,0.709232477597475,0.9218795326507734,None,24,,,500,,,0.0,0.0,0.6544603605534657,,,0.17622449611429467
R1,Composite,0.9979748719455227,0.9953215727814896,0.7098145998340866,12,12,12.0,24.0,500,-0.11464988008891859,4.902532261462022e-05,12.217024581720395,2.232020264112861,0.8188218961060588,,,
R2,Seasonal,0.7442990222666795,0.9764453181165551,,12,12,12.0,24.0,500,0.0,0.0,24.674186189952643,7.61344129829263,0.7386814143079333,,,
R3,Stationary_AR,0.0,0.2231242614562302,,None,28,,,500,0.0,0.0,0.0,0.0,5.0,0.4300890900783668,,
R4,Trending_MeanShift,0.999939959212899,0.9997615428656897,0.0,None,250,,,500,,,0.0,0.0,0.526896388576857,,250.0,
R1,Composite,0.9999487217302694,0.9976091398081566,0.9774679198045004,24,24,24.0,48.0,500,-0.3685392909446389,-1.9967467467765144e-05,10.99346129308494,6.752128359076547,0.5597815754453311,,,
R2,Seasonal,0.5811206851039323,0.9612630629620883,,24,24,24.0,48.0,500,0.0,0.0,18.585779006019038,5.417209756048262,1.946338933815126,,,
R3,Stationary_AR,0.017442359008770114,0.23871885729775344,,None,125,,,500,0.0,0.0,0.0,0.0,5.0,0.6748785951549405,,
R4,Trending_MeanShift,0.9966521226865283,0.984658746800774,0.0,None,250,,,500,,,0.0,0.0,0.9057521239542325,,250.0,
R1,Composite,0.9997029884184719,0.9991694952185785,0.9394524370949646,36,36,36.0,72.0,500,0.2026101519611373,-2.6740688930603908e-05,22.965826604298375,5.007870199250123,0.6866062176620304,,,
R2,Seasonal,0.6412629506184617,0.9089941834406583,,36,36,36.0,72.0,500,0.0,0.0,12.17423478553965,6.317099830014707,1.564257187977987,,,
R3,Stationary_WN,0.24248244997598178,0.09999804816608393,,None,2,,,500,0.0,0.0,0.0,0.0,12.29757496135654,,,
R4,Trending_RandomWalkDrift,0.9977170253193881,0.901161893432165,0.8547191741806969,None,125,,,500,,,0.0,0.0,1.3479750788778988,,,0.16968081345727992
R1,Composite,0.9998824290949143,0.9960585902646748,0.9631221513676803,48,50,48.0,96.0,500,0.30389836821911675,-4.820420811853834e-05,10.242391685342561,5.45282400593852,0.8421436415467373,,,
R2,Seasonal,0.5824617229983065,0.981658575156266,,48,50,48.0,96.0,500,0.0,0.0,29.973451087025605,6.135695520809764,0.8460287651921727,,,
R3,Stationary_AR,0.20148158656778126,0.2315200654597157,,None,24,,,500,0.0,0.0,0.0,0.0,5.0,0.48034902308078675,,
R4,Trending_RandomWalkDrift,0.9996818919199814,0.7984734407361546,0.8862447490414727,None,24,,,500,,,0.0,0.0,1.1246555252885504,,,0.3058251764864791
R1,Composite,0.9998740896778893,0.9984284905648357,0.9407884074141173,48,50,48.0,96.0,500,0.3798481004686768,4.3183492504434685e-05,23.896852767760286,5.752703711353701,0.9836897312492104,,,
R2,Seasonal,0.36749579848081093,0.9593014438464765,,48,50,48.0,96.0,500,0.0,0.0,21.639467160828122,4.876201159213384,1.252675396355313,,,
R3,Stationary_AR,0.11176619969951895,0.1715756493540882,,None,56,,,500,0.0,0.0,0.0,0.0,5.0,0.6990037752645379,,
R4,Trending_RandomWalkDrift,0.9993220989783415,0.5905163881636588,0.8303194960592959,None,24,,,500,,,0.0,0.0,1.4288075753949818,,,-0.18328608595051096
R1,Composite,0.9999290805832126,0.9976067935777583,0.9719449583386015,12,12,12.0,24.0,500,0.3076718389999622,1.0812761954209016e-05,10.931885736482002,6.355801685407714,0.5608795743930517,,,
R2,Seasonal,0.7027356071694678,0.9846123484653793,,12,12,12.0,24.0,500,0.0,0.0,29.306348248552837,6.445799872584733,1.4799123680963344,,,
R3,Stationary_WN,0.32480821335931975,0.17672368350278134,,None,2,,,500,0.0,0.0,0.0,0.0,8.787288650937203,,,
R4,Trending_RandomWalkDrift,0.9991717408208564,0.5752724360646011,0.8446384028445467,None,24,,,500,,,0.0,0.0,0.8318833209935661,,,0.24653457696478598
R1,Composite,0.9978577211383329,0.9959812755731502,0.8996615865706724,36,36,36.0,72.0,500,0.15814423433755848,-3.7551955508837424e-05,20.415396084154022,7.035252887773346,1.4329298072802312,,,
R2,Seasonal,0.7078495487185484,0.9712403032508549,,36,36,36.0,72.0,500,0.0,0.0,21.630731185399277,7.007321545482465,0.7087387455081458,,,
R3,Stationary_WN,0.06716359022329477,0.10975847983439924,,None,4,,,500,0.0,0.0,0.0,0.0,10.078904280260641,,,
R4,Trending_RandomWalkDrift,0.9955572876950872,0.9452377563361091,0.0,None,250,,,500,,,0.0,0.0,1.2203283013294994,,,0.26906992838464383
R1,Composite,0.9999498302212426,0.9987839145691821,0.9812381619629533,36,36,36.0,72.0,500,0.3913414135866583,1.722430331606119e-05,16.467989346337614,7.944312460240837,0.5688914007191832,,,
R2,Seasonal,0.7166532248917776,0.9552467539282791,,36,36,36.0,72.0,500,0.0,0.0,26.80468134730582,11.079152598014861,0.746744799375978,,,
R3,Stationary_WN,0.10296214253177816,0.12050373486478427,,None,3,,,500,0.0,0.0,0.0,0.0,5.863821593871329,,,
R4,Trending_ExponentialGrowth,0.9989338642742908,0.33788267150864915,0.3675503888765279,None,24,,,500,,,0.0,0.0,0.7836166085127636,,,
R1,Composite,0.9995249268912026,0.9959716118914499,0.8026739079565675,48,100,48.0,96.0,500,-0.19914480233528836,4.1823021911060744e-05,9.96990187379727,7.410211248296993,0.654995428396812,,,
R2,Seasonal,0.6808820947382754,0.8879859579129852,,48,50,48.0,96.0,500,0.0,0.0,16.11458661271109,10.131781365708848,0.6879260222003687,,,
R3,Stationary_WN,0.13889963500202396,0.17885044779788828,,None,4,,,500,0.0,0.0,0.0,0.0,10.339289699575355,,,
R4,Trending_RandomWalkDrift,0.9992781520028166,0.5532397422805773,0.8479777158356155,None,24,,,500,,,0.0,0.0,0.6040894883982337,,,0.28692144845618783
R1,Composite,0.9997281707543415,0.9982602349633029,0.9355102026821759,12,12,12.0,24.0,500,0.2765778445340863,-1.4324546302376336e-05,21.75353222307339,6.813823034249569,1.0071421952334765,,,
R2,Seasonal,0.6740164028946573,0.9858727862017475,,12,12,12.0,24.0,500,0.0,0.0,25.558910747580022,5.053928208567122,1.274636399146568,,,
R3,Stationary_WN,0.20136129613205855,0.10920495630219362,,None,2,,,500,0.0,0.0,0.0,0.0,13.956528458560607,,,
R4,Trending_RandomWalkDrift,0.9957923823792627,0.0,,None,24,,,500,,,0.0,0.0,0.5679705361895528,,,-0.34412733257038824
R1,Composite,0.9985015943382335,0.9983103995500819,0.9589413829758575,48,50,48.0,96.0,500,0.12077814289907587,-4.9437610791125476e-05,19.81972902174627,6.383757002722797,0.8293003356520461,,,
R2,Seasonal,0.6228808338816884,0.9645834737391792,,48,50,48.0,96.0,500,0.0,0.0,16.269927402195606,5.004319866274592,0.7180222191469174,,,
R3,Stationary_WN,0.2675907363548813,0.10211667773821487,,None,2,,,500,0.0,0.0,0.0,0.0,11.315839895159922,,,
R4,Trending_MeanShift,0.9994358978937217,0.9978093664547613,0.0,None,250,,,500,,,0.0,0.0,0.823667320439421,,250.0,
R1,Composite,0.9993214275839788,0.9955922593031787,0.9396688266136209,36,36,36.0,72.0,500,-0.17418484442889187,-4.4315189768250164e-05,15.96187262288121,7.727993235901974,1.158088800290987,,,
R2,Seasonal,0.6543663921010408,0.9299087261316287,,36,36,36.0,72.0,500,0.0,0.0,16.834446127986382,7.711299695683973,1.837087472290663,,,
R3,Stationary_AR,0.0,0.22800783978645855,,None,125,,,500,0.0,0.0,0.0,0.0,5.0,0.6872840512371325,,
R4,Trending_ExponentialGrowth,0.999413088288074,0.3753817378688551,0.32336679415186054,None,24,,,500,,,0.0,0.0,0.5737643952182545,,,
R1,Composite,0.9990025754286079,0.9975442271403376,0.9334356409536796,24,24,24.0,48.0,500,-0.10167487287622955,1.4316224335127955e-05,12.08391677028767,4.084898326613002,0.7006660869312317,,,
R2,Seasonal,0.7055908248467,0.9563849579214864,,24,24,24.0,48.0,500,0.0,0.0,27.914438134683216,11.16348807425585,1.060039430069507,,,
R3,Stationary_AR,0.251205791805194,0.196268716670413,,None,19,,,500,0.0,0.0,0.0,0.0,5.0,0.6901017361942731,,
R4,Trending_ExponentialGrowth,0.9961252456654186,0.33551831527385767,0.24801260530601665,None,24,,,500,,,0.0,0.0,1.060437718469113,,,
R1,Composite,0.999938037854478,0.9950732426815417,0.9636803346970211,48,50,48.0,96.0,500,0.3908361873024577,2.641594613637029e-05,9.560602700181224,5.864589688749518,0.7031352999643907,,,
R2,Seasonal,0.6567042997221574,0.9378705931173595,,48,50,48.0,96.0,500,0.0,0.0,20.8721733110283,9.109533863104371,0.8872989360773031,,,
R3,Stationary_AR,0.10543122754270096,0.21989940003342445,,None,28,,,500,0.0,0.0,0.0,0.0,5.0,0.40983461423218864,,
R4,Trending_ExponentialGrowth,0.9972357671597445,0.4066053562258919,0.29352443074939627,None,24,,,500,,,0.0,0.0,0.8325554229844241,,,
R1,Composite,0.9999167645057442,0.9989497449682749,0.7186841243987518,12,12,12.0,24.0,500,-0.3998257229359521,-2.3195567074631123e-05,23.569720171924665,2.057770542987535,0.7889407285220292,,,
R2,Seasonal,0.7316601590665026,0.9904348876120252,,12,12,12.0,24.0,500,0.0,0.0,29.969013028150012,5.600636748324215,0.8658268799700185,,,
R3,Stationary_WN,0.1714825310271385,0.21724155976824178,,None,3,,,500,0.0,0.0,0.0,0.0,10.947203526093942,,,
R4,Trending_RandomWalkDrift,0.9991802816163151,0.6598914062459076,0.8438526664254831,None,24,,,500,,,0.0,0.0,1.052548491861153,,,-0.1769968340145546
R1,Composite,0.9998967822181611,0.9995712438876605,0.9148844537177272,36,36,36.0,72.0,500,0.20947044580781884,1.8982789337882114e-05,21.856797988032646,2.6963566579186136,0.5187313943780975,,,
R2,Seasonal,0.6883927954679369,0.9573024431440397,,36,36,36.0,72.0,500,0.0,0.0,16.334489916228968,6.233519533644858,1.0465956481677183,,,
R3,Stationary_AR,0.16059477505204178,0.20103777699848713,,None,16,,,500,0.0,0.0,0.0,0.0,5.0,0.611804804068955,,
R4,Trending_ExponentialGrowth,0.999419656739769,0.4556079036549342,0.4026754062991853,None,24,,,500,,,0.0,0.0,0.8523760943168126,,,
R1,Composite,0.9982815827697236,0.9957103457630365,0.6025337284866581,12,12,12.0,24.0,500,0.1257240679192939,2.6982598586694114e-05,18.13875712339223,2.3204115273002826,1.2388262242378112,,,
R2,Seasonal,0.6539878898835094,0.9829819139434061,,12,12,12.0,24.0,500,0.0,0.0,22.31641071115316,4.6879331467913214,1.5340442708731445,,,
R3,Stationary_AR,0.07434700756113766,0.27250673003142123,,None,50,,,500,0.0,0.0,0.0,0.0,5.0,0.5659816925859472,,
R4,Trending_MeanShift,0.9999897831014731,0.9999591187057673,0.0,None,250,,,500,,,0.0,0.0,0.5497468224015492,,250.0,
R1,Composite,0.9999041480476052,0.9982517385171353,0.9577752183493312,36,36,36.0,72.0,500,-0.38805794970753027,4.0236048669329985e-05,17.607624053515853,6.609624679208207,0.7885023925607451,,,
R2,Seasonal,0.6735655303386676,0.9642047870065936,,36,36,36.0,72.0,500,0.0,0.0,21.16086436681881,6.971757910203107,1.602530127361491,,,
R3,Stationary_WN,0.10587204146186135,0.05622774221009019,,None,2,,,500,0.0,0.0,0.0,0.0,13.65090426100416,,,
R4,Trending_ExponentialGrowth,0.9829990597713247,0.3578486448249848,0.3800804479774005,None,24,,,500,,,0.0,0.0,0.9454611538682801,,,
R1,Composite,0.9979155564795678,0.9965896230972567,0.8393064343140859,36,36,36.0,72.0,500,-0.11369834365534923,-3.706130253094111e-05,21.368473386372134,5.179962473647771,1.4261727351144866,,,
R2,Seasonal,0.7089491373167959,0.9480147766343029,,36,36,36.0,72.0,500,0.0,0.0,21.40624687835517,9.276743980364774,0.9469381048566285,,,
R3,Stationary_WN,0.19065760663937226,0.12611620584976557,,None,3,,,500,0.0,0.0,0.0,0.0,11.429687983636859,,,
R4,Trending_RandomWalkDrift,0.9892684200398757,0.6530700455190857,0.0,None,250,,,500,,,0.0,0.0,1.4062710781399255,,,-0.2641791328231131
R1,Composite,0.9991331617891074,0.9974010468316041,0.9008892826884025,48,50,48.0,96.0,500,-0.1742278590479261,-1.722048766642708e-05,21.900109392347243,4.844773340770957,1.1238107643167532,,,
R2,Seasonal,0.6303608188280704,0.8949427878970874,,48,50,48.0,96.0,500,0.0,0.0,16.290192430363863,8.976741638065835,1.8557013731690093,,,
R3,Stationary_WN,0.022767365692581087,0.24297900292055508,,None,25,,,500,0.0,0.0,0.0,0.0,11.783886077831683,,,
R4,Trending_ExponentialGrowth,0.9998594692714627,0.5051412501238948,0.5835242829742457,None,24,,,500,,,0.0,0.0,0.5020714291854076,,,
R1,Composite,0.9992868903142317,0.992339337832458,0.7632999477546472,24,24,24.0,48.0,500,-0.1628189855618955,4.296714053931e-05,8.639784390036883,2.2514474239159474,0.7698261533410784,,,
R2,Seasonal,0.7078931583232506,0.9039763947187448,,24,24,24.0,48.0,500,0.0,0.0,18.6532202211761,11.414751230659848,0.9582677827894132,,,
R3,Stationary_AR,0.19337994650648072,0.378641351953086,,None,29,,,500,0.0,0.0,0.0,0.0,5.0,0.4806612196402219,,
R4,Trending_RandomWalkDrift,0.950979396331835,0.7181567869912586,0.0518738539043041,None,167,,,500,,,0.0,0.0,1.2454631339734643,,,0.15048202551848805
R1,Composite,0.9996809426331551,0.9937973106233974,0.9275399806735419,24,24,24.0,48.0,500,-0.3009611094845024,-3.374448540533819e-05,14.398266117759285,7.335638538282319,1.297677298351143,,,
R2,Seasonal,0.706739834686363,0.9579566646648396,,24,24,24.0,48.0,500,0.0,0.0,20.630103336210173,8.098957115293722,0.7661886970552398,,,
R3,Stationary_AR,0.14839274508107592,0.28783741226168014,,None,56,,,500,0.0,0.0,0.0,0.0,5.0,0.6530198850562676,,
R4,Trending_MeanShift,0.9997530949789796,0.9990309036042515,0.0,None,250,,,500,,,0.0,0.0,1.0618501754971414,,250.0,
R1,Composite,0.9989416671748044,0.9958694293075302,0.9256864708179542,48,50,48.0,96.0,500,0.1255607504037632,4.16142193816584e-05,16.072164365180033,5.6995657054867035,0.9983841142400973,,,
R2,Seasonal,0.6480118633907586,0.9197661935902938,,48,50,48.0,96.0,500,0.0,0.0,22.767977573028663,11.27118769766993,1.8546979444263008,,,
R3,Stationary_AR,0.1860871755828929,0.35561197537607536,,None,16,,,500,0.0,0.0,0.0,0.0,5.0,0.5105571330737451,,
R4,Trending_MeanShift,0.9989585055331051,0.9955661423942884,0.0,None,250,,,500,,,0.0,0.0,0.5268663217833995,,250.0,
R1,Composite,0.999541628665748,0.9960131133074895,0.9650455222329654,48,50,48.0,96.0,500,-0.18642570905826594,2.610630150723624e-05,12.15194670727491,6.847530108622473,0.8048048699625444,,,
R2,Seasonal,0.6522618388933463,0.956288086380038,,48,50,48.0,96.0,500,0.0,0.0,29.653585854631647,10.668036920976634,1.0439979462152182,,,
R3,Stationary_AR,0.06322826739171516,0.29559425432939934,,None,36,,,500,0.0,0.0,0.0,0.0,5.0,0.5158277806910729,,
R4,Trending_RandomWalkDrift,0.9997219110552281,0.7601165601536559,0.9107896518151795,None,24,,,500,,,0.0,0.0,1.2070217834783625,,,0.44995766131794723
R1,Composite,0.9996428784979821,0.9963399266942538,0.8761636024738249,36,36,36.0,72.0,500,0.17125648082281347,-2.894175817030895e-05,9.933893119888449,2.7722025032438866,0.646357182693413,,,
R2,Seasonal,0.6942846694241369,0.9662791388661283,,36,36,36.0,72.0,500,0.0,0.0,24.617538682162014,8.514330703764758,1.4940912753930136,,,
R3,Stationary_AR,0.21071747152950437,0.2997723727832097,,None,25,,,500,0.0,0.0,0.0,0.0,5.0,0.542076499623861,,
R4,Trending_ExponentialGrowth,0.9954025175939376,0.3700507782278666,0.38196527860972496,None,24,,,500,,,0.0,0.0,1.0084817399913826,,,
R1,Composite,0.9992721335331836,0.9883396215709654,0.874581094061657,36,36,36.0,72.0,500,-0.240769308417617,-1.2106442518520827e-05,12.372233969004984,5.816485188931084,1.266908592707222,,,
R2,Seasonal,0.706037929465776,0.933765005385246,,36,36,36.0,72.0,500,0.0,0.0,23.272994353576507,11.531475922760464,1.373411255397399,,,
R3,Stationary_AR,0.07347259010460061,0.21265579892700603,,None,31,,,500,0.0,0.0,0.0,0.0,5.0,0.6575681683784776,,
R4,Trending_ExponentialGrowth,0.9954986506498246,0.3705310031127407,0.23760970816823856,None,24,,,500,,,0.0,0.0,1.1313787077114243,,,
R1,Composite,0.9998485298315478,0.9978946206112705,0.8406098573328957,24,24,24.0,48.0,500,-0.31454405458339607,3.6826747979040646e-05,15.979460571350796,2.852654200709491,0.8319197949492296,,,
R2,Seasonal,0.6409525887207312,0.975709900904876,,24,24,24.0,48.0,500,0.0,0.0,24.719653764054566,6.282511174770184,1.5608917166984047,,,
R3,Stationary_AR,0.16255072382856484,0.28052207259539563,,None,19,,,500,0.0,0.0,0.0,0.0,5.0,0.484393804789998,,
R4,Trending_ExponentialGrowth,0.9993547100570107,0.28707723436735144,0.36650525694619274,None,24,,,500,,,0.0,0.0,0.665752231993488,,,
R1,Composite,0.999934495618305,0.9989833099755167,0.9183683332102787,48,50,48.0,96.0,500,0.3919787848566515,-1.0025355952561391e-05,20.717367824355513,2.848314146553172,0.5330910138324295,,,
R2,Seasonal,0.6790288533044377,0.8845418614853442,,48,50,48.0,96.0,500,0.0,0.0,17.861418117012978,11.503419809769575,0.944749816390873,,,
R3,Stationary_AR,0.010051567445212961,0.8363907922170989,,None,250,,,500,0.0,0.0,0.0,0.0,5.0,0.4529197530023563,,
R4,Trending_ExponentialGrowth,0.9995901087739416,0.3505331001959786,0.3495171125884554,None,24,,,500,,,0.0,0.0,0.6798830203210591,,,
R1,Composite,0.9987762056573537,0.9970004349621927,0.9081935246574204,24,24,24.0,48.0,500,-0.14538570017849917,2.8424376955246955e-05,16.907956930276875,5.3452070137172925,0.9895280660706053,,,
R2,Seasonal,0.678237334871326,0.9672834274485116,,24,24,24.0,48.0,500,0.0,0.0,14.109503522685657,4.602910388002553,0.8510335571889578,,,
R3,Stationary_WN,0.15769287082994032,0.21894635673010698,,None,6,,,500,0.0,0.0,0.0,0.0,10.345044590577249,,,
R4,Trending_RandomWalkDrift,0.9903600019421942,0.889780556896826,0.7735445899029243,None,250,,,500,,,0.0,0.0,0.7307498032195263,,,-0.25674460248918624
R1,Composite,0.9996071165268176,0.9966162451419253,0.9314298111006537,24,24,24.0,48.0,500,0.2110037780685458,2.5075512936152265e-05,15.279355422114797,6.000819037325357,1.0026122805793238,,,
R2,Seasonal,0.7042419259884873,0.9521157786668295,,24,24,24.0,48.0,500,0.0,0.0,21.90371943110513,9.156470255520155,0.8551004078197442,,,
R3,Stationary_AR,0.399612010438101,0.2594704769860213,,None,12,,,500,0.0,0.0,0.0,0.0,5.0,0.653174464041402,,
R4,Trending_RandomWalkDrift,0.9983739633572954,0.9045129174347842,0.5266592988647815,None,250,,,500,,,0.0,0.0,1.0274627261599,,,-0.28747518548644313
R1,Composite,0.9997170431754746,0.996582570476602,0.8431830079831681,24,24,24.0,48.0,500,0.3076926037984174,2.950330519992392e-05,18.63623905233498,4.349143659638627,1.1631017408299618,,,
R2,Seasonal,0.5707935569027036,0.9821017607633729,,24,24,24.0,48.0,500,0.0,0.0,26.019643674824678,5.002310221931458,1.69028701027626,,,
R3,Stationary_WN,0.11716431418307871,0.10915668828175618,,None,3,,,500,0.0,0.0,0.0,0.0,12.873740575930894,,,
R4,Trending_RandomWalkDrift,0.9998617163869717,0.7818250105142892,0.8988971265382344,None,24,,,500,,,0.0,0.0,0.8204534792930376,,,-0.34207920690869714
R1,Composite,0.9998436626389772,0.9961957071077262,0.9432431322754651,12,12,12.0,24.0,500,-0.3051365261414771,-2.6270024808098058e-05,13.03645786799014,6.602222200037263,0.8164526078599004,,,
R2,Seasonal,0.6617994583046027,0.9720651191936621,,12,12,12.0,24.0,500,0.0,0.0,22.356267384253158,5.99641133866644,1.8302217825714524,,,
R3,Stationary_AR,0.0711717437398448,0.2735437700363397,,None,38,,,500,0.0,0.0,0.0,0.0,5.0,0.5026452154049839,,
R4,Trending_RandomWalkDrift,0.7097497583385608,0.0,0.0,None,167,,,500,,,0.0,0.0,0.5663854035804695,,,-0.3638869844239644
R1,Composite,0.9997842933051446,0.9953137941513269,0.7655415431234549,12,12,12.0,24.0,500,-0.38963765638010206,1.560174854347482e-05,16.579667281359097,3.4643091109031063,1.2064132238696432,,,
R2,Seasonal,0.743355746913253,0.9751152243140456,,12,12,12.0,24.0,500,0.0,0.0,28.954904136451816,8.955052212608063,1.063927229022463,,,
R3,Stationary_WN,0.16488336831153205,0.182568277178215,,None,5,,,500,0.0,0.0,0.0,0.0,8.806618027965511,,,
R4,Trending_ExponentialGrowth,0.9924323328389243,0.36949382050255797,0.31640509792433824,None,24,,,500,,,0.0,0.0,0.6283950711277047,,,
R1,Composite,0.9997519379631883,0.9896906428256753,0.7954214140677038,48,50,48.0,96.0,500,0.3511867152929584,1.0306256685140714e-05,11.63736819432626,3.2158842496026456,1.098600637732147,,,
R2,Seasonal,0.6559058228463921,0.9548042374039943,,48,50,48.0,96.0,500,0.0,0.0,21.13856171423,7.722979245216987,0.6539102098638003,,,
R3,Stationary_AR,0.07231633646957691,0.21885800575644732,,None,25,,,500,0.0,0.0,0.0,0.0,5.0,0.5663022521838055,,
R4,Trending_MeanShift,0.9999036881619953,0.9996130205747369,0.0,None,250,,,500,,,0.0,0.0,0.8852936184409903,,250.0,
R1,Composite,0.9995302547439258,0.9878685709574139,0.8637745018970511,24,24,24.0,48.0,500,-0.28380283384641336,3.100835538803668e-05,10.2997462120328,5.45583083170629,1.2455932828938774,,,
R2,Seasonal,0.6750100777937718,0.8759559163161967,,24,24,24.0,48.0,500,0.0,0.0,14.283410911490119,9.545575256786373,1.6357356014263091,,,
R3,Stationary_WN,0.2456179495447347,0.11386593568616621,,None,2,,,500,0.0,0.0,0.0,0.0,6.545810797452699,,,
R4,Trending_ExponentialGrowth,0.9967920593155118,0.3486349819860892,0.32642739837644774,None,24,,,500,,,0.0,0.0,1.4104233392359111,,,
R1,Composite,0.99985375463731,0.997571142073855,0.9318409897092836,24,24,24.0,48.0,500,-0.376101283398555,3.89825407346659e-05,17.513613519164,5.96555469845229,0.9351074387642402,,,
R2,Seasonal,0.6554127730267789,0.981282244160256,,24,24,24.0,48.0,500,0.0,0.0,18.860329617729498,4.278645410705498,1.035563423053222,,,
R3,Stationary_AR,0.03357820518537913,0.8368239748581652,,None,250,,,500,0.0,0.0,0.0,0.0,5.0,0.5423584525903049,,
R4,Trending_ExponentialGrowth,0.9994277531349055,0.3490753480205968,0.29619847701598623,None,24,,,500,,,0.0,0.0,0.7865049821197277,,,
R1,Composite,0.9993657137934923,0.9979039539892338,0.8937803769334578,12,12,12.0,24.0,500,-0.18403908272582625,-3.0408063025157085e-05,22.549635918203744,5.9791752802887,1.131434321426644,,,
R2,Seasonal,0.7394134065728657,0.8750441685334808,,12,12,12.0,24.0,500,0.0,0.0,13.460356692466014,10.184171214377347,1.2600381604334872,,,
R3,Stationary_AR,0.05024656335659983,0.2507599709121541,,None,33,,,500,0.0,0.0,0.0,0.0,5.0,0.4488766510825518,,
R4,Trending_RandomWalkDrift,0.9987095937295033,0.6995555668107422,0.9169501550461476,None,24,,,500,,,0.0,0.0,0.9985826782552325,,,0.20423136251907126
R1,Composite,0.9985656600634308,0.9955881662718049,0.8756228891438784,12,12,12.0,24.0,500,0.11372674241079667,2.931074319500083e-05,14.670057054899072,4.9728566964155245,1.0800862551320154,,,
R2,Seasonal,0.7370043682632337,0.9608248027748281,,12,12,12.0,24.0,500,0.0,0.0,12.817341877569854,4.943322368100813,0.6809747533063968,,,
R3,Stationary_WN,0.18830199347498278,0.15048076350029949,,None,3,,,500,0.0,0.0,0.0,0.0,5.372753073205827,,,
R4,Trending_RandomWalkDrift,0.9971540868906736,0.0,,None,24,,,500,,,0.0,0.0,0.5957691746544235,,,-0.3731505679879261
R1,Composite,0.9998714912249815,0.9990085329663525,0.9228099084293845,36,36,36.0,72.0,500,-0.2842718833442093,-2.2965014784803357e-05,21.750817033440143,4.418558454137599,0.782670774795859,,,
R2,Seasonal,0.7059164255281097,0.9152321563089344,,36,36,36.0,72.0,500,0.0,0.0,18.175552285697755,10.30347793813888,1.2409826098538863,,,
R3,Stationary_AR,0.12005202228546374,0.21673233148580706,,None,21,,,500,0.0,0.0,0.0,0.0,5.0,0.44917338152150965,,
R4,Trending_RandomWalkDrift,0.9966828944601132,0.8071583779576725,0.7071438174927267,None,250,,,500,,,0.0,0.0,1.3159471168388004,,,-0.36676533258557165
R1,Composite,0.9996841010261419,0.9986881983205346,0.9628166176484799,12,12,12.0,24.0,500,-0.15862694043246245,4.832423617943532e-05,13.563857407489888,4.966567600362702,0.5407681197975792,,,
R2,Seasonal,0.7201572688141477,0.9698451788900493,,12,12,12.0,24.0,500,0.0,0.0,25.766834464749245,8.325753405323166,1.391577102356245,,,
R3,Stationary_AR,0.17163584285272426,0.3312914015445668,,None,33,,,500,0.0,0.0,0.0,0.0,5.0,0.6503209295847721,,
R4,Trending_RandomWalkDrift,0.9952866781489336,0.6457227638698952,0.8713948328807433,None,24,,,500,,,0.0,0.0,0.8515816129943495,,,-0.16981710552668763
R1,Composite,0.9995582485535488,0.9983600994919949,0.8000747282627603,12,12,12.0,24.0,500,-0.1945196315828372,3.390025417614147e-05,18.864148987433047,2.8677596127992677,0.720961779396111,,,
R2,Seasonal,0.7404032761554659,0.9600669625903031,,12,12,12.0,24.0,500,0.0,0.0,27.970592853405535,11.120621828283264,1.3599259736112845,,,
R3,Stationary_WN,0.14660580925164346,0.043680603087346226,,None,3,,,500,0.0,0.0,0.0,0.0,8.888104117234217,,,
R4,Trending_RandomWalkDrift,0.6060232296970772,0.23199575371491887,0.0,None,167,,,500,,,0.0,0.0,1.3104042864002652,,,-0.16139651732681035
R1,Composite,0.9995363038033317,0.9928241936025302,0.942027256296642,48,50,48.0,96.0,500,0.212847278163263,-2.831088294980787e-05,10.79025062826382,6.167353300106337,0.9248618676045038,,,
R2,Seasonal,0.41350656583079926,0.9664422559781484,,48,50,48.0,96.0,500,0.0,0.0,18.931134252828002,4.05198573872114,1.2889968703419834,,,
R3,Stationary_WN,0.16945865199134857,0.11010817343507462,,None,2,,,500,0.0,0.0,0.0,0.0,7.229162425289022,,,
R4,Trending_ExponentialGrowth,0.9884147546849157,0.35144778578321556,0.3019365258903799,None,24,,,500,,,0.0,0.0,1.3216025765352022,,,
R1,Composite,0.9999212257727735,0.9942757566862793,0.9392299116581566,12,12,12.0,24.0,500,0.3613654503711057,-2.9882385521065148e-05,8.240010883827715,4.859853888229833,0.6505559293818111,,,
R2,Seasonal,0.7355516443451042,0.9652459155958142,,12,12,12.0,24.0,500,0.0,0.0,24.041494102595117,8.695168403187438,1.2309887724151625,,,
R3,Stationary_AR,0.17056517129644255,0.30998172667294943,,None,23,,,500,0.0,0.0,0.0,0.0,5.0,0.5421481357420347,,
R4,Trending_MeanShift,0.9999848568338938,0.9999395682373314,0.05822022918270486,None,250,,,500,,,0.0,0.0,0.5168497792754752,,250.0,
R1,Composite,0.9993560457121853,0.9972823402869828,0.8298879716653299,36,36,36.0,72.0,500,0.22729362386382373,4.9138218485774004e-05,24.858820458977537,5.086557113493642,1.39232317718439,,,
R2,Seasonal,0.6508920515157601,0.9790048157423478,,36,36,36.0,72.0,500,0.0,0.0,18.749196339217843,4.485666656303272,1.0743846200757872,,,
R3,Stationary_WN,0.1764073108787665,0.20085577531433052,,None,4,,,500,0.0,0.0,0.0,0.0,7.980153594985047,,,
R4,Trending_RandomWalkDrift,0.9988318707188906,0.7066195695513316,0.8961598626002865,None,24,,,500,,,0.0,0.0,1.202925285424005,,,0.3562007075521154
R1,Composite,0.9995585842022296,0.9906637051099089,0.7133288624416764,36,36,36.0,72.0,500,0.3181994008196951,-4.349371285641458e-05,13.028539476623953,2.7101069937435267,1.2601245596084043,,,
R2,Seasonal,0.6809133808198744,0.9858189853580016,,36,36,36.0,72.0,500,0.0,0.0,28.65533533409544,6.177245132156597,1.172242275591778,,,
R3,Stationary_AR,0.09466081192894937,0.37419725610575016,,None,50,,,500,0.0,0.0,0.0,0.0,5.0,0.5376188727742721,,
R4,Trending_ExponentialGrowth,0.9973028676115124,0.39057519573476684,0.3071330728196392,None,24,,,500,,,0.0,0.0,0.736054527469483,,,
R1,Composite,0.9993498208907201,0.9944927316762818,0.9709021727182781,36,36,36.0,72.0,500,-0.1375044139845905,1.813014845901949e-05,9.165285419584585,7.462532021462231,0.7161145232251862,,,
R2,Seasonal,0.6871429035659479,0.945621564421709,,36,36,36.0,72.0,500,0.0,0.0,24.306717735874884,10.46435812510801,1.994852030278877,,,
R3,Stationary_AR,0.23210425624077202,0.32214219489395934,,None,12,,,500,0.0,0.0,0.0,0.0,5.0,0.40270754244155826,,
R4,Trending_MeanShift,0.9994778261936168,0.9979074302954147,0.0,None,250,,,500,,,0.0,0.0,0.9294376183629712,,250.0,
R1,Composite,0.9997747892374513,0.996413803903854,0.9262322034882664,24,24,24.0,48.0,500,-0.3034767503679083,-3.171143719803062e-05,15.856208803851327,6.338623980726779,1.075320248315506,,,
R2,Seasonal,0.7079547842547124,0.9219266946246183,,24,24,24.0,48.0,500,0.0,0.0,21.434200787198904,11.565554966496645,0.805876220123462,,,
R3,Stationary_WN,0.33434085528737445,0.18143386783872806,,None,2,,,500,0.0,0.0,0.0,0.0,14.447420725051476,,,
R4,Trending_MeanShift,0.9999577009925955,0.9998313191197837,0.0736502184226141,None,250,,,500,,,0.0,0.0,0.5571387884438614,,250.0,
R1,Composite,0.9994346030956075,0.9990686209326394,0.9780298477371204,24,24,24.0,48.0,500,0.11672499684266584,-1.5007025311081878e-05,17.391691155866475,6.7026576308752865,0.5519120694114388,,,
R2,Seasonal,0.7088690560785897,0.9035525406664805,,24,24,24.0,48.0,500,0.0,0.0,12.265217379703873,7.543062660401104,0.5287917994816977,,,
R3,Stationary_WN,0.15783059220995133,0.233365152224572,,None,8,,,500,0.0,0.0,0.0,0.0,8.467060233170205,,,
R4,Trending_ExponentialGrowth,0.9992526997052275,0.3781668822151707,0.3191829835856299,None,24,,,500,,,0.0,0.0,1.3618250330157422,,,
R1,Composite,0.9992122273399392,0.9989660001443724,0.7953709338995127,12,12,12.0,24.0,500,-0.1328426982925356,1.6244446083139332e-05,22.33496935264868,2.542975549966305,0.7453518440775573,,,
R2,Seasonal,0.6841949450027336,0.953203143177627,,12,12,12.0,24.0,500,0.0,0.0,16.80495558900226,6.206764522061085,1.640575903522071,,,
R3,Stationary_WN,0.06023560758929836,0.14329104808943394,,None,10,,,500,0.0,0.0,0.0,0.0,7.652546765057652,,,
R4,Trending_RandomWalkDrift,0.9976978383819138,0.6059340733299656,0.901845743533144,None,24,,,500,,,0.0,0.0,0.5580068847646422,,,0.236306171498436
R1,Composite,0.9998592215778556,0.9953227455876378,0.8720988630920424,48,50,48.0,96.0,500,0.3103185788960292,-2.1699747581325068e-05,10.941595623728666,2.9330596633690726,0.7115219202692069,,,
R2,Seasonal,0.6184836085434703,0.9297527091059139,,48,50,48.0,96.0,500,0.0,0.0,17.499787737367555,7.532914009886207,1.6324550653990633,,,
R3,Stationary_AR,0.1486680988788931,0.20245064208205588,,None,17,,,500,0.0,0.0,0.0,0.0,5.0,0.4358113366766021,,
R4,Trending_MeanShift,0.9999655982616831,0.9998620287363497,0.0,None,250,,,500,,,0.0,0.0,0.8197007936168978,,250.0,
R1,Composite,0.998579552872446,0.9881813181382201,0.8393903396378708,24,24,24.0,48.0,500,-0.1615699695604086,-4.504445244032006e-05,12.57593582091473,5.799635679735707,1.4521080592596372,,,
R2,Seasonal,0.7049279551822731,0.850617778675532,,24,24,24.0,48.0,500,0.0,0.0,12.659016942845497,9.916441877907946,0.8752761258843599,,,
R3,Stationary_WN,0.1884616209346749,0.1927485258953755,,None,4,,,500,0.0,0.0,0.0,0.0,8.4386823757376,,,
R4,Trending_RandomWalkDrift,0.9290220869895529,0.7464790070946965,0.0,None,250,,,500,,,0.0,0.0,0.724452115343624,,,-0.189964992058863
R1,Composite,0.9995448934689445,0.9846870328054099,0.7152214700360303,24,24,24.0,48.0,500,0.2979679021031941,-4.7169306104861716e-05,9.57003482133177,2.9343436128379,1.2557122152858624,,,
R2,Seasonal,0.6248677097143841,0.9570365935822072,,24,24,24.0,48.0,500,0.0,0.0,12.346850022694111,4.148928928477609,1.2509907022655673,,,
R3,Stationary_WN,0.2388496425076837,0.25054896819699246,,None,4,,,500,0.0,0.0,0.0,0.0,5.049775683634979,,,
R4,Trending_MeanShift,0.9998959031685873,0.9995888432575001,0.0,None,250,,,500,,,0.0,0.0,0.8312135150530502,,250.0,
R1,Composite,0.9984956809247015,0.9944760116076219,0.7066740259185678,36,36,36.0,72.0,500,-0.16800915391776228,-1.4297263457817678e-05,18.782372090765463,3.157536792301043,1.4170123317408851,,,
R2,Seasonal,0.7125035753442004,0.9249036948821973,,36,36,36.0,72.0,500,0.0,0.0,22.275128892050585,11.933085009110517,1.0339163570085685,,,
R3,Stationary_WN,0.29227941693039594,0.10995348316195208,,None,2,,,500,0.0,0.0,0.0,0.0,11.054988530175578,,,
R4,Trending_ExponentialGrowth,0.9970016841721112,0.35452433702358555,0.33170165381480265,None,24,,,500,,,0.0,0.0,0.8042634263781867,,,
R1,Composite,0.9982375305347444,0.998801084265319,0.8131453508949784,12,12,12.0,24.0,500,0.12246501586171314,-4.409612513030778e-05,24.75907796618624,3.3811969104786455,0.8588007500242542,,,
R2,Seasonal,0.6845526388329533,0.9739737194353799,,12,12,12.0,24.0,500,0.0,0.0,24.85126777562923,6.857716061878791,1.6497638203155216,,,
R3,Stationary_AR,0.013342248968418069,0.547666387884006,,None,167,,,500,0.0,0.0,0.0,0.0,5.0,0.43455028708286003,,
R4,Trending_MeanShift,0.9994577500090503,0.9978020536745799,0.0,None,250,,,500,,,0.0,0.0,1.0191729530127205,,250.0,
R1,Composite,0.9996562140260027,0.9938440251980089,0.639229027846769,36,36,36.0,72.0,500,-0.36391129359333996,-2.157692843774817e-05,17.742735004501398,2.903578349419741,1.2209595947247633,,,
R2,Seasonal,0.7152493816272597,0.951663961348998,,36,36,36.0,72.0,500,0.0,0.0,16.159559633014744,6.87611937559678,0.6078778378313402,,,
R3,Stationary_AR,0.20814915222086272,0.2255303530653574,,None,12,,,500,0.0,0.0,0.0,0.0,5.0,0.5578969245527078,,
R4,Trending_RandomWalkDrift,0.9998243561912576,0.7027385598187517,0.9033831109975857,None,24,,,500,,,0.0,0.0,0.6039393490894889,,,0.46291014530055474
R1,Composite,0.999385989523458,0.996604392728216,0.9701904758114809,36,36,36.0,72.0,500,-0.11908943081293293,-2.559007402326483e-05,11.691436756868349,7.418857500619827,0.6543621369169821,,,
R2,Seasonal,0.6536196102431339,0.9706457357871231,,36,36,36.0,72.0,500,0.0,0.0,14.798068936482087,4.256655782863655,1.0309829201591745,,,
R3,Stationary_AR,0.0,0.14296154642073866,,None,38,,,500,0.0,0.0,0.0,0.0,5.0,0.4605598524563995,,
R4,Trending_MeanShift,0.9999571185327214,0.9998278983392129,0.0,None,250,,,500,,,0.0,0.0,0.6219226583253098,,250.0,
R1,Composite,0.9998248116038255,0.998700391677739,0.7934135573067578,24,24,24.0,48.0,500,-0.3259508386979326,2.430769854198303e-05,23.253822218326043,2.8732807005790013,0.786281298189702,,,
R2,Seasonal,0.611781519387453,0.9301301431708104,,24,24,24.0,48.0,500,0.0,0.0,14.021154569304759,5.885862697998858,1.8388844211623563,,,
R3,Stationary_AR,0.1034250398128268,0.26543197110467476,,None,24,,,500,0.0,0.0,0.0,0.0,5.0,0.5857533756964716,,
R4,Trending_RandomWalkDrift,0.999765991204138,0.6132730344027945,0.8763557557350585,None,24,,,500,,,0.0,0.0,1.1879121270399917,,,-0.4811171759263976
R1,Composite,0.9996430908919369,0.9935865530528253,0.8535839546195267,36,36,36.0,72.0,500,-0.24812528412711204,1.8945586114803473e-05,11.336012601588422,4.071805414194325,0.9360518195686007,,,
R2,Seasonal,0.7159485658571798,0.9481404620870986,,36,36,36.0,72.0,500,0.0,0.0,20.19087989049477,8.948532245083182,0.663933046968434,,,
R3,Stationary_AR,0.10305526073614346,0.2944128665550617,,None,50,,,500,0.0,0.0,0.0,0.0,5.0,0.5173484949259037,,
R4,Trending_RandomWalkDrift,0.0,0.007186477239526812,0.0,None,167,,,500,,,0.0,0.0,0.8491813139023034,,,0.48950027900139437
R1,Composite,0.9996874212215289,0.9989983467129386,0.9159108727507899,36,36,36.0,72.0,500,-0.2355580386568007,4.627776022018016e-05,24.305834502985718,4.787041223658203,0.8210972288974966,,,
R2,Seasonal,0.6306154950510964,0.9512188873245077,,36,36,36.0,72.0,500,0.0,0.0,13.931828559861625,5.014407049048068,1.4988141359342912,,,
R3,Stationary_WN,0.054712716940474415,0.20394239616494825,,None,14,,,500,0.0,0.0,0.0,0.0,13.097603353521714,,,
R4,Trending_RandomWalkDrift,0.9992890466544261,0.9220920618011007,0.9267077627242531,None,125,,,500,,,0.0,0.0,0.5045454551740366,,,0.3533086741301149
R1,Composite,0.9989034525560916,0.9975097716602528,0.882066873032919,36,36,36.0,72.0,500,0.18218109943831173,-3.0818972242043914e-05,22.35839961408353,5.811212892998354,1.225220666156747,,,
R2,Seasonal,0.7037737403926574,0.8921137011154754,,36,36,36.0,72.0,500,0.0,0.0,17.481297723386056,11.222886927537022,1.2658727127697473,,,
R3,Stationary_AR,0.15258765993557866,0.2847898429500907,,None,19,,,500,0.0,0.0,0.0,0.0,5.0,0.522706579842487,,
R4,Trending_RandomWalkDrift,0.9994722709907244,0.7781912135486357,0.9086915439525005,None,24,,,500,,,0.0,0.0,0.9997316712073664,,,-0.2643896277008123
R1,Composite,0.9995071985812638,0.9835519096830323,0.8025823678768381,12,12,12.0,24.0,500,-0.288473973777941,2.8534458931658906e-05,9.573889290643637,4.493303324367027,1.3860950128097143,,,
R2,Seasonal,0.7464272690744128,0.9680122532077975,,12,12,12.0,24.0,500,0.0,0.0,28.50677117414738,10.31668043940522,1.0894940283502712,,,
R3,Stationary_AR,0.09607603946904963,0.34498376637668215,,None,33,,,500,0.0,0.0,0.0,0.0,5.0,0.5672084743228116,,
R4,Trending_RandomWalkDrift,0.0,0.025518918150376324,0.0,None,250,,,500,,,0.0,0.0,0.8499983204242747,,,-0.4797468005584722
R1,Composite,0.9998166100823462,0.9981653695807446,0.8859725232970453,24,24,24.0,48.0,500,-0.3580291547961738,-3.9110643593640645e-05,24.08011695931191,5.177332014170936,1.07567877377797,,,
R2,Seasonal,0.6954202171268093,0.7903281964589328,,24,24,24.0,48.0,500,0.0,0.0,11.013742784523458,10.45757160701866,1.2697924974240493,,,
R3,Stationary_AR,0.08482560893316515,0.2638510418732649,,None,29,,,500,0.0,0.0,0.0,0.0,5.0,0.5079202191597239,,
R4,Trending_ExponentialGrowth,0.973100338138019,0.40840482172801196,0.27410321496850587,None,24,,,500,,,0.0,0.0,1.2849218273695642,,,
R1,Composite,0.999582328505788,0.9983939937603542,0.9642063117427864,12,12,12.0,24.0,500,0.16575345496189942,1.8158806279776463e-05,18.076757499043204,7.566762063060731,0.6787341177123887,,,
R2,Seasonal,0.678982241042332,0.9854321717675469,,12,12,12.0,24.0,500,0.0,0.0,27.09433686569789,5.5110183294508985,1.5501102718546609,,,
R3,Stationary_AR,0.05495019790528888,0.37937835123447017,,None,100,,,500,0.0,0.0,0.0,0.0,5.0,0.4833864470780584,,
R4,Trending_RandomWalkDrift,0.9990920768638981,0.7306733411687533,0.8892510445757211,None,24,,,500,,,0.0,0.0,1.2674891584946817,,,0.43546195934710374
R1,Composite,0.998012823730031,0.9973406922650815,0.7175626694796929,36,36,36.0,72.0,500,-0.13308311065224987,4.491170070199955e-05,19.53075694640028,2.4488634113952843,1.0409904325369295,,,
R2,Seasonal,0.7057356068440429,0.9371104439353571,,36,36,36.0,72.0,500,0.0,0.0,17.374721236187323,8.399671510244605,0.9612294054666252,,,
R3,Stationary_WN,0.030188438866657674,0.19351170464325518,,None,56,,,500,0.0,0.0,0.0,0.0,12.290106736036098,,,
R4,Trending_ExponentialGrowth,0.9993189429079176,0.4051813415955815,0.385616806298837,None,24,,,500,,,0.0,0.0,1.2242843243193122,,,
R1,Composite,0.9995521061167372,0.9919345985231512,0.479130850162799,12,12,12.0,24.0,500,0.3798136792237956,-4.6940325087743584e-05,16.752496594943004,2.021969422058012,1.4779479539319857,,,
R2,Seasonal,0.7225108704357056,0.9367994461918234,,12,12,12.0,24.0,500,0.0,0.0,13.96909227874267,6.5895417412834325,1.1219503142992129,,,
R3,Stationary_WN,0.19250394961663742,0.15026256557643347,,None,3,,,500,0.0,0.0,0.0,0.0,14.3732034949041,,,
R4,Trending_RandomWalkDrift,0.999739949026427,0.6498745728034787,0.8623002492551364,None,24,,,500,,,0.0,0.0,0.6222460344617523,,,0.41307691744588804
R1,Composite,0.9998435035806921,0.9973167791102808,0.9687602433845892,36,36,36.0,72.0,500,-0.23695219254221156,-4.554032644607733e-05,12.868922413420805,7.1175680513291555,0.6847675615931658,,,
R2,Seasonal,0.6485529105413559,0.9917997669686668,,36,36,36.0,72.0,500,0.0,0.0,26.810894881313146,4.015278234294582,0.9940139916141781,,,
R3,Stationary_WN,0.14392816058987978,0.11129525436852339,,None,3,,,500,0.0,0.0,0.0,0.0,13.713811184050787,,,
R4,Trending_MeanShift,0.9999158407593552,0.9996624600164862,0.0,None,250,,,500,,,0.0,0.0,0.9239087518813175,,250.0,
R1,Composite,0.9999005736920742,0.9986669749536463,0.9441178032243808,12,12,12.0,24.0,500,-0.32852429485911516,2.348951409247072e-05,17.661249890508678,5.304200224923398,0.7013374645319606,,,
R2,Seasonal,0.7368900403086682,0.9750994978629424,,12,12,12.0,24.0,500,0.0,0.0,14.026079403559438,4.303562211643691,0.5856921597284006,,,
R3,Stationary_AR,0.11353861873180593,0.17027208137974426,,None,17,,,500,0.0,0.0,0.0,0.0,5.0,0.5006817515099726,,
R4,Trending_ExponentialGrowth,0.9979433698716234,0.36752861715343577,0.3268005179662088,None,24,,,500,,,0.0,0.0,1.4626315887146242,,,
R1,Composite,0.9999236207665261,0.9990309445643457,0.9728020704482407,36,36,36.0,72.0,500,-0.32096043558073306,3.2069998784487415e-05,17.593041738574183,6.2162426664982116,0.6273965907259569,,,
R2,Seasonal,0.6998427814537804,0.8462208112841006,,36,36,36.0,72.0,500,0.0,0.0,13.62134381165368,10.636932557175378,1.5464731003801329,,,
R3,Stationary_AR,0.03723765476123653,0.27799529909613696,,None,71,,,500,0.0,0.0,0.0,0.0,5.0,0.6222248657591588,,
R4,Trending_RandomWalkDrift,0.9694039580144044,0.1119483965311352,0.0,None,167,,,500,,,0.0,0.0,0.7097006934703768,,,0.4095808760669043
R1,Composite,0.9999663545522638,0.9991476212332159,0.874633788670736,36,36,36.0,72.0,500,0.39640670540161094,3.2653761574145924e-05,16.69465359596694,2.348649915882874,0.5233471694281385,,,
R2,Seasonal,0.7072942652979044,0.9261768248841932,,36,36,36.0,72.0,500,0.0,0.0,13.426719764376426,7.097356965302573,0.8939629964740741,,,
R3,Stationary_AR,0.1328125565368471,0.3429343166948612,,None,45,,,500,0.0,0.0,0.0,0.0,5.0,0.6644859253615051,,
R4,Trending_MeanShift,0.9993669287490847,0.9973765445868429,0.0,None,250,,,500,,,0.0,0.0,1.2996748285738575,,250.0,
R1,Composite,0.9996372893537585,0.9987246467269645,0.9093519428209941,24,24,24.0,48.0,500,0.1592703931253111,-4.8164514890583635e-05,14.577186666265156,2.9404678212852913,0.5800320391724814,,,
R2,Seasonal,0.6778899665807242,0.8109396935684753,,24,24,24.0,48.0,500,0.0,0.0,11.889075235587995,10.239025356450412,1.814644618854619,,,
R3,Stationary_WN,0.31823984313835385,0.17952238048149094,,None,2,,,500,0.0,0.0,0.0,0.0,9.415346232541918,,,
R4,Trending_RandomWalkDrift,0.9996605971397599,0.7669554684809821,0.898585000982414,None,24,,,500,,,0.0,0.0,1.4491928628353516,,,0.3603342100648155
R1,Composite,0.9998637950710738,0.9959560349001696,0.9183625737126203,36,36,36.0,72.0,500,-0.34189244812758046,3.478845115848138e-05,12.11781620821644,4.957418875173392,0.8656656028522977,,,
R2,Seasonal,0.5614887743105725,0.9137462050252969,,36,36,36.0,72.0,500,0.0,0.0,11.229879483135353,4.892553666526206,1.9643714120961375,,,
R3,Stationary_AR,0.04339835043760032,0.1991224772864273,,None,45,,,500,0.0,0.0,0.0,0.0,5.0,0.40759999277865006,,
R4,Trending_MeanShift,0.9999085668544981,0.9996397678943308,0.0,None,250,,,500,,,0.0,0.0,0.7340458201906387,,250.0,
R1,Composite,0.9975755814688856,0.9894602208397559,0.7942027475160942,24,24,24.0,48.0,500,0.13539695429803733,-4.8541568845536445e-05,10.683456313866333,3.8478378080452216,1.1343271230186556,,,
R2,Seasonal,0.7065312571672847,0.8580172756503932,,24,24,24.0,48.0,500,0.0,0.0,14.71589086314805,11.251973954078164,1.0556852159487602,,,
R3,Stationary_AR,0.025318002869535228,0.35455669052150596,,None,100,,,500,0.0,0.0,0.0,0.0,5.0,0.4522128450213227,,
R4,Trending_RandomWalkDrift,0.9998374570943159,0.717493347856796,0.90754743950985,None,24,,,500,,,0.0,0.0,1.1315757335262957,,,-0.45823776780196757
R1,Composite,0.9996848497533145,0.9841857197750151,0.9061538593270332,48,50,48.0,96.0,500,-0.34958799162052934,-3.0226366227718438e-05,10.529616899238494,6.947303831156111,1.3292457339413724,,,
R2,Seasonal,0.6488831256057421,0.9590593136169395,,48,50,48.0,96.0,500,0.0,0.0,26.146563792455698,9.049846475010131,0.7690843466108104,,,
R3,Stationary_WN,0.21633500900214042,0.14046900880585023,,None,2,,,500,0.0,0.0,0.0,0.0,7.001330376810438,,,
R4,Trending_MeanShift,0.999958155013376,0.9998319647782675,0.0,None,250,,,500,,,0.0,0.0,1.082508426266333,,250.0,
R1,Composite,0.9995319919108423,0.9929253399583284,0.9178644037207762,24,24,24.0,48.0,500,0.26437256977011403,-1.6731842540103843e-05,13.139510348748058,6.910379621510598,1.1671432626623708,,,
R2,Seasonal,0.6618014292516646,0.9677053404574223,,24,24,24.0,48.0,500,0.0,0.0,20.802092787966966,6.480942347936074,1.202413237592395,,,
R3,Stationary_WN,0.3313072576928827,0.17421803339817177,,None,2,,,500,0.0,0.0,0.0,0.0,8.498946149491381,,,
R4,Trending_ExponentialGrowth,0.9987253731117091,0.4167934365091891,0.39652325618179307,None,24,,,500,,,0.0,0.0,1.3674392347482822,,,
R1,Composite,0.9996008999079913,0.9978847133846048,0.962454404074062,12,12,12.0,24.0,500,-0.1802472162564216,2.278097945774372e-05,15.121927012531792,7.098838776293015,0.7514750464379996,,,
R2,Seasonal,0.7423467023103332,0.9477929418941755,,12,12,12.0,24.0,500,0.0,0.0,12.257668933565224,5.663356524591752,0.6351847417536777,,,
R3,Stationary_WN,0.15691719171288765,0.19373177465149172,,None,6,,,500,0.0,0.0,0.0,0.0,14.842528460216233,,,
R4,Trending_RandomWalkDrift,0.9997653146181831,0.7659635214457013,0.914203826832457,None,24,,,500,,,0.0,0.0,0.7235816577002341,,,-0.38524817745540285
R1,Composite,0.9992749936002466,0.9921229011919331,0.8205619842215652,48,50,48.0,96.0,500,-0.30466966306844245,3.0419611061606928e-05,18.684811021361018,3.867706240643235,1.3417340779895581,,,
R2,Seasonal,0.5337780294861774,0.9357599187538808,,48,50,48.0,96.0,500,0.0,0.0,15.434652758128601,5.293784464338372,1.701674048995687,,,
R3,Stationary_WN,0.10079773562901495,0.17266381025146083,,None,4,,,500,0.0,0.0,0.0,0.0,10.576668424800026,,,
R4,Trending_MeanShift,0.9962160515348416,0.9834355514217981,0.0,None,250,,,500,,,0.0,0.0,1.2670748025127576,,250.0,
R1,Composite,0.999731220490431,0.9917833264351643,0.8566727234042384,12,12,12.0,24.0,500,0.33621944930659603,1.0561099543938868e-05,12.602938551826774,5.449712196962292,1.402024571909442,,,
R2,Seasonal,0.7160293349300743,0.9113239308128266,,12,12,12.0,24.0,500,0.0,0.0,13.899722994721639,7.950122654581672,1.6257192140870416,,,
R3,Stationary_WN,0.10455055305437422,0.24528022662964521,,None,12,,,500,0.0,0.0,0.0,0.0,9.91110816151344,,,
R4,Trending_ExponentialGrowth,0.997684713359629,0.369336320013786,0.39044694154199666,None,24,,,500,,,0.0,0.0,1.477440002902925,,,
R1,Composite,0.9998443136998427,0.9982599310476605,0.936887908729953,36,36,36.0,72.0,500,-0.3827003413840444,-4.761377078582417e-05,24.865531381920146,7.492760304752731,1.0983065879582208,,,
R2,Seasonal,0.7101271763884915,0.8453706992642407,,36,36,36.0,72.0,500,0.0,0.0,11.634714699378655,9.189963936820686,1.0303152501097883,,,
R3,Stationary_AR,0.11675362972683923,0.21521752368296865,,None,24,,,500,0.0,0.0,0.0,0.0,5.0,0.4266182334188418,,
R4,Trending_RandomWalkDrift,0.9992427180813369,0.64305151575293,0.8581696444105263,None,24,,,500,,,0.0,0.0,0.8331667120633471,,,-0.3045838225406453
R1,Composite,0.9979865472369114,0.986882913192404,0.7468573667386196,12,12,12.0,24.0,500,0.1373432769553392,1.3599399045144187e-05,11.391514076582174,3.7953949456009886,1.2302173387373596,,,
R2,Seasonal,0.7245031648372934,0.9596603186081875,,12,12,12.0,24.0,500,0.0,0.0,15.883886889661458,6.01852505805769,1.1236350846858485,,,
R3,Stationary_AR,0.012107369406566204,0.47653060417861925,,None,167,,,500,0.0,0.0,0.0,0.0,5.0,0.5725140798867365,,
R4,Trending_MeanShift,0.9997019463345259,0.9987506578911135,0.0,None,250,,,500,,,0.0,0.0,1.3198488369612682,,250.0,
R1,Composite,0.9995991646790174,0.998451947255568,0.9144720606061785,48,50,48.0,96.0,500,-0.1888340892169007,-4.444812664975193e-05,22.483294284969652,3.832698411692623,0.942360051983746,,,
R2,Seasonal,0.5739783783683355,0.9641719730107364,,48,50,48.0,96.0,500,0.0,0.0,19.34061847516802,5.4765749965827695,1.0215737392833597,,,
R3,Stationary_WN,0.00873483268389541,0.26690878050031963,,None,100,,,500,0.0,0.0,0.0,0.0,12.944248494042558,,,
R4,Trending_RandomWalkDrift,0.9986448197882732,0.7267654443585714,0.9056478624174412,None,24,,,500,,,0.0,0.0,1.4472273460950305,,,0.29333887225429334
R1,Composite,0.9997946287742896,0.9990887428960724,0.8715651758343668,12,12,12.0,24.0,500,-0.20525264220114373,-2.3591224942442573e-05,20.992106026056565,3.1939730089999414,0.6539445497115912,,,
R2,Seasonal,0.7219239426419626,0.9444288322738036,,12,12,12.0,24.0,500,0.0,0.0,22.281788782530157,10.03633152057213,1.8406769977074326,,,
R3,Stationary_AR,0.09614030013236707,0.23836872651698437,,None,26,,,500,0.0,0.0,0.0,0.0,5.0,0.5340478257180064,,
R4,Trending_RandomWalkDrift,0.9996385041832496,0.525712701341958,0.8807193748847852,None,24,,,500,,,0.0,0.0,0.6379272818069481,,,-0.3876768170744648
R1,Composite,0.9996801050766831,0.9934563000414083,0.7104482686796538,24,24,24.0,48.0,500,0.324326749592187,3.369735627568376e-05,15.263677732557316,3.004460890549148,1.3176252766668557,,,
R2,Seasonal,0.5928623601925004,0.9822553877786256,,24,24,24.0,48.0,500,0.0,0.0,21.663642642895073,4.234060454618566,1.4955691922847978,,,
R3,Stationary_AR,0.18453205712992282,0.2403898712120074,,None,17,,,500,0.0,0.0,0.0,0.0,5.0,0.46269505810606704,,
R4,Trending_ExponentialGrowth,0.9991556097222414,0.3375907663884252,0.3539709370628137,None,24,,,500,,,0.0,0.0,0.5664482120481983,,,
R1,Composite,0.999269198460495,0.9991576773673778,0.80946709578308,12,12,12.0,24.0,500,-0.110093840679578,-2.8843793974359784e-05,23.83032084145281,2.5711496747901657,0.7183187348838792,,,
R2,Seasonal,0.5940939670969116,0.9891136770215191,,12,12,12.0,24.0,500,0.0,0.0,29.732773924917446,4.492411837100499,1.6436615699270323,,,
R3,Stationary_AR,0.009054829881044446,0.28311075556286847,,None,125,,,500,0.0,0.0,0.0,0.0,5.0,0.5784894335414543,,
R4,Trending_MeanShift,0.99871231635504,0.9953048319895648,0.0,None,250,,,500,,,0.0,0.0,0.7527563909810464,,250.0,
R1,Composite,0.9998436923458988,0.9969806948190261,0.9772035702590657,12,12,12.0,24.0,500,0.23556121554056586,-3.3172347578621945e-05,9.998979267415601,7.322622471111372,0.5469340973675799,,,
R2,Seasonal,0.7119714082742528,0.9353936372555213,,12,12,12.0,24.0,500,0.0,0.0,19.019292294107053,9.082013586410497,1.8834810900465895,,,
R3,Stationary_WN,0.09105219211158544,0.26331227704952576,,None,16,,,500,0.0,0.0,0.0,0.0,13.675251077397494,,,
R4,Trending_ExponentialGrowth,0.9979252446232049,0.38163221509706846,0.32914616628221005,None,24,,,500,,,0.0,0.0,0.8633175162040023,,,
R1,Composite,0.9998267360479383,0.9995466478911309,0.9113071040505386,12,12,12.0,24.0,500,-0.18201376863861224,1.4126349242001687e-05,22.138627270054567,2.954639591227598,0.5252299614455995,,,
R2,Seasonal,0.7390553503967989,0.9690304019949676,,12,12,12.0,24.0,500,0.0,0.0,21.367297884485374,7.31609664290632,1.0192271750402813,,,
R3,Stationary_WN,0.16035112892697023,0.25099649586471795,,None,5,,,500,0.0,0.0,0.0,0.0,12.737049486163201,,,
R4,Trending_MeanShift,0.9999754140076158,0.9999019439024343,0.027004044750192358,None,250,,,500,,,0.0,0.0,0.7329112655740031,,250.0,
R1,Composite,0.999884898098959,0.9983103880517805,0.8271730075672316,36,36,36.0,72.0,500,-0.3071966454563376,-3.622471281444244e-05,17.363271961791337,2.6499852600708715,0.8175355639018324,,,
R2,Seasonal,0.7018766214687809,0.9925004737055259,,36,36,36.0,72.0,500,0.0,0.0,27.71513760454343,4.410816134007125,0.5693416763299718,,,
R3,Stationary_AR,0.01804590557836383,0.4845603670648133,,None,167,,,500,0.0,0.0,0.0,0.0,5.0,0.6568005456129884,,
R4,Trending_MeanShift,0.9998796569771291,0.9995143309662914,0.0,None,250,,,500,,,0.0,0.0,0.5581426865125336,,250.0,
R1,Composite,0.9975288439663386,0.9962076068061203,0.8534128072925089,12,12,12.0,24.0,500,0.11270586908217772,4.6275498491232335e-05,22.22753721038754,6.354177631355687,1.4232131319841028,,,
R2,Seasonal,0.7115148624583049,0.9281165601178067,,12,12,12.0,24.0,500,0.0,0.0,12.602655542457201,6.227833666304592,1.2581792375952567,,,
R3,Stationary_AR,0.13715642224353763,0.2901458097717685,,None,50,,,500,0.0,0.0,0.0,0.0,5.0,0.6861387068054138,,
R4,Trending_RandomWalkDrift,0.9997447758580277,0.794238574629909,0.9317709903963595,None,24,,,500,,,0.0,0.0,1.3247123985962426,,,0.37045221002141904
R1,Composite,0.9995731200951974,0.9892149986036469,0.871428524818272,36,36,36.0,72.0,500,-0.3178981444338094,-3.3868272749367906e-05,13.440478040787884,6.547696776687705,1.4632281913549676,,,
R2,Seasonal,0.5720180366136285,0.9751629755541866,,36,36,36.0,72.0,500,0.0,0.0,23.677142421957967,5.247011493137389,1.9282126558485027,,,
R3,Stationary_AR,0.16365511043279135,0.27446526572406427,,None,25,,,500,0.0,0.0,0.0,0.0,5.0,0.4989870476111665,,
R4,Trending_ExponentialGrowth,0.9991818915789791,0.3625638516177436,0.3488172946658441,None,24,,,500,,,0.0,0.0,1.3831950236143378,,,
R1,Composite,0.9997642780558699,0.9949497973377501,0.8636863464961594,48,50,48.0,96.0,500,-0.34324312107146315,3.5664008662462616e-05,14.941033940973165,3.388482818772078,0.9869075349731368,,,
R2,Seasonal,0.5870545875450359,0.9666737267204093,,48,50,48.0,96.0,500,0.0,0.0,20.92328873781316,5.732081996071734,1.3397066157001418,,,
R3,Stationary_AR,0.008852434794413222,0.4924924869916244,,None,167,,,500,0.0,0.0,0.0,0.0,5.0,0.5658080090181014,,
R4,Trending_MeanShift,0.999326893546895,0.9972058988377864,0.0,None,250,,,500,,,0.0,0.0,0.9691546996880136,,250.0,
R1,Composite,0.9998638815442914,0.9959350801805765,0.9670244704702846,12,12,12.0,24.0,500,-0.29178624794061914,2.4037142317817877e-05,10.42122875697346,7.275563901339257,0.7334460279159339,,,
R2,Seasonal,0.731418025599357,0.986328650191136,,12,12,12.0,24.0,500,0.0,0.0,28.76582152426516,6.508196941878298,1.0396440649140943,,,
R3,Stationary_WN,0.2863927440149654,0.0718138603014794,,None,2,,,500,0.0,0.0,0.0,0.0,5.160174707124543,,,
R4,Trending_ExponentialGrowth,0.9984734312949972,0.39256085140384267,0.28791582004194294,None,24,,,500,,,0.0,0.0,0.9102839504387946,,,
R1,Composite,0.9997508516197079,0.9872109257855965,0.92095176205939,12,12,12.0,24.0,500,-0.2758729596117717,-4.809089160359093e-05,8.26616913743471,6.373211018842781,1.1368902712850928,,,
R2,Seasonal,0.555000834624928,0.9730561008602829,,12,12,12.0,24.0,500,0.0,0.0,20.338214114409666,4.505262069371311,1.9270774775263142,,,
R3,Stationary_AR,0.11737632508544993,0.330109803639126,,None,31,,,500,0.0,0.0,0.0,0.0,5.0,0.5935955261416848,,
R4,Trending_ExponentialGrowth,0.9987525422384885,0.3047682471516935,0.3353695436062484,None,24,,,500,,,0.0,0.0,0.9023803180373838,,,
R1,Composite,0.9998389754411926,0.9983182510392201,0.9325989466057086,12,12,12.0,24.0,500,0.35713416703587575,3.1618537132429214e-05,23.346433971668088,7.134588106566468,1.0192319588819827,,,
R2,Seasonal,0.7468603043658809,0.9241612335050682,,12,12,12.0,24.0,500,0.0,0.0,18.000254926190042,10.212476565334509,0.9677697256511606,,,
R3,Stationary_AR,0.12217789261304568,0.21404448313640623,,None,17,,,500,0.0,0.0,0.0,0.0,5.0,0.4321106742093795,,
R4,Trending_RandomWalkDrift,0.9994156362162643,0.5268368211257142,0.8943985858972693,None,24,,,500,,,0.0,0.0,0.8801929202239224,,,-0.23383639576863438
R1,Composite,0.9971111592821005,0.989585879465025,0.586841549075461,12,12,12.0,24.0,500,0.14512713253920106,-1.87196763640791e-05,14.408678443063378,2.6210476565572565,1.4247663048882901,,,
R2,Seasonal,0.7032136148071355,0.9780057375447456,,12,12,12.0,24.0,500,0.0,0.0,29.882663099126322,8.094297784683778,1.8296804268262334,,,
R3,Stationary_AR,0.25430088660539285,0.22513169019433754,,None,10,,,500,0.0,0.0,0.0,0.0,5.0,0.42821837467004104,,
R4,Trending_RandomWalkDrift,0.9996905226578265,0.7729982028657402,0.9177561513637854,None,24,,,500,,,0.0,0.0,0.5022219429084954,,,-0.35779947967867354
R1,Composite,0.9999265387763369,0.9987563343462748,0.8829001277558478,12,12,12.0,24.0,500,0.3050515096010968,1.1720240737790025e-05,15.363584957197151,2.895450022582467,0.6673153575310364,,,
R2,Seasonal,0.7404492374673672,0.9646221940916047,,12,12,12.0,24.0,500,0.0,0.0,20.666783318960196,7.561674587762543,0.9785388714312193,,,
R3,Stationary_WN,0.1419807329916173,0.3208816371535972,,None,9,,,500,0.0,0.0,0.0,0.0,7.853499596269194,,,
R4,Trending_MeanShift,0.9994109318796791,0.9975587884734985,0.0,None,250,,,500,,,0.0,0.0,0.7941441934745369,,250.0,
R1,Composite,0.9995131617619344,0.9903985265590008,0.9288818108027552,12,12,12.0,24.0,500,-0.21608483256704986,3.5208484327926816e-05,8.97226938821807,6.505516207312053,0.8880920993835666,,,
R2,Seasonal,0.7526049433863412,0.9508722863696922,,12,12,12.0,24.0,500,0.0,0.0,22.80143644501264,10.316518959324203,0.740251142219644,,,
R3,Stationary_WN,0.09522038474333028,0.208810631092877,,None,10,,,500,0.0,0.0,0.0,0.0,7.073821705317927,,,
R4,Trending_MeanShift,0.999744791628686,0.9989649588048133,0.0,None,250,,,500,,,0.0,0.0,1.4258064772394303,,250.0,
R1,Composite,0.9990332634947598,0.998022684527157,0.9607441243843814,36,36,36.0,72.0,500,0.14747077869520492,-4.6028227576532564e-05,17.684478282312828,7.375766791095608,0.8297535281898879,,,
R2,Seasonal,0.71003746194953,0.9737426747630155,,36,36,36.0,72.0,500,0.0,0.0,28.981498877530612,8.926115562235433,0.9097994259822964,,,
R3,Stationary_WN,0.05890915498570626,0.2581368258889517,,None,21,,,500,0.0,0.0,0.0,0.0,11.178412058661031,,,
R4,Trending_ExponentialGrowth,0.994637895105059,0.35563990964698977,0.25303448993940403,None,24,,,500,,,0.0,0.0,1.4469413686492345,,,
R1,Composite,0.9990288508187122,0.9886802748877859,0.9399136770363332,36,36,36.0,72.0,500,-0.16060264800671398,-1.2249675994928363e-05,10.059344816157958,7.928593358116319,1.2374029569015907,,,
R2,Seasonal,0.7034487079860383,0.8432635195975258,,36,36,36.0,72.0,500,0.0,0.0,11.142573349667249,8.987794827485683,1.2028997587598738,,,
R3,Stationary_AR,0.3360472821237357,0.29630991038824095,,None,10,,,500,0.0,0.0,0.0,0.0,5.0,0.4027024506842586,,
R4,Trending_MeanShift,0.9993687914505981,0.997638999447443,0.0,None,250,,,500,,,0.0,0.0,0.8435800302242654,,250.0,
R1,Composite,0.9992709756142055,0.997428318719837,0.7814467986299554,24,24,24.0,48.0,500,-0.18068631821069173,-4.9193443687220246e-05,22.045601133583844,3.721870893598365,1.0716676761579222,,,
R2,Seasonal,0.7088993203431384,0.870298589531857,,24,24,24.0,48.0,500,0.0,0.0,10.402729393960586,7.609589791582966,0.5174615330799525,,,
R3,Stationary_AR,0.05222290410239683,0.19452669546593593,,None,45,,,500,0.0,0.0,0.0,0.0,5.0,0.4606039452463704,,
R4,Trending_ExponentialGrowth,0.9996342598950183,0.4517359550199146,0.37872423762698015,None,24,,,500,,,0.0,0.0,0.7074486677790719,,,
R1,Composite,0.9999253948269516,0.9982987236939905,0.9803926085216221,12,12,12.0,24.0,500,-0.28796852936688055,-3.4724430063716825e-05,13.073256084413842,7.739146029390962,0.5255596638856476,,,
R2,Seasonal,0.728407903580583,0.9934450993735877,,12,12,12.0,24.0,500,0.0,0.0,26.910346865775637,4.183660132529501,0.675864923915722,,,
R3,Stationary_WN,0.1440957892026482,0.15582607735909348,,None,4,,,500,0.0,0.0,0.0,0.0,10.715206446833086,,,
R4,Trending_ExponentialGrowth,0.9915412379382241,0.39875348412321876,0.2876021837799889,None,24,,,500,,,0.0,0.0,1.1934161663960914,,,
R1,Composite,0.9998312774083562,0.9984827627613859,0.9008658313912834,24,24,24.0,48.0,500,0.38630517307177803,-4.374138121615667e-05,24.65282171849036,5.149376190425513,0.9927117861789141,,,
R2,Seasonal,0.6672648837714713,0.9416005362959755,,24,24,24.0,48.0,500,0.0,0.0,22.574784055265532,9.64815223443064,1.8750241940894068,,,
R3,Stationary_AR,0.03844960414397891,0.293020004214964,,None,42,,,500,0.0,0.0,0.0,0.0,5.0,0.44560864190930577,,
R4,Trending_ExponentialGrowth,0.9950422234815894,0.37635259091993667,0.3565657357405929,None,24,,,500,,,0.0,0.0,0.981228037631343,,,
R1,Composite,0.9998237526418452,0.995002460434422,0.9163853785753505,12,12,12.0,24.0,500,-0.3532389660118924,1.2286949174393921e-05,13.340347753832638,6.079600236012524,0.9717415982676455,,,
R2,Seasonal,0.6965545789534946,0.9560788430437928,,12,12,12.0,24.0,500,0.0,0.0,13.031646231394651,4.854550865882297,1.175871477368426,,,
R3,Stationary_WN,0.28138456289360214,0.23758657690282958,,None,3,,,500,0.0,0.0,0.0,0.0,9.262515747164933,,,
R4,Trending_ExponentialGrowth,0.9994987051929816,0.39079546337736104,0.37527314733592776,None,24,,,500,,,0.0,0.0,0.6887275399185884,,,
R1,Composite,0.9997408030246796,0.9947762755416336,0.9143976322652906,48,50,48.0,96.0,500,0.2690961818771244,2.7396697434441037e-05,13.395614266020171,4.9964123517294095,1.0246866494868037,,,
R2,Seasonal,0.601997183009908,0.9611544821125002,,48,50,48.0,96.0,500,0.0,0.0,27.698492045052237,8.606781075453526,1.8265764215580673,,,
R3,Stationary_AR,0.1692481769074241,0.19999165158695897,,None,9,,,500,0.0,0.0,0.0,0.0,5.0,0.4604823864580164,,
R4,Trending_ExponentialGrowth,0.9995662576875151,0.37243445615371473,0.32366379941979806,None,24,,,500,,,0.0,0.0,0.7689752283365578,,,
R1,Composite,0.9979779639507583,0.9947929892360078,0.8402197432917433,48,50,48.0,96.0,500,-0.1585534364855845,-4.677870096834054e-05,23.965156666342544,4.010743182554994,1.2735431537543136,,,
R2,Seasonal,0.6259295435312207,0.9265353900598621,,48,50,48.0,96.0,500,0.0,0.0,15.152789951298498,6.760099690805623,1.264723058284313,,,
R3,Stationary_WN,0.18115950738734454,0.05268277788286335,,None,2,,,500,0.0,0.0,0.0,0.0,9.60906942373318,,,
R4,Trending_RandomWalkDrift,0.9989525492260394,0.742815390671075,0.8847952326727607,None,24,,,500,,,0.0,0.0,1.3134176575731134,,,-0.2345437376652294
R1,Composite,0.9997865368047164,0.9987231743473106,0.9111256677677485,12,12,12.0,24.0,500,-0.316439405853445,4.416344838144051e-05,24.661058641888584,5.5869422909949975,0.9163123047197601,,,
R2,Seasonal,0.7273629453586286,0.9740679210462001,,12,12,12.0,24.0,500,0.0,0.0,16.92913529808588,5.10186863491382,0.9241807621699416,,,
R3,Stationary_AR,0.08371792792302057,0.3440374121278347,,None,62,,,500,0.0,0.0,0.0,0.0,5.0,0.6659125293688206,,
R4,Trending_ExponentialGrowth,0.9994362140473858,0.39398651811258323,0.42569021788277517,None,24,,,500,,,0.0,0.0,0.5832671873623702,,,
R1,Composite,0.9993865285654563,0.9859391342837405,0.9041544559863374,36,36,36.0,72.0,500,-0.2305743617984967,-2.6329249162113472e-05,10.210552101942563,7.020959599844314,1.259466783769374,,,
R2,Seasonal,0.7192089716692681,0.875986714462977,,36,36,36.0,72.0,500,0.0,0.0,15.198477068999011,10.948270142808788,0.6061209982397603,,,
R3,Stationary_AR,0.18621255977325446,0.2093740006939394,,None,24,,,500,0.0,0.0,0.0,0.0,5.0,0.4928924444104432,,
R4,Trending_RandomWalkDrift,0.998467823070355,0.9072002202671159,0.737773470886796,None,250,,,500,,,0.0,0.0,0.7927300804122477,,,-0.38655220443202565
R1,Composite,0.9982822192102638,0.9917330020671875,0.6291224343607985,24,24,24.0,48.0,500,0.16803030511572692,-1.009087667433489e-05,15.044702380772197,2.4479546622552135,1.456703075412093,,,
R2,Seasonal,0.6876099174717449,0.920957710819993,,24,24,24.0,48.0,500,0.0,0.0,21.386562555175253,11.144507223173049,1.7859067267957252,,,
R3,Stationary_AR,0.039927111744005206,0.2703643474501882,,None,45,,,500,0.0,0.0,0.0,0.0,5.0,0.40647327408767076,,
R4,Trending_ExponentialGrowth,0.9991335811911294,0.3322881243104885,0.3219496829697668,None,24,,,500,,,0.0,0.0,1.3781982564469684,,,
R1,Composite,0.9993859455931557,0.9975694171221524,0.8561529475646671,48,50,48.0,96.0,500,0.23138797561428212,-3.963856977026528e-05,22.53293150684534,3.4327789733564114,1.1014171330881333,,,
R2,Seasonal,0.036453497217221464,0.9693982930679894,,48,100,48.0,96.0,500,0.0,0.0,11.857584450346515,11.030246602429818,1.5456461758511857,,,
R3,Stationary_WN,0.16222079943625023,0.08091982565877542,,None,2,,,500,0.0,0.0,0.0,0.0,11.37828363478459,,,
R4,Trending_MeanShift,0.9999733249204772,0.9998935623469783,0.02666550174392035,None,250,,,500,,,0.0,0.0,0.6514630965962119,,250.0,
R1,Composite,0.9986878151918761,0.9959261886603894,0.9273808202741846,48,50,48.0,96.0,500,0.15171662490775284,2.0977744866634084e-05,19.91302661693115,7.269209737804498,1.3138722654893573,,,
R2,Seasonal,0.5678277149278452,0.9297438180109122,,48,50,48.0,96.0,500,0.0,0.0,11.786038277969542,4.710016274777415,1.3684015568565076,,,
R3,Stationary_WN,0.18983645504567237,0.12499227454538842,,None,3,,,500,0.0,0.0,0.0,0.0,12.228219617434274,,,
R4,Trending_RandomWalkDrift,0.9995798307869044,0.680446517458699,0.8827093102779968,None,24,,,500,,,0.0,0.0,0.6053045584901371,,,-0.3337700657389645
R1,Composite,0.9997801224734725,0.9982356167467882,0.9258634666543869,36,36,36.0,72.0,500,0.2790991732488977,2.2087407833016436e-05,20.86246199045994,5.726146788951214,0.9181052013634848,,,
R2,Seasonal,0.6923662014585013,0.92185987563818,,36,36,36.0,72.0,500,0.0,0.0,19.672135093118666,10.403741296301284,1.6806669649405996,,,
R3,Stationary_WN,0.1960697533608179,0.2523340352115824,,None,5,,,500,0.0,0.0,0.0,0.0,8.436659912718927,,,
R4,Trending_RandomWalkDrift,0.9967510906199945,0.0,,None,24,,,500,,,0.0,0.0,0.5431750377205691,,,-0.30142122925283155
R1,Composite,0.9998942526245261,0.9986567973514895,0.7156771170614251,12,12,12.0,24.0,500,-0.3919200236876176,-3.243646523731374e-05,23.28327376789641,2.526777787006437,0.8360424572674652,,,
R2,Seasonal,0.7310875702283162,0.9545544850679024,,12,12,12.0,24.0,500,0.0,0.0,21.398214311178688,8.740591819225369,1.504120543138321,,,
R3,Stationary_WN,0.09709779319666623,0.15876265971110837,,None,5,,,500,0.0,0.0,0.0,0.0,13.27281742241253,,,
R4,Trending_RandomWalkDrift,0.99607996695895,0.9110809993629384,0.0,None,250,,,500,,,0.0,0.0,1.454368950857634,,,0.4912978754355152
R1,Composite,0.9998203898482978,0.9880259034581251,0.9384647303580632,24,24,24.0,48.0,500,-0.398765002541175,2.172542167506563e-05,9.232872128046957,7.659653036313228,1.0505223953349345,,,
R2,Seasonal,0.6667681778592334,0.9329623807899257,,24,24,24.0,48.0,500,0.0,0.0,14.46503884112132,6.611260852037312,1.3746044412816192,,,
R3,Stationary_AR,0.10135410048830418,0.22515684969353633,,None,22,,,500,0.0,0.0,0.0,0.0,5.0,0.4980271695811149,,
R4,Trending_ExponentialGrowth,0.9995927233331071,0.38811530360273694,0.3670747270243835,None,24,,,500,,,0.0,0.0,0.8112601208435991,,,
R1,Composite,0.9995727141623575,0.9879342475424655,0.8761432184729286,36,36,36.0,72.0,500,0.34427709750001634,-4.9147150536232014e-05,12.097259698975368,6.457257528087666,1.4490934583426665,,,
R2,Seasonal,0.6447112652463274,0.976907559370018,,36,36,36.0,72.0,500,0.0,0.0,29.277560450857255,7.408332986932986,1.8994917073810227,,,
R3,Stationary_AR,0.012123034473159877,0.7290294124312878,,None,250,,,500,0.0,0.0,0.0,0.0,5.0,0.5861492619284784,,
R4,Trending_MeanShift,0.999938817773535,0.9997545405932697,0.02300302242758856,None,250,,,500,,,0.0,0.0,0.5138234386155309,,250.0,
R1,Composite,0.999642224634276,0.9818591382731694,0.9284960815017953,24,24,24.0,48.0,500,-0.30406143256701196,-1.6358962991309905e-05,8.30791098970125,7.951315520785352,1.429804525943717,,,
R2,Seasonal,0.6756878425367894,0.9624096683221735,,24,24,24.0,48.0,500,0.0,0.0,23.31580601062953,7.914817833604699,1.3998521613718247,,,
R3,Stationary_WN,0.1371210473163227,0.10396306815239675,,None,3,,,500,0.0,0.0,0.0,0.0,8.204506680193731,,,
R4,Trending_ExponentialGrowth,0.9741807563200423,0.4167718579838895,0.3506763646258473,None,24,,,500,,,0.0,0.0,1.4340047988580018,,,
R1,Composite,0.9980750236741075,0.9890520804156314,0.5479696078939287,12,12,12.0,24.0,500,-0.14098825943262353,-3.029553180916888e-05,13.145149887130508,2.1869749103297167,1.4085343237969492,,,
R2,Seasonal,0.7253571542972703,0.9109619411296178,,12,12,12.0,24.0,500,0.0,0.0,18.624620835520513,10.436149179451611,1.765116120935331,,,
R3,Stationary_WN,0.2394119803367737,0.16580425380739183,,None,3,,,500,0.0,0.0,0.0,0.0,7.3871236443938795,,,
R4,Trending_ExponentialGrowth,0.9868705217424852,0.38896259735475536,0.274131059508797,None,24,,,500,,,0.0,0.0,0.8431630234207945,,,
R1,Composite,0.9996503704964407,0.9976796598784153,0.9168559823843525,48,50,48.0,96.0,500,-0.27954577944579106,-4.0690781184099875e-05,24.42505694564648,5.358861203769299,0.9924062201403522,,,
R2,Seasonal,0.6372002207297649,0.9605520566006863,,48,50,48.0,96.0,500,0.0,0.0,18.800450446660086,6.332163325566762,0.8940817120546092,,,
R3,Stationary_WN,0.0009071603711175991,0.7685402393322756,,None,250,,,500,0.0,0.0,0.0,0.0,7.4747713077599744,,,
R4,Trending_ExponentialGrowth,0.9984349207192592,0.36924912168693025,0.29490079891480414,None,24,,,500,,,0.0,0.0,1.0774739115874685,,,
R1,Composite,0.999950579724922,0.999376975922612,0.9709976318533083,36,36,36.0,72.0,500,-0.3516721476206316,-3.61952127981551e-05,21.333437009581672,5.87014730879643,0.5522699525515816,,,
R2,Seasonal,0.6983666853247356,0.9074978233134718,,36,36,36.0,72.0,500,0.0,0.0,20.385703922855985,11.995164284450915,1.6926930754437366,,,
R3,Stationary_WN,0.15339980124780261,0.11425460806061183,,None,3,,,500,0.0,0.0,0.0,0.0,12.94706434475177,,,
R4,Trending_ExponentialGrowth,0.9899263077515589,0.46498371660124427,0.41093060324529473,None,24,,,500,,,0.0,0.0,0.870629675918823,,,
R1,Composite,0.9993393950346486,0.9969917907851052,0.7685930809927867,24,24,24.0,48.0,500,0.17754955026277477,-4.655637065368193e-05,14.725485095517469,2.371814353635192,0.9254864750932069,,,
R2,Seasonal,0.6729323542861565,0.9800351178939171,,24,24,24.0,48.0,500,0.0,0.0,20.272578750204445,5.029454814062703,1.0132433934148481,,,
R3,Stationary_AR,0.12902939712006645,0.24028052207384398,,None,13,,,500,0.0,0.0,0.0,0.0,5.0,0.4063134809931391,,
R4,Trending_ExponentialGrowth,0.987128650896504,0.3335159331610237,0.3476299780661093,None,24,,,500,,,0.0,0.0,0.9670042629469993,,,
R1,Composite,0.9996456446582316,0.9930228864577387,0.9071758953601764,24,24,24.0,48.0,500,0.2886004610295395,-4.690410787283375e-05,11.908859870696393,5.762151317168813,1.0876224372588181,,,
R2,Seasonal,0.6671024922745762,0.9331373677516179,,24,24,24.0,48.0,500,0.0,0.0,20.245385893347326,9.197432677225022,1.8514394957682352,,,
R3,Stationary_WN,0.03140601624516137,0.13336548695046513,,None,4,,,500,0.0,0.0,0.0,0.0,8.698682611906072,,,
R4,Trending_ExponentialGrowth,0.9959821351248618,0.34603062659388495,0.2618135418584552,None,24,,,500,,,0.0,0.0,1.1980984236168855,,,
R1,Composite,0.9991419041341157,0.996569927954308,0.9396465843214027,36,36,36.0,72.0,500,-0.17073399463995503,4.627587259691513e-05,15.286600585266921,6.7211159568569565,0.9173418059842305,,,
R2,Seasonal,0.6852370568511171,0.9614649288691259,,36,36,36.0,72.0,500,0.0,0.0,28.34100251034149,9.845056721324791,1.7026448527844935,,,
R3,Stationary_AR,0.12322224171515783,0.2610217725662647,,None,25,,,500,0.0,0.0,0.0,0.0,5.0,0.5098804503296888,,
R4,Trending_MeanShift,0.9997857849573871,0.9991491064183033,0.0,None,250,,,500,,,0.0,0.0,0.8568875227564388,,250.0,
R1,Composite,0.999629991048671,0.988430824520855,0.7544087760590906,24,24,24.0,48.0,500,-0.3683827292953292,4.9124110652441514e-05,12.174129739630537,3.8054549702383405,1.4038161768366975,,,
R2,Seasonal,0.6905150360264651,0.9511321204049549,,24,24,24.0,48.0,500,0.0,0.0,10.387285051370581,4.200168557087067,0.6610070760361196,,,
R3,Stationary_WN,0.16275746531750113,0.10559762982062637,,None,3,,,500,0.0,0.0,0.0,0.0,7.392784304549061,,,
R4,Trending_ExponentialGrowth,0.9997209706259944,0.3947825570017728,0.3786850540069805,None,24,,,500,,,0.0,0.0,0.6413632492445038,,,
R1,Composite,0.9998557030304144,0.9984828715732172,0.9482370068642147,36,36,36.0,72.0,500,0.22651971249744515,1.344043327917897e-05,14.586592085705012,4.640646043676311,0.6190230185140042,,,
R2,Seasonal,0.6776428026528054,0.9463970962162697,,36,36,36.0,72.0,500,0.0,0.0,27.585204832610536,11.467592232763742,1.961325806545615,,,
R3,Stationary_WN,0.1663193869155335,0.19525079197461903,,None,5,,,500,0.0,0.0,0.0,0.0,9.519109222545515,,,
R4,Trending_MeanShift,0.9999901414422334,0.9999604848805036,0.0,None,250,,,500,,,0.0,0.0,0.5596046366032924,,250.0,
R1,Composite,0.9998246282682204,0.9982733818619004,0.9644875875287011,36,36,36.0,72.0,500,0.31537695054578313,-3.962899238467183e-05,19.256547540713576,7.931481408350401,0.7863555170578376,,,
R2,Seasonal,0.6449182661522337,0.9372557937850944,,36,36,36.0,72.0,500,0.0,0.0,12.117950839593355,5.0444636449357345,1.19711065846719,,,
R3,Stationary_WN,0.12295089193061637,0.059242033609434586,,None,3,,,500,0.0,0.0,0.0,0.0,7.679033519022011,,,
R4,Trending_RandomWalkDrift,0.9980782841207506,0.6827949218715113,0.8801291864375237,None,24,,,500,,,0.0,0.0,1.298602796348149,,,-0.26418476772643673
R1,Composite,0.9990813990683027,0.9934323193282912,0.8896428806868167,48,50,48.0,96.0,500,0.2504238013955584,-4.958281988177935e-05,18.185973315967008,6.4859711739182035,1.4059769212863669,,,
R2,Seasonal,0.6580751840192143,0.9392266637505327,,48,50,48.0,96.0,500,0.0,0.0,25.184612463619054,10.823008389350981,1.3477276838237933,,,
R3,Stationary_WN,0.3563223558780585,0.20456378625601424,,None,2,,,500,0.0,0.0,0.0,0.0,11.916443169852776,,,
R4,Trending_ExponentialGrowth,0.986955246505084,0.4536547752285677,0.283772604055032,None,24,,,500,,,0.0,0.0,1.4316428068582723,,,
R1,Composite,0.9986002035347874,0.9917056301460713,0.8966121894849712,48,50,48.0,96.0,500,0.16207111995359547,3.976893400806669e-05,16.109568348315666,6.639464258274824,1.4452761208574452,,,
R2,Seasonal,0.017440386649598794,0.9775206759671147,,48,100,48.0,96.0,500,0.0,0.0,10.908120058165977,10.343816038875886,1.331183898994178,,,
R3,Stationary_AR,0.11079060044989131,0.3731620279213913,,None,33,,,500,0.0,0.0,0.0,0.0,5.0,0.5283810712032551,,
R4,Trending_RandomWalkDrift,0.5610594729183221,0.14377972951797002,0.0,None,167,,,500,,,0.0,0.0,1.2985729837626308,,,0.3774264143594349
R1,Composite,0.9989808777965027,0.9867000541206693,0.6609875882973056,12,12,12.0,24.0,500,0.2570865247538615,-3.671029834454665e-05,13.510049799056887,3.721017529410971,1.4773856168560697,,,
R2,Seasonal,0.7415031872711926,0.9465710982578028,,12,12,12.0,24.0,500,0.0,0.0,25.271099808932043,11.468876184648284,1.3790875948864505,,,
R3,Stationary_WN,0.15292694521507866,0.23328291796823075,,None,5,,,500,0.0,0.0,0.0,0.0,10.066287134331258,,,
R4,Trending_MeanShift,0.9998970414762739,0.9995919585958128,0.0,None,250,,,500,,,0.0,0.0,1.1407702515599556,,250.0,
R1,Composite,0.9990136269888372,0.9942482838385662,0.6129746948797419,12,12,12.0,24.0,500,-0.24639061944332744,-1.1731319897711053e-05,21.386749279597637,2.8333482601272415,1.3124897237910238,,,
R2,Seasonal,0.6000818291477171,0.9854094118814536,,12,12,12.0,24.0,500,0.0,0.0,26.557839880504893,4.490510253451967,1.9413025818506222,,,
R3,Stationary_WN,0.11821057884419761,0.14002953148347452,,None,2,,,500,0.0,0.0,0.0,0.0,12.921779916028058,,,
R4,Trending_ExponentialGrowth,0.999562744079386,0.41080064040431996,0.3534735396043063,None,24,,,500,,,0.0,0.0,0.9998439562025294,,,
R1,Composite,0.9994219936525182,0.982911853685829,0.8603657683954304,48,50,48.0,96.0,500,-0.2942138039485297,2.0919489481417706e-05,10.644963047792967,5.199004875685278,1.4026529644948442,,,
R2,Seasonal,0.6022537954980287,0.9789705128682055,,48,50,48.0,96.0,500,0.0,0.0,29.15491149995927,6.531370754429671,0.7232597464483012,,,
R3,Stationary_WN,0.06191885829834598,0.1347130025558516,,None,5,,,500,0.0,0.0,0.0,0.0,5.265457920385374,,,
R4,Trending_MeanShift,0.9996741086803342,0.9986856097342727,0.0,None,250,,,500,,,0.0,0.0,1.2851080864623268,,250.0,
R1,Composite,0.9997189754472532,0.9954589309358427,0.7411854538989306,24,24,24.0,48.0,500,0.33868634626812055,-1.599134930365906e-05,16.60029159599446,3.1667103886889123,1.1101307845541286,,,
R2,Seasonal,0.7073957310792667,0.9745132564768048,,24,24,24.0,48.0,500,0.0,0.0,25.468440642151915,7.750790299270956,0.555851754599427,,,
R3,Stationary_WN,0.14949021711779065,0.07619675610455345,,None,2,,,500,0.0,0.0,0.0,0.0,9.609447871285479,,,
R4,Trending_ExponentialGrowth,0.999099820372244,0.30018539631387064,0.34108693033154436,None,24,,,500,,,0.0,0.0,0.5838174047633107,,,
R1,Composite,0.9993315610719147,0.9987361328194502,0.9570122435443498,12,12,12.0,24.0,500,0.15966912654953458,-2.610075233774413e-05,21.730310947786812,7.203750861357423,0.8861179841463768,,,
R2,Seasonal,0.6551129430973602,0.9323115718050964,,12,12,12.0,24.0,500,0.0,0.0,13.790005314662734,5.910904219990312,1.95463353786108,,,
R3,Stationary_AR,0.09848211198483625,0.21841778820958746,,None,28,,,500,0.0,0.0,0.0,0.0,5.0,0.6301931982694287,,
R4,Trending_MeanShift,0.9998853007628482,0.9995419984726416,0.0,None,250,,,500,,,0.0,0.0,0.9072225393134592,,250.0,
R1,Composite,0.9995060181465633,0.9937307446997877,0.9276443668661918,12,12,12.0,24.0,500,0.26595918910560024,-4.628190698486789e-05,13.607352666696897,7.6805312935713035,1.1471935916352918,,,
R2,Seasonal,0.7098309073870552,0.9842496854770719,,12,12,12.0,24.0,500,0.0,0.0,25.516810825658233,5.892029153109081,1.2415832118819787,,,
R3,Stationary_WN,0.014886180818238892,0.19001952792975374,,None,11,,,500,0.0,0.0,0.0,0.0,12.512095770142658,,,
R4,Trending_RandomWalkDrift,0.9972913136525747,0.7192539807567715,0.10093248425461387,None,250,,,500,,,0.0,0.0,1.1381743592233216,,,-0.37163138082558833
R1,Composite,0.9994427086755137,0.988964171992428,0.836954396049962,24,24,24.0,48.0,500,-0.3135913775085949,2.3959052501625327e-05,13.103579438099292,5.791295521612332,1.484566139737022,,,
R2,Seasonal,0.6786004468161161,0.9793564327159251,,24,24,24.0,48.0,500,0.0,0.0,22.0924889201385,5.696547940019248,1.0171371340505937,,,
R3,Stationary_WN,0.11287616921700694,0.1742440089957641,,None,5,,,500,0.0,0.0,0.0,0.0,7.349695597940329,,,
R4,Trending_MeanShift,0.9995110359666515,0.9980283357932836,0.0,None,250,,,500,,,0.0,0.0,0.5421692547954954,,250.0,
R1,Composite,0.9997070145179402,0.9983593381029826,0.9008336165354607,12,12,12.0,24.0,500,-0.22122895124498695,4.8644927572690454e-05,16.982146316899946,4.028678810164111,0.75393894728304,,,
R2,Seasonal,0.7475578964313179,0.9599724160344978,,12,12,12.0,24.0,500,0.0,0.0,17.164722230635174,6.915950261346561,0.6130406283513086,,,
R3,Stationary_WN,0.10991766040022,0.1972272615092192,,None,8,,,500,0.0,0.0,0.0,0.0,8.339046269067484,,,
R4,Trending_RandomWalkDrift,0.9993430370510289,0.632453268864527,0.9165882685678058,None,24,,,500,,,0.0,0.0,1.1360857113226144,,,-0.3059645358970422
R1,Composite,0.9999426017998622,0.9987327650046689,0.9858079125656333,36,36,36.0,72.0,500,-0.28379486275884747,-3.102756268188463e-05,13.038986986842291,7.45674826945123,0.5000201057242482,,,
R2,Seasonal,0.6288059555509808,0.9570761044244676,,36,36,36.0,72.0,500,0.0,0.0,19.658223370691715,6.8020120843173775,1.7522919270991384,,,
R3,Stationary_WN,0.10557524579911837,0.33417237191001936,,None,14,,,500,0.0,0.0,0.0,0.0,7.344101328811509,,,
R4,Trending_MeanShift,0.9999694867562887,0.9998780919908924,0.05098767406627558,None,250,,,500,,,0.0,0.0,0.8085110688654201,,250.0,
R1,Composite,0.9999276468644338,0.9989234628893181,0.983714906519156,24,24,24.0,48.0,500,0.2758955885571585,3.8019726403192036e-05,15.398911420922836,7.51803647570474,0.5141352265983958,,,
R2,Seasonal,0.6792932685696857,0.9268357552333883,,24,24,24.0,48.0,500,0.0,0.0,14.496482054091285,7.249828694975378,1.2766344967749284,,,
R3,Stationary_WN,0.2659676631737432,0.21444369064995428,,None,3,,,500,0.0,0.0,0.0,0.0,12.425832871324616,,,
R4,Trending_ExponentialGrowth,0.9994464677884595,0.42122277024857235,0.341286761806499,None,24,,,500,,,0.0,0.0,0.7480189985649565,,,
R1,Composite,0.9983481270672084,0.9903849435714683,0.6810212389391213,36,36,36.0,72.0,500,-0.13714352271606567,-4.2257120257335515e-05,13.371875607196163,2.7065945964792952,1.2292097699166349,,,
R2,Seasonal,0.6896240634807167,0.9715180511578311,,36,36,36.0,72.0,500,0.0,0.0,27.678525527904945,8.401919737934776,1.4964544090504375,,,
R3,Stationary_AR,0.10195991631583445,0.20588218164497107,,None,19,,,500,0.0,0.0,0.0,0.0,5.0,0.47485814225279394,,
R4,Trending_RandomWalkDrift,0.9854256583502786,0.8597442263906122,0.7947342470051116,None,250,,,500,,,0.0,0.0,0.7995374787192854,,,-0.16519309668198917
R1,Composite,0.9995291880259398,0.9974926145351988,0.9699594024679965,36,36,36.0,72.0,500,-0.1311390745126301,1.778542447287654e-05,10.961885803146231,5.922187092024745,0.6102459201412721,,,
R2,Seasonal,0.7080416020214458,0.8880670132565496,,36,36,36.0,72.0,500,0.0,0.0,14.606271669498854,9.719140606755115,0.9479344780882877,,,
R3,Stationary_WN,0.10648232226958676,0.1165621856397151,,None,3,,,500,0.0,0.0,0.0,0.0,10.971820494890997,,,
R4,Trending_ExponentialGrowth,0.9935760405523986,0.3888235984955404,0.30783694370380343,None,24,,,500,,,0.0,0.0,1.2835485254593197,,,
R1,Composite,0.9996621648288572,0.9960809936772582,0.9372182577580743,36,36,36.0,72.0,500,0.24814724665216095,1.4007710576862392e-05,15.185970089901222,6.975889167259985,1.0326118764825685,,,
R2,Seasonal,0.6728757607537434,0.9557320970434443,,36,36,36.0,72.0,500,0.0,0.0,28.89847746083338,10.643102573911147,1.9494366735790523,,,
R3,Stationary_AR,0.15933904214524097,0.29131753032013574,,None,24,,,500,0.0,0.0,0.0,0.0,5.0,0.510351852075302,,
R4,Trending_MeanShift,0.9998362807470155,0.9993582071558063,0.0,None,250,,,500,,,0.0,0.0,1.2234065807112458,,250.0,
R1,Composite,0.9995309005817267,0.9681230538417428,0.7975375828975948,48,50,48.0,96.0,500,-0.35065064782705946,3.540209651767415e-05,8.384225269179801,4.6320485131484315,1.4315801486876152,,,
R2,Seasonal,0.2650846662829599,0.97513200702583,,48,50,48.0,96.0,500,0.0,0.0,29.397366815010397,4.324813126276084,1.8899384598176623,,,
R3,Stationary_WN,0.09691780730659771,0.16631640868452136,,None,5,,,500,0.0,0.0,0.0,0.0,14.373712041435493,,,
R4,Trending_ExponentialGrowth,0.998141078570196,0.39051191651902273,0.4409804438097771,None,24,,,500,,,0.0,0.0,0.7028521822277296,,,
R1,Composite,0.9992344291198562,0.9963258422331087,0.9392654653785953,48,50,48.0,96.0,500,-0.1069261784435774,-4.9949593797060925e-05,12.417039772605852,4.807155907434394,0.7933549034311931,,,
R2,Seasonal,0.6144140397886025,0.966491046404839,,48,50,48.0,96.0,500,0.0,0.0,24.444364270377033,7.3452663609354385,1.1262035459239017,,,
R3,Stationary_WN,0.11789167756010266,0.18752076672171203,,None,5,,,500,0.0,0.0,0.0,0.0,9.77380866743681,,,
R4,Trending_RandomWalkDrift,0.5937247463600934,0.0,0.0,None,167,,,500,,,0.0,0.0,1.4818702702517144,,,-0.36029867284799677
R1,Composite,0.9995042068296245,0.9967589667510055,0.8376973873925592,48,50,48.0,96.0,500,0.2528484955219401,-3.18878000384608e-05,19.824458939492793,2.2470301331773763,0.743033660966624,,,
R2,Seasonal,0.6540427639245916,0.86783183168102,,48,50,48.0,96.0,500,0.0,0.0,15.643247574720387,10.128473582575598,1.447323678082416,,,
R3,Stationary_WN,0.19499889958684768,0.0953574095958084,,None,2,,,500,0.0,0.0,0.0,0.0,12.147991939967174,,,
R4,Trending_ExponentialGrowth,0.991609577937852,0.40704593530364863,0.350813503853008,None,24,,,500,,,0.0,0.0,0.7543077640568133,,,
R1,Composite,0.9999109129158118,0.9975072161356664,0.9588656715383829,12,12,12.0,24.0,500,0.3729482166907142,1.1774426290940006e-05,14.519235993428811,6.975006843761127,0.7647696671077897,,,
R2,Seasonal,0.7487331815403129,0.954871571916272,,12,12,12.0,24.0,500,0.0,0.0,26.20429867163435,11.181544083134774,1.0904510689667115,,,
R3,Stationary_AR,0.2884162903153332,0.19670565462609302,,None,16,,,500,0.0,0.0,0.0,0.0,5.0,0.6659224681391864,,
R4,Trending_RandomWalkDrift,0.999108801770187,0.9706838119608948,0.9571592111905024,None,125,,,500,,,0.0,0.0,1.1193432229365046,,,-0.3581482753045051
R1,Composite,0.9996446072069025,0.9976003447133491,0.8802425611769616,24,24,24.0,48.0,500,0.2434412498241463,3.679180215416366e-05,20.396492700123055,4.995990011573462,1.1041680513266328,,,
R2,Seasonal,0.6982255579052309,0.8978124500570799,,24,24,24.0,48.0,500,0.0,0.0,12.009665910045662,7.467875544429803,0.8262978625547452,,,
R3,Stationary_AR,0.07789693221914373,0.5546243192738707,,None,167,,,500,0.0,0.0,0.0,0.0,5.0,0.6764476102882364,,
R4,Trending_MeanShift,0.9953315651975704,0.9807292966311606,0.0,None,250,,,500,,,0.0,0.0,0.6046586815796986,,250.0,
R1,Composite,0.9984679270541682,0.9976230703345091,0.6584587922930152,12,12,12.0,24.0,500,-0.16341496519753873,4.9706609147861074e-05,22.819816301390944,2.6163606289114405,0.9985593025062846,,,
R2,Seasonal,0.7298503113986026,0.9276326121027457,,12,12,12.0,24.0,500,0.0,0.0,22.43315036406276,11.908260116752903,1.810030504964371,,,
R3,Stationary_AR,0.07612941310107924,0.18781012642713102,,None,62,,,500,0.0,0.0,0.0,0.0,5.0,0.5970999195100034,,
R4,Trending_RandomWalkDrift,0.9993986085132835,0.7005410827163195,0.912754809460774,None,24,,,500,,,0.0,0.0,1.338839648629077,,,-0.3935876354183693
R1,Composite,0.9993677195474597,0.9852159664712179,0.6168008508165285,48,100,48.0,96.0,500,0.28494872830630547,-1.1073227086474798e-05,9.347067671821911,6.911922693107987,1.3804253225162881,,,
R2,Seasonal,0.6415545700952722,0.8993601836006598,,48,50,48.0,96.0,500,0.0,0.0,13.711806121396082,7.556331442638927,1.7710457845887804,,,
R3,Stationary_AR,0.0012102819561937705,0.7433630579888952,,None,250,,,500,0.0,0.0,0.0,0.0,5.0,0.6491093810696984,,
R4,Trending_MeanShift,0.9999388405888501,0.9997573386569695,0.0,None,250,,,500,,,0.0,0.0,1.0557943780538266,,250.0,
R1,Composite,0.9998120617853842,0.9956565420700041,0.91432174590433,48,50,48.0,96.0,500,-0.3096629149099629,2.1686681700824644e-05,12.925076011679371,4.4408636700444,0.8798316880317782,,,
R2,Seasonal,0.5728678639134764,0.9496566986843833,,48,50,48.0,96.0,500,0.0,0.0,17.748569112023592,6.0308885377304815,1.616028110530542,,,
R3,Stationary_AR,0.10875418746725252,0.2931947467895162,,None,24,,,500,0.0,0.0,0.0,0.0,5.0,0.4464691920238043,,
R4,Trending_ExponentialGrowth,0.9995706711195482,0.33148336305631054,0.2783941691960259,None,24,,,500,,,0.0,0.0,0.5752869905291185,,,
R1,Composite,0.9993899856270224,0.9857067616501691,0.8898811147046678,36,36,36.0,72.0,500,-0.2569479446479454,1.6052910186919278e-05,10.506235112834602,6.4926217859575575,1.259369410974937,,,
R2,Seasonal,0.7038184139126152,0.934878173001642,,36,36,36.0,72.0,500,0.0,0.0,22.9775574474533,11.200674453110878,1.4550180705100626,,,
R3,Stationary_WN,0.1676674925965369,0.2191354877356081,,None,5,,,500,0.0,0.0,0.0,0.0,6.671424098433229,,,
R4,Trending_MeanShift,0.9998128467507107,0.9992529210993272,0.0,None,250,,,500,,,0.0,0.0,0.734679213765867,,250.0,
R1,Composite,0.9955045799477693,0.997226050373206,0.7588117245012269,24,24,24.0,48.0,500,-0.10243752181227354,1.267498377184246e-05,24.566980934737664,3.8336853656261,1.3427168376066039,,,
R2,Seasonal,0.5927696617452305,0.97771873670411,,24,24,24.0,48.0,500,0.0,0.0,23.228702339140412,5.0765824561232185,1.8929467501684776,,,
R3,Stationary_AR,0.08957456202793912,0.19919376900103503,,None,24,,,500,0.0,0.0,0.0,0.0,5.0,0.5864169901440273,,
R4,Trending_MeanShift,0.9986144974835659,0.9937344437771325,0.0,None,250,,,500,,,0.0,0.0,0.9566609027699894,,250.0,
R1,Composite,0.9998985129631071,0.9977640628348762,0.9217413475521614,12,12,12.0,24.0,500,-0.367308174219277,-1.4766598719275659e-05,16.23588481412213,5.220463158841821,0.8447231062238185,,,
R2,Seasonal,0.7369652493150178,0.8967542541093694,,12,12,12.0,24.0,500,0.0,0.0,13.911676763557425,9.093726836496586,1.2475403992465839,,,
R3,Stationary_WN,0.10034208087149732,0.173119894252736,,None,9,,,500,0.0,0.0,0.0,0.0,8.225775108186154,,,
R4,Trending_ExponentialGrowth,0.9996135527933984,0.3550723634908832,0.3286850873533931,None,24,,,500,,,0.0,0.0,0.9334526416263392,,,
R1,Composite,0.9990234222066263,0.9986184345999762,0.9295718112693031,12,12,12.0,24.0,500,-0.1179408640601418,-1.7776027990881857e-05,22.147057981644164,6.0046385992067695,0.8798984252735192,,,
R2,Seasonal,0.7415609630118258,0.9864587552933259,,12,12,12.0,24.0,500,0.0,0.0,22.60815261991314,5.084391057040699,0.5875830393418164,,,
R3,Stationary_WN,0.075141731250293,0.20609629830658394,,None,14,,,500,0.0,0.0,0.0,0.0,14.247706652786956,,,
R4,Trending_MeanShift,0.9997336468421524,0.9989613103035941,0.0,None,250,,,500,,,0.0,0.0,1.2740911990150567,,250.0,
R1,Composite,0.9993593646059428,0.9961830649793254,0.7825923570547164,24,24,24.0,48.0,500,-0.2249528626653387,4.5316426724561805e-05,16.649734610460143,3.346319665064826,1.186942565515799,,,
R2,Seasonal,0.6803802974944062,0.9638719152334437,,24,24,24.0,48.0,500,0.0,0.0,14.720500202566626,4.973897723964187,0.7811300185925005,,,
R3,Stationary_WN,0.21378771947166342,0.10877489084786096,,None,3,,,500,0.0,0.0,0.0,0.0,11.279864261604512,,,
R4,Trending_ExponentialGrowth,0.9980315990832831,0.32669684530021736,0.3278074212717976,None,24,,,500,,,0.0,0.0,0.9404206734139686,,,
R1,Composite,0.9995381198043077,0.9971139632682268,0.973004980629699,12,12,12.0,24.0,500,-0.1344204763818697,1.2972766717621945e-05,10.551418029127907,6.829205685517363,0.6003645010645782,,,
R2,Seasonal,0.7411633229500411,0.8801561635427795,,12,12,12.0,24.0,500,0.0,0.0,14.722798168147042,10.573070800826029,1.2487776368356303,,,
R3,Stationary_AR,0.09309975060937048,0.2790650486776406,,None,50,,,500,0.0,0.0,0.0,0.0,5.0,0.649659908683694,,
R4,Trending_RandomWalkDrift,0.37081173387074595,0.8531510346754216,,None,167,,,500,,,0.0,0.0,0.9188406816309814,,,-0.12871100946470546
R1,Composite,0.9997196852569341,0.9866543321255874,0.9295966318806728,24,24,24.0,48.0,500,-0.33653414025389633,4.6058296581389715e-05,8.854209084258029,7.011017108387041,1.205747561916027,,,
R2,Seasonal,0.6760021590917028,0.9450786908837857,,24,24,24.0,48.0,500,0.0,0.0,23.63696561864743,9.984862086328905,1.8914706494568467,,,
R3,Stationary_AR,0.24548273615058025,0.27877259217715955,,None,25,,,500,0.0,0.0,0.0,0.0,5.0,0.64968329027115,,
R4,Trending_RandomWalkDrift,0.9974408542826094,0.7706450097667098,0.8922281835315866,None,24,,,500,,,0.0,0.0,0.9463475661293763,,,-0.14256715612034807
R1,Composite,0.9997245237781307,0.9944953205083883,0.9189736626762979,12,12,12.0,24.0,500,0.26631947042890236,-2.7008445135232998e-05,11.517424742651201,5.741507646674576,0.934240343595863,,,
R2,Seasonal,0.7293494938846898,0.9661119523970757,,12,12,12.0,24.0,500,0.0,0.0,29.303200539369662,10.417775595126475,1.687860058585413,,,
R3,Stationary_AR,0.1545479015121931,0.24994208465936618,,None,28,,,500,0.0,0.0,0.0,0.0,5.0,0.5686847734095641,,
R4,Trending_ExponentialGrowth,0.9987723019718638,0.3032199129744927,0.2786791247860021,None,24,,,500,,,0.0,0.0,0.5018767611103132,,,
R1,Composite,0.99993703711121,0.9988950997177162,0.8408759168663664,36,36,36.0,72.0,500,-0.3864397539006825,2.214373609142139e-05,18.255148830851766,2.5154067919419627,0.6578889305910727,,,
R2,Seasonal,0.6934991498923417,0.9670576850327512,,36,36,36.0,72.0,500,0.0,0.0,27.703549441592745,9.134103521857515,1.3854849659258741,,,
R3,Stationary_AR,0.0,0.8831558891251925,,None,250,,,500,0.0,0.0,0.0,0.0,5.0,0.6996846776775403,,
R4,Trending_RandomWalkDrift,0.9997153909315774,0.5069610886083353,0.828519140067394,None,24,,,500,,,0.0,0.0,0.6880217040836625,,,-0.35234490094909443
R1,Composite,0.9996698560535519,0.9975169709423733,0.7079493212183072,12,12,12.0,24.0,500,-0.28710472207776583,-4.0429990351162225e-05,23.059452719096452,2.824027747488591,1.1769118378766814,,,
R2,Seasonal,0.7192602640837014,0.9764288821511113,,12,12,12.0,24.0,500,0.0,0.0,21.464505029177545,6.111048558469944,1.1549927467117969,,,
R3,Stationary_WN,0.16267281303270176,0.0890430307280411,,None,3,,,500,0.0,0.0,0.0,0.0,9.589719549332752,,,
R4,Trending_MeanShift,0.9997024395310615,0.9988254950211807,0.0,None,250,,,500,,,0.0,0.0,0.5823709238807866,,250.0,
R1,Composite,0.9999141664336553,0.9932826342220524,0.9622359302184702,48,50,48.0,96.0,500,0.38300290985904895,1.4720909755206911e-05,9.262528969799082,6.532719955608908,0.8170071557077913,,,
R2,Seasonal,0.6073671686504806,0.8913808709573315,,48,50,48.0,96.0,500,0.0,0.0,15.19282382552521,8.388984761920938,1.5092877041403423,,,
R3,Stationary_AR,0.07698733886699871,0.25890443641202177,,None,21,,,500,0.0,0.0,0.0,0.0,5.0,0.4366717062345762,,
R4,Trending_ExponentialGrowth,0.9979968195883328,0.37512106439062975,0.35665282626010253,None,24,,,500,,,0.0,0.0,1.1190614754182564,,,
R1,Composite,0.9996861848409044,0.9955606953214096,0.9137460562616044,12,12,12.0,24.0,500,-0.35851051419762925,4.6473016651746924e-05,18.108016815990243,7.680880405997969,1.199440195077417,,,
R2,Seasonal,0.74233375724501,0.9449780141586585,,12,12,12.0,24.0,500,0.0,0.0,22.625384937616182,10.619510794925105,1.249946716615941,,,
R3,Stationary_WN,0.20871504557914144,0.13834289348624262,,None,2,,,500,0.0,0.0,0.0,0.0,13.666044084899136,,,
R4,Trending_MeanShift,0.9965594996486022,0.9886280945533621,0.0,None,250,,,500,,,0.0,0.0,0.7802066865547933,,250.0,
R1,Composite,0.9994080269329193,0.9979804632050172,0.8087866425851797,24,24,24.0,48.0,500,-0.20805970818308914,3.3497896280173676e-05,21.06285887595081,3.308759731428136,0.9950308371859964,,,
R2,Seasonal,0.6960199545391252,0.9635459935172564,,24,24,24.0,48.0,500,0.0,0.0,17.47193432338028,6.20881410824383,0.8270989963975832,,,
R3,Stationary_WN,0.041092604418781487,0.3160461275448928,,None,23,,,500,0.0,0.0,0.0,0.0,7.335558699696185,,,
R4,Trending_ExponentialGrowth,0.9989706706234536,0.38077520151524347,0.31238437366090843,None,24,,,500,,,0.0,0.0,1.0511279124116726,,,
R1,Composite,0.9999188948097375,0.9973052400739351,0.865662861303412,48,100,48.0,96.0,500,-0.2754926560888489,-4.451066781333888e-05,8.270413120244202,6.535670034154136,0.5902277889845879,,,
R2,Seasonal,0.43354005419159247,0.9693339687911137,,48,50,48.0,96.0,500,0.0,0.0,23.482682152224577,4.749112322310012,1.8161278981398568,,,
R3,Stationary_WN,0.19871900141832333,0.1621748613846239,,None,2,,,500,0.0,0.0,0.0,0.0,14.802333982656679,,,
R4,Trending_ExponentialGrowth,0.9993477054499571,0.3873755380237057,0.3100645783572671,None,24,,,500,,,0.0,0.0,0.5313728762847467,,,
R1,Composite,0.99753872164301,0.9938254561421184,0.8972871877700371,24,24,24.0,48.0,500,-0.14129319871688134,2.7082630117070923e-05,16.261452925123212,7.090099800310523,1.2342715420624075,,,
R2,Seasonal,0.6992499875178771,0.9670243291381098,,24,24,24.0,48.0,500,0.0,0.0,17.576554800571195,5.916297634170034,0.6923736479317956,,,
R3,Stationary_AR,0.27336212817399197,0.24694121346074627,,None,9,,,500,0.0,0.0,0.0,0.0,5.0,0.49614474703077677,,
R4,Trending_ExponentialGrowth,0.999725668843614,0.42241872929170654,0.42718847489697753,None,24,,,500,,,0.0,0.0,0.853317808615508,,,
R1,Composite,0.9984977459573724,0.9965877579916014,0.6892238685273293,12,12,12.0,24.0,500,0.14334294272307688,-1.3105964345200296e-05,18.527116471874294,2.533351799249161,1.1485969347267466,,,
R2,Seasonal,0.729178296871124,0.9765274367269382,,12,12,12.0,24.0,500,0.0,0.0,26.066244982112853,7.6863147824767815,1.1222327248161532,,,
R3,Stationary_AR,0.03575752664697218,0.19994813991509308,,None,36,,,500,0.0,0.0,0.0,0.0,5.0,0.4224102231437365,,
R4,Trending_RandomWalkDrift,0.27962684996035847,0.14558461253979904,0.0,None,167,,,500,,,0.0,0.0,1.228286409461435,,,-0.3915416399616537
R1,Composite,0.9994476896846086,0.9979084842913272,0.9664053543892687,48,50,48.0,96.0,500,0.10154734531065775,-2.420453077622545e-05,9.894222770859473,4.003344119696743,0.5400515888037127,,,
R2,Seasonal,0.6339450760733271,0.950996252830256,,48,50,48.0,96.0,500,0.0,0.0,29.519943738880087,10.7935031010831,1.7776674707458338,,,
R3,Stationary_AR,0.036945602415551004,0.21503370677439781,,None,100,,,500,0.0,0.0,0.0,0.0,5.0,0.5481528772873312,,
R4,Trending_MeanShift,0.9998082964223819,0.9992072225961848,0.0,None,250,,,500,,,0.0,0.0,1.3598518534576922,,250.0,
R1,Composite,0.9978952435710777,0.9959233569755244,0.8118633402632434,48,50,48.0,96.0,500,0.1530974681073362,-2.3114884863750197e-05,21.81809264201734,3.3648539851531805,1.1153251524638286,,,
R2,Seasonal,0.6317346764547342,0.9344397929598419,,48,50,48.0,96.0,500,0.0,0.0,11.514106646024498,4.884501321563066,0.8629318650043822,,,
R3,Stationary_AR,0.04572439530905781,0.34692345850588546,,None,45,,,500,0.0,0.0,0.0,0.0,5.0,0.42750477385148056,,
R4,Trending_MeanShift,0.9999387172510601,0.999758477071467,0.0,None,250,,,500,,,0.0,0.0,0.7337428466382077,,250.0,
R1,Composite,0.9976130354359368,0.9914622055259669,0.7777239559288337,48,50,48.0,96.0,500,0.16117671799456315,-3.705636687603456e-05,16.09341069519484,3.6697238648341095,1.4640684755324482,,,
R2,Seasonal,0.6249340013694489,0.9233572178282359,,48,50,48.0,96.0,500,0.0,0.0,19.69584609511128,9.132233142882814,1.8194279741771962,,,
R3,Stationary_AR,0.08419466452624969,0.24226580905478123,,None,45,,,500,0.0,0.0,0.0,0.0,5.0,0.4489230216510313,,
R4,Trending_ExponentialGrowth,0.9994965088037513,0.35717940663645154,0.3477076363803471,None,24,,,500,,,0.0,0.0,0.6623236593930801,,,
R1,Composite,0.9999137598014439,0.9978788417159425,0.9638988665178719,12,12,12.0,24.0,500,0.3967131467135271,2.2908044414743427e-05,16.63802582033182,7.9974259135080725,0.7798577996602472,,,
R2,Seasonal,0.680178373373763,0.9282271711205936,,12,12,12.0,24.0,500,0.0,0.0,12.38735488475796,5.732884516686854,1.6513517018707087,,,
R3,Stationary_AR,0.030829110831447237,0.09971374080421502,,None,71,,,500,0.0,0.0,0.0,0.0,5.0,0.674533480154256,,
R4,Trending_ExponentialGrowth,0.995529588156446,0.3042921340412337,0.29975009763447735,None,24,,,500,,,0.0,0.0,0.6585396874095173,,,
R1,Composite,0.9995041460100927,0.9973188525153602,0.9293751537939874,48,50,48.0,96.0,500,-0.20818852291475512,-4.976260365268032e-05,20.851828997776856,5.99057947301689,1.1322301942372965,,,
R2,Seasonal,0.5697637892073117,0.9586476667889695,,48,50,48.0,96.0,500,0.0,0.0,23.839433349600476,7.282945688318049,1.8475323312755063,,,
R3,Stationary_AR,0.17762704673258622,0.261630877028432,,None,12,,,500,0.0,0.0,0.0,0.0,5.0,0.48914027781678426,,
R4,Trending_MeanShift,0.9998127316232731,0.999248733309155,0.0,None,250,,,500,,,0.0,0.0,1.2994995832612497,,250.0,
R1,Composite,0.9974393174119127,0.9975919845843119,0.6726116317313946,24,24,24.0,48.0,500,0.12031755190183474,-1.796974036611341e-05,23.447175883706525,2.460695866694433,1.0551515342966642,,,
R2,Seasonal,0.7071284016324458,0.8930389001249374,,24,24,24.0,48.0,500,0.0,0.0,17.490024804521553,11.602834268380617,0.8883248306770106,,,
R3,Stationary_WN,0.11334155449659833,0.12804539458093822,,None,4,,,500,0.0,0.0,0.0,0.0,6.590458388814381,,,
R4,Trending_RandomWalkDrift,0.9976917128419659,0.9707244754697889,0.9436640524285962,None,125,,,500,,,0.0,0.0,0.6213733461113949,,,-0.2973889030277418
R1,Composite,0.9995089906419531,0.9948267996531477,0.5144812667582364,12,12,12.0,24.0,500,-0.37626270959773556,4.988206021310795e-05,22.06136041328677,2.212277013242714,1.4968860190695077,,,
R2,Seasonal,0.6745875387344955,0.9320304464496312,,12,12,12.0,24.0,500,0.0,0.0,16.76135459926311,7.662798031013418,1.975908381394452,,,
R3,Stationary_AR,0.17934561697999185,0.27368713952885204,,None,24,,,500,0.0,0.0,0.0,0.0,5.0,0.46817971737207326,,
R4,Trending_RandomWalkDrift,0.9997494987416028,0.7622299959248853,0.9112704710083431,None,24,,,500,,,0.0,0.0,1.162075995591423,,,0.4537176774009126
R1,Composite,0.9996703258567771,0.9947928576783375,0.5896185490145718,36,36,36.0,72.0,500,-0.34064324776619703,3.4836226088164076e-05,16.44846513942366,2.1641839027952043,1.1569684861174143,,,
R2,Seasonal,0.63862340844003,0.964841385283627,,36,36,36.0,72.0,500,0.0,0.0,22.008287095399936,6.874294728185624,1.7753236440173505,,,
R3,Stationary_WN,0.11665147010677546,0.09307904580620052,,None,3,,,500,0.0,0.0,0.0,0.0,8.30196511871372,,,
R4,Trending_RandomWalkDrift,0.9990708887648352,0.6837059849313389,0.8809438640109851,None,24,,,500,,,0.0,0.0,0.9371153142818051,,,-0.10507665140260532
R1,Composite,0.9995961452623668,0.97708451281316,0.7007798403907072,12,12,12.0,24.0,500,-0.37347814063247553,2.345413561776315e-05,9.70917478951848,3.8227490422107167,1.4356226403095007,,,
R2,Seasonal,0.7254925905626759,0.9616039390244854,,12,12,12.0,24.0,500,0.0,0.0,19.705734886564766,7.315334072275441,1.1791599644480883,,,
R3,Stationary_WN,0.17244546609343125,0.1103115276207427,,None,2,,,500,0.0,0.0,0.0,0.0,5.0730581562761214,,,
R4,Trending_RandomWalkDrift,0.9994841967346352,0.6636775673025865,0.8783270560799761,None,24,,,500,,,0.0,0.0,1.283094238986031,,,0.3000676365130399
R1,Composite,0.99972538312802,0.9956621117586336,0.9620414935315271,48,50,48.0,96.0,500,0.23547264046215552,3.2128725419421155e-05,13.497590440597016,7.532444113434093,0.8966413214564217,,,
R2,Seasonal,0.6503706564313321,0.9361383390551358,,48,50,48.0,96.0,500,0.0,0.0,18.285882377922967,7.910199059868328,1.1390065424535503,,,
R3,Stationary_WN,0.20773956205842914,0.08148497537129118,,None,2,,,500,0.0,0.0,0.0,0.0,10.806284902378199,,,
R4,Trending_ExponentialGrowth,0.993877123380032,0.4387902880842123,0.31555258619910176,None,24,,,500,,,0.0,0.0,1.1514070042792839,,,
R1,Composite,0.9996939505247598,0.9938388195227726,0.7216702796479624,12,12,12.0,24.0,500,-0.3008889718528316,4.827400476574326e-05,12.54674681031067,2.424017298031954,0.9643560186225979,,,
R2,Seasonal,0.7411181961102458,0.9494537338084794,,12,12,12.0,24.0,500,0.0,0.0,26.092303655796393,11.636323633311846,1.4433503889737818,,,
R3,Stationary_WN,0.1903226358785306,0.10135054277040156,,None,2,,,500,0.0,0.0,0.0,0.0,10.811580655125084,,,
R4,Trending_RandomWalkDrift,0.9997652330124431,0.6381864562115731,0.861402423426255,None,24,,,500,,,0.0,0.0,1.0275340832363233,,,0.28418755704768706
R1,Composite,0.9997435721490047,0.9976479244860021,0.7555442856021208,36,36,36.0,72.0,500,0.29950566123670264,1.339899834362982e-05,20.53604770995422,2.940257593388959,1.1555534995984225,,,
R2,Seasonal,0.7070327077491252,0.9583356961259394,,36,36,36.0,72.0,500,0.0,0.0,20.01061592658554,7.7974161693998525,0.9067247338073811,,,
R3,Stationary_AR,0.20665512196745062,0.26495577543838866,,None,12,,,500,0.0,0.0,0.0,0.0,5.0,0.41029281158849434,,
R4,Trending_MeanShift,0.9999638270361795,0.9998557089055558,0.0,None,250,,,500,,,0.0,0.0,0.69606908995796,,250.0,
R1,Composite,0.9996416178032292,0.9816347913835569,0.8623055466494062,24,24,24.0,48.0,500,-0.3813680950710122,4.302104868552851e-05,9.887372094852658,6.007923622579963,1.4853938726157114,,,
R2,Seasonal,0.587923917260121,0.9647863370081261,,24,24,24.0,48.0,500,0.0,0.0,17.8095467702638,4.880545834753826,1.4950035339795105,,,
R3,Stationary_AR,0.04625223396856559,0.2764415248749964,,None,45,,,500,0.0,0.0,0.0,0.0,5.0,0.42934264921500803,,
R4,Trending_MeanShift,0.9998873807552736,0.999546603809451,0.0,None,250,,,500,,,0.0,0.0,1.0134015665623246,,250.0,
R1,Composite,0.9985112159844477,0.990337801425976,0.8545966669560983,12,12,12.0,24.0,500,0.13821182356029174,-1.5635550357528345e-05,10.359106995051441,4.637062382482768,1.171264597850987,,,
R2,Seasonal,0.7235660756107657,0.9481102890277497,,12,12,12.0,24.0,500,0.0,0.0,13.547910948019954,5.840760712236493,0.9924209529452415,,,
R3,Stationary_AR,0.14816765133231546,0.31834428978547813,,None,42,,,500,0.0,0.0,0.0,0.0,5.0,0.5571781978505974,,
R4,Trending_MeanShift,0.9612017301933468,0.893539866836363,0.0,None,250,,,500,,,0.0,0.0,1.1058650332510969,,250.0,
R1,Composite,0.9999085250052852,0.9991691364407914,0.9649047332519238,24,24,24.0,48.0,500,-0.26084259890839545,2.9095121338221777e-05,16.41059792093413,4.652043097209236,0.5105827550892196,,,
R2,Seasonal,0.6476006244661822,0.9724588972015337,,24,24,24.0,48.0,500,0.0,0.0,27.858590695395826,7.924419183737203,1.8452597767995564,,,
R3,Stationary_WN,0.025614232319862595,0.15263579338676403,,None,4,,,500,0.0,0.0,0.0,0.0,8.68589679492244,,,
R4,Trending_MeanShift,0.9999580039716592,0.9998321010249106,0.01054013407512544,None,250,,,500,,,0.0,0.0,0.7267893439579368,,250.0,
R1,Composite,0.9999288565786868,0.9991725270133994,0.8372269459898956,12,12,12.0,24.0,500,-0.3628352077836563,2.9077102815785826e-05,20.867448132196962,2.4795984587041433,0.6749955226238291,,,
R2,Seasonal,0.7427142354112384,0.9792989907723576,,12,12,12.0,24.0,500,0.0,0.0,25.46328127301095,7.216390499375218,0.8655151308751748,,,
R3,Stationary_AR,0.0975500213999626,0.36096415343571975,,None,71,,,500,0.0,0.0,0.0,0.0,5.0,0.6067956509533461,,
R4,Trending_ExponentialGrowth,0.9907050817424129,0.36060705861186826,0.2961443672303429,None,24,,,500,,,0.0,0.0,0.8700247822234405,,,
R1,Composite,0.999059298906981,0.9947007392916782,0.9087538149849524,36,36,36.0,72.0,500,-0.13055451208170407,-4.6137710679733855e-05,13.433659552184682,5.744392136922668,1.083244369041084,,,
R2,Seasonal,0.6920820281626939,0.89278198853264,,36,36,36.0,72.0,500,0.0,0.0,11.952857785863294,7.475360477283575,1.308499844567279,,,
R3,Stationary_WN,0.1669877418816359,0.09739675443437779,,None,2,,,500,0.0,0.0,0.0,0.0,6.442215473617287,,,
R4,Trending_ExponentialGrowth,0.997648196688955,0.4632471242226057,0.4468130692457616,None,24,,,500,,,0.0,0.0,0.8796312249533259,,,
R1,Composite,0.9979250953600799,0.9963995082833704,0.6257359452599216,12,12,12.0,24.0,500,0.1436081144893206,1.3673596394539873e-05,23.241051045107543,2.799392178548916,1.4888862388133808,,,
R2,Seasonal,0.7348796465799596,0.9841524617829642,,12,12,12.0,24.0,500,0.0,0.0,23.316794960410157,5.690714681231439,0.7837758292570303,,,
R3,Stationary_AR,0.06326952465726288,0.15769646292800465,,None,50,,,500,0.0,0.0,0.0,0.0,5.0,0.6674512092652032,,
R4,Trending_RandomWalkDrift,0.999539778647245,0.766747849002018,0.8623339494482272,None,24,,,500,,,0.0,0.0,0.7140201378184776,,,-0.19414836305009545
R1,Composite,0.9997394420888012,0.9926458608303766,0.8999010951585283,12,12,12.0,24.0,500,0.28596044702699186,4.5834928094850655e-05,11.75630849847098,6.005013405831146,0.9993288233033296,,,
R2,Seasonal,0.7508350640402423,0.8933248123106888,,12,12,12.0,24.0,500,0.0,0.0,16.769216466046828,11.539393590323527,0.8471686241419704,,,
R3,Stationary_WN,0.21578972437808475,0.2393354977120118,,None,3,,,500,0.0,0.0,0.0,0.0,13.927595318037366,,,
R4,Trending_MeanShift,0.9999525589344145,0.9998111930324305,0.0,None,250,,,500,,,0.0,0.0,1.1025521930222564,,250.0,
R1,Composite,0.9998323231127287,0.9990877550007405,0.9188244712328179,12,12,12.0,24.0,500,0.19873761622079422,3.294510720935736e-05,18.709989449960126,3.818588835705679,0.6553495278782726,,,
R2,Seasonal,0.7497048588131271,0.8565865364115138,,12,12,12.0,24.0,500,0.0,0.0,13.483029108885468,10.923349706348926,0.8873864641676288,,,
R3,Stationary_AR,0.2657645637934454,0.29684324951504326,,None,10,,,500,0.0,0.0,0.0,0.0,5.0,0.47787943484417117,,
R4,Trending_RandomWalkDrift,0.990224125806453,0.70049476389561,0.9163316307418035,None,24,,,500,,,0.0,0.0,0.9221942159286888,,,-0.3968520900361704
R1,Composite,0.9993052251544879,0.9939351027737254,0.771142548644297,12,12,12.0,24.0,500,-0.25187937339466604,-4.0069423135704635e-05,18.644597839524963,5.098274988840258,1.4518427110269183,,,
R2,Seasonal,0.7355633058884166,0.886819811479272,,12,12,12.0,24.0,500,0.0,0.0,11.654473285420453,8.032108110697934,1.1620487237594819,,,
R3,Stationary_AR,0.13276234068544035,0.2483208061465665,,None,15,,,500,0.0,0.0,0.0,0.0,5.0,0.4513552097407618,,
R4,Trending_ExponentialGrowth,0.9817664008991958,0.42350596767414583,0.37315555232320496,None,24,,,500,,,0.0,0.0,1.1982212814882849,,,
R1,Composite,0.9999017345414543,0.9986214581639831,0.9187304900958035,36,36,36.0,72.0,500,0.35456198565461783,-4.374283219162529e-05,18.085932537507023,4.187519317021842,0.7235956140247152,,,
R2,Seasonal,0.5693213040005574,0.9663142437099488,,36,36,36.0,72.0,500,0.0,0.0,20.36440831464413,5.474228281424877,1.938923519586099,,,
R3,Stationary_WN,0.28838196287241435,0.16825355517321317,,None,2,,,500,0.0,0.0,0.0,0.0,6.67353613397275,,,
R4,Trending_MeanShift,0.9999706323564169,0.9998818243903758,0.0,None,250,,,500,,,0.0,0.0,0.7031291029068918,,250.0,
R1,Composite,0.9997590609378789,0.9961073219473897,0.8917804609982147,48,50,48.0,96.0,500,0.38488297641627034,-1.5735395054634125e-05,19.712570258537774,5.2663632024332045,1.299294153711982,,,
R2,Seasonal,0.4874272734253481,0.9690549579956875,,48,50,48.0,96.0,500,0.0,0.0,25.563321655477782,5.828913239126968,1.7332363173874905,,,
R3,Stationary_AR,0.18407720716100384,0.3339932376851178,,None,36,,,500,0.0,0.0,0.0,0.0,5.0,0.6981526141492211,,
R4,Trending_RandomWalkDrift,0.9997606445654393,0.6470090521144992,0.8429391362284251,None,24,,,500,,,0.0,0.0,0.5022327457086915,,,-0.46524720350453863
R1,Composite,0.999841888140021,0.9972249316550644,0.9469653009411604,48,50,48.0,96.0,500,-0.35985919048019754,-2.3705705341428213e-05,18.419299860430506,6.663536461571496,0.9479130055105842,,,
R2,Seasonal,0.6105686802741359,0.8862184642205593,,48,50,48.0,96.0,500,0.0,0.0,14.60871528403175,8.006982550099405,1.7520655504228526,,,
R3,Stationary_WN,0.18835840747886756,0.10558581809138101,,None,2,,,500,0.0,0.0,0.0,0.0,8.192218996656301,,,
R4,Trending_ExponentialGrowth,0.9983369391972806,0.37082790090848705,0.41276559406654945,None,24,,,500,,,0.0,0.0,0.8966407679680715,,,
R1,Composite,0.9994487663665484,0.9978929550413279,0.8596198017285035,12,12,12.0,24.0,500,-0.13743885612912043,1.0798387218636264e-05,13.805120289308359,2.9088857237004024,0.6958952390781328,,,
R2,Seasonal,0.7485412209098248,0.967847581847621,,12,12,12.0,24.0,500,0.0,0.0,21.171766092008937,7.577500619481746,0.7094718156063469,,,
R3,Stationary_WN,0.15556475128206226,0.036184680205011754,,None,2,,,500,0.0,0.0,0.0,0.0,11.698810290143355,,,
R4,Trending_ExponentialGrowth,0.9964798090510293,0.3123939482794873,0.3031242021493591,None,24,,,500,,,0.0,0.0,1.3772378154322433,,,
R1,Composite,0.9996699472231987,0.9891315257520709,0.9245764086785317,24,24,24.0,48.0,500,-0.3316297079708729,1.209417592862966e-05,11.109412809559254,7.690474545822276,1.252562185031948,,,
R2,Seasonal,0.7001407845033409,0.9889774347091426,,24,24,24.0,48.0,500,0.0,0.0,27.401347175813374,5.25149702777847,0.5790275306356155,,,
R3,Stationary_AR,0.05381138589576384,0.33382248125071834,,None,42,,,500,0.0,0.0,0.0,0.0,5.0,0.46511435461220163,,
R4,Trending_MeanShift,0.9998715587044583,0.9994809652799459,0.0,None,250,,,500,,,0.0,0.0,0.8939216363538027,,250.0,
R1,Composite,0.9996030180132125,0.9947911901627423,0.8625104992674206,48,50,48.0,96.0,500,-0.23489810887472784,-4.4962401638418434e-05,14.988206576496795,3.017717523304083,0.9858461750391889,,,
R2,Seasonal,0.5650719559920663,0.8889582440420805,,48,50,48.0,96.0,500,0.0,0.0,14.193125173765518,7.107523699282934,1.904420011904085,,,
R3,Stationary_AR,0.17822466693016215,0.15251694011055772,,None,14,,,500,0.0,0.0,0.0,0.0,5.0,0.578651559471798,,
R4,Trending_RandomWalkDrift,0.9933044516127544,0.9143291298543541,0.0,None,250,,,500,,,0.0,0.0,1.3268715756828993,,,0.3885714431237077
R1,Composite,0.9992524699944096,0.9909653138081806,0.8171150432968719,12,12,12.0,24.0,500,-0.18088884356591456,-3.682470844784015e-05,11.59553492271522,4.284052093199861,1.0583200811228397,,,
R2,Seasonal,0.7448473163955758,0.9854218315130356,,12,12,12.0,24.0,500,0.0,0.0,25.7061949861288,6.105608523567131,0.688434385552884,,,
R3,Stationary_AR,0.16880437428955153,0.33804265737643735,,None,24,,,500,0.0,0.0,0.0,0.0,5.0,0.4537260166653263,,
R4,Trending_MeanShift,0.9999561783584247,0.9998240494662086,0.0,None,250,,,500,,,0.0,0.0,0.8731012488602399,,250.0,
R1,Composite,0.9997085484871645,0.9982522515993216,0.8155366204415369,12,12,12.0,24.0,500,-0.18633542870309536,-3.503541483580575e-05,17.045424463717943,2.6902632759342406,0.7242347128292037,,,
R2,Seasonal,0.7514314915064297,0.9568592553862536,,12,12,12.0,24.0,500,0.0,0.0,23.617221845426883,10.011976784761355,0.7940260876898623,,,
R3,Stationary_WN,0.10623263125275961,0.12038902846828292,,None,7,,,500,0.0,0.0,0.0,0.0,10.98113590751577,,,
R4,Trending_ExponentialGrowth,0.9911078196430174,0.3921814347092667,0.36834857998915915,None,24,,,500,,,0.0,0.0,0.8257276937089556,,,
R1,Composite,0.9991758723208005,0.9971573413942927,0.7045394291163716,24,24,24.0,48.0,500,0.19161289876420134,-1.8699141284207395e-05,20.0004635561819,2.6619172880354034,1.1357375645420562,,,
R2,Seasonal,0.6386687531109532,0.9800320246096537,,24,24,24.0,48.0,500,0.0,0.0,24.2508876509603,5.558457750720436,1.4213614367693872,,,
R3,Stationary_AR,0.11534167570875065,0.268688945536678,,None,33,,,500,0.0,0.0,0.0,0.0,5.0,0.45493346114481886,,
R4,Trending_ExponentialGrowth,0.9994508757470039,0.4407362935529683,0.39354686724327037,None,24,,,500,,,0.0,0.0,1.192159394784172,,,
R1,Composite,0.9971381592610787,0.9901571222956287,0.7319476966403917,24,24,24.0,48.0,500,0.10301202556703781,2.269423621660892e-05,12.431438948687127,3.366581378389335,1.3122679401653106,,,
R2,Seasonal,0.6670136219313574,0.9480697403042548,,24,24,24.0,48.0,500,0.0,0.0,21.720679305987787,8.738070224690976,1.8465207925073535,,,
R3,Stationary_WN,0.16504459460708154,0.21231570281607604,,None,6,,,500,0.0,0.0,0.0,0.0,9.77190920048685,,,
R4,Trending_RandomWalkDrift,0.9968674953161275,0.7168341294238347,0.8934632012782314,None,24,,,500,,,0.0,0.0,0.9717924379511583,,,-0.2245406138333774
R1,Composite,0.9999083521980422,0.9983314669323626,0.9544669535977677,12,12,12.0,24.0,500,0.29292089193418286,4.8766389446523655e-05,15.086155867432737,5.655508373983458,0.5692288394784166,,,
R2,Seasonal,0.733650664287461,0.8971405115690583,,12,12,12.0,24.0,500,0.0,0.0,11.316573809134107,7.418998715221465,1.1063956017309058,,,
R3,Stationary_AR,0.009877428652002918,0.3272444241823599,,None,125,,,500,0.0,0.0,0.0,0.0,5.0,0.6243581814997733,,
R4,Trending_MeanShift,0.9999612234906979,0.9998455738703076,0.0304561096732201,None,250,,,500,,,0.0,0.0,1.033537609121737,,250.0,
R1,Composite,0.9996124197016827,0.9909324117225434,0.7649160706401477,48,50,48.0,96.0,500,-0.3638127787728709,-1.3022358715777839e-05,16.320050088154577,2.8950728805704173,1.3494193203718279,,,
R2,Seasonal,0.6689636736277791,0.8576481503559328,,48,50,48.0,96.0,500,0.0,0.0,14.92545955498709,10.59185001363669,1.2846556099465436,,,
R3,Stationary_AR,0.1225285684622982,0.30455135284112445,,None,36,,,500,0.0,0.0,0.0,0.0,5.0,0.4986245661027624,,
R4,Trending_RandomWalkDrift,0.8863990854018964,0.15524813536413162,0.0,None,250,,,500,,,0.0,0.0,0.7380232650463422,,,-0.44308555407398387
R1,Composite,0.9999225213821219,0.998887384981523,0.9397485585826812,24,24,24.0,48.0,500,-0.32323364599733617,4.088575977033399e-05,16.07163559345353,3.8888433280286754,0.5797408268598546,,,
R2,Seasonal,0.6872012643362198,0.9725506100449238,,24,24,24.0,48.0,500,0.0,0.0,25.9525030093003,7.752376344017589,1.1637576113058818,,,
R3,Stationary_WN,0.009439638100550485,0.31164594174958804,,None,83,,,500,0.0,0.0,0.0,0.0,10.641378391651612,,,
R4,Trending_ExponentialGrowth,0.9994372473068971,0.38079638133265103,0.32766475355630287,None,24,,,500,,,0.0,0.0,1.0151191663314951,,,
R1,Composite,0.9998404119390925,0.9977362833189859,0.924833623954895,12,12,12.0,24.0,500,0.28974704690512226,-2.105234963481497e-05,15.005062839359162,5.045745001524859,0.6644898561322191,,,
R2,Seasonal,0.6814632221375179,0.970899275322454,,12,12,12.0,24.0,500,0.0,0.0,23.77641897768175,6.981730013876836,1.9770290420059458,,,
R3,Stationary_WN,0.14612502382352044,0.11778458242943735,,None,4,,,500,0.0,0.0,0.0,0.0,8.668509060731186,,,
R4,Trending_ExponentialGrowth,0.9873821501024367,0.3665239804752878,0.3574060152086632,None,24,,,500,,,0.0,0.0,1.0683568591054815,,,
R1,Composite,0.9998735953379062,0.9994855821868074,0.9638367829882512,24,24,24.0,48.0,500,0.2576534446290717,-4.269236979124166e-05,23.826507722122663,5.190730519707746,0.5859613232382671,,,
R2,Seasonal,0.6505876857895714,0.9294994631745033,,24,24,24.0,48.0,500,0.0,0.0,14.562762924680277,6.697567048750907,1.6246941890333366,,,
R3,Stationary_WN,0.19357060374458313,0.05882450621492352,,None,2,,,500,0.0,0.0,0.0,0.0,5.1055073393336405,,,
R4,Trending_MeanShift,0.9966395827452843,0.9867278695783774,0.0,None,250,,,500,,,0.0,0.0,1.1716169454789016,,250.0,
R1,Composite,0.9997963664356836,0.9963446084410978,0.8335853904040846,24,24,24.0,48.0,500,0.3915188746134217,1.62050139528532e-05,19.060368108581404,4.613403124766934,1.221635746212173,,,
R2,Seasonal,0.602860896907468,0.9349594524096894,,24,24,24.0,48.0,500,0.0,0.0,12.723178070155566,5.1100356085879,1.7091579349718342,,,
R3,Stationary_AR,0.0502113653353643,0.2472544575204083,,None,71,,,500,0.0,0.0,0.0,0.0,5.0,0.6864007501714722,,
R4,Trending_RandomWalkDrift,0.9791802797398798,0.8354115854512438,0.6331418080466364,None,250,,,500,,,0.0,0.0,0.6727287315561442,,,-0.299189840931813
R1,Composite,0.999674927726881,0.9990333319793073,0.9515724003502449,48,50,48.0,96.0,500,-0.16349847940735973,4.839906715399041e-05,17.026824924515886,2.722738742232816,0.5368629596490485,,,
R2,Seasonal,0.6018470090912135,0.8955604255048739,,48,50,48.0,96.0,500,0.0,0.0,13.18894465467286,7.083335474520522,1.9025871244032122,,,
R3,Stationary_WN,0.04912627504029643,0.31284522485391697,,None,17,,,500,0.0,0.0,0.0,0.0,14.340563475106846,,,
R4,Trending_MeanShift,0.999983356137292,0.9999335253528183,0.008696746019321022,None,250,,,500,,,0.0,0.0,0.7373507518501712,,250.0,
R1,Composite,0.999711935119767,0.9993814864500775,0.8642822106833307,36,36,36.0,72.0,500,0.1448632778003301,2.1591269072527528e-05,21.6107812180077,2.4249177650980007,0.5485545638670905,,,
R2,Seasonal,0.707759828558354,0.9693988402580227,,36,36,36.0,72.0,500,0.0,0.0,15.013070523737508,4.964265580297432,0.5917506436873126,,,
R3,Stationary_AR,0.016181629248700258,0.2645853917940809,,None,83,,,500,0.0,0.0,0.0,0.0,5.0,0.5704310552017356,,
R4,Trending_RandomWalkDrift,0.9903628652837241,0.0,,None,24,,,500,,,0.0,0.0,0.5225461940169568,,,0.2984612665175165
R1,Composite,0.9997904782714064,0.9952182662524475,0.9476489901028836,48,50,48.0,96.0,500,0.3540379126784986,1.1730004178049712e-05,15.89793188089232,7.786620373323963,1.1919617150689552,,,
R2,Seasonal,0.6475780168354814,0.9431383477364422,,48,50,48.0,96.0,500,0.0,0.0,23.949083184648025,9.786811236605354,1.3445598949363293,,,
R3,Stationary_WN,0.1399711400294098,0.17668289882827037,,None,4,,,500,0.0,0.0,0.0,0.0,8.279595853953182,,,
R4,Trending_ExponentialGrowth,0.9986306576599351,0.33145465237151783,0.32881166131968265,None,24,,,500,,,0.0,0.0,1.1786438862854847,,,
R1,Composite,0.9987432372258508,0.9963077594225986,0.5732783956384713,24,24,24.0,48.0,500,0.2004178841332691,-1.0905618007881901e-05,22.99884260899205,2.346122006511991,1.3185622982231089,,,
R2,Seasonal,0.6739341926526716,0.9451318839499531,,24,24,24.0,48.0,500,0.0,0.0,19.104843555756144,8.120604205155027,1.5152915169411714,,,
R3,Stationary_WN,0.0,0.20959568178833354,,None,42,,,500,0.0,0.0,0.0,0.0,14.748658170411954,,,
R4,Trending_MeanShift,0.9999510054264515,0.999804148270144,0.0,None,250,,,500,,,0.0,0.0,0.7167541323978137,,250.0,
R1,Composite,0.9998679283034502,0.9988226402915821,0.9268669506811669,36,36,36.0,72.0,500,-0.3367293152125256,4.024227413540375e-05,21.7292854336155,4.961853601125579,0.8509431889165255,,,
R2,Seasonal,0.6887461373593138,0.9668884604940422,,36,36,36.0,72.0,500,0.0,0.0,16.057987544697596,5.262063348897456,0.83782626627364,,,
R3,Stationary_AR,0.030007660263673963,0.19051818479174076,,None,125,,,500,0.0,0.0,0.0,0.0,5.0,0.6375640073524128,,
R4,Trending_MeanShift,0.999863113776951,0.9994498699112628,0.0,None,250,,,500,,,0.0,0.0,1.0606940886586536,,250.0,
R1,Composite,0.99736161801969,0.9931534667247849,0.6569781851906822,12,12,12.0,24.0,500,0.10838333419653196,1.5130252782186082e-05,14.401647199560141,2.627740160013084,1.198262636159233,,,
R2,Seasonal,0.7484585397677095,0.9758729841905875,,12,12,12.0,24.0,500,0.0,0.0,22.781989940702392,7.080744783604339,0.5551306428646812,,,
R3,Stationary_WN,0.22011803156217336,0.08874262858325332,,None,2,,,500,0.0,0.0,0.0,0.0,10.091525112388718,,,
R4,Trending_MeanShift,0.9999105788591115,0.9996434004455377,0.0,None,250,,,500,,,0.0,0.0,0.9089894242825592,,250.0,
R1,Composite,0.9999257817969769,0.996340819647705,0.969090060939153,36,36,36.0,72.0,500,-0.393201447584936,4.057067245591703e-05,10.796022273272168,7.035493067570893,0.7434988678503004,,,
R2,Seasonal,0.7153705383121662,0.9817278339509657,,36,36,36.0,72.0,500,0.0,0.0,29.213648544981027,7.57515178481149,0.5746589942292368,,,
R3,Stationary_WN,0.12380781336896807,0.22827623925842533,,None,8,,,500,0.0,0.0,0.0,0.0,6.242672680567716,,,
R4,Trending_RandomWalkDrift,0.9997249291893355,0.7072233155280143,0.9038042620818054,None,24,,,500,,,0.0,0.0,0.5376268514781992,,,0.47711518551295906
R1,Composite,0.9999578211531522,0.9993586803492278,0.8579523218653194,36,36,36.0,72.0,500,-0.3814660748116405,-1.9540183425922254e-05,20.467030995071497,2.212475695364591,0.5443436904428595,,,
R2,Seasonal,0.7015175835749083,0.9250722694902083,,36,36,36.0,72.0,500,0.0,0.0,22.21149185808367,11.571607449448123,1.7607748821892613,,,
R3,Stationary_WN,0.20932254207233292,0.24103165899011925,,None,4,,,500,0.0,0.0,0.0,0.0,14.265257075998978,,,
R4,Trending_MeanShift,0.9998931824528413,0.9995698596182884,0.0,None,250,,,500,,,0.0,0.0,1.087667081779268,,250.0,
R1,Composite,0.9999079931410572,0.9992426168483454,0.841681229930791,36,36,36.0,72.0,500,-0.31350687158692714,-2.1863486368827507e-05,23.091794423353612,2.624203790411367,0.6952287405887214,,,
R2,Seasonal,0.6998451844161575,0.9627570616049688,,36,36,36.0,72.0,500,0.0,0.0,19.570597443641997,6.995087749764662,0.8707842189969923,,,
R3,Stationary_WN,0.1635182378429163,0.18059969795036213,,None,5,,,500,0.0,0.0,0.0,0.0,10.09132305337678,,,
R4,Trending_RandomWalkDrift,0.2706573693257216,0.014576590641201759,0.0,None,250,,,500,,,0.0,0.0,1.1096359507158207,,,-0.16512693212903443
R1,Composite,0.9992786115128469,0.9979850271685509,0.9183878636619384,48,50,48.0,96.0,500,-0.17134418802766352,3.2722921565123424e-05,19.63791295513569,3.4472872023066548,0.7071047555845595,,,
R2,Seasonal,0.6339535800451854,0.8229801733281282,,48,50,48.0,96.0,500,0.0,0.0,11.049130367778348,8.242149758982986,1.7472351990547632,,,
R3,Stationary_AR,0.25122409269648793,0.3097150202412492,,None,28,,,500,0.0,0.0,0.0,0.0,5.0,0.592212920341797,,
R4,Trending_RandomWalkDrift,0.9993875066648901,0.6207422517526432,0.8186653391801306,None,24,,,500,,,0.0,0.0,0.7718042828044374,,,0.264244658259448
R1,Composite,0.9986590987480393,0.9864216106730489,0.7907645788701345,12,12,12.0,24.0,500,-0.17366027275972523,-3.093408984403085e-05,12.165812385856167,4.915934247662892,1.4347423174377436,,,
R2,Seasonal,0.7263480715082661,0.8469296249950591,,12,12,12.0,24.0,500,0.0,0.0,13.470462040333352,10.799367570741062,1.9072695651000755,,,
R3,Stationary_AR,0.15218246510510003,0.1285363561930506,,None,22,,,500,0.0,0.0,0.0,0.0,5.0,0.6653388056349654,,
R4,Trending_RandomWalkDrift,0.8614564500540017,0.4559955248274675,0.0,None,250,,,500,,,0.0,0.0,0.5032679331664547,,,0.3847718094057385
R1,Composite,0.9999455210170697,0.9989926052542916,0.933376208601921,12,12,12.0,24.0,500,0.3684667526082702,-1.0143621428962285e-05,17.24395129015912,4.100107202198543,0.5817635270264601,,,
R2,Seasonal,0.691125214884369,0.9898578350995632,,12,12,12.0,24.0,500,0.0,0.0,27.310861778498055,4.679642474478787,1.1727218822413277,,,
R3,Stationary_WN,0.04202014101930529,0.2406519909708983,,None,23,,,500,0.0,0.0,0.0,0.0,11.319394405865289,,,
R4,Trending_RandomWalkDrift,0.9986717512976949,0.6267519695252886,0.8867973603953071,None,24,,,500,,,0.0,0.0,0.7114292081918485,,,-0.28178192704013294
R1,Composite,0.9995049805571671,0.9919928478617173,0.7055348591919401,24,24,24.0,48.0,500,-0.2274742084782655,-3.4111339026000123e-05,12.134073979500291,2.3936533640376165,1.1827424016466788,,,
R2,Seasonal,0.6181033519934862,0.9686337319580327,,24,24,24.0,48.0,500,0.0,0.0,21.3872956993075,5.909781359986292,1.769979235554269,,,
R3,Stationary_WN,0.0,0.24980384812209788,,None,125,,,500,0.0,0.0,0.0,0.0,6.789390651364158,,,
R4,Trending_RandomWalkDrift,0.9975761929620964,0.6075848247693667,0.866209992694166,None,24,,,500,,,0.0,0.0,1.4521074639833378,,,0.23810626630906317
R1,Composite,0.9995901096825404,0.9970913448648573,0.7666495473780587,12,12,12.0,24.0,500,0.20550332581933572,1.3121082978495743e-05,16.107288230325082,2.9006354954917466,0.9219028685457893,,,
R2,Seasonal,0.7269247746047498,0.9856924429759537,,12,12,12.0,24.0,500,0.0,0.0,22.637616277426943,5.126961084384457,0.7879928342025191,,,
R3,Stationary_WN,0.06920628987713995,0.29885595658704367,,None,17,,,500,0.0,0.0,0.0,0.0,9.465130234667821,,,
R4,Trending_ExponentialGrowth,0.9994517246381373,0.3943640827243222,0.3922863604309128,None,24,,,500,,,0.0,0.0,1.0603128110726154,,,
R1,Composite,0.9988355952978635,0.9992723059096622,0.9367129904027509,24,24,24.0,48.0,500,0.10356235685611143,-1.4427442600821467e-05,24.93595368162565,4.825609285488318,0.7234891272243362,,,
R2,Seasonal,0.6825595434394205,0.8921908840404369,,24,24,24.0,48.0,500,0.0,0.0,18.218850100907297,11.214023594190328,1.9742110447475896,,,
R3,Stationary_WN,0.18366408834134107,0.2353599957864182,,None,5,,,500,0.0,0.0,0.0,0.0,6.267618353477681,,,
R4,Trending_RandomWalkDrift,0.989450456064595,0.8876192915375376,0.7307829700199475,None,250,,,500,,,0.0,0.0,1.3928905247450052,,,-0.15876253984108507
R1,Composite,0.9997634964586495,0.9986949880187922,0.9054481547433781,48,50,48.0,96.0,500,-0.24391137760039097,3.0850158850985864e-05,20.506018024959502,2.1589578423753246,0.6265361855267493,,,
R2,Seasonal,0.6561536786966946,0.9049067905087682,,48,50,48.0,96.0,500,0.0,0.0,10.210669492018805,5.646917292230982,0.7886790625390592,,,
R3,Stationary_WN,0.04337223519948896,0.20830007265222517,,None,15,,,500,0.0,0.0,0.0,0.0,13.966809143516429,,,
R4,Trending_ExponentialGrowth,0.9803559662318984,0.3446325061326919,0.3525177602027113,None,24,,,500,,,0.0,0.0,1.360249505385967,,,
R1,Composite,0.9997528364436522,0.9943175656174056,0.9072181157691667,12,12,12.0,24.0,500,0.37610629010111163,1.420034759435831e-05,16.084628705028052,7.485808593187166,1.4688653189489727,,,
R2,Seasonal,0.7527346622261502,0.8548659866644972,,12,12,12.0,24.0,500,0.0,0.0,10.874684762917743,8.980182633453033,0.507541490756227,,,
R3,Stationary_AR,0.24051093518206135,0.29588904076166034,,None,19,,,500,0.0,0.0,0.0,0.0,5.0,0.6969119158838746,,
R4,Trending_RandomWalkDrift,0.9750202252400311,0.8657693789604465,0.28820089390481185,None,250,,,500,,,0.0,0.0,1.0263886335103778,,,-0.21275271618589114
R1,Composite,0.9992521024943871,0.9984065085313084,0.846422338537113,36,36,36.0,72.0,500,0.1809744505057843,-1.2688546881082018e-05,24.275936306097694,3.9337830914680714,1.1299594097738483,,,
R2,Seasonal,0.5830801514208384,0.9625377971121308,,36,36,36.0,72.0,500,0.0,0.0,15.067831393664534,4.262259266935558,1.4034408347675793,,,
R3,Stationary_WN,0.27012175530122884,0.13946891029068909,,None,2,,,500,0.0,0.0,0.0,0.0,7.8983055302602025,,,
R4,Trending_ExponentialGrowth,0.9970162393966202,0.3538756973095899,0.3654343497978345,None,24,,,500,,,0.0,0.0,0.6127683154023491,,,
R1,Composite,0.99982509339889,0.9966816182960034,0.8795806429463808,24,24,24.0,48.0,500,-0.30718388294284416,-3.0428261946444252e-05,14.836187973993379,4.2105307213197545,0.9872365100907723,,,
R2,Seasonal,0.708876883592708,0.8436190314307894,,24,24,24.0,48.0,500,0.0,0.0,12.98293257297264,10.437601945115041,0.7737853351041024,,,
R3,Stationary_WN,0.13001694858839463,0.10647259947774856,,None,3,,,500,0.0,0.0,0.0,0.0,8.252660274277638,,,
R4,Trending_MeanShift,0.999912988831097,0.9996524565441229,0.0,None,250,,,500,,,0.0,0.0,1.1626194864409074,,250.0,
R1,Composite,0.9998772747933989,0.9989378921737104,0.8928711182253785,48,50,48.0,96.0,500,0.24525220558408514,4.26902370016378e-05,19.06455908568291,2.1066816198736715,0.5954625077028636,,,
R2,Seasonal,0.022133823320171664,0.9865910463031226,,48,100,48.0,96.0,500,0.0,0.0,11.09137757465641,9.849853589787998,0.5059908312492624,,,
R3,Stationary_AR,0.03441194194888497,0.27486837945336684,,None,83,,,500,0.0,0.0,0.0,0.0,5.0,0.5600142332784392,,
R4,Trending_RandomWalkDrift,0.9996399384529209,0.6648646843989445,0.9217740895295681,None,24,,,500,,,0.0,0.0,0.5858792114608082,,,-0.29887311076468237
R1,Composite,0.9994048896192662,0.9972025292768958,0.8969064239722045,48,50,48.0,96.0,500,-0.2352675626441034,2.318825202180948e-05,21.914907857575812,4.085866967210232,0.940125443179876,,,
R2,Seasonal,0.5567384005074765,0.9649984035526553,,48,50,48.0,96.0,500,0.0,0.0,16.541843275249427,4.514563980286639,1.041427797542589,,,
R3,Stationary_AR,0.32762868363984177,0.20457089841353449,,None,7,,,500,0.0,0.0,0.0,0.0,5.0,0.5116405842273336,,
R4,Trending_ExponentialGrowth,0.9995292763711032,0.4439040064666643,0.3248102825697533,None,24,,,500,,,0.0,0.0,0.5724319689870025,,,
R1,Composite,0.9991800543792922,0.9881646359611811,0.7589945296782656,48,50,48.0,96.0,500,0.22482488215252777,3.486425183326741e-05,13.504377492580872,3.1812682997330364,1.4317011198571301,,,
R2,Seasonal,0.6639485227436841,0.9378061609031073,,48,50,48.0,96.0,500,0.0,0.0,20.295457339410987,9.011881423326056,0.6312131801021935,,,
R3,Stationary_AR,0.12324142756588097,0.1948626077475395,,None,23,,,500,0.0,0.0,0.0,0.0,5.0,0.4818124968330053,,
R4,Trending_ExponentialGrowth,0.9981206102656267,0.34951040336311545,0.3129930768343422,None,24,,,500,,,0.0,0.0,1.0936833415515426,,,
R1,Composite,0.999715360372203,0.9877897687134914,0.7896761731978176,24,24,24.0,48.0,500,0.3686342130807332,-3.56989240988217e-05,10.698132551739768,3.8376919343954685,1.4361842811018084,,,
R2,Seasonal,0.6807212257217414,0.9687050635027529,,24,24,24.0,48.0,500,0.0,0.0,26.98400941466752,8.382737672959127,1.4127069257228688,,,
R3,Stationary_WN,0.061946055091606445,0.310838378767918,,None,14,,,500,0.0,0.0,0.0,0.0,10.480717451695062,,,
R4,Trending_RandomWalkDrift,0.9998014699336101,0.7201991771690672,0.8549164269299541,None,24,,,500,,,0.0,0.0,0.7843221838197644,,,0.456281587015695
R1,Composite,0.9981860181704206,0.9976312340733441,0.8982476609295931,48,50,48.0,96.0,500,-0.10864251020637244,-1.4580303977566232e-05,21.261771125180807,3.5311555191719917,0.7153407690685252,,,
R2,Seasonal,0.6746868449296926,0.8854334765033307,,48,50,48.0,96.0,500,0.0,0.0,10.028729416177661,6.3200568620472986,0.6572923113000708,,,
R3,Stationary_AR,0.04945190789349252,0.23619892880053583,,None,45,,,500,0.0,0.0,0.0,0.0,5.0,0.49102299420228723,,
R4,Trending_ExponentialGrowth,0.999428054307474,0.3273997213164832,0.41025027500221,None,24,,,500,,,0.0,0.0,0.9793995542310888,,,
R1,Composite,0.9994041022784067,0.9940372315652498,0.9517677280294928,48,50,48.0,96.0,500,-0.22132143120034747,2.2738967741778106e-05,13.688629125391689,7.8534552907160835,1.20334198147992,,,
R2,Seasonal,0.6652190785076765,0.9412331147053368,,48,50,48.0,96.0,500,0.0,0.0,25.75939877789883,11.037990027227025,1.2148554047302214,,,
R3,Stationary_WN,0.21016397042976687,0.12974242899475985,,None,3,,,500,0.0,0.0,0.0,0.0,10.61031959754538,,,
R4,Trending_RandomWalkDrift,0.9994986557666111,0.7070045342682196,0.8767243469542358,None,24,,,500,,,0.0,0.0,1.1205117180003716,,,-0.40021885867732887
R1,Composite,0.9995007588827024,0.9781056139212722,0.5304960193969304,12,12,12.0,24.0,500,-0.35431482935852343,3.791479256013035e-05,10.258761816158323,2.0415696432942116,1.2874880546959588,,,
R2,Seasonal,0.7357260015670105,0.9420451038297386,,12,12,12.0,24.0,500,0.0,0.0,23.533961943422064,11.28300465018662,1.531605950344573,,,
R3,Stationary_AR,0.25339685429248926,0.23124943114574192,,None,8,,,500,0.0,0.0,0.0,0.0,5.0,0.422758190431358,,
R4,Trending_ExponentialGrowth,0.9995408977263484,0.4008102673420836,0.3354781356956622,None,24,,,500,,,0.0,0.0,0.7911524571084048,,,
R1,Composite,0.9998314860472478,0.9983999995516427,0.8633394360016855,48,50,48.0,96.0,500,-0.25471994768379136,-4.499952977820488e-05,18.895204625337147,2.059843817726944,0.5119805049291445,,,
R2,Seasonal,0.6731350980274337,0.9345187015608022,,48,50,48.0,96.0,500,0.0,0.0,25.7966436077511,11.962127778162504,1.0231339690213217,,,
R3,Stationary_WN,0.12280191560415776,0.20675211942282778,,None,3,,,500,0.0,0.0,0.0,0.0,12.10570812546254,,,
R4,Trending_MeanShift,0.9999638613862865,0.9998562656821948,0.0,None,250,,,500,,,0.0,0.0,0.9600624509523114,,250.0,
R1,Composite,0.9997640079007123,0.9891662944826702,0.7453008962053687,12,12,12.0,24.0,500,-0.2963100381579471,1.1591532251769065e-05,8.51532460163345,2.600811896008465,0.8715794575607613,,,
R2,Seasonal,0.6765094034925461,0.9709336127931598,,12,12,12.0,24.0,500,0.0,0.0,22.773390845227254,6.499315936785934,1.746529881874375,,,
R3,Stationary_AR,0.1816234357808697,0.1546014522331196,,None,11,,,500,0.0,0.0,0.0,0.0,5.0,0.48108872069932607,,
R4,Trending_ExponentialGrowth,0.9848073754373939,0.4001516477474014,0.349787989950633,None,24,,,500,,,0.0,0.0,1.1583472815329614,,,
R1,Composite,0.9977679590349373,0.9960655975508232,0.9599644757303911,48,50,48.0,96.0,500,-0.11795719972176404,4.853511414209302e-05,14.556332475001188,7.514015045373751,0.9141602660336726,,,
R2,Seasonal,0.6070093535972587,0.9699628572152647,,48,50,48.0,96.0,500,0.0,0.0,26.532908709107275,7.0104427048424816,1.1333030498700087,,,
R3,Stationary_AR,0.051703992473704385,0.297641246733208,,None,71,,,500,0.0,0.0,0.0,0.0,5.0,0.48119815752954287,,
R4,Trending_RandomWalkDrift,0.8841037926625712,0.0,0.0,None,250,,,500,,,0.0,0.0,1.2708869913672523,,,-0.15491207958994324
R1,Composite,0.9998184438801685,0.9981993436426339,0.9149132702755908,48,50,48.0,96.0,500,-0.33882482662034885,-1.5136020120891748e-05,22.929401302373396,4.632751934083926,0.9646311598478482,,,
R2,Seasonal,0.6359318988453746,0.9563917306757943,,48,50,48.0,96.0,500,0.0,0.0,28.27075176973848,9.698589996502214,1.6747299452708853,,,
R3,Stationary_WN,0.13757336102429274,0.1907144277335775,,None,5,,,500,0.0,0.0,0.0,0.0,5.93184917082478,,,
R4,Trending_MeanShift,0.999891591060745,0.9995657720991185,0.0,None,250,,,500,,,0.0,0.0,1.0344637566009558,,250.0,
R1,Composite,0.9986403171388386,0.9893482175284097,0.8614346058832059,12,12,12.0,24.0,500,-0.14842482266949833,1.0622968988097274e-05,10.429744483863605,5.143276279110342,1.1474501963824388,,,
R2,Seasonal,0.7234533164718555,0.980740363989947,,12,12,12.0,24.0,500,0.0,0.0,21.25064517435458,5.389850839458134,1.0873723834337592,,,
R3,Stationary_AR,0.0031994900372500634,0.7858717730493814,,None,250,,,500,0.0,0.0,0.0,0.0,5.0,0.4893900168110127,,
R4,Trending_RandomWalkDrift,0.9996730710120588,0.6625623656027676,0.8955085247835393,None,24,,,500,,,0.0,0.0,0.572409331690786,,,-0.29933728002597526
R1,Composite,0.9995861360377631,0.9959150383907551,0.7778221735359709,48,50,48.0,96.0,500,-0.3417930354494975,2.0753648749621125e-05,22.174427479615503,2.558602761966274,1.021873510491945,,,
R2,Seasonal,0.4986781339675064,0.9206770982942427,,48,50,48.0,96.0,500,0.0,0.0,12.931884474036615,4.802672605649513,1.5914795345779884,,,
R3,Stationary_AR,0.12598526375366292,0.2931514102004317,,None,23,,,500,0.0,0.0,0.0,0.0,5.0,0.5029554618925082,,
R4,Trending_RandomWalkDrift,0.9998029578464313,0.7398067425383679,0.8939420156827615,None,24,,,500,,,0.0,0.0,0.6054472220257883,,,-0.47729858911381784
R1,Composite,0.9995863585078267,0.9972929604890202,0.842521045655431,12,12,12.0,24.0,500,-0.3163925288080687,4.088641704502105e-05,23.799941316629486,5.502490975332708,1.2476411027015069,,,
R2,Seasonal,0.7552789536633726,0.9592270140090414,,12,12,12.0,24.0,500,0.0,0.0,24.171255262785987,9.988322738812691,0.5246189976087552,,,
R3,Stationary_WN,0.03513620868735812,0.31477592276462685,,None,18,,,500,0.0,0.0,0.0,0.0,11.012822809027547,,,
R4,Trending_ExponentialGrowth,0.996320115096394,0.33134923875294886,0.2639747710278576,None,24,,,500,,,0.0,0.0,0.7003664226102764,,,
R1,Composite,0.9998601301812091,0.9914849931145424,0.9167231092128344,48,50,48.0,96.0,500,-0.3952104567073501,-1.5747171094907654e-05,10.690585296650209,5.165038132819987,1.0920004486996913,,,
R2,Seasonal,0.5751339681233874,0.9736957305489262,,48,50,48.0,96.0,500,0.0,0.0,26.80027801976474,6.468301435800592,1.100647619811953,,,
R3,Stationary_WN,0.11820298634048687,0.22185858949220683,,None,9,,,500,0.0,0.0,0.0,0.0,5.8908864510938415,,,
R4,Trending_RandomWalkDrift,0.9954717343669838,0.831117519955024,0.49293770141053006,None,250,,,500,,,0.0,0.0,1.0258248993841925,,,-0.4973940323086897
R1,Composite,0.9995160293779892,0.9975775669696175,0.9210713560560781,48,50,48.0,96.0,500,0.12571889994399862,3.885353662136134e-05,13.871405105614938,3.623944285253379,0.6672761304230702,,,
R2,Seasonal,0.6027525391078656,0.940573378549416,,48,50,48.0,96.0,500,0.0,0.0,20.074738911420134,7.546169584583576,1.6790414292883364,,,
R3,Stationary_AR,0.0008721179837815063,0.4687729764844799,,None,167,,,500,0.0,0.0,0.0,0.0,5.0,0.6836156079950926,,
R4,Trending_MeanShift,0.9998567629465092,0.9994230613708753,0.0,None,250,,,500,,,0.0,0.0,0.9158669260278796,,250.0,
R1,Composite,0.9995796855494691,0.9981763033304552,0.9608108719141489,24,24,24.0,48.0,500,0.13929053569014305,4.0856623903596026e-05,15.487562237855048,6.21621450114996,0.6541633463789956,,,
R2,Seasonal,0.6896231761625655,0.9844035074318033,,24,24,24.0,48.0,500,0.0,0.0,21.439781210388364,4.811574812972199,0.7415978273903349,,,
R3,Stationary_WN,0.03668597411704355,0.1297712470516036,,None,3,,,500,0.0,0.0,0.0,0.0,7.578217723346104,,,
R4,Trending_MeanShift,0.9999167211177725,0.999669486907232,0.0,None,250,,,500,,,0.0,0.0,1.2015378126688905,,250.0,
R1,Composite,0.9976966447925419,0.9956949492555971,0.913892114854949,12,12,12.0,24.0,500,-0.13026681239045979,2.7639658142409567e-05,17.82676092894466,7.7050325217318125,1.3029647418878458,,,
R2,Seasonal,0.7040108577725824,0.9712574208050484,,12,12,12.0,24.0,500,0.0,0.0,27.53687985469912,8.430785994483992,1.8722210708860305,,,
R3,Stationary_WN,0.09777391390226742,0.21915913984417035,,None,7,,,500,0.0,0.0,0.0,0.0,6.7682333705885505,,,
R4,Trending_RandomWalkDrift,0.9979623577414858,0.8231488396557639,0.9023212148769817,None,24,,,500,,,0.0,0.0,0.557285725077142,,,-0.23180708558530744
R1,Composite,0.9986965802443685,0.9983377679212457,0.8310718237597409,24,24,24.0,48.0,500,-0.10609727582265706,-1.1654514715896199e-05,20.001060860156457,3.2596433142524193,0.7881336972233249,,,
R2,Seasonal,0.692656512569534,0.9541690289574548,,24,24,24.0,48.0,500,0.0,0.0,22.4392551669077,8.89529552116998,1.1912044201257403,,,
R3,Stationary_AR,0.19893166135896045,0.21886418344827674,,None,18,,,500,0.0,0.0,0.0,0.0,5.0,0.5346473176943674,,
R4,Trending_RandomWalkDrift,0.995345637739853,0.8770944490260392,0.5997910501407903,None,250,,,500,,,0.0,0.0,1.463588640302191,,,-0.37420628705327685
R1,Composite,0.9959852269336585,0.9959542656618577,0.5956457933043636,36,36,36.0,72.0,500,0.13072105067037662,-4.757928944249474e-05,21.5284003755356,2.190283287268786,1.416242103594182,,,
R2,Seasonal,0.7131077877915493,0.8755275857747794,,36,36,36.0,72.0,500,0.0,0.0,16.455721482939307,11.62386142761778,1.0407730281043164,,,
R3,Stationary_WN,0.08333306110700989,0.3089458628990047,,None,20,,,500,0.0,0.0,0.0,0.0,14.197077357385835,,,
R4,Trending_ExponentialGrowth,0.9865428833628611,0.3471515849652903,0.3641315155476321,None,24,,,500,,,0.0,0.0,1.4456736743395613,,,
R1,Composite,0.9994304814875935,0.9967465991547451,0.8014035031536633,36,36,36.0,72.0,500,0.28893220584431,-3.679878268772719e-05,23.04266886592259,4.294834123163744,1.4498483861149316,,,
R2,Seasonal,0.6863608054845973,0.961341823250742,,36,36,36.0,72.0,500,0.0,0.0,27.730751012312854,9.730123928245245,1.6325885678162524,,,
R3,Stationary_AR,0.011200718583765035,0.3721670111552534,,None,100,,,500,0.0,0.0,0.0,0.0,5.0,0.4116798926597733,,
R4,Trending_MeanShift,0.9996846728853465,0.9987342690007065,0.0,None,250,,,500,,,0.0,0.0,1.3347987106677404,,250.0,
R1,Composite,0.9998783205869556,0.9981880054812643,0.9316461612670811,48,50,48.0,96.0,500,0.38290199808229963,1.934580687174198e-05,21.70757738263017,5.039764817876499,0.966779426083462,,,
R2,Seasonal,0.6254161708798534,0.9549501992732847,,48,50,48.0,96.0,500,0.0,0.0,26.791267154049375,9.230581869667217,1.757098293330009,,,
R3,Stationary_WN,0.1881201549072281,0.08859091579024603,,None,2,,,500,0.0,0.0,0.0,0.0,10.23110643764634,,,
R4,Trending_RandomWalkDrift,0.999782394759467,0.40751004037720995,0.8412419316398687,None,24,,,500,,,0.0,0.0,1.393222571301617,,,0.4997823035361071
R1,Composite,0.9998024134529063,0.9941729413422703,0.7457214064521045,12,12,12.0,24.0,500,-0.3731649353777311,2.3612961808842934e-05,13.51302962326081,3.3588975147921154,1.006316393453215,,,
R2,Seasonal,0.6671349324743426,0.9899270227969452,,12,12,12.0,24.0,500,0.0,0.0,24.98396751912057,4.101785174438064,1.213215129217308,,,
R3,Stationary_WN,0.0772640755702545,0.3002413201558053,,None,18,,,500,0.0,0.0,0.0,0.0,6.8786216851077455,,,
R4,Trending_ExponentialGrowth,0.9996453756979397,0.44843158202100075,0.3380102306119783,None,24,,,500,,,0.0,0.0,0.5571685647061021,,,
R1,Composite,0.9996058503789752,0.9922507830041859,0.9629447382683807,36,36,36.0,72.0,500,0.16807069376274633,4.86298963122217e-05,8.711713144439866,7.502550489926231,0.8074314072813552,,,
R2,Seasonal,0.6553712275930614,0.9817048757297641,,36,36,36.0,72.0,500,0.0,0.0,27.267714185413773,6.285686696129589,1.445538951686342,,,
R3,Stationary_AR,0.11466286406471826,0.23491073964906928,,None,29,,,500,0.0,0.0,0.0,0.0,5.0,0.5510005097725297,,
R4,Trending_RandomWalkDrift,0.9979237984850957,0.7092222172774847,0.8443272602941324,None,24,,,500,,,0.0,0.0,1.3911163297900564,,,-0.22007599472804587
R1,Composite,0.9998716981285063,0.9991318903720328,0.9454253372118551,24,24,24.0,48.0,500,0.2582570806706962,-3.076946919330793e-05,18.86726569882257,4.367435051010445,0.5908151061283615,,,
R2,Seasonal,0.7090681713344205,0.8937728286092267,,24,24,24.0,48.0,500,0.0,0.0,14.364702550856808,9.428674717977167,0.6439952881876329,,,
R3,Stationary_AR,0.03570420223551063,0.26668284760825933,,None,83,,,500,0.0,0.0,0.0,0.0,5.0,0.5023034643587437,,
R4,Trending_ExponentialGrowth,0.9958107236741529,0.3818928031386132,0.31805655913995856,None,24,,,500,,,0.0,0.0,0.7702452824079505,,,
R1,Composite,0.9998417690282373,0.996840926705086,0.9320945041571111,12,12,12.0,24.0,500,-0.3096673103195544,-3.435473780147377e-05,15.031864446893875,6.179701738074938,0.8324680144542076,,,
R2,Seasonal,0.7293472870581881,0.8745639581581471,,12,12,12.0,24.0,500,0.0,0.0,13.167832871494188,9.400841870193503,1.4183095858411967,,,
R3,Stationary_WN,0.31302195531289534,0.12397157004807247,,None,2,,,500,0.0,0.0,0.0,0.0,13.544836784894704,,,
R4,Trending_RandomWalkDrift,0.9987338576490405,0.7267360886295472,0.8774695509772534,None,24,,,500,,,0.0,0.0,1.2176783142199128,,,0.2193723697819785
R1,Composite,0.9997867410205958,0.9964855953251761,0.7853148628473912,24,24,24.0,48.0,500,-0.3797896531037308,3.5540839478652617e-05,18.074517264917205,3.45685685259033,1.2120411838118708,,,
R2,Seasonal,0.6523316834066231,0.9868555250017275,,24,24,24.0,48.0,500,0.0,0.0,22.153708773395437,4.2153038304359,0.9611152518849558,,,
R3,Stationary_AR,0.0607894334318817,0.33424164293022296,,None,50,,,500,0.0,0.0,0.0,0.0,5.0,0.5768367023429029,,
R4,Trending_MeanShift,0.9993817556571324,0.997460680494849,0.0,None,250,,,500,,,0.0,0.0,0.9235750931823451,,250.0,
R1,Composite,0.9999314679187344,0.9980957392161106,0.9826320213583964,24,24,24.0,48.0,500,0.32766962556528034,-3.3803600898794795e-05,11.728301875939211,7.35802213795391,0.523417511854336,,,
R2,Seasonal,0.6899290617891558,0.8444679333785261,,24,24,24.0,48.0,500,0.0,0.0,12.74628428769936,10.098193293973909,1.3841860005172295,,,
R3,Stationary_WN,0.13938076489944262,0.1773877944397606,,None,8,,,500,0.0,0.0,0.0,0.0,14.467826372387169,,,
R4,Trending_ExponentialGrowth,0.9910450343404582,0.41184320640480243,0.3620277273841641,None,24,,,500,,,0.0,0.0,1.2646939048269192,,,
R1,Composite,0.998451724944494,0.9710425399739331,0.7420342038455,48,50,48.0,96.0,500,-0.18054205025931958,-3.049571440749222e-05,9.162346510292405,3.6126855115125465,1.4898565689221497,,,
R2,Seasonal,0.6090118041944166,0.8703010653825333,,48,50,48.0,96.0,500,0.0,0.0,12.882456044779428,7.659609960274195,1.9615911744888002,,,
R3,Stationary_WN,0.08697892609713975,0.1605373693171659,,None,6,,,500,0.0,0.0,0.0,0.0,14.778351000641502,,,
R4,Trending_RandomWalkDrift,0.9984993235417536,0.22850707917700086,0.7975986188282798,None,24,,,500,,,0.0,0.0,1.0559940417377485,,,0.2972188003635676
R1,Composite,0.9996817228309061,0.9970582726136825,0.9165303729746397,36,36,36.0,72.0,500,0.2819220813847838,-3.618421000612367e-05,17.632522431600545,5.8250055391664,0.959535841142733,,,
R2,Seasonal,0.5829649368860159,0.9164747624474314,,36,36,36.0,72.0,500,0.0,0.0,14.475291674861788,6.448859070798508,1.9697656220835058,,,
R3,Stationary_WN,0.023987277663808815,0.2858197778113901,,None,45,,,500,0.0,0.0,0.0,0.0,10.878320584650885,,,
R4,Trending_MeanShift,0.9997755122220796,0.9991160128492876,0.0,None,250,,,500,,,0.0,0.0,1.0338094543729826,,250.0,
R1,Composite,0.9997684393408642,0.9971163442716537,0.9064929285587456,24,24,24.0,48.0,500,0.24470584036762286,-3.274975354876475e-05,13.062416641735437,3.985982254902716,0.7279416208307781,,,
R2,Seasonal,0.6762369068648196,0.940837512053962,,24,24,24.0,48.0,500,0.0,0.0,26.192608669714296,11.529648934775029,1.9299277376282042,,,
R3,Stationary_WN,0.07456416754203044,0.09511273314825375,,None,3,,,500,0.0,0.0,0.0,0.0,11.476984983195281,,,
R4,Trending_MeanShift,0.9997995227886793,0.9991920046517334,0.0,None,250,,,500,,,0.0,0.0,1.0053580579142223,,250.0,
R1,Composite,0.9999103016462685,0.9976959480265798,0.9103796031187068,12,12,12.0,24.0,500,0.38955992209936274,1.4040889395019862e-05,15.946212461456785,4.7599189074830175,0.8276244343864195,,,
R2,Seasonal,0.708961840920547,0.9901935888099386,,12,12,12.0,24.0,500,0.0,0.0,28.059573416558123,5.069121095098365,1.1379666773303834,,,
R3,Stationary_WN,0.26600081804236086,0.16073545018072755,,None,3,,,500,0.0,0.0,0.0,0.0,6.181749853838415,,,
R4,Trending_RandomWalkDrift,0.5717936703103285,0.19632569677641376,0.0,None,167,,,500,,,0.0,0.0,1.0122439211899432,,,0.24713623762077452
R1,Composite,0.9997618802132361,0.9992474301416219,0.9589431390275547,24,24,24.0,48.0,500,-0.15106686814830944,-1.8121312572046718e-05,18.157664193942637,4.514155397810462,0.5224563224898587,,,
R2,Seasonal,0.6439682310119452,0.9558010215196757,,24,24,24.0,48.0,500,0.0,0.0,14.76139707671662,5.182688941706976,1.3731687967267807,,,
R3,Stationary_WN,0.03820776170544071,0.23076910783861682,,None,29,,,500,0.0,0.0,0.0,0.0,11.894880643631588,,,
R4,Trending_ExponentialGrowth,0.9935584944907959,0.37299731272989445,0.26979118428451565,None,24,,,500,,,0.0,0.0,1.2099045661720278,,,
R1,Composite,0.99402585436519,0.9961605036293448,0.5752606275573824,24,24,24.0,48.0,500,-0.1110498695248905,3.9631847255054926e-05,23.113946384175605,2.1384609776298733,1.3954588926933187,,,
R2,Seasonal,0.6457130274213065,0.9405253332780694,,24,24,24.0,48.0,500,0.0,0.0,11.859016671291624,4.939185786969015,1.300641293761518,,,
R3,Stationary_WN,0.369980093715508,0.13069081456847165,,None,2,,,500,0.0,0.0,0.0,0.0,7.9771529145742885,,,
R4,Trending_MeanShift,0.999856737797773,0.9994336763838195,0.0,None,250,,,500,,,0.0,0.0,1.190492286534126,,250.0,
R1,Composite,0.9998759438111658,0.9927979600727663,0.923462279356472,24,24,24.0,48.0,500,0.38486800497363727,2.0480043919774766e-05,10.315144073510355,5.7310335958447665,0.9462567955787459,,,
R2,Seasonal,0.7083671562949843,0.9261997826662705,,24,24,24.0,48.0,500,0.0,0.0,20.25506351412688,10.721499564062018,0.7839408309814819,,,
R3,Stationary_AR,0.06095024861938769,0.2666044154228847,,None,71,,,500,0.0,0.0,0.0,0.0,5.0,0.6755005825551107,,
R4,Trending_RandomWalkDrift,0.9300558956058834,0.29520363761335666,0.0,None,250,,,500,,,0.0,0.0,1.4380381849746913,,,-0.23022298168288874
R1,Composite,0.9998089657256749,0.9989052314229274,0.9015645085863158,36,36,36.0,72.0,500,-0.20495778345101612,3.114740873484347e-05,16.18584466964019,2.87408364012811,0.6028956281274375,,,
R2,Seasonal,0.7182088145445813,0.8580349623245814,,36,36,36.0,72.0,500,0.0,0.0,15.081205221015894,11.649669286126219,0.8126616337101115,,,
R3,Stationary_WN,0.08702485865688281,0.10211569004537602,,None,3,,,500,0.0,0.0,0.0,0.0,13.089434409628355,,,
R4,Trending_ExponentialGrowth,0.9992608597414689,0.4138358070620244,0.43196819063559566,None,24,,,500,,,0.0,0.0,1.1364014410836347,,,
R1,Composite,0.99918620694303,0.992842589526553,0.8492816431717973,36,36,36.0,72.0,500,0.2272572995245622,-1.4700792986540164e-05,15.1346021012453,5.0684991905108925,1.4390470738094274,,,
R2,Seasonal,0.6826182559865146,0.931732825105992,,36,36,36.0,72.0,500,0.0,0.0,15.331165488011745,7.242043397153293,1.388372794979829,,,
R3,Stationary_AR,0.11490634871582384,0.21988145745375587,,None,15,,,500,0.0,0.0,0.0,0.0,5.0,0.49850295409705697,,
R4,Trending_RandomWalkDrift,0.9958255458665652,0.738219225387641,0.8982179623677602,None,24,,,500,,,0.0,0.0,1.0254535881165694,,,0.2070351662330895
R1,Composite,0.9989612346688577,0.9953164566320332,0.8575881550815458,48,50,48.0,96.0,500,-0.18635713720356806,3.473623534441149e-05,16.53042563879657,4.127206748512331,1.146583286738887,,,
R2,Seasonal,0.6656107385333552,0.896579901509847,,48,50,48.0,96.0,500,0.0,0.0,18.24966997054546,10.668256074010749,1.2475210453689676,,,
R3,Stationary_WN,0.0983412492080612,0.21721687532797496,,None,5,,,500,0.0,0.0,0.0,0.0,14.27749706004115,,,
R4,Trending_MeanShift,0.9999766822512521,0.9999071909302727,0.18975986675549483,None,250,,,500,,,0.0,0.0,0.8318524579065287,,250.0,
R1,Composite,0.999341339654945,0.9902540907611939,0.8840866980448124,36,36,36.0,72.0,500,0.23760047234789192,-4.944515189279732e-05,11.16811723078711,5.61841125236578,1.146114819575529,,,
R2,Seasonal,0.7095731343874154,0.9265181737253962,,36,36,36.0,72.0,500,0.0,0.0,12.052141837778272,6.405879859838118,0.6961766422392532,,,
R3,Stationary_AR,0.04451509778959306,0.1644631051146912,,None,50,,,500,0.0,0.0,0.0,0.0,5.0,0.49012131559743255,,
R4,Trending_ExponentialGrowth,0.9997641118829512,0.3337015087250561,0.3783363339368435,None,24,,,500,,,0.0,0.0,0.5637941345135586,,,
R1,Composite,0.9997589270358634,0.9965814248356478,0.6770593724530081,12,12,12.0,24.0,500,0.3036662995514403,1.099233186224847e-05,16.7942571534351,2.182367770186011,1.006693520054116,,,
R2,Seasonal,0.6314547462598317,0.9288571938045357,,12,12,12.0,24.0,500,0.0,0.0,10.38718540272285,4.224866155197803,1.5369906279666887,,,
R3,Stationary_AR,0.08325123429123726,0.2607413347586759,,None,50,,,500,0.0,0.0,0.0,0.0,5.0,0.6909299513339069,,
R4,Trending_ExponentialGrowth,0.9627670942322218,0.38029778835254147,0.3533742506053499,None,24,,,500,,,0.0,0.0,1.4857600144237524,,,
R1,Composite,0.9995684916508462,0.9990794628408208,0.9555919921538941,24,24,24.0,48.0,500,0.1853673948101539,-4.92042631588669e-05,22.419072892313515,5.836559570943123,0.7576059423101711,,,
R2,Seasonal,0.7067221273923876,0.9672111370124955,,24,24,24.0,48.0,500,0.0,0.0,28.88211657719775,9.912547002064464,0.7153946355539227,,,
R3,Stationary_AR,0.0024053988786382208,0.12005770081765998,,None,125,,,500,0.0,0.0,0.0,0.0,5.0,0.5996527980370653,,
R4,Trending_RandomWalkDrift,0.7885104882924467,0.8888163100806996,0.0,None,250,,,500,,,0.0,0.0,0.571159285707179,,,0.106714298239493
R1,Composite,0.998845552830533,0.9968368412980061,0.9670428952622673,24,24,24.0,48.0,500,-0.12215444230780234,3.066333630946562e-05,12.885567054363086,7.4457501264210535,0.8422155433720505,,,
R2,Seasonal,0.7046442809040192,0.967669157079869,,24,24,24.0,48.0,500,0.0,0.0,29.15158537259082,9.716377840922899,0.9237394533888694,,,
R3,Stationary_AR,0.1005413427834867,0.16077049755237705,,None,28,,,500,0.0,0.0,0.0,0.0,5.0,0.6616413001622231,,
R4,Trending_RandomWalkDrift,0.9980653241860732,0.5473932692377323,0.845966464939867,None,24,,,500,,,0.0,0.0,0.7173564650885308,,,-0.20002020803162673
R1,Composite,0.996988821982086,0.9736712619220185,0.5169201780585474,12,12,12.0,24.0,500,0.12350740661590255,3.878908296898047e-05,9.709758381641873,2.120527520936294,1.4631997974123214,,,
R2,Seasonal,0.7427524504163704,0.9542642569322791,,12,12,12.0,24.0,500,0.0,0.0,27.395529975831266,11.598485258036757,1.2945229257922626,,,
R3,Stationary_AR,0.0,0.5388726389448136,,None,167,,,500,0.0,0.0,0.0,0.0,5.0,0.6611173787587525,,
R4,Trending_ExponentialGrowth,0.9940948052001195,0.3355007861289866,0.3048520517271641,None,24,,,500,,,0.0,0.0,0.5749311696221936,,,
R1,Composite,0.9997942010709744,0.9971832432024651,0.8013308893031759,12,12,12.0,24.0,500,0.39831589843843895,-2.3517752399840984e-05,21.225086784025823,4.284332671946406,1.2311492986040946,,,
R2,Seasonal,0.7013005077946076,0.9693132192101716,,12,12,12.0,24.0,500,0.0,0.0,25.661675748905076,7.985635668226249,1.962703074155863,,,
R3,Stationary_WN,0.28207622776353936,0.12275021218812432,,None,2,,,500,0.0,0.0,0.0,0.0,13.19204089428484,,,
R4,Trending_MeanShift,0.785274150594859,0.7629636734589702,0.0,None,250,,,500,,,0.0,0.0,1.3639287567277334,,250.0,
R1,Composite,0.9998553864414199,0.9986871856958602,0.8237159759188722,24,24,24.0,48.0,500,-0.29629300320792196,-4.3392344517115994e-05,21.29196507056499,2.781476182784224,0.7707935552419635,,,
R2,Seasonal,0.6667406865602599,0.942424512489098,,24,24,24.0,48.0,500,0.0,0.0,20.757728937536182,8.865582707880826,1.7956614598200302,,,
R3,Stationary_WN,0.1878521977740717,0.14169954053144562,,None,3,,,500,0.0,0.0,0.0,0.0,13.410361658899697,,,
R4,Trending_RandomWalkDrift,0.962589987415934,0.7235897405402292,0.0,None,167,,,500,,,0.0,0.0,1.1551599320283783,,,-0.360882216874136
R1,Composite,0.9998171968157877,0.9960168454978592,0.9434052639566892,36,36,36.0,72.0,500,0.3662879477053397,2.3687677107665593e-05,16.47651178077171,7.965333580918058,1.0183053203336128,,,
R2,Seasonal,0.6510796642894697,0.895747935032572,,36,36,36.0,72.0,500,0.0,0.0,14.396025632646781,8.323097446940716,1.869384978811388,,,
R3,Stationary_AR,0.24224240568173594,0.15405055399661993,,None,24,,,500,0.0,0.0,0.0,0.0,5.0,0.6306636931297642,,
R4,Trending_RandomWalkDrift,0.880168202079971,0.7262666330500598,0.0,None,250,,,500,,,0.0,0.0,1.117197478649539,,,0.20728985520457283
R1,Composite,0.9998957298808039,0.9978641806353683,0.8865318317792641,36,36,36.0,72.0,500,0.3266303869151457,1.9346514447145976e-05,15.136434066394544,3.6136113465726334,0.7889132717862086,,,
R2,Seasonal,0.6396767820933034,0.9299780493636689,,36,36,36.0,72.0,500,0.0,0.0,12.062104220983205,5.322477888224112,1.4919635806882838,,,
R3,Stationary_WN,0.2978168590712237,0.16151580997759263,,None,2,,,500,0.0,0.0,0.0,0.0,13.822286803014647,,,
R4,Trending_MeanShift,0.9965946992616973,0.9882930597700387,0.0,None,250,,,500,,,0.0,0.0,1.2996879365833016,,250.0,
R1,Composite,0.9998545967626028,0.9994529370442125,0.9036625968010782,24,24,24.0,48.0,500,-0.22448757812060804,-1.916368343684779e-05,24.44887395421074,3.2291209384382276,0.6532345114883177,,,
R2,Seasonal,0.7055396508034442,0.9403845819249703,,24,24,24.0,48.0,500,0.0,0.0,24.004162450030744,11.263444743527302,0.8734550172372251,,,
R3,Stationary_AR,0.3068160566080612,0.2428615364972927,,None,8,,,500,0.0,0.0,0.0,0.0,5.0,0.4898605680406636,,
R4,Trending_MeanShift,0.9999333921290907,0.9997339457759703,0.0,None,250,,,500,,,0.0,0.0,0.9800138716020237,,250.0,
R1,Composite,0.9996362370390413,0.9994296619145949,0.9048964390200585,24,24,24.0,48.0,500,0.14639692308039254,-2.7417292837008283e-05,21.542274355414882,2.9096378617536898,0.6000125859959455,,,
R2,Seasonal,0.7017597707678036,0.9849049686358732,,24,24,24.0,48.0,500,0.0,0.0,29.885932342104265,6.839923844364515,0.6276178601891785,,,
R3,Stationary_AR,0.0390505401237089,0.29281728000604657,,None,33,,,500,0.0,0.0,0.0,0.0,5.0,0.6630829217183216,,
R4,Trending_ExponentialGrowth,0.9861858035320342,0.4003762395802454,0.30241394443395386,None,24,,,500,,,0.0,0.0,1.0308578746560897,,,
R1,Composite,0.9993843153322343,0.9970429088957957,0.9398603608133921,36,36,36.0,72.0,500,0.14028125476738257,4.1473634912235445e-05,14.90512509828592,6.039144317509596,0.8285152462816379,,,
R2,Seasonal,0.6891889666272986,0.983099010018256,,36,36,36.0,72.0,500,0.0,0.0,29.452810687367887,6.978372970244468,1.095424216483902,,,
R3,Stationary_WN,0.1945536708182004,0.1273068314276925,,None,3,,,500,0.0,0.0,0.0,0.0,11.730363741788892,,,
R4,Trending_ExponentialGrowth,0.9992828637457996,0.41127711605102013,0.41288209629565653,None,24,,,500,,,0.0,0.0,1.3486457593469545,,,
R1,Composite,0.9973502772897972,0.9964071172139809,0.8074202731622103,36,36,36.0,72.0,500,0.10038004603636258,-1.7965679364997836e-05,15.955263998481755,3.4518846452004324,0.9860729311589546,,,
R2,Seasonal,0.7180818637551634,0.9554306885116253,,36,36,36.0,72.0,500,0.0,0.0,24.541626424717524,10.098484304510219,0.640971318019856,,,
R3,Stationary_WN,0.11792033404776192,0.26711743584187364,,None,15,,,500,0.0,0.0,0.0,0.0,6.980775427073102,,,
R4,Trending_MeanShift,0.9999498840199205,0.9997959870207341,0.0,None,250,,,500,,,0.0,0.0,1.2844565018318148,,250.0,
R1,Composite,0.9991273638257641,0.9958767634308666,0.8467825183298054,48,50,48.0,96.0,500,0.18437912321763605,3.594393386602986e-05,20.03807860607788,3.5825958882049243,1.1107246190380284,,,
R2,Seasonal,0.6339564892479823,0.9402650693008201,,48,50,48.0,96.0,500,0.0,0.0,21.831400162115013,8.921856190427796,1.4559479405892177,,,
R3,Stationary_WN,0.15201243233734552,0.09932683319915481,,None,2,,,500,0.0,0.0,0.0,0.0,7.273943782075233,,,
R4,Trending_MeanShift,0.9906840011593706,0.9656199312078904,0.0,None,250,,,500,,,0.0,0.0,1.40564030299852,,250.0,
R1,Composite,0.9999154289908477,0.999288379855679,0.9813293298600284,12,12,12.0,24.0,500,0.24874887456613934,1.6456519063300774e-05,17.92065893465492,7.015381697053572,0.5464986296399098,,,
R2,Seasonal,0.7502196601068507,0.959827683393252,,12,12,12.0,24.0,500,0.0,0.0,25.73925968644916,10.464225165558897,0.6959888306283795,,,
R3,Stationary_WN,0.06356981945697038,0.06673973418740964,,None,2,,,500,0.0,0.0,0.0,0.0,9.810280761690887,,,
R4,Trending_RandomWalkDrift,0.9644685745143428,0.06794969828795405,0.0,None,167,,,500,,,0.0,0.0,1.3936536691510701,,,0.4190737581105509
R1,Composite,0.9998068384598042,0.9952629928714138,0.8419463362805343,12,12,12.0,24.0,500,0.3848426452994027,-2.63751153027711e-05,15.336382299946731,4.581496821837259,1.1615513119133762,,,
R2,Seasonal,0.7451911922043419,0.8965690432962595,,12,12,12.0,24.0,500,0.0,0.0,15.440708909472258,10.221407649805212,1.0925146476027616,,,
R3,Stationary_AR,0.1901153654868769,0.1927826915790848,,None,11,,,500,0.0,0.0,0.0,0.0,5.0,0.40090999554735834,,
R4,Trending_MeanShift,0.9999058375708288,0.9996302346982124,0.0,None,250,,,500,,,0.0,0.0,0.6694154607271877,,250.0,
R1,Composite,0.9979814349347611,0.9969707272854694,0.8048672491031211,24,24,24.0,48.0,500,0.10916976461810782,1.243301101769053e-05,19.195975973811713,3.6799206387529617,1.118001931066254,,,
R2,Seasonal,0.6726644489389919,0.9572344397596928,,24,24,24.0,48.0,500,0.0,0.0,14.707256134379762,5.414325782177476,0.9283467576967216,,,
R3,Stationary_AR,0.06979104459880625,0.22254588935684982,,None,36,,,500,0.0,0.0,0.0,0.0,5.0,0.4865283845655786,,
R4,Trending_RandomWalkDrift,0.9936051806508629,0.9326151479236867,0.7068172585892369,None,250,,,500,,,0.0,0.0,0.9454668666789431,,,-0.3291085465035456
R1,Composite,0.999534346387659,0.9986015247666331,0.8786501728160828,12,12,12.0,24.0,500,-0.1499705542490046,-1.1127122491144381e-05,18.356387953160194,3.554223033598431,0.7720121410787963,,,
R2,Seasonal,0.7492312975564543,0.9171687454666761,,12,12,12.0,24.0,500,0.0,0.0,19.25081803133343,11.421291754072294,0.9425894422397576,,,
R3,Stationary_WN,0.12054458523985001,0.3076800289072099,,None,12,,,500,0.0,0.0,0.0,0.0,8.206057728653976,,,
R4,Trending_MeanShift,0.9981793391358751,0.9931393711920243,0.0,None,250,,,500,,,0.0,0.0,1.3359857770359298,,250.0,
R1,Composite,0.9997364699852046,0.9950880082698697,0.6597025301088191,24,24,24.0,48.0,500,-0.3185658584180291,-1.4481658140190913e-05,15.220445159615704,2.248038886254517,1.0428322764115783,,,
R2,Seasonal,0.670458359893671,0.9399270305768499,,24,24,24.0,48.0,500,0.0,0.0,23.576994620731742,10.159414814405418,1.9650512176761858,,,
R3,Stationary_AR,0.011116462561927887,0.3547423540199115,,None,83,,,500,0.0,0.0,0.0,0.0,5.0,0.4474433084377138,,
R4,Trending_ExponentialGrowth,0.9947031447538669,0.4491830764104733,0.2881525798491126,None,24,,,500,,,0.0,0.0,1.4801150444499966,,,
R1,Composite,0.9999495195518632,0.9960513464839693,0.9486387747079789,24,24,24.0,48.0,500,0.35000743620928665,3.4030993568787084e-05,8.246772994140084,4.207758709128291,0.5839944576797985,,,
R2,Seasonal,0.6966073233454168,0.9640767646886391,,24,24,24.0,48.0,500,0.0,0.0,28.225172514632785,10.017407480526453,1.4240296949456481,,,
R3,Stationary_WN,0.1546366780773044,0.17854581587310847,,None,3,,,500,0.0,0.0,0.0,0.0,13.653579355186407,,,
R4,Trending_RandomWalkDrift,0.0,0.07854920287864231,0.0,None,250,,,500,,,0.0,0.0,1.0235656126854618,,,0.47961245953620024
R1,Composite,0.9988692251838259,0.9901199313375474,0.9059240478393463,24,24,24.0,48.0,500,-0.22268464376953165,3.938983504541805e-05,13.538802126795959,7.931520032535576,1.4686778574252535,,,
R2,Seasonal,0.7077362753241001,0.9185558362926717,,24,24,24.0,48.0,500,0.0,0.0,13.456612507754706,7.603913137632196,0.5928572088087642,,,
R3,Stationary_AR,0.13071071830531,0.26865045831125356,,None,45,,,500,0.0,0.0,0.0,0.0,5.0,0.5522772140590245,,
R4,Trending_MeanShift,0.9999383914378799,0.9997531794124916,0.2278936788555488,None,250,,,500,,,0.0,0.0,0.6006932616632797,,250.0,
R1,Composite,0.9979690159142482,0.9951968583733352,0.8628792203763556,48,50,48.0,96.0,500,0.12987450898956235,1.0921313035358234e-05,19.33394449670214,4.171701844903156,1.1349468233623818,,,
R2,Seasonal,0.5488547185355128,0.9745424640722428,,48,50,48.0,96.0,500,0.0,0.0,26.39326246240267,5.884010761917099,1.7257593080692781,,,
R3,Stationary_AR,0.09128899294485415,0.37016702993800343,,None,56,,,500,0.0,0.0,0.0,0.0,5.0,0.6188396185059948,,
R4,Trending_RandomWalkDrift,0.9979893031844049,0.9672075115544408,0.0,None,250,,,500,,,0.0,0.0,0.9240517544592576,,,0.35521928742624964
R1,Composite,0.9997220816572555,0.99663166698623,0.9545261047064394,24,24,24.0,48.0,500,0.2669001530620735,-4.890656842120099e-05,13.93976534264367,7.093723387247115,0.8519636199573136,,,
R2,Seasonal,0.690773456647523,0.8110001294233353,,24,24,24.0,48.0,500,0.0,0.0,13.220921108986438,11.782539181504108,1.6016980527629552,,,
R3,Stationary_WN,0.15163555771379456,0.17132419611493577,,None,6,,,500,0.0,0.0,0.0,0.0,14.759641123293752,,,
R4,Trending_MeanShift,0.9999728708906919,0.9998909149488497,0.0,None,250,,,500,,,0.0,0.0,0.6282514310626444,,250.0,
R1,Composite,0.9994692198951161,0.9958031048055105,0.8771994451924019,12,12,12.0,24.0,500,0.25481043807730985,2.4942238255825306e-05,19.293958518522373,6.458116764699092,1.3887144179148008,,,
R2,Seasonal,0.6814010838107725,0.9816950625103457,,12,12,12.0,24.0,500,0.0,0.0,22.301998433517902,5.078905837549999,1.4433979960105952,,,
R3,Stationary_AR,0.08355230998216057,0.31140464975291926,,None,22,,,500,0.0,0.0,0.0,0.0,5.0,0.4685522929057788,,
R4,Trending_MeanShift,0.999229253159156,0.9971548746411838,0.0,None,250,,,500,,,0.0,0.0,0.9549075951304021,,250.0,
R1,Composite,0.999772803667295,0.9966353269520374,0.9754467437113167,12,12,12.0,24.0,500,-0.21088473123486895,4.514688236729633e-05,9.938218288420677,7.431951918809084,0.6458611428916202,,,
R2,Seasonal,0.5482531352251514,0.9842287702066878,,12,12,12.0,24.0,500,0.0,0.0,26.876216888552797,4.2980000254369095,1.944377831877837,,,
R3,Stationary_AR,0.11364586073502847,0.32010280043407136,,None,29,,,500,0.0,0.0,0.0,0.0,5.0,0.671833692449177,,
R4,Trending_MeanShift,0.9999019500859637,0.9996075669472281,0.0,None,250,,,500,,,0.0,0.0,1.1188960461181767,,250.0,
R1,Composite,0.9977476130437738,0.9973879352830237,0.867591453409892,36,36,36.0,72.0,500,-0.12649268040065775,2.4396997038715764e-05,21.73723943809825,5.05072573408261,1.1292476695893225,,,
R2,Seasonal,0.6578979617777255,0.9778436421537341,,36,36,36.0,72.0,500,0.0,0.0,17.432828778081905,4.236512471136033,1.0961355066112062,,,
R3,Stationary_WN,0.11685440774446654,0.3057330260315162,,None,12,,,500,0.0,0.0,0.0,0.0,13.367876481604052,,,
R4,Trending_ExponentialGrowth,0.999710137112207,0.30672367657370336,0.41128271194527843,None,24,,,500,,,0.0,0.0,0.5558218916081028,,,
R1,Composite,0.9997124758737805,0.9984106305434921,0.958907224052059,36,36,36.0,72.0,500,-0.24148561305740826,2.0476913291483142e-05,20.320665720935292,7.35087338995991,0.8310244850870013,,,
R2,Seasonal,0.7123527526570825,0.8246647281096221,,36,36,36.0,72.0,500,0.0,0.0,12.957300544452155,11.544924475291227,1.1202710272038996,,,
R3,Stationary_WN,0.1256968908426036,0.2430888388800918,,None,11,,,500,0.0,0.0,0.0,0.0,10.561456545879405,,,
R4,Trending_ExponentialGrowth,0.9973821596463027,0.4106217235298061,0.28721937844852863,None,24,,,500,,,0.0,0.0,1.1010563701989216,,,
R1,Composite,0.9984221638951063,0.9891866172048982,0.8998439720389112,48,50,48.0,96.0,500,0.13278702461408592,1.2565213049250224e-05,11.532530474486009,5.872881290150886,1.3162320580313724,,,
R2,Seasonal,0.6040162405455191,0.9380415713970517,,48,50,48.0,96.0,500,0.0,0.0,21.93288851517636,8.594019387956436,1.9161477375821003,,,
R3,Stationary_AR,0.2598939190859094,0.18631283071601634,,None,17,,,500,0.0,0.0,0.0,0.0,5.0,0.6610190752874092,,
R4,Trending_RandomWalkDrift,0.9993867245004306,0.8416986293780517,0.6323585680201926,None,250,,,500,,,0.0,0.0,0.9468635869397561,,,-0.47324352998284
R1,Composite,0.9989248189684515,0.9854409160648105,0.874983691287301,24,24,24.0,48.0,500,0.1637040658621774,4.486083108294254e-05,9.934126845481169,5.920355101894772,1.455281046601304,,,
R2,Seasonal,0.6771490404633163,0.9243432560382381,,24,24,24.0,48.0,500,0.0,0.0,22.15863938300302,10.994121859043213,1.874670104749553,,,
R3,Stationary_AR,0.0746218874080391,0.2543839593012843,,None,56,,,500,0.0,0.0,0.0,0.0,5.0,0.6315183775143259,,
R4,Trending_RandomWalkDrift,0.9995796329490305,0.7043186344694615,0.8717865771900614,None,24,,,500,,,0.0,0.0,1.117804407807562,,,0.32428867209886447
R1,Composite,0.9989626928347103,0.995096325148116,0.9054585698980655,48,50,48.0,96.0,500,0.20399915303054003,-2.7180584723891817e-05,18.60776344585265,6.3403619210563456,1.3550374377964753,,,
R2,Seasonal,0.005658537478917314,0.9705318473888259,,48,100,48.0,96.0,500,0.0,0.0,13.13921724012269,10.509233447595799,1.4998244589951075,,,
R3,Stationary_AR,0.21827050138354942,0.9429338037618851,,None,250,,,500,0.0,0.0,0.0,0.0,5.0,0.5059614161576313,,
R4,Trending_RandomWalkDrift,0.9988085908757427,0.7291824505015807,0.8849564714031359,None,24,,,500,,,0.0,0.0,0.9753182647222813,,,0.21392560135956917
R1,Composite,0.9995256254392968,0.9969133027334661,0.9072927696985342,48,50,48.0,96.0,500,0.24338853015474202,3.709685799339421e-05,22.18946587480417,4.820728338436637,1.0251668275815637,,,
R2,Seasonal,0.6331711392198607,0.9370767344274293,,48,50,48.0,96.0,500,0.0,0.0,22.85513263635933,9.59079945352121,1.5602606247309634,,,
R3,Stationary_AR,0.17608565859784375,0.24057668873189586,,None,14,,,500,0.0,0.0,0.0,0.0,5.0,0.49984425469559235,,
R4,Trending_ExponentialGrowth,0.9985195053575407,0.34140301381145066,0.41336743634241135,None,24,,,500,,,0.0,0.0,1.1230842721092784,,,
R1,Composite,0.9998159986443869,0.9858927959621507,0.8391231166175278,48,50,48.0,96.0,500,-0.39513592839994693,-1.0823783871876533e-05,9.605901208669076,3.6596225025032574,1.0465554984993308,,,
R2,Seasonal,0.4186623889128023,0.9750591737400868,,48,50,48.0,96.0,500,0.0,0.0,24.48839577575494,4.332069415805689,1.5706405851934049,,,
R3,Stationary_AR,0.02258771643502,0.3076481399024199,,None,62,,,500,0.0,0.0,0.0,0.0,5.0,0.6296704897471299,,
R4,Trending_ExponentialGrowth,0.975889127722864,0.30604870948325913,0.2794001876846075,None,24,,,500,,,0.0,0.0,1.3051662593686908,,,
R1,Composite,0.9998227966749248,0.9982045397048147,0.8004658329136873,36,36,36.0,72.0,500,0.36058917383131817,1.5513764100388057e-05,23.605833014688564,3.374104113989337,1.0847025435575228,,,
R2,Seasonal,0.6686593391727336,0.9349830789300033,,36,36,36.0,72.0,500,0.0,0.0,14.220055500708257,6.361100905693183,1.3887219009663239,,,
R3,Stationary_AR,0.06696562728741473,0.3351299018982632,,None,71,,,500,0.0,0.0,0.0,0.0,5.0,0.514860068556067,,
R4,Trending_MeanShift,0.9998639625272154,0.9994563798763663,0.0,None,250,,,500,,,0.0,0.0,1.162744321823562,,250.0,
R1,Composite,0.9996272693847246,0.9945203784823154,0.912276740362894,24,24,24.0,48.0,500,-0.21670044558818644,2.0671084188802836e-05,10.561440418607619,4.713205762351301,0.9045220159048266,,,
R2,Seasonal,0.678950791602554,0.9556467973110677,,24,24,24.0,48.0,500,0.0,0.0,23.835801051482214,9.132492271359625,1.7190387510643614,,,
R3,Stationary_WN,0.18008709244426513,0.12303121589279442,,None,3,,,500,0.0,0.0,0.0,0.0,13.402203752506002,,,
R4,Trending_RandomWalkDrift,0.9990083475163779,0.6120896001740811,0.8542915337385615,None,24,,,500,,,0.0,0.0,0.9825117187581954,,,-0.25419399425583356
R1,Composite,0.9998017081177064,0.9979587163113771,0.942851371570032,48,50,48.0,96.0,500,0.23585484131021478,4.8984537585745136e-05,17.23775902040144,4.8620249151540245,0.8450472256680558,,,
R2,Seasonal,0.5949864808436383,0.964605203405689,,48,50,48.0,96.0,500,0.0,0.0,21.354782081673648,6.096392428963214,1.531438225676886,,,
R3,Stationary_AR,0.09551075346067339,0.26723883910863,,None,31,,,500,0.0,0.0,0.0,0.0,5.0,0.599033025076507,,
R4,Trending_MeanShift,0.9986441040497744,0.9943106173867887,0.0,None,250,,,500,,,0.0,0.0,0.6096465347116103,,250.0,
R1,Composite,0.9990853778963734,0.9957689674314983,0.7741549020071814,48,50,48.0,96.0,500,-0.16477158643734374,-4.987969951752608e-05,18.34942729989722,2.2039929888299765,0.9354842341019213,,,
R2,Seasonal,0.6376339443298862,0.9218208883190977,,48,50,48.0,96.0,500,0.0,0.0,22.615569215636267,10.84824463112716,1.736726736337975,,,
R3,Stationary_WN,0.33013158315927815,0.14127941678380307,,None,2,,,500,0.0,0.0,0.0,0.0,10.32023142935138,,,
R4,Trending_RandomWalkDrift,0.9947140316607254,0.5975497785986543,0.3596945647055031,None,250,,,500,,,0.0,0.0,1.099082097625273,,,-0.3545102984763394
R1,Composite,0.9997141249229533,0.9935568581235545,0.8244585094513127,12,12,12.0,24.0,500,-0.2710822213375699,1.032505052212939e-05,11.460826958606258,3.6124623749298976,1.005421067942203,,,
R2,Seasonal,0.7480316643359215,0.9187765835616764,,12,12,12.0,24.0,500,0.0,0.0,18.96366250816413,11.167280157433439,0.9405116903804676,,,
R3,Stationary_AR,0.033049980920427546,0.33125163678378333,,None,83,,,500,0.0,0.0,0.0,0.0,5.0,0.5529491665043398,,
R4,Trending_MeanShift,0.9997050309545198,0.9988158892706224,0.0,None,250,,,500,,,0.0,0.0,0.8004994349969613,,250.0,
R1,Composite,0.9989051811384309,0.9965311677548412,0.792445787369753,36,36,36.0,72.0,500,-0.1840474053403196,-3.7507296886848945e-05,23.340432401001475,4.51882242153754,1.3144837693366476,,,
R2,Seasonal,0.6866755837522067,0.8878001037506973,,36,36,36.0,72.0,500,0.0,0.0,14.900654706929096,9.26968050182211,1.753576673554953,,,
R3,Stationary_AR,0.2550687752972811,0.23653106963884107,,None,17,,,500,0.0,0.0,0.0,0.0,5.0,0.6430793136345344,,
R4,Trending_MeanShift,0.9997027260741733,0.9988190585535319,0.0,None,250,,,500,,,0.0,0.0,0.7762389717735765,,250.0,
R1,Composite,0.9995604572124397,0.9926185990662882,0.7562018918453478,48,50,48.0,96.0,500,0.39291950592657876,2.5653265916801382e-05,21.241391851507657,3.373068103681592,1.4948597643902084,,,
R2,Seasonal,0.40735027844032856,0.9681220186868844,,48,50,48.0,96.0,500,0.0,0.0,19.393366326728955,4.018643471232223,1.0992521597985452,,,
R3,Stationary_AR,0.18179556291317733,0.24254259677172607,,None,20,,,500,0.0,0.0,0.0,0.0,5.0,0.4149853750995385,,
R4,Trending_ExponentialGrowth,0.9973328178590211,0.40792330337011573,0.432232848092582,None,24,,,500,,,0.0,0.0,0.5629354167504047,,,
R1,Composite,0.9994737634095535,0.995577715226366,0.7373838774872401,12,12,12.0,24.0,500,-0.3004737490196161,-2.6788818314219705e-05,22.267680894148548,4.292546928058288,1.4467887862375761,,,
R2,Seasonal,0.6027347392185367,0.9875335160334193,,12,12,12.0,24.0,500,0.0,0.0,29.62235244962618,4.471843512823008,1.759807470790419,,,
R3,Stationary_AR,0.04591727854083383,0.375698326630335,,None,100,,,500,0.0,0.0,0.0,0.0,5.0,0.6266605932040026,,
R4,Trending_ExponentialGrowth,0.998199234855094,0.442757356159567,0.3508001127426118,None,24,,,500,,,0.0,0.0,0.7483626410950817,,,
R1,Composite,0.9998916680083292,0.9980212226045475,0.8124026369238263,12,12,12.0,24.0,500,0.3012872898613973,1.112319774347279e-05,14.601850034554072,2.5520842872085128,0.6280731505279358,,,
R2,Seasonal,0.7497436402807469,0.9622721646359957,,12,12,12.0,24.0,500,0.0,0.0,18.209617257037614,7.157619293048858,0.5665718034076572,,,
R3,Stationary_WN,0.12491609822188943,0.10732010673064174,,None,3,,,500,0.0,0.0,0.0,0.0,13.175063502532625,,,
R4,Trending_RandomWalkDrift,0.997616704617726,0.8841404978279069,0.0,None,250,,,500,,,0.0,0.0,1.4532423806124974,,,0.24764477632319185
R1,Composite,0.9997524030034172,0.995795867779085,0.765551317697343,12,12,12.0,24.0,500,0.24594943368396244,-4.8804687231851825e-05,10.917615177593097,2.2838697744415377,0.7390632605741448,,,
R2,Seasonal,0.7341077438206095,0.9875696587935969,,12,12,12.0,24.0,500,0.0,0.0,19.272556200745882,4.193640425652366,0.666117366330983,,,
R3,Stationary_AR,0.02444829117407754,0.21105022902694526,,None,62,,,500,0.0,0.0,0.0,0.0,5.0,0.4679371678567141,,
R4,Trending_MeanShift,0.9999672284181518,0.9998691822689607,0.0,None,250,,,500,,,0.0,0.0,0.8899659163974398,,250.0,
R1,Composite,0.9988499962295662,0.9973326947007607,0.9432418431406693,12,12,12.0,24.0,500,0.12606303667322658,-2.355023974341404e-05,15.144601591097341,6.393474991102803,0.784623078225361,,,
R2,Seasonal,0.724951148805482,0.8918371921465554,,12,12,12.0,24.0,500,0.0,0.0,17.188619921643866,11.326933432070703,1.7754562166655488,,,
R3,Stationary_AR,0.271624163489829,0.26376769153810387,,None,9,,,500,0.0,0.0,0.0,0.0,5.0,0.4929345168462479,,
R4,Trending_RandomWalkDrift,0.476227645515629,0.5747900635780164,,None,100,,,500,,,0.0,0.0,1.1820029820236568,,,0.10470907115109185
R1,Composite,0.9992933507994055,0.9978189644140564,0.9463948673803989,36,36,36.0,72.0,500,-0.1808448781154109,4.029893727593902e-05,18.925584777850958,6.855659494741856,0.9589727375928903,,,
R2,Seasonal,0.6807800155789975,0.9640457328021009,,36,36,36.0,72.0,500,0.0,0.0,27.434772030925203,9.202301698987004,1.9393474796663424,,,
R3,Stationary_WN,0.037220361319973305,0.26656307947313074,,None,42,,,500,0.0,0.0,0.0,0.0,5.055094327628542,,,
R4,Trending_RandomWalkDrift,0.9950897117569143,0.9022727578188041,0.3325019381714013,None,250,,,500,,,0.0,0.0,1.1877220882238275,,,-0.3058654916267697
R1,Composite,0.9994872607858488,0.9869486124143108,0.8633427820696542,12,12,12.0,24.0,500,0.22928871682631044,4.270631409894216e-05,10.047168771407552,5.3805099116841255,1.1494292448048133,,,
R2,Seasonal,0.7384545114989344,0.9906658105429775,,12,12,12.0,24.0,500,0.0,0.0,22.146128266724318,4.157458749722639,0.5527020975782051,,,
R3,Stationary_WN,0.17060526557644784,0.18163794226863283,,None,3,,,500,0.0,0.0,0.0,0.0,11.288011566210194,,,
R4,Trending_ExponentialGrowth,0.9992443264880188,0.4590818937752016,0.378699451324794,None,24,,,500,,,0.0,0.0,0.5141936784044137,,,
R1,Composite,0.9998736859848888,0.9981418500920788,0.9473976914712413,36,36,36.0,72.0,500,-0.3936600323508256,1.4545577788134063e-05,20.54952819610699,7.089574104250682,0.9466197542711412,,,
R2,Seasonal,0.6799033680508447,0.9600522900497558,,36,36,36.0,72.0,500,0.0,0.0,21.662652974923674,7.823456827453427,1.553498656051052,,,
R3,Stationary_WN,0.24813133778661645,0.20374005965174813,,None,3,,,500,0.0,0.0,0.0,0.0,6.622937336376804,,,
R4,Trending_RandomWalkDrift,0.8183347674624462,0.0,0.0,None,167,,,500,,,0.0,0.0,0.8093449312277995,,,0.19024768695366331
R1,Composite,0.9997685915207938,0.9944171006246276,0.742420753271479,24,24,24.0,48.0,500,0.3072447545869543,4.8348821344789895e-05,13.58689236896387,2.649595790166123,0.9941925645250937,,,
R2,Seasonal,0.7083707514593007,0.9262599880937771,,24,24,24.0,48.0,500,0.0,0.0,17.301083690914812,9.259171576444903,0.7690859469065321,,,
R3,Stationary_AR,0.3143872939360941,0.21958373255819208,,None,15,,,500,0.0,0.0,0.0,0.0,5.0,0.6606908933119332,,
R4,Trending_ExponentialGrowth,0.998763093677356,0.3486424981388859,0.36212134345725655,None,24,,,500,,,0.0,0.0,1.3354939953623493,,,
R1,Composite,0.9990732494259607,0.9977697704229985,0.9514271820862892,48,50,48.0,96.0,500,0.15474739822197336,-4.415634018956098e-05,18.600442560741413,6.217248081971863,0.8976455143633615,,,
R2,Seasonal,0.6251355206956679,0.9507374802460972,,48,50,48.0,96.0,500,0.0,0.0,14.319847990658738,5.168826706968648,0.9440438954708306,,,
R3,Stationary_WN,0.064200175522656,0.15894615456437222,,None,6,,,500,0.0,0.0,0.0,0.0,5.721445183500263,,,
R4,Trending_RandomWalkDrift,0.9994417072194789,0.6818487479880748,0.8762285341363318,None,24,,,500,,,0.0,0.0,1.4868126030178983,,,-0.4279450333457814
R1,Composite,0.999921176109094,0.9965199576847612,0.9696245254719862,36,36,36.0,72.0,500,-0.32800289328202703,2.2245905914780716e-05,9.692924408115372,6.229260284797775,0.5502394897202949,,,
R2,Seasonal,0.647472111574369,0.9413907618043452,,36,36,36.0,72.0,500,0.0,0.0,19.107361759114603,7.582786351555412,1.9646132681843342,,,
R3,Stationary_WN,0.0539365418998774,0.19091258882523288,,None,6,,,500,0.0,0.0,0.0,0.0,11.709475626965885,,,
R4,Trending_RandomWalkDrift,0.9983314212706099,0.9568922334752806,0.0,None,250,,,500,,,0.0,0.0,0.5700648835473878,,,0.24929210309836566
R1,Composite,0.9987084903755782,0.9976869204298695,0.9348816767434329,12,12,12.0,24.0,500,0.12647350179024694,1.235864126858894e-05,20.17957242510004,7.3143444404959785,0.9400404477647297,,,
R2,Seasonal,0.7130249688481063,0.9597772080045047,,12,12,12.0,24.0,500,0.0,0.0,17.71890247657815,6.604100634775929,1.2936461206579444,,,
R3,Stationary_AR,0.1764141624552572,0.23332162705074577,,None,19,,,500,0.0,0.0,0.0,0.0,5.0,0.6542790319193003,,
R4,Trending_MeanShift,0.9998622874537334,0.9994553608884591,0.13011356473151092,None,250,,,500,,,0.0,0.0,1.2630722906489105,,250.0,
R1,Composite,0.9998493197597952,0.9956224047874946,0.6855289021090384,12,12,12.0,24.0,500,-0.39873170022005733,4.3299932515340737e-05,14.296202747835395,2.360294302274536,0.973087457611964,,,
R2,Seasonal,0.7419075289098203,0.967060278687561,,12,12,12.0,24.0,500,0.0,0.0,23.67049095281675,8.459000847097553,1.0794090617797478,,,
R3,Stationary_WN,0.21372513763300782,0.14692096415279665,,None,2,,,500,0.0,0.0,0.0,0.0,12.936589690835113,,,
R4,Trending_MeanShift,0.9993516866874613,0.9976380534436258,0.0,None,250,,,500,,,0.0,0.0,0.7676854937675605,,250.0,
R1,Composite,0.9995928266344876,0.9960524567202662,0.882341901590408,48,50,48.0,96.0,500,-0.22432817252746193,-1.231038472189368e-05,15.7824423331541,3.366704449763709,0.8843041368681969,,,
R2,Seasonal,0.6313876313766443,0.9418998266687101,,48,50,48.0,96.0,500,0.0,0.0,28.587248399827438,11.43739580543911,1.980423044435441,,,
R3,Stationary_AR,0.13496727816027299,0.23073160867504372,,None,16,,,500,0.0,0.0,0.0,0.0,5.0,0.5225172334479042,,
R4,Trending_MeanShift,0.9999498919584471,0.999799715701766,0.0,None,250,,,500,,,0.0,0.0,0.5310641533392342,,250.0,
R1,Composite,0.9949034682869555,0.9952319248653386,0.7603175556610637,24,24,24.0,48.0,500,0.11465742925619336,-4.551586250225207e-05,19.229044513196534,3.8313754849683637,1.408565901145146,,,
R2,Seasonal,0.6016030685013376,0.9833777188666432,,24,24,24.0,48.0,500,0.0,0.0,29.07089468379215,5.556766173308441,1.8087759948500817,,,
R3,Stationary_WN,0.25572242262834266,0.11163836543131778,,None,2,,,500,0.0,0.0,0.0,0.0,12.885399268442537,,,
R4,Trending_RandomWalkDrift,0.9882689546826688,0.7255356840247897,0.0,None,250,,,500,,,0.0,0.0,1.4598246196485336,,,0.4915851655581669
R1,Composite,0.9997719450302552,0.9958350148482026,0.9068882592784151,12,12,12.0,24.0,500,-0.26940271506726965,-4.184739521389102e-05,13.78630199628682,5.486311205914188,0.9668249325592461,,,
R2,Seasonal,0.746864468895933,0.9821524284862138,,12,12,12.0,24.0,500,0.0,0.0,24.18440268831482,6.400263184806475,0.6360558376992982,,,
R3,Stationary_AR,0.04308728997291755,0.382254009057968,,None,83,,,500,0.0,0.0,0.0,0.0,5.0,0.45739276135255685,,
R4,Trending_RandomWalkDrift,0.9275305552655358,0.0065511079539918304,0.0,None,250,,,500,,,0.0,0.0,1.1120182509449892,,,0.41730280300831324
R1,Composite,0.9996567380222318,0.9963033322776712,0.9022033772048476,48,50,48.0,96.0,500,-0.3731869177797942,-1.9489219512627425e-05,24.35126659503119,6.675232130546863,1.4952768441935627,,,
R2,Seasonal,0.6575071809155069,0.87184796153018,,48,50,48.0,96.0,500,0.0,0.0,12.183380877587492,8.090425112140117,1.2607571068382644,,,
R3,Stationary_AR,0.18935009422945925,0.27226322948415493,,None,19,,,500,0.0,0.0,0.0,0.0,5.0,0.6775315511442368,,
R4,Trending_MeanShift,0.9997533324360123,0.9990296032854008,0.0,None,250,,,500,,,0.0,0.0,1.1328703195848377,,250.0,
R1,Composite,0.9995901090832008,0.9915369865924002,0.7336796801970309,12,12,12.0,24.0,500,0.28733165358221024,2.2998471691340398e-05,13.246322666358218,3.6507479329352983,1.2395818268917471,,,
R2,Seasonal,0.698354285738055,0.9841378153966964,,12,12,12.0,24.0,500,0.0,0.0,28.380090310231513,6.374447755614588,1.6095362305172465,,,
R3,Stationary_WN,0.08663048304468313,0.13134427438366558,,None,5,,,500,0.0,0.0,0.0,0.0,13.800591867447356,,,
R4,Trending_MeanShift,0.9998408667740033,0.9993741026711004,0.0,None,250,,,500,,,0.0,0.0,1.0435684259707128,,250.0,
R1,Composite,0.999639220808395,0.9976852068652817,0.8208036044293261,36,36,36.0,72.0,500,0.2922499864900261,-2.3625182750828452e-05,22.53220488417076,4.014976842689486,1.221113921662608,,,
R2,Seasonal,0.52078081484163,0.94780459892958,,36,36,36.0,72.0,500,0.0,0.0,14.820849633360131,4.401371130364268,1.7695583595388906,,,
R3,Stationary_AR,0.13778875429463266,0.28065843552894887,,None,29,,,500,0.0,0.0,0.0,0.0,5.0,0.513419123499021,,
R4,Trending_RandomWalkDrift,0.0,0.15461462753802202,0.0,None,250,,,500,,,0.0,0.0,0.9633911466800313,,,0.1935293924169967
R1,Composite,0.9999138833489852,0.9993183669472867,0.9154838295300466,12,12,12.0,24.0,500,-0.35864534539856396,3.480699187366412e-05,24.823419866272577,4.159386020219153,0.6418527435240949,,,
R2,Seasonal,0.7298903738122963,0.9446969168285806,,12,12,12.0,24.0,500,0.0,0.0,23.144535840742364,10.514135822098503,1.637815402780506,,,
R3,Stationary_WN,0.09237055125188132,0.2802056033187831,,None,12,,,500,0.0,0.0,0.0,0.0,6.30562522278024,,,
R4,Trending_RandomWalkDrift,0.956103694309793,0.5302159625954248,0.0,None,250,,,500,,,0.0,0.0,1.2695408824877354,,,-0.3451175748531062
R1,Composite,0.9993434098924356,0.9808241001122383,0.7936410975920929,24,24,24.0,48.0,500,0.248368095288645,-2.6515414311259677e-05,8.584646141852568,4.205059356421138,1.2635772654891784,,,
R2,Seasonal,0.7097930251103568,0.9417808237348726,,24,24,24.0,48.0,500,0.0,0.0,24.778716082385863,11.7010040823622,0.6908289409470914,,,
R3,Stationary_AR,0.18315517337231046,0.16036496468520534,,None,19,,,500,0.0,0.0,0.0,0.0,5.0,0.6431880198238401,,
R4,Trending_RandomWalkDrift,0.03963937225703529,0.645680461914889,,None,167,,,500,,,0.0,0.0,0.6482721492739818,,,-0.1568587070799775
R1,Composite,0.9996857407127007,0.9972313497511043,0.8211309462686658,24,24,24.0,48.0,500,-0.20313827840252197,-4.010567104293107e-05,15.140374788130421,2.949650179074612,0.8717497209109837,,,
R2,Seasonal,0.7115068533550581,0.9371786340701551,,24,24,24.0,48.0,500,0.0,0.0,20.14431932333846,9.929303765133735,0.5017053683186723,,,
R3,Stationary_AR,0.08109276948905098,0.3502551253910655,,None,62,,,500,0.0,0.0,0.0,0.0,5.0,0.5415449258348647,,
R4,Trending_ExponentialGrowth,0.9924301372103832,0.34191465332076476,0.35823745957754294,None,24,,,500,,,0.0,0.0,1.4442182949355766,,,
R1,Composite,0.9995447788416013,0.9920467417721064,0.9487321576955606,24,24,24.0,48.0,500,0.22743988641159332,-2.7431282979783366e-05,10.114019913943586,7.452999740726482,1.1141309606236525,,,
R2,Seasonal,0.706479951820132,0.955548248150279,,24,24,24.0,48.0,500,0.0,0.0,26.383579807260528,10.608581531355071,0.914906763682342,,,
R3,Stationary_AR,0.2458317064176525,0.22786137619764957,,None,14,,,500,0.0,0.0,0.0,0.0,5.0,0.44248259172248994,,
R4,Trending_MeanShift,0.9993673269462678,0.9973680476214247,0.0,None,250,,,500,,,0.0,0.0,1.147577005122859,,250.0,
R1,Composite,0.9968264279241973,0.9952502093175101,0.5994518936112776,24,24,24.0,48.0,500,0.10497545287371232,2.2422422991925754e-05,19.57993027167325,2.0273547481789675,1.3832297117921855,,,
R2,Seasonal,0.6057176860123059,0.9737814151710953,,24,24,24.0,48.0,500,0.0,0.0,20.664672949755065,4.998136199752069,1.605682142358026,,,
R3,Stationary_WN,0.2140389804896614,0.1403175228745921,,None,2,,,500,0.0,0.0,0.0,0.0,7.089078681484825,,,
R4,Trending_MeanShift,0.9999694549246226,0.9998774627490422,0.12113806434011964,None,250,,,500,,,0.0,0.0,1.2753895942862428,,250.0,
R1,Composite,0.9996374346318928,0.9980312909986954,0.9369102719939025,48,50,48.0,96.0,500,-0.2783135895445613,3.211461212860384e-05,23.37727718033593,6.384047548587243,0.998566330482713,,,
R2,Seasonal,0.6844664496658052,0.8610803853426469,,48,50,48.0,96.0,500,0.0,0.0,15.598130871419132,11.080269619976317,0.5572956174456463,,,
R3,Stationary_WN,0.13826657136025944,0.2882279511696898,,None,9,,,500,0.0,0.0,0.0,0.0,9.390943898427183,,,
R4,Trending_MeanShift,0.9999666601920414,0.999866153494605,0.11502912496959994,None,250,,,500,,,0.0,0.0,0.570024145082517,,250.0,
R1,Composite,0.9985005052209932,0.9900030482022459,0.6877144995612134,12,12,12.0,24.0,500,-0.18568819778713136,2.549846218265324e-05,13.483850011311109,3.2274017338722656,1.4345432905455198,,,
R2,Seasonal,0.730149442237114,0.9569425857888204,,12,12,12.0,24.0,500,0.0,0.0,22.837974476851564,9.180056287620612,1.4158340596781498,,,
R3,Stationary_WN,0.09608439820753856,0.19219056236200682,,None,5,,,500,0.0,0.0,0.0,0.0,13.325667223327693,,,
R4,Trending_MeanShift,0.9956795927362457,0.9833517911155192,0.0,None,250,,,500,,,0.0,0.0,1.027617643729285,,250.0,
R1,Composite,0.9995398561019618,0.9927473542713896,0.8540059096991752,12,12,12.0,24.0,500,-0.3302380231386971,3.973365566696818e-05,15.836761544044023,6.066347647928705,1.4554674751409982,,,
R2,Seasonal,0.7321870716195593,0.9749011633369704,,12,12,12.0,24.0,500,0.0,0.0,27.46945627931946,8.308721645084677,1.4424712192434264,,,
R3,Stationary_WN,0.26571042271921874,0.14041055643641587,,None,3,,,500,0.0,0.0,0.0,0.0,9.812597764725396,,,
R4,Trending_ExponentialGrowth,0.9982258149646616,0.37400738159317737,0.3397542636741234,None,24,,,500,,,0.0,0.0,0.8608495558667023,,,
R1,Composite,0.9992339555090298,0.9969708836809485,0.8386702533913766,48,50,48.0,96.0,500,0.20312014961825134,-4.149734298918119e-05,19.73561904148876,2.5861465237250525,0.8776154190931246,,,
R2,Seasonal,0.5615982955661241,0.9676466715026868,,48,50,48.0,96.0,500,0.0,0.0,18.681944778913984,4.8810446732289705,1.0100204757802276,,,
R3,Stationary_AR,0.14271432067106804,0.23996258315370722,,None,24,,,500,0.0,0.0,0.0,0.0,5.0,0.6250755663626888,,
R4,Trending_ExponentialGrowth,0.9769751256182324,0.38066325980272175,0.37463684051447843,None,24,,,500,,,0.0,0.0,1.1628941385721494,,,
R1,Composite,0.9997663141155153,0.9970801070145179,0.7701324279934196,24,24,24.0,48.0,500,0.38273129746567613,-1.092814713304026e-05,21.51135021454958,3.7469487709017173,1.211557688091248,,,
R2,Seasonal,0.6550524022145372,0.9745603765060481,,24,24,24.0,48.0,500,0.0,0.0,18.27033259565027,4.9571663112179305,1.2209360033733136,,,
R3,Stationary_AR,0.09742086314177856,0.2584966049555749,,None,29,,,500,0.0,0.0,0.0,0.0,5.0,0.6077899243957134,,
R4,Trending_RandomWalkDrift,0.9983633841329278,0.6479709674899254,0.8902819524025832,None,24,,,500,,,0.0,0.0,0.5958988165264975,,,-0.20610548096545744
R1,Composite,0.9998785281368872,0.9983996575733796,0.8859008615452166,24,24,24.0,48.0,500,-0.38875133892249514,1.111700119158178e-05,21.21145719592353,4.320020927892903,0.8973481561058032,,,
R2,Seasonal,0.6680559492412994,0.9805362023761002,,24,24,24.0,48.0,500,0.0,0.0,21.12477957656955,5.084445590728417,1.0880945581401327,,,
R3,Stationary_AR,0.012356281452503115,0.5103777798654847,,None,167,,,500,0.0,0.0,0.0,0.0,5.0,0.45954939855516264,,
R4,Trending_RandomWalkDrift,0.9994164266867753,0.4991362709077024,0.8425437510407312,None,24,,,500,,,0.0,0.0,0.9837077988749771,,,0.3563459669363027
R1,Composite,0.9998503091277035,0.9986731444258489,0.9667223673580795,12,12,12.0,24.0,500,0.253654014927589,4.034665304337454e-05,18.648245744713932,7.364763447100193,0.7201593831954196,,,
R2,Seasonal,0.7456390698055664,0.9669339024618752,,12,12,12.0,24.0,500,0.0,0.0,25.33812711749947,9.145841649401389,0.9228246328676672,,,
R3,Stationary_WN,0.004673865656118492,0.3656891060363302,,None,71,,,500,0.0,0.0,0.0,0.0,8.991447859040491,,,
R4,Trending_MeanShift,0.999654446463456,0.99865169883708,0.0,None,250,,,500,,,0.0,0.0,1.4444733923296482,,250.0,
R1,Composite,0.9989104006074331,0.9976772501235446,0.8092254107466942,24,24,24.0,48.0,500,0.1436417455953399,3.681474445135303e-05,22.50032741171972,4.080053702156193,1.2422266606782504,,,
R2,Seasonal,0.6899710420636064,0.9465399587367792,,24,24,24.0,48.0,500,0.0,0.0,20.77945758139736,8.904423019222449,1.2364044807772367,,,
R3,Stationary_AR,0.022116397077248995,0.26693828918584517,,None,56,,,500,0.0,0.0,0.0,0.0,5.0,0.47090949296555895,,
R4,Trending_RandomWalkDrift,0.9989264474257178,0.6611679632826839,0.8371267618748388,None,24,,,500,,,0.0,0.0,0.7231447300570352,,,0.2819585420676741
R1,Composite,0.9995602462905325,0.9992455561034244,0.9737904093356673,12,12,12.0,24.0,500,0.15742073419032618,-4.220005607964556e-05,21.219067177381465,7.125760004481538,0.5872598679431253,,,
R2,Seasonal,0.7396168958349169,0.8875321290058014,,12,12,12.0,24.0,500,0.0,0.0,10.245145085752602,7.155873979213826,0.9479389355788557,,,
R3,Stationary_WN,0.07395366954453364,0.17923320335229465,,None,7,,,500,0.0,0.0,0.0,0.0,6.0563945422678085,,,
R4,Trending_ExponentialGrowth,0.9989241890097785,0.3093671509245475,0.2901999992641294,None,24,,,500,,,0.0,0.0,1.3568792366385647,,,
R1,Composite,0.999745834855126,0.9903930374502264,0.9397020105632122,36,36,36.0,72.0,500,0.326321193816816,-4.846656591764427e-05,9.831795675359865,7.28174779591342,0.9881061600993435,,,
R2,Seasonal,0.6836206711641344,0.8705620411707081,,36,36,36.0,72.0,500,0.0,0.0,14.213907636772225,9.335070735506783,1.8277295747638473,,,
R3,Stationary_AR,0.00968128611159691,0.5025448223876678,,None,167,,,500,0.0,0.0,0.0,0.0,5.0,0.6768965140934282,,
R4,Trending_MeanShift,0.9993692655976127,0.9975834250370652,0.0,None,250,,,500,,,0.0,0.0,0.890010214383557,,250.0,
R1,Composite,0.9995269457048093,0.9981710185006145,0.9424287775700888,36,36,36.0,72.0,500,0.23122962406488776,-3.533830009731927e-05,21.98704674137391,7.160197628232205,0.8964551247230125,,,
R2,Seasonal,0.661423511137025,0.8987332544453476,,36,36,36.0,72.0,500,0.0,0.0,14.604237412658215,8.264907969722419,1.747384877901657,,,
R3,Stationary_AR,0.18001724531118812,0.21341539199366177,,None,14,,,500,0.0,0.0,0.0,0.0,5.0,0.42898062052706964,,
R4,Trending_RandomWalkDrift,0.98941817531174,0.5643779197418254,0.0,None,250,,,500,,,0.0,0.0,1.2172559553532598,,,0.3423307689090893
R1,Composite,0.9999222074739336,0.999077751148347,0.9465822228693943,24,24,24.0,48.0,500,0.321796500196323,4.4220875783409545e-05,20.231028326175494,4.799136326052499,0.7353171337080932,,,
R2,Seasonal,0.6714410109117583,0.9616747190426671,,24,24,24.0,48.0,500,0.0,0.0,25.949892914233406,8.767917479963202,1.8272072498383078,,,
R3,Stationary_WN,0.03120226540312243,0.1879660117606997,,None,15,,,500,0.0,0.0,0.0,0.0,11.753972194344513,,,
R4,Trending_RandomWalkDrift,0.9975561951070849,0.5117061987192373,0.8748052842742742,None,24,,,500,,,0.0,0.0,0.5926495102834317,,,-0.16328842981340147
R1,Composite,0.9994466968336989,0.9710765723721682,0.6817699504956851,36,36,36.0,72.0,500,0.2721922990923981,4.265073848678482e-05,8.020624899683693,2.964897123733043,1.3350407736593681,,,
R2,Seasonal,0.7134048503353427,0.9276522199690795,,36,36,36.0,72.0,500,0.0,0.0,16.64695795460929,8.724345762006442,0.7925145518403075,,,
R3,Stationary_WN,0.0,0.7899792462600334,,None,250,,,500,0.0,0.0,0.0,0.0,6.618390466923961,,,
R4,Trending_ExponentialGrowth,0.9990780254488987,0.3876793834992235,0.41006062693206424,None,24,,,500,,,0.0,0.0,1.4535474987765498,,,
R1,Composite,0.999656281754405,0.9983861778535713,0.8659914933500803,12,12,12.0,24.0,500,-0.21944197576994132,-4.503952868557067e-05,22.782464139373243,4.366470334455288,0.9926217853010652,,,
R2,Seasonal,0.7497947514452128,0.9207076930855187,,12,12,12.0,24.0,500,0.0,0.0,16.494272300516307,9.702353060762764,0.7701789303054405,,,
R3,Stationary_WN,0.07316075676029143,0.19001548406467117,,None,8,,,500,0.0,0.0,0.0,0.0,10.767729463209843,,,
R4,Trending_RandomWalkDrift,0.9973960658576784,0.8210805708725821,0.0,None,250,,,500,,,0.0,0.0,1.0705712988772813,,,0.47524684855115495
R1,Composite,0.9997068247549185,0.9991875121277141,0.9463898611569784,24,24,24.0,48.0,500,0.19910216705201736,-1.780657899916105e-05,23.250392385921238,5.14563538606404,0.7113233953620688,,,
R2,Seasonal,0.5403268173859781,0.9778210115623058,,24,24,24.0,48.0,500,0.0,0.0,21.4046950933768,4.444078220933995,1.9801144956420074,,,
R3,Stationary_AR,0.036280110342453264,0.3259650269321811,,None,62,,,500,0.0,0.0,0.0,0.0,5.0,0.575938647234604,,
R4,Trending_ExponentialGrowth,0.9944065211164894,0.33354007596274093,0.3289480595738039,None,24,,,500,,,0.0,0.0,0.8812829663509933,,,
R1,Composite,0.9997280737746648,0.9983701762045379,0.8289345449770598,36,36,36.0,72.0,500,0.3040784373463514,-4.205522057727818e-05,23.491003345736964,3.6703582103443413,1.0227846437805805,,,
R2,Seasonal,0.6774209163480769,0.9488603839552944,,36,36,36.0,72.0,500,0.0,0.0,11.4313778602559,4.680844542946217,0.7642930266985932,,,
R3,Stationary_WN,0.025328210027135367,0.20505001295830882,,None,36,,,500,0.0,0.0,0.0,0.0,8.843752703565926,,,
R4,Trending_MeanShift,0.9999094685648835,0.9996369013640019,0.0,None,250,,,500,,,0.0,0.0,1.075800986099607,,250.0,
R1,Composite,0.9988196891633012,0.9919963140822099,0.6540968882355673,36,36,36.0,72.0,500,0.19395065610911655,-1.3710075314243851e-05,14.626510770733505,2.5581899094531897,1.3571031928215735,,,
R2,Seasonal,0.6600398954303149,0.8580136564700234,,36,36,36.0,72.0,500,0.0,0.0,10.647422442857026,7.2817210485475306,1.6776242458606017,,,
R3,Stationary_AR,0.007121060053030148,0.7813795573349703,,None,250,,,500,0.0,0.0,0.0,0.0,5.0,0.6530992392463852,,
R4,Trending_ExponentialGrowth,0.9975892167492055,0.4022484789293965,0.315723760392401,None,24,,,500,,,0.0,0.0,0.8923215384813712,,,
R1,Composite,0.9999176667096272,0.9986783646961434,0.974853219704064,12,12,12.0,24.0,500,0.3389945974751102,-1.1448988409700687e-05,16.825403859468572,7.649624267041528,0.588884092235211,,,
R2,Seasonal,0.7237831545044833,0.9853126617142561,,12,12,12.0,24.0,500,0.0,0.0,26.120009177899302,5.873934780624761,0.991345140816769,,,
R3,Stationary_WN,0.17542069019106632,0.12101579397497231,,None,3,,,500,0.0,0.0,0.0,0.0,10.750572999435375,,,
R4,Trending_ExponentialGrowth,0.9813483438422783,0.4273057927418614,0.3433286010826857,None,24,,,500,,,0.0,0.0,1.2852309001034439,,,
R1,Composite,0.9999491625414484,0.9993074699032449,0.9800407696050392,48,50,48.0,96.0,500,0.3589888651092844,4.629848151313084e-05,21.9851835136634,6.6626902234311185,0.5738522253797816,,,
R2,Seasonal,0.5289338067394664,0.9258307504424327,,48,50,48.0,96.0,500,0.0,0.0,10.531797526555508,4.0828968404899575,1.2231479469486257,,,
R3,Stationary_WN,0.0960400816959307,0.1200723838966592,,None,4,,,500,0.0,0.0,0.0,0.0,13.286948231926397,,,
R4,Trending_MeanShift,0.9998417155638772,0.9993492253003745,0.0,None,250,,,500,,,0.0,0.0,0.6728212761468191,,250.0,
R1,Composite,0.9998866068643054,0.9980727033213264,0.9283756902703671,12,12,12.0,24.0,500,-0.3683228793336212,1.6785041581889322e-05,17.80205143522908,5.475717567853495,0.8467880322669951,,,
R2,Seasonal,0.7306886049491199,0.9030838250830808,,12,12,12.0,24.0,500,0.0,0.0,13.548457207488125,8.65349769485676,1.3923604922154622,,,
R3,Stationary_AR,0.19095112830165228,0.3319196124281456,,None,24,,,500,0.0,0.0,0.0,0.0,5.0,0.658895164024912,,
R4,Trending_RandomWalkDrift,0.9997102343163988,0.6721500769723276,0.8545518635590966,None,24,,,500,,,0.0,0.0,0.7508359715816503,,,0.2441091639941021
R1,Composite,0.9977243375680223,0.9952445257496232,0.8929044869381813,24,24,24.0,48.0,500,-0.10318192487582951,3.3580998438552315e-05,12.07441854369394,4.2221635054170354,1.0288050622244596,,,
R2,Seasonal,0.6714299636972886,0.9049167906049007,,24,24,24.0,48.0,500,0.0,0.0,12.6269741893781,7.344181549590206,1.475102292809424,,,
R3,Stationary_AR,0.06856497713147436,0.3233215077924063,,None,56,,,500,0.0,0.0,0.0,0.0,5.0,0.6565011306763537,,
R4,Trending_RandomWalkDrift,0.9988537980390088,0.8927180863680317,0.6850434631241986,None,250,,,500,,,0.0,0.0,1.2967877108087908,,,-0.4896013796994271
R1,Composite,0.9997159983735188,0.9986637239131395,0.9439321315107279,12,12,12.0,24.0,500,-0.27867998809689265,4.5385071353946054e-05,24.29888786808687,7.333672536653696,0.7365605834980661,,,
R2,Seasonal,0.7370558649751564,0.8447661557462349,,12,12,12.0,24.0,500,0.0,0.0,14.253307175141515,11.773901881078503,1.6441019184283323,,,
R3,Stationary_WN,0.05895626718361635,0.3116289029312864,,None,15,,,500,0.0,0.0,0.0,0.0,7.634004983661353,,,
R4,Trending_MeanShift,0.9998541786960102,0.9994168834408245,0.0,None,250,,,500,,,0.0,0.0,0.7420102336618809,,250.0,
R1,Composite,0.9996412439081755,0.9900117437799952,0.9052676690996172,48,50,48.0,96.0,500,-0.3325966578659304,-1.7326103963245354e-05,13.719348194765432,6.56833457576808,1.3489152391645374,,,
R2,Seasonal,0.03192378862050127,0.9625097439222835,,48,100,48.0,96.0,500,0.0,0.0,10.245390973180799,8.535026931434585,1.4370300310872957,,,
R3,Stationary_WN,0.1396344968270572,0.1875349967988642,,None,6,,,500,0.0,0.0,0.0,0.0,8.870504370797981,,,
R4,Trending_RandomWalkDrift,0.9915791415334422,0.8883583889788151,0.0,None,250,,,500,,,0.0,0.0,1.3388647431870453,,,0.14046710467642554
R1,Composite,0.9999030893711887,0.9970358210841211,0.9519393104936925,48,50,48.0,96.0,500,-0.28698156567732436,-1.0749202410910922e-05,11.037128554004562,4.400860164889637,0.6047590978931457,,,
R2,Seasonal,0.5940533289033338,0.9807669342105527,,48,50,48.0,96.0,500,0.0,0.0,23.321919201571507,5.002681906830419,0.5294211503490822,,,
R3,Stationary_WN,0.10449454376821055,0.11794558032242031,,None,3,,,500,0.0,0.0,0.0,0.0,9.498041194466015,,,
R4,Trending_RandomWalkDrift,0.999638486268434,0.563652461977086,0.8415896491766921,None,24,,,500,,,0.0,0.0,1.2396678115793085,,,0.34404554714300106
R1,Composite,0.9996810074202453,0.9993284706551653,0.9821206248346198,24,24,24.0,48.0,500,0.15010387407821382,-3.199314180652428e-05,18.841025848125994,6.844255677732589,0.5370600343948779,,,
R2,Seasonal,0.6745396167429214,0.8818150820114019,,24,24,24.0,48.0,500,0.0,0.0,16.675884564895448,10.55707827734518,1.8675931994516253,,,
R3,Stationary_WN,0.25818835089713477,0.23665134057375292,,None,4,,,500,0.0,0.0,0.0,0.0,11.22344550584117,,,
R4,Trending_ExponentialGrowth,0.9964787171646604,0.4019973563694331,0.32625936762701424,None,24,,,500,,,0.0,0.0,1.385590287414444,,,
R1,Composite,0.9993327353454565,0.9927880425753388,0.8853009487369976,24,24,24.0,48.0,500,0.234821193097523,-1.58443628323236e-05,13.919489660689006,5.813290735632215,1.2386849909420379,,,
R2,Seasonal,0.700866757515792,0.9342335655041789,,24,24,24.0,48.0,500,0.0,0.0,23.115255256971103,11.417839453552881,1.1693063610756984,,,
R3,Stationary_WN,0.1033591100198995,0.2224674794250554,,None,9,,,500,0.0,0.0,0.0,0.0,6.616869974710086,,,
R4,Trending_ExponentialGrowth,0.990259293335111,0.3993346165923579,0.41837665401106783,None,24,,,500,,,0.0,0.0,1.4045040354859941,,,
R1,Composite,0.9999048743748411,0.9989891406338737,0.9846570081402288,48,50,48.0,96.0,500,0.25903052561228923,-3.9899670512569525e-05,15.641921751856653,6.621807830080938,0.544402564305877,,,
R2,Seasonal,0.6735610366574765,0.922008541781943,,48,50,48.0,96.0,500,0.0,0.0,16.8274671669228,8.497118559423164,0.5113560893703135,,,
R3,Stationary_AR,0.3333954761796192,0.29264948434887195,,None,20,,,500,0.0,0.0,0.0,0.0,5.0,0.6998915619579718,,
R4,Trending_RandomWalkDrift,0.9981106775857164,0.9378406837157524,0.5604886005509699,None,250,,,500,,,0.0,0.0,1.4528477679256915,,,-0.3380540623693341
R1,Composite,0.9986080602478479,0.9940500247088659,0.6986564784081648,24,24,24.0,48.0,500,-0.131612091275502,-1.0933519864739276e-05,13.13196512408484,2.3021619014346495,1.1032498466876322,,,
R2,Seasonal,0.7078469435460744,0.9559401828764718,,24,24,24.0,48.0,500,0.0,0.0,21.301678369511844,8.636411970376155,0.7173200104476166,,,
R3,Stationary_WN,0.12050238386159673,0.2641267981413782,,None,8,,,500,0.0,0.0,0.0,0.0,8.316345283647626,,,
R4,Trending_RandomWalkDrift,0.998674527619879,0.8497565056892036,0.6257082699680372,None,167,,,500,,,0.0,0.0,0.7657022082522134,,,0.41878253427111245
R1,Composite,0.9998516569478156,0.9976465213602375,0.7921329491118314,24,24,24.0,48.0,500,0.264778228261743,4.35861051646718e-05,14.671496236898232,2.254073215358293,0.7222442170790938,,,
R2,Seasonal,0.6519702840273778,0.9729390765686585,,24,24,24.0,48.0,500,0.0,0.0,24.97898936670453,6.914183281781903,1.6135218510664298,,,
R3,Stationary_WN,0.1501109225612125,0.11374583737283939,,None,3,,,500,0.0,0.0,0.0,0.0,6.468919467329025,,,
R4,Trending_MeanShift,0.9999299773707763,0.9997205938750598,0.08371179523378425,None,250,,,500,,,0.0,0.0,1.3791593987458644,,250.0,
R1,Composite,0.9998542866488134,0.9995658526090185,0.9564681485247509,36,36,36.0,72.0,500,0.22013518992773018,-2.0364189938807724e-05,24.790757552334494,4.566365321396942,0.5391164371413086,,,
R2,Seasonal,0.6005128425461896,0.9777588764958147,,36,36,36.0,72.0,500,0.0,0.0,28.17025958385754,6.524380101667383,1.8045463142500955,,,
R3,Stationary_WN,0.21358145476289403,0.23492868144523427,,None,5,,,500,0.0,0.0,0.0,0.0,8.51219749443677,,,
R4,Trending_RandomWalkDrift,0.9970033976497273,0.8871950862264941,0.0,None,250,,,500,,,0.0,0.0,1.053821632709612,,,0.32721120948593874
R1,Composite,0.9992233565367166,0.994376953401758,0.928273498429813,48,50,48.0,96.0,500,-0.15450463736143155,-4.283904297160871e-05,13.488038836380177,5.672299280338549,0.9819048725307256,,,
R2,Seasonal,0.65634938770122,0.9638851412181583,,48,50,48.0,96.0,500,0.0,0.0,24.92434684597478,8.15316121120877,0.521729180948299,,,
R3,Stationary_AR,0.10256914283192309,0.34745799936239896,,None,71,,,500,0.0,0.0,0.0,0.0,5.0,0.6801356645337601,,
R4,Trending_ExponentialGrowth,0.9888839952103387,0.41120871265919146,0.3011669084034627,None,24,,,500,,,0.0,0.0,0.9498035693697654,,,
R1,Composite,0.9996838239593854,0.9970286688742624,0.8902930665026223,24,24,24.0,48.0,500,-0.23061689623077805,-2.2645385010439136e-05,15.873757373414708,4.608643796445098,0.8683564432005036,,,
R2,Seasonal,0.6952408110991555,0.9653581444644861,,24,24,24.0,48.0,500,0.0,0.0,19.9824087918312,6.944071442332521,0.9134315306517482,,,
R3,Stationary_AR,0.0132566678038879,0.6627527175017238,,None,167,,,500,0.0,0.0,0.0,0.0,5.0,0.6561552912554147,,
R4,Trending_RandomWalkDrift,0.9997513213324284,0.5354828634842199,0.8317668907335718,None,24,,,500,,,0.0,0.0,1.4067657490588061,,,0.2484113170942905
R1,Composite,0.9991601511981228,0.999004687088273,0.880708517347861,12,12,12.0,24.0,500,0.10487555364932366,2.234207882253663e-05,21.686584690915147,3.6204212895189354,0.7116112523661073,,,
R2,Seasonal,0.7486334160769874,0.9627203846605848,,12,12,12.0,24.0,500,0.0,0.0,21.085854847756224,8.224908342180797,0.6229062368098873,,,
R3,Stationary_AR,0.11626952068964325,0.30104089310461724,,None,28,,,500,0.0,0.0,0.0,0.0,5.0,0.45894031366486515,,
R4,Trending_ExponentialGrowth,0.9835406315634752,0.41859919384222444,0.36431548973863226,None,24,,,500,,,0.0,0.0,1.3278256619433768,,,
R1,Composite,0.999321529874525,0.9865201170730274,0.8831608006961956,12,12,12.0,24.0,500,-0.2439789607536621,2.484889418460958e-05,10.40506167284233,6.408278390552649,1.3740563973558335,,,
R2,Seasonal,0.5954487132204844,0.9551920231983264,,12,12,12.0,24.0,500,0.0,0.0,13.297788999291702,4.107905355493462,1.4381334020839232,,,
R3,Stationary_AR,0.1261258440030676,0.27590326377701024,,None,29,,,500,0.0,0.0,0.0,0.0,5.0,0.6267978197197872,,
R4,Trending_MeanShift,0.9994981394055271,0.9980537734542178,0.0,None,250,,,500,,,0.0,0.0,0.5469424026995204,,250.0,
R1,Composite,0.999577707747957,0.9827337299030178,0.8988991626932011,48,50,48.0,96.0,500,-0.2774137398693646,-4.22562334666947e-05,9.50809902322579,6.125316027699408,1.301434026332637,,,
R2,Seasonal,0.6648829641892574,0.887751633500594,,48,50,48.0,96.0,500,0.0,0.0,16.3950883835792,10.034532931843167,1.5043330641871122,,,
R3,Stationary_AR,0.17812848253089186,0.3732581583223096,,None,38,,,500,0.0,0.0,0.0,0.0,5.0,0.6006145758941726,,
R4,Trending_RandomWalkDrift,0.9970047662528037,0.8395765009124945,0.0,None,250,,,500,,,0.0,0.0,0.6244070575917744,,,0.4697145082295192
R1,Composite,0.997423027019072,0.9834891764691421,0.6109573264562431,36,36,36.0,72.0,500,-0.13816001870915226,2.8987620743524777e-05,9.819902865793775,2.0093857030323945,1.2371448933487175,,,
R2,Seasonal,0.7172329646580846,0.9319876332069368,,36,36,36.0,72.0,500,0.0,0.0,22.36893057589188,11.467637502306722,0.6871795100120077,,,
R3,Stationary_AR,0.011732545077075995,0.32983176610633735,,None,100,,,500,0.0,0.0,0.0,0.0,5.0,0.47210778894177047,,
R4,Trending_ExponentialGrowth,0.9985034203194408,0.4352340286441807,0.40913988382403976,None,24,,,500,,,0.0,0.0,1.408420411355928,,,
R1,Composite,0.9997363468340911,0.9978009601527017,0.7997932065362431,48,50,48.0,96.0,500,-0.3635539624565318,3.957915471573673e-05,24.931080213610315,2.4120335518450586,0.9993675068481062,,,
R2,Seasonal,0.6383265321149003,0.9412042668329439,,48,50,48.0,96.0,500,0.0,0.0,27.805788894264975,11.440331673027313,1.6693338181390942,,,
R3,Stationary_WN,0.00912218362057804,0.2574522682749255,,None,83,,,500,0.0,0.0,0.0,0.0,9.114120334824916,,,
R4,Trending_MeanShift,0.999984284149857,0.9999371661045316,0.0,None,250,,,500,,,0.0,0.0,0.5147473793750725,,250.0,
R1,Composite,0.9993976621879026,0.9771223027959339,0.5541578014912902,12,12,12.0,24.0,500,-0.2764834277935545,-2.2049948284882413e-05,9.370072858305162,2.0366759026056105,1.3928447543029407,,,
R2,Seasonal,0.7521761133742912,0.9063955694096322,,12,12,12.0,24.0,500,0.0,0.0,17.749229697601344,11.369550159206847,0.7860801299753382,,,
R3,Stationary_WN,0.12822139027400736,0.14790009236649304,,None,3,,,500,0.0,0.0,0.0,0.0,5.470037890027262,,,
R4,Trending_MeanShift,0.9998674596617949,0.9994579253749102,0.0,None,250,,,500,,,0.0,0.0,0.7134547876484031,,250.0,
R1,Composite,0.9997913687294663,0.9976874648946131,0.7377304800395834,12,12,12.0,24.0,500,0.32399683982574834,4.2458560263326745e-05,21.17722411026339,3.1599482680238746,1.0182766638123,,,
R2,Seasonal,0.7518861535586224,0.8763243422860106,,12,12,12.0,24.0,500,0.0,0.0,10.780953137222419,8.100916399528236,0.5741924280588664,,,
R3,Stationary_AR,0.02752789685280943,0.26853817668059654,,None,36,,,500,0.0,0.0,0.0,0.0,5.0,0.4908162872334433,,
R4,Trending_MeanShift,0.9999577704331495,0.9998315178227496,0.055525025008312134,None,250,,,500,,,0.0,0.0,1.0340122565173502,,250.0,
R1,Composite,0.9991258927642939,0.9969257544491605,0.8253033207001808,24,24,24.0,48.0,500,-0.20801526112250793,-3.011411364707844e-05,24.161498922168832,5.085235397606901,1.375299182630108,,,
R2,Seasonal,0.6693799885711011,0.8928282120520331,,24,24,24.0,48.0,500,0.0,0.0,10.50223682131425,6.232065704987136,1.2527085844620784,,,
R3,Stationary_AR,0.05365284027985673,0.2461728456721577,,None,31,,,500,0.0,0.0,0.0,0.0,5.0,0.42206786826280684,,
R4,Trending_ExponentialGrowth,0.9977061261473826,0.37678720745945615,0.35720991894380183,None,24,,,500,,,0.0,0.0,1.0608039378902792,,,
R1,Composite,0.9997811598132573,0.9953531642335295,0.8995867405511669,12,12,12.0,24.0,500,-0.39327618777119866,4.908230638139837e-05,16.374073354980787,6.51525022195124,1.1775882312745247,,,
R2,Seasonal,0.7527821298973806,0.9673131359808332,,12,12,12.0,24.0,500,0.0,0.0,26.213195331870825,9.68773194563213,0.5996446891260251,,,
R3,Stationary_WN,0.13761231754761627,0.22080582206937216,,None,6,,,500,0.0,0.0,0.0,0.0,7.329267565872346,,,
R4,Trending_ExponentialGrowth,0.9994228440283612,0.4461705455127799,0.3940520454939762,None,24,,,500,,,0.0,0.0,1.1168415702315198,,,
R1,Composite,0.9997059906152457,0.9858585383790244,0.8903850321217022,48,50,48.0,96.0,500,0.3003550474081558,3.254835660398846e-05,9.512593690910819,5.563069258241082,1.087723432237987,,,
R2,Seasonal,0.6619986536535625,0.9454184286002011,,48,50,48.0,96.0,500,0.0,0.0,27.719334395269453,11.388248089732134,1.1672247357358962,,,
R3,Stationary_WN,0.008639585797989624,0.21943812459098044,,None,45,,,500,0.0,0.0,0.0,0.0,5.240259823826111,,,
R4,Trending_ExponentialGrowth,0.9831845585661584,0.32928164632819024,0.2802410909213392,None,24,,,500,,,0.0,0.0,0.9968356279445421,,,
R1,Composite,0.999912718081634,0.9967527432338299,0.9613555422441971,24,24,24.0,48.0,500,0.35344240422180884,-1.4651348914038694e-05,11.283753526611559,6.165160748040524,0.733165060033023,,,
R2,Seasonal,0.6864125211230234,0.8936720222104367,,24,24,24.0,48.0,500,0.0,0.0,19.075672150464207,11.967076066188515,1.9597915396784353,,,
R3,Stationary_WN,0.0398925045033387,0.08446486785338503,,None,7,,,500,0.0,0.0,0.0,0.0,10.003103738643329,,,
R4,Trending_MeanShift,0.9990197106146149,0.9962836856484373,0.0,None,250,,,500,,,0.0,0.0,1.013752602990245,,250.0,
R1,Composite,0.9959302257960169,0.9856030859719775,0.8336788481662349,36,36,36.0,72.0,500,0.11570092676119625,-1.3722962664254808e-05,11.643575588194427,5.79126097666897,1.4953529190182202,,,
R2,Seasonal,0.685171723984819,0.9100917385202527,,36,36,36.0,72.0,500,0.0,0.0,10.143300110255515,5.720117411415815,1.0490161901528456,,,
R3,Stationary_AR,0.11998896908276913,0.2681426324027273,,None,36,,,500,0.0,0.0,0.0,0.0,5.0,0.5925094780079072,,
R4,Trending_ExponentialGrowth,0.9969147321565658,0.38291525303017415,0.32394118946003836,None,24,,,500,,,0.0,0.0,1.2419594688560611,,,
R1,Composite,0.9999125758763655,0.9956072131427908,0.9498705312086985,36,36,36.0,72.0,500,0.3990811398344858,3.2341578564720304e-05,11.867876203335305,6.365387694313422,0.9341800307737744,,,
R2,Seasonal,0.6758015885057487,0.9791350174385609,,36,36,36.0,72.0,500,0.0,0.0,26.2094644958055,6.6947412966132696,1.408599012243192,,,
R3,Stationary_AR,0.07206648953829287,0.1512545196453795,,None,28,,,500,0.0,0.0,0.0,0.0,5.0,0.4622494102009264,,
R4,Trending_ExponentialGrowth,0.9990546594423112,0.39411688879971307,0.27751502062340827,None,24,,,500,,,0.0,0.0,1.472054394163242,,,
R1,Composite,0.9951674910324179,0.994507256904672,0.8303210402153073,48,50,48.0,96.0,500,-0.13924816594926764,3.0164399279802348e-05,24.600021042347404,4.5005008290421955,1.407493197479572,,,
R2,Seasonal,0.6665130311063415,0.9414305058984699,,48,50,48.0,96.0,500,0.0,0.0,16.80338593057384,7.226771908423025,0.533307217566312,,,
R3,Stationary_WN,0.15963619006839813,0.09939531482099473,,None,3,,,500,0.0,0.0,0.0,0.0,6.974316799100038,,,
R4,Trending_ExponentialGrowth,0.9988072132667516,0.4173159735650316,0.39977055396845007,None,24,,,500,,,0.0,0.0,1.2347081441429169,,,
R1,Composite,0.9998913036152859,0.9993362570508173,0.9588844267411422,12,12,12.0,24.0,500,0.26253872280413615,-1.0886471181492095e-05,21.137803575199882,5.297091073363853,0.5881553626500511,,,
R2,Seasonal,0.6969952961970735,0.9785988031246291,,12,12,12.0,24.0,500,0.0,0.0,21.478323211500786,5.398049985165826,1.3737551873733587,,,
R3,Stationary_AR,0.12071358675553912,0.2573262575387383,,None,31,,,500,0.0,0.0,0.0,0.0,5.0,0.48660290092418507,,
R4,Trending_MeanShift,0.9998973775451382,0.9995883085402607,0.0,None,250,,,500,,,0.0,0.0,1.0884151804144588,,250.0,
R1,Composite,0.9998004736252979,0.9989368433393464,0.9307264919692082,36,36,36.0,72.0,500,0.23380307571958814,2.7012273664090505e-05,21.721971909139953,4.859587369493382,0.7607197053965792,,,
R2,Seasonal,0.705183576772567,0.9861442746521406,,36,36,36.0,72.0,500,0.0,0.0,29.913524317324153,6.541007522817532,0.8595377022754394,,,
R3,Stationary_WN,0.14603835007618315,0.11229596082743742,,None,3,,,500,0.0,0.0,0.0,0.0,10.878261479896269,,,
R4,Trending_MeanShift,0.9989531321623031,0.9958346898040171,0.0,None,250,,,500,,,0.0,0.0,0.6280812976872069,,250.0,
R1,Composite,0.9995240760054093,0.9975410489937074,0.7379485216894173,36,36,36.0,72.0,500,-0.23910405643914268,-3.7563759087604344e-05,23.18809587389827,3.122926303634357,1.1578758574768298,,,
R2,Seasonal,0.7013006179247302,0.9829445806229428,,36,36,36.0,72.0,500,0.0,0.0,18.35533472730628,4.461292748321286,0.5889694293671173,,,
R3,Stationary_WN,0.14495442496491606,0.18950526399385725,,None,4,,,500,0.0,0.0,0.0,0.0,8.510017980717592,,,
R4,Trending_MeanShift,0.9997650171663558,0.999071202044237,0.0,None,250,,,500,,,0.0,0.0,1.4472259734880102,,250.0,
R1,Composite,0.9995670079426004,0.9929228612576914,0.8970620938763132,48,50,48.0,96.0,500,0.2436766136379178,4.949146142663719e-05,14.266253153317725,5.402090523163642,0.9730045400231637,,,
R2,Seasonal,0.6509676320811544,0.9291965957038378,,48,50,48.0,96.0,500,0.0,0.0,22.977005793503864,10.53229822486161,1.6466718483434122,,,
R3,Stationary_AR,0.004965064453375523,0.2619473112767967,,None,100,,,500,0.0,0.0,0.0,0.0,5.0,0.5678041108209001,,
R4,Trending_ExponentialGrowth,0.9934017046388747,0.44479537081230636,0.40713799068941947,None,24,,,500,,,0.0,0.0,0.9397657514412229,,,
R1,Composite,0.9999435084402102,0.9972474532799578,0.9678935018591943,12,12,12.0,24.0,500,-0.31974312751974676,-2.5066082462956697e-05,9.714452429458186,5.5962805420183255,0.5368674837699666,,,
R2,Seasonal,0.7371025776886495,0.992036092554484,,12,12,12.0,24.0,500,0.0,0.0,27.598089953566134,4.757843128690248,0.5837510160844287,,,
R3,Stationary_WN,0.026568063359490024,0.2033702569144883,,None,11,,,500,0.0,0.0,0.0,0.0,10.743674591311372,,,
R4,Trending_RandomWalkDrift,0.9995643737903716,0.7069111348576107,0.9117894237970894,None,24,,,500,,,0.0,0.0,0.8794214929154411,,,-0.31370343739251016
R1,Composite,0.9997292895978869,0.9957179581264857,0.6850348292386563,12,12,12.0,24.0,500,0.3477342097164685,-2.5111254977979307e-05,17.358545287420604,2.813794509415065,1.2064305907825983,,,
R2,Seasonal,0.7339193211580626,0.9842714710870696,,12,12,12.0,24.0,500,0.0,0.0,21.25042843478616,5.12766749578626,0.7669010954339761,,,
R3,Stationary_AR,0.18818870078248562,0.2793774906884423,,None,14,,,500,0.0,0.0,0.0,0.0,5.0,0.5075637597475554,,
R4,Trending_RandomWalkDrift,0.99830764773319,0.6547011584288704,0.893215748429106,None,24,,,500,,,0.0,0.0,1.0944459199431968,,,-0.3235341156544761
R1,Composite,0.9994531002826516,0.9944739831710829,0.8893244897808774,24,24,24.0,48.0,500,-0.16815885794792093,-3.70338859640113e-05,11.717477761386327,4.3473471047002565,1.0486431808249999,,,
R2,Seasonal,0.6666521655863673,0.9709743204150886,,24,24,24.0,48.0,500,0.0,0.0,26.945193949836405,8.11615202880034,1.606696538958597,,,
R3,Stationary_AR,0.23059238177471908,0.26288114008796215,,None,8,,,500,0.0,0.0,0.0,0.0,5.0,0.4333147518385238,,
R4,Trending_RandomWalkDrift,0.999823782693459,0.7975975252945509,0.9304450032369128,None,24,,,500,,,0.0,0.0,0.7945004555761085,,,-0.3362233315068893
R1,Composite,0.9997963915613741,0.9983165999395199,0.9225914179961745,36,36,36.0,72.0,500,0.2600443774350185,-2.6974034031263887e-05,17.432160684625053,4.5504879424665345,0.7425656725219696,,,
R2,Seasonal,0.6847186799587608,0.9266433485958159,,36,36,36.0,72.0,500,0.0,0.0,18.170303449785514,8.936373153967256,1.5077632905961094,,,
R3,Stationary_WN,0.1422398576240994,0.17437982732472468,,None,4,,,500,0.0,0.0,0.0,0.0,14.151369204471214,,,
R4,Trending_RandomWalkDrift,0.9993668873327362,0.7422718632566558,0.8775869625349609,None,24,,,500,,,0.0,0.0,1.233853005194677,,,0.33673490078807
R1,Composite,0.999736839347576,0.990112361411977,0.8501703708027212,24,24,24.0,48.0,500,-0.3028536469236366,-1.9250854895044838e-05,10.103062685485767,4.161804519964325,1.076966773593667,,,
R2,Seasonal,0.6803288595415182,0.8626084136874166,,24,24,24.0,48.0,500,0.0,0.0,13.678203243419718,9.845725510530123,1.6942334735371052,,,
R3,Stationary_AR,0.0021664844385144155,0.861337512038638,,None,250,,,500,0.0,0.0,0.0,0.0,5.0,0.47884998775350024,,
R4,Trending_ExponentialGrowth,0.9988798728890305,0.3659953632043468,0.34485142402587987,None,24,,,500,,,0.0,0.0,0.644327630410714,,,
R1,Composite,0.999712772514593,0.9971286602604102,0.8176531128295813,12,12,12.0,24.0,500,-0.35418243711035924,3.346185696585799e-05,21.74650968584941,4.727311388477198,1.1209276497674832,,,
R2,Seasonal,0.7013476071224535,0.9045431517940385,,12,12,12.0,24.0,500,0.0,0.0,10.303966415382567,6.006069283242659,1.419924076322834,,,
R3,Stationary_WN,0.16879095610885186,0.17448906689127797,,None,4,,,500,0.0,0.0,0.0,0.0,9.071844843722046,,,
R4,Trending_RandomWalkDrift,0.9793655878812532,0.7763782857834481,0.0,None,250,,,500,,,0.0,0.0,0.607368203443428,,,0.3252775348070672
R1,Composite,0.9995362482340515,0.998201657781646,0.8438911399195648,12,12,12.0,24.0,500,0.11489992505694437,2.2777543253241704e-05,12.969565670152782,2.4815620522459456,0.6033828787971269,,,
R2,Seasonal,0.734350678965037,0.9430330637329285,,12,12,12.0,24.0,500,0.0,0.0,24.28397550580877,11.45056025788508,1.7536789852775523,,,
R3,Stationary_WN,0.0755843014373,0.20871885405826274,,None,8,,,500,0.0,0.0,0.0,0.0,9.33006528135773,,,
R4,Trending_ExponentialGrowth,0.9953101134793952,0.40232255435517406,0.3393397595133758,None,24,,,500,,,0.0,0.0,1.1383321393546297,,,
R1,Composite,0.9998944995244392,0.9931727951778399,0.8639559050890636,48,50,48.0,96.0,500,0.35416260652197906,2.274554631445336e-05,9.532239532771516,2.955307515395912,0.7777870358335046,,,
R2,Seasonal,0.6501884774953988,0.9337922281909086,,48,50,48.0,96.0,500,0.0,0.0,24.75494221365886,11.119444775796149,1.4377915216382937,,,
R3,Stationary_AR,0.1643441944213866,0.32216776991125684,,None,22,,,500,0.0,0.0,0.0,0.0,5.0,0.42066682931093563,,
R4,Trending_MeanShift,0.9998319733109452,0.9993077092072424,0.0,None,250,,,500,,,0.0,0.0,0.783913595086414,,250.0,
R1,Composite,0.9998467063546145,0.9984177206322843,0.9781735811285434,36,36,36.0,72.0,500,0.2403681698874989,1.3922509337459108e-05,15.704306273065706,7.771701342262838,0.7483075058275106,,,
R2,Seasonal,0.566146223259163,0.9494764041284883,,36,36,36.0,72.0,500,0.0,0.0,14.396452027234613,4.369388987530443,1.7698858326891393,,,
R3,Stationary_AR,0.07985329206669312,0.4183312797860973,,None,71,,,500,0.0,0.0,0.0,0.0,5.0,0.6672520627862002,,
R4,Trending_MeanShift,0.9992044111088128,0.9968882103209996,0.0,None,250,,,500,,,0.0,0.0,1.147320466881816,,250.0,
R1,Composite,0.9990951288951909,0.9982887480980795,0.9709771139243742,36,36,36.0,72.0,500,0.11175937959600257,-2.7780946562579276e-05,14.535126655193043,6.6472674382493455,0.6840219175712371,,,
R2,Seasonal,0.6745756369602016,0.9562311619890579,,36,36,36.0,72.0,500,0.0,0.0,22.083036589864736,8.179193174993033,1.562179708633575,,,
R3,Stationary_WN,0.2754242847567431,0.12168884884149678,,None,2,,,500,0.0,0.0,0.0,0.0,12.361727728533705,,,
R4,Trending_ExponentialGrowth,0.9889071685764113,0.28455532960232155,0.3059781090070339,None,24,,,500,,,0.0,0.0,1.2077926543738995,,,
R1,Composite,0.9999425783688188,0.9994219311444927,0.9768050111961745,24,24,24.0,48.0,500,-0.3489204556428137,-3.154448033511273e-05,23.106673959590168,6.83610241047162,0.5922205938492485,,,
R2,Seasonal,0.6387282102344543,0.9724309503320395,,24,24,24.0,48.0,500,0.0,0.0,18.81593445757647,5.205425734129476,1.3270135024031076,,,
R3,Stationary_WN,0.08063920119077539,0.20542821047833615,,None,11,,,500,0.0,0.0,0.0,0.0,10.769335622747292,,,
R4,Trending_ExponentialGrowth,0.9986585990308312,0.30026232674345865,0.34097552377530715,None,24,,,500,,,0.0,0.0,0.5413724351385216,,,
R1,Composite,0.9991173422114676,0.9925628554607268,0.8559725223295144,48,50,48.0,96.0,500,0.2261461082664703,-4.059143537029771e-05,15.069112524991096,4.822257699934216,1.288694992094678,,,
R2,Seasonal,0.5732700015828129,0.9747768531962004,,48,50,48.0,96.0,500,0.0,0.0,28.222231308838833,6.657896448208177,1.2162695153163436,,,
R3,Stationary_WN,0.05705325513032544,0.28941656003683836,,None,29,,,500,0.0,0.0,0.0,0.0,14.649067240437173,,,
R4,Trending_ExponentialGrowth,0.998152498859638,0.3487197802876367,0.35206828125598255,None,24,,,500,,,0.0,0.0,1.0392830333880823,,,
R1,Composite,0.9980225054036045,0.9936923324013075,0.8682072261199076,48,50,48.0,96.0,500,0.2132493689591392,-2.9023264594346233e-05,24.895905742253266,4.902382695494292,1.4654825396847104,,,
R2,Seasonal,0.6322418371270262,0.9308347100404533,,48,50,48.0,96.0,500,0.0,0.0,15.356975240359015,6.7449237964316655,1.0862223620037088,,,
R3,Stationary_WN,0.17734408372650157,0.1926492313626177,,None,3,,,500,0.0,0.0,0.0,0.0,9.92585990395859,,,
R4,Trending_RandomWalkDrift,0.9994852145448733,0.7314511088017674,0.8599015218755914,None,24,,,500,,,0.0,0.0,0.7269022271696746,,,-0.2450188400710197
R1,Composite,0.9996303781146977,0.998836795103584,0.93780192236781,24,24,24.0,48.0,500,-0.15935964565664412,-3.5279162008740176e-05,20.091243589380397,4.858224513428244,0.7935326803535713,,,
R2,Seasonal,0.7072446459975417,0.9013720606126047,,24,24,24.0,48.0,500,0.0,0.0,17.511763597717994,11.02609083131025,0.7139318696810123,,,
R3,Stationary_AR,0.061902685780094946,0.3562652929421094,,None,45,,,500,0.0,0.0,0.0,0.0,5.0,0.6246056564022093,,
R4,Trending_MeanShift,0.9998900989367218,0.9995567704363933,0.0,None,250,,,500,,,0.0,0.0,0.5457351774982222,,250.0,
R1,Composite,0.9998413854058751,0.9959914140148937,0.9345684651238986,36,36,36.0,72.0,500,-0.3232654766652518,-1.3747677527794924e-05,13.427132938606054,5.997616644351547,0.9091945686987957,,,
R2,Seasonal,0.6856662278958539,0.9486604330926095,,36,36,36.0,72.0,500,0.0,0.0,20.28243399921151,8.302063151580892,1.2800190020904836,,,
R3,Stationary_WN,0.12112306045240018,0.15989513778743458,,None,3,,,500,0.0,0.0,0.0,0.0,14.704026614733305,,,
R4,Trending_RandomWalkDrift,0.9949333650455993,0.7960069850290331,0.8786695550681097,None,24,,,500,,,0.0,0.0,1.1976461416012196,,,-0.15382529598324948
R1,Composite,0.9999130076927092,0.9991767893205808,0.9530299899081716,12,12,12.0,24.0,500,-0.2758562460031174,-4.973112889979992e-05,19.95662834301924,5.205027682534958,0.559423831391666,,,
R2,Seasonal,0.04736575962542677,0.9859383072891932,,12,24,12.0,24.0,500,0.0,0.0,10.995711033882907,11.618505225819302,1.6033313142033245,,,
R3,Stationary_AR,0.09571361227783437,0.3963328960255448,,None,83,,,500,0.0,0.0,0.0,0.0,5.0,0.5195625182644996,,
R4,Trending_ExponentialGrowth,0.9996984687833844,0.38897976909253884,0.3947603408895366,None,24,,,500,,,0.0,0.0,0.6099112716390016,,,
R1,Composite,0.9994588980695353,0.9969409935231066,0.9220103152749308,36,36,36.0,72.0,500,-0.17822179563775375,-2.1181159474651054e-05,16.375711770715224,5.639327628093078,0.9555157251713402,,,
R2,Seasonal,0.7167097712104065,0.9479224243034668,,36,36,36.0,72.0,500,0.0,0.0,20.093283076258686,8.989000997254362,0.6355305665693707,,,
R3,Stationary_WN,0.1792816981379387,0.1116015135819115,,None,3,,,500,0.0,0.0,0.0,0.0,13.429190578390624,,,
R4,Trending_RandomWalkDrift,0.9963607015606089,0.9248615039298878,0.0,None,250,,,500,,,0.0,0.0,1.027920710727214,,,0.2918173036862465
R1,Composite,0.9993835993875592,0.9964610020039824,0.9262401901634978,12,12,12.0,24.0,500,-0.14256973110379917,-4.1419625754000196e-05,13.8744791988835,5.799861191750381,0.8550448263561592,,,
R2,Seasonal,0.719436035210171,0.9469988511765505,,12,12,12.0,24.0,500,0.0,0.0,19.10567339250251,8.153631510559642,1.5595932515879587,,,
R3,Stationary_AR,0.10481420086084337,0.3332724339502099,,None,50,,,500,0.0,0.0,0.0,0.0,5.0,0.5536051265974163,,
R4,Trending_MeanShift,0.998559336195722,0.9934734445484603,0.0,None,250,,,500,,,0.0,0.0,1.3893241017991294,,250.0,
R1,Composite,0.9999162559169336,0.9979940899253309,0.9671675744125576,12,12,12.0,24.0,500,-0.2743292156194039,-2.0416501531800006e-05,11.819582220685806,5.826133950017567,0.5619392676921545,,,
R2,Seasonal,0.07320205100997146,0.9887509340335462,,12,24,12.0,24.0,500,0.0,0.0,11.52892051909129,10.266503804910466,1.412213898450583,,,
R3,Stationary_WN,0.0921286806413597,0.17162879093673844,,None,6,,,500,0.0,0.0,0.0,0.0,5.429806269345285,,,
R4,Trending_ExponentialGrowth,0.9987017038429912,0.32744305837656074,0.3227351607500839,None,24,,,500,,,0.0,0.0,1.3970076536240699,,,
R1,Composite,0.9994677507175973,0.9807430612095104,0.6368294753146586,12,12,12.0,24.0,500,-0.22327657575408882,-4.882353869610879e-05,8.335030238896035,2.309370706630909,1.2106432323849272,,,
R2,Seasonal,0.7526416867022764,0.9062342605772963,,12,12,12.0,24.0,500,0.0,0.0,16.492302331957067,10.485256379661212,0.7795514698012129,,,
R3,Stationary_AR,0.0880497006171016,0.1918267253659932,,None,45,,,500,0.0,0.0,0.0,0.0,5.0,0.4449352176892497,,
R4,Trending_MeanShift,0.9946539234603534,0.9818592244492905,0.0,None,250,,,500,,,0.0,0.0,1.4447663083481692,,250.0,
R1,Composite,0.9989746058525922,0.9968671031368131,0.7728363015899847,36,36,36.0,72.0,500,-0.17537752503756168,2.20715560781766e-05,19.233645462664995,3.408968582137307,1.0408440989280043,,,
R2,Seasonal,0.6599000809967925,0.938269796980318,,36,36,36.0,72.0,500,0.0,0.0,15.166489820739846,6.788135116456179,1.6280156960256127,,,
R3,Stationary_WN,0.20817575773750419,0.14685464232921253,,None,4,,,500,0.0,0.0,0.0,0.0,12.536737899276586,,,
R4,Trending_ExponentialGrowth,0.9978658713480587,0.33957533866172096,0.31680320590092736,None,24,,,500,,,0.0,0.0,0.5969469659466982,,,
R1,Composite,0.9999294534034388,0.9987747070286545,0.9769684232367892,36,36,36.0,72.0,500,0.2762738150621288,3.529439367789081e-05,14.31666788386007,6.242038447711303,0.5310241740636751,,,
R2,Seasonal,0.6956179284549052,0.7967590081891506,,36,36,36.0,72.0,500,0.0,0.0,12.779123928974446,11.669300496106391,1.9066574034967003,,,
R3,Stationary_WN,0.05668405651160935,0.14998939240333342,,None,3,,,500,0.0,0.0,0.0,0.0,8.045504421565234,,,
R4,Trending_ExponentialGrowth,0.9949823623110087,0.3168082387263722,0.20669434937618114,None,24,,,500,,,0.0,0.0,0.8580735436721905,,,
R1,Composite,0.9997844814043005,0.9987960565791003,0.9849573010314691,48,50,48.0,96.0,500,0.14805820162448938,3.1895749070219676e-05,15.021850422945608,7.118174135385029,0.5405194352412505,,,
R2,Seasonal,0.6344156377457537,0.9502710510823087,,48,50,48.0,96.0,500,0.0,0.0,28.065950650665478,10.443464786874454,1.6562108074765964,,,
R3,Stationary_AR,0.06686221071919629,0.26553208554828156,,None,50,,,500,0.0,0.0,0.0,0.0,5.0,0.42219205345270056,,
R4,Trending_ExponentialGrowth,0.9997531828131562,0.3852873174873819,0.4098131013835533,None,24,,,500,,,0.0,0.0,0.8330659676138696,,,
R1,Composite,0.999839510991405,0.9989897423634347,0.9652750978846529,48,50,48.0,96.0,500,0.2305393208381625,3.998080452039206e-05,21.282032760816712,5.567566899900706,0.7285247733266187,,,
R2,Seasonal,0.66180835288477,0.9489875320332919,,48,50,48.0,96.0,500,0.0,0.0,20.832294954895254,8.278628781005196,0.7291400508459507,,,
R3,Stationary_WN,0.13418392586906458,0.10420129255428379,,None,3,,,500,0.0,0.0,0.0,0.0,9.960928016007614,,,
R4,Trending_ExponentialGrowth,0.9978623995063246,0.3674159952043228,0.426709123013261,None,24,,,500,,,0.0,0.0,0.8856395907720555,,,
R1,Composite,0.9988361106842422,0.9984986251193705,0.8303297535703831,24,24,24.0,48.0,500,0.14661585081822662,-4.273045914166094e-05,22.36065865882921,3.2806754930972937,0.8639878470083994,,,
R2,Seasonal,0.7011176890512203,0.9017680932514972,,24,24,24.0,48.0,500,0.0,0.0,19.153383755554756,11.937528987438606,1.3032434719603256,,,
R3,Stationary_AR,0.2507624518291852,0.33870805382863434,,None,21,,,500,0.0,0.0,0.0,0.0,5.0,0.6808702726982658,,
R4,Trending_ExponentialGrowth,0.9951240382203989,0.32838635123898574,0.10753104960784532,None,24,,,500,,,0.0,0.0,0.8365004596292038,,,
R1,Composite,0.9996191626696412,0.998005198940485,0.8947076558402371,24,24,24.0,48.0,500,-0.21101234094351906,-4.9134106343374225e-05,20.69299828502998,4.996216123108276,1.0145655809031178,,,
R2,Seasonal,0.6873143076931285,0.8025203543916101,,24,24,24.0,48.0,500,0.0,0.0,12.040864691499953,10.960287370448768,1.8142544643624177,,,
R3,Stationary_WN,0.09530016349040549,0.15281042217576302,,None,5,,,500,0.0,0.0,0.0,0.0,12.646154869258835,,,
R4,Trending_MeanShift,0.9998900357156212,0.9995590990680209,0.0,None,250,,,500,,,0.0,0.0,1.1155052001738124,,250.0,
R1,Composite,0.9981903124616576,0.968592549651703,0.6978328771150702,24,24,24.0,48.0,500,-0.16294313616338596,-2.0399860606708482e-05,8.166663459553789,3.7601663051009515,1.4530544494402344,,,
R2,Seasonal,0.6931434760372703,0.9512727388012105,,24,24,24.0,48.0,500,0.0,0.0,18.165053291068283,7.422724853859215,1.03122188299714,,,
R3,Stationary_AR,0.23289863263675592,0.29486341306530206,,None,13,,,500,0.0,0.0,0.0,0.0,5.0,0.4700649016669693,,
R4,Trending_RandomWalkDrift,0.9993249606379996,0.4660955631754238,0.8185735629914686,None,24,,,500,,,0.0,0.0,0.5770282120462965,,,-0.40302892713138305
R1,Composite,0.9987890567791199,0.993993116325353,0.8512632451772221,48,50,48.0,96.0,500,0.1720448608512597,-3.7946277748961585e-05,14.79703150132441,3.065672624703046,1.0738802356931503,,,
R2,Seasonal,0.01926127870431349,0.9863179165939921,,48,100,48.0,96.0,500,0.0,0.0,10.691589979337815,11.756050523582754,0.8326140042661756,,,
R3,Stationary_AR,0.2547815048823132,0.19744897845316278,,None,12,,,500,0.0,0.0,0.0,0.0,5.0,0.5401683780836456,,
R4,Trending_ExponentialGrowth,0.9902326288893832,0.3451400231148445,0.38843063320101257,None,24,,,500,,,0.0,0.0,0.7309418201209346,,,
R1,Composite,0.999593765815396,0.9995094691043024,0.9803330619285449,12,12,12.0,24.0,500,0.10673660145653491,3.356073918511837e-05,22.919120727526675,7.196739451703228,0.5006711876429045,,,
R2,Seasonal,0.7180351255390556,0.9835985841542002,,12,12,12.0,24.0,500,0.0,0.0,24.41347101603044,5.880876440889973,1.1660094473670264,,,
R3,Stationary_AR,0.23082874241040874,0.2067736061633756,,None,24,,,500,0.0,0.0,0.0,0.0,5.0,0.5310090350152846,,
R4,Trending_MeanShift,0.9990686968569742,0.9959390865356321,0.0,None,250,,,500,,,0.0,0.0,0.8728007154275995,,250.0,
R1,Composite,0.9997247155193578,0.9978320237023575,0.9479512899919458,12,12,12.0,24.0,500,-0.2526835474079188,4.021250802913578e-05,17.005446669831677,6.761808495767813,0.8542496871119465,,,
R2,Seasonal,0.6878141017071329,0.9828876766203484,,12,12,12.0,24.0,500,0.0,0.0,28.193073928767916,6.417851405149764,1.5980233064522213,,,
R3,Stationary_WN,0.09327835876666501,0.21427110157175444,,None,10,,,500,0.0,0.0,0.0,0.0,8.026190883338451,,,
R4,Trending_ExponentialGrowth,0.9988552811968516,0.3771211430296534,0.30138991478453525,None,24,,,500,,,0.0,0.0,0.6806474554933459,,,
R1,Composite,0.9998745427763598,0.9985455443606128,0.8019480380839044,36,36,36.0,72.0,500,0.3954790007840888,3.980508924837185e-05,24.90545118215125,3.389169862894162,0.987746454504388,,,
R2,Seasonal,0.7112148999689325,0.9420225672908261,,36,36,36.0,72.0,500,0.0,0.0,22.692782926869015,10.7332284583505,1.2076268036407267,,,
R3,Stationary_WN,0.18974559834878735,0.17230672468128427,,None,3,,,500,0.0,0.0,0.0,0.0,8.913590819742069,,,
R4,Trending_ExponentialGrowth,0.9978211210664247,0.4212413842976557,0.3254601205791635,None,24,,,500,,,0.0,0.0,1.353936810089524,,,
R1,Composite,0.9995647173408082,0.9958646028596779,0.8341069249682267,36,36,36.0,72.0,500,-0.2581720953926292,-2.788942063253979e-05,17.888371033814757,4.669024658355594,1.1931849924118414,,,
R2,Seasonal,0.7101444576749562,0.9169026197877295,,36,36,36.0,72.0,500,0.0,0.0,16.169162876975033,9.184752539980433,0.9064364127263538,,,
R3,Stationary_AR,0.16348090906074808,0.3169873065942552,,None,24,,,500,0.0,0.0,0.0,0.0,5.0,0.5685268500031663,,
R4,Trending_MeanShift,0.9996641690750471,0.9986279532308466,0.0,None,250,,,500,,,0.0,0.0,0.7842065496293328,,250.0,
R1,Composite,0.9996835549996708,0.9945201688358568,0.9756345881477063,36,36,36.0,72.0,500,0.1868062272001201,-2.5519598359780382e-05,8.40963351386472,7.569323095697894,0.73154116117932,,,
R2,Seasonal,0.7166677799926826,0.9774403230095745,,36,36,36.0,72.0,500,0.0,0.0,29.497050126885394,8.528852340015932,0.5289673866324298,,,
R3,Stationary_WN,0.086209008022198,0.288183560324883,,None,15,,,500,0.0,0.0,0.0,0.0,8.095382837469499,,,
R4,Trending_RandomWalkDrift,0.994739620826695,0.48735211105038956,0.7787351201556326,None,24,,,500,,,0.0,0.0,1.4141833523753853,,,-0.24835020951931297
R1,Composite,0.9994873685951631,0.9962356367269961,0.9496007332699286,24,24,24.0,48.0,500,-0.135350050827047,-1.7851647338224168e-05,10.618965335141022,5.365078702558295,0.6908871349131612,,,
R2,Seasonal,0.6853636334377373,0.984244692005257,,24,24,24.0,48.0,500,0.0,0.0,25.298191725946914,5.763336181524755,0.8289277967209439,,,
R3,Stationary_WN,0.025408167195445697,0.17999161469492464,,None,33,,,500,0.0,0.0,0.0,0.0,5.568398698758531,,,
R4,Trending_RandomWalkDrift,0.7344695163283139,0.3921485434313169,0.0,None,167,,,500,,,0.0,0.0,1.0245965490434141,,,-0.336293081990801
R1,Composite,0.9995399665453049,0.9836365311977386,0.9071699542752144,48,50,48.0,96.0,500,-0.31797229414422906,4.0433179565779276e-05,10.186325767359143,6.884884264001928,1.2837789627455072,,,
R2,Seasonal,0.49413252337620883,0.9333423615093138,,48,50,48.0,96.0,500,0.0,0.0,13.478277241442335,4.563970386958132,1.8378314110782938,,,
R3,Stationary_AR,0.26660186354034066,0.29255341211186714,,None,13,,,500,0.0,0.0,0.0,0.0,5.0,0.562170251470356,,
R4,Trending_RandomWalkDrift,0.9996443249166497,0.6155781410390774,0.8685471833940966,None,24,,,500,,,0.0,0.0,1.4186130211418058,,,-0.4050343176520057
R1,Composite,0.9999130801776992,0.9990884689816042,0.9772317948014146,48,50,48.0,96.0,500,0.33903687464694876,2.5483114637773388e-05,23.174558640520765,7.276318185341948,0.672700659497159,,,
R2,Seasonal,0.6713584865008677,0.9269872892586993,,48,50,48.0,96.0,500,0.0,0.0,16.942256693505037,8.207515809505768,0.7904688444169612,,,
R3,Stationary_WN,0.09903749391708472,0.14276906665257005,,None,6,,,500,0.0,0.0,0.0,0.0,14.754334341290313,,,
R4,Trending_MeanShift,0.9999402544238113,0.9997606067415866,0.16447921458714665,None,250,,,500,,,0.0,0.0,1.1642937565183704,,250.0,
R1,Composite,0.999752806055016,0.9987564105735394,0.9547415022499829,36,36,36.0,72.0,500,-0.23669006448057034,-4.648703013559591e-05,23.784803930667497,7.330840302413081,0.8741505301113772,,,
R2,Seasonal,0.6876911928147893,0.9295687429751095,,36,36,36.0,72.0,500,0.0,0.0,17.501726306702484,8.601458142991007,1.7094178563531217,,,
R3,Stationary_WN,0.1592373817504198,0.14513053437566126,,None,2,,,500,0.0,0.0,0.0,0.0,10.026519492985377,,,
R4,Trending_MeanShift,0.9999238446202793,0.9996934876853978,0.004721566924821952,None,250,,,500,,,0.0,0.0,0.8764805368073899,,250.0,
R1,Composite,0.9994596175183843,0.9963595606731995,0.8633448252691829,12,12,12.0,24.0,500,0.13757546137638557,-1.6916293791375192e-05,10.151843759493847,3.016691054912968,0.626002828593575,,,
R2,Seasonal,0.694720822743601,0.9715872269078344,,12,12,12.0,24.0,500,0.0,0.0,29.18446039610829,8.622099042163523,1.9798865588203327,,,
R3,Stationary_AR,0.059096833144237304,0.3639739911756623,,None,100,,,500,0.0,0.0,0.0,0.0,5.0,0.48225943625201173,,
R4,Trending_MeanShift,0.9988262463187083,0.9951713145782557,0.0,None,250,,,500,,,0.0,0.0,0.5976970287539989,,250.0,
R1,Composite,0.9977395434521761,0.9938525706732927,0.6845500817249521,36,36,36.0,72.0,500,-0.12646461063451192,-1.831067830245132e-05,16.69868521108871,2.883081817340945,1.390909797013713,,,
R2,Seasonal,0.7049820761681529,0.9590128037239721,,36,36,36.0,72.0,500,0.0,0.0,26.276602937980396,10.17782659297798,1.316209373659635,,,
R3,Stationary_AR,0.17920128778302846,0.28829526892914226,,None,19,,,500,0.0,0.0,0.0,0.0,5.0,0.6117987498581761,,
R4,Trending_RandomWalkDrift,0.999835675203875,0.7459888668036415,0.8768469821087416,None,24,,,500,,,0.0,0.0,1.442723916974821,,,0.3885921150371592
R1,Composite,0.9997698495999645,0.9952174596744812,0.8925380492135936,24,24,24.0,48.0,500,0.38330233205189546,2.19795441679219e-05,17.37339644915879,6.19249315039111,1.2785015951748608,,,
R2,Seasonal,0.6879751422658795,0.9056103227349718,,24,24,24.0,48.0,500,0.0,0.0,19.69816242371928,11.31489710035114,1.701086337842524,,,
R3,Stationary_WN,0.15315957887913678,0.2526587278288286,,None,5,,,500,0.0,0.0,0.0,0.0,9.757057464943776,,,
R4,Trending_RandomWalkDrift,0.8773519878232271,0.0,0.0,None,250,,,500,,,0.0,0.0,1.1142369964734908,,,-0.4703049546958943
R1,Composite,0.9995655471097303,0.996328221408229,0.9197355566638454,12,12,12.0,24.0,500,0.19334177742863962,1.2944379470055056e-05,13.980322223612365,5.736613581183175,0.9655360564897679,,,
R2,Seasonal,0.03577242727359686,0.9944812917961818,,12,24,12.0,24.0,500,0.0,0.0,12.474969023525642,11.355346410495834,1.041955512887389,,,
R3,Stationary_AR,0.24168708790883608,0.26257147560203586,,None,10,,,500,0.0,0.0,0.0,0.0,5.0,0.4994450205872486,,
R4,Trending_RandomWalkDrift,0.9764815147717123,0.8623577897946427,0.48082253506114214,None,250,,,500,,,0.0,0.0,0.7759796264588044,,,-0.10756639801210142
R1,Composite,0.9998476655818721,0.9985565493124612,0.9345544878710039,12,12,12.0,24.0,500,0.22390371481035673,2.9056328829964337e-05,15.74432650930942,4.507873746835565,0.6296705385072716,,,
R2,Seasonal,0.7177765450364667,0.8596705434312402,,12,12,12.0,24.0,500,0.0,0.0,13.403071550446239,9.82453111909945,1.7908512809285548,,,
R3,Stationary_WN,0.25968605164852143,0.08174601675666204,,None,2,,,500,0.0,0.0,0.0,0.0,10.775818618565005,,,
R4,Trending_ExponentialGrowth,0.9841250948915288,0.4404007343512233,0.3170892679020305,None,24,,,500,,,0.0,0.0,1.2086311675878787,,,
R1,Composite,0.9994613713426407,0.995727719189947,0.9095946113746002,12,12,12.0,24.0,500,-0.2709453863905302,3.3428303524034085e-05,18.457288929719443,7.442896427112608,1.2471466210842252,,,
R2,Seasonal,0.7270250124243178,0.9078742148452199,,12,12,12.0,24.0,500,0.0,0.0,18.348288856536943,11.207907653507402,1.7398442046514326,,,
R3,Stationary_WN,0.1861735846900454,0.2434770638456477,,None,5,,,500,0.0,0.0,0.0,0.0,7.887150646227646,,,
R4,Trending_MeanShift,0.9999643292049358,0.9998565446465708,0.0,None,250,,,500,,,0.0,0.0,0.6028059349541177,,250.0,
R1,Composite,0.9972028006079038,0.9964664300807793,0.8795988193023198,48,50,48.0,96.0,500,-0.14352418339278789,2.9000124639630878e-05,23.92331937516491,5.574565471646588,1.28352165770574,,,
R2,Seasonal,0.5787575126428857,0.977991361271683,,48,50,48.0,96.0,500,0.0,0.0,21.9349997759454,4.879044064504746,0.9252628988311623,,,
R3,Stationary_AR,0.2253491461209074,0.29517015009260716,,None,15,,,500,0.0,0.0,0.0,0.0,5.0,0.48400369097246554,,
R4,Trending_ExponentialGrowth,0.9991376487730906,0.43466512332834684,0.3672328540719949,None,24,,,500,,,0.0,0.0,1.1020411778501642,,,
R1,Composite,0.9993153307099816,0.9830746321128877,0.7975087150685465,36,36,36.0,72.0,500,-0.2871536964368971,-1.2090295713519882e-05,11.930353717955064,5.0605229150752,1.4226967715690448,,,
R2,Seasonal,0.7017866629941825,0.93952901886289,,36,36,36.0,72.0,500,0.0,0.0,16.463449789336174,7.83300473831929,0.8899766475665817,,,
R3,Stationary_AR,0.18340067998542298,0.3555627613305874,,None,25,,,500,0.0,0.0,0.0,0.0,5.0,0.6480744027702752,,
R4,Trending_RandomWalkDrift,0.999798501562134,0.7242379274858579,0.8643640553804828,None,24,,,500,,,0.0,0.0,0.6237063536526154,,,0.46003246294916833
R1,Composite,0.9997452255182417,0.9970358276020613,0.8773133667999816,48,50,48.0,96.0,500,0.33018546676538674,3.700995816109963e-05,21.68985749674829,4.398866884766021,1.1449045177429424,,,
R2,Seasonal,0.6753250647177134,0.8784347715416355,,48,50,48.0,96.0,500,0.0,0.0,16.775672849010128,11.009246560193134,0.9840944648162033,,,
R3,Stationary_AR,0.15779209474496736,0.3023614237304497,,None,31,,,500,0.0,0.0,0.0,0.0,5.0,0.5761181357165615,,
R4,Trending_MeanShift,0.9999654060393041,0.9998604480111084,0.0,None,250,,,500,,,0.0,0.0,1.0341271407602544,,250.0,
R1,Composite,0.9997564881323293,0.9942533963889714,0.8963706904599419,48,50,48.0,96.0,500,-0.3570245788610299,-1.9435060525397566e-05,15.824685343982651,4.746512029224196,1.1464577507077793,,,
R2,Seasonal,0.6346251527153143,0.9570953867998567,,48,50,48.0,96.0,500,0.0,0.0,26.33304897593534,8.942214611125593,1.3135335458253237,,,
R3,Stationary_AR,0.003968350722253655,0.8192576891883216,,None,250,,,500,0.0,0.0,0.0,0.0,5.0,0.45266275054932736,,
R4,Trending_MeanShift,0.9998584919484884,0.9994357657229154,0.3526908697661524,None,250,,,500,,,0.0,0.0,1.4244499022324026,,250.0,
R1,Composite,0.9997753912382293,0.9956126999926314,0.8499167756204005,48,50,48.0,96.0,500,0.34492659668485737,4.3572598182248136e-05,17.600446433525192,3.9853249582616197,1.1466476340140248,,,
R2,Seasonal,0.648282215142735,0.9665221902233558,,48,50,48.0,96.0,500,0.0,0.0,26.34246944683183,8.173117291993169,0.7755286067296627,,,
R3,Stationary_WN,0.11522807391916157,0.20469006974554582,,None,5,,,500,0.0,0.0,0.0,0.0,13.02862456862398,,,
R4,Trending_ExponentialGrowth,0.990543739034045,0.3688010557384991,0.31602635237756915,None,24,,,500,,,0.0,0.0,1.182687993252857,,,
R1,Composite,0.9990716997696066,0.9892522089753868,0.7798381724143892,12,12,12.0,24.0,500,-0.19257072258026714,-1.0007710192566842e-05,11.738590539325717,4.222721277787658,1.2645019468666692,,,
R2,Seasonal,0.6886878865797281,0.8573499487023549,,12,12,12.0,24.0,500,0.0,0.0,11.533480622563467,8.149145623720845,1.9539405202124387,,,
R3,Stationary_AR,0.16654865058422297,0.209426942037798,,None,26,,,500,0.0,0.0,0.0,0.0,5.0,0.6837440757840392,,
R4,Trending_MeanShift,0.9992882945346471,0.9969483818270658,0.0,None,250,,,500,,,0.0,0.0,0.7702310713944618,,250.0,
R1,Composite,0.9990202162174215,0.9983599523994013,0.9300073843533373,12,12,12.0,24.0,500,-0.15312973519176604,1.2753082812181625e-05,23.408608822459207,6.707819809215373,1.0524372281366268,,,
R2,Seasonal,0.6677207302258015,0.987070378764398,,12,12,12.0,24.0,500,0.0,0.0,23.68585047524303,4.488742805382552,1.3360602039403373,,,
R3,Stationary_WN,0.08647934740614449,0.07136883357369206,,None,3,,,500,0.0,0.0,0.0,0.0,12.423168709512513,,,
R4,Trending_RandomWalkDrift,0.9935392965137693,0.0,,None,24,,,500,,,0.0,0.0,1.3263803263290428,,,0.23848241901569192
R1,Composite,0.999748414825018,0.9881159740296286,0.8113148781416397,12,12,12.0,24.0,500,0.3231715204416611,1.2399645547887453e-05,9.463642360250264,3.981110770268438,1.1010805006111344,,,
R2,Seasonal,0.6795593851736611,0.8538847891826393,,12,12,12.0,24.0,500,0.0,0.0,11.284043759092004,8.141736684022383,1.9753730028962342,,,
R3,Stationary_WN,0.18205162317802015,0.10853120069555111,,None,3,,,500,0.0,0.0,0.0,0.0,7.932064043287475,,,
R4,Trending_RandomWalkDrift,0.9304062619036576,0.6876899157212731,0.0,None,167,,,500,,,0.0,0.0,0.5780975701207759,,,0.29704503669612503
R1,Composite,0.9971179724124642,0.9875446340738346,0.8965473206178878,36,36,36.0,72.0,500,0.12721046651420204,-1.415729066441693e-05,11.560904519687044,7.169668488267872,1.4163490117863726,,,
R2,Seasonal,0.6520029005554284,0.974989310763755,,36,36,36.0,72.0,500,0.0,0.0,29.90513259042771,7.878636735869956,1.9093101554351668,,,
R3,Stationary_WN,0.11647126724481094,0.1090747509475033,,None,2,,,500,0.0,0.0,0.0,0.0,11.942588457917731,,,
R4,Trending_RandomWalkDrift,0.9983423397866503,0.9763594274064152,0.9680628198362585,None,125,,,500,,,0.0,0.0,1.0349705273719496,,,-0.2655055933935231
R1,Composite,0.9982890056621574,0.9820617234458977,0.8868873878787102,12,12,12.0,24.0,500,-0.14599852541592828,-2.728882027600672e-05,10.043322490952523,7.486117439712679,1.42741315364135,,,
R2,Seasonal,0.0016002252137944373,0.9828205517708266,,12,24,12.0,24.0,500,0.0,0.0,10.973362512482828,9.595079993240667,1.3963519891430674,,,
R3,Stationary_WN,0.1832381072692194,0.10793773656667605,,None,2,,,500,0.0,0.0,0.0,0.0,10.864004926099884,,,
R4,Trending_RandomWalkDrift,0.9995395275725971,0.5874355312129551,0.8377948897761758,None,24,,,500,,,0.0,0.0,1.4584125193523412,,,0.2589873550684775
R1,Composite,0.9995481873839086,0.9984905600804924,0.8318689279948988,36,36,36.0,72.0,500,-0.2193152435037704,2.2033087295264425e-05,23.400099090159387,3.324343309377457,0.9420855643460505,,,
R2,Seasonal,0.6982857059136922,0.9589775967559964,,36,36,36.0,72.0,500,0.0,0.0,26.65168800747844,9.868588315734899,1.276879457770247,,,
R3,Stationary_AR,0.6564612714776922,0.9658217275213246,,None,250,,,500,0.0,0.0,0.0,0.0,5.0,0.663834612458533,,
R4,Trending_RandomWalkDrift,0.0,0.9114634794418662,,None,250,,,500,,,0.0,0.0,1.1485044840955774,,,0.11402973745956771
R1,Composite,0.998435996669427,0.9929369410545495,0.8702714533597719,12,12,12.0,24.0,500,-0.16104277763856562,2.7089827821655115e-05,14.323655940631145,6.220179248316709,1.1731499532490368,,,
R2,Seasonal,0.677174907860441,0.9826179174423862,,12,12,12.0,24.0,500,0.0,0.0,25.36337648428789,5.496079263333642,1.5810744439294817,,,
R3,Stationary_AR,0.09236426985349289,0.2966336717722654,,None,28,,,500,0.0,0.0,0.0,0.0,5.0,0.4697341621622072,,
R4,Trending_ExponentialGrowth,0.9974666455326388,0.4013126694749972,0.3565106984851766,None,24,,,500,,,0.0,0.0,0.7258117706787137,,,
R1,Composite,0.9995530474027088,0.9910876511809102,0.7834095278886611,12,12,12.0,24.0,500,-0.2210434291601227,-1.1085218995244298e-05,10.300678673329239,3.3280694452979303,0.9819830480205907,,,
R2,Seasonal,0.6811168018858547,0.9779626988210585,,12,12,12.0,24.0,500,0.0,0.0,21.657413031564452,5.490530456045987,1.4807196381688181,,,
R3,Stationary_AR,0.21000796774203412,0.17445457341727655,,None,8,,,500,0.0,0.0,0.0,0.0,5.0,0.4247742744887381,,
R4,Trending_MeanShift,0.999941567237312,0.9997658540032855,0.06999518965279372,None,250,,,500,,,0.0,0.0,1.2758261413580247,,250.0,
R1,Composite,0.9999034067099658,0.9968785095360678,0.8792410267319758,12,12,12.0,24.0,500,0.33266469691555295,-2.1364777149564734e-05,11.469861243547511,3.266763301880796,0.6659636071440722,,,
R2,Seasonal,0.70839939220549,0.9495913414985906,,12,12,12.0,24.0,500,0.0,0.0,21.96863575475318,8.68991598880771,1.9963107068749966,,,
R3,Stationary_WN,0.17943551268469182,0.17718250030561888,,None,4,,,500,0.0,0.0,0.0,0.0,6.582184646414144,,,
R4,Trending_RandomWalkDrift,0.9986197608168095,0.6856776694294724,0.8672704896639332,None,24,,,500,,,0.0,0.0,1.0533395768040579,,,-0.3431300666672126
R1,Composite,0.9995797377082194,0.9967491206777654,0.9120476612650996,24,24,24.0,48.0,500,0.3080829571647665,-1.875776212568297e-05,21.661392317859505,7.03836126932452,1.4169826709085003,,,
R2,Seasonal,0.6611015895345363,0.9824978581899375,,24,24,24.0,48.0,500,0.0,0.0,27.20099976143442,6.104236093402465,1.263633930849439,,,
R3,Stationary_AR,0.1497716472495626,0.2540333240312248,,None,25,,,500,0.0,0.0,0.0,0.0,5.0,0.4634205517851406,,
R4,Trending_ExponentialGrowth,0.9991871883501899,0.3832742187650924,0.41083635830261445,None,24,,,500,,,0.0,0.0,1.133184993617381,,,
R1,Composite,0.9990894608749639,0.998968085012273,0.9373654358240889,36,36,36.0,72.0,500,-0.1259568400226637,3.997514431502171e-05,20.660560729826727,4.730921220614306,0.7426050270144502,,,
R2,Seasonal,0.706352300651121,0.8284636742642285,,36,36,36.0,72.0,500,0.0,0.0,11.825246734274192,9.941769565289231,1.1402322302763406,,,
R3,Stationary_AR,0.14116977445950918,0.31154660794454914,,None,20,,,500,0.0,0.0,0.0,0.0,5.0,0.6254410426826523,,
R4,Trending_MeanShift,0.9999618007476124,0.9998469675029729,0.0,None,250,,,500,,,0.0,0.0,0.561288037485397,,250.0,
R1,Composite,0.9982979565590644,0.9985922491308895,0.9144990889167948,48,50,48.0,96.0,500,0.11770660483037662,-4.4423097616121124e-05,22.718174121224948,3.4504890053565878,0.7650803854237742,,,
R2,Seasonal,0.4062991276941229,0.9837035320870259,,48,50,48.0,96.0,500,0.0,0.0,27.802252116915742,4.0772557493415995,1.2854571654081923,,,
R3,Stationary_AR,0.4455734741602595,0.253772656826187,,None,5,,,500,0.0,0.0,0.0,0.0,5.0,0.47411676597617664,,
R4,Trending_ExponentialGrowth,0.9843532566421679,0.4006746851367282,0.31225651780777697,None,24,,,500,,,0.0,0.0,1.074093964602408,,,
R1,Composite,0.9996523423924215,0.9987109371248802,0.8696756297759574,12,12,12.0,24.0,500,0.21248776283868356,-4.442453438895755e-05,19.994002200535697,3.5938353213056766,0.7654836061384183,,,
R2,Seasonal,0.6689622701984907,0.8743150044509781,,12,12,12.0,24.0,500,0.0,0.0,10.922700408912204,6.921286325502113,1.9382325418655044,,,
R3,Stationary_AR,0.05078573794966246,0.17188587450780324,,None,28,,,500,0.0,0.0,0.0,0.0,5.0,0.4600222502943744,,
R4,Trending_MeanShift,0.9998858079748517,0.9995445044800738,0.0,None,250,,,500,,,0.0,0.0,1.3672614615053287,,250.0,
R1,Composite,0.9954832760889932,0.9949903804309145,0.7009136084621943,12,12,12.0,24.0,500,-0.11832046548212294,2.979054751806267e-05,20.41502668571853,3.815852337745568,1.42602749824443,,,
R2,Seasonal,0.7262575471603874,0.9940459313476662,,12,12,12.0,24.0,500,0.0,0.0,28.122033154552916,4.035781059571089,0.6898242337600837,,,
R3,Stationary_AR,0.1480751138866092,0.28126978223108334,,None,19,,,500,0.0,0.0,0.0,0.0,5.0,0.4295487905081309,,
R4,Trending_ExponentialGrowth,0.9997457782422334,0.4231879524485972,0.4163893739382073,None,24,,,500,,,0.0,0.0,0.5836774957900506,,,
R1,Composite,0.9990935096024153,0.9956252758779693,0.8196099899842061,12,12,12.0,24.0,500,-0.14381626999624586,1.8514380599227847e-05,12.53964750940132,3.1961203199349035,0.9027325268586507,,,
R2,Seasonal,0.7528824149558273,0.9148465882990955,,12,12,12.0,24.0,500,0.0,0.0,17.994356475056808,10.965115501923332,0.6303697079387859,,,
R3,Stationary_AR,0.2215659761778117,0.21630213281345745,,None,24,,,500,0.0,0.0,0.0,0.0,5.0,0.5702332808008153,,
R4,Trending_ExponentialGrowth,0.9978373796796569,0.340913073832423,0.3057467756534751,None,24,,,500,,,0.0,0.0,1.227176260770801,,,
R1,Composite,0.9996189015577871,0.9930174285141947,0.8531895468207908,36,36,36.0,72.0,500,-0.17368568466910517,-4.911498863678391e-05,9.44350078915825,3.2289157227480447,0.8383015640784727,,,
R2,Seasonal,0.7121818413433265,0.8979279585881823,,36,36,36.0,72.0,500,0.0,0.0,14.41065858459909,9.106978724049032,0.8089235745474195,,,
R3,Stationary_WN,0.17065376513066166,0.22889957937128558,,None,4,,,500,0.0,0.0,0.0,0.0,12.281162657323645,,,
R4,Trending_MeanShift,0.999853342559079,0.9994194014608834,0.0,None,250,,,500,,,0.0,0.0,0.929301653674419,,250.0,
R1,Composite,0.9993702133033079,0.9988993409487006,0.9541690248565948,24,24,24.0,48.0,500,-0.1360654387196033,-2.2331512831083467e-05,22.38101655675502,6.343780420910894,0.7906591795139692,,,
R2,Seasonal,0.6900056594559516,0.9849801721843372,,24,24,24.0,48.0,500,0.0,0.0,27.783026222630426,6.162445676472027,0.8746738998201435,,,
R3,Stationary_WN,0.1058567109103099,0.07868804897654225,,None,2,,,500,0.0,0.0,0.0,0.0,6.35269290594275,,,
R4,Trending_ExponentialGrowth,0.9991232594004505,0.4128440392525351,0.36700697091286083,None,24,,,500,,,0.0,0.0,1.469750150108858,,,
R1,Composite,0.9998037475933389,0.9983887364560657,0.9295340084294176,24,24,24.0,48.0,500,0.2452579951058909,2.506123414074171e-05,18.235488567548735,4.838759631571186,0.8497655361987214,,,
R2,Seasonal,0.7106975315568473,0.8067560130938785,,24,24,24.0,48.0,500,0.0,0.0,12.00370398410646,11.232107112800428,0.644075237134492,,,
R3,Stationary_WN,0.19247500181222343,0.16001340163696098,,None,2,,,500,0.0,0.0,0.0,0.0,6.964679434239638,,,
R4,Trending_RandomWalkDrift,0.9993429972573386,0.3142494330178075,0.7776360792526837,None,24,,,500,,,0.0,0.0,0.9873733388494781,,,0.27714918571138636
R1,Composite,0.9996986574250049,0.9963335982192856,0.8603502423985213,48,50,48.0,96.0,500,-0.3650765467350703,3.246547435775968e-05,20.951300652037364,4.503051718786533,1.309898699999493,,,
R2,Seasonal,0.531500301970784,0.9734605263911882,,48,50,48.0,96.0,500,0.0,0.0,20.851426994103356,4.731596273916805,1.004832470984359,,,
R3,Stationary_AR,0.09012505198903353,0.23067724063570882,,None,16,,,500,0.0,0.0,0.0,0.0,5.0,0.43559374707423754,,
R4,Trending_MeanShift,0.9999596849028333,0.999839305725156,0.0,None,250,,,500,,,0.0,0.0,0.8019030665432922,,250.0,
R1,Composite,0.9994838707574214,0.9867397720531622,0.7745544574431493,12,12,12.0,24.0,500,-0.309125193592552,4.505001375185099e-05,11.397372191765932,4.4826332329401595,1.3670611481954364,,,
R2,Seasonal,0.6391377571982164,0.9779852303622084,,12,12,12.0,24.0,500,0.0,0.0,20.510364601460278,4.835903600202246,1.4301728699350833,,,
R3,Stationary_AR,0.2627206207157733,0.3653842518505791,,None,15,,,500,0.0,0.0,0.0,0.0,5.0,0.5716209491207489,,
R4,Trending_ExponentialGrowth,0.986321357997903,0.4281129892024388,0.4103979422262707,None,24,,,500,,,0.0,0.0,1.0956617578158614,,,
R1,Composite,0.9992938819359284,0.9859766825544221,0.8888178179636592,48,50,48.0,96.0,500,-0.2743590144636515,1.9508685779205392e-05,12.153826139750613,6.492002500843099,1.3773660085118085,,,
R2,Seasonal,0.6358341183959252,0.9409354367460253,,48,50,48.0,96.0,500,0.0,0.0,19.440195339090213,7.979480058889406,1.2268529169126565,,,
R3,Stationary_WN,0.1080578148276985,0.057893121802614855,,None,2,,,500,0.0,0.0,0.0,0.0,13.882824708493205,,,
R4,Trending_ExponentialGrowth,0.9992289047230137,0.35223952991322904,0.29488202191073865,None,24,,,500,,,0.0,0.0,1.1332428921228708,,,
R1,Composite,0.9997560716680822,0.9969505280032303,0.7370116452549657,36,36,36.0,72.0,500,0.2944040166972319,3.4533784404302704e-05,17.995629162943523,2.7683990736933435,0.9663244221558807,,,
R2,Seasonal,0.6705110630045574,0.9863889202301502,,36,36,36.0,72.0,500,0.0,0.0,27.16208341379318,5.41626885296876,1.2106235401737435,,,
R3,Stationary_AR,0.23895387905026,0.2803810399988842,,None,38,,,500,0.0,0.0,0.0,0.0,5.0,0.6963005979276946,,
R4,Trending_MeanShift,0.9878522325806853,0.9460754631963377,0.0,None,250,,,500,,,0.0,0.0,0.8006429710277688,,250.0,
R1,Composite,0.9987361587056254,0.9965917717418191,0.9315149073765214,24,24,24.0,48.0,500,-0.1612009076105837,3.540301714811364e-05,17.521342827741755,7.041011436521092,0.974109100120803,,,
R2,Seasonal,0.7081630366494718,0.8952819302389927,,24,24,24.0,48.0,500,0.0,0.0,14.085245768838632,9.012491312907109,0.5450470280862785,,,
R3,Stationary_AR,0.270781881916906,0.22613398016192587,,None,10,,,500,0.0,0.0,0.0,0.0,5.0,0.606831346524397,,
R4,Trending_MeanShift,0.9994862109151459,0.9978608541944033,0.0,None,250,,,500,,,0.0,0.0,0.6978365227308085,,250.0,
R1,Composite,0.9990066497342744,0.9984892144273718,0.934563165922843,48,50,48.0,96.0,500,0.15947891060840855,-3.61959389402971e-05,24.844160277556853,5.25033781875076,0.8905550071953507,,,
R2,Seasonal,0.6319196150226098,0.971833310797355,,48,50,48.0,96.0,500,0.0,0.0,20.102861180361593,5.6031676643675485,0.5878038017048433,,,
R3,Stationary_AR,0.09573811737463445,0.2381489780299283,,None,26,,,500,0.0,0.0,0.0,0.0,5.0,0.5592275476233388,,
R4,Trending_ExponentialGrowth,0.9996777852748944,0.48111740511232426,0.447179979737115,None,24,,,500,,,0.0,0.0,0.7790162961765821,,,
R1,Composite,0.9992007212992546,0.9975596155090468,0.9310559174514137,24,24,24.0,48.0,500,0.19539485283843644,-3.4742724413744845e-05,20.687236052214132,6.9652800896418645,1.1008392800683255,,,
R2,Seasonal,0.7027329052486283,0.9394607713734497,,24,24,24.0,48.0,500,0.0,0.0,23.171266992401847,10.873741800302119,1.1717620920079515,,,
R3,Stationary_WN,0.07963214210380709,0.2285327233279395,,None,10,,,500,0.0,0.0,0.0,0.0,12.641460425246134,,,
R4,Trending_ExponentialGrowth,0.9931936488543502,0.3214864799921576,0.31677259892157683,None,24,,,500,,,0.0,0.0,0.7293382069841193,,,
R1,Composite,0.9984076977911014,0.9814167335617516,0.7546855585284307,36,36,36.0,72.0,500,0.13326896120802112,2.084757580012014e-05,8.25767972084152,3.4446498200993574,1.2004894125259162,,,
R2,Seasonal,0.6526426001785313,0.9832413340135001,,36,36,36.0,72.0,500,0.0,0.0,22.83016633619989,4.852675865616663,1.234301454213307,,,
R3,Stationary_WN,0.014030170491885485,0.3436838420326188,,None,71,,,500,0.0,0.0,0.0,0.0,8.93320704308014,,,
R4,Trending_ExponentialGrowth,0.9996484296535331,0.39220174654966733,0.4417463223810212,None,24,,,500,,,0.0,0.0,0.7582811209913368,,,
R1,Composite,0.999216983518646,0.9870083105258712,0.8317621523715112,24,24,24.0,48.0,500,-0.2184526791137014,-3.407807728035891e-05,11.57025824057385,5.109599199246583,1.281888210335522,,,
R2,Seasonal,0.675805152849174,0.9774514375218007,,24,24,24.0,48.0,500,0.0,0.0,29.47724568145434,7.6810119326954025,1.6048002583896512,,,
R3,Stationary_AR,0.24503209673676551,0.19042107511983997,,None,9,,,500,0.0,0.0,0.0,0.0,5.0,0.4166793512776451,,
R4,Trending_RandomWalkDrift,0.9982501944608567,0.543534725160475,0.8604512608851564,None,24,,,500,,,0.0,0.0,0.5112585928604728,,,-0.378619330237028
R1,Composite,0.9987246780245946,0.9985398819079709,0.8449863997688141,48,50,48.0,96.0,500,-0.10228352760944417,-4.228803664444617e-05,23.766840074731668,2.216424027804132,0.8340537114225234,,,
R2,Seasonal,0.656246823025943,0.9576370735232306,,48,50,48.0,96.0,500,0.0,0.0,26.587685815928204,9.468578336152575,0.752226834630642,,,
R3,Stationary_WN,0.19670449637015808,0.09130835435766815,,None,2,,,500,0.0,0.0,0.0,0.0,6.2157312580544755,,,
R4,Trending_RandomWalkDrift,0.9971479182801616,0.8688430047952536,0.7890095559224399,None,250,,,500,,,0.0,0.0,1.3000628871218318,,,-0.2762066047208514
R1,Composite,0.9996408594237901,0.9968873432756109,0.8578160869447332,36,36,36.0,72.0,500,-0.30252951775442094,-4.439547044253096e-05,22.34771497891348,5.656730205177014,1.3048865534664318,,,
R2,Seasonal,0.6927496901758349,0.96340582457328,,36,36,36.0,72.0,500,0.0,0.0,22.282528862113686,7.931177502763852,1.2516957509752944,,,
R3,Stationary_AR,0.13774763685494462,0.27817008029120827,,None,24,,,500,0.0,0.0,0.0,0.0,5.0,0.661635413079158,,
R4,Trending_ExponentialGrowth,0.9998510360097067,0.4936755264859255,0.49117551470191523,None,24,,,500,,,0.0,0.0,0.6230665582222817,,,
R1,Composite,0.9995809286024968,0.9945914931876476,0.9019364264343448,12,12,12.0,24.0,500,-0.30085285800803685,2.6754705233744322e-05,16.258036768991307,7.142104319332666,1.3994068591075401,,,
R2,Seasonal,0.6284207539581257,0.9881258124532423,,12,12,12.0,24.0,500,0.0,0.0,29.77016585481598,4.859214370277692,1.8718261026265974,,,
R3,Stationary_WN,0.1784858099699128,0.10801306013055978,,None,3,,,500,0.0,0.0,0.0,0.0,11.724841417733241,,,
R4,Trending_ExponentialGrowth,0.9828015086115454,0.37743482259127914,0.36216977715718524,None,24,,,500,,,0.0,0.0,1.0253451905637654,,,
R1,Composite,0.9990618159744753,0.9813412789845436,0.6899566615562414,12,12,12.0,24.0,500,-0.19803780232051443,1.9145472250206585e-05,8.47885238402301,3.2205786440538287,1.171580983360496,,,
R2,Seasonal,0.7453215042998494,0.9164256989590143,,12,12,12.0,24.0,500,0.0,0.0,15.33777990675418,9.087976582749551,1.0374589752327688,,,
R3,Stationary_WN,0.23960571551794618,0.09232504362134908,,None,2,,,500,0.0,0.0,0.0,0.0,13.392782752859981,,,
R4,Trending_RandomWalkDrift,0.36486417888818057,0.36253398665142234,0.0,None,250,,,500,,,0.0,0.0,1.1812016996571306,,,-0.18667822399093184
R1,Composite,0.9986964675529931,0.9903880089299938,0.732835256348501,12,12,12.0,24.0,500,-0.12489540292672545,-1.9816515380869923e-05,10.138548831069038,2.4650286584013745,1.0595711870630704,,,
R2,Seasonal,0.7496692855119822,0.9560908284323595,,12,12,12.0,24.0,500,0.0,0.0,27.937764067897874,11.824099612477593,1.1442342253026618,,,
R3,Stationary_WN,0.05358534788752134,0.2162904704617945,,None,10,,,500,0.0,0.0,0.0,0.0,8.47030507567705,,,
R4,Trending_MeanShift,0.9994291149608735,0.9976670343921805,0.0,None,250,,,500,,,0.0,0.0,1.355858016376306,,250.0,
R1,Composite,0.9983249962227185,0.995694695270853,0.8787675745106027,24,24,24.0,48.0,500,-0.10381131547176443,-1.1892698352231382e-05,13.847233925022746,4.355516948610544,0.94696233319341,,,
R2,Seasonal,0.6701193087743165,0.9821988072720692,,24,24,24.0,48.0,500,0.0,0.0,28.820022420606122,6.6624367766214005,1.302101487505416,,,
R3,Stationary_AR,0.15119127780283492,0.32797232215768024,,None,33,,,500,0.0,0.0,0.0,0.0,5.0,0.47687534100030493,,
R4,Trending_ExponentialGrowth,0.9957289206076864,0.38818087368564547,0.2993010096769244,None,24,,,500,,,0.0,0.0,1.2944329629867808,,,
R1,Composite,0.99888247179073,0.9960368706248689,0.9682861524608223,36,36,36.0,72.0,500,0.10177422047175072,-3.582508635370917e-05,9.059959279364687,5.963659368190432,0.6201568040039924,,,
R2,Seasonal,0.6912738591245674,0.8865918554042238,,36,36,36.0,72.0,500,0.0,0.0,18.55597670179336,11.884817209215097,1.7660066315265748,,,
R3,Stationary_WN,0.10315905934044867,0.1045756483390261,,None,3,,,500,0.0,0.0,0.0,0.0,10.743154073773347,,,
R4,Trending_ExponentialGrowth,0.999512917268601,0.41294930055150925,0.33287545627044224,None,24,,,500,,,0.0,0.0,0.5889135563291589,,,
R1,Composite,0.9995123943436723,0.9979123185152625,0.8048339684839687,36,36,36.0,72.0,500,-0.18773813850549326,-3.9354019612372344e-05,20.563441982592693,3.092378258886316,1.1413785793852598,,,
R2,Seasonal,0.6901238485495325,0.9371039853650014,,36,36,36.0,72.0,500,0.0,0.0,14.99286707736032,7.044923475133493,1.0819995935079443,,,
R3,Stationary_WN,0.23969233573614412,0.3184126369966048,,None,4,,,500,0.0,0.0,0.0,0.0,9.915935263064583,,,
R4,Trending_MeanShift,0.9999252232445521,0.999699619390572,0.0,None,250,,,500,,,0.0,0.0,0.661034895868797,,250.0,
R1,Composite,0.9998738286213168,0.9986453861330333,0.9432193098838396,24,24,24.0,48.0,500,-0.2898354760021913,-1.6262867659113666e-05,18.32206339782106,5.127530049314794,0.7263183308039298,,,
R2,Seasonal,0.7039014037936899,0.9026977401008285,,24,24,24.0,48.0,500,0.0,0.0,16.642801456054347,10.129629516799088,0.8793595727530801,,,
R3,Stationary_AR,0.006126512894081282,0.28026046826105355,,None,83,,,500,0.0,0.0,0.0,0.0,5.0,0.4763318980584318,,
R4,Trending_MeanShift,0.9999040973362276,0.9996166079892915,0.0,None,250,,,500,,,0.0,0.0,1.2106361553858056,,250.0,
R1,Composite,0.9996073999048602,0.9953478101567509,0.7663237022198139,36,36,36.0,72.0,500,-0.25562902893054157,-3.7127495357383996e-05,16.22180880875767,3.38454615819603,1.131948795442185,,,
R2,Seasonal,0.7056775596546943,0.9886141313442403,,36,36,36.0,72.0,500,0.0,0.0,25.973393402627714,5.14566164747733,0.65598633115414,,,
R3,Stationary_AR,0.06917058504579354,0.24060520645267836,,None,33,,,500,0.0,0.0,0.0,0.0,5.0,0.4521516229754494,,
R4,Trending_RandomWalkDrift,0.9995391301462146,0.6964370090928726,0.8983077653959692,None,24,,,500,,,0.0,0.0,0.5322674314760547,,,-0.3532285410275111
R1,Composite,0.9989466350011926,0.9992455149837204,0.8754707665346733,24,24,24.0,48.0,500,-0.12144592822997283,4.796033509205774e-05,23.303268316300482,3.0511407090941223,0.7120887512888167,,,
R2,Seasonal,0.6859436058627197,0.9420527168721882,,24,24,24.0,48.0,500,0.0,0.0,17.246696958997084,7.5347673994563875,1.365670919405657,,,
R3,Stationary_WN,0.3146207838806513,0.14593316892255603,,None,2,,,500,0.0,0.0,0.0,0.0,14.043362995034073,,,
R4,Trending_RandomWalkDrift,0.8668195418161476,0.3127465688593364,0.0,None,167,,,500,,,0.0,0.0,0.5651966432679367,,,0.1677358921320939
R1,Composite,0.9994642104254922,0.9840097866200616,0.8304326886960417,24,24,24.0,48.0,500,0.24633228592456283,2.545072445685288e-05,9.362558493226102,4.632121761382715,1.3420431443231227,,,
R2,Seasonal,0.6848413758705232,0.9694435529382365,,24,24,24.0,48.0,500,0.0,0.0,28.98690194670067,9.014516312355557,1.4380432300871036,,,
R3,Stationary_AR,0.19748222587062825,0.3695555689730494,,None,33,,,500,0.0,0.0,0.0,0.0,5.0,0.6753471704772902,,
R4,Trending_MeanShift,0.9999704405049589,0.9998812871449003,0.2358426394125982,None,250,,,500,,,0.0,0.0,0.9647521578157311,,250.0,
R1,Composite,0.9999373705203586,0.9991816785082246,0.9792195143569304,24,24,24.0,48.0,500,0.29910158163376604,1.5576602437323485e-05,17.08855840109161,6.352972128183285,0.5292810018128064,,,
R2,Seasonal,0.6774344727531614,0.9457794829297624,,24,24,24.0,48.0,500,0.0,0.0,25.789175931709423,10.767456621279706,1.903821426748795,,,
R3,Stationary_WN,0.2361660775212533,0.24749191340115173,,None,4,,,500,0.0,0.0,0.0,0.0,10.018508141554925,,,
R4,Trending_ExponentialGrowth,0.9906640776016049,0.39884435631936,0.37210603563315725,None,24,,,500,,,0.0,0.0,1.071364775381754,,,
R1,Composite,0.9997646796958155,0.9976102651446432,0.8142609198180464,48,50,48.0,96.0,500,-0.3542305479043,-1.1589189435997139e-05,23.572825453753197,2.286216681251468,0.8450477194307795,,,
R2,Seasonal,0.6437069081814943,0.9548297474107188,,48,50,48.0,96.0,500,0.0,0.0,18.759262448547965,6.71751857114778,1.0032617927464182,,,
R3,Stationary_WN,0.12631487179880496,0.2679876474600663,,None,8,,,500,0.0,0.0,0.0,0.0,5.6333161594040675,,,
R4,Trending_ExponentialGrowth,0.9936236709637724,0.4027502920028002,0.32798276443239016,None,24,,,500,,,0.0,0.0,0.9228830271318884,,,
R1,Composite,0.9997095291276212,0.9892061762769919,0.914467411289704,36,36,36.0,72.0,500,-0.3439313607601319,-3.945295525090468e-05,12.127727135453725,7.72430669052159,1.2931053530195133,,,
R2,Seasonal,0.7160774949895492,0.9505126484248515,,36,36,36.0,72.0,500,0.0,0.0,23.441214127075334,10.169517162971093,0.8004063633521464,,,
R3,Stationary_AR,0.040787493997055724,0.19523255272489848,,None,83,,,500,0.0,0.0,0.0,0.0,5.0,0.6669008012185247,,
R4,Trending_RandomWalkDrift,0.9997157590716484,0.8186983905309666,0.8852986029726169,None,24,,,500,,,0.0,0.0,0.6200621934426387,,,0.3543143278790295
R1,Composite,0.9994671323169191,0.9995360884648963,0.969137235371004,24,24,24.0,48.0,500,0.10973206269340921,-1.847486585113426e-05,22.09205415288631,4.955895340413156,0.5072108111444893,,,
R2,Seasonal,0.6674041097718418,0.9564536827836203,,24,24,24.0,48.0,500,0.0,0.0,18.430889408007225,6.697516555644949,1.2400480392439872,,,
R3,Stationary_AR,0.17851411284611207,0.21953177466435414,,None,22,,,500,0.0,0.0,0.0,0.0,5.0,0.5422181343595303,,
R4,Trending_ExponentialGrowth,0.998693522461678,0.4482110872626234,0.40874515403589806,None,24,,,500,,,0.0,0.0,1.2167798080142833,,,
R1,Composite,0.9989008932621793,0.9950724344177396,0.9169608740588374,48,50,48.0,96.0,500,-0.18351514888102127,-1.0945191472622021e-05,18.29647913001319,6.993080071548262,1.3470754169056967,,,
R2,Seasonal,0.6544596783654792,0.9394039377671421,,48,50,48.0,96.0,500,0.0,0.0,20.3270194075767,8.75049478354293,1.0007111829074256,,,
R3,Stationary_AR,0.16324657106699536,0.3016287930801418,,None,10,,,500,0.0,0.0,0.0,0.0,5.0,0.4126945521251066,,
R4,Trending_RandomWalkDrift,0.9942619499285268,0.0,,None,24,,,500,,,0.0,0.0,0.8215299192318377,,,-0.4421673543397623
R1,Composite,0.9998424779307031,0.9989428194384685,0.9703469260110754,36,36,36.0,72.0,500,-0.2853387295693306,1.188985117563571e-05,22.14458961051819,7.951965884231408,0.7495312629857478,,,
R2,Seasonal,0.6342090840326852,0.9823949907077527,,36,36,36.0,72.0,500,0.0,0.0,27.03640265445892,5.721247794897152,1.40463289302717,,,
R3,Stationary_AR,0.24189596639890043,0.35591108673873406,,None,23,,,500,0.0,0.0,0.0,0.0,5.0,0.4611542733325485,,
R4,Trending_MeanShift,0.9999142107479497,0.9996612013713365,0.0,None,250,,,500,,,0.0,0.0,1.4367700610461724,,250.0,
R1,Composite,0.9993606436865604,0.993799202067431,0.906971364614082,48,50,48.0,96.0,500,0.24899380522982462,-3.2827635422524205e-05,15.767298060473683,5.967699775546464,1.4371478268842224,,,
R2,Seasonal,0.6710210704004451,0.8580336324797107,,48,50,48.0,96.0,500,0.0,0.0,11.73074949003676,8.380371515945402,0.9850217422876978,,,
R3,Stationary_WN,0.08796755218423502,0.2951815814865526,,None,9,,,500,0.0,0.0,0.0,0.0,13.822690054275991,,,
R4,Trending_MeanShift,0.9997890735772028,0.9991741350951964,0.0,None,250,,,500,,,0.0,0.0,0.8387138540655743,,250.0,
R1,Composite,0.9996241401792344,0.9945195483376134,0.8481459580994766,48,50,48.0,96.0,500,0.3737421219270163,-4.773457097179151e-05,19.466983596239707,4.830384780874562,1.3989118235105944,,,
R2,Seasonal,0.6023529493600606,0.851469679007673,,48,50,48.0,96.0,500,0.0,0.0,10.326176717546037,6.545376065164094,1.5527986083251004,,,
R3,Stationary_WN,0.1088745382348526,0.08795999163379176,,None,3,,,500,0.0,0.0,0.0,0.0,9.382533235904535,,,
R4,Trending_ExponentialGrowth,0.9916595675398612,0.3507195922447942,0.2835558088682685,None,24,,,500,,,0.0,0.0,0.7566152825227542,,,
R1,Composite,0.9991949097172853,0.9941669231865049,0.8880703366294319,12,12,12.0,24.0,500,-0.2136956314878311,4.7701880288446144e-05,14.549772830775758,6.036134103917956,1.2074515146227962,,,
R2,Seasonal,0.6746036539223348,0.971063502703892,,12,12,12.0,24.0,500,0.0,0.0,20.514378498819923,5.894804923668856,1.621911938564683,,,
R3,Stationary_WN,0.04018774192827246,0.22614806541553356,,None,24,,,500,0.0,0.0,0.0,0.0,11.358898837508562,,,
R4,Trending_MeanShift,0.9999645993463512,0.9998586265269721,0.0,None,250,,,500,,,0.0,0.0,0.6876414467703788,,250.0,
R1,Composite,0.9994832474380736,0.9940467672662883,0.8223708615500959,24,24,24.0,48.0,500,-0.29508869684874706,1.6387605611138817e-05,16.781079603037856,4.944687236937131,1.3513976136672503,,,
R2,Seasonal,0.4788362147452322,0.9839079891540249,,24,24,24.0,48.0,500,0.0,0.0,26.850517799433476,4.007083365193013,1.9186447917215173,,,
R3,Stationary_WN,0.04188581076793707,0.21433225548215085,,None,15,,,500,0.0,0.0,0.0,0.0,5.1982394410224515,,,
R4,Trending_ExponentialGrowth,0.9879033300794761,0.39300569498490634,0.3287552105433549,None,24,,,500,,,0.0,0.0,0.88980412545603,,,
R1,Composite,0.9993417430524434,0.9876287734316352,0.8707268860244739,12,12,12.0,24.0,500,0.3056639909787941,-4.08269633687775e-05,13.421198392527835,7.500617382309228,1.457986458779805,,,
R2,Seasonal,0.7256115151179023,0.9463367247854537,,12,12,12.0,24.0,500,0.0,0.0,13.374363209636062,5.954029035224594,1.1335512546075552,,,
R3,Stationary_WN,0.08089328452105482,0.21549283019092957,,None,9,,,500,0.0,0.0,0.0,0.0,6.93159980639718,,,
R4,Trending_ExponentialGrowth,0.9993120947871661,0.3149108095635599,0.29572542417135195,None,24,,,500,,,0.0,0.0,0.6101434273458212,,,
R1,Composite,0.9998595249047455,0.9984401264415234,0.9728664691910305,48,50,48.0,96.0,500,0.29560706152440674,3.05444691288149e-05,19.843228941795385,7.735653734741536,0.767540037344273,,,
R2,Seasonal,0.6445913801685137,0.9585608814265417,,48,50,48.0,96.0,500,0.0,0.0,19.04389872783451,6.4153086297989335,0.9444143601461888,,,
R3,Stationary_AR,0.03898582203262757,0.14231655163952928,,None,50,,,500,0.0,0.0,0.0,0.0,5.0,0.6842634827421927,,
R4,Trending_RandomWalkDrift,0.9993749230954451,0.6122010828818444,0.8185164622950756,None,24,,,500,,,0.0,0.0,1.2540319891936231,,,0.21594159583946293
R1,Composite,0.9998094892215658,0.9979612999998707,0.9575914224248363,24,24,24.0,48.0,500,-0.16654109348322518,-4.974303408964895e-05,11.759651869734377,4.74106963146569,0.6288882278398902,,,
R2,Seasonal,0.6356858050809364,0.9365634758121576,,24,24,24.0,48.0,500,0.0,0.0,17.033148513741374,6.932326498113295,1.9476216914305469,,,
R3,Stationary_WN,0.1242476822677202,0.13778389629734877,,None,3,,,500,0.0,0.0,0.0,0.0,10.97498631743247,,,
R4,Trending_ExponentialGrowth,0.999818443479505,0.3942812594765387,0.34807042232224084,None,24,,,500,,,0.0,0.0,0.512325668823909,,,
R1,Composite,0.9996964944704012,0.9934736474848703,0.6431255212376981,36,36,36.0,72.0,500,-0.3142111344689619,-2.769523922736708e-05,14.221698169599556,2.190269801913324,1.2644870084641444,,,
R2,Seasonal,0.6119841336699303,0.9854833759080476,,36,36,36.0,72.0,500,0.0,0.0,23.160864487146902,4.138157485176358,1.2843316437071706,,,
R3,Stationary_WN,0.004256462223408586,0.4559845174664211,,None,167,,,500,0.0,0.0,0.0,0.0,12.428549953065502,,,
R4,Trending_MeanShift,0.9999602354199079,0.9998411070233697,0.0,None,250,,,500,,,0.0,0.0,0.8354292976189102,,250.0,
R1,Composite,0.99566086091405,0.9839614315290284,0.7580493282378954,48,50,48.0,96.0,500,0.12020355263381322,-3.443101810603991e-05,11.454257258385674,3.282215542241931,1.344688683900803,,,
R2,Seasonal,0.4677118651394102,0.9830342813488314,,48,50,48.0,96.0,500,0.0,0.0,25.06082461791854,4.111009350915333,0.6712396047750278,,,
R3,Stationary_AR,0.08317755635090085,0.26381213269960235,,None,16,,,500,0.0,0.0,0.0,0.0,5.0,0.4067377902161094,,
R4,Trending_ExponentialGrowth,0.9997007422183143,0.4291666822929886,0.42860769174078406,None,24,,,500,,,0.0,0.0,0.5896171567668383,,,
R1,Composite,0.9997795645161666,0.9976591927125666,0.8576287420163469,48,50,48.0,96.0,500,-0.30304738529534003,-1.924332092584886e-05,20.145076168949753,2.5147499889975187,0.9216655357294764,,,
R2,Seasonal,0.63075667927427,0.9505636355558091,,48,50,48.0,96.0,500,0.0,0.0,23.92565703146972,8.849416844083747,1.4773642393526987,,,
R3,Stationary_AR,0.09472455067700813,0.08681462402807183,,None,33,,,500,0.0,0.0,0.0,0.0,5.0,0.5762131836395407,,
R4,Trending_ExponentialGrowth,0.9996249565116543,0.34055620050287316,0.4110753149504053,None,24,,,500,,,0.0,0.0,0.7275356342883366,,,
R1,Composite,0.9965997021099386,0.9958303317658798,0.7929650585792861,12,12,12.0,24.0,500,0.10352340334140825,4.573026482875585e-05,23.136737152130358,5.511104270555659,1.414016573697589,,,
R2,Seasonal,0.7227045165580939,0.9658769298318297,,12,12,12.0,24.0,500,0.0,0.0,26.41231716549557,9.171563497929577,1.5932047126329543,,,
R3,Stationary_AR,0.09059809436673527,0.3039860481420894,,None,42,,,500,0.0,0.0,0.0,0.0,5.0,0.662653809650517,,
R4,Trending_RandomWalkDrift,0.998559437671051,0.7400633953020526,0.888099394375779,None,24,,,500,,,0.0,0.0,1.448378312598013,,,-0.2379242506652795
R1,Composite,0.9981979500316454,0.9899001298334807,0.7847922686616313,48,50,48.0,96.0,500,0.13984292437205675,4.553097181239254e-05,14.655420527661384,4.103815385729718,1.4900143845163198,,,
R2,Seasonal,0.5675188334587082,0.9647514925511396,,48,50,48.0,96.0,500,0.0,0.0,29.9600639112904,8.469078522498894,1.9863786612377388,,,
R3,Stationary_WN,0.17963921379397318,0.2314493654000378,,None,4,,,500,0.0,0.0,0.0,0.0,9.80497901912214,,,
R4,Trending_MeanShift,0.9998833546763742,0.9995330757811558,0.0,None,250,,,500,,,0.0,0.0,0.975544061425914,,250.0,
R1,Composite,0.9990693929293445,0.9917879571947739,0.7797995984211542,24,24,24.0,48.0,500,0.1430104779553564,1.5268843796703188e-05,10.192711863131418,2.9342765179258326,0.9969370553680436,,,
R2,Seasonal,0.6135306504376525,0.9710760483666386,,24,24,24.0,48.0,500,0.0,0.0,23.284791590360264,6.235041543011723,1.9811146772938426,,,
R3,Stationary_AR,0.12294624441673929,0.3075929516161766,,None,36,,,500,0.0,0.0,0.0,0.0,5.0,0.456949392803508,,
R4,Trending_MeanShift,0.9999150613892783,0.9996532249980964,0.0,None,250,,,500,,,0.0,0.0,0.5623950434654871,,250.0,
R1,Composite,0.999814638679918,0.9994265156463542,0.9438329994552982,12,12,12.0,24.0,500,-0.20908564659420203,3.777667542110473e-05,22.181650563716452,4.313067829264184,0.5476615513667836,,,
R2,Seasonal,0.7076907726642108,0.9681812463879802,,12,12,12.0,24.0,500,0.0,0.0,16.7882897839484,5.4626463497557305,1.22764156667292,,,
R3,Stationary_AR,0.05413511850684549,0.4926438457797565,,None,167,,,500,0.0,0.0,0.0,0.0,5.0,0.6503109311809268,,
R4,Trending_ExponentialGrowth,0.9982113180837534,0.36202669826277956,0.3233692407990282,None,24,,,500,,,0.0,0.0,1.0667403464215846,,,
R1,Composite,0.9995747464645767,0.9959466762819518,0.859571208755631,36,36,36.0,72.0,500,0.20643746738143148,-4.3332366339042067e-05,12.08120413348195,3.3026740878249794,0.8548808853762543,,,
R2,Seasonal,0.6968826439569578,0.9267581113826401,,36,36,36.0,72.0,500,0.0,0.0,11.986882576121232,6.135045667733129,0.8706897796154156,,,
R3,Stationary_WN,0.18560531305492756,0.09731048937121423,,None,2,,,500,0.0,0.0,0.0,0.0,6.95486645100016,,,
R4,Trending_ExponentialGrowth,0.9994742840239076,0.3302881009410854,0.2793548671560019,None,24,,,500,,,0.0,0.0,0.8186967498008342,,,
R1,Composite,0.9996009431659684,0.9801761645652627,0.8546802109421214,48,50,48.0,96.0,500,0.32261082859725854,-2.3721980499413525e-05,9.204453441579266,5.010395480925292,1.47978120519154,,,
R2,Seasonal,0.6660656381119514,0.9455257947001131,,48,50,48.0,96.0,500,0.0,0.0,26.475598352345497,10.955462100819489,0.6211654405435567,,,
R3,Stationary_WN,0.03947910799038601,0.17040135360649744,,None,9,,,500,0.0,0.0,0.0,0.0,9.224397570509568,,,
R4,Trending_MeanShift,0.9998768685306225,0.9995022702368341,0.0,None,250,,,500,,,0.0,0.0,1.043642442003147,,250.0,
R1,Composite,0.9999481848266254,0.9993224222906029,0.9785624386538625,12,12,12.0,24.0,500,0.38237975758215104,3.37429521345532e-05,22.37749249407403,7.891301913498164,0.6175000199516468,,,
R2,Seasonal,0.7127633744750882,0.981367624395082,,12,12,12.0,24.0,500,0.0,0.0,19.625680649482007,4.841107649364065,1.077946545365149,,,
R3,Stationary_AR,0.03583873251417813,0.30136224659041255,,None,125,,,500,0.0,0.0,0.0,0.0,5.0,0.5989665362145125,,
R4,Trending_MeanShift,0.9999874246319008,0.9999498087278754,0.03410370403331575,None,250,,,500,,,0.0,0.0,0.730971297767197,,250.0,
R1,Composite,0.9996978839301062,0.9971038154192848,0.778600719156095,24,24,24.0,48.0,500,-0.31314322529196925,2.8965964007340254e-05,19.356148228923523,3.1756284145666993,1.13139912011209,,,
R2,Seasonal,0.6734819537722441,0.9226546056402897,,24,24,24.0,48.0,500,0.0,0.0,11.728023183360223,5.8883566388943995,1.215240015977194,,,
R3,Stationary_AR,0.15518125613361944,0.26529151420491215,,None,22,,,500,0.0,0.0,0.0,0.0,5.0,0.5983653467725062,,
R4,Trending_MeanShift,0.9999438043195061,0.9997743673326559,0.0,None,250,,,500,,,0.0,0.0,1.2373787778531051,,250.0,
R1,Composite,0.9995771074246811,0.9961434601481187,0.8134391599252253,12,12,12.0,24.0,500,-0.33649200857123773,1.2305898723144853e-05,22.22722685877211,5.158282690301592,1.4346382596818197,,,
R2,Seasonal,0.7427286904104018,0.9477362815582723,,12,12,12.0,24.0,500,0.0,0.0,17.518687139008335,8.033476801233354,0.9294382096040251,,,
R3,Stationary_AR,0.0,0.14911797800942772,,None,100,,,500,0.0,0.0,0.0,0.0,5.0,0.6282900220538561,,
R4,Trending_ExponentialGrowth,0.9985045197398726,0.36227756654795484,0.29005374494391456,None,24,,,500,,,0.0,0.0,0.851023638057256,,,
R1,Composite,0.9992557679499767,0.998175052467636,0.8543689245816479,12,12,12.0,24.0,500,-0.11244656301538603,1.3827566189372304e-05,13.703251511499083,2.7429647053166537,0.6390367101536577,,,
R2,Seasonal,0.7425694214764353,0.9591938315357297,,12,12,12.0,24.0,500,0.0,0.0,23.34056293988374,9.293448473376898,1.0818164992802672,,,
R3,Stationary_AR,0.00589376405158859,0.5597000911459503,,None,167,,,500,0.0,0.0,0.0,0.0,5.0,0.4014511153361985,,
R4,Trending_RandomWalkDrift,0.9997527888067538,0.6344925162551467,0.8617585538219755,None,24,,,500,,,0.0,0.0,1.3549754666511473,,,0.3013907940464108
R1,Composite,0.9993081929460513,0.9982945322046776,0.949438687963624,36,36,36.0,72.0,500,-0.10840335028546737,-4.500683088491108e-05,17.145062725288923,5.820234566500459,0.7102674662316345,,,
R2,Seasonal,0.719267060791988,0.9230755022557302,,36,36,36.0,72.0,500,0.0,0.0,19.448548922686566,10.733502767733992,0.6807276946568224,,,
R3,Stationary_WN,0.18670500326700268,0.10137202133447698,,None,2,,,500,0.0,0.0,0.0,0.0,7.239793025499845,,,
R4,Trending_ExponentialGrowth,0.9856932645891571,0.4060487363433656,0.31091143779327424,None,24,,,500,,,0.0,0.0,1.4832425709164387,,,
R1,Composite,0.9996508766304384,0.9930353047815506,0.907036788907058,24,24,24.0,48.0,500,0.22313275629087598,-3.861592539803717e-05,9.028266928935615,4.452587557311418,0.7894811565195134,,,
R2,Seasonal,0.6344957818706096,0.9738889713257224,,24,24,24.0,48.0,500,0.0,0.0,21.37537213000178,5.6195394869373665,1.581451863673059,,,
R3,Stationary_WN,0.24651909343537304,0.19198968851998932,,None,2,,,500,0.0,0.0,0.0,0.0,8.464850768199723,,,
R4,Trending_ExponentialGrowth,0.9983642963843231,0.40214726066437323,0.3268915009333947,None,24,,,500,,,0.0,0.0,0.9031847094182314,,,
R1,Composite,0.9994241318337136,0.9984918430514009,0.9079694882848384,36,36,36.0,72.0,500,0.17644450039095122,2.3735282013230103e-05,23.673748877728556,5.4105649961213516,0.9345080976489953,,,
R2,Seasonal,0.7161596302881539,0.9432525266971642,,36,36,36.0,72.0,500,0.0,0.0,13.709178491143826,6.446525164149487,0.5105757358770996,,,
R3,Stationary_WN,0.2653889073571879,0.17672419832906605,,None,2,,,500,0.0,0.0,0.0,0.0,6.064936913198046,,,
R4,Trending_RandomWalkDrift,0.9919957516989961,0.8608240265681886,0.4944818672794328,None,250,,,500,,,0.0,0.0,0.8812510422800457,,,-0.4041849349600235
R1,Composite,0.9999432935083876,0.9985464144969418,0.8511938519692389,24,24,24.0,48.0,500,0.3540914847741309,1.1908318804689997e-05,14.463212934495983,2.276965981032503,0.6383223912997867,,,
R2,Seasonal,0.650357836586819,0.9676597731979573,,24,24,24.0,48.0,500,0.0,0.0,20.768854499868002,6.291200039627623,1.474848813949516,,,
R3,Stationary_AR,0.037689303768421945,0.8822828161619113,,None,250,,,500,0.0,0.0,0.0,0.0,5.0,0.5738519190400542,,
R4,Trending_RandomWalkDrift,0.9920264859292036,0.6262673776871476,0.0,None,167,,,500,,,0.0,0.0,1.466895678522798,,,-0.3291454072678207
R1,Composite,0.9997742952262301,0.9986641850790895,0.8442117825137159,12,12,12.0,24.0,500,-0.2624540064897207,3.4955731466436615e-05,20.451696278456566,3.328117459136113,0.891451034421697,,,
R2,Seasonal,0.7339059630559142,0.9691539131637819,,12,12,12.0,24.0,500,0.0,0.0,22.72587179079892,7.696069932402611,1.1532211171987719,,,
R3,Stationary_WN,0.23019032772614523,0.1192854864462558,,None,2,,,500,0.0,0.0,0.0,0.0,12.899204986440314,,,
R4,Trending_RandomWalkDrift,0.998353082054429,0.6961167012176945,0.8802946264631341,None,24,,,500,,,0.0,0.0,0.8371864365994776,,,-0.14922381890815006
R1,Composite,0.9998920956862182,0.9967523136307864,0.95275584139179,12,12,12.0,24.0,500,0.37204665480277754,-2.0921644989303827e-05,13.411038159777311,6.821930707177099,0.7586716610333388,,,
R2,Seasonal,0.7066385597153708,0.9791903719221647,,12,12,12.0,24.0,500,0.0,0.0,23.134967112261684,5.884887262241343,1.381767353034692,,,
R3,Stationary_WN,0.10670986307217967,0.32223449293781314,,None,19,,,500,0.0,0.0,0.0,0.0,9.129243026992846,,,
R4,Trending_ExponentialGrowth,0.9976661232985133,0.3822620058483891,0.3294431886088889,None,24,,,500,,,0.0,0.0,1.4970897478037732,,,
R1,Composite,0.99990947436105,0.9993323443562595,0.9279263357738392,36,36,36.0,72.0,500,0.28944434124720797,-3.124880764982393e-05,20.491564417473214,3.5518797140950618,0.6035586125094812,,,
R2,Seasonal,0.6335118459688851,0.9560087194869307,,36,36,36.0,72.0,500,0.0,0.0,21.897073638286138,7.5012690418481585,1.9587726458072527,,,
R3,Stationary_AR,0.08626148902632713,0.36560380320090546,,None,71,,,500,0.0,0.0,0.0,0.0,5.0,0.6552294930187533,,
R4,Trending_ExponentialGrowth,0.9701526436794643,0.352738668691984,0.2795822436770776,None,24,,,500,,,0.0,0.0,1.1844232928951768,,,
R1,Composite,0.999590105958447,0.9965997757890956,0.7939522106644792,36,36,36.0,72.0,500,0.16162537147565076,-2.487537899852263e-05,10.556795647057122,2.0070210471930663,0.6285707145117793,,,
R2,Seasonal,0.4671912477586213,0.9440562458934975,,36,36,36.0,72.0,500,0.0,0.0,14.410003452448198,4.324602096478765,1.8162003786756273,,,
R3,Stationary_WN,0.01985328383438445,0.14341345880316947,,None,6,,,500,0.0,0.0,0.0,0.0,5.388752407714708,,,
R4,Trending_MeanShift,0.9997748712263509,0.9990947797946806,0.0,None,250,,,500,,,0.0,0.0,1.3267410989583737,,250.0,
R1,Composite,0.9996666466035959,0.9954763552696906,0.6561046122439101,12,12,12.0,24.0,500,-0.35433444393196434,-3.6623155201850407e-05,20.50326064880955,3.033048473839684,1.4614717618830952,,,
R2,Seasonal,0.7405620711339354,0.8915442618914788,,12,12,12.0,24.0,500,0.0,0.0,16.53140184226652,11.260328511854834,1.3237011030829322,,,
R3,Stationary_AR,0.25857188597346037,0.28407263040666586,,None,16,,,500,0.0,0.0,0.0,0.0,5.0,0.529665152240353,,
R4,Trending_MeanShift,0.9999079254310803,0.9996331949452206,0.18016600089085466,None,250,,,500,,,0.0,0.0,1.430486535327224,,250.0,
R1,Composite,0.9992844014756775,0.9986499593682175,0.9270943974286733,24,24,24.0,48.0,500,-0.16667759524499584,3.8809320585983176e-05,21.731477220433867,5.154832005821476,0.8349215225647223,,,
R2,Seasonal,0.6778161858100613,0.9766779831152765,,24,24,24.0,48.0,500,0.0,0.0,15.460302618495184,4.108763055000378,0.7847664012963798,,,
R3,Stationary_WN,0.11219694750296849,0.2887075486285614,,None,10,,,500,0.0,0.0,0.0,0.0,10.009084699260919,,,
R4,Trending_ExponentialGrowth,0.9991419482145807,0.4102098325537662,0.4038476528530047,None,24,,,500,,,0.0,0.0,1.0070643383854447,,,
R1,Composite,0.9999554995384013,0.998067436578296,0.8712661838511027,24,24,24.0,48.0,500,-0.3508209060116846,3.0849969344095195e-05,10.29044897248159,2.094786393304359,0.5283225164938973,,,
R2,Seasonal,0.6946659899014689,0.9366705293273954,,24,24,24.0,48.0,500,0.0,0.0,15.237807600875673,7.276220320453875,0.9356440505998602,,,
R3,Stationary_AR,0.2682213590956848,0.9461149571416074,,None,250,,,500,0.0,0.0,0.0,0.0,5.0,0.575192658076674,,
R4,Trending_MeanShift,0.9995802374272368,0.9983616165052669,0.0,None,250,,,500,,,0.0,0.0,1.241804001542873,,250.0,
R1,Composite,0.9992744906105534,0.9941342543899274,0.7084314755152632,12,12,12.0,24.0,500,0.23228564184504438,-3.046781612332121e-05,15.629232990301691,3.337390727758505,1.196020094775763,,,
R2,Seasonal,0.7257580921780393,0.9288884663169215,,12,12,12.0,24.0,500,0.0,0.0,14.199911476436423,7.3315348053255756,1.4327593499085454,,,
R3,Stationary_WN,0.2084796961947255,0.16738300468417722,,None,4,,,500,0.0,0.0,0.0,0.0,7.5593401790504196,,,
R4,Trending_MeanShift,0.9996909489262589,0.9987993965066527,0.0,None,250,,,500,,,0.0,0.0,1.2201844805811248,,250.0,
R1,Composite,0.999237112968902,0.9972998677324576,0.9523071755107834,24,24,24.0,48.0,500,-0.14152527939342952,3.299542327784813e-05,13.279447744458157,5.761596866183436,0.8680817298438076,,,
R2,Seasonal,0.6981350482251818,0.9500218479728825,,24,24,24.0,48.0,500,0.0,0.0,27.37370046097706,11.508836870699884,1.5350684124247798,,,
R3,Stationary_WN,0.19114274074161852,0.19261840826574106,,None,3,,,500,0.0,0.0,0.0,0.0,7.706240762734798,,,
R4,Trending_RandomWalkDrift,0.9181073603522766,0.3320172065781084,0.0,None,167,,,500,,,0.0,0.0,0.5269086033197039,,,-0.34640933029035115
R1,Composite,0.9998845010858727,0.9960092578632812,0.950382110675719,12,12,12.0,24.0,500,0.3675118877948801,2.0030044997760685e-05,12.908680959599849,7.193727308728041,0.8688524980032892,,,
R2,Seasonal,0.049830920900658326,0.9945634574687015,,12,24,12.0,24.0,500,0.0,0.0,12.478569203512537,11.721053686533565,1.0081640450532907,,,
R3,Stationary_WN,0.10275309316596815,0.2917590533038217,,None,11,,,500,0.0,0.0,0.0,0.0,11.520462166334884,,,
R4,Trending_MeanShift,0.9999775964211772,0.9999103227904762,0.0,None,250,,,500,,,0.0,0.0,0.7362756182162606,,250.0,
R1,Composite,0.9978060442402136,0.9903457426802406,0.9229974613994744,24,24,24.0,48.0,500,-0.14065149907017999,2.600779918492904e-05,12.083208336272772,7.707866555387697,1.3501118915139652,,,
R2,Seasonal,0.7073248063097113,0.9560493912496403,,24,24,24.0,48.0,500,0.0,0.0,20.12735482309743,8.099410274103905,0.5527706737840592,,,
R3,Stationary_WN,0.192024364029028,0.10656887559920913,,None,3,,,500,0.0,0.0,0.0,0.0,6.345966196388357,,,
R4,Trending_ExponentialGrowth,0.9967921025986366,0.3306387659622214,0.3272919148975795,None,24,,,500,,,0.0,0.0,0.6299417258086274,,,
R1,Composite,0.999733660426679,0.9947883434581147,0.8282732165918356,12,12,12.0,24.0,500,-0.23509599076498836,-1.1139763186728798e-05,11.028438606128667,3.403171926951273,0.9543507716095806,,,
R2,Seasonal,0.7502431839225523,0.9568671497763794,,12,12,12.0,24.0,500,0.0,0.0,27.908625655386093,11.796665820818843,0.8941729968789587,,,
R3,Stationary_AR,0.14360832950632996,0.24078766462757084,,None,28,,,500,0.0,0.0,0.0,0.0,5.0,0.54523764920179,,
R4,Trending_ExponentialGrowth,0.9908733156082656,0.38546980947017484,0.297635829497632,None,24,,,500,,,0.0,0.0,0.9162196963356215,,,
R1,Composite,0.9978576926131736,0.9901889126235424,0.5870667132301753,48,50,48.0,96.0,500,0.1523997941996758,1.799258203023205e-05,16.05341961570622,2.0123626697614148,1.449447430233266,,,
R2,Seasonal,0.6473520384153473,0.8933020852359304,,48,50,48.0,96.0,500,0.0,0.0,15.944369221114727,9.151225383269182,1.531763446050697,,,
R3,Stationary_WN,0.07876026505829636,0.2102794695169422,,None,8,,,500,0.0,0.0,0.0,0.0,10.752632374698461,,,
R4,Trending_MeanShift,0.9998250143925727,0.9993127352587569,0.0930282667822393,None,250,,,500,,,0.0,0.0,0.923256909783616,,250.0,
R1,Composite,0.9998227027540249,0.9987478265896366,0.9117493755430157,24,24,24.0,48.0,500,0.27994334549505423,-3.1661953321208704e-05,20.27337190844019,4.220892331594839,0.7336600115181976,,,
R2,Seasonal,0.6149524790737313,0.9891511448006052,,24,24,24.0,48.0,500,0.0,0.0,28.014797196304166,4.451130778629163,1.2891709640670939,,,
R3,Stationary_AR,0.12089262768651654,0.9806296456939902,,None,250,,,500,0.0,0.0,0.0,0.0,5.0,0.6903436439546585,,
R4,Trending_MeanShift,0.9890789611110161,0.9695511635175126,0.0,None,250,,,500,,,0.0,0.0,1.1543165781196179,,250.0,
R1,Composite,0.9997375166658392,0.9971163012043847,0.9254133684113909,12,12,12.0,24.0,500,-0.23264660626047337,-4.083715690851729e-05,15.595665167830717,5.815376701585087,0.9838735046604575,,,
R2,Seasonal,0.7208344543325618,0.9317126392460394,,12,12,12.0,24.0,500,0.0,0.0,19.2971257091095,9.662345509499962,1.7906846713467095,,,
R3,Stationary_WN,0.03589915364999696,0.2680144622044851,,None,45,,,500,0.0,0.0,0.0,0.0,7.658484604792606,,,
R4,Trending_MeanShift,0.9999485960135976,0.9997956455454557,0.0,None,250,,,500,,,0.0,0.0,0.5189758703795091,,250.0,
R1,Composite,0.9998924095337779,0.9990085678774953,0.8801146497694489,36,36,36.0,72.0,500,-0.22555046543635449,-4.3672644624521925e-05,16.58343306573598,2.5797566267360468,0.5343019839011417,,,
R2,Seasonal,0.7026943370757825,0.9770530653232903,,36,36,36.0,72.0,500,0.0,0.0,23.771913312925744,6.713480532200792,0.8510114044533805,,,
R3,Stationary_WN,0.06567855187251848,0.18167057575512102,,None,7,,,500,0.0,0.0,0.0,0.0,12.476946104563076,,,
R4,Trending_ExponentialGrowth,0.9995444436911602,0.408178981469402,0.44884421700139865,None,24,,,500,,,0.0,0.0,0.8606502670011401,,,
R1,Composite,0.9997273411939245,0.9977248966690463,0.9305134863359751,12,12,12.0,24.0,500,0.3067323719162217,1.4244820963415899e-05,22.107437605700785,7.401275157775024,1.2081837108461462,,,
R2,Seasonal,0.7526999523863065,0.9462108816172711,,12,12,12.0,24.0,500,0.0,0.0,24.81319932253764,11.852461712434465,0.5999348811444541,,,
R3,Stationary_AR,0.277698066234472,0.255047947684913,,None,26,,,500,0.0,0.0,0.0,0.0,5.0,0.6895198522257553,,
R4,Trending_ExponentialGrowth,0.9993216220304765,0.435947723322194,0.44078137380553506,None,24,,,500,,,0.0,0.0,1.3759946145284645,,,
R1,Composite,0.9997850966496973,0.9898754841908821,0.6903305405501944,36,36,36.0,72.0,500,0.3987266381246267,4.8419831919927456e-05,12.52824790922489,2.969096654321248,1.2222600488311879,,,
R2,Seasonal,0.5021436977423905,0.9822328684571988,,36,36,36.0,72.0,500,0.0,0.0,26.406957667359848,4.492157671545174,1.986674167725841,,,
R3,Stationary_WN,0.04303563539920008,0.184261397773833,,None,6,,,500,0.0,0.0,0.0,0.0,6.3965153167869655,,,
R4,Trending_MeanShift,0.9997458602280737,0.9990143405868498,0.0,None,250,,,500,,,0.0,0.0,0.9591817886679285,,250.0,
R1,Composite,0.999888887427349,0.9984353068636577,0.9311626549295087,48,50,48.0,96.0,500,-0.3715782420710214,4.959731768997973e-05,19.553252668869685,3.3113319672308714,0.5335233676578569,,,
R2,Seasonal,0.4153798752005934,0.9794614885705137,,48,50,48.0,96.0,500,0.0,0.0,27.22982657630984,4.5400664778816555,0.9668135353085106,,,
R3,Stationary_AR,0.10006636735572816,0.28466443655745877,,None,45,,,500,0.0,0.0,0.0,0.0,5.0,0.5322773527607146,,
R4,Trending_ExponentialGrowth,0.9961781759278775,0.280108234668089,0.23394234297951277,None,24,,,500,,,0.0,0.0,1.1673595921885003,,,
R1,Composite,0.9996088315172539,0.9987376583269696,0.8422831349393215,36,36,36.0,72.0,500,-0.1925110150293693,1.2352478436249067e-05,21.212617548906117,3.195908811886625,0.7861491540912484,,,
R2,Seasonal,0.6702885241465166,0.9694606588375406,,36,36,36.0,72.0,500,0.0,0.0,25.82439905280065,7.694029636192018,1.5451291356350734,,,
R3,Stationary_AR,0.03358415101522949,0.28117242204922,,None,83,,,500,0.0,0.0,0.0,0.0,5.0,0.6755924325342911,,
R4,Trending_RandomWalkDrift,0.9996826852268177,0.5758259997019899,0.8584762397610419,None,24,,,500,,,0.0,0.0,0.7860447652718845,,,-0.4683665317287672
R1,Composite,0.9986920696496713,0.9971298740421687,0.8092383058302768,12,12,12.0,24.0,500,0.10720495958665517,4.561662870322834e-05,17.909101591219457,3.5988465401506167,0.9699187317100141,,,
R2,Seasonal,0.7405633119878374,0.9836427468839933,,12,12,12.0,24.0,500,0.0,0.0,28.90046033805673,7.152808620211412,0.9130072543052267,,,
R3,Stationary_AR,0.23740545250716794,0.21137802227802827,,None,11,,,500,0.0,0.0,0.0,0.0,5.0,0.4443260805749808,,
R4,Trending_RandomWalkDrift,0.9966451447483717,0.6011639767840684,0.8646632460031711,None,24,,,500,,,0.0,0.0,0.8016610710036989,,,0.10190711118304074
R1,Composite,0.9992040073054538,0.9949652189343986,0.837004484671161,36,36,36.0,72.0,500,0.21265944029016087,4.1982230103099944e-05,18.695269369348544,5.369812563235727,1.3649856714029718,,,
R2,Seasonal,0.6942743197779423,0.9480914497814282,,36,36,36.0,72.0,500,0.0,0.0,18.82586755322005,7.844558151964107,1.3266992795608208,,,
R3,Stationary_WN,0.15511852103464308,0.13162380268527052,,None,3,,,500,0.0,0.0,0.0,0.0,9.87728829749783,,,
R4,Trending_MeanShift,0.9883352481356951,0.93009806141075,0.0,None,250,,,500,,,0.0,0.0,1.2564113620296862,,250.0,
R1,Composite,0.9999098707017349,0.9952379956350695,0.9599092475272382,36,36,36.0,72.0,500,-0.32364978988120485,-2.9933596967422374e-05,9.506376173771404,6.118148108279586,0.7207424355962523,,,
R2,Seasonal,0.6863982857654243,0.8738790048179159,,36,36,36.0,72.0,500,0.0,0.0,13.393676479560508,9.090178376345555,1.5277554915038651,,,
R3,Stationary_WN,0.006943863307647069,0.4029112224906205,,None,167,,,500,0.0,0.0,0.0,0.0,9.910907800859349,,,
R4,Trending_MeanShift,0.9981701400176609,0.9922540617008998,0.0,None,250,,,500,,,0.0,0.0,0.9224871017245934,,250.0,
R1,Composite,0.9996756731097795,0.9952034488329341,0.8296445287792128,36,36,36.0,72.0,500,-0.38146101588419834,1.884421882388303e-05,19.841003594693987,5.274162877766306,1.4086292569299026,,,
R2,Seasonal,0.703840428098691,0.8168333108664871,,36,36,36.0,72.0,500,0.0,0.0,11.448133708714916,10.106476410107838,1.1028537062894468,,,
R3,Stationary_AR,0.14494824806981732,0.13115427159347393,,None,21,,,500,0.0,0.0,0.0,0.0,5.0,0.5828531895451914,,
R4,Trending_ExponentialGrowth,0.9915929362027693,0.2858423247765054,0.3660537079015401,None,24,,,500,,,0.0,0.0,0.9130058272514638,,,
R1,Composite,0.9988815014736327,0.9938034608324343,0.7977761511783676,24,24,24.0,48.0,500,-0.1267515225501223,4.223970087049297e-05,8.941030945667215,2.436027390570288,0.6545434255778848,,,
R2,Seasonal,0.7063118813206235,0.8560581207747817,,24,24,24.0,48.0,500,0.0,0.0,11.78341867554135,9.093876541841817,0.6970352840423617,,,
R3,Stationary_WN,0.022877588578350982,0.2508846751872372,,None,45,,,500,0.0,0.0,0.0,0.0,7.051499716929821,,,
R4,Trending_ExponentialGrowth,0.998741882533795,0.3184170677676015,0.29497437208283994,None,24,,,500,,,0.0,0.0,0.7099337163378809,,,
R1,Composite,0.9990794903592064,0.9980345564534411,0.8868733130008795,12,12,12.0,24.0,500,0.1426207920262979,-1.9482803934429594e-05,18.455193274912,4.4558460283155075,0.8033241117351752,,,
R2,Seasonal,0.6709458971868337,0.9734254227096854,,12,12,12.0,24.0,500,0.0,0.0,14.856201789351683,4.08349351497971,1.1626271886606039,,,
R3,Stationary_WN,0.11370385358228086,0.07297934039483,,None,6,,,500,0.0,0.0,0.0,0.0,10.061063514898134,,,
R4,Trending_MeanShift,0.9999580675987322,0.9998324825786674,0.0,None,250,,,500,,,0.0,0.0,0.5691591490791209,,250.0,
R1,Composite,0.9989378938574421,0.9952186999480835,0.907531098869121,24,24,24.0,48.0,500,0.15464966782450182,3.807476193013724e-05,16.65201618945856,6.571906882063858,1.268854486437253,,,
R2,Seasonal,0.708474201333837,0.9682504930519049,,24,24,24.0,48.0,500,0.0,0.0,26.536599641575428,9.042746214430302,0.6294741617942108,,,
R3,Stationary_AR,0.17038526842361024,0.3339766605471065,,None,36,,,500,0.0,0.0,0.0,0.0,5.0,0.6291779277437084,,
R4,Trending_MeanShift,0.9912648412032684,0.9552645631774603,0.0,None,250,,,500,,,0.0,0.0,0.6685418809213596,,250.0,
R1,Composite,0.9997359855069294,0.9929261672455744,0.7589288354670933,24,24,24.0,48.0,500,0.3268258457219208,1.1093290638652072e-05,12.79117124472432,3.0710835324729633,1.0659901865893495,,,
R2,Seasonal,0.6181596815951691,0.9865962102934244,,24,24,24.0,48.0,500,0.0,0.0,23.019749960786587,4.135305599397793,1.291888276497289,,,
R3,Stationary_AR,0.039199271566924154,0.2550140811349071,,None,100,,,500,0.0,0.0,0.0,0.0,5.0,0.69166982705612,,
R4,Trending_RandomWalkDrift,0.9951149194305795,0.8451659567344689,0.0,None,250,,,500,,,0.0,0.0,1.1016441487248292,,,0.3132232463877488
R1,Composite,0.9998964973605284,0.9977481222248851,0.8840116376577299,24,24,24.0,48.0,500,0.37833154577255657,-3.376472368144801e-05,15.749265617157004,3.5669018183329797,0.816761302429009,,,
R2,Seasonal,0.6840727061018267,0.9605527943919704,,24,24,24.0,48.0,500,0.0,0.0,27.003113173753057,9.529195890491362,1.6751038184198286,,,
R3,Stationary_WN,0.1484128617413537,0.1922768910808924,,None,5,,,500,0.0,0.0,0.0,0.0,8.019194098375003,,,
R4,Trending_RandomWalkDrift,0.9997320967410023,0.6740561048902174,0.8730983106338199,None,24,,,500,,,0.0,0.0,1.4001121334478825,,,-0.489492839130933
R1,Composite,0.9996882686441326,0.9957067698461491,0.8350983004716688,48,50,48.0,96.0,500,-0.30309731534173645,-2.7444822574116294e-05,17.98100537774077,3.153218708622922,1.0287850345662317,,,
R2,Seasonal,0.633429587229559,0.8872966455080877,,48,50,48.0,96.0,500,0.0,0.0,11.829171407246509,6.873453138967689,1.4240183316435515,,,
R3,Stationary_AR,0.1499551546372423,0.23585936639428695,,None,14,,,500,0.0,0.0,0.0,0.0,5.0,0.43308268838322833,,
R4,Trending_RandomWalkDrift,0.9994804867341941,0.6437227001705567,0.878760933790413,None,24,,,500,,,0.0,0.0,0.8639128292424006,,,-0.3205826121514104
R1,Composite,0.9999106288300307,0.9962759372344974,0.8959352862091197,48,50,48.0,96.0,500,-0.39099913400341846,-2.9848111191928945e-05,13.219655011659487,3.3688613813626738,0.8288779814875953,,,
R2,Seasonal,0.03422506694143801,0.9857935343885225,,48,100,48.0,96.0,500,0.0,0.0,13.104261516779474,11.425738959929745,0.7839423964647433,,,
R3,Stationary_AR,0.3313558301637033,0.29297815306501984,,None,7,,,500,0.0,0.0,0.0,0.0,5.0,0.4219479655790564,,
R4,Trending_ExponentialGrowth,0.9912692934554467,0.3361075345048141,0.28538849180929005,None,24,,,500,,,0.0,0.0,0.7701454651008063,,,
R1,Composite,0.9985742284349406,0.9902909264532922,0.8946587291360071,48,50,48.0,96.0,500,0.16126940274610188,4.0622505630937346e-05,14.816419050929763,6.576646883677531,1.3926603132066635,,,
R2,Seasonal,0.6068736641278489,0.9569507503968645,,48,50,48.0,96.0,500,0.0,0.0,29.47203088175626,9.505848299664414,1.7698787972921721,,,
R3,Stationary_WN,0.13856423142346763,0.11549254557045052,,None,3,,,500,0.0,0.0,0.0,0.0,11.734189597403404,,,
R4,Trending_ExponentialGrowth,0.9997349140405294,0.42782311789429905,0.3990588447391308,None,24,,,500,,,0.0,0.0,0.7505803918073833,,,
R1,Composite,0.999811451099521,0.9958488276263201,0.9204710832848332,24,24,24.0,48.0,500,0.3699289109428271,4.063194802960132e-05,16.79097157856736,6.6963429432804285,1.1874386982138767,,,
R2,Seasonal,0.6607274879851943,0.8626334711407975,,24,24,24.0,48.0,500,0.0,0.0,14.135181690290523,9.603794172286253,1.9513605826795806,,,
R3,Stationary_AR,0.3193283108787308,0.1979298021902809,,None,12,,,500,0.0,0.0,0.0,0.0,5.0,0.5029601086309643,,
R4,Trending_RandomWalkDrift,0.999508152355838,0.9726496765337866,0.9341789645670473,None,125,,,500,,,0.0,0.0,0.8415518539805296,,,0.40681938637841697
R1,Composite,0.9999430530576459,0.9982207230695074,0.896141552261399,48,50,48.0,96.0,500,-0.3882697161103492,2.220827490767542e-05,14.266820575359247,2.197012153087183,0.5608532619685642,,,
R2,Seasonal,0.6616465675194625,0.8979437657453613,,48,50,48.0,96.0,500,0.0,0.0,13.10897195657762,7.5647446709817565,1.175066381495043,,,
R3,Stationary_WN,0.14917352757923463,0.1172664483298752,,None,4,,,500,0.0,0.0,0.0,0.0,5.2155175919490855,,,
R4,Trending_RandomWalkDrift,0.9916596546453141,0.92004957536358,0.0,None,250,,,500,,,0.0,0.0,1.3311805242286785,,,0.30623489276145244
R1,Composite,0.9993343165443609,0.9970357314690552,0.9018915989462218,48,50,48.0,96.0,500,-0.23189884001219827,1.3021704032829129e-05,22.400740942794787,5.228283741327468,1.2773411860673896,,,
R2,Seasonal,0.5232527757364686,0.9729412317207959,,48,50,48.0,96.0,500,0.0,0.0,23.325040304509056,5.304248239797711,1.716997183117211,,,
R3,Stationary_AR,0.2798720038267638,0.210124632331961,,None,14,,,500,0.0,0.0,0.0,0.0,5.0,0.6833389652830233,,
R4,Trending_MeanShift,0.9987402829687739,0.9951971160471941,0.0,None,250,,,500,,,0.0,0.0,0.7561385108989107,,250.0,
R1,Composite,0.9990869859992263,0.9965078790025891,0.8545106517881274,12,12,12.0,24.0,500,-0.15505678467257655,-4.1677910370567126e-05,18.37142914873806,4.8194459368153275,1.1898817794006429,,,
R2,Seasonal,0.7356682484808513,0.9848119529429581,,12,12,12.0,24.0,500,0.0,0.0,19.24283396144598,4.604406182061282,0.6795747500349714,,,
R3,Stationary_AR,0.17339683687762986,0.16612888964194972,,None,15,,,500,0.0,0.0,0.0,0.0,5.0,0.4538849463146978,,
R4,Trending_ExponentialGrowth,0.9879896723588771,0.38902319742412017,0.3001551277896398,None,24,,,500,,,0.0,0.0,0.8155558543174342,,,
R1,Composite,0.9998427082574392,0.9907698801755854,0.9452050564829123,24,24,24.0,48.0,500,0.37583864292504043,-2.1630528729370166e-05,9.407908843713578,7.172739862951823,0.9617178685486436,,,
R2,Seasonal,0.7007658447481937,0.7498718786925995,,24,24,24.0,48.0,500,0.0,0.0,10.664209811746995,11.614191961017683,1.3077666071138925,,,
R3,Stationary_AR,0.23251114301419196,0.26622257971598484,,None,20,,,500,0.0,0.0,0.0,0.0,5.0,0.663230859940638,,
R4,Trending_RandomWalkDrift,0.9920292633823121,0.49515831795077947,0.0,None,250,,,500,,,0.0,0.0,0.5426560424192686,,,0.42211538746929744
R1,Composite,0.9997227665943387,0.9959255291150787,0.6537655217989873,12,12,12.0,24.0,500,0.35654337164060534,-3.832428798265324e-05,17.83431989386654,2.4144592276217276,1.1793836901709165,,,
R2,Seasonal,0.7511023027958683,0.9690666839311652,,12,12,12.0,24.0,500,0.0,0.0,28.852163146894245,10.322808089778865,0.7296669321350434,,,
R3,Stationary_AR,0.09496509610100601,0.2990465273597903,,None,62,,,500,0.0,0.0,0.0,0.0,5.0,0.6997705563672652,,
R4,Trending_ExponentialGrowth,0.9979811154054867,0.35785772549711026,0.29228135899051877,None,24,,,500,,,0.0,0.0,0.5057767648974749,,,
R1,Composite,0.9998602515383651,0.9981662657524482,0.9517372418207627,12,12,12.0,24.0,500,-0.3139506797201659,-3.433781946488057e-05,18.685319215474742,7.00135935946041,0.7976899836011514,,,
R2,Seasonal,0.7468002309790671,0.9147771675326752,,12,12,12.0,24.0,500,0.0,0.0,19.81922938445416,11.951132195270613,1.1223784773720382,,,
R3,Stationary_AR,0.14838408783049517,0.23494233285198052,,None,13,,,500,0.0,0.0,0.0,0.0,5.0,0.470205309707037,,
R4,Trending_RandomWalkDrift,0.9912828683313618,0.8772871788229523,0.5135452837465151,None,167,,,500,,,0.0,0.0,1.3911546309105414,,,0.12440919381240141
R1,Composite,0.9995625268248135,0.9896971700271141,0.8217783580240181,48,50,48.0,96.0,500,0.19246103380920881,-1.1354567262782874e-05,8.034194047964101,2.256286297033742,0.7871106923975106,,,
R2,Seasonal,0.6684929861901864,0.857983306404071,,48,50,48.0,96.0,500,0.0,0.0,12.817425462817113,8.950869801058897,0.9933063600594558,,,
R3,Stationary_AR,0.19063710886001028,0.2952899246796409,,None,33,,,500,0.0,0.0,0.0,0.0,5.0,0.6109959680941461,,
R4,Trending_RandomWalkDrift,0.0,0.5738833598486562,0.0,None,250,,,500,,,0.0,0.0,1.2254427225028035,,,0.12036590379324266
R1,Composite,0.9985264329411567,0.9991187737625671,0.8713356350626058,24,24,24.0,48.0,500,0.11608472584952631,-4.426478107646601e-05,24.89899356848064,3.5508333449973346,0.787336673965095,,,
R2,Seasonal,0.6265569225802455,0.9786616936318864,,24,24,24.0,48.0,500,0.0,0.0,27.05733830685361,6.198279179833764,1.677651534821249,,,
R3,Stationary_AR,0.08040873063150844,0.35035237362233485,,None,33,,,500,0.0,0.0,0.0,0.0,5.0,0.5198967083755283,,
R4,Trending_ExponentialGrowth,0.9939088751677971,0.3866212138917915,0.3460660779753082,None,24,,,500,,,0.0,0.0,1.1702614618180935,,,
R1,Composite,0.9997168862571177,0.9983047846103681,0.923994780517449,48,50,48.0,96.0,500,-0.22429969201386127,-4.001440235131362e-05,20.787725072687564,4.242159282415103,0.715860514096869,,,
R2,Seasonal,0.5834314210414313,0.9496163468783375,,48,50,48.0,96.0,500,0.0,0.0,19.57838549222432,6.830057101595851,1.482918336933273,,,
R3,Stationary_WN,0.0843752428613922,0.1501310891267179,,None,6,,,500,0.0,0.0,0.0,0.0,12.527685834563353,,,
R4,Trending_RandomWalkDrift,0.9146295330948678,0.5286463992182031,0.0,None,250,,,500,,,0.0,0.0,1.2245732543543704,,,0.19448531132118785
R1,Composite,0.9992890833226638,0.9887092099525031,0.8037147482853637,48,50,48.0,96.0,500,-0.16386190445140852,-1.954613583409156e-05,9.07475670578284,2.3227223767080463,0.8376669037367751,,,
R2,Seasonal,0.6438012417022445,0.9647403664478373,,48,50,48.0,96.0,500,0.0,0.0,28.58637650888772,9.000553708573566,1.0765715774262654,,,
R3,Stationary_WN,0.0833133310481955,0.280606985112956,,None,7,,,500,0.0,0.0,0.0,0.0,5.411807538191292,,,
R4,Trending_RandomWalkDrift,0.997381802914733,0.9041091719811934,0.0,None,250,,,500,,,0.0,0.0,1.219051504647103,,,0.1763406992276913
R1,Composite,0.9996874331608717,0.9876403913741166,0.6875612700013183,36,36,36.0,72.0,500,-0.3855522951654208,-4.6869580050776286e-05,13.283042901217534,3.420985486646191,1.4809034173198699,,,
R2,Seasonal,0.6982826371543553,0.9274921714794719,,36,36,36.0,72.0,500,0.0,0.0,10.81803335036669,5.5861296918902354,0.8007513378811755,,,
R3,Stationary_AR,0.06494168765090336,0.2938150809679225,,None,45,,,500,0.0,0.0,0.0,0.0,5.0,0.40902378987837434,,
R4,Trending_RandomWalkDrift,0.9996701712133826,0.6934354456629643,0.877080160192984,None,24,,,500,,,0.0,0.0,1.3183371695735602,,,0.4429457741950106
R1,Composite,0.9999300683011781,0.9990424111497987,0.9529936071442784,36,36,36.0,72.0,500,0.338346698326076,-2.8599945127798766e-05,17.769115184017863,4.5824763239729975,0.6049636913544436,,,
R2,Seasonal,0.7195140357727228,0.9283091171553842,,36,36,36.0,72.0,500,0.0,0.0,19.43516705940655,10.324948951302055,0.5562989212433846,,,
R3,Stationary_AR,0.006548940048728746,0.19046051218821525,,None,83,,,500,0.0,0.0,0.0,0.0,5.0,0.42608944572239216,,
R4,Trending_MeanShift,0.9999412007703969,0.9997630939330927,0.23055819330422678,None,250,,,500,,,0.0,0.0,1.2674276415258774,,250.0,
R1,Composite,0.9997094832214724,0.9946012908707101,0.9058181700353517,48,50,48.0,96.0,500,0.35017521668985574,-4.4410246908899396e-05,16.140881719925137,5.828110032739327,1.3664755360558047,,,
R2,Seasonal,0.5133250194638244,0.9625937513577235,,48,50,48.0,96.0,500,0.0,0.0,18.20462957538332,4.5809813023727575,1.8740147473786433,,,
R3,Stationary_AR,0.2465842864233171,0.17448524885346017,,None,10,,,500,0.0,0.0,0.0,0.0,5.0,0.5636429233946323,,
R4,Trending_RandomWalkDrift,0.9997623480995642,0.754438645992624,0.9162880213555071,None,24,,,500,,,0.0,0.0,1.2351846473720431,,,-0.27773214831504345
R1,Composite,0.9974806254804311,0.9966388756435293,0.930511964032571,24,24,24.0,48.0,500,0.11051989966106335,-2.7675343393614727e-05,17.179647670593475,6.703778722720904,1.0740947690418448,,,
R2,Seasonal,0.7018843375583741,0.9588282050491329,,24,24,24.0,48.0,500,0.0,0.0,18.89491801086322,7.278735161703731,0.8210994997960493,,,
R3,Stationary_AR,0.33766439191349307,0.31142477455408923,,None,15,,,500,0.0,0.0,0.0,0.0,5.0,0.6683347233756897,,
R4,Trending_MeanShift,0.9998628505447053,0.9994524306554019,0.0,None,250,,,500,,,0.0,0.0,1.2118828013158918,,250.0,
R1,Composite,0.99963473616132,0.9940636880462529,0.8862106101308744,12,12,12.0,24.0,500,0.3704021744681898,-3.284162760722749e-05,17.7217586024908,7.475234991910373,1.4230064551003232,,,
R2,Seasonal,0.7304376832918258,0.914194936406873,,12,12,12.0,24.0,500,0.0,0.0,18.519570830177443,10.714883210471166,1.7021086012570104,,,
R3,Stationary_WN,0.24347089259357657,0.2895814187770426,,None,5,,,500,0.0,0.0,0.0,0.0,5.735204613764769,,,
R4,Trending_RandomWalkDrift,0.998067474943037,0.5204822978562678,0.831312617125947,None,24,,,500,,,0.0,0.0,0.652284488283073,,,-0.16070528058675293
R1,Composite,0.9993024816955636,0.9963938635109217,0.885310077738054,12,12,12.0,24.0,500,0.204478504196115,-1.0834445597033398e-05,17.753553060926482,5.801448666315097,1.0602264310159542,,,
R2,Seasonal,0.7502052446824805,0.9381581592703917,,12,12,12.0,24.0,500,0.0,0.0,21.996118692839772,11.315752598189539,0.8914515943744267,,,
R3,Stationary_AR,0.161577406813587,0.3545615840098525,,None,19,,,500,0.0,0.0,0.0,0.0,5.0,0.5003773968968368,,
R4,Trending_RandomWalkDrift,0.997632727577548,0.951380944402287,0.9357511575028028,None,71,,,500,,,0.0,0.0,0.6368213589101411,,,0.11057612070143313
R1,Composite,0.9994121400866022,0.9972775459732085,0.8564950508816142,24,24,24.0,48.0,500,0.24559067852526062,3.6059364648267095e-05,24.597840585190625,5.472520673201375,1.3519949975630876,,,
R2,Seasonal,0.6489241974555571,0.9653700437718578,,24,24,24.0,48.0,500,0.0,0.0,17.26548288983249,5.364863042557015,1.2556476433523351,,,
R3,Stationary_WN,0.09406792736887537,0.09382461503904505,,None,3,,,500,0.0,0.0,0.0,0.0,9.096375623486267,,,
R4,Trending_ExponentialGrowth,0.9965931664723855,0.34977185400233113,0.38879435222797853,None,24,,,500,,,0.0,0.0,0.5635073100891055,,,
R1,Composite,0.999522134469796,0.9779186434525715,0.9154158329490507,24,24,24.0,48.0,500,-0.3112487655479708,1.750277513356498e-05,8.304822282462112,7.94524689594943,1.460421189659946,,,
R2,Seasonal,0.6613634417173946,0.9449242694716926,,24,24,24.0,48.0,500,0.0,0.0,17.44833470124977,7.198871235426668,1.4441192041190427,,,
R3,Stationary_AR,0.22928229067234784,0.3700932662858316,,None,36,,,500,0.0,0.0,0.0,0.0,5.0,0.5854293035063002,,
R4,Trending_ExponentialGrowth,0.9998198557078776,0.4624011413866014,0.5252425376043985,None,24,,,500,,,0.0,0.0,0.540708569441871,,,
R1,Composite,0.9995965428232855,0.9956831968273255,0.8629620300464141,12,12,12.0,24.0,500,-0.2694796751509947,3.4003411958684314e-05,15.878574644816084,4.817031293703352,1.2122290190672387,,,
R2,Seasonal,0.7235685298540347,0.9719738036591381,,12,12,12.0,24.0,500,0.0,0.0,26.537927615140685,8.418206211688481,1.4072610189108952,,,
R3,Stationary_AR,0.08185397243402615,0.8817081577332126,,None,250,,,500,0.0,0.0,0.0,0.0,5.0,0.6835909515201692,,
R4,Trending_MeanShift,0.9988079424593557,0.9954848631835932,0.0,None,250,,,500,,,0.0,0.0,1.387096888923488,,250.0,
R1,Composite,0.9998861786257801,0.9975586559376475,0.8006543221120708,24,24,24.0,48.0,500,0.24959123530335975,4.0655553333145237e-05,11.782239724141116,2.059581322730266,0.597550302120378,,,
R2,Seasonal,0.6278250814676343,0.8854718109498381,,24,24,24.0,48.0,500,0.0,0.0,11.45057178749002,6.4426703661016615,1.9153665080110376,,,
R3,Stationary_WN,0.16017233219837612,0.1863113925439035,,None,4,,,500,0.0,0.0,0.0,0.0,10.521178294663184,,,
R4,Trending_ExponentialGrowth,0.9932051895224037,0.3677745785981682,0.3238615758064307,None,24,,,500,,,0.0,0.0,1.1238319194102715,,,
R1,Composite,0.9998509916197055,0.9936574198753654,0.9285554579742421,48,50,48.0,96.0,500,0.2939044509050938,3.9218924454577196e-05,10.078049791121787,4.909677877800017,0.8513303475086142,,,
R2,Seasonal,0.6117823780404363,0.8219761087600732,,48,50,48.0,96.0,500,0.0,0.0,10.475870435241482,7.608444477315216,1.5276960950100127,,,
R3,Stationary_WN,0.20386553616722325,0.10295282287033891,,None,2,,,500,0.0,0.0,0.0,0.0,9.698051548460235,,,
R4,Trending_MeanShift,0.9999460905965025,0.9997830457459382,0.0,None,250,,,500,,,0.0,0.0,0.6807865559278425,,250.0,
R1,Composite,0.9993747490494138,0.9814908239281257,0.8219005387996804,24,24,24.0,48.0,500,-0.2699780049520877,4.186429042562698e-05,8.86852663806808,4.562231714079373,1.3400009907704682,,,
R2,Seasonal,0.6805591025362466,0.9596447260905242,,24,24,24.0,48.0,500,0.0,0.0,26.59391185639223,9.589166790762981,1.7936959363067118,,,
R3,Stationary_WN,0.1250843943023775,0.1572615309276184,,None,5,,,500,0.0,0.0,0.0,0.0,11.325557234230512,,,
R4,Trending_ExponentialGrowth,0.9993389398904725,0.433387432682969,0.28674759666604344,None,24,,,500,,,0.0,0.0,0.9377202694388456,,,
R1,Composite,0.9998398630711463,0.9965112472082741,0.8805314231287324,12,12,12.0,24.0,500,0.38743869648393725,4.899361335850336e-05,17.874263151111244,5.721032779554879,1.0682045978970065,,,
R2,Seasonal,0.7354663360021773,0.8821757133250612,,12,12,12.0,24.0,500,0.0,0.0,16.601655474399607,11.650477145739044,1.640463102920012,,,
R3,Stationary_WN,0.20648809842446558,0.119942768890687,,None,3,,,500,0.0,0.0,0.0,0.0,5.3602753928741524,,,
R4,Trending_MeanShift,0.9999178636747947,0.9996652799755309,0.0,None,250,,,500,,,0.0,0.0,1.1446397077327681,,250.0,
R1,Composite,0.9996664915704456,0.9841375609671473,0.771887997459433,24,24,24.0,48.0,500,0.3553346613213655,-3.3913191231818153e-05,9.79775347849393,3.4839153262169624,1.3680738097507068,,,
R2,Seasonal,0.6768320948967107,0.8863789305287382,,24,24,24.0,48.0,500,0.0,0.0,15.50838329201647,9.770100182153659,1.8387040588203791,,,
R3,Stationary_WN,0.21846626831699523,0.07415357340203788,,None,2,,,500,0.0,0.0,0.0,0.0,10.396495151965455,,,
R4,Trending_ExponentialGrowth,0.996718088746923,0.4339936222576991,0.3427043490845224,None,24,,,500,,,0.0,0.0,1.1917783768386512,,,
R1,Composite,0.9999197345132605,0.9974810030467492,0.9360921650264025,12,12,12.0,24.0,500,-0.2981032794891405,2.471320524208783e-05,10.375121393605667,3.9610273816389165,0.5838432362129381,,,
R2,Seasonal,0.6393845169066885,0.9420397422326541,,12,12,12.0,24.0,500,0.0,0.0,12.053419420013832,4.737019035539718,1.501944962398921,,,
R3,Stationary_AR,0.09871474721059859,0.15661789447384677,,None,56,,,500,0.0,0.0,0.0,0.0,5.0,0.5641331866496423,,
R4,Trending_RandomWalkDrift,0.0,0.043047975153618134,0.0,None,167,,,500,,,0.0,0.0,0.7482106625955501,,,0.3486491788582527
R1,Composite,0.999908423243581,0.9991266385790504,0.951887582243931,36,36,36.0,72.0,500,0.28886944735243514,-1.6271835819802605e-05,18.466932071318805,4.575871606640439,0.5963176504052881,,,
R2,Seasonal,0.7156193306755836,0.9471978555012482,,36,36,36.0,72.0,500,0.0,0.0,26.951714523262382,11.964846648343215,0.9665550433995036,,,
R3,Stationary_WN,0.11873326039149901,0.27044061070276604,,None,8,,,500,0.0,0.0,0.0,0.0,10.212245957333803,,,
R4,Trending_MeanShift,0.9999696321106174,0.9998784119645101,0.0,None,250,,,500,,,0.0,0.0,0.6693003589722679,,250.0,
R1,Composite,0.9999080252387332,0.9991512454056443,0.9486175637025732,12,12,12.0,24.0,500,0.358620092405432,-4.900291171076651e-05,22.339279109721538,5.568047355168337,0.7272802297720622,,,
R2,Seasonal,0.7358541403936432,0.9939565579246523,,12,12,12.0,24.0,500,0.0,0.0,29.682427190628303,4.417461242290193,0.5456744659568035,,,
R3,Stationary_WN,0.09212044268621744,0.25535704439331997,,None,11,,,500,0.0,0.0,0.0,0.0,14.158490411579525,,,
R4,Trending_MeanShift,0.999746277442226,0.9990192653093288,0.0,None,250,,,500,,,0.0,0.0,0.9025317379410566,,250.0,
R1,Composite,0.9999012214864235,0.9970346553441967,0.9484155911384978,48,50,48.0,96.0,500,0.39233849527359543,4.6282339881293915e-05,16.08816653788243,6.069439839097497,0.9748729057428047,,,
R2,Seasonal,0.5495729051113927,0.9442420545119986,,48,50,48.0,96.0,500,0.0,0.0,19.80733756701805,6.670252444917476,1.8905703307813706,,,
R3,Stationary_AR,0.13787512165030635,0.31855512278092535,,None,33,,,500,0.0,0.0,0.0,0.0,5.0,0.6080671458491078,,
R4,Trending_MeanShift,0.9994357878483584,0.9977106741389226,0.0,None,250,,,500,,,0.0,0.0,1.314464883033775,,250.0,
R1,Composite,0.9997707741467069,0.9965895580319922,0.876986975966802,12,12,12.0,24.0,500,-0.2815035565739146,-2.7332985453648854e-05,15.465662515046747,4.634330738053729,0.9803438938485042,,,
R2,Seasonal,0.6137767179307871,0.9214406994713965,,12,12,12.0,24.0,500,0.0,0.0,10.825062036242961,4.68386173991053,1.8850327704291714,,,
R3,Stationary_WN,0.05601795922835484,0.09122507635500521,,None,3,,,500,0.0,0.0,0.0,0.0,11.745722715629375,,,
R4,Trending_MeanShift,0.9997279755753614,0.9989455889894518,0.0,None,250,,,500,,,0.0,0.0,0.9210196757472202,,250.0,
R1,Composite,0.9998293045316525,0.9981812963610065,0.9744126580868684,48,50,48.0,96.0,500,0.28942893332546016,-2.5509722500078776e-05,18.053618796916012,7.958282621798816,0.7362188845106346,,,
R2,Seasonal,0.5570104501951745,0.8733872795044044,,48,50,48.0,96.0,500,0.0,0.0,10.680850712926258,5.8911494997327996,1.7431698860450409,,,
R3,Stationary_AR,0.1930244647480719,0.23071676955493103,,None,24,,,500,0.0,0.0,0.0,0.0,5.0,0.5702052482277985,,
R4,Trending_RandomWalkDrift,0.9997899918268458,0.7367458706996841,0.922441758207294,None,24,,,500,,,0.0,0.0,1.0865627442934511,,,-0.22602256781137015
R1,Composite,0.9997528523768455,0.9884237142903546,0.6910482297504499,12,12,12.0,24.0,500,0.3919505021706682,4.036631562455619e-05,12.128544217015659,3.1823376388387734,1.3505194260299938,,,
R2,Seasonal,0.04703487269398243,0.996353024756161,,12,24,12.0,24.0,500,0.0,0.0,12.35601234775074,11.743613649806154,0.887918873275261,,,
R3,Stationary_WN,0.1950659246773373,0.17824375187283592,,None,4,,,500,0.0,0.0,0.0,0.0,6.167079424302867,,,
R4,Trending_RandomWalkDrift,0.9982162698575171,0.6609520773632955,0.8980690818469098,None,24,,,500,,,0.0,0.0,1.4683727597329028,,,-0.15285171140883855
R1,Composite,0.9990473343690953,0.9964475578510471,0.9279212100261813,36,36,36.0,72.0,500,0.19789629467672787,-4.027665373025329e-05,18.63132221371412,7.44071104201671,1.1673798609936994,,,
R2,Seasonal,0.5734224585989726,0.9875763496953616,,36,36,36.0,72.0,500,0.0,0.0,28.057573390086308,4.512795718624647,1.763120850297545,,,
R3,Stationary_AR,0.11453248384675152,0.31301898745706136,,None,56,,,500,0.0,0.0,0.0,0.0,5.0,0.5890482761780156,,
R4,Trending_RandomWalkDrift,0.9966892926193709,0.6732395552529027,0.0,None,250,,,500,,,0.0,0.0,0.9464366973326515,,,0.39663866723387187
R1,Composite,0.9999434236918133,0.9994596408802449,0.9782728338069069,36,36,36.0,72.0,500,-0.34976412451138694,-1.29554765734612e-05,23.665643699448665,7.071584694225695,0.5856851753063529,,,
R2,Seasonal,0.6949318537922619,0.97016506922059,,36,36,36.0,72.0,500,0.0,0.0,20.77487179760873,6.780753704907771,1.0408744043649405,,,
R3,Stationary_AR,0.07572589013324171,0.1996873877400268,,None,45,,,500,0.0,0.0,0.0,0.0,5.0,0.6204670219597002,,
R4,Trending_RandomWalkDrift,0.9990152870236207,0.7244813260567102,0.9031403687120656,None,24,,,500,,,0.0,0.0,1.3560935243368524,,,-0.28897272885999065
R1,Composite,0.9996533777853202,0.9980684519772135,0.9412698902303142,24,24,24.0,48.0,500,-0.2398768751800676,-1.4661009940620922e-05,21.08344498001139,6.9294146646512536,0.9973303765122218,,,
R2,Seasonal,0.6984993384360123,0.7889383637318349,,24,24,24.0,48.0,500,0.0,0.0,10.160653879308787,9.796102216197891,1.1542019624100592,,,
R3,Stationary_AR,0.20970208622367237,0.2974492168649071,,None,12,,,500,0.0,0.0,0.0,0.0,5.0,0.4911913613579234,,
R4,Trending_RandomWalkDrift,0.9894931010673089,0.8862244531448866,0.0,None,250,,,500,,,0.0,0.0,1.0092634861064629,,,0.3816487353266801
R1,Composite,0.9999263695056856,0.9994398767306162,0.8669265191923504,36,36,36.0,72.0,500,0.30840268968843343,-2.4787751705265747e-05,21.871286259888638,2.352758482854252,0.5804106768994916,,,
R2,Seasonal,0.4723991426857752,0.9873754117630406,,36,36,36.0,72.0,500,0.0,0.0,28.767449294577503,4.136177201053786,1.899838617759279,,,
R3,Stationary_WN,0.18589953141341298,0.23141476207440137,,None,6,,,500,0.0,0.0,0.0,0.0,6.684175526626047,,,
R4,Trending_RandomWalkDrift,0.9997903021368595,0.7491794615885526,0.8944248305179102,None,24,,,500,,,0.0,0.0,0.6737718394754889,,,-0.4528501410578417
R1,Composite,0.9996648883910779,0.9992898664321852,0.9646940681400563,24,24,24.0,48.0,500,-0.14930735911518234,-3.043135530271409e-05,22.83192150777598,6.079955008306847,0.769265844709363,,,
R2,Seasonal,0.6818041110286772,0.9707706032133357,,24,24,24.0,48.0,500,0.0,0.0,26.2627057109673,7.950888437669012,1.392182871231014,,,
R3,Stationary_WN,0.23932258260594663,0.10865433500103439,,None,3,,,500,0.0,0.0,0.0,0.0,13.162601367363624,,,
R4,Trending_MeanShift,0.9996274163070209,0.9984866391064597,0.0,None,250,,,500,,,0.0,0.0,0.6552735181624483,,250.0,
R1,Composite,0.999488890968549,0.996888938967848,0.8723842812613706,36,36,36.0,72.0,500,0.24005920020421026,-2.9179672735552025e-05,18.51228162133155,4.874305689612683,1.1370869482833112,,,
R2,Seasonal,0.03539353149624136,0.9839890761197203,,36,71,36.0,72.0,500,0.0,0.0,10.978939532671802,11.900444533027251,1.6738980187139323,,,
R3,Stationary_WN,0.09522802998132274,0.18694236060982294,,None,10,,,500,0.0,0.0,0.0,0.0,13.023999398965625,,,
R4,Trending_MeanShift,0.9999908486099492,0.999963343419188,0.0,None,250,,,500,,,0.0,0.0,0.6332345874009299,,250.0,
R1,Composite,0.9997803953528196,0.9986900278900782,0.906643645224701,24,24,24.0,48.0,500,-0.2509462633351184,1.5296023741662547e-05,20.09944745059532,4.1344701401090616,0.7578007551056721,,,
R2,Seasonal,0.6892561381879891,0.9351302505017726,,24,24,24.0,48.0,500,0.0,0.0,11.705904023723988,5.713138529458086,0.8481684936301528,,,
R3,Stationary_AR,0.21456091793193255,0.3386135785457962,,None,45,,,500,0.0,0.0,0.0,0.0,5.0,0.6443174255981121,,
R4,Trending_ExponentialGrowth,0.9975853102730878,0.3359590212319974,0.2725126522844946,None,24,,,500,,,0.0,0.0,1.3500574095542168,,,
R1,Composite,0.9997294353689242,0.9966306161348789,0.860503669711222,12,12,12.0,24.0,500,0.3605333003543145,2.73526266388788e-05,21.500347244669634,5.906425838425546,1.3235861410236602,,,
R2,Seasonal,0.7148493916152614,0.9351578033592464,,12,12,12.0,24.0,500,0.0,0.0,18.710673659443664,9.086550066026128,1.6020830630174825,,,
R3,Stationary_WN,0.1273582560916423,0.16608813720957583,,None,5,,,500,0.0,0.0,0.0,0.0,11.673901009382494,,,
R4,Trending_RandomWalkDrift,0.9994256381735638,0.6035932571900848,0.7631258683502792,None,24,,,500,,,0.0,0.0,1.4556410645089821,,,-0.4072979545975396
R1,Composite,0.999689679811859,0.9963214992016968,0.7119113357979505,24,24,24.0,48.0,500,-0.39597475630996437,1.4715047058563108e-05,22.796432439902382,3.743304988049771,1.3480562009671342,,,
R2,Seasonal,0.6580370573093575,0.8464116290564854,,24,24,24.0,48.0,500,0.0,0.0,12.336771474682852,8.804782451965702,1.9993960605639118,,,
R3,Stationary_AR,0.08256455580791233,0.28258216827100635,,None,45,,,500,0.0,0.0,0.0,0.0,5.0,0.6061164212883394,,
R4,Trending_MeanShift,0.9970261781248576,0.9875842625979439,0.0,None,250,,,500,,,0.0,0.0,1.2276388334193462,,250.0,
R1,Composite,0.9983096971371987,0.9973269699510084,0.7215244388984146,12,12,12.0,24.0,500,-0.15422992519896037,2.9453882968990428e-05,22.699260491398093,2.8063017990288484,1.2488299482756082,,,
R2,Seasonal,0.73539146339339,0.9529747951742541,,12,12,12.0,24.0,500,0.0,0.0,22.62183188188623,9.638045116842157,1.3116480573572973,,,
R3,Stationary_AR,0.15314974278118332,0.2739766422726555,,None,19,,,500,0.0,0.0,0.0,0.0,5.0,0.5446918610330523,,
R4,Trending_RandomWalkDrift,0.5235080372748573,0.20488500539231158,0.0,None,167,,,500,,,0.0,0.0,1.311216393781153,,,0.4939556326212253
R1,Composite,0.9996233858897319,0.9982958411786316,0.9129993707461306,36,36,36.0,72.0,500,0.23102009054589326,-1.768109090433981e-05,21.097471369091878,5.236281429902977,0.9723928088914329,,,
R2,Seasonal,0.6866156758247575,0.9145433799180113,,36,36,36.0,72.0,500,0.0,0.0,21.21928773893307,11.706240049387393,1.85444437766248,,,
R3,Stationary_AR,0.1720846678522855,0.1796343188065288,,None,22,,,500,0.0,0.0,0.0,0.0,5.0,0.5781602525576764,,
R4,Trending_RandomWalkDrift,0.9981869311521829,0.6996718301917951,0.8680971525326379,None,24,,,500,,,0.0,0.0,1.082518771443353,,,0.26282266661007214
R1,Composite,0.9996198340556379,0.9919642824067305,0.928778630471117,36,36,36.0,72.0,500,-0.3134228675864087,4.763312113157094e-05,12.849145701063172,7.5963254058196465,1.2236676994128999,,,
R2,Seasonal,0.6051735063041942,0.9584540399585141,,36,36,36.0,72.0,500,0.0,0.0,15.357726850949069,4.83918763676457,1.4925329844565052,,,
R3,Stationary_WN,0.23835431446343125,0.11098315496029854,,None,2,,,500,0.0,0.0,0.0,0.0,9.767685183437763,,,
R4,Trending_RandomWalkDrift,0.9876516263097429,0.0,,None,24,,,500,,,0.0,0.0,0.7083893340917135,,,0.2137683180549934
R1,Composite,0.9994224616272025,0.9948683096150756,0.299295353145399,12,24,12.0,24.0,500,-0.14618081295293192,-3.410023212061543e-05,8.438724967162807,7.163628500712186,0.7339101294568212,,,
R2,Seasonal,0.7442500915089092,0.9511901899549637,,12,12,12.0,24.0,500,0.0,0.0,26.94350912043996,11.871935365031021,1.4186259310947875,,,
R3,Stationary_WN,0.12357702501563195,0.26803454582041886,,None,10,,,500,0.0,0.0,0.0,0.0,11.857844421590608,,,
R4,Trending_ExponentialGrowth,0.9997573165762935,0.45131165857633904,0.4534336176917222,None,24,,,500,,,0.0,0.0,0.5711379345804155,,,
R1,Composite,0.9997213587250694,0.9943383943360387,0.9655283496188931,24,24,24.0,48.0,500,0.23919887136587367,-1.2291106139674867e-05,10.234028497084168,7.815946705681021,0.7862490945801057,,,
R2,Seasonal,0.7026053258401515,0.9683426385175473,,24,24,24.0,48.0,500,0.0,0.0,26.454008923419035,8.841596989737731,0.9463753832177992,,,
R3,Stationary_AR,0.07189440620752297,0.3458688200883149,,None,50,,,500,0.0,0.0,0.0,0.0,5.0,0.41265307360739273,,
R4,Trending_ExponentialGrowth,0.9912633765182566,0.3972060763879952,0.3343455446918563,None,24,,,500,,,0.0,0.0,1.4574860980060238,,,
R1,Composite,0.999902571995371,0.9996053795190604,0.9751606104112504,12,12,12.0,24.0,500,-0.24908201536010874,2.35655274361718e-05,24.217202348239578,6.016204609784995,0.5625544852544216,,,
R2,Seasonal,0.7402808923325301,0.962817052275803,,12,12,12.0,24.0,500,0.0,0.0,11.76072759064138,4.493738098362357,0.5592353269152752,,,
R3,Stationary_AR,0.12481627138239448,0.3652731613200991,,None,31,,,500,0.0,0.0,0.0,0.0,5.0,0.6626204825703663,,
R4,Trending_ExponentialGrowth,0.9997208253468062,0.3854688463389424,0.3852414136494239,None,24,,,500,,,0.0,0.0,0.7803328946701694,,,
R1,Composite,0.9989785109955187,0.996951969723913,0.8263607605346543,24,24,24.0,48.0,500,-0.18402774461485777,4.821249359343292e-05,18.56969626142333,3.998587913191114,1.0706624030689567,,,
R2,Seasonal,0.6540139334528469,0.9338424513959649,,24,24,24.0,48.0,500,0.0,0.0,20.543957496448662,9.194955731409024,1.886143448988939,,,
R3,Stationary_AR,0.14666970008180635,0.3014496262368638,,None,19,,,500,0.0,0.0,0.0,0.0,5.0,0.44323895916651457,,
R4,Trending_MeanShift,0.9999420473360581,0.9997690933198892,0.0,None,250,,,500,,,0.0,0.0,1.0738314132440454,,250.0,
R1,Composite,0.9995354460029362,0.9978448549326262,0.862421404337462,48,50,48.0,96.0,500,-0.2411458536712285,2.36916286250324e-05,22.461807359815392,2.6500993771596404,0.8343206367355632,,,
R2,Seasonal,0.630849804776886,0.9646839460874781,,48,50,48.0,96.0,500,0.0,0.0,15.873300107335506,4.98364295896773,0.7420683199548155,,,
R3,Stationary_WN,0.1581738804892645,0.13594943090184686,,None,3,,,500,0.0,0.0,0.0,0.0,6.686455829830766,,,
R4,Trending_RandomWalkDrift,0.90188160338542,0.8948549085101138,0.0,None,250,,,500,,,0.0,0.0,1.4632355733379316,,,0.25950328669723954
R1,Composite,0.9997797713031706,0.9978399642627546,0.8511286936050735,36,36,36.0,72.0,500,-0.2727871255615123,-3.66159624574067e-05,19.036589711659854,3.762852308787692,0.8898661264980632,,,
R2,Seasonal,0.7113993279712949,0.9875310071650543,,36,36,36.0,72.0,500,0.0,0.0,28.00390360705868,5.925070963781272,0.6182598708432571,,,
R3,Stationary_AR,0.15342424268271915,0.24463283165664018,,None,19,,,500,0.0,0.0,0.0,0.0,5.0,0.5640856954433742,,
R4,Trending_MeanShift,0.9999353638580036,0.9997408397581516,0.09644804914620131,None,250,,,500,,,0.0,0.0,1.1171994965300294,,250.0,
R1,Composite,0.9988155912162957,0.9973692856821398,0.7196353307879354,24,24,24.0,48.0,500,0.12287397864679592,3.7884492750699576e-05,19.25788955086209,2.5302060898630945,1.0155507194265572,,,
R2,Seasonal,0.6572487539760234,0.9846442582665512,,24,24,24.0,48.0,500,0.0,0.0,26.19620465730341,5.501086494051604,1.1990892538918427,,,
R3,Stationary_AR,0.08806512320673954,0.26056399718369994,,None,28,,,500,0.0,0.0,0.0,0.0,5.0,0.49257750569169223,,
R4,Trending_MeanShift,0.997897888988265,0.9925052183386504,0.0,None,250,,,500,,,0.0,0.0,1.2746758318925124,,250.0,
R1,Composite,0.998688177528744,0.9956400759979377,0.7334370746574987,24,24,24.0,48.0,500,0.16724942991153524,4.816578148534585e-05,21.337600826402266,3.723725720875807,1.3224110955255934,,,
R2,Seasonal,0.672588595206968,0.9674929097766138,,24,24,24.0,48.0,500,0.0,0.0,28.928079043050378,9.26957516846034,1.856608185709977,,,
R3,Stationary_AR,0.0,0.9264748962173972,,None,250,,,500,0.0,0.0,0.0,0.0,5.0,0.48099134639294305,,
R4,Trending_ExponentialGrowth,0.9997742191631503,0.47272665353230925,0.4267812270626702,None,24,,,500,,,0.0,0.0,0.771993579594773,,,
R1,Composite,0.9998527271738987,0.9992272236436269,0.9073174265961444,12,12,12.0,24.0,500,-0.227869839629542,-3.0327972739937634e-05,21.72235636539701,3.6591454188172903,0.6627080170873488,,,
R2,Seasonal,0.7446170821982703,0.9214670037014737,,12,12,12.0,24.0,500,0.0,0.0,16.29275090265263,9.334985601485553,1.006498775440643,,,
R3,Stationary_AR,0.1204998951750853,0.25771835069419524,,None,14,,,500,0.0,0.0,0.0,0.0,5.0,0.4578735059948088,,
R4,Trending_ExponentialGrowth,0.9986361370049468,0.4063411082302226,0.34676618052105523,None,24,,,500,,,0.0,0.0,1.0137734219064491,,,
R1,Composite,0.9999403039582139,0.9977807685808038,0.8212031560475432,12,12,12.0,24.0,500,-0.31539805414017297,-1.960342175215514e-05,10.891792699586684,2.109625669070385,0.5619793581678117,,,
R2,Seasonal,0.7384070197162267,0.9464333568940055,,12,12,12.0,24.0,500,0.0,0.0,24.11918504336942,11.091128638047184,1.4785811211755597,,,
R3,Stationary_AR,0.10498807406543387,0.18749063274345312,,None,20,,,500,0.0,0.0,0.0,0.0,5.0,0.4708574338067609,,
R4,Trending_MeanShift,0.9999463240059953,0.9997875693809132,0.0,None,250,,,500,,,0.0,0.0,0.5940317363134469,,250.0,
R1,Composite,0.9997234693688039,0.99825942350708,0.9288771848347943,36,36,36.0,72.0,500,-0.2740822559727499,3.708885134850319e-05,20.893407762402674,5.827979712249793,0.9954803509147391,,,
R2,Seasonal,0.6394455610197343,0.9403750642894222,,36,36,36.0,72.0,500,0.0,0.0,15.180483774723134,6.146755991886241,1.736544670620565,,,
R3,Stationary_WN,0.2669015715506773,0.11061152439041566,,None,2,,,500,0.0,0.0,0.0,0.0,12.81788403335674,,,
R4,Trending_ExponentialGrowth,0.9993197205647412,0.36752262851825446,0.3997971857150294,None,24,,,500,,,0.0,0.0,0.6210580572558366,,,
R1,Composite,0.9996823314676752,0.9970837037413249,0.6867562121571065,24,24,24.0,48.0,500,0.3451118910031944,4.339363538954269e-05,24.543639146941572,2.7028655939042348,1.324761777009001,,,
R2,Seasonal,0.694775440126403,0.9252712695789015,,24,24,24.0,48.0,500,0.0,0.0,18.490401446021387,9.505833582319081,1.2318253116720694,,,
R3,Stationary_AR,0.05353563051039567,0.3496128614402304,,None,71,,,500,0.0,0.0,0.0,0.0,5.0,0.5512006574606318,,
R4,Trending_MeanShift,0.9999736401477459,0.9998938101303227,0.2531562407138749,None,250,,,500,,,0.0,0.0,0.8542068314785292,,250.0,
R1,Composite,0.9992650299632572,0.981871544806245,0.8617736450476638,24,24,24.0,48.0,500,0.2904693965483653,-4.554031977116816e-05,10.581324179341102,6.746775392453561,1.4955619469635957,,,
R2,Seasonal,0.706818131726843,0.9497606612952111,,24,24,24.0,48.0,500,0.0,0.0,19.82679246983625,8.586122291665202,0.6950599373440108,,,
R3,Stationary_WN,0.20938885862593604,0.09356828381848725,,None,2,,,500,0.0,0.0,0.0,0.0,14.391420446410555,,,
R4,Trending_MeanShift,0.9999574784266362,0.9998307820954961,0.07921985064186232,None,250,,,500,,,0.0,0.0,1.145043899880029,,250.0,
R1,Composite,0.9995752076676349,0.991207662773946,0.9360521703034523,12,12,12.0,24.0,500,0.24896881816726188,-1.6013705545854214e-05,10.62365132854643,7.665752335074907,1.0878457699406472,,,
R2,Seasonal,0.7360216602698937,0.8894057250302957,,12,12,12.0,24.0,500,0.0,0.0,15.092473810651319,10.3797232268615,1.461071386853764,,,
R3,Stationary_AR,0.13634428574121138,0.3496173867040957,,None,23,,,500,0.0,0.0,0.0,0.0,5.0,0.6134994557693199,,
R4,Trending_MeanShift,0.9996153037108048,0.9984130974824564,0.0,None,250,,,500,,,0.0,0.0,1.2994234617766556,,250.0,
R1,Composite,0.9993436509444864,0.9943727020151081,0.7717373721774456,48,50,48.0,96.0,500,0.24058833688045098,-2.9504607270331644e-05,16.595718787613443,2.198088658897603,1.026325694843346,,,
R2,Seasonal,0.018582981832302448,0.9830232438856963,,48,100,48.0,96.0,500,0.0,0.0,13.186281200164114,10.890271737027106,1.078563433633383,,,
R3,Stationary_WN,0.28870648323565795,0.2061972067852632,,None,3,,,500,0.0,0.0,0.0,0.0,14.729235416103263,,,
R4,Trending_ExponentialGrowth,0.9958874640624233,0.37249605081352033,0.27183449760074907,None,24,,,500,,,0.0,0.0,1.4931140661129616,,,
R1,Composite,0.9997027760011903,0.9953327095738873,0.7782615331086392,24,24,24.0,48.0,500,0.22536433661395697,3.869015554343739e-05,12.344601182014049,2.5790037868829163,0.8633155041396016,,,
R2,Seasonal,0.6671176623102406,0.9497577644334981,,24,24,24.0,48.0,500,0.0,0.0,18.90195465160867,7.428526360930075,1.5386286865455108,,,
R3,Stationary_WN,0.13464268614810693,0.27265215526653463,,None,7,,,500,0.0,0.0,0.0,0.0,8.685068474585101,,,
R4,Trending_RandomWalkDrift,0.9993653116098816,0.5906273256720025,0.8490133262340387,None,24,,,500,,,0.0,0.0,0.6291511579710588,,,0.2992091560695021
R1,Composite,0.9994117029276366,0.9982346932296929,0.959465294131402,24,24,24.0,48.0,500,-0.1441646547481509,-3.980547036739591e-05,19.062695632957265,7.373473255182733,0.9040796915056294,,,
R2,Seasonal,0.6575033397927852,0.9595312405869769,,24,24,24.0,48.0,500,0.0,0.0,20.26059174833016,6.971411884340513,1.707646369150116,,,
R3,Stationary_WN,0.1162977598959084,0.12377196286794012,,None,3,,,500,0.0,0.0,0.0,0.0,7.855335852607105,,,
R4,Trending_MeanShift,0.9978172060472903,0.9925566003260167,0.0,None,250,,,500,,,0.0,0.0,1.287290766631005,,250.0,
R1,Composite,0.9995134624514737,0.9991532297711639,0.969080570377058,24,24,24.0,48.0,500,-0.17397556632760452,3.690247217911972e-05,23.910451884648538,7.2769337000411065,0.7325187353066014,,,
R2,Seasonal,0.7025356102758916,0.8952517819396685,,24,24,24.0,48.0,500,0.0,0.0,11.184133213184158,7.203044285606949,0.6562367694579256,,,
R3,Stationary_AR,0.14738648914651198,0.19949013407960414,,None,38,,,500,0.0,0.0,0.0,0.0,5.0,0.6798438762174746,,
R4,Trending_RandomWalkDrift,0.9993791659076001,0.44712771145827424,0.817795935617521,None,24,,,500,,,0.0,0.0,1.1140536226461255,,,0.43856666837914016
R1,Composite,0.9996548285160639,0.9950349215909285,0.8765308216449305,24,24,24.0,48.0,500,-0.21147497127265358,2.4986943190154737e-05,10.490740754539017,3.57440567696709,0.7762145387775704,,,
R2,Seasonal,0.6974159516918577,0.9503221275233523,,24,24,24.0,48.0,500,0.0,0.0,27.446438219934894,11.648866009681342,1.429193782802048,,,
R3,Stationary_WN,0.09148639336734099,0.23168423757153145,,None,9,,,500,0.0,0.0,0.0,0.0,12.22703490610899,,,
R4,Trending_MeanShift,0.9999560463116498,0.999825886656247,0.0,None,250,,,500,,,0.0,0.0,1.3137951273074053,,250.0,
R1,Composite,0.9989200128888135,0.9975923945233692,0.7858964340399128,36,36,36.0,72.0,500,0.1406917960641999,-1.0922974885781285e-05,18.222090370979537,2.623427486787193,1.0055900093924215,,,
R2,Seasonal,0.7042833974933749,0.8413317065316283,,36,36,36.0,72.0,500,0.0,0.0,13.64212966664139,11.007332772279419,1.4021197506059884,,,
R3,Stationary_AR,0.10974250357560145,0.3197722324284259,,None,28,,,500,0.0,0.0,0.0,0.0,5.0,0.6550463881087047,,
R4,Trending_MeanShift,0.9998870646544378,0.9995472710329604,0.0,None,250,,,500,,,0.0,0.0,0.7624979919572314,,250.0,
R1,Composite,0.999855714513263,0.9988141987452253,0.9575839436571887,24,24,24.0,48.0,500,-0.2910066413638627,2.742428588247669e-05,19.47702834227269,5.968914723466896,0.737315240688538,,,
R2,Seasonal,0.6840836360230327,0.971825729905667,,24,24,24.0,48.0,500,0.0,0.0,27.249859561816116,8.059336964739641,1.4214025226027498,,,
R3,Stationary_WN,0.21789235546073582,0.19973084485568882,,None,5,,,500,0.0,0.0,0.0,0.0,9.400747564908393,,,
R4,Trending_ExponentialGrowth,0.9963921947255732,0.380506191760145,0.3283420024157665,None,24,,,500,,,0.0,0.0,1.366171296728843,,,
R1,Composite,0.9998878036101673,0.9972786701449935,0.9687887375878095,24,24,24.0,48.0,500,0.32188669816344284,-4.029437923208388e-05,12.259618968544329,6.818586089676213,0.6886829921956887,,,
R2,Seasonal,0.695702224939857,0.9596943635170285,,24,24,24.0,48.0,500,0.0,0.0,26.897460589843213,9.99232233876318,1.3480721242406226,,,
R3,Stationary_AR,0.051935818898584896,0.20312757372274337,,None,62,,,500,0.0,0.0,0.0,0.0,5.0,0.44145052020744324,,
R4,Trending_RandomWalkDrift,0.9342343264485655,0.3645178981612853,0.0,None,250,,,500,,,0.0,0.0,0.771951282242911,,,-0.2826957123717651
R1,Composite,0.999605070504641,0.9939991009878366,0.6400162826742803,36,36,36.0,72.0,500,0.3362084523361192,-1.8427642009151975e-05,16.92883866350755,2.4758173229034828,1.3114733451075897,,,
R2,Seasonal,0.6808617256461211,0.9147963858261933,,36,36,36.0,72.0,500,0.0,0.0,18.294775916781255,9.880392401918398,1.5712944665452726,,,
R3,Stationary_WN,0.20372725400093505,0.1033908962832375,,None,3,,,500,0.0,0.0,0.0,0.0,7.772220359787414,,,
R4,Trending_MeanShift,0.9999042000725948,0.9996158311789815,0.0,None,250,,,500,,,0.0,0.0,0.8006094462602147,,250.0,
R1,Composite,0.9998546743623946,0.994764931957694,0.9692576902336916,12,12,12.0,24.0,500,0.30157779912203825,-2.909585426287482e-05,9.634911033791745,7.972627723374676,0.7173741842888663,,,
R2,Seasonal,0.7282090741532562,0.9599348077283913,,12,12,12.0,24.0,500,0.0,0.0,19.73947390990047,7.603960233145247,1.249607777924942,,,
R3,Stationary_AR,0.19387283592130877,0.29090939080675227,,None,10,,,500,0.0,0.0,0.0,0.0,5.0,0.42904946996682475,,
R4,Trending_ExponentialGrowth,0.9997873859647654,0.36594537248074743,0.4623763388885591,None,24,,,500,,,0.0,0.0,0.6366702923416006,,,
R1,Composite,0.9996725802542916,0.985597801074233,0.8376886657200157,24,24,24.0,48.0,500,-0.36727558456242926,2.1615662509031785e-05,10.484891679907756,5.1307159017115636,1.3738529140533975,,,
R2,Seasonal,0.6677139723904121,0.9752402977475976,,24,24,24.0,48.0,500,0.0,0.0,29.26321060051417,7.947284300545865,1.6858751183392695,,,
R3,Stationary_WN,0.25596242151849247,0.19455997267895564,,None,3,,,500,0.0,0.0,0.0,0.0,11.253215492466701,,,
R4,Trending_MeanShift,0.9999712828256073,0.9998852373138863,0.0,None,250,,,500,,,0.0,0.0,0.7097871235544319,,250.0,
R1,Composite,0.9998753195928595,0.9979994608606141,0.9621783708780025,36,36,36.0,72.0,500,-0.3204859919698779,4.799761156864117e-05,15.122805528211472,6.460439177545261,0.6655713474398951,,,
R2,Seasonal,0.009395865869582631,0.9872940173277709,,36,71,36.0,72.0,500,0.0,0.0,10.819261741438819,11.554033373273167,1.5213460249580104,,,
R3,Stationary_AR,0.00794662735717555,0.24918291309371543,,None,45,,,500,0.0,0.0,0.0,0.0,5.0,0.6408252431804069,,
R4,Trending_MeanShift,0.9999725802400562,0.9998904280027358,0.0,None,250,,,500,,,0.0,0.0,0.989990233384162,,250.0,
R1,Composite,0.9994623720270124,0.9921939625944632,0.8445369663494516,36,36,36.0,72.0,500,0.19647013328556046,2.3627903196249876e-05,11.092669149958516,3.9713013051436046,1.0831020581150486,,,
R2,Seasonal,0.6611415403333416,0.9071010065927095,,36,36,36.0,72.0,500,0.0,0.0,15.523776115645646,8.462110239382529,1.8241811777244428,,,
R3,Stationary_WN,0.11366717031035034,0.21650619684918238,,None,6,,,500,0.0,0.0,0.0,0.0,5.786207992158391,,,
R4,Trending_RandomWalkDrift,0.999671991990659,0.625524589561292,0.8830583700911884,None,24,,,500,,,0.0,0.0,0.6451785979940228,,,0.43705840213045
R1,Composite,0.9993321072653756,0.9965355096178361,0.8161486038498751,48,100,48.0,96.0,500,0.12668881072648647,1.903049168760539e-05,9.4455410820662,7.742599855896971,0.7941772653264456,,,
R2,Seasonal,0.6562753951990288,0.92927541831613,,48,50,48.0,96.0,500,0.0,0.0,17.17227060584349,7.944201217932376,0.800074949340332,,,
R3,Stationary_WN,0.04214285362118453,0.22610323500218676,,None,17,,,500,0.0,0.0,0.0,0.0,9.199446752733989,,,
R4,Trending_MeanShift,0.999938436122986,0.9997521199264393,0.0,None,250,,,500,,,0.0,0.0,1.0006619702249646,,250.0,
R1,Composite,0.9997053456574863,0.9983331635506666,0.9751213819887927,24,24,24.0,48.0,500,-0.16825496855015273,-2.0555198006703436e-05,14.983432677302492,7.282373641253406,0.6224031332102111,,,
R2,Seasonal,0.6327047237475432,0.9769023027736408,,24,24,24.0,48.0,500,0.0,0.0,19.094832089226955,4.6148394193514255,1.3203298843887614,,,
R3,Stationary_WN,0.22426362780663367,0.10130439287567838,,None,3,,,500,0.0,0.0,0.0,0.0,7.056218671197704,,,
R4,Trending_ExponentialGrowth,0.9939301236878533,0.378758926647075,0.2519563201343795,None,24,,,500,,,0.0,0.0,0.8196467903864308,,,
R1,Composite,0.9998436053281183,0.9989817345455146,0.9585833508906398,48,50,48.0,96.0,500,0.27738755638677914,1.0095837138227434e-05,23.800297514425154,4.761608916840133,0.5833108004499592,,,
R2,Seasonal,0.6698826138936855,0.9440973672535518,,48,50,48.0,96.0,500,0.0,0.0,27.494675103037572,11.643808867597496,0.7043106405401994,,,
R3,Stationary_AR,0.3177653013407036,0.18286792856794443,,None,5,,,500,0.0,0.0,0.0,0.0,5.0,0.466080829524497,,
R4,Trending_RandomWalkDrift,0.9991496002905554,0.5428534243364931,0.8331177754568144,None,24,,,500,,,0.0,0.0,0.6855041700012261,,,0.17387339053349343
R1,Composite,0.9998451967575748,0.9989717620305163,0.9799172801543512,12,12,12.0,24.0,500,0.1990375944136349,4.485977518021228e-05,17.421471169618336,7.909025119071384,0.5743317200306339,,,
R2,Seasonal,0.745226118334247,0.9711087524930996,,12,12,12.0,24.0,500,0.0,0.0,25.30994934552141,8.558323482371183,0.9084330526781252,,,
R3,Stationary_AR,0.02595484954042715,0.18870053241410922,,None,38,,,500,0.0,0.0,0.0,0.0,5.0,0.48300398059327276,,
R4,Trending_ExponentialGrowth,0.9963140671754654,0.39474905651319425,0.3497843272198994,None,24,,,500,,,0.0,0.0,0.8221940266721539,,,
R1,Composite,0.9998982126188884,0.9977944378935222,0.9718689463472715,36,36,36.0,72.0,500,0.2738828168441894,-2.4219091213988815e-05,11.415649106811225,5.9696256861287464,0.5560759688117027,,,
R2,Seasonal,0.7065008242789479,0.8012887087591964,,36,36,36.0,72.0,500,0.0,0.0,12.317169118718589,11.224081172041206,1.4093910287935898,,,
R3,Stationary_AR,0.2332136675465024,0.2684212475154827,,None,12,,,500,0.0,0.0,0.0,0.0,5.0,0.4821818370623972,,
R4,Trending_MeanShift,0.9999421854415176,0.9997675202039061,0.348636771548926,None,250,,,500,,,0.0,0.0,0.836978066992488,,250.0,
R1,Composite,0.9998169846705347,0.996656767350045,0.8645494418475358,48,50,48.0,96.0,500,-0.34679219162225866,1.6786334446016506e-05,16.548090514394808,3.467463646186231,1.002607169396485,,,
R2,Seasonal,0.6031649056467677,0.963783364235251,,48,50,48.0,96.0,500,0.0,0.0,14.640098324679405,4.211849618823355,0.8252494915544044,,,
R3,Stationary_AR,0.1009371479075627,0.19233256716319214,,None,25,,,500,0.0,0.0,0.0,0.0,5.0,0.5167071690942187,,
R4,Trending_RandomWalkDrift,0.9930067224104163,0.4329616378621186,0.20088101278488335,None,250,,,500,,,0.0,0.0,0.8004041950398151,,,-0.4146904844107152
R1,Composite,0.9994692522190762,0.9985905282853103,0.9681701785101413,36,36,36.0,72.0,500,0.10496921014919819,3.222557710356863e-05,15.123154273823666,5.968525303976534,0.6219676350852363,,,
R2,Seasonal,0.6923244633665206,0.9679934456546256,,36,36,36.0,72.0,500,0.0,0.0,26.480678829687577,8.64448368405435,1.4020317038448433,,,
R3,Stationary_AR,0.1415796224920478,0.307543017896056,,None,56,,,500,0.0,0.0,0.0,0.0,5.0,0.6565345000574689,,
R4,Trending_MeanShift,0.9977158607833404,0.990077026394689,0.0,None,250,,,500,,,0.0,0.0,1.4255396231584692,,250.0,
R1,Composite,0.9996969346424298,0.9992484055557473,0.8626848917864598,24,24,24.0,48.0,500,0.17289790116651582,1.5130887081850856e-05,23.30864861026609,2.9435518072402633,0.6512721847700954,,,
R2,Seasonal,0.699707680613351,0.9412781655075887,,24,24,24.0,48.0,500,0.0,0.0,26.108933756321996,11.903533207086666,1.1348812610324537,,,
R3,Stationary_WN,0.1607037358266148,0.2073919162203255,,None,4,,,500,0.0,0.0,0.0,0.0,14.191016484041594,,,
R4,Trending_MeanShift,0.9933492702238995,0.9696555324592114,0.0,None,250,,,500,,,0.0,0.0,1.4849060627149324,,250.0,
R1,Composite,0.9998972818636956,0.9985565894190501,0.8244894027742116,24,24,24.0,48.0,500,-0.39954177905782184,2.1973606667594478e-05,20.97511016968711,3.014491578211371,0.7978943668277648,,,
R2,Seasonal,0.6957147670257754,0.9451765744034758,,24,24,24.0,48.0,500,0.0,0.0,21.45297200693463,9.439372344607655,1.1696809330890408,,,
R3,Stationary_AR,0.07561861071988574,0.5829354485939094,,None,167,,,500,0.0,0.0,0.0,0.0,5.0,0.45988680567034657,,
R4,Trending_ExponentialGrowth,0.9838202641508486,0.4209990759891067,0.35972791450442776,None,24,,,500,,,0.0,0.0,1.3604396577324178,,,
R1,Composite,0.9993917129357442,0.9962768923040211,0.8680612069411369,12,12,12.0,24.0,500,-0.20326971719156053,3.1061705191383206e-05,15.567181656422532,4.643556135743641,1.0462129598082917,,,
R2,Seasonal,0.751202807435741,0.969735278284141,,12,12,12.0,24.0,500,0.0,0.0,21.138633364563034,7.4171217537402985,0.506963392248523,,,
R3,Stationary_WN,0.08020942251359275,0.05533329667803888,,None,3,,,500,0.0,0.0,0.0,0.0,14.334031592036787,,,
R4,Trending_RandomWalkDrift,0.9977631269312993,0.9360355403637417,0.7067575458772184,None,250,,,500,,,0.0,0.0,0.8276921455745814,,,-0.28147924380957356
R1,Composite,0.9987826581143969,0.9863455008460008,0.8730407353371463,36,36,36.0,72.0,500,0.13722670510608864,2.3047597536086113e-05,8.965132662644674,5.255368679030367,1.1225955362120423,,,
R2,Seasonal,0.7092238984840034,0.962201521163785,,36,36,36.0,72.0,500,0.0,0.0,24.961978836935607,9.326067103442682,1.0308529497334689,,,
R3,Stationary_AR,0.14073077773398812,0.218402260620992,,None,17,,,500,0.0,0.0,0.0,0.0,5.0,0.4414534434423496,,
R4,Trending_RandomWalkDrift,0.0,0.0,0.0,None,167,,,500,,,0.0,0.0,1.232793021123738,,,0.1714752576717738
R1,Composite,0.9999048653432999,0.9994174737015764,0.9724237220454933,24,24,24.0,48.0,500,-0.3007925570085026,2.8056740745927735e-05,23.321108780910272,6.257940917750686,0.6143101301604472,,,
R2,Seasonal,0.6801725547741271,0.9201116178223531,,24,24,24.0,48.0,500,0.0,0.0,18.6733238398239,9.904447164331174,1.6498553718701903,,,
R3,Stationary_AR,0.23261357306763275,0.26118108370046045,,None,10,,,500,0.0,0.0,0.0,0.0,5.0,0.46198790899149683,,
R4,Trending_MeanShift,0.9998757512529851,0.9995061251808495,0.17256607000994972,None,250,,,500,,,0.0,0.0,1.4690725526742037,,250.0,
R1,Composite,0.9999139922040609,0.9987840477476232,0.74571924611268,12,12,12.0,24.0,500,-0.37106883506496224,3.1677486237188624e-05,19.275424292034522,2.1376730860638844,0.722601321835323,,,
R2,Seasonal,0.737700442688414,0.9281523227322535,,12,12,12.0,24.0,500,0.0,0.0,16.17882442882177,8.557976266823424,1.1474433926162266,,,
R3,Stationary_WN,0.2614794931474127,0.1031871486671253,,None,2,,,500,0.0,0.0,0.0,0.0,12.800769441658638,,,
R4,Trending_RandomWalkDrift,0.9982004837140986,0.940415753522134,0.6463261556059678,None,250,,,500,,,0.0,0.0,1.4504485569312162,,,-0.3302782003179736
R1,Composite,0.9999346582584876,0.997350451694409,0.9538986582490488,24,24,24.0,48.0,500,0.31231343884011864,3.659166134742697e-05,10.45879079793429,4.528640714215894,0.5994425004807185,,,
R2,Seasonal,0.6920795326205693,0.923281779453409,,24,24,24.0,48.0,500,0.0,0.0,10.591505508611514,5.5267797844178235,0.8001033029295561,,,
R3,Stationary_AR,0.16942983065404926,0.20684855970730953,,None,12,,,500,0.0,0.0,0.0,0.0,5.0,0.5415010321204194,,
R4,Trending_RandomWalkDrift,0.9926498122131613,0.0,,None,24,,,500,,,0.0,0.0,1.3698874913091779,,,-0.38945769725169455
R1,Composite,0.9981936824547034,0.9957172376435203,0.550605943930293,36,36,36.0,72.0,500,-0.17742089686866575,2.800457764494571e-05,21.484017054963438,2.304759961115528,1.3711018275114581,,,
R2,Seasonal,0.7099860157142323,0.9744023184423274,,36,36,36.0,72.0,500,0.0,0.0,21.47606749328635,6.478149116119969,0.7012874793803384,,,
R3,Stationary_WN,0.0959118850280608,0.20283639416580834,,None,4,,,500,0.0,0.0,0.0,0.0,14.067186783530232,,,
R4,Trending_RandomWalkDrift,0.9994035651353352,0.7009869200393499,0.8834755492332356,None,24,,,500,,,0.0,0.0,1.0749189630604952,,,0.39048702000898294
R1,Composite,0.999817490372949,0.9995695823356181,0.8951259519828285,24,24,24.0,48.0,500,0.17082421864462166,-2.8468253727049176e-05,20.743564121958585,2.270182010031911,0.5025843785318469,,,
R2,Seasonal,0.6598162300921657,0.8913019995660286,,24,24,24.0,48.0,500,0.0,0.0,12.441226722952031,7.365780824607717,1.757848684140173,,,
R3,Stationary_WN,0.2710522459366628,0.17400157392879478,,None,2,,,500,0.0,0.0,0.0,0.0,11.878226771829077,,,
R4,Trending_ExponentialGrowth,0.9947147465184344,0.34125976668932634,0.3158417609672518,None,24,,,500,,,0.0,0.0,0.8209223223977786,,,
R1,Composite,0.9998673416332442,0.9966527001756622,0.8020740189936352,36,36,36.0,72.0,500,-0.35356207344635115,3.326127993723789e-05,13.679593453792151,2.821499817235869,0.7474449443863634,,,
R2,Seasonal,0.009670496187446753,0.9849265675331627,,36,71,36.0,72.0,500,0.0,0.0,10.285250826957405,11.37724853360702,1.4246447118925902,,,
R3,Stationary_AR,0.11105655875291975,0.24235089581165026,,None,36,,,500,0.0,0.0,0.0,0.0,5.0,0.6519877844278545,,
R4,Trending_MeanShift,0.9998428034612586,0.9993811267776521,0.0,None,250,,,500,,,0.0,0.0,0.6854055965177404,,250.0,
R1,Composite,0.9999090209927722,0.9964727995478136,0.3265077171750921,12,24,12.0,24.0,500,-0.34848452724025875,1.6870630802984838e-05,8.093164702647217,7.533277649978235,0.6346415444584275,,,
R2,Seasonal,0.7402455233423328,0.9827937647259664,,12,12,12.0,24.0,500,0.0,0.0,27.9515668803527,7.121231338100675,0.938761441565964,,,
R3,Stationary_AR,0.10534312581457106,0.2643355219558693,,None,50,,,500,0.0,0.0,0.0,0.0,5.0,0.500955908463692,,
R4,Trending_ExponentialGrowth,0.9970699836476319,0.39015164615848275,0.2650071457313151,None,24,,,500,,,0.0,0.0,1.1531520196672251,,,
R1,Composite,0.9968870019495728,0.9956844441856074,0.8753584378501609,12,12,12.0,24.0,500,0.12386098722090018,-1.752036330382855e-05,19.943923265608024,6.717026554809339,1.4672439832575497,,,
R2,Seasonal,0.7041191055653364,0.8610403451940489,,12,12,12.0,24.0,500,0.0,0.0,10.510015888541112,7.747842338143024,1.5748874281366754,,,
R3,Stationary_WN,0.12552025458829774,0.19489569179334654,,None,6,,,500,0.0,0.0,0.0,0.0,11.172815872661523,,,
R4,Trending_RandomWalkDrift,0.9989567976476151,0.6075699025677883,0.8622958633815359,None,24,,,500,,,0.0,0.0,1.4449400348989596,,,-0.15021977234999367
R1,Composite,0.999333582081522,0.9889200676254954,0.6734108670746433,36,36,36.0,72.0,500,-0.2878875656550593,3.74348094177659e-05,13.470255074356078,3.224560426334878,1.4070812007837794,,,
R2,Seasonal,0.6630469219233421,0.9670793336498773,,36,36,36.0,72.0,500,0.0,0.0,16.962192690297567,5.301815819506476,1.1295730292260853,,,
R3,Stationary_WN,0.1330369342367056,0.14681819351180314,,None,4,,,500,0.0,0.0,0.0,0.0,5.74418176878975,,,
R4,Trending_ExponentialGrowth,0.9882911196666851,0.3813446200257705,0.3519606708789059,None,24,,,500,,,0.0,0.0,0.925790265400597,,,
R1,Composite,0.998910640568454,0.9829665653167506,0.8624394945628797,12,12,12.0,24.0,500,0.18835402780309118,1.429875233179936e-05,9.971770393014623,6.385207859727608,1.350755254242399,,,
R2,Seasonal,0.63171806787744,0.9730830682601815,,12,12,12.0,24.0,500,0.0,0.0,25.707427503289576,6.735759009074187,1.9861299937588137,,,
R3,Stationary_AR,0.2091637508440265,0.24297349982232053,,None,9,,,500,0.0,0.0,0.0,0.0,5.0,0.4849053636326838,,
R4,Trending_ExponentialGrowth,0.9990528096672313,0.38086846727896817,0.32800240010821347,None,24,,,500,,,0.0,0.0,1.3073477771450142,,,
R1,Composite,0.9997647021145913,0.9978136368988746,0.7593581217483868,36,36,36.0,72.0,500,-0.3399040534794157,-3.4826949954904386e-05,23.846597030942895,3.4469746037831595,1.1241323379299706,,,
R2,Seasonal,0.7069060540838265,0.8760511597368158,,36,36,36.0,72.0,500,0.0,0.0,16.645466059969763,11.659400560993038,1.3473101824229117,,,
R3,Stationary_WN,0.05789002463704562,0.28074594130097497,,None,16,,,500,0.0,0.0,0.0,0.0,7.875890911922535,,,
R4,Trending_RandomWalkDrift,0.9991681992456082,0.9838848952091944,0.9553118307179957,None,167,,,500,,,0.0,0.0,0.6891270729290836,,,0.41340819778494053
R1,Composite,0.9996956519048129,0.9784065076281366,0.6139371610191657,36,36,36.0,72.0,500,0.32961090683953476,3.355642795222116e-05,8.23684324614542,2.079754743235898,1.2912452808687402,,,
R2,Seasonal,0.6547466101581569,0.9729299763726624,,36,36,36.0,72.0,500,0.0,0.0,24.319713121360905,6.703995277384486,1.6161140535753815,,,
R3,Stationary_AR,0.1723501830378238,0.27361195905634783,,None,19,,,500,0.0,0.0,0.0,0.0,5.0,0.4494052381682367,,
R4,Trending_RandomWalkDrift,0.9478888416104012,0.4331368690836621,0.0,None,167,,,500,,,0.0,0.0,1.084404064479762,,,0.33908366192241635
R1,Composite,0.9999020047595183,0.9982666090830723,0.8175718839022523,12,12,12.0,24.0,500,-0.34629024218325155,-2.4202196614750546e-05,17.414396925865777,2.8980249511514575,0.8075300668022638,,,
R2,Seasonal,0.6550769415847792,0.9441449297283794,,12,12,12.0,24.0,500,0.0,0.0,11.91671233285453,4.600837239206242,1.4349039925103892,,,
R3,Stationary_WN,0.08768525514250458,0.12182466183137419,,None,3,,,500,0.0,0.0,0.0,0.0,5.7754205793423,,,
R4,Trending_ExponentialGrowth,0.9972649632686361,0.3803331363884652,0.32437491963628906,None,24,,,500,,,0.0,0.0,1.3274245376323106,,,
R1,Composite,0.9985076936847308,0.9940788851956222,0.7968630773763569,24,24,24.0,48.0,500,-0.125102861443331,-4.933576962605602e-05,15.133078758937963,3.9323625072171686,1.2137837233013993,,,
R2,Seasonal,0.6091790085934332,0.9686986915609581,,24,24,24.0,48.0,500,0.0,0.0,22.370694599200736,6.123971629963685,1.8388118777521474,,,
R3,Stationary_WN,0.12369021419202308,0.22051985017306142,,None,7,,,500,0.0,0.0,0.0,0.0,14.466502640124387,,,
R4,Trending_ExponentialGrowth,0.9953513564137045,0.41520119399370115,0.36545316430191765,None,24,,,500,,,0.0,0.0,1.2458414608888977,,,
R1,Composite,0.9996028069250195,0.9974131283398583,0.8769543616618294,36,36,36.0,72.0,500,-0.2923471982634789,3.877974120516811e-05,21.801623794263065,5.482489308671261,1.242324238856852,,,
R2,Seasonal,0.6950017473913797,0.9613108874829107,,36,36,36.0,72.0,500,0.0,0.0,20.946734130141614,7.481715645137062,1.2447457108615703,,,
R3,Stationary_WN,0.15810706469584745,0.2256670577272395,,None,5,,,500,0.0,0.0,0.0,0.0,9.805236413912997,,,
R4,Trending_MeanShift,0.9924126495187905,0.9740402739367405,0.0,None,250,,,500,,,0.0,0.0,0.7902920503126072,,250.0,
R1,Composite,0.9984279478487817,0.9946007299526499,0.8531024754892542,48,50,48.0,96.0,500,0.1546721874235311,3.84472889626157e-05,20.302667449533537,4.597720432712828,1.2436955375862313,,,
R2,Seasonal,0.5559875067467932,0.9716774511265289,,48,50,48.0,96.0,500,0.0,0.0,18.44259750072557,4.549001399196871,0.704315096663197,,,
R3,Stationary_WN,0.18778856935343946,0.20413538167146694,,None,5,,,500,0.0,0.0,0.0,0.0,8.508980507044384,,,
R4,Trending_ExponentialGrowth,0.9806704362213678,0.39917936682761535,0.39469630908253295,None,24,,,500,,,0.0,0.0,1.1518893475432914,,,
R1,Composite,0.9989129817871709,0.997445983371753,0.9421229530401681,36,36,36.0,72.0,500,-0.11224222573210414,-1.916463689359059e-05,16.401251071932478,6.2780460812505545,0.9559270080797376,,,
R2,Seasonal,0.7128731867600585,0.941613530592884,,36,36,36.0,72.0,500,0.0,0.0,24.112149079616145,11.349218988279194,1.1549998185898014,,,
R3,Stationary_WN,0.0,0.18896112487669936,,None,7,,,500,0.0,0.0,0.0,0.0,11.531272134683926,,,
R4,Trending_ExponentialGrowth,0.9992686014199208,0.33603528460248955,0.3430438146147109,None,24,,,500,,,0.0,0.0,0.751332769405761,,,
R1,Composite,0.9999055580271238,0.998790489842151,0.9248853940282238,24,24,24.0,48.0,500,0.3078857122119909,4.565928913279057e-05,18.73774820336091,4.238720857618219,0.7013830451873727,,,
R2,Seasonal,0.6987333163796301,0.9547629428126247,,24,24,24.0,48.0,500,0.0,0.0,21.676048756237847,8.593199580432243,1.0723209366319646,,,
R3,Stationary_AR,0.028676257601470634,0.22774169966463886,,None,125,,,500,0.0,0.0,0.0,0.0,5.0,0.4674480133849828,,
R4,Trending_RandomWalkDrift,0.44719035829710774,0.013291001875258113,0.0,None,167,,,500,,,0.0,0.0,0.5071530046268237,,,0.27352491685800906
R1,Composite,0.9993597012480433,0.9904241094304804,0.9191753863890108,36,36,36.0,72.0,500,-0.1904392169678108,-3.434290143426192e-05,10.813220777073589,6.735021526544695,1.2927336834532421,,,
R2,Seasonal,0.6475323269930617,0.9093951903697736,,36,36,36.0,72.0,500,0.0,0.0,12.191274961942263,6.3822319407042,1.7187785414058077,,,
R3,Stationary_WN,0.30500778127111794,0.1385740887638418,,None,2,,,500,0.0,0.0,0.0,0.0,6.812884958518904,,,
R4,Trending_MeanShift,0.9990740075760576,0.9960767445024855,0.0,None,250,,,500,,,0.0,0.0,1.3472735557726216,,250.0,
R1,Composite,0.9999125912357172,0.9983274069597895,0.9443085649259608,36,36,36.0,72.0,500,-0.3646624720794326,-2.7756012112284886e-05,17.72010544728726,5.565775386059067,0.8543494426084653,,,
R2,Seasonal,0.6760413514353758,0.9544828210540014,,36,36,36.0,72.0,500,0.0,0.0,14.129356714244004,5.379998071770747,1.0566628754491916,,,
R3,Stationary_AR,0.16495374735598933,0.25272025262634956,,None,16,,,500,0.0,0.0,0.0,0.0,5.0,0.5388287944075703,,
R4,Trending_RandomWalkDrift,0.998789621426411,0.7036231405368658,0.9176847250046862,None,24,,,500,,,0.0,0.0,0.8134054101427692,,,0.29776592200330076
R1,Composite,0.9996683199763987,0.9856916776373206,0.7139124967640182,24,24,24.0,48.0,500,0.3586692059484199,-1.7629458928556084e-05,10.518566793912646,2.9951850246084177,1.2484372622435402,,,
R2,Seasonal,0.6767331996116738,0.97213337525704,,24,24,24.0,48.0,500,0.0,0.0,21.589247446732998,6.489258785040891,1.2622511085782169,,,
R3,Stationary_AR,0.0032989337673438035,0.5272732599730471,,None,167,,,500,0.0,0.0,0.0,0.0,5.0,0.5728778754385475,,
R4,Trending_MeanShift,0.9999589704556777,0.9998360144076084,0.0,None,250,,,500,,,0.0,0.0,0.8035314822865525,,250.0,
R1,Composite,0.9987990626851514,0.9939437003689486,0.912368578294863,12,12,12.0,24.0,500,-0.18305581106004576,2.5507318743297617e-05,15.50721970620428,7.68557658542834,1.2726292121216818,,,
R2,Seasonal,0.7227967226248729,0.9879014722501078,,12,12,12.0,24.0,500,0.0,0.0,29.76699670510698,6.042392399265966,1.053614214166727,,,
R3,Stationary_WN,0.16819864945329455,0.25703694950420597,,None,5,,,500,0.0,0.0,0.0,0.0,12.28980975906282,,,
R4,Trending_RandomWalkDrift,0.7377095873049986,0.16893659837725483,0.0,None,167,,,500,,,0.0,0.0,0.7234537807370202,,,-0.22344703368326502
R1,Composite,0.9998813784562125,0.9989265056716635,0.9325523753210102,24,24,24.0,48.0,500,-0.20581734454711154,-2.7252321558728506e-05,14.721489551934766,3.361895519523077,0.5442940909092872,,,
R2,Seasonal,0.6973192952054241,0.8583110525979621,,24,24,24.0,48.0,500,0.0,0.0,15.895032964506576,11.830997027604111,1.4221774793888402,,,
R3,Stationary_AR,0.21933488783025,0.3622586321747604,,None,25,,,500,0.0,0.0,0.0,0.0,5.0,0.4365681221458691,,
R4,Trending_MeanShift,0.9999808224064469,0.9999229889361347,0.33087792408947947,None,250,,,500,,,0.0,0.0,0.8453588838181878,,250.0,
R1,Composite,0.9996266586421952,0.9974587751020244,0.8158965595738195,36,36,36.0,72.0,500,-0.23401068445579712,2.3175417820886106e-05,17.414653920794905,3.0146179571660823,1.0002346645596858,,,
R2,Seasonal,0.6943987376274818,0.9193843791630055,,36,36,36.0,72.0,500,0.0,0.0,21.382781657448515,11.316899947621472,1.9610406490209655,,,
R3,Stationary_AR,0.19142867424445908,0.30106360401189625,,None,20,,,500,0.0,0.0,0.0,0.0,5.0,0.44313459309628167,,
R4,Trending_ExponentialGrowth,0.9994779725950984,0.4443228304413417,0.3603137310536242,None,24,,,500,,,0.0,0.0,1.0814525343616803,,,
R1,Composite,0.99902572514712,0.9924072179811919,0.8377864329806777,36,36,36.0,72.0,500,0.15198937398232146,1.982692073971377e-05,11.985885740369294,4.028841472930983,1.0819607213128122,,,
R2,Seasonal,0.6303988135715506,0.9885531273955073,,36,36,36.0,72.0,500,0.0,0.0,27.33567832519297,4.61512984406267,1.2345708187761635,,,
R3,Stationary_WN,0.31565080774071996,0.18967596995930502,,None,2,,,500,0.0,0.0,0.0,0.0,14.460661954287556,,,
R4,Trending_RandomWalkDrift,0.5647608741004623,0.0,0.0,None,167,,,500,,,0.0,0.0,0.7885543156590485,,,0.16489678286566578
R1,Composite,0.9999357994423596,0.9990009890112972,0.9762571746999515,24,24,24.0,48.0,500,0.3796505516728448,3.257800599126198e-05,20.16335600656035,7.80987396832403,0.6699786482404423,,,
R2,Seasonal,0.5579796136940427,0.9879089999596345,,24,24,24.0,48.0,500,0.0,0.0,26.614215245957986,4.009052918036381,1.4902067949427718,,,
R3,Stationary_WN,0.0891711979162878,0.1485835218198438,,None,6,,,500,0.0,0.0,0.0,0.0,14.067703676618464,,,
R4,Trending_MeanShift,0.9995932136588132,0.9983344970078266,0.0,None,250,,,500,,,0.0,0.0,0.9018291161675469,,250.0,
R1,Composite,0.999486381259512,0.9957019365575551,0.7086328198915706,12,12,12.0,24.0,500,-0.2589628776196985,1.867150245113336e-05,17.439313953777475,3.0934730813285007,1.1232554497004021,,,
R2,Seasonal,0.7451611975268693,0.9016716813213795,,12,12,12.0,24.0,500,0.0,0.0,12.521834271244233,8.159407952754064,0.7888521663540736,,,
R3,Stationary_AR,0.10164050750519815,0.3303260030012968,,None,25,,,500,0.0,0.0,0.0,0.0,5.0,0.5133594083783288,,
R4,Trending_ExponentialGrowth,0.9965713340051038,0.4004960901325848,0.431333420269447,None,24,,,500,,,0.0,0.0,1.0634062010645011,,,
R1,Composite,0.9998265761243725,0.9985758689309301,0.8940776886928596,12,12,12.0,24.0,500,0.2730588427937757,4.201189570644671e-05,20.844057929390022,4.36784592540399,0.8597270116954403,,,
R2,Seasonal,0.5997819145625798,0.9824854886162814,,12,12,12.0,24.0,500,0.0,0.0,23.382921551265454,4.338255480243209,1.5684527304620652,,,
R3,Stationary_AR,0.02896749415742661,0.36032560587276663,,None,71,,,500,0.0,0.0,0.0,0.0,5.0,0.5041953741667367,,
R4,Trending_RandomWalkDrift,0.995413742366458,0.9004181196403265,0.0,None,250,,,500,,,0.0,0.0,0.9857988788763237,,,0.4924470181858501
R1,Composite,0.9993863288906731,0.9937504063258901,0.9472790242535468,12,12,12.0,24.0,500,0.16618864945450215,-2.401069619328194e-05,9.77079450986594,6.545663205181783,0.8813280740659247,,,
R2,Seasonal,0.7301081619570177,0.9260651977718015,,12,12,12.0,24.0,500,0.0,0.0,19.257645509851024,10.296148086523145,1.5697401742814852,,,
R3,Stationary_AR,0.04411914331039668,0.31171116441376434,,None,56,,,500,0.0,0.0,0.0,0.0,5.0,0.5347041047309009,,
R4,Trending_MeanShift,0.999991176030316,0.9999646576722958,0.0,None,250,,,500,,,0.0,0.0,0.5448389850590881,,250.0,
R1,Composite,0.9997423042950264,0.9965284628287754,0.8803988387048642,48,50,48.0,96.0,500,0.25545319982947634,-3.152914436473014e-05,13.810608286251439,2.9543474059021073,0.7959632096177762,,,
R2,Seasonal,0.6228910287257778,0.9021823483929179,,48,50,48.0,96.0,500,0.0,0.0,15.027900618498025,7.903073313537893,1.827512332411286,,,
R3,Stationary_WN,0.12596242876693142,0.21847368056275784,,None,4,,,500,0.0,0.0,0.0,0.0,7.349833841250023,,,
R4,Trending_MeanShift,0.9997817637557634,0.9991208739461753,0.0,None,250,,,500,,,0.0,0.0,1.203773155907846,,250.0,
R1,Composite,0.9996449686517038,0.9948559948684534,0.9018913686232533,24,24,24.0,48.0,500,-0.31805898202297933,-2.7210748517410074e-05,17.421770049129645,6.849236368226006,1.2353916516134498,,,
R2,Seasonal,0.6417358302052488,0.9739367655386044,,24,24,24.0,48.0,500,0.0,0.0,27.487125945768092,7.138909288127625,1.9864914663273585,,,
R3,Stationary_WN,0.11505223643226525,0.15516041387018353,,None,4,,,500,0.0,0.0,0.0,0.0,10.730519314387548,,,
R4,Trending_ExponentialGrowth,0.9978973782671875,0.3722634510515975,0.33937276888562473,None,24,,,500,,,0.0,0.0,0.7181025418451936,,,
R1,Composite,0.9996567128155344,0.9887235748151652,0.8660619058850141,24,24,24.0,48.0,500,0.285053116032516,3.264083668478726e-05,10.462677381524365,4.9953337738885555,1.3435097902034936,,,
R2,Seasonal,0.7016423383804467,0.8195134027382719,,24,24,24.0,48.0,500,0.0,0.0,12.01385310672924,10.556252652426096,1.0052192160515003,,,
R3,Stationary_AR,0.09919528025771462,0.8045646519797354,,None,250,,,500,0.0,0.0,0.0,0.0,5.0,0.6797932965590301,,
R4,Trending_MeanShift,0.9996565753850528,0.9986076748933537,0.0,None,250,,,500,,,0.0,0.0,1.1394838404758323,,250.0,
R1,Composite,0.9948333262895201,0.997538228326477,0.7948970005366496,12,12,12.0,24.0,500,-0.10493368830330413,4.608952868217353e-05,24.792665857332725,4.61398945858888,1.2104099770321621,,,
R2,Seasonal,0.7106960333100487,0.8498659167546718,,12,12,12.0,24.0,500,0.0,0.0,12.08960705596322,9.016101842726005,1.9531945506284805,,,
R3,Stationary_AR,0.06958924106667563,0.5199223317784527,,None,167,,,500,0.0,0.0,0.0,0.0,5.0,0.568913690003746,,
R4,Trending_ExponentialGrowth,0.9975706803283123,0.2775959137920353,0.30985859169726115,None,24,,,500,,,0.0,0.0,1.3379174559227796,,,
R1,Composite,0.9991974590379696,0.9985552869664752,0.956507528847487,24,24,24.0,48.0,500,-0.13792246299324415,1.4977449193927554e-05,19.59266653657008,6.614822795552795,0.7974550226464303,,,
R2,Seasonal,0.7064958798917333,0.9611215786196069,,24,24,24.0,48.0,500,0.0,0.0,25.893100319847413,9.791498926041548,0.8232425247623149,,,
R3,Stationary_WN,0.1558966452728251,0.17403433725522965,,None,4,,,500,0.0,0.0,0.0,0.0,14.047772727696167,,,
R4,Trending_ExponentialGrowth,0.9996888958998241,0.4348087816419879,0.4112348120714402,None,24,,,500,,,0.0,0.0,0.6213828479529756,,,
R1,Composite,0.9931030119360399,0.9673143450059771,0.7396068302706367,48,50,48.0,96.0,500,0.11731604958246208,-2.7738655480976854e-05,10.356250004500447,3.4681826899353663,1.4191196566181516,,,
R2,Seasonal,0.6063726938144987,0.9396676322986178,,48,50,48.0,96.0,500,0.0,0.0,21.689540116891745,8.479305393896047,1.8619998849294297,,,
R3,Stationary_AR,0.04497334660904073,0.29974086173821235,,None,56,,,500,0.0,0.0,0.0,0.0,5.0,0.5147062302558728,,
R4,Trending_RandomWalkDrift,0.9974900582423203,0.9517946132572409,0.0,None,250,,,500,,,0.0,0.0,1.4877758657470683,,,0.28393843062111934
R1,Composite,0.9998611047544291,0.9906425934640714,0.8536497758300539,24,24,24.0,48.0,500,0.3862207007560743,-3.792416765323176e-05,8.886395212988837,3.7710690151108337,0.9415285167269494,,,
R2,Seasonal,0.6328198134279756,0.9556073495837714,,24,24,24.0,48.0,500,0.0,0.0,17.73618110117172,5.969904822536022,1.6719847014232152,,,
R3,Stationary_WN,0.12711596138138848,0.17944394606638459,,None,7,,,500,0.0,0.0,0.0,0.0,7.860093813965464,,,
R4,Trending_ExponentialGrowth,0.9966864364092568,0.36940047733883796,0.26251180980904176,None,24,,,500,,,0.0,0.0,1.0450703610057879,,,
R1,Composite,0.9994685443537482,0.9935883224377541,0.6425205650937263,24,24,24.0,48.0,500,-0.29771507056426594,-4.450899551328648e-05,18.455533316385456,3.0354984644970653,1.4159941189186167,,,
R2,Seasonal,0.669197327080959,0.8813064131560945,,24,24,24.0,48.0,500,0.0,0.0,15.019164003109868,9.694461946807916,1.768305936222603,,,
R3,Stationary_WN,0.15620990386501277,0.24631513278181427,,None,5,,,500,0.0,0.0,0.0,0.0,5.110721257637971,,,
R4,Trending_ExponentialGrowth,0.9979870876181243,0.3559268801423674,0.37240979065649915,None,24,,,500,,,0.0,0.0,1.4867567585900714,,,
R1,Composite,0.9992781120786697,0.9948297316381985,0.8603582425763043,12,12,12.0,24.0,500,-0.21212013626405438,-3.910833120280793e-05,17.72409207364511,6.085473684859009,1.2923436252787752,,,
R2,Seasonal,0.6644388580569293,0.981083045566381,,12,12,12.0,24.0,500,0.0,0.0,24.766386694206584,5.344760398281684,1.572139081570665,,,
R3,Stationary_WN,0.17913655283580066,0.09431586234584588,,None,3,,,500,0.0,0.0,0.0,0.0,6.182337068361983,,,
R4,Trending_RandomWalkDrift,0.9980495356468194,0.712999714147881,0.9071816098989449,None,24,,,500,,,0.0,0.0,1.0202236070902369,,,-0.12233683083447416
R1,Composite,0.9997542601397483,0.9980028557263191,0.9199009122048059,24,24,24.0,48.0,500,-0.33266147130187096,-3.4040015650200156e-05,24.537770260926543,6.753822582690152,1.252053869964762,,,
R2,Seasonal,0.6554784789478787,0.9686773663263074,,24,24,24.0,48.0,500,0.0,0.0,25.49631398113216,7.800802937425327,1.8657997890689395,,,
R3,Stationary_WN,0.2716114085979734,0.1704001939027494,,None,2,,,500,0.0,0.0,0.0,0.0,13.196383312348168,,,
R4,Trending_RandomWalkDrift,0.9911567137320174,0.8631140849828531,0.0,None,250,,,500,,,0.0,0.0,1.0246601839584208,,,0.2800171547209221
R1,Composite,0.9995064462375539,0.9951940925851829,0.9239789401999706,12,12,12.0,24.0,500,0.26764649585954337,-1.9023209041672204e-05,16.818342817704007,7.857076271985551,1.3154885022292957,,,
R2,Seasonal,0.7366831567426843,0.9916508724993617,,12,12,12.0,24.0,500,0.0,0.0,29.311213155583594,5.2440405928536045,0.7211413016969428,,,
R3,Stationary_WN,0.15406752679537639,0.1247687934553573,,None,3,,,500,0.0,0.0,0.0,0.0,5.069408005018551,,,
R4,Trending_ExponentialGrowth,0.9994188294974846,0.4030922022950719,0.3562439675393412,None,24,,,500,,,0.0,0.0,0.5802739213388479,,,
R1,Composite,0.9998648660712439,0.998430035557744,0.9182568150048908,12,12,12.0,24.0,500,-0.36442649020513374,-1.0325609833972971e-05,22.13148895295823,5.789717762366671,0.9603367041416375,,,
R2,Seasonal,0.7500239802535804,0.9141389140539129,,12,12,12.0,24.0,500,0.0,0.0,12.203842172340735,7.456809964785083,0.5932649628832503,,,
R3,Stationary_WN,0.23018502696933174,0.15295076616463688,,None,2,,,500,0.0,0.0,0.0,0.0,6.918188403744546,,,
R4,Trending_MeanShift,0.9998536095519394,0.9994175313824887,0.0,None,250,,,500,,,0.0,0.0,0.7603088414245753,,250.0,
R1,Composite,0.9998253395768174,0.9986108873291366,0.8956262627668592,24,24,24.0,48.0,500,0.2873287874460891,2.5044292620029772e-05,21.663860781877098,4.354914288920046,0.8177562938122019,,,
R2,Seasonal,0.6765114476330067,0.8973375758052144,,24,24,24.0,48.0,500,0.0,0.0,15.218088269773407,9.259964017783329,1.4632816042058046,,,
R3,Stationary_AR,0.1952381417318747,0.2790515378864096,,None,20,,,500,0.0,0.0,0.0,0.0,5.0,0.5770413561016553,,
R4,Trending_ExponentialGrowth,0.9990599232830475,0.33599163529035825,0.2958752761450607,None,24,,,500,,,0.0,0.0,0.618015128966101,,,
R1,Composite,0.9992636550543192,0.9684297572810188,0.6128083545553904,12,12,12.0,24.0,500,-0.28912525936459377,4.492844920537939e-05,8.09048182354131,2.775308053358904,1.3197906476637842,,,
R2,Seasonal,0.7401892276542719,0.9904858601439513,,12,12,12.0,24.0,500,0.0,0.0,26.203614778778494,5.027376203249913,0.6229965554610963,,,
R3,Stationary_AR,0.03602854864629035,0.3714035005904449,,None,83,,,500,0.0,0.0,0.0,0.0,5.0,0.6165433137393032,,
R4,Trending_ExponentialGrowth,0.9934757729796659,0.402643159798456,0.3191528446437423,None,24,,,500,,,0.0,0.0,0.8875422499131213,,,
R1,Composite,0.9994853690335844,0.9991550508974282,0.9703818327622871,24,24,24.0,48.0,500,0.1144961944211866,4.176378765475123e-05,21.607998969589595,6.703350882331403,0.6787532491422728,,,
R2,Seasonal,0.678807309542285,0.9540162006609844,,24,24,24.0,48.0,500,0.0,0.0,26.49388506524142,10.318994684446404,1.600380644704391,,,
R3,Stationary_AR,0.005159015723194882,0.2614786876495627,,None,125,,,500,0.0,0.0,0.0,0.0,5.0,0.6131217397835284,,
R4,Trending_RandomWalkDrift,0.9985730617863849,0.892156151731112,0.554764881437873,None,250,,,500,,,0.0,0.0,1.1295773047353712,,,-0.3606810278368723
R1,Composite,0.9994805283606855,0.9962245222536081,0.9628383278621084,48,50,48.0,96.0,500,0.147238319158693,1.0249448656217815e-05,12.100248974476767,6.519067168821826,0.7717346672181749,,,
R2,Seasonal,0.6784881026613339,0.8990620365496371,,48,50,48.0,96.0,500,0.0,0.0,17.795877930855774,10.499587531893582,0.6211522953316935,,,
R3,Stationary_AR,0.39986260279816177,0.2820109604024329,,None,11,,,500,0.0,0.0,0.0,0.0,5.0,0.6664021691835671,,
R4,Trending_ExponentialGrowth,0.9815672050039357,0.3297987203139181,0.3145932340047065,None,24,,,500,,,0.0,0.0,0.9965911400210621,,,
R1,Composite,0.9998007573998092,0.9987513066608479,0.67270314354079,12,12,12.0,24.0,500,-0.2672677021562013,-3.235284745874667e-05,23.087853428259315,2.1371883201827355,0.8005229835850624,,,
R2,Seasonal,0.7395289410366426,0.9571451990481468,,12,12,12.0,24.0,500,0.0,0.0,18.987880973363225,7.719356820464786,1.0640947573258288,,,
R3,Stationary_WN,0.05761736105877213,0.3101054563338962,,None,24,,,500,0.0,0.0,0.0,0.0,14.404126231586602,,,
R4,Trending_ExponentialGrowth,0.9955309905386046,0.38649279681036997,0.3441151773421328,None,24,,,500,,,0.0,0.0,1.3463461154712808,,,
R1,Composite,0.999861148560498,0.9952196685022264,0.9742287173493748,36,36,36.0,72.0,500,0.24107036725749295,3.834504320391089e-05,8.95760780491713,7.343822936169,0.6704476833617024,,,
R2,Seasonal,0.5364264616408374,0.9132921016724969,,36,36,36.0,72.0,500,0.0,0.0,11.383777517827436,4.629683104646807,1.752979964793768,,,
R3,Stationary_AR,0.26790363729800926,0.35671030579673546,,None,19,,,500,0.0,0.0,0.0,0.0,5.0,0.6133439990932018,,
R4,Trending_ExponentialGrowth,0.9937925249754209,0.36809384514622745,0.3155385712731503,None,24,,,500,,,0.0,0.0,0.9675300109541303,,,
R1,Composite,0.9995894905692454,0.9958114890632145,0.967579536664946,36,36,36.0,72.0,500,-0.1576872805039222,-1.3781543945296373e-05,10.555847179864774,7.1922717822695,0.6993323499933572,,,
R2,Seasonal,0.007794305808111468,0.9854355704093628,,36,71,36.0,72.0,500,0.0,0.0,10.389447516914334,10.903687923215548,1.477182036298613,,,
R3,Stationary_AR,0.02623173611546159,0.21368621736451754,,None,100,,,500,0.0,0.0,0.0,0.0,5.0,0.6679116712830635,,
R4,Trending_RandomWalkDrift,0.9456629610181215,0.5413833958428456,0.0,None,250,,,500,,,0.0,0.0,1.1405592555604498,,,0.45202010051171737
R1,Composite,0.9991757751887484,0.9739045866306394,0.6537999926455911,36,36,36.0,72.0,500,0.2631597708617228,-4.185756865530605e-05,8.462366018157054,2.897197845395862,1.3513369106486215,,,
R2,Seasonal,0.7182657283106674,0.9587997575035694,,36,36,36.0,72.0,500,0.0,0.0,23.23343558208647,9.103361375804695,0.6490154100905842,,,
R3,Stationary_AR,0.23420889262004208,0.18914675199638997,,None,15,,,500,0.0,0.0,0.0,0.0,5.0,0.41220943510573277,,
R4,Trending_RandomWalkDrift,0.9942505960244812,0.8863909385314152,0.677686816088769,None,250,,,500,,,0.0,0.0,0.753420463258108,,,-0.35587524444355334
R1,Composite,0.9996786049394805,0.9987083340069434,0.9470376384461312,48,50,48.0,96.0,500,-0.18961737191280953,4.3652584121039815e-05,17.435034425679937,4.034704390092411,0.6005641635646779,,,
R2,Seasonal,0.44132658951096104,0.9680183146089288,,48,50,48.0,96.0,500,0.0,0.0,21.25225389017765,4.524551538554957,1.5966110406807217,,,
R3,Stationary_WN,0.14499026320200226,0.047369575136306796,,None,2,,,500,0.0,0.0,0.0,0.0,14.758055294326894,,,
R4,Trending_MeanShift,0.9681826277834474,0.9296033110611062,0.0,None,250,,,500,,,0.0,0.0,1.1151540106921498,,250.0,
R1,Composite,0.9977613737331943,0.9789114052387884,0.7088823904974937,12,12,12.0,24.0,500,-0.14741412438999346,4.338698162039395e-05,8.168979091165344,3.2423834329073564,1.221406580243944,,,
R2,Seasonal,0.025546057691578916,0.994778678217028,,12,24,12.0,24.0,500,0.0,0.0,10.721874638864364,11.933955880985536,0.9469421560589157,,,
R3,Stationary_WN,0.06005702373626276,0.21715560026347258,,None,7,,,500,0.0,0.0,0.0,0.0,7.51752177923374,,,
R4,Trending_MeanShift,0.9997335036105182,0.9989408181680517,0.0,None,250,,,500,,,0.0,0.0,1.04652202699133,,250.0,
R1,Composite,0.9998307079059029,0.9979189650634828,0.6754352444450046,36,36,36.0,72.0,500,-0.39107895479018406,1.1136238987191038e-05,22.563158768145247,2.0603433902048707,0.9541234671218936,,,
R2,Seasonal,0.6231801400200647,0.8711927936734223,,36,36,36.0,72.0,500,0.0,0.0,10.718841239578502,6.340813970408916,1.644960108227127,,,
R3,Stationary_AR,0.040736717073970086,0.2469849823905369,,None,50,,,500,0.0,0.0,0.0,0.0,5.0,0.5067756813434576,,
R4,Trending_RandomWalkDrift,0.999181436191413,0.6111984417307048,0.8364287671646667,None,24,,,500,,,0.0,0.0,1.2692421845014117,,,0.2306622079727808
R1,Composite,0.9997102313971364,0.9927480057262068,0.9246327278537465,24,24,24.0,48.0,500,-0.32476443937516514,2.240083280424585e-05,12.426349480438457,7.03101549423694,1.1077697078388145,,,
R2,Seasonal,0.6931789083932345,0.9796596134658099,,24,24,24.0,48.0,500,0.0,0.0,28.46671674187251,7.38471957918316,0.9984105463946964,,,
R3,Stationary_WN,0.09500908178877232,0.059466695670653325,,None,3,,,500,0.0,0.0,0.0,0.0,9.06879124104344,,,
R4,Trending_ExponentialGrowth,0.9995015717331985,0.4738099463268792,0.31823630454480123,None,24,,,500,,,0.0,0.0,0.5720754653270772,,,
R1,Composite,0.9991059075155281,0.9971550238140362,0.9356376514723957,24,24,24.0,48.0,500,-0.10271958170128032,-3.5767346244050085e-05,13.523337076457604,5.116769205780253,0.7595094766342305,,,
R2,Seasonal,0.7003007968785582,0.9228839664418615,,24,24,24.0,48.0,500,0.0,0.0,21.14471187389197,11.277033574561461,1.2784561059309323,,,
R3,Stationary_AR,0.0,0.19744435258925697,,None,125,,,500,0.0,0.0,0.0,0.0,5.0,0.4732566786093506,,
R4,Trending_RandomWalkDrift,0.9993856922463539,0.7521543202415649,0.9237378087315645,None,24,,,500,,,0.0,0.0,0.5465207592463445,,,-0.3558365746158315
R1,Composite,0.9996640080076655,0.9968887595182548,0.8918462771070724,24,24,24.0,48.0,500,0.31730593405991203,3.471977710964825e-05,22.05204728305769,6.380944686550079,1.4357689079615539,,,
R2,Seasonal,0.690104647108058,0.9397508607364697,,24,24,24.0,48.0,500,0.0,0.0,14.459795569885323,6.613332311078199,0.973878545384933,,,
R3,Stationary_AR,0.16270766826233674,0.20303980075009798,,None,20,,,500,0.0,0.0,0.0,0.0,5.0,0.5967272245641195,,
R4,Trending_RandomWalkDrift,0.9994476696649376,0.8331570589778748,0.9271621546033577,None,24,,,500,,,0.0,0.0,1.1528373449616964,,,-0.23401458162998787
R1,Composite,0.9997748192367804,0.9894077593474638,0.8689828417073511,12,12,12.0,24.0,500,-0.3737081004686358,3.8372161417743366e-05,10.410565291109204,5.441477080705446,1.0908345084020268,,,
R2,Seasonal,0.7434426237571967,0.960344723602313,,12,12,12.0,24.0,500,0.0,0.0,23.884558318762455,9.514935081162282,1.0648382775254364,,,
R3,Stationary_WN,0.15903558529802453,0.07585849677666401,,None,2,,,500,0.0,0.0,0.0,0.0,5.892583027114875,,,
R4,Trending_MeanShift,0.9998218422423563,0.9992776043978479,0.0,None,250,,,500,,,0.0,0.0,0.6941583999158488,,250.0,
R1,Composite,0.9998559633432811,0.9984442783028316,0.8315967551461476,12,12,12.0,24.0,500,-0.32288927545596824,1.4529953644910548e-05,19.65586502100328,3.2066732837965732,0.8530012562582584,,,
R2,Seasonal,0.7409344131914122,0.9625330274090171,,12,12,12.0,24.0,500,0.0,0.0,27.850361457702828,10.638314918000013,1.273277213898982,,,
R3,Stationary_WN,0.08655231660815288,0.19485354773759989,,None,8,,,500,0.0,0.0,0.0,0.0,10.437380519403368,,,
R4,Trending_ExponentialGrowth,0.9995021904689751,0.40145933060096806,0.3482487907244314,None,24,,,500,,,0.0,0.0,0.7871964344800574,,,
R1,Composite,0.9998077073268602,0.9960294656344203,0.8671627137986868,24,24,24.0,48.0,500,0.39183733119976827,1.0064890214708112e-05,17.515477607496194,5.136997203223833,1.1638252052940015,,,
R2,Seasonal,0.6809433422316389,0.9914793517768348,,24,24,24.0,48.0,500,0.0,0.0,27.036384205637226,4.440228655243392,0.7298336003844091,,,
R3,Stationary_AR,0.12092701653013271,0.1676019109421164,,None,14,,,500,0.0,0.0,0.0,0.0,5.0,0.4427194206990777,,
R4,Trending_MeanShift,0.9998939791031946,0.999580564122229,0.0,None,250,,,500,,,0.0,0.0,0.6409987144755261,,250.0,
R1,Composite,0.9972541833661984,0.9879699504487975,0.5544555600629658,12,12,12.0,24.0,500,-0.1571412177056498,3.779834973323022e-05,13.577794297214947,2.60540699976269,1.4336090355062354,,,
R2,Seasonal,0.750266121086935,0.9623193693027163,,12,12,12.0,24.0,500,0.0,0.0,19.913078572419565,7.858194398234071,0.5944558006863927,,,
R3,Stationary_WN,0.20010209456460293,0.14913995002685254,,None,4,,,500,0.0,0.0,0.0,0.0,12.717792525687841,,,
R4,Trending_RandomWalkDrift,0.999530764400196,0.672570734869324,0.8794256252858758,None,24,,,500,,,0.0,0.0,0.6222650418385569,,,-0.22099076983413593
R1,Composite,0.9998117544067239,0.9986322782685999,0.9003640005922323,24,24,24.0,48.0,500,-0.18078460822344805,-1.4046592600707669e-05,14.094627570462762,2.805483056677609,0.606810719998078,,,
R2,Seasonal,0.6881704685346028,0.9920828233228458,,24,24,24.0,48.0,500,0.0,0.0,27.183242849057436,4.3664933395894785,0.6744003852361142,,,
R3,Stationary_AR,0.07210706199609673,0.7591966504209947,,None,250,,,500,0.0,0.0,0.0,0.0,5.0,0.6262235908830154,,
R4,Trending_ExponentialGrowth,0.9998912639056282,0.5991958091897127,0.6683951322932211,None,24,,,500,,,0.0,0.0,0.50513059366418,,,
R1,Composite,0.9996366103429909,0.9917349076801589,0.9401683123918878,12,12,12.0,24.0,500,-0.22709942499265967,-3.4031117871424704e-05,10.259050971459107,7.488216083944754,1.0188816696313205,,,
R2,Seasonal,0.7410738558209226,0.9319495221861428,,12,12,12.0,24.0,500,0.0,0.0,21.239045944259285,11.139488170659767,1.4076399210143495,,,
R3,Stationary_WN,0.12785191525611694,0.08999149975505771,,None,3,,,500,0.0,0.0,0.0,0.0,13.774937058109572,,,
R4,Trending_MeanShift,0.9999631457891893,0.9998517831092252,0.0,None,250,,,500,,,0.0,0.0,0.9040047339676669,,250.0,
R1,Composite,0.9999088105382176,0.9980317436703448,0.9675238735645783,36,36,36.0,72.0,500,-0.26799930491164137,1.1087701438265216e-05,11.52823862336048,5.383676424675333,0.5798053781126027,,,
R2,Seasonal,0.6588780365334479,0.9487326439087516,,36,36,36.0,72.0,500,0.0,0.0,20.865228425114225,8.01653199674576,1.9193673194291148,,,
R3,Stationary_WN,0.15541718789303605,0.23908111266948306,,None,8,,,500,0.0,0.0,0.0,0.0,5.5603221139114565,,,
R4,Trending_MeanShift,0.9999728614484193,0.9998916237923792,0.0,None,250,,,500,,,0.0,0.0,0.7197327254464072,,250.0,
R1,Composite,0.9996907324929609,0.9985117275806686,0.7689242007878778,24,24,24.0,48.0,500,-0.2547546377420507,-2.148171704255908e-05,24.497576346617514,2.890691761594266,1.0184863504635824,,,
R2,Seasonal,0.7078797380894029,0.9634848434870978,,24,24,24.0,48.0,500,0.0,0.0,29.96145889114539,11.020756220810803,0.7960658359430972,,,
R3,Stationary_WN,0.017398391454818585,0.19134891771884233,,None,26,,,500,0.0,0.0,0.0,0.0,10.269851449467588,,,
R4,Trending_RandomWalkDrift,0.9976027426437875,0.9536825214534462,0.9500426543638618,None,125,,,500,,,0.0,0.0,0.5994343695810866,,,-0.2411225450256652
R1,Composite,0.9985880421208958,0.9981580545453493,0.9363634854245986,24,24,24.0,48.0,500,0.15413576856355152,-4.6742624152450644e-05,23.404350765747083,7.171349729685246,1.1422114421876133,,,
R2,Seasonal,0.7087409473078463,0.9626971009388328,,24,24,24.0,48.0,500,0.0,0.0,25.022490303374802,9.191388190373019,0.511517663235264,,,
R3,Stationary_WN,0.19332386537741753,0.2299356462105051,,None,3,,,500,0.0,0.0,0.0,0.0,8.834780294935161,,,
R4,Trending_ExponentialGrowth,0.9983538380050044,0.3459563782979961,0.35408550781723636,None,24,,,500,,,0.0,0.0,0.6999599560741764,,,
R1,Composite,0.9985279119221594,0.9967718570279207,0.8546035948921573,12,12,12.0,24.0,500,-0.1387070671448265,-2.316827991210302e-05,20.897064794921594,5.560805017429159,1.1083522086859814,,,
R2,Seasonal,0.6213027138760101,0.9377656412538171,,12,12,12.0,24.0,500,0.0,0.0,13.816895202983721,5.593805078251005,1.8032664984454754,,,
R3,Stationary_WN,0.1468672740779553,0.057114022700097355,,None,3,,,500,0.0,0.0,0.0,0.0,9.888411823380746,,,
R4,Trending_MeanShift,0.9999526318659376,0.9998082587574845,0.0,None,250,,,500,,,0.0,0.0,1.1795271290038596,,250.0,
R1,Composite,0.9999165472173062,0.997381007714827,0.8579081211373631,12,12,12.0,24.0,500,-0.348441503983694,-4.548163654446748e-05,13.491982201026632,3.1823801758546875,0.7357228976140863,,,
R2,Seasonal,0.7218951294557848,0.9286840603042968,,12,12,12.0,24.0,500,0.0,0.0,20.32620836794218,10.372159279929782,1.9724267895074157,,,
R3,Stationary_WN,0.2070649499438747,0.2222750352181917,,None,4,,,500,0.0,0.0,0.0,0.0,7.601356323943108,,,
R4,Trending_ExponentialGrowth,0.996501732713566,0.35775941645969667,0.3528401199841096,None,24,,,500,,,0.0,0.0,0.6124158254391365,,,
R1,Composite,0.9990937696871395,0.996008181675192,0.7213127727844446,36,36,36.0,72.0,500,0.20179419067584942,-2.7215631803761526e-05,18.22891164755835,3.2173066424305827,1.1402755041450279,,,
R2,Seasonal,0.6958346648941284,0.9920410316980747,,36,36,36.0,72.0,500,0.0,0.0,27.64361341603152,4.4709834967117175,0.6655175208480943,,,
R3,Stationary_AR,0.22528868079646958,0.37275994231398535,,None,29,,,500,0.0,0.0,0.0,0.0,5.0,0.6983504296572987,,
R4,Trending_RandomWalkDrift,0.9899973810212003,0.8372677011610938,0.0,None,250,,,500,,,0.0,0.0,1.130088576275337,,,0.42119936395958557
R1,Composite,0.9993678053361704,0.9943880827430712,0.5947852764626813,12,12,12.0,24.0,500,0.2597880066463155,-3.0720447363773925e-05,16.62994710723365,2.1695469680028374,1.2341512407036084,,,
R2,Seasonal,0.7454761188599436,0.9825570996454708,,12,12,12.0,24.0,500,0.0,0.0,24.530537949463532,6.439583060577909,0.6614634540139015,,,
R3,Stationary_AR,0.14208113765823815,0.24116077531823688,,None,24,,,500,0.0,0.0,0.0,0.0,5.0,0.5150934212129825,,
R4,Trending_ExponentialGrowth,0.9966240620119727,0.3380791186521732,0.44119272809901655,None,24,,,500,,,0.0,0.0,0.8541826617688965,,,
R1,Composite,0.9998072788809356,0.9867306094100848,0.9346195091507344,36,36,36.0,72.0,500,-0.376743911512876,1.3484634210737944e-05,9.123879275001464,7.491453606412062,1.1283707656364663,,,
R2,Seasonal,0.6783213078141432,0.9653637005654012,,36,36,36.0,72.0,500,0.0,0.0,13.965155550682136,4.6413296604961385,0.7858063110421065,,,
R3,Stationary_AR,0.08318441359386641,0.37830366649569436,,None,71,,,500,0.0,0.0,0.0,0.0,5.0,0.4818012083342886,,
R4,Trending_RandomWalkDrift,0.6976373274672063,0.23412388301063558,0.0,None,167,,,500,,,0.0,0.0,1.3116210759276838,,,0.35929352998331165
R1,Composite,0.9996031763192562,0.9964528784216103,0.7441428439808117,12,12,12.0,24.0,500,0.3092846978614775,2.9015959431520843e-05,22.12069253984584,3.962015355902087,1.2684295647979358,,,
R2,Seasonal,0.742043580174141,0.933699142339504,,12,12,12.0,24.0,500,0.0,0.0,13.245556440651864,6.785898629373414,0.7858875323585113,,,
R3,Stationary_AR,0.14962579061810477,0.3672252845751124,,None,36,,,500,0.0,0.0,0.0,0.0,5.0,0.6780384181518446,,
R4,Trending_ExponentialGrowth,0.9843260230615142,0.4113862284624529,0.3350470213188407,None,24,,,500,,,0.0,0.0,0.9395608683993895,,,
R1,Composite,0.9998026565045124,0.9951034285872009,0.9317236877392419,48,50,48.0,96.0,500,-0.2928554931711897,-4.967578878965811e-05,13.30958360080696,5.528476905203446,0.9832275558886313,,,
R2,Seasonal,0.3359331134576091,0.8959103057176223,,48,50,48.0,96.0,500,0.0,0.0,12.74958259487505,4.38398839549146,1.9138477720614744,,,
R3,Stationary_WN,0.2205770122345656,0.17885220978597638,,None,3,,,500,0.0,0.0,0.0,0.0,6.965838910228071,,,
R4,Trending_ExponentialGrowth,0.9972241915176805,0.34924990410038215,0.3418842491184979,None,24,,,500,,,0.0,0.0,0.7127798315735129,,,
R1,Composite,0.9998607985869096,0.9993022900088273,0.9748823625524503,36,36,36.0,72.0,500,0.23162445635461137,-3.101972709918978e-05,19.671025978961698,6.163942625468542,0.5419188152306694,,,
R2,Seasonal,0.7102326853367853,0.9610541270457431,,36,36,36.0,72.0,500,0.0,0.0,20.27290083182819,7.807396466140419,0.8642978432589687,,,
R3,Stationary_AR,0.11956619268915603,0.30023094396238437,,None,26,,,500,0.0,0.0,0.0,0.0,5.0,0.6862440674572893,,
R4,Trending_ExponentialGrowth,0.9993765542395808,0.31508867801178353,0.3698397742583691,None,24,,,500,,,0.0,0.0,1.0898528270769186,,,
R1,Composite,0.9998100020150336,0.9973642466697643,0.7764724080493733,12,12,12.0,24.0,500,-0.30070094943684,4.174154691713215e-05,15.37025766035155,2.6714955375332963,0.7957585191813761,,,
R2,Seasonal,0.6566393820795768,0.9378782582916049,,12,12,12.0,24.0,500,0.0,0.0,12.796285739001236,5.278130677639974,1.5793813689268372,,,
R3,Stationary_WN,0.15164835638805596,0.08254159482827883,,None,2,,,500,0.0,0.0,0.0,0.0,7.50098602729784,,,
R4,Trending_MeanShift,0.9999882425524157,0.9999529183596682,0.0927062035967301,None,250,,,500,,,0.0,0.0,0.5241196064507303,,250.0,
R1,Composite,0.9987152786895539,0.9963915561193895,0.6153931036571664,12,12,12.0,24.0,500,-0.1832110351722629,3.3535789329153e-05,20.423468819105608,2.457921140212717,1.312126274913824,,,
R2,Seasonal,0.7529962579978171,0.9014089465640386,,12,12,12.0,24.0,500,0.0,0.0,16.18582611689477,10.676514766057544,0.6123188891302507,,,
R3,Stationary_AR,0.2168080111140902,0.21234700334735845,,None,24,,,500,0.0,0.0,0.0,0.0,5.0,0.5396751013057293,,
R4,Trending_RandomWalkDrift,0.9993888914950247,0.7091985324957956,0.8448668170857798,None,24,,,500,,,0.0,0.0,1.1833459800135149,,,0.19925805375175978
R1,Composite,0.9996254891919845,0.9974998241686577,0.9398985184463677,48,50,48.0,96.0,500,-0.20133478745281463,4.4706182366263904e-05,14.372181794562731,4.610542249367194,0.7507637695092098,,,
R2,Seasonal,0.603931094791,0.9542657183809972,,48,50,48.0,96.0,500,0.0,0.0,27.207713281350266,9.16219958861759,1.9447487439432918,,,
R3,Stationary_WN,0.14634433296686633,0.28989762149257936,,None,5,,,500,0.0,0.0,0.0,0.0,5.5148229515405065,,,
R4,Trending_ExponentialGrowth,0.9996007739105224,0.4517717059801454,0.33646872325992283,None,24,,,500,,,0.0,0.0,0.8078743547203743,,,
R1,Composite,0.9995039043369343,0.9957185206464119,0.9268267882213639,24,24,24.0,48.0,500,0.23673906070509718,-1.0289830750268384e-05,15.661890449891189,6.9549513930878675,1.153385907701078,,,
R2,Seasonal,0.7045138016501802,0.9552524934808138,,24,24,24.0,48.0,500,0.0,0.0,26.12100143672556,10.50710083076324,1.0974950606506064,,,
R3,Stationary_WN,0.19726612375405828,0.06331881582497878,,None,2,,,500,0.0,0.0,0.0,0.0,9.391628059812962,,,
R4,Trending_RandomWalkDrift,0.9605981966466396,0.5345244529459687,0.0,None,167,,,500,,,0.0,0.0,0.9919430077970309,,,0.31384969990918604
R1,Composite,0.9990376772472589,0.9967048629184485,0.8722534110740011,36,36,36.0,72.0,500,0.20939229175874513,1.616720048763021e-05,23.817612203939046,6.130001286221516,1.438551829672245,,,
R2,Seasonal,0.7096506414377892,0.9485670500554786,,36,36,36.0,72.0,500,0.0,0.0,19.90949370507017,8.665196534869883,0.8576386407607853,,,
R3,Stationary_AR,0.3243799699979284,0.31465900915542255,,None,15,,,500,0.0,0.0,0.0,0.0,5.0,0.5208456932988816,,
R4,Trending_ExponentialGrowth,0.9969109736915157,0.29485592845793995,0.3109573216535859,None,24,,,500,,,0.0,0.0,0.5958676008602145,,,
R1,Composite,0.9993899592754573,0.9854136773859954,0.8205011148101322,36,36,36.0,72.0,500,0.253577481709939,1.918563223417274e-05,10.920620455331917,4.7119758917946575,1.3178999559815812,,,
R2,Seasonal,0.6639611219585229,0.8904113609356316,,36,36,36.0,72.0,500,0.0,0.0,13.754546901059106,8.343346496951714,1.9143816440881793,,,
R3,Stationary_AR,0.29975042806053565,0.24439279211930265,,None,11,,,500,0.0,0.0,0.0,0.0,5.0,0.6111492895445372,,
R4,Trending_MeanShift,0.9999301597239553,0.9997188248383835,0.0,None,250,,,500,,,0.0,0.0,0.7612971966245462,,250.0,
R1,Composite,0.9997667161843473,0.9944901724050336,0.9013489653780767,12,12,12.0,24.0,500,-0.1813073592934054,-2.6262090553046866e-05,8.137162692345292,3.586459447431916,0.6443664088835275,,,
R2,Seasonal,0.7196162870153671,0.8995627091984875,,12,12,12.0,24.0,500,0.0,0.0,17.502030516190736,10.427305978847727,1.9560083916364621,,,
R3,Stationary_AR,0.09343180007642504,0.3472004827674978,,None,42,,,500,0.0,0.0,0.0,0.0,5.0,0.4260758575000963,,
R4,Trending_RandomWalkDrift,0.9829368750383705,0.550926959874067,0.26667527454030193,None,250,,,500,,,0.0,0.0,1.1139383858955467,,,-0.4377258206963607
R1,Composite,0.9995232474773457,0.9952622519662162,0.8268204809980957,36,36,36.0,72.0,500,-0.16889214687485038,3.061100481050933e-05,9.908185605217346,2.5988186237232616,0.7682339331471721,,,
R2,Seasonal,0.6655447616639761,0.9709238526163858,,36,36,36.0,72.0,500,0.0,0.0,25.896946221127383,7.450905608852956,1.7394998384389972,,,
R3,Stationary_WN,0.13596505580570528,0.19996087072530966,,None,4,,,500,0.0,0.0,0.0,0.0,6.876762023460964,,,
R4,Trending_MeanShift,0.9999738712605997,0.9998956813638058,0.0,None,250,,,500,,,0.0,0.0,0.6230059501231591,,250.0,
R1,Composite,0.9996378828263377,0.996058549290795,0.9811358168172555,36,36,36.0,72.0,500,0.12278815353091767,1.4958122051628449e-05,8.012739689564015,6.94588469300507,0.5062947866333908,,,
R2,Seasonal,0.7156199946993167,0.7932441374710416,,36,36,36.0,72.0,500,0.0,0.0,10.164799488335387,9.838721787158438,0.8124868130776828,,,
R3,Stationary_AR,0.14450106730585277,0.2395776877238769,,None,11,,,500,0.0,0.0,0.0,0.0,5.0,0.44345563332573673,,
R4,Trending_RandomWalkDrift,0.9927158605676614,0.7649676771593449,0.8984398405451397,None,24,,,500,,,0.0,0.0,0.7398605922293073,,,-0.16127796989084486
R1,Composite,0.9996527513064999,0.9986171701801507,0.946504544494919,48,50,48.0,96.0,500,-0.19240821023826127,-1.2085633112066052e-05,21.09461504332493,4.093564731441711,0.6905406339390445,,,
R2,Seasonal,0.3723224391962895,0.9747808406340464,,48,50,48.0,96.0,500,0.0,0.0,26.937729723096357,4.690976121015336,1.132940495528811,,,
R3,Stationary_AR,0.3851114845266602,0.2881327433451374,,None,11,,,500,0.0,0.0,0.0,0.0,5.0,0.5901030227429841,,
R4,Trending_RandomWalkDrift,0.9997897916975187,0.6641335246735709,0.863192925894528,None,24,,,500,,,0.0,0.0,0.8633382163613896,,,0.4249803447487208
R1,Composite,0.9994406563196377,0.990399058738875,0.5858671260567436,24,24,24.0,48.0,500,0.3331171354640795,-3.930978635716432e-05,15.080778030091842,2.4095788293322826,1.4833667972713198,,,
R2,Seasonal,0.6949324338074638,0.9551741866656508,,24,24,24.0,48.0,500,0.0,0.0,24.759089532217992,9.586509483603907,1.3680447450807036,,,
R3,Stationary_AR,0.18397629477521604,0.34663154785233197,,None,28,,,500,0.0,0.0,0.0,0.0,5.0,0.6365941958413144,,
R4,Trending_ExponentialGrowth,0.9975194215694982,0.4183594185713212,0.3463946443437872,None,24,,,500,,,0.0,0.0,1.011958265676816,,,
R1,Composite,0.9989988101596567,0.9980265315341933,0.9639079486310358,36,36,36.0,72.0,500,-0.1243351471857318,1.5994992935615223e-05,17.23324673123829,7.514589041452828,0.7987404205122777,,,
R2,Seasonal,0.6954931336674238,0.940918037756817,,36,36,36.0,72.0,500,0.0,0.0,17.164669550617813,7.683868339425024,1.1318624322985875,,,
R3,Stationary_AR,0.19483450180900475,0.23064521709241836,,None,22,,,500,0.0,0.0,0.0,0.0,5.0,0.5632321190593836,,
R4,Trending_MeanShift,0.9999731025392745,0.9998933171310194,0.09880447053162411,None,250,,,500,,,0.0,0.0,0.7256962744284933,,250.0,
R1,Composite,0.9998251268415089,0.9968042051887912,0.9415392776784294,36,36,36.0,72.0,500,-0.3042269030433343,-3.861198141947263e-05,15.493486638812454,6.6619775919934945,0.8776222530282579,,,
R2,Seasonal,0.5885314063561802,0.9630426200106718,,36,36,36.0,72.0,500,0.0,0.0,18.923198818646007,5.464261086402613,1.653285036832023,,,
R3,Stationary_AR,0.16348838715975866,0.2934905648044006,,None,45,,,500,0.0,0.0,0.0,0.0,5.0,0.6770838194846853,,
R4,Trending_RandomWalkDrift,0.9208081230022058,0.0,0.0,None,167,,,500,,,0.0,0.0,1.113051337429854,,,0.4807221138950222
R1,Composite,0.9999140622429704,0.9981938054492354,0.8727211583747243,12,12,12.0,24.0,500,-0.3737459875539505,-1.5589938455975015e-05,16.985065776146232,3.7192740164979403,0.6903896778852101,,,
R2,Seasonal,0.6790196190066433,0.9531133731050643,,12,12,12.0,24.0,500,0.0,0.0,16.134168605918266,6.267757442486134,1.845055598374591,,,
R3,Stationary_AR,0.051253959797097126,0.20525447791204243,,None,62,,,500,0.0,0.0,0.0,0.0,5.0,0.6718200306037123,,
R4,Trending_ExponentialGrowth,0.999629000007513,0.46996284093755614,0.46399000287191405,None,24,,,500,,,0.0,0.0,1.0351601137942952,,,
R1,Composite,0.9998936758791139,0.9990101262172172,0.9477349576188214,36,36,36.0,72.0,500,-0.2888920723873385,3.76586606074929e-05,18.089777169163874,4.56644381592781,0.60355416032243,,,
R2,Seasonal,0.654906343875107,0.9554337250377042,,36,36,36.0,72.0,500,0.0,0.0,23.72569518032007,8.482485251894314,1.9601371512301655,,,
R3,Stationary_AR,0.32679036862248234,0.08927796946685451,,None,4,,,500,0.0,0.0,0.0,0.0,5.0,0.4090166987906262,,
R4,Trending_RandomWalkDrift,0.9638637860664259,0.9528643648935698,0.0,None,250,,,500,,,0.0,0.0,1.4801116792591729,,,0.11756798714088862
R1,Composite,0.9993553137722995,0.9962027208380722,0.849268100617295,24,24,24.0,48.0,500,0.10935829418769073,2.4343754654037584e-05,10.174842800764676,2.662810557370044,0.6443901562721349,,,
R2,Seasonal,0.647561894877285,0.9828722369081748,,24,24,24.0,48.0,500,0.0,0.0,28.770166681976782,6.213981194602712,1.495172062367148,,,
R3,Stationary_AR,0.04977503837185915,0.2743231131070202,,None,83,,,500,0.0,0.0,0.0,0.0,5.0,0.6293772725262696,,
R4,Trending_MeanShift,0.9999367724735638,0.9997452297482627,0.0,None,250,,,500,,,0.0,0.0,1.163343547833402,,250.0,
R1,Composite,0.9991691002001143,0.9967027970120654,0.8550638553553355,12,12,12.0,24.0,500,0.18809795403515028,1.9648736065275942e-05,20.23406238934252,5.391859677778507,1.2723405325454444,,,
R2,Seasonal,0.7507359577825857,0.913940938002467,,12,12,12.0,24.0,500,0.0,0.0,10.007274504980172,6.1248943698657206,0.5284960161520331,,,
R3,Stationary_WN,0.15107371092707456,0.1332531456248751,,None,3,,,500,0.0,0.0,0.0,0.0,5.193144671060369,,,
R4,Trending_MeanShift,0.9995636275902808,0.9982187065064803,0.0,None,250,,,500,,,0.0,0.0,0.9082705602991792,,250.0,
R1,Composite,0.9953788877862664,0.9918302558322981,0.7016604725329312,48,50,48.0,96.0,500,-0.15842336512785088,4.342122704462422e-05,21.507867563169263,2.8320634293849736,1.495795966265888,,,
R2,Seasonal,0.6479389162339784,0.8585979046296165,,48,50,48.0,96.0,500,0.0,0.0,16.843098898470096,11.409741964619595,1.932566371693561,,,
R3,Stationary_AR,0.044571816939043996,0.3275109442627714,,None,83,,,500,0.0,0.0,0.0,0.0,5.0,0.5731854901602981,,
R4,Trending_RandomWalkDrift,0.9983151364663031,0.7189140810239337,0.9106901101359748,None,24,,,500,,,0.0,0.0,1.383827240492117,,,-0.13131318037071435
R1,Composite,0.9994513765125554,0.9965440095149595,0.8035230008471043,12,12,12.0,24.0,500,0.2851789727389096,-1.869517784292818e-05,22.26406780358846,4.835632457925231,1.3876445714641612,,,
R2,Seasonal,0.6627937229858992,0.9842024469723254,,12,12,12.0,24.0,500,0.0,0.0,29.539260339690564,5.970905129384568,1.9218524254008513,,,
R3,Stationary_WN,0.05242442264665548,0.2231365325784882,,None,12,,,500,0.0,0.0,0.0,0.0,8.66994441434956,,,
R4,Trending_ExponentialGrowth,0.9962313125160892,0.4165317403034021,0.3622350933311319,None,24,,,500,,,0.0,0.0,1.1675127924875248,,,
R1,Composite,0.9997743055858974,0.9946284743817647,0.6206080580219803,24,24,24.0,48.0,500,0.3810916286116337,-2.6760450807833054e-05,15.298485096897986,2.1681757613410975,1.0699561174214716,,,
R2,Seasonal,0.556993934431665,0.9797491163026337,,24,24,24.0,48.0,500,0.0,0.0,24.2959280161181,4.709977054787878,1.7849854202890874,,,
R3,Stationary_AR,0.2759114274829374,0.377149151903161,,None,11,,,500,0.0,0.0,0.0,0.0,5.0,0.4820350839929092,,
R4,Trending_RandomWalkDrift,0.896109872061978,0.2065241609017313,0.0,None,167,,,500,,,0.0,0.0,1.209550262182105,,,-0.47855654671836545
R1,Composite,0.9994870306539168,0.9966716518828757,0.6726751654086216,12,12,12.0,24.0,500,-0.2747743048185717,3.0578476441250904e-05,20.817643694531995,2.8718593195329203,1.0859063135813949,,,
R2,Seasonal,0.7424401701901691,0.8787375612922002,,12,12,12.0,24.0,500,0.0,0.0,14.952354033934752,10.828765018444795,1.1594518081575163,,,
R3,Stationary_WN,0.086324071771685,0.2049813696130015,,None,6,,,500,0.0,0.0,0.0,0.0,14.132309525211458,,,
R4,Trending_RandomWalkDrift,0.9980660098568762,0.913194485097968,0.0,None,250,,,500,,,0.0,0.0,0.6987827149664364,,,0.4094387179567036
R1,Composite,0.9999138794023723,0.9988321916526445,0.7969334452355151,12,12,12.0,24.0,500,0.3638567900898614,-1.3283398783026091e-05,19.835197345557305,2.504503996828073,0.6822730331925865,,,
R2,Seasonal,0.5508577606049501,0.9089476934652889,,12,12,12.0,24.0,500,0.0,0.0,11.759092455591865,4.92495985636587,1.9258410270619815,,,
R3,Stationary_WN,0.09213692548800478,0.1905643922502982,,None,7,,,500,0.0,0.0,0.0,0.0,13.271705774670568,,,
R4,Trending_MeanShift,0.9991231848701563,0.9965445981068382,0.0,None,250,,,500,,,0.0,0.0,1.2438250519127187,,250.0,
R1,Composite,0.9994627079546042,0.9967425069462186,0.8536142768435404,36,36,36.0,72.0,500,-0.25393259286659386,-2.829734358049319e-05,22.345489628057877,5.389552657672809,1.3991868828553056,,,
R2,Seasonal,0.597539351260964,0.9335120950039828,,36,36,36.0,72.0,500,0.0,0.0,12.231123502493526,4.807874685961719,1.6543399836781338,,,
R3,Stationary_AR,0.18163556987624918,0.3436354236599425,,None,25,,,500,0.0,0.0,0.0,0.0,5.0,0.5899796194309646,,
R4,Trending_RandomWalkDrift,0.998348539245706,0.6195393363211026,0.8645195249168365,None,24,,,500,,,0.0,0.0,0.7368856788795846,,,-0.10212333543299207
R1,Composite,0.9965829657166394,0.9952684907958494,0.8838171164118602,48,50,48.0,96.0,500,0.10547678447913993,-1.3545814858733112e-05,18.35087213919838,4.917737845352434,1.2243099230684351,,,
R2,Seasonal,0.621019898757118,0.8422371561912779,,48,50,48.0,96.0,500,0.0,0.0,12.990243972991518,9.069889943647283,1.6927069990608994,,,
R3,Stationary_AR,0.00225542215992669,0.26556470548761923,,None,100,,,500,0.0,0.0,0.0,0.0,5.0,0.44390491643229846,,
R4,Trending_MeanShift,0.9998548189422057,0.9994083882610613,0.0,None,250,,,500,,,0.0,0.0,0.7912229051967717,,250.0,
R1,Composite,0.9997419000648926,0.9934661200500337,0.9294504173918837,12,12,12.0,24.0,500,-0.3375730029845102,3.157907513085626e-05,12.994081129143431,7.493184034331449,1.1849018865187606,,,
R2,Seasonal,0.6210746716174929,0.9359434850633441,,12,12,12.0,24.0,500,0.0,0.0,11.845059777623511,4.528790998402081,1.7914191803527255,,,
R3,Stationary_WN,0.16590056162069988,0.18082901101946958,,None,4,,,500,0.0,0.0,0.0,0.0,11.132354618758319,,,
R4,Trending_RandomWalkDrift,0.999809759603499,0.8170579142869889,0.8974850633883158,None,24,,,500,,,0.0,0.0,0.57954682666994,,,-0.4495784764264188
R1,Composite,0.99965200337198,0.9950119370516992,0.6395380946510391,36,36,36.0,72.0,500,0.35304217387680337,3.406544781142906e-05,19.815017213928428,2.636404557431981,1.4074403936948725,,,
R2,Seasonal,0.5741790518640837,0.9531148558696355,,36,36,36.0,72.0,500,0.0,0.0,13.859880929034896,4.4627481919171474,1.4397477635190843,,,
R3,Stationary_AR,0.054532850732492366,0.25785673282881116,,None,23,,,500,0.0,0.0,0.0,0.0,5.0,0.40438371180879396,,
R4,Trending_ExponentialGrowth,0.9786372423748807,0.35420122327508174,0.2989328380328239,None,24,,,500,,,0.0,0.0,0.9913819140399966,,,
R1,Composite,0.9993827897950185,0.9864640111455762,0.7582077419953412,48,50,48.0,96.0,500,0.3116094915944389,4.0633852799767377e-05,15.191930093268898,3.1174531055208643,1.4109840774570848,,,
R2,Seasonal,0.672304937152313,0.9285769054357231,,48,50,48.0,96.0,500,0.0,0.0,17.938456580825495,8.621109631270354,0.6103516525663404,,,
R3,Stationary_WN,0.04292595890692108,0.2797186467287812,,None,12,,,500,0.0,0.0,0.0,0.0,10.367465937641052,,,
R4,Trending_RandomWalkDrift,0.9989753125271494,0.6598133582337934,0.8175249316920212,None,24,,,500,,,0.0,0.0,0.8606502437786896,,,0.2966381808691032
R1,Composite,0.9995889049636985,0.9970640062428293,0.8574554725740486,12,12,12.0,24.0,500,0.3328383996535682,-1.3488004409459028e-05,24.904072958566488,6.37297211392119,1.4297165124048963,,,
R2,Seasonal,0.6413841280663064,0.9834055389693827,,12,12,12.0,24.0,500,0.0,0.0,27.224357186378864,5.518294838581201,1.692992419846147,,,
R3,Stationary_WN,0.17948981454048873,0.19794233815055595,,None,4,,,500,0.0,0.0,0.0,0.0,11.837432622171189,,,
R4,Trending_RandomWalkDrift,0.9996080665634635,0.5655863554220004,0.8743165188092614,None,24,,,500,,,0.0,0.0,1.3369070167597115,,,-0.34091036202833247
R1,Composite,0.9999307984194945,0.9973287967817391,0.9381276200704226,12,12,12.0,24.0,500,-0.371675889457597,-4.752830904012133e-05,12.874985410508652,5.131531866515069,0.7012489528982583,,,
R2,Seasonal,0.7121014003530313,0.9587041236883664,,12,12,12.0,24.0,500,0.0,0.0,14.699761936236555,5.5373731434406945,1.1563820110313827,,,
R3,Stationary_WN,0.06493344830760994,0.09261979559565126,,None,3,,,500,0.0,0.0,0.0,0.0,13.12750975436185,,,
R4,Trending_ExponentialGrowth,0.971808577947913,0.3949847077516392,0.2997058399087058,None,24,,,500,,,0.0,0.0,1.3614129857873012,,,
R1,Composite,0.9996925367897841,0.9944826781559243,0.9202126084105058,24,24,24.0,48.0,500,0.3268349805086581,4.6464295135324147e-05,16.570240443244302,7.701110859688726,1.4926046946791702,,,
R2,Seasonal,0.6596349620448632,0.9009338441724837,,24,24,24.0,48.0,500,0.0,0.0,16.273848375808612,9.32691062873719,1.977246434170244,,,
R3,Stationary_WN,0.17967895175713722,0.09365371287290913,,None,2,,,500,0.0,0.0,0.0,0.0,6.713640594273573,,,
R4,Trending_MeanShift,0.9994833823031102,0.9980113910403328,0.0,None,250,,,500,,,0.0,0.0,0.5790210548070691,,250.0,
R1,Composite,0.998511374567969,0.9877563077752456,0.9146817769650597,24,24,24.0,48.0,500,0.15778735929286625,-2.1077984810561376e-05,10.115819195034714,6.964970500047444,1.2636764560792106,,,
R2,Seasonal,0.662770929284361,0.9473872505966776,,24,24,24.0,48.0,500,0.0,0.0,15.41415124053793,6.175100363224439,1.3151100410720562,,,
R3,Stationary_AR,0.07539871019527178,0.28975683486737047,,None,42,,,500,0.0,0.0,0.0,0.0,5.0,0.5850565753784219,,
R4,Trending_ExponentialGrowth,0.9908277849848959,0.3392002422113175,0.2986463065405257,None,24,,,500,,,0.0,0.0,1.3325738240115839,,,
R1,Composite,0.9995075397948792,0.9959537341658672,0.6481476564138886,36,36,36.0,72.0,500,0.28996693852540056,1.5984371383471896e-05,21.00866772316242,2.830453048937466,1.3972075735246534,,,
R2,Seasonal,0.5815011486512229,0.8926556414727865,,36,36,36.0,72.0,500,0.0,0.0,10.235126540169794,5.214929442025756,1.7860045745256241,,,
R3,Stationary_AR,0.033859874478078145,0.3750449930422277,,None,50,,,500,0.0,0.0,0.0,0.0,5.0,0.6013669300104861,,
R4,Trending_MeanShift,0.9999483796141511,0.9997928565395159,0.2372468254030239,None,250,,,500,,,0.0,0.0,1.1230224745168842,,250.0,
R1,Composite,0.9996367857482014,0.9964781218824043,0.9106724811598411,36,36,36.0,72.0,500,-0.23129923358546858,-1.414704330130905e-05,15.6298492477115,5.469704387135168,1.0233731047144,,,
R2,Seasonal,0.581833362159258,0.9350492312403722,,36,36,36.0,72.0,500,0.0,0.0,15.569347485233767,5.903528146087605,1.833614682165973,,,
R3,Stationary_AR,0.2602686815782853,0.2588465203289687,,None,13,,,500,0.0,0.0,0.0,0.0,5.0,0.5415780809490148,,
R4,Trending_MeanShift,0.9958001284494072,0.9854555811244116,0.0,None,250,,,500,,,0.0,0.0,1.4720627732108569,,250.0,
R1,Composite,0.9991345442344344,0.973008669477323,0.7750525919378028,48,50,48.0,96.0,500,0.25063649999481796,-4.56606007720741e-05,8.351513226177515,3.4703618980687416,1.3841548067981326,,,
R2,Seasonal,0.44622646992688353,0.9800449021193116,,48,50,48.0,96.0,500,0.0,0.0,27.13018311397125,4.565261380468763,0.9556724048571927,,,
R3,Stationary_WN,0.3676477123797761,0.19281310173116872,,None,2,,,500,0.0,0.0,0.0,0.0,6.817659615358151,,,
R4,Trending_MeanShift,0.999944965616386,0.9997802233407124,0.0,None,250,,,500,,,0.0,0.0,1.3870615395913444,,250.0,
R1,Composite,0.9998873602539724,0.9984190600441702,0.9411666754378798,12,12,12.0,24.0,500,-0.254108276924084,-3.6423741033287494e-05,14.879906737561761,4.690251015345058,0.6588264369907326,,,
R2,Seasonal,0.7446528128886661,0.9782341542660064,,12,12,12.0,24.0,500,0.0,0.0,21.01638957512693,6.157834525480476,0.6981774354321673,,,
R3,Stationary_WN,0.11954150610739844,0.059239127517668466,,None,2,,,500,0.0,0.0,0.0,0.0,11.403177048426478,,,
R4,Trending_RandomWalkDrift,0.985903589861811,0.7042052397741638,0.06443663801177524,None,167,,,500,,,0.0,0.0,1.3145304334221695,,,0.28147813381007714
R1,Composite,0.9996843300724988,0.9979731859434999,0.8214910775631856,12,12,12.0,24.0,500,0.3132645009050764,-3.7451787658086226e-05,23.596290503488248,4.253254281292053,1.066028623642182,,,
R2,Seasonal,0.7454602118982123,0.9891203429552385,,12,12,12.0,24.0,500,0.0,0.0,24.720797586287944,5.072555136415092,0.5082672289687789,,,
R3,Stationary_WN,0.10174325478081692,0.1455561316214995,,None,5,,,500,0.0,0.0,0.0,0.0,10.317695893723675,,,
R4,Trending_MeanShift,0.9999895209723941,0.9999579194425968,0.17429648172599554,None,250,,,500,,,0.0,0.0,0.6153964112830325,,250.0,
R1,Composite,0.999756837266942,0.998166276488637,0.9359462061277104,36,36,36.0,72.0,500,0.3238373233406568,-4.03522363047403e-05,22.4423405446495,6.888329817752882,0.9817503586366222,,,
R2,Seasonal,0.7187880953434843,0.9473431380470714,,36,36,36.0,72.0,500,0.0,0.0,25.049957295835963,11.173379425084187,0.7521522909457079,,,
R3,Stationary_WN,0.07428232324158768,0.07614100215242259,,None,3,,,500,0.0,0.0,0.0,0.0,12.924119311917416,,,
R4,Trending_MeanShift,0.9999620396766238,0.9998470455026122,0.0,None,250,,,500,,,0.0,0.0,0.6573131366066851,,250.0,
R1,Composite,0.9996718637238647,0.9886642244501251,0.6724632742474372,12,12,12.0,24.0,500,-0.2975362982318124,3.365900322355874e-05,9.723958773745627,2.501156842285406,0.9504297161130093,,,
R2,Seasonal,0.7384999737785091,0.9871595118274366,,12,12,12.0,24.0,500,0.0,0.0,25.163077488926618,5.4942252045724915,0.7057534642546217,,,
R3,Stationary_AR,0.2798756384247627,0.2653301196036849,,None,10,,,500,0.0,0.0,0.0,0.0,5.0,0.4614159033662661,,
R4,Trending_MeanShift,0.9998923900473309,0.9995641350180983,0.0,None,250,,,500,,,0.0,0.0,0.8528695068348391,,250.0,
R1,Composite,0.998553771195752,0.9968910901176734,0.9387872202093741,24,24,24.0,48.0,500,0.15107076675711523,-2.4675075264759984e-05,19.255909582933974,7.694421766697324,1.1133836835055586,,,
R2,Seasonal,0.6600621734776738,0.9534415679057446,,24,24,24.0,48.0,500,0.0,0.0,14.345249760925878,5.355705398334952,1.2609116314358868,,,
R3,Stationary_AR,0.04659246461935995,0.41532729119187217,,None,71,,,500,0.0,0.0,0.0,0.0,5.0,0.6086906174102136,,
R4,Trending_RandomWalkDrift,0.9542769572149042,0.7335034171071078,0.0,None,250,,,500,,,0.0,0.0,1.4473780492905954,,,0.17185514591010156
R1,Composite,0.9995111924874733,0.9916461053497265,0.8721625918972388,36,36,36.0,72.0,500,-0.2720851274021887,2.0927675680248902e-05,12.834700221034765,5.391366148883872,1.3728846061754318,,,
R2,Seasonal,0.718047170410564,0.9561359993758717,,36,36,36.0,72.0,500,0.0,0.0,27.428898883219233,11.146800769729348,0.7554991077033935,,,
R3,Stationary_WN,0.008292105326183963,0.2626620552644182,,None,45,,,500,0.0,0.0,0.0,0.0,9.969559881240865,,,
R4,Trending_RandomWalkDrift,0.9912444607879086,0.33819633239761415,0.7902066642613481,None,24,,,500,,,0.0,0.0,0.9774824104711346,,,0.14850317546942732
R1,Composite,0.9998811724153758,0.9986089257558726,0.9202398424322621,12,12,12.0,24.0,500,0.3111993143635102,2.4084383627172064e-05,19.22787702745472,4.8419008548193885,0.8042748130356246,,,
R2,Seasonal,0.7468244331388056,0.9809259645874593,,12,12,12.0,24.0,500,0.0,0.0,26.942063949733235,7.36032594513163,0.6817823719961356,,,
R3,Stationary_AR,0.07393803568027169,0.2287626003489096,,None,56,,,500,0.0,0.0,0.0,0.0,5.0,0.5845604454897999,,
R4,Trending_MeanShift,0.9999565965621774,0.9998256738905946,0.0,None,250,,,500,,,0.0,0.0,0.6202907351368409,,250.0,
R1,Composite,0.999402403815051,0.9941867387714628,0.9243227416311486,36,36,36.0,72.0,500,0.1650957251893494,4.917003157351809e-05,12.330369641771444,5.994357698375125,1.0441917469570885,,,
R2,Seasonal,0.7036194698696905,0.9784465805183864,,36,36,36.0,72.0,500,0.0,0.0,24.9401270609201,6.90630190368242,0.8357140567088652,,,
R3,Stationary_AR,0.24258773691839663,0.278327480423195,,None,12,,,500,0.0,0.0,0.0,0.0,5.0,0.5617925746167167,,
R4,Trending_RandomWalkDrift,0.990320377921887,0.7090876133256119,0.9022326080253038,None,24,,,500,,,0.0,0.0,1.3736594718613653,,,-0.10921451284935713
R1,Composite,0.9999045773924679,0.9991132878513648,0.970324937757981,48,50,48.0,96.0,500,0.3343136432089616,-2.3557662676120268e-05,22.487257488234643,5.867244487891479,0.705582709685672,,,
R2,Seasonal,0.6404376395268827,0.9051332836158682,,48,50,48.0,96.0,500,0.0,0.0,18.70803173821996,9.918377761637814,1.852215728389015,,,
R3,Stationary_AR,0.10031286933776284,0.20549093531472085,,None,24,,,500,0.0,0.0,0.0,0.0,5.0,0.537426139420068,,
R4,Trending_RandomWalkDrift,0.9963499590339886,0.9268991292318854,0.771436170119363,None,250,,,500,,,0.0,0.0,0.8017356127181222,,,-0.335511426361606
R1,Composite,0.9998621339657467,0.9989777192248906,0.9102660404092476,24,24,24.0,48.0,500,-0.2697304040788171,-4.318738603151203e-05,21.68353580109428,3.9388936622262927,0.7264637679395127,,,
R2,Seasonal,0.6904914289549735,0.9541171543056188,,24,24,24.0,48.0,500,0.0,0.0,16.857588359383406,6.646391871594432,0.9842693910790583,,,
R3,Stationary_AR,0.018732988950759033,0.22225222001878686,,None,50,,,500,0.0,0.0,0.0,0.0,5.0,0.49553869877988366,,
R4,Trending_ExponentialGrowth,0.9997777864256467,0.490254001920011,0.43376370304330925,None,24,,,500,,,0.0,0.0,0.6344849009305782,,,
R1,Composite,0.9989643863683554,0.9966443116235264,0.8730167993974784,24,24,24.0,48.0,500,0.1269642619170996,4.569098944381202e-05,16.966178449989116,4.6365389181119,1.0942411974434636,,,
R2,Seasonal,0.7096813065428484,0.9664772468970442,,24,24,24.0,48.0,500,0.0,0.0,23.617275851538928,8.228199036509539,0.5538722383337309,,,
R3,Stationary_AR,0.15093577409226255,0.3253694223667343,,None,18,,,500,0.0,0.0,0.0,0.0,5.0,0.4654050412775161,,
R4,Trending_MeanShift,0.999936490006806,0.9997448953236122,0.14030107555000004,None,250,,,500,,,0.0,0.0,1.1916231593798432,,250.0,
R1,Composite,0.9997274698578861,0.9986788814064546,0.9289136813821155,36,36,36.0,72.0,500,-0.1668785545514878,-1.5928141669707833e-05,16.231293464460535,3.962342367371975,0.6835497550181234,,,
R2,Seasonal,0.6832278973275355,0.925481153938517,,36,36,36.0,72.0,500,0.0,0.0,18.74830782110296,9.414928851602562,1.595279734384693,,,
R3,Stationary_AR,0.0013053869806144425,0.8142129426132739,,None,250,,,500,0.0,0.0,0.0,0.0,5.0,0.4732012543726172,,
R4,Trending_RandomWalkDrift,0.7155998671741877,0.4394325094570084,0.0,None,167,,,500,,,0.0,0.0,1.1228026806060054,,,0.17225885111394657
R1,Composite,0.9981149448767245,0.996104344004015,0.8870719791693752,12,12,12.0,24.0,500,0.17201111223544674,-3.04596200583404e-05,21.989049334810055,7.348779853421906,1.4715501796609707,,,
R2,Seasonal,0.6936070383562283,0.9795060445988709,,12,12,12.0,24.0,500,0.0,0.0,23.297476808164,5.895559082200739,1.4097130768147905,,,
R3,Stationary_WN,0.1302668052217777,0.18732920941403253,,None,4,,,500,0.0,0.0,0.0,0.0,12.58223302817607,,,
R4,Trending_RandomWalkDrift,0.9995822749447345,0.8084681824262466,0.9268660246474119,None,24,,,500,,,0.0,0.0,1.0780821140426053,,,0.2934195286542865
R1,Composite,0.9994009903420148,0.9981919353308154,0.9441522117831372,12,12,12.0,24.0,500,-0.1478575159935356,3.411847258242835e-05,15.494142737726406,5.358095025840836,0.7194381286379843,,,
R2,Seasonal,0.74097981685427,0.9706602596445085,,12,12,12.0,24.0,500,0.0,0.0,29.551482016165757,10.016048798573552,1.227285522441961,,,
R3,Stationary_WN,0.12979919158199937,0.1481123101876668,,None,5,,,500,0.0,0.0,0.0,0.0,5.804384583049995,,,
R4,Trending_RandomWalkDrift,0.9969128374764802,0.9135261658498298,0.0,None,250,,,500,,,0.0,0.0,1.4973614669146715,,,0.3937644106039295
R1,Composite,0.9996244169054368,0.9879325753522413,0.8734691806010124,12,12,12.0,24.0,500,-0.270462919734371,-3.767216696750497e-05,10.352372946671638,5.745543923689196,1.1891204712933003,,,
R2,Seasonal,0.7270972710235796,0.962431616207074,,12,12,12.0,24.0,500,0.0,0.0,28.12205111592143,10.40699988012636,1.7287602223019123,,,
R3,Stationary_WN,0.22901975467715685,0.19902142400833778,,None,3,,,500,0.0,0.0,0.0,0.0,6.551485424898587,,,
R4,Trending_MeanShift,0.9948878807616552,0.9735749081981105,0.0,None,250,,,500,,,0.0,0.0,1.036290665599429,,250.0,
R1,Composite,0.9998464774565876,0.9990687640689159,0.9685670122356325,48,50,48.0,96.0,500,-0.26449736466561485,-1.118389510642445e-05,22.976592354996072,5.898498593431785,0.6619818896565279,,,
R2,Seasonal,0.019009747386412146,0.9736571417210225,,48,100,48.0,96.0,500,0.0,0.0,13.487142509737458,11.908361229053202,1.7989735513047598,,,
R3,Stationary_AR,0.12517622219141422,0.26468306154977983,,None,31,,,500,0.0,0.0,0.0,0.0,5.0,0.6594018055372117,,
R4,Trending_ExponentialGrowth,0.9937830503903357,0.3156587615267089,0.3291379289864951,None,24,,,500,,,0.0,0.0,1.4502149526072385,,,
R1,Composite,0.9986139223880431,0.9984334249311155,0.9622642886975125,36,36,36.0,72.0,500,-0.10438676345245712,4.3156826911704276e-05,16.37645688853519,6.2048448600829875,0.7060529166538921,,,
R2,Seasonal,0.6950478975679721,0.9776042466612885,,36,36,36.0,72.0,500,0.0,0.0,27.432391471565513,7.610353991095112,1.165888563260661,,,
R3,Stationary_WN,0.2784010808146564,0.19529787439462076,,None,2,,,500,0.0,0.0,0.0,0.0,7.745181627360418,,,
R4,Trending_MeanShift,0.9998768798352684,0.9995085223277903,0.24301554243528567,None,250,,,500,,,0.0,0.0,1.3044263191941348,,250.0,
R1,Composite,0.9995172696518495,0.990653366498867,0.8917246945486401,24,24,24.0,48.0,500,0.3022808273832186,3.0365349827172362e-05,14.467801715232882,7.292462191578892,1.444106963236752,,,
R2,Seasonal,0.6416627910825113,0.9776779095144202,,24,24,24.0,48.0,500,0.0,0.0,18.688943913545998,4.507647007859267,1.1221059711762502,,,
R3,Stationary_AR,0.16938802948743625,0.28057113395395783,,None,24,,,500,0.0,0.0,0.0,0.0,5.0,0.6093709475751018,,
R4,Trending_ExponentialGrowth,0.9996615546546996,0.3239530438649111,0.39153972417105276,None,24,,,500,,,0.0,0.0,0.5391758511271013,,,
R1,Composite,0.9997491737903786,0.9950691380403158,0.93827162212182,48,50,48.0,96.0,500,0.25566813545662825,1.4444313188116272e-05,12.608038851249708,5.886246837905917,0.8946905132165449,,,
R2,Seasonal,0.637326585518498,0.9072095194844613,,48,50,48.0,96.0,500,0.0,0.0,19.34345961803173,10.097612808379267,1.9894445835934924,,,
R3,Stationary_WN,0.13305078231444933,0.18469661342329502,,None,3,,,500,0.0,0.0,0.0,0.0,11.038650620527052,,,
R4,Trending_MeanShift,0.9997969458832383,0.9992009357399713,0.0,None,250,,,500,,,0.0,0.0,0.787183386287844,,250.0,
R1,Composite,0.9997572482616595,0.9902338238172068,0.8595645769680055,24,24,24.0,48.0,500,0.3080103245391088,-4.390850348068568e-05,9.008803634976044,3.9554868010770132,0.9100436989836684,,,
R2,Seasonal,0.6950121967616798,0.8637299454230152,,24,24,24.0,48.0,500,0.0,0.0,16.060234790330124,11.683982113390048,1.5545902495638126,,,
R3,Stationary_AR,0.05791487123075123,0.2223397448763369,,None,26,,,500,0.0,0.0,0.0,0.0,5.0,0.42980540338084827,,
R4,Trending_ExponentialGrowth,0.9989761415321958,0.39061127871223134,0.4154324682419115,None,24,,,500,,,0.0,0.0,0.9993431556888639,,,
R1,Composite,0.9996565672776245,0.9977750699104306,0.9428806457139248,12,12,12.0,24.0,500,-0.179999183218329,2.0318576054813535e-05,13.646519098210891,5.20475063551855,0.6523573923434827,,,
R2,Seasonal,0.7349742553780948,0.8700828477447059,,12,12,12.0,24.0,500,0.0,0.0,13.166447004535872,9.906406977498158,1.3035891341210808,,,
R3,Stationary_WN,0.1818255560586587,0.11354171026786808,,None,3,,,500,0.0,0.0,0.0,0.0,7.893180078455519,,,
R4,Trending_ExponentialGrowth,0.9973206857703046,0.29598556721527114,0.2823053940174145,None,24,,,500,,,0.0,0.0,1.3818031509365354,,,
R1,Composite,0.9998496361213464,0.9916564024385327,0.9215017710260974,12,12,12.0,24.0,500,0.29294276422933585,3.08478199223325e-05,8.439725871881564,5.267753630720648,0.8154527568095652,,,
R2,Seasonal,0.7220199662667888,0.8872987963006935,,12,12,12.0,24.0,500,0.0,0.0,13.205840959500684,8.741850707596761,1.5076637938411914,,,
R3,Stationary_WN,0.13904015277227888,0.15748924730503577,,None,3,,,500,0.0,0.0,0.0,0.0,11.635035227852182,,,
R4,Trending_MeanShift,0.9999683253011306,0.9998745480164904,0.17379912585897905,None,250,,,500,,,0.0,0.0,1.4178267829904112,,250.0,
R1,Composite,0.9998650142581191,0.9922647033014205,0.9561980170240084,24,24,24.0,48.0,500,0.3267972175852179,1.863046878566994e-05,8.720055579007756,6.9554512552557295,0.8234261777854157,,,
R2,Seasonal,0.708020966860503,0.931343596669163,,24,24,24.0,48.0,500,0.0,0.0,21.161792759392373,10.901956070449408,0.9303730323051662,,,
R3,Stationary_WN,0.11588745720463178,0.19370894245860537,,None,5,,,500,0.0,0.0,0.0,0.0,13.839454391647864,,,
R4,Trending_RandomWalkDrift,0.9995568765583148,0.7475098152712536,0.8626703414682562,None,24,,,500,,,0.0,0.0,0.9457888180748694,,,0.39900668939074546
R1,Composite,0.9999367967503221,0.9994693268991235,0.9859491531644798,48,50,48.0,96.0,500,0.3539523284218674,-4.842615383665034e-05,24.178569684664293,7.680069248865181,0.5356604324182487,,,
R2,Seasonal,0.6308644231199485,0.9760021733934856,,48,50,48.0,96.0,500,0.0,0.0,27.977394066322525,7.048099206639018,0.6330778061296085,,,
R3,Stationary_WN,0.12316524097143988,0.05584062056000283,,None,3,,,500,0.0,0.0,0.0,0.0,5.588498729622615,,,
R4,Trending_RandomWalkDrift,0.5830829181738703,0.0,0.0,None,167,,,500,,,0.0,0.0,1.1603282698554582,,,0.43137707262963965
R1,Composite,0.9997223314190815,0.9955580884489393,0.6868047425838331,24,24,24.0,48.0,500,0.2810434771348729,-3.0616571432833126e-05,13.453606011328983,2.3467500648054473,0.9359192936573286,,,
R2,Seasonal,0.6940041572113302,0.8861094957252625,,24,24,24.0,48.0,500,0.0,0.0,13.55324877310637,9.010213031382351,1.0533307498951352,,,
R3,Stationary_WN,0.14500272068540143,0.12418119510549719,,None,3,,,500,0.0,0.0,0.0,0.0,9.907319323534098,,,
R4,Trending_RandomWalkDrift,0.9466447256263616,0.7967861509045124,0.6437582032715892,None,250,,,500,,,0.0,0.0,1.1034210858132523,,,-0.395249310821603
R1,Composite,0.9998373620526516,0.9931893307026747,0.9434593491738699,36,36,36.0,72.0,500,-0.34031617609357817,-4.109537878764034e-05,11.321335030835089,7.188103536388289,1.0367442409023218,,,
R2,Seasonal,0.6638847376721999,0.9136333114975014,,36,36,36.0,72.0,500,0.0,0.0,16.285101968725204,8.449768873658954,1.646449545960252,,,
R3,Stationary_AR,0.21599139625199648,0.2205248965985176,,None,7,,,500,0.0,0.0,0.0,0.0,5.0,0.41806953821595394,,
R4,Trending_MeanShift,0.9998203025153577,0.9992744829506952,0.15192395142432769,None,250,,,500,,,0.0,0.0,1.2162645616250234,,250.0,
R1,Composite,0.9988826656907975,0.9820983949094957,0.6602488022015064,12,12,12.0,24.0,500,-0.1732042185898544,1.4378440832404765e-05,8.277756859073222,2.7866847001359796,1.1600070274028584,,,
R2,Seasonal,0.6621523547681945,0.934388535822473,,12,12,12.0,24.0,500,0.0,0.0,12.960997318631184,5.6146828444289545,1.6515362793438477,,,
R3,Stationary_AR,0.10943937693275652,0.2270261501535925,,None,13,,,500,0.0,0.0,0.0,0.0,5.0,0.4673259246016117,,
R4,Trending_ExponentialGrowth,0.9880735458937457,0.3405704037732086,0.39622157783457124,None,24,,,500,,,0.0,0.0,1.3831277564539302,,,
R1,Composite,0.9991660022740376,0.9987138513356774,0.8869028302150536,12,12,12.0,24.0,500,-0.1651833496234104,4.781830466885217e-05,23.25343378951547,4.593707947353739,0.9619094382021085,,,
R2,Seasonal,0.6524604846771083,0.9132446418122618,,12,12,12.0,24.0,500,0.0,0.0,10.415326049627323,5.155704217741751,1.445879583072037,,,
R3,Stationary_AR,0.12356866071912898,0.2665971004386394,,None,50,,,500,0.0,0.0,0.0,0.0,5.0,0.6743988317373053,,
R4,Trending_RandomWalkDrift,0.9987970909863922,0.7119210323738889,0.9006825185507646,None,24,,,500,,,0.0,0.0,1.3412125653092168,,,-0.21347739351990247
R1,Composite,0.9997848557504442,0.9872292104922964,0.6700847110134589,12,12,12.0,24.0,500,0.3852186565353316,1.1080597712010826e-05,10.150341305841689,2.5589821668456647,1.1345396097508396,,,
R2,Seasonal,0.6554464438247212,0.9866069776063375,,12,12,12.0,24.0,500,0.0,0.0,29.56749148796768,5.587889412528052,1.8217269401525948,,,
R3,Stationary_AR,0.15567205926613115,0.2659247988406672,,None,31,,,500,0.0,0.0,0.0,0.0,5.0,0.6991872260892067,,
R4,Trending_RandomWalkDrift,0.9772012373246908,0.5115703064345904,0.4945850271492007,None,250,,,500,,,0.0,0.0,0.5106801288824843,,,-0.3095075508719778
R1,Composite,0.9998025895127187,0.9981198577282052,0.7951670249451148,24,24,24.0,48.0,500,0.2787706214929314,4.3292964162179896e-05,19.69072677038851,2.8601463099605633,0.9916525841165991,,,
R2,Seasonal,0.6468823470025388,0.9138500576226629,,24,24,24.0,48.0,500,0.0,0.0,16.0320029861301,8.092721573081207,1.7713432607648387,,,
R3,Stationary_WN,0.0167833015439236,0.295572056816494,,None,125,,,500,0.0,0.0,0.0,0.0,12.794141672625221,,,
R4,Trending_MeanShift,0.9999927314329607,0.9999709148356032,0.20809076968873463,None,250,,,500,,,0.0,0.0,0.5365819315467324,,250.0,
R1,Composite,0.9997492920802853,0.9952796205954407,0.7897479351979122,12,12,12.0,24.0,500,-0.34572685965635763,4.298111047538886e-05,15.18947175812735,3.8371308741836874,1.132017176598743,,,
R2,Seasonal,0.7392143916216232,0.958922359705768,,12,12,12.0,24.0,500,0.0,0.0,23.256829721273917,9.249934854312148,1.2161553221020498,,,
R3,Stationary_AR,0.0370768958672929,0.31204399006562367,,None,71,,,500,0.0,0.0,0.0,0.0,5.0,0.6485922066836101,,
R4,Trending_RandomWalkDrift,0.9998445801474186,0.616492478604586,0.8728454924521332,None,24,,,500,,,0.0,0.0,1.3805587775524082,,,0.462088585262018
R1,Composite,0.9998321381092657,0.9956955068661061,0.9496335556687197,36,36,36.0,72.0,500,-0.24323884277315605,-2.221394667125696e-05,10.265142699897574,5.439829594743083,0.7889245748355957,,,
R2,Seasonal,0.6903931343529159,0.9752513998392601,,36,36,36.0,72.0,500,0.0,0.0,28.245196005702986,8.138426799124215,1.3631436879102665,,,
R3,Stationary_WN,0.31787002503002704,0.16106890941236263,,None,2,,,500,0.0,0.0,0.0,0.0,11.65496680152971,,,
R4,Trending_MeanShift,0.9999364242364889,0.9997456213499104,0.0,None,250,,,500,,,0.0,0.0,1.2259962507840205,,250.0,
R1,Composite,0.9997123269153105,0.9973704077589497,0.8351351905769573,36,36,36.0,72.0,500,0.3302048369165686,-1.1184108770648928e-05,21.962021282538636,4.633169789793749,1.2167586175717164,,,
R2,Seasonal,0.7130665489928047,0.9426615628003461,,36,36,36.0,72.0,500,0.0,0.0,17.014189592775484,7.904112629213427,0.7964855532179493,,,
R3,Stationary_AR,0.0813534061987381,0.23363195790272584,,None,42,,,500,0.0,0.0,0.0,0.0,5.0,0.5859655506041049,,
R4,Trending_MeanShift,0.9998799251350717,0.9995219569389632,0.0,None,250,,,500,,,0.0,0.0,0.7597571970921461,,250.0,
R1,Composite,0.999462457433846,0.992576630168247,0.5457414161668407,24,24,24.0,48.0,500,0.2900112591486378,3.5126593048715065e-05,16.573414537499914,2.2400885165282,1.4744126352816251,,,
R2,Seasonal,0.7058496950903486,0.9208435041959404,,24,24,24.0,48.0,500,0.0,0.0,16.68494837093293,9.185567367116724,0.7228797308322423,,,
R3,Stationary_WN,0.11568762102236663,0.16915540279561014,,None,5,,,500,0.0,0.0,0.0,0.0,10.806635892621479,,,
R4,Trending_ExponentialGrowth,0.9994917258512244,0.39904762952301664,0.4040063959538265,None,24,,,500,,,0.0,0.0,0.9339154389026724,,,
R1,Composite,0.9987584994608542,0.9989667136264424,0.7975226394269854,12,12,12.0,24.0,500,0.1132336239875488,-1.1791755304553276e-05,23.868121884672938,2.855738838610401,0.8556740244753804,,,
R2,Seasonal,0.7348273034600696,0.962089661868356,,12,12,12.0,24.0,500,0.0,0.0,21.844289008369277,8.24465445948874,1.2403950278531937,,,
R3,Stationary_WN,0.2221203386133742,0.15713034839396023,,None,2,,,500,0.0,0.0,0.0,0.0,11.41377512387093,,,
R4,Trending_ExponentialGrowth,0.9984021520931309,0.3376328110462543,0.2635173183658438,None,24,,,500,,,0.0,0.0,0.7060669737028226,,,
R1,Composite,0.9998745088600427,0.9946667235051461,0.8571470887304973,24,24,24.0,48.0,500,-0.3073483559470077,-3.8055554232901524e-05,9.951980594898105,3.2632390950387977,0.726138544254676,,,
R2,Seasonal,0.6475776609945973,0.9794067213425804,,24,24,24.0,48.0,500,0.0,0.0,26.758877239242977,6.202965343883488,1.5359499722177814,,,
R3,Stationary_AR,0.15061444646120847,0.23349249535696037,,None,28,,,500,0.0,0.0,0.0,0.0,5.0,0.5585475713158597,,
R4,Trending_ExponentialGrowth,0.9964078325340675,0.33583025288781954,0.2965679416401208,None,24,,,500,,,0.0,0.0,1.1862073707962963,,,
R1,Composite,0.9988263085266013,0.9980997382566436,0.8961732018576979,36,36,36.0,72.0,500,0.10435550796565313,4.1377107286163095e-05,20.00852715992079,4.766098434242712,0.9138826400493788,,,
R2,Seasonal,0.6766616364182387,0.9731102512613449,,36,36,36.0,72.0,500,0.0,0.0,27.794884212385746,8.081442523488821,1.630843574956016,,,
R3,Stationary_WN,0.1535442947496538,0.0945245152771319,,None,4,,,500,0.0,0.0,0.0,0.0,9.531484468545958,,,
R4,Trending_ExponentialGrowth,0.9989123258017464,0.37995901398475895,0.2859469317201163,None,24,,,500,,,0.0,0.0,0.9374183406128418,,,
R1,Composite,0.9937955654375945,0.9928466576527706,0.7645081657418096,48,50,48.0,96.0,500,-0.12213254739977143,3.502885463882776e-05,20.407947243990193,3.2221957890725266,1.4476508891787558,,,
R2,Seasonal,0.6533534713411888,0.9454202470423015,,48,50,48.0,96.0,500,0.0,0.0,27.183431364002963,11.037077932896244,1.179939521748405,,,
R3,Stationary_WN,0.12342733770353409,0.20760609873044988,,None,7,,,500,0.0,0.0,0.0,0.0,11.034594566546076,,,
R4,Trending_ExponentialGrowth,0.9984623892120218,0.38645840505476436,0.33836798246250255,None,24,,,500,,,0.0,0.0,0.9513798495471263,,,
R1,Composite,0.9991013759054924,0.9951789756798113,0.8245752300019312,48,50,48.0,96.0,500,-0.24294934602838644,-4.62637370890725e-05,23.999534797706374,4.4035216209017385,1.3011544421926202,,,
R2,Seasonal,0.6079536396847885,0.8743963078069394,,48,50,48.0,96.0,500,0.0,0.0,12.43726189620629,7.125806879578317,1.91570839894676,,,
R3,Stationary_WN,0.14550665523885464,0.2516333048263828,,None,5,,,500,0.0,0.0,0.0,0.0,10.605849910903622,,,
R4,Trending_MeanShift,0.9999393809857658,0.9997595002257917,0.0,None,250,,,500,,,0.0,0.0,0.8515729059238321,,250.0,
R1,Composite,0.9994867966891127,0.9862712751722305,0.9455299099622961,24,24,24.0,48.0,500,-0.23784870443863654,3.1503471467901015e-05,8.368604557684774,7.899214449759236,1.0358850352827305,,,
R2,Seasonal,0.7082781698447501,0.9430510252224944,,24,24,24.0,48.0,500,0.0,0.0,21.051414343068572,9.755866675037758,0.8109079734566942,,,
R3,Stationary_WN,0.1979415387249165,0.2291149375706072,,None,5,,,500,0.0,0.0,0.0,0.0,14.576208194378564,,,
R4,Trending_RandomWalkDrift,0.7347857559261486,0.5557119227374023,,None,250,,,500,,,0.0,0.0,0.8223956385305633,,,-0.35590646635251166
R1,Composite,0.9999122730417414,0.9968329994280479,0.8193050684168934,12,12,12.0,24.0,500,0.38215128442727464,3.778539555401867e-05,13.650974046271838,3.0611096489439116,0.7824319086805477,,,
R2,Seasonal,0.7542193599660492,0.9338962581675604,,12,12,12.0,24.0,500,0.0,0.0,21.974668713698524,11.74582702063151,0.5727536578967483,,,
R3,Stationary_WN,0.09873796230211207,0.24035037496788514,,None,12,,,500,0.0,0.0,0.0,0.0,7.424854370331374,,,
R4,Trending_RandomWalkDrift,0.9977553790801222,0.9352498128788949,0.6372579575022028,None,250,,,500,,,0.0,0.0,1.3978313104842992,,,-0.4787901330944183
R1,Composite,0.9998667739819268,0.9952438383426592,0.8313245141678827,24,24,24.0,48.0,500,0.3783952291160776,-1.4678880047092174e-05,12.41376016417949,3.2668250804319667,0.9989958898859145,,,
R2,Seasonal,0.6409668155586739,0.9249843771013815,,24,24,24.0,48.0,500,0.0,0.0,12.463108548272873,5.896271958165069,1.5144471145736524,,,
R3,Stationary_AR,0.17860068176128463,0.24877064947572958,,None,15,,,500,0.0,0.0,0.0,0.0,5.0,0.5102692890137464,,
R4,Trending_ExponentialGrowth,0.9932596852757403,0.4174358160530437,0.501686149728571,None,24,,,500,,,0.0,0.0,0.8387412400347773,,,
R1,Composite,0.9998199657658712,0.9908464820583851,0.8016407652233541,24,24,24.0,48.0,500,-0.3931564790715617,-1.3480122952242893e-05,11.1724528482968,3.7308927347291077,1.2382996259163277,,,
R2,Seasonal,0.6810194775452321,0.9546809338733446,,24,24,24.0,48.0,500,0.0,0.0,25.261241236438373,9.937823963625284,1.8141823276481857,,,
R3,Stationary_WN,0.0765378867396801,0.14228289925763848,,None,9,,,500,0.0,0.0,0.0,0.0,5.811289848418413,,,
R4,Trending_MeanShift,0.9997899829470316,0.9991524091510773,0.0,None,250,,,500,,,0.0,0.0,0.859442942640141,,250.0,
R1,Composite,0.9997060260297709,0.9989266896401257,0.953459124008482,12,12,12.0,24.0,500,-0.15390170199199782,2.303279593388497e-05,15.301493226482322,4.499783317147901,0.5254156629031508,,,
R2,Seasonal,0.7206109660087678,0.8748389807585881,,12,12,12.0,24.0,500,0.0,0.0,13.29691054181412,9.308184033020694,1.8269646400729762,,,
R3,Stationary_WN,0.22203952109036285,0.1493495547620799,,None,3,,,500,0.0,0.0,0.0,0.0,10.974415963258195,,,
R4,Trending_RandomWalkDrift,0.9750679567586266,0.9268467199431545,0.8078086915466798,None,250,,,500,,,0.0,0.0,1.0532729078189493,,,-0.3265827916484175
R1,Composite,0.9988859470968726,0.984837938207302,0.6704646640504741,24,24,24.0,48.0,500,-0.19561401147419588,1.8893550715065192e-05,10.038078587105211,2.7178269422087302,1.2799418397618152,,,
R2,Seasonal,0.6446334406948697,0.9011283949505262,,24,24,24.0,48.0,500,0.0,0.0,11.678359507600502,6.531677743122056,1.6184144853274538,,,
R3,Stationary_WN,0.12294031364792202,0.08768873657679954,,None,4,,,500,0.0,0.0,0.0,0.0,11.392595260785725,,,
R4,Trending_ExponentialGrowth,0.9986449487478354,0.3662309417840742,0.35288018550661737,None,24,,,500,,,0.0,0.0,0.611400450397347,,,
R1,Composite,0.9983895665382955,0.9963976584437866,0.5882183227470078,36,36,36.0,72.0,500,-0.1852735744817292,2.4080083778589182e-05,23.80971855439092,2.1122055828841386,1.3469489967097554,,,
R2,Seasonal,0.6712312033711628,0.9655037213537637,,36,36,36.0,72.0,500,0.0,0.0,26.40159505199134,8.52308495243211,1.842729126350462,,,
R3,Stationary_AR,0.14284796688282675,0.2804475845789939,,None,29,,,500,0.0,0.0,0.0,0.0,5.0,0.6290691564400623,,
R4,Trending_ExponentialGrowth,0.9859587974965497,0.42830487429388653,0.39387047649588103,None,24,,,500,,,0.0,0.0,1.4524215228862443,,,
R1,Composite,0.9993740151953497,0.9987826168100651,0.9709438174489128,24,24,24.0,48.0,500,0.14589818141615776,-3.4306769719225044e-05,18.723018799986644,7.050216325061764,0.7390580232486083,,,
R2,Seasonal,0.7060198959656319,0.950446698847298,,24,24,24.0,48.0,500,0.0,0.0,16.26584654618715,6.905263567482407,0.5908754440336379,,,
R3,Stationary_WN,0.11552342745260391,0.24017724377788097,,None,11,,,500,0.0,0.0,0.0,0.0,5.12270775455681,,,
R4,Trending_ExponentialGrowth,0.998612213906272,0.39501225822220654,0.3413115962686386,None,24,,,500,,,0.0,0.0,1.1049237090131472,,,
R1,Composite,0.9988119533602237,0.992632787047985,0.6234966398603915,12,12,12.0,24.0,500,0.217604957756885,-4.0596639549761466e-05,16.26452488278349,2.557843953718468,1.3272474878213334,,,
R2,Seasonal,0.7305379442748509,0.9590678121769471,,12,12,12.0,24.0,500,0.0,0.0,12.051576119648246,4.662324282801346,0.6663402129995749,,,
R3,Stationary_AR,0.23853372901762582,0.2460002477929506,,None,19,,,500,0.0,0.0,0.0,0.0,5.0,0.588687431265431,,
R4,Trending_RandomWalkDrift,0.9833751062262418,0.8708148993330367,0.3827102865676868,None,250,,,500,,,0.0,0.0,0.5431176274410965,,,-0.3442424544822249
R1,Composite,0.9997727525369082,0.9959724542759335,0.920710209301938,36,36,36.0,72.0,500,0.34804514689500776,4.567758194977147e-05,17.874086154880096,7.427493745898145,1.2935984381727372,,,
R2,Seasonal,0.6560230862633062,0.9807021722532074,,36,36,36.0,72.0,500,0.0,0.0,26.28198824858036,6.296050307315396,1.473997094343918,,,
R3,Stationary_AR,0.19837485065188742,0.8727889167611744,,None,250,,,500,0.0,0.0,0.0,0.0,5.0,0.42109761598940715,,
R4,Trending_MeanShift,0.9990841336293741,0.9959970284310434,0.0,None,250,,,500,,,0.0,0.0,1.339106252155469,,250.0,
R1,Composite,0.9993095483932013,0.9935273781658958,0.8826029799283589,48,50,48.0,96.0,500,0.2880650578613613,-1.9611344817843914e-05,19.510863067774736,6.6475513663189645,1.3016679989096556,,,
R2,Seasonal,0.6315002068636377,0.9661298410119694,,48,50,48.0,96.0,500,0.0,0.0,26.092400136102746,7.9613033637694794,0.8670744430356416,,,
R3,Stationary_WN,0.18071588677940675,0.11318324603825414,,None,3,,,500,0.0,0.0,0.0,0.0,11.194928666155736,,,
R4,Trending_MeanShift,0.9999212080095388,0.999683340629499,0.1228119483051976,None,250,,,500,,,0.0,0.0,1.4239629572956098,,250.0,
R1,Composite,0.9998972338445976,0.9971879852577538,0.9703112646676658,48,50,48.0,96.0,500,0.3188558204767023,1.561693123612376e-05,13.2401047287875,6.767596626429418,0.7872058120634579,,,
R2,Seasonal,0.6474933326125158,0.9462245136550714,,48,50,48.0,96.0,500,0.0,0.0,28.03047083464755,11.125424945402932,1.2895473523060497,,,
R3,Stationary_WN,0.1732661988771267,0.20141285046134816,,None,6,,,500,0.0,0.0,0.0,0.0,5.985877332693264,,,
R4,Trending_RandomWalkDrift,0.999675541165647,0.7429775849577072,0.8839681513787592,None,24,,,500,,,0.0,0.0,0.7986298088693525,,,0.39328163418635775
R1,Composite,0.9988090486215505,0.9939019852373497,0.886924189400952,48,50,48.0,96.0,500,0.1736674475254596,1.2493905239017376e-05,16.95609378769837,5.4946931410796465,1.3036644872358039,,,
R2,Seasonal,0.6571952098416193,0.944996865647746,,48,50,48.0,96.0,500,0.0,0.0,24.35552241588212,10.011764482202722,0.8741984779280922,,,
R3,Stationary_AR,0.23800416056742368,0.28701194534491103,,None,14,,,500,0.0,0.0,0.0,0.0,5.0,0.41536493991014806,,
R4,Trending_ExponentialGrowth,0.9979593442919533,0.3335830016650059,0.28664089048088703,None,24,,,500,,,0.0,0.0,1.0877153003735622,,,
R1,Composite,0.9994430234623366,0.9954988995249672,0.8193007430863686,12,12,12.0,24.0,500,0.17011320919663622,1.4798625803968047e-05,12.620243016159488,3.3137544883771506,0.9181900291179356,,,
R2,Seasonal,0.7303779135404485,0.9900906587519267,,12,12,12.0,24.0,500,0.0,0.0,29.385678683394442,5.584769730330953,0.8204944610075318,,,
R3,Stationary_AR,0.07804097144553779,0.21311667687635327,,None,29,,,500,0.0,0.0,0.0,0.0,5.0,0.4319147187262406,,
R4,Trending_ExponentialGrowth,0.9912084640806498,0.33170822703450287,0.2669860779264833,None,24,,,500,,,0.0,0.0,0.9558194762880803,,,
R1,Composite,0.999958214018513,0.9989216158482974,0.9639485141049822,36,36,36.0,72.0,500,0.3821204426000365,2.1413501133895015e-05,15.703650353861775,5.087282470027988,0.5490084044565559,,,
R2,Seasonal,0.6256113921466555,0.9840864030851437,,36,36,36.0,72.0,500,0.0,0.0,24.17183596318639,4.755840088787108,1.3164453729740777,,,
R3,Stationary_AR,0.31534065256621213,0.19909088124871177,,None,7,,,500,0.0,0.0,0.0,0.0,5.0,0.5060737799850323,,
R4,Trending_RandomWalkDrift,0.19722181833384334,0.2597299394550656,0.0,None,167,,,500,,,0.0,0.0,0.633784927595171,,,-0.1540390985217254
R1,Composite,0.9994254204035181,0.9978331761477772,0.9182255552588222,36,36,36.0,72.0,500,-0.15944190564657146,-4.897167065884301e-05,19.381640063040887,5.606607195761817,1.0043045747461825,,,
R2,Seasonal,0.7073982034694883,0.9403865169275492,,36,36,36.0,72.0,500,0.0,0.0,21.012148858180783,9.762466298189416,1.0224453282970085,,,
R3,Stationary_WN,0.09481721270879784,0.26523806431557584,,None,13,,,500,0.0,0.0,0.0,0.0,13.764755937308871,,,
R4,Trending_RandomWalkDrift,0.9800988054518633,0.6673383076567383,0.0,None,250,,,500,,,0.0,0.0,1.4421453337914718,,,-0.321220250321263
R1,Composite,0.9981958359145425,0.9985733072646711,0.9085845351148619,48,50,48.0,96.0,500,-0.10724242706605164,4.751565954975647e-05,19.747228743586795,2.741982023768494,0.6090552896243824,,,
R2,Seasonal,0.01838191800490596,0.9807557351236584,,48,100,48.0,96.0,500,0.0,0.0,12.98597714930378,10.350404552339686,1.105093172679947,,,
R3,Stationary_WN,0.16883585477390206,0.22311201506605716,,None,4,,,500,0.0,0.0,0.0,0.0,10.994791963057674,,,
R4,Trending_ExponentialGrowth,0.9975134616554678,0.4110325385632241,0.3485108730657983,None,24,,,500,,,0.0,0.0,1.398878801211842,,,
R1,Composite,0.9998634076293142,0.9923357840898224,0.9115356006055967,36,36,36.0,72.0,500,-0.36395247493782623,-1.6609765508264318e-05,10.033825007659592,5.284435448438325,0.9652182960245532,,,
R2,Seasonal,0.6882535167540402,0.9749012651324406,,36,36,36.0,72.0,500,0.0,0.0,28.011083296862683,7.884897084867372,1.4248220228118615,,,
R3,Stationary_WN,0.12447796784669474,0.12839126645912213,,None,7,,,500,0.0,0.0,0.0,0.0,6.074221215562408,,,
R4,Trending_ExponentialGrowth,0.9954133633995638,0.3866256981936754,0.2687452230852956,None,24,,,500,,,0.0,0.0,1.0264543173697769,,,
R1,Composite,0.9999323365326603,0.9994793847641663,0.9781226558529004,24,24,24.0,48.0,500,0.2990102046307188,-2.3380053904720632e-05,20.945305807758526,6.060937523486902,0.5029694501494296,,,
R2,Seasonal,0.6227952521539927,0.9685228517001911,,24,24,24.0,48.0,500,0.0,0.0,17.92992045014998,5.0544136627170655,1.463553673570285,,,
R3,Stationary_AR,0.09521165501540463,0.2590643340863731,,None,62,,,500,0.0,0.0,0.0,0.0,5.0,0.6288255877061466,,
R4,Trending_RandomWalkDrift,0.9997729783767281,0.6058046951145362,0.876739127553126,None,24,,,500,,,0.0,0.0,0.8894418054638319,,,-0.4991278455347342
R1,Composite,0.9996644540436966,0.994852268696667,0.950451773181944,48,50,48.0,96.0,500,-0.24932045235034445,-4.228025294133984e-05,14.261590447932562,7.617455886756723,1.239348804208602,,,
R2,Seasonal,0.5475770161969811,0.947864048603141,,48,50,48.0,96.0,500,0.0,0.0,15.855231209523078,5.158464484691168,1.6198159287363532,,,
R3,Stationary_AR,0.012840672309819334,0.1513674309719747,,None,125,,,500,0.0,0.0,0.0,0.0,5.0,0.41075376694909055,,
R4,Trending_ExponentialGrowth,0.9911413131378963,0.4373966755080875,0.2692459491133138,None,24,,,500,,,0.0,0.0,1.1418762336768549,,,
R1,Composite,0.9998495557795258,0.996645577624702,0.9142761265673386,24,24,24.0,48.0,500,0.3025213875540014,-3.23513135140494e-05,12.194509749110338,4.308908978458744,0.7755940422235833,,,
R2,Seasonal,0.699110749667057,0.8903661338081511,,24,24,24.0,48.0,500,0.0,0.0,14.485383992322484,9.627145468175232,1.1634281095252177,,,
R3,Stationary_AR,0.09779230965567065,0.2529956327773041,,None,50,,,500,0.0,0.0,0.0,0.0,5.0,0.5521394651147055,,
R4,Trending_ExponentialGrowth,0.997756806481879,0.402350238263366,0.3128661468882188,None,24,,,500,,,0.0,0.0,1.4829791245190158,,,
R1,Composite,0.9999388384709642,0.9992304679036328,0.8506931639483392,12,12,12.0,24.0,500,0.3334053380315658,-2.028446518291856e-05,18.599563366944263,2.2383209783850675,0.5180562366062407,,,
R2,Seasonal,0.7016006367062968,0.9620709765912446,,12,12,12.0,24.0,500,0.0,0.0,17.061037287331935,6.074607648496632,1.4384231747293563,,,
R3,Stationary_AR,0.23251082312347493,0.20044792902728692,,None,11,,,500,0.0,0.0,0.0,0.0,5.0,0.48702046855848086,,
R4,Trending_MeanShift,0.9992222907154036,0.9970878472329866,0.0,None,250,,,500,,,0.0,0.0,1.2580300890489182,,250.0,
R1,Composite,0.9998820771282461,0.9973350547461625,0.9562671531181453,24,24,24.0,48.0,500,0.3362331567793787,2.514779173872358e-05,14.666262324792612,6.593791114920116,0.9100045702764306,,,
R2,Seasonal,0.6894764969122882,0.992105081445281,,24,24,24.0,48.0,500,0.0,0.0,28.70375968348367,4.61720284075823,0.6555004787464607,,,
R3,Stationary_WN,0.14784588493351847,0.18724302747217747,,None,4,,,500,0.0,0.0,0.0,0.0,14.188230936799297,,,
R4,Trending_RandomWalkDrift,0.9819061967818361,0.0,,None,24,,,500,,,0.0,0.0,1.3499965540451724,,,-0.15087172936970164
R1,Composite,0.9995923262430277,0.9960724929103253,0.9184992504010633,48,50,48.0,96.0,500,-0.2989322264869538,-2.849614987026295e-05,20.95704487913095,6.929398148498988,1.3101035185897694,,,
R2,Seasonal,0.6658093641715292,0.9226586364869105,,48,50,48.0,96.0,500,0.0,0.0,19.910515516075577,10.011383432827948,1.0674499297435738,,,
R3,Stationary_AR,0.2234765821821736,0.2369479573569162,,None,13,,,500,0.0,0.0,0.0,0.0,5.0,0.5645225583686356,,
R4,Trending_RandomWalkDrift,0.9638303816288424,0.0,0.0,None,250,,,500,,,0.0,0.0,0.8138040385591934,,,-0.49588620749945744
R1,Composite,0.9988397055910739,0.9983260008881892,0.8535667521106671,24,24,24.0,48.0,500,-0.11664735864103881,-2.954674390050938e-05,22.202303361285967,3.8326676125869605,0.9309310507297974,,,
R2,Seasonal,0.6252234065255556,0.9714691232731212,,24,24,24.0,48.0,500,0.0,0.0,18.97427821350925,5.158774900610912,1.4055352033913082,,,
R3,Stationary_WN,0.19466723525097418,0.25075952507539956,,None,5,,,500,0.0,0.0,0.0,0.0,7.382087844577841,,,
R4,Trending_RandomWalkDrift,0.9998903168603991,0.6632784159099281,0.9128707232174129,None,24,,,500,,,0.0,0.0,1.3509534658255302,,,0.4591035077439173
R1,Composite,0.9996186646923593,0.9994559448503468,0.9359651082699605,36,36,36.0,72.0,500,-0.13787183319925386,2.204938155788426e-05,21.851900705975446,3.7365982288211432,0.573196525795971,,,
R2,Seasonal,0.6659047338486628,0.9746838181385455,,36,36,36.0,72.0,500,0.0,0.0,25.81636469606975,7.182035072563392,1.5894529783935551,,,
R3,Stationary_AR,0.07319154110616755,0.2717698743781486,,None,56,,,500,0.0,0.0,0.0,0.0,5.0,0.6750986993304438,,
R4,Trending_RandomWalkDrift,0.05829032980773552,0.4777659059963476,,None,167,,,500,,,0.0,0.0,1.294694204036761,,,-0.2314121484529646
R1,Composite,0.9995073096951328,0.9973875362595161,0.7877329307460992,12,12,12.0,24.0,500,-0.2273211973754022,-3.343016436742368e-05,21.663883792459202,3.9131519873082006,1.1853929900774993,,,
R2,Seasonal,0.7540000524864513,0.9533487992618987,,12,12,12.0,24.0,500,0.0,0.0,20.07577587388371,8.954783269431665,0.5303521275591727,,,
R3,Stationary_AR,0.2235682721433636,0.28648073754061776,,None,24,,,500,0.0,0.0,0.0,0.0,5.0,0.6460846663685949,,
R4,Trending_RandomWalkDrift,0.6939799696976381,0.0,0.0,None,250,,,500,,,0.0,0.0,1.359079388387804,,,0.15011512749152134
R1,Composite,0.9997683518354142,0.9929503590429987,0.9177326473933776,36,36,36.0,72.0,500,-0.34056563828986763,-3.4700356284409666e-05,13.320098854057955,6.776116517117585,1.2266526480619675,,,
R2,Seasonal,0.6179539160452193,0.9795715795042065,,36,36,36.0,72.0,500,0.0,0.0,22.99344762021213,5.160176736350409,1.499727330773985,,,
R3,Stationary_AR,0.07304510813323228,0.35014818353645927,,None,83,,,500,0.0,0.0,0.0,0.0,5.0,0.6106374634176374,,
R4,Trending_MeanShift,0.9999192572600843,0.99967460665543,0.0,None,250,,,500,,,0.0,0.0,0.9691453717916475,,250.0,
R1,Composite,0.9997616617661671,0.9884426143904713,0.8961349081752752,48,50,48.0,96.0,500,0.330672097983322,-2.554101825806693e-05,9.570327609059206,4.772768782788654,1.0888999161946855,,,
R2,Seasonal,0.6606133843300321,0.8995763109307033,,48,50,48.0,96.0,500,0.0,0.0,21.349775837259784,11.865535171870555,1.7722767434453441,,,
R3,Stationary_WN,0.020736427107676314,0.22252543328979535,,None,12,,,500,0.0,0.0,0.0,0.0,5.728089935955155,,,
R4,Trending_ExponentialGrowth,0.9993211117245716,0.3616906733462645,0.29935529529687965,None,24,,,500,,,0.0,0.0,0.553851287954134,,,
R1,Composite,0.9998329498037887,0.9943386834619081,0.9389014402088536,48,50,48.0,96.0,500,0.3761208602177636,2.561787373352462e-05,14.084181880203644,6.693359169007689,1.0709028681378503,,,
R2,Seasonal,0.6755241856354088,0.9094683395277375,,48,50,48.0,96.0,500,0.0,0.0,19.11682930523408,10.564535112758053,0.5866450619479431,,,
R3,Stationary_AR,0.17426340558356357,0.3236754956138148,,None,17,,,500,0.0,0.0,0.0,0.0,5.0,0.4813709096233613,,
R4,Trending_RandomWalkDrift,0.9997389067946225,0.6507425909050998,0.8814249120651507,None,24,,,500,,,0.0,0.0,1.4380280855996153,,,0.3600890981529482
R1,Composite,0.9976102378883731,0.993067881963437,0.854628775072763,48,50,48.0,96.0,500,0.1333035758606208,1.1456357378203004e-05,17.8238429117687,4.197612262959068,0.9386126825455635,,,
R2,Seasonal,0.6246125462163443,0.971557496456247,,48,50,48.0,96.0,500,0.0,0.0,24.251834299140242,6.617762495514659,0.8719172986614598,,,
R3,Stationary_WN,0.01672848747127853,0.24630374439469538,,None,24,,,500,0.0,0.0,0.0,0.0,11.010614696221163,,,
R4,Trending_RandomWalkDrift,0.9961190364319429,0.6457935067792792,0.8837760962573001,None,24,,,500,,,0.0,0.0,1.4311226873139726,,,0.15468001722740474
R1,Composite,0.9988440766615723,0.994735713810574,0.8560285989971743,24,24,24.0,48.0,500,-0.10018666492094569,-1.6804603250513413e-05,10.235760323912537,3.170571548418492,0.8076748914967723,,,
R2,Seasonal,0.7093176066823599,0.9324100903087839,,24,24,24.0,48.0,500,0.0,0.0,16.072794284787477,8.147770566754158,0.5417043168987948,,,
R3,Stationary_AR,0.033040293592820014,0.3632881746646467,,None,125,,,500,0.0,0.0,0.0,0.0,5.0,0.5724895244788052,,
R4,Trending_RandomWalkDrift,0.0,0.0,0.0,None,250,,,500,,,0.0,0.0,1.2464458189025724,,,0.4986909042220399
R1,Composite,0.9948331999554829,0.9941357916772989,0.7188203998356255,48,50,48.0,96.0,500,-0.12441313510740823,2.177012853473763e-05,22.495503661656215,2.519790352698525,1.424637130461007,,,
R2,Seasonal,0.6780891397123159,0.8842832449739773,,48,50,48.0,96.0,500,0.0,0.0,14.894447829829128,9.496530657648478,0.6203714724826541,,,
R3,Stationary_WN,0.17776165131240906,0.19261732402241005,,None,4,,,500,0.0,0.0,0.0,0.0,8.992663695096304,,,
R4,Trending_MeanShift,0.9999754999474784,0.9999020569484618,0.09368687939255371,None,250,,,500,,,0.0,0.0,0.5973888785677137,,250.0,
R1,Composite,0.9990347822945018,0.996498702461083,0.9652055133472254,24,24,24.0,48.0,500,0.10687223590796475,3.8029215219909864e-05,13.424075400126656,7.889773998753126,0.9293182210191689,,,
R2,Seasonal,0.6417775399230516,0.9556897501910202,,24,24,24.0,48.0,500,0.0,0.0,21.34682242314557,7.559546635310609,1.9528829747141025,,,
R3,Stationary_WN,0.1969649822053583,0.2389662775135798,,None,4,,,500,0.0,0.0,0.0,0.0,14.926508248134652,,,
R4,Trending_ExponentialGrowth,0.9991104361016214,0.4363874388812954,0.29351071623948355,None,24,,,500,,,0.0,0.0,0.8867284256632239,,,
R1,Composite,0.9996250742800764,0.9969638937705279,0.8509032884654638,36,36,36.0,72.0,500,-0.2380654316083247,-3.4724546896396356e-05,18.4775927434288,4.284461597283632,1.0254526116181437,,,
R2,Seasonal,0.51993003282147,0.977126106234805,,36,36,36.0,72.0,500,0.0,0.0,22.503910962575457,4.393536241166171,1.8302166566278606,,,
R3,Stationary_WN,0.13758763314665923,0.16139554638909503,,None,3,,,500,0.0,0.0,0.0,0.0,11.870342466153774,,,
R4,Trending_ExponentialGrowth,0.9981816891333124,0.3656987998630733,0.3916726946541653,None,24,,,500,,,0.0,0.0,1.2413284907641735,,,
R1,Composite,0.9998378753659579,0.9967545192059282,0.9734705305329495,36,36,36.0,72.0,500,-0.19013831763627753,1.113325092040526e-05,8.488916943289412,5.495842987319907,0.5134631153786896,,,
R2,Seasonal,0.7088965808620427,0.7891557471617671,,36,36,36.0,72.0,500,0.0,0.0,12.324968284530193,11.695494743424447,1.2957011768359552,,,
R3,Stationary_AR,0.1106018047970343,0.2961664765495644,,None,45,,,500,0.0,0.0,0.0,0.0,5.0,0.6042934042726098,,
R4,Trending_RandomWalkDrift,0.9993969787700695,0.6359767544380187,0.827817402643684,None,24,,,500,,,0.0,0.0,0.6631550718483071,,,0.3953567668170447
R1,Composite,0.9994819246575523,0.989025375753647,0.9299931388606412,36,36,36.0,72.0,500,0.22881095074030594,3.859012962750671e-05,10.991327944346137,7.780628254764464,1.2616240177609477,,,
R2,Seasonal,0.6882208667526297,0.9196184658672033,,36,36,36.0,72.0,500,0.0,0.0,19.701979070639297,10.330697594595009,1.8717966406732416,,,
R3,Stationary_AR,0.04554898210317293,0.8737668888820826,,None,250,,,500,0.0,0.0,0.0,0.0,5.0,0.5364055302462534,,
R4,Trending_MeanShift,0.9944512672058266,0.97994908424973,0.0,None,250,,,500,,,0.0,0.0,0.9029529208213202,,250.0,
R1,Composite,0.9986498881716234,0.9733664979367851,0.8760545488921452,36,36,36.0,72.0,500,0.19297843198698197,-1.1820030769592852e-05,8.446120720407132,6.88708500283628,1.422414401584902,,,
R2,Seasonal,0.7092007877236524,0.9728635494982352,,36,36,36.0,72.0,500,0.0,0.0,22.58920613168108,6.970507469089438,0.6211528705714652,,,
R3,Stationary_WN,0.1674376889171002,0.04683796352500125,,None,2,,,500,0.0,0.0,0.0,0.0,14.763390427665403,,,
R4,Trending_RandomWalkDrift,0.7081252839316046,0.17839495526053883,0.0,None,167,,,500,,,0.0,0.0,0.5467900576360921,,,0.14726167746485053
R1,Composite,0.9980989025142777,0.9978945564875056,0.8955668058260521,48,50,48.0,96.0,500,-0.1257455509084201,4.998557593172437e-05,20.303054164151884,2.4600966399662574,0.6790496826818372,,,
R2,Seasonal,0.005596127555627439,0.9676683278566138,,48,100,48.0,96.0,500,0.0,0.0,10.479623799099357,7.868725895590354,1.4335974859449205,,,
R3,Stationary_WN,0.12131843837875367,0.20274834128732888,,None,6,,,500,0.0,0.0,0.0,0.0,8.630025739684108,,,
R4,Trending_ExponentialGrowth,0.9983218002788992,0.3779134674958926,0.3445825881094007,None,24,,,500,,,0.0,0.0,0.9375948394624226,,,
R1,Composite,0.9997676661920133,0.9992376336221831,0.9804744276964319,48,50,48.0,96.0,500,0.13868140840322069,2.1882280448614742e-05,17.81160129752415,5.634537511165341,0.5113563748339544,,,
R2,Seasonal,0.6558737355862894,0.9335214680095237,,48,50,48.0,96.0,500,0.0,0.0,26.141759508304897,11.774959239899333,1.4211719307997592,,,
R3,Stationary_WN,0.08551132851844734,0.14546291668756473,,None,5,,,500,0.0,0.0,0.0,0.0,9.87298935866545,,,
R4,Trending_MeanShift,0.9999735366758791,0.99989505187169,0.0,None,250,,,500,,,0.0,0.0,0.6382937038525446,,250.0,
R1,Composite,0.9998046564091642,0.9977016202362857,0.6786042430916397,12,12,12.0,24.0,500,-0.2889821641143572,-1.0051796173144717e-05,17.406985465620302,2.01118700184914,0.8209299340329171,,,
R2,Seasonal,0.74860232073602,0.8893641207716396,,12,12,12.0,24.0,500,0.0,0.0,13.64618980584217,9.490692178008622,0.8777564126095018,,,
R3,Stationary_AR,0.07289523975952872,0.24375199866172803,,None,71,,,500,0.0,0.0,0.0,0.0,5.0,0.6182215374824878,,
R4,Trending_ExponentialGrowth,0.9873264110824795,0.3002314662339851,0.3273008164005663,None,24,,,500,,,0.0,0.0,1.3433652688050381,,,
R1,Composite,0.9993640175582356,0.997957168874687,0.9526692502832734,36,36,36.0,72.0,500,0.13759274702661708,3.891716508259756e-05,17.88039897044414,6.798381985488841,0.8764744300965971,,,
R2,Seasonal,0.66471283358571,0.9585654134691464,,36,36,36.0,72.0,500,0.0,0.0,25.779971359819783,9.271892341390052,1.9863213924228935,,,
R3,Stationary_WN,0.23916420723472798,0.10951049741931151,,None,2,,,500,0.0,0.0,0.0,0.0,14.735251761227856,,,
R4,Trending_ExponentialGrowth,0.9977564467622692,0.3593922182469689,0.314569454704122,None,24,,,500,,,0.0,0.0,0.5289634596178039,,,
R1,Composite,0.9960083466764963,0.9963027343482711,0.7026233855809045,12,12,12.0,24.0,500,-0.12721025236563957,2.6613776301030942e-05,24.448366966422647,3.7845863781205455,1.3922749957254212,,,
R2,Seasonal,0.7424535459264079,0.9278451108099071,,12,12,12.0,24.0,500,0.0,0.0,16.966087182482177,9.252526659511034,1.119020296352539,,,
R3,Stationary_AR,0.14104393863044828,0.19796587494394813,,None,21,,,500,0.0,0.0,0.0,0.0,5.0,0.5151239888176673,,
R4,Trending_MeanShift,0.9999947307068087,0.9999788766763338,0.18668533292268807,None,250,,,500,,,0.0,0.0,0.5287621610616215,,250.0,
R1,Composite,0.99989375167436,0.9994758093489068,0.9733911186736929,36,36,36.0,72.0,500,0.261306898661955,-3.0401608934450046e-05,22.57701245833848,5.8990666072048,0.5512335235984799,,,
R2,Seasonal,0.7007223639940238,0.9641218065689867,,36,36,36.0,72.0,500,0.0,0.0,15.930529154932314,5.621012374706224,0.7216804304648783,,,
R3,Stationary_AR,0.08591286202557025,0.33475552365734573,,None,45,,,500,0.0,0.0,0.0,0.0,5.0,0.5587203249907227,,
R4,Trending_ExponentialGrowth,0.9995936543579758,0.37503554986726817,0.35299386202817673,None,24,,,500,,,0.0,0.0,0.5567129507846835,,,
R1,Composite,0.9991858298885631,0.9904167657137823,0.6884569126461941,48,100,48.0,96.0,500,0.1978445911297857,-2.521022484814533e-05,8.176792928398672,7.381061265354418,1.0330688299247406,,,
R2,Seasonal,0.5175033739416914,0.9685908420613429,,48,50,48.0,96.0,500,0.0,0.0,26.983941689963363,6.412014097078612,1.6328819336541063,,,
R3,Stationary_AR,0.07844197634591477,0.3549740450404304,,None,56,,,500,0.0,0.0,0.0,0.0,5.0,0.6267904147409624,,
R4,Trending_MeanShift,0.999989751417967,0.9999589657812282,0.0,None,250,,,500,,,0.0,0.0,0.5559163714521673,,250.0,
R1,Composite,0.9999292849855731,0.9953447000165322,0.9066100303369253,12,12,12.0,24.0,500,0.3756575218306951,-2.2903212663485645e-05,9.032395821326821,3.7783994185707117,0.6604832385011213,,,
R2,Seasonal,0.7250102968714424,0.9888231610406669,,12,12,12.0,24.0,500,0.0,0.0,25.557049577537477,5.05911744408178,0.9461701966024947,,,
R3,Stationary_WN,0.24451683519309708,0.23891436767292895,,None,4,,,500,0.0,0.0,0.0,0.0,8.079252605694018,,,
R4,Trending_MeanShift,0.999933549955926,0.9997354996316141,0.0,None,250,,,500,,,0.0,0.0,1.012059203011927,,250.0,
R1,Composite,0.9988732092261797,0.989976261484207,0.9136206610583718,36,36,36.0,72.0,500,0.17916997639829285,-4.958124225423836e-05,10.374578703978226,6.2739381883662,1.189098345629569,,,
R2,Seasonal,0.7080191150671525,0.935552954542599,,36,36,36.0,72.0,500,0.0,0.0,19.594343255789475,9.591069364395238,1.0745361026370137,,,
R3,Stationary_AR,0.20076315293620917,0.33053426705632505,,None,62,,,500,0.0,0.0,0.0,0.0,5.0,0.6819815223986124,,
R4,Trending_MeanShift,0.9997137376996345,0.9988135625448066,0.0,None,250,,,500,,,0.0,0.0,0.5258148769723637,,250.0,
R1,Composite,0.9997972304254021,0.9954289402572255,0.6119214561483888,12,12,12.0,24.0,500,-0.37663031109499057,-3.3182052204085186e-05,16.71434788048345,2.0531192135606497,1.256406508724399,,,
R2,Seasonal,0.0444145526037002,0.9786851047862186,,12,24,12.0,24.0,500,0.0,0.0,11.241335071624942,10.123867521702465,1.8195295203651445,,,
R3,Stationary_AR,0.13178014069137278,0.31093271731417027,,None,26,,,500,0.0,0.0,0.0,0.0,5.0,0.5171178605284792,,
R4,Trending_ExponentialGrowth,0.9988142295030528,0.3760613730125284,0.3296238764883328,None,24,,,500,,,0.0,0.0,1.492444784872719,,,
R1,Composite,0.9982128377787405,0.9904499391182434,0.8816298434964513,24,24,24.0,48.0,500,-0.15610489014749812,2.7328957835596347e-05,12.262964233440377,6.1078786607769,1.3161517619457634,,,
R2,Seasonal,0.6978586604060188,0.9860273537056155,,24,24,24.0,48.0,500,0.0,0.0,20.70597897536596,4.488485883926086,0.5498829567441622,,,
R3,Stationary_AR,0.044727872335937,0.13325323947915058,,None,42,,,500,0.0,0.0,0.0,0.0,5.0,0.4300744231883911,,
R4,Trending_MeanShift,0.9999511308626992,0.9998056144672768,0.11894251551050694,None,250,,,500,,,0.0,0.0,1.1011303367641965,,250.0,
R1,Composite,0.9995102436175645,0.9892102310392087,0.8133386861465975,48,50,48.0,96.0,500,-0.27904985457556786,-4.5053624819612604e-05,13.588123148698646,3.575479905052806,1.4428111209968235,,,
R2,Seasonal,0.5176556358310863,0.9400130111024123,,48,50,48.0,96.0,500,0.0,0.0,17.129505278863988,5.660362314944347,1.958102755862663,,,
R3,Stationary_AR,0.09516996078710271,0.16965114807611947,,None,24,,,500,0.0,0.0,0.0,0.0,5.0,0.4362255959384267,,
R4,Trending_MeanShift,0.9998992076606983,0.9995913799064775,0.0,None,250,,,500,,,0.0,0.0,0.5973656554609419,,250.0,
R1,Composite,0.9995885344758468,0.9965851440705179,0.6307025670281259,12,12,12.0,24.0,500,0.318274612493642,-2.952780765286307e-05,21.47109493874565,2.534954632288483,1.1889646215451364,,,
R2,Seasonal,0.7514277706399676,0.9462662133557654,,12,12,12.0,24.0,500,0.0,0.0,19.827972446404015,9.431356585729793,0.664692204403218,,,
R3,Stationary_WN,0.040238766212099875,0.26562275084551645,,None,42,,,500,0.0,0.0,0.0,0.0,11.527529022361303,,,
R4,Trending_ExponentialGrowth,0.993336400188013,0.3712108984301312,0.42563655188891614,None,24,,,500,,,0.0,0.0,1.035797313197854,,,
R1,Composite,0.999904400241211,0.9994235233111058,0.9267910278127586,36,36,36.0,72.0,500,0.30639801228069696,-4.8060389200803e-05,23.411117559527785,3.7552050214752057,0.5199002834435971,,,
R2,Seasonal,0.6598793387762275,0.9810826791699442,,36,36,36.0,72.0,500,0.0,0.0,27.85260903527391,6.634766944177278,1.6171278307602028,,,
R3,Stationary_WN,0.10021726328593239,0.13667515326970636,,None,4,,,500,0.0,0.0,0.0,0.0,8.325778175880156,,,
R4,Trending_MeanShift,0.999937107515775,0.9997478560708141,0.11584454671570954,None,250,,,500,,,0.0,0.0,1.2930170995825037,,250.0,
R1,Composite,0.9996811601395688,0.9970055235290355,0.9179915305914041,48,50,48.0,96.0,500,-0.348852961501842,1.2953088384697328e-05,23.18848891170484,6.933534593051577,1.4643162663133484,,,
R2,Seasonal,0.588194319239288,0.9659108442223777,,48,50,48.0,96.0,500,0.0,0.0,23.754687519327007,6.642777804605509,1.227237332533846,,,
R3,Stationary_AR,0.058381450108270005,0.3406552097970481,,None,42,,,500,0.0,0.0,0.0,0.0,5.0,0.5638168572361472,,
R4,Trending_ExponentialGrowth,0.9931641346586529,0.347153998919544,0.2828059898556975,None,24,,,500,,,0.0,0.0,1.4561793037945443,,,
R1,Composite,0.9998396968931877,0.9989324438149673,0.9736270159277868,36,36,36.0,72.0,500,-0.19514837684828473,-3.56822785025569e-05,17.005737211389416,6.411174498128794,0.5707363248411049,,,
R2,Seasonal,0.7066305545669365,0.9562419013559678,,36,36,36.0,72.0,500,0.0,0.0,25.74194052470454,10.052474964433085,1.087424417099975,,,
R3,Stationary_AR,0.09513646381869945,0.16914452809732894,,None,33,,,500,0.0,0.0,0.0,0.0,5.0,0.43143183162998616,,
R4,Trending_RandomWalkDrift,0.9905384296001642,0.9150880316574886,0.65634485863404,None,250,,,500,,,0.0,0.0,1.0894063697737124,,,-0.2447393530321131
R1,Composite,0.9998116972756953,0.9868279199094357,0.7790319352926847,12,12,12.0,24.0,500,-0.36701620906938015,-1.5288584970517053e-05,8.965804221516217,3.4731228586384577,1.1628799720227745,,,
R2,Seasonal,0.018530985927706634,0.9824296662629852,,12,24,12.0,24.0,500,0.0,0.0,10.631669387988676,9.350011179024838,1.5839207781593445,,,
R3,Stationary_AR,0.2025902892808854,0.43462590954916436,,None,19,,,500,0.0,0.0,0.0,0.0,5.0,0.5244464473762616,,
R4,Trending_ExponentialGrowth,0.9975366307816892,0.362855008157394,0.37755782146984385,None,24,,,500,,,0.0,0.0,0.9705016746498346,,,
R1,Composite,0.9999251681336937,0.9993764988911852,0.8881658933192402,24,24,24.0,48.0,500,-0.25065711352063946,-4.215271938489298e-05,19.13090764099235,2.4301430406622746,0.5131828649091144,,,
R2,Seasonal,0.695368978228764,0.8989725987368,,24,24,24.0,48.0,500,0.0,0.0,19.33190122399505,11.735827405220395,1.731750191413608,,,
R3,Stationary_WN,0.17179974652211694,0.12797236316017802,,None,3,,,500,0.0,0.0,0.0,0.0,11.837984134884836,,,
R4,Trending_ExponentialGrowth,0.9941702148935323,0.34648360911606735,0.3556639564462786,None,24,,,500,,,0.0,0.0,0.8110798618283421,,,
R1,Composite,0.999527898888556,0.9978757717417471,0.8632814778900607,24,24,24.0,48.0,500,-0.24926212867361117,2.8550499582386015e-05,22.304507208260887,4.586609130757996,1.0998810260361975,,,
R2,Seasonal,0.6990570468112589,0.9537863563482135,,24,24,24.0,48.0,500,0.0,0.0,17.815291245117685,7.140420438841448,0.8792045242356681,,,
R3,Stationary_AR,0.030329005653241925,0.2439608636709335,,None,62,,,500,0.0,0.0,0.0,0.0,5.0,0.411795317133029,,
R4,Trending_ExponentialGrowth,0.9972389343095779,0.3758878696598641,0.28852012852459985,None,24,,,500,,,0.0,0.0,0.8332037101172716,,,
R1,Composite,0.9995522786864721,0.995624418250791,0.9338084990841831,48,50,48.0,96.0,500,0.16180334892050552,3.524958771082953e-05,12.189233285161244,4.970153264282153,0.7938175590377511,,,
R2,Seasonal,0.02139862868384068,0.9798102794998896,,48,100,48.0,96.0,500,0.0,0.0,13.560867350970451,10.34234656844345,1.3724604450502136,,,
R3,Stationary_AR,0.010347755676784587,0.8436958003301772,,None,250,,,500,0.0,0.0,0.0,0.0,5.0,0.42724609876977643,,
R4,Trending_ExponentialGrowth,0.9975835014133903,0.39934818892052537,0.43743233815951366,None,24,,,500,,,0.0,0.0,0.5689273567897418,,,
R1,Composite,0.9957606478001942,0.989198528018825,0.8225708647397343,48,50,48.0,96.0,500,-0.15484326315028207,4.73312014096934e-05,17.929388337448383,3.04850619975101,1.3098115964778367,,,
R2,Seasonal,0.6448024056914903,0.8984919050047283,,48,50,48.0,96.0,500,0.0,0.0,20.476911144984207,11.248618450143303,1.875146733180046,,,
R3,Stationary_WN,0.14296576874297295,0.2846761718059585,,None,12,,,500,0.0,0.0,0.0,0.0,6.693787595048884,,,
R4,Trending_MeanShift,0.9999768768461185,0.9999074710425959,0.0,None,250,,,500,,,0.0,0.0,0.8806335677678265,,250.0,
R1,Composite,0.9985842984870897,0.9968710682101883,0.8751490858651946,48,50,48.0,96.0,500,0.13494544769009076,-1.662646533382954e-05,18.27239557529307,3.816419476622097,0.9981299599220612,,,
R2,Seasonal,0.5511028467582111,0.9425732916798149,,48,50,48.0,96.0,500,0.0,0.0,14.033100440813218,4.847518606148329,1.4579763611921144,,,
R3,Stationary_WN,0.17753439947044358,0.14414549400241428,,None,3,,,500,0.0,0.0,0.0,0.0,8.101787289572682,,,
R4,Trending_MeanShift,0.9999228649246078,0.9996965903519333,0.0,None,250,,,500,,,0.0,0.0,0.6377798389040658,,250.0,
R1,Composite,0.9998231388500481,0.985711015254646,0.63318398101088,24,24,24.0,48.0,500,-0.39166267976792857,-2.8883961580056866e-05,8.977846523125889,2.184346110024416,1.1029529900922785,,,
R2,Seasonal,0.6788580865363065,0.9755751968223476,,24,24,24.0,48.0,500,0.0,0.0,23.319762207318483,6.527397459562407,1.1107142849029121,,,
R3,Stationary_WN,0.2504215161932162,0.17990258841703677,,None,3,,,500,0.0,0.0,0.0,0.0,12.318648002163172,,,
R4,Trending_ExponentialGrowth,0.9897164593751859,0.37590771758526853,0.33221003965531615,None,24,,,500,,,0.0,0.0,1.344007463492773,,,
R1,Composite,0.9999197247793017,0.994975968511795,0.9207633988699315,48,50,48.0,96.0,500,-0.39678746246411223,-1.0737881996703487e-05,10.608706692165914,4.147656782770484,0.7155938645147019,,,
R2,Seasonal,0.6344871279997182,0.9686903394824435,,48,50,48.0,96.0,500,0.0,0.0,25.19571158898636,7.412822923234528,0.5875041546762011,,,
R3,Stationary_WN,0.04589833546443545,0.18101183445113844,,None,11,,,500,0.0,0.0,0.0,0.0,8.405301506969773,,,
R4,Trending_MeanShift,0.9998301180312764,0.9993339904588948,0.0,None,250,,,500,,,0.0,0.0,1.4983541497635522,,250.0,
R1,Composite,0.9999064396969871,0.9977631428874464,0.7640012955626628,24,24,24.0,48.0,500,0.3517842812574531,1.9097840263447028e-05,14.886297261804133,2.0896209357998314,0.7518906497399522,,,
R2,Seasonal,0.6980472173544523,0.9463545778534913,,24,24,24.0,48.0,500,0.0,0.0,13.664020568965105,5.9990155340691524,0.692694468809105,,,
R3,Stationary_WN,0.26755062405170404,0.20695407039264857,,None,3,,,500,0.0,0.0,0.0,0.0,7.22662490880718,,,
R4,Trending_ExponentialGrowth,0.9978204581269728,0.28449244996696155,0.3231780768116612,None,24,,,500,,,0.0,0.0,0.6639512850251844,,,
R1,Composite,0.9997075459900071,0.9793642942847195,0.7129009756094355,36,36,36.0,72.0,500,-0.37259890085222935,-1.9584131135725963e-05,9.022130326391606,3.4117417771982694,1.2842730552543429,,,
R2,Seasonal,0.6404548944034845,0.8991166387895079,,36,36,36.0,72.0,500,0.0,0.0,11.980417773861628,6.577062040853902,1.5191519289652167,,,
R3,Stationary_WN,0.10764401724954509,0.3010445145607885,,None,10,,,500,0.0,0.0,0.0,0.0,8.105939634557116,,,
R4,Trending_ExponentialGrowth,0.9987331936092928,0.33780290865843665,0.3016700094607516,None,24,,,500,,,0.0,0.0,1.4288048586438662,,,
R1,Composite,0.9994773718801302,0.9906265283419445,0.9604666778697012,24,24,24.0,48.0,500,-0.16526187362418876,-3.286113847855243e-05,8.319730346607242,7.810699843634232,0.947803816878864,,,
R2,Seasonal,0.674546799702421,0.9868460028044516,,24,24,24.0,48.0,500,0.0,0.0,21.419763225224557,4.288066193513056,0.78336263231438,,,
R3,Stationary_WN,0.2542559881667311,0.1592682324603547,,None,2,,,500,0.0,0.0,0.0,0.0,6.2849684173373,,,
R4,Trending_ExponentialGrowth,0.9978402719783627,0.35293232481774817,0.29316551705877847,None,24,,,500,,,0.0,0.0,0.7476244658983965,,,
R1,Composite,0.9995741830979283,0.9981792345272249,0.9721279268180795,48,50,48.0,96.0,500,0.12777661307567567,3.7028117847153584e-05,15.290542589544387,6.427715599008084,0.7555596983253675,,,
R2,Seasonal,0.6452921041857766,0.95818596938325,,48,50,48.0,96.0,500,0.0,0.0,29.16115600561974,10.175739239047601,0.9862106829587145,,,
R3,Stationary_WN,0.1437883847641327,0.19780394851326033,,None,5,,,500,0.0,0.0,0.0,0.0,8.592356434281982,,,
R4,Trending_MeanShift,0.9997408389776942,0.9989608560183836,0.0,None,250,,,500,,,0.0,0.0,0.9236767852535567,,250.0,
R1,Composite,0.997592435590422,0.9950310203035947,0.7103274781109152,24,24,24.0,48.0,500,-0.1499988419336704,2.1266467755158424e-05,19.601329434727074,3.355973623159002,1.2910097165900416,,,
R2,Seasonal,0.5969754476451123,0.9907251203000381,,24,24,24.0,48.0,500,0.0,0.0,27.988194479631733,4.0252173121206845,1.169865832629481,,,
R3,Stationary_AR,0.014038325449312716,0.4877750910489085,,None,167,,,500,0.0,0.0,0.0,0.0,5.0,0.4075169515495596,,
R4,Trending_ExponentialGrowth,0.9793953970634314,0.35548457770341246,0.32536646898082744,None,24,,,500,,,0.0,0.0,1.4796403603773447,,,
R1,Composite,0.999219114209738,0.9974469868087104,0.8899421843152381,24,24,24.0,48.0,500,0.14578058767301427,2.626529781802536e-05,17.802510786645886,4.738583282557095,0.927677635423032,,,
R2,Seasonal,0.6963748569751692,0.910711557112129,,24,24,24.0,48.0,500,0.0,0.0,19.957022437221873,11.572686908354854,1.3403777403760508,,,
R3,Stationary_WN,0.12895383435123653,0.15287561989956977,,None,4,,,500,0.0,0.0,0.0,0.0,14.274177114498412,,,
R4,Trending_ExponentialGrowth,0.9996430864738322,0.36243628510803705,0.39083027824987604,None,24,,,500,,,0.0,0.0,0.7675694119486132,,,
R1,Composite,0.9998137969612598,0.9980470410399007,0.957303160003589,48,50,48.0,96.0,500,-0.17975785947398387,-4.5840951631697626e-05,12.949538251150093,4.390615531939695,0.5845342575354276,,,
R2,Seasonal,0.5232402424558706,0.9782140056766404,,48,50,48.0,96.0,500,0.0,0.0,23.76823537538402,4.780388595239314,1.1118654448410594,,,
R3,Stationary_WN,0.07809672680693591,0.1642818840032615,,None,4,,,500,0.0,0.0,0.0,0.0,13.904158458928489,,,
R4,Trending_ExponentialGrowth,0.9919370958404367,0.31270667513901007,0.39674491011129587,None,24,,,500,,,0.0,0.0,1.355281133505432,,,
R1,Composite,0.9997559758347,0.9901520598098488,0.8569889355541822,12,12,12.0,24.0,500,0.35243349219752884,-2.5465788832518648e-05,10.663868346551446,5.045130323781475,1.3349171140030571,,,
R2,Seasonal,0.7384607778667542,0.9853373441758772,,12,12,12.0,24.0,500,0.0,0.0,23.07417005860572,5.358951787974053,0.7616059322865125,,,
R3,Stationary_WN,0.11275648387803827,0.19852714091020152,,None,6,,,500,0.0,0.0,0.0,0.0,10.081380131795498,,,
R4,Trending_ExponentialGrowth,0.9989227819047448,0.4156508688472944,0.33758272560948266,None,24,,,500,,,0.0,0.0,0.820923574449792,,,
R1,Composite,0.9999074817922537,0.9981743339837028,0.8016909017330998,36,36,36.0,72.0,500,0.35684310326740565,-3.9595510976383916e-05,15.389230710470848,2.3050354715861685,0.6380962762021237,,,
R2,Seasonal,0.6858605431298099,0.9860246750086918,,36,36,36.0,72.0,500,0.0,0.0,21.998184285933284,4.7241452388800935,0.7974496818539027,,,
R3,Stationary_AR,0.13562941880256252,0.24851429791558688,,None,12,,,500,0.0,0.0,0.0,0.0,5.0,0.492077113849667,,
R4,Trending_RandomWalkDrift,0.9998531402581541,0.7936418692158542,0.9104351727242302,None,24,,,500,,,0.0,0.0,0.5275063487758351,,,0.48527151538133995
R1,Composite,0.9996801070712974,0.9977879274826074,0.9446373139415772,48,50,48.0,96.0,500,0.22454019082644783,-1.7163988459674464e-05,17.418183410642214,5.457377664195025,0.8553771058680065,,,
R2,Seasonal,0.6808244789251187,0.9091654368458364,,48,50,48.0,96.0,500,0.0,0.0,20.110064497722895,11.23698356497771,0.5491988675917258,,,
R3,Stationary_AR,0.03500462563967721,0.6011701861389162,,None,167,,,500,0.0,0.0,0.0,0.0,5.0,0.617701695088807,,
R4,Trending_ExponentialGrowth,0.9913516274927825,0.32602439025864016,0.36259614367688553,None,24,,,500,,,0.0,0.0,0.723175507466188,,,
R1,Composite,0.9999006943030457,0.9985366980554563,0.9610832100617148,36,36,36.0,72.0,500,0.3158080489795406,2.81806533207477e-05,17.518175198085395,6.383780888971137,0.7001377987946129,,,
R2,Seasonal,0.7166847970324426,0.9554731047494651,,36,36,36.0,72.0,500,0.0,0.0,18.38809196829567,7.480072142309885,0.5367323685291027,,,
R3,Stationary_AR,0.04677548196642556,0.3312224963948639,,None,33,,,500,0.0,0.0,0.0,0.0,5.0,0.4958298666211538,,
R4,Trending_RandomWalkDrift,0.9407239570344452,0.0,0.0,None,250,,,500,,,0.0,0.0,1.4920060237992643,,,0.4951411872641013
R1,Composite,0.9997676798438874,0.9969595381680877,0.9783550250202241,36,36,36.0,72.0,500,0.21254710329445803,-3.723064653664436e-05,10.902198741595402,7.676566547507211,0.652876897122455,,,
R2,Seasonal,0.7016908264895123,0.9280722126670935,,36,36,36.0,72.0,500,0.0,0.0,12.159646949404907,6.289345077339734,0.6715484924562186,,,
R3,Stationary_AR,0.09075556415933317,0.3292959812089755,,None,83,,,500,0.0,0.0,0.0,0.0,5.0,0.5474737471501553,,
R4,Trending_MeanShift,0.9888154896406277,0.9687119601989941,0.0,None,250,,,500,,,0.0,0.0,0.7430462303823823,,250.0,
R1,Composite,0.9997217326912965,0.9971571484925476,0.8098277850988999,48,50,48.0,96.0,500,-0.273932671678462,-1.2757810837324294e-05,18.558147277526007,2.051354410166281,0.9027000024956655,,,
R2,Seasonal,0.044540929346590374,0.9740794266753025,,48,100,48.0,96.0,500,0.0,0.0,15.93327058301329,11.66010775059793,1.8563750301939055,,,
R3,Stationary_WN,0.2344416899780758,0.08376475302819109,,None,2,,,500,0.0,0.0,0.0,0.0,7.567484807584032,,,
R4,Trending_RandomWalkDrift,0.9996976535984278,0.9851984341507082,0.9700015431421515,None,125,,,500,,,0.0,0.0,1.1141549430628497,,,0.44212495825706455
R1,Composite,0.9971402046273762,0.9848250218842626,0.9058001472158441,12,12,12.0,24.0,500,0.12132183889785891,-2.6244566936164472e-05,9.36042565192075,7.078945290287201,1.4121695254228388,,,
R2,Seasonal,0.6723712591331865,0.968697319667261,,12,12,12.0,24.0,500,0.0,0.0,16.948469853739322,5.0202143826093595,1.4482067159770509,,,
R3,Stationary_WN,0.20613136451844505,0.15441437036529537,,None,3,,,500,0.0,0.0,0.0,0.0,11.41844403084086,,,
R4,Trending_MeanShift,0.9991538567300728,0.9964453983019049,0.0,None,250,,,500,,,0.0,0.0,0.756477145071906,,250.0,
R1,Composite,0.9998319171763633,0.9982749377100986,0.8689677396822739,36,36,36.0,72.0,500,0.2350292023791987,3.374155831015404e-05,16.03567918124663,3.091354042083394,0.6980305857963683,,,
R2,Seasonal,0.6927038358774101,0.9136087913572374,,36,36,36.0,72.0,500,0.0,0.0,16.11117238299815,8.86269947029697,1.4154034238236406,,,
R3,Stationary_WN,0.2534759536944806,0.14478351487683438,,None,2,,,500,0.0,0.0,0.0,0.0,13.400013627099872,,,
R4,Trending_MeanShift,0.9999591055593495,0.999835096177424,0.0,None,250,,,500,,,0.0,0.0,0.6201111490674444,,250.0,
R1,Composite,0.9997003495055833,0.999414128661019,0.9207908221762496,24,24,24.0,48.0,500,-0.1886420128524271,4.5006403411391934e-05,24.105457423038555,3.489732255042256,0.6816107369286282,,,
R2,Seasonal,0.6040139653566069,0.981727550877361,,24,24,24.0,48.0,500,0.0,0.0,27.680208343400054,5.789030647601692,1.7975096166731466,,,
R3,Stationary_AR,0.04822977162596642,0.16764043754125002,,None,100,,,500,0.0,0.0,0.0,0.0,5.0,0.5965216393000617,,
R4,Trending_ExponentialGrowth,0.9987131041583571,0.3363012176057355,0.3743196310841883,None,24,,,500,,,0.0,0.0,0.6748509415854524,,,
R1,Composite,0.9976273025013948,0.9963342632449679,0.9166285827624433,48,50,48.0,96.0,500,0.1365513986706534,-1.8174635922423172e-05,22.43793654812618,6.392736005493197,1.4337834308870172,,,
R2,Seasonal,0.662714349375529,0.9156066525400208,,48,50,48.0,96.0,500,0.0,0.0,21.19130719358144,11.124430151999743,1.3066338584932107,,,
R3,Stationary_WN,0.2475261231023741,0.15296825806968894,,None,2,,,500,0.0,0.0,0.0,0.0,10.070531287751688,,,
R4,Trending_MeanShift,0.997791873567946,0.9914589433196402,0.0,None,250,,,500,,,0.0,0.0,1.2760992615300792,,250.0,
R1,Composite,0.9989774293998621,0.9983546460676819,0.6783215646848186,24,24,24.0,48.0,500,0.11870807389274726,2.0013078013093886e-05,20.567651874486316,2.007601987181584,0.8697766840658134,,,
R2,Seasonal,0.609485187379184,0.9677225908295836,,24,24,24.0,48.0,500,0.0,0.0,22.438211143052435,6.185838686689735,1.948101980057028,,,
R3,Stationary_AR,0.20926522850410612,0.2650008936347349,,None,22,,,500,0.0,0.0,0.0,0.0,5.0,0.6619491722401398,,
R4,Trending_ExponentialGrowth,0.9906166458818441,0.42815310891604286,0.3406602353257566,None,24,,,500,,,0.0,0.0,0.7915769097618928,,,
R1,Composite,0.9997978118573013,0.984221644508084,0.9232994527225206,24,24,24.0,48.0,500,-0.38144027869699726,-3.51889477099869e-05,8.688497485716427,7.242595355758796,1.312479196587292,,,
R2,Seasonal,0.683253409976547,0.9617086237074395,,24,24,24.0,48.0,500,0.0,0.0,23.759887971936703,8.41505363260549,1.5230111160415214,,,
R3,Stationary_WN,0.20058561184932033,0.07126361758023336,,None,2,,,500,0.0,0.0,0.0,0.0,12.90984656026627,,,
R4,Trending_RandomWalkDrift,0.9986787864194456,0.7546973143128815,0.9014056606689391,None,24,,,500,,,0.0,0.0,1.058570106811449,,,0.18276707976904816
R1,Composite,0.9993865712117767,0.9980881987691842,0.9432023469048292,24,24,24.0,48.0,500,-0.223071313730496,4.562139956775259e-05,23.028714917390612,7.695876184474743,1.161649300620116,,,
R2,Seasonal,0.6351208121266624,0.9613274018576423,,24,24,24.0,48.0,500,0.0,0.0,19.426339527024915,6.273399543645707,1.5397080555511953,,,
R3,Stationary_AR,0.09558137255650001,0.22900904565086833,,None,21,,,500,0.0,0.0,0.0,0.0,5.0,0.4831740375857076,,
R4,Trending_RandomWalkDrift,0.9901376746865613,0.626014184065408,0.8584075864759575,None,24,,,500,,,0.0,0.0,0.5962447589470431,,,0.12356458408868615
R1,Composite,0.9988178112449309,0.9940512752905154,0.7630754717253936,12,12,12.0,24.0,500,-0.13552521985335741,-3.404398172365723e-05,13.74791354284438,3.564932434312291,1.0530097816796409,,,
R2,Seasonal,0.7282546852922938,0.9021299671845303,,12,12,12.0,24.0,500,0.0,0.0,11.95523297094491,7.528519494126556,1.3087298326345873,,,
R3,Stationary_AR,0.07668604934922352,0.3038743267152293,,None,33,,,500,0.0,0.0,0.0,0.0,5.0,0.5234439622414927,,
R4,Trending_ExponentialGrowth,0.9996342361438685,0.4036339229491348,0.35768245754278305,None,24,,,500,,,0.0,0.0,0.7952318946774002,,,
R1,Composite,0.9976057541354669,0.9924770839345788,0.9078709540178121,24,24,24.0,48.0,500,0.11268326442144311,2.1966999590430935e-05,14.000158143484802,7.012692084959421,1.3104303381199758,,,
R2,Seasonal,0.7026141994555726,0.8588972420754465,,24,24,24.0,48.0,500,0.0,0.0,14.898013180367137,11.279928330991861,1.0786193423875647,,,
R3,Stationary_WN,0.0068343234016639,0.11595618080455039,,None,16,,,500,0.0,0.0,0.0,0.0,6.209811708829294,,,
R4,Trending_RandomWalkDrift,0.9944534566791039,0.6221251382438134,0.0,None,250,,,500,,,0.0,0.0,0.948371895651883,,,0.48441585641391616
R1,Composite,0.9994457394887533,0.987784766623789,0.9279257820168255,48,50,48.0,96.0,500,0.24604559215188299,-1.9984492072894683e-05,10.577019918693829,7.020401504655415,1.2419649377172504,,,
R2,Seasonal,0.6196148347224661,0.9545230033733295,,48,50,48.0,96.0,500,0.0,0.0,29.3480155114549,10.165750089454374,1.4326742532182,,,
R3,Stationary_AR,0.05782466697319244,0.2513075596256521,,None,31,,,500,0.0,0.0,0.0,0.0,5.0,0.41518948718077414,,
R4,Trending_RandomWalkDrift,0.9954692116786696,0.7566053583320647,0.9163854363281745,None,24,,,500,,,0.0,0.0,1.1831957675134523,,,0.20917121517051518
R1,Composite,0.9997086374335422,0.9916869693442217,0.8044533596297149,36,36,36.0,72.0,500,-0.29513570332582756,-2.4047784866393244e-05,11.664192824261342,3.8953565169272375,1.1520737093208182,,,
R2,Seasonal,0.565618358052822,0.9240387127340653,,36,36,36.0,72.0,500,0.0,0.0,13.257850530053892,5.590093935243119,1.8056248237907888,,,
R3,Stationary_AR,0.21586886058820898,0.10527197168962343,,None,15,,,500,0.0,0.0,0.0,0.0,5.0,0.5418093988297595,,
R4,Trending_MeanShift,0.9999417863511995,0.999766463348736,0.0,None,250,,,500,,,0.0,0.0,1.1397267811609786,,250.0,
R1,Composite,0.9981113536996968,0.9891963265896361,0.8203926004201963,48,50,48.0,96.0,500,-0.14684889150518066,-1.7087675194518698e-05,13.450168423967503,4.252518662014719,1.3291318128906413,,,
R2,Seasonal,0.6268026822126926,0.8803456431406129,,48,50,48.0,96.0,500,0.0,0.0,11.282797416996083,6.564125095200275,1.383318629504482,,,
R3,Stationary_WN,0.1841441199960766,0.09630982376584984,,None,2,,,500,0.0,0.0,0.0,0.0,6.903203700458405,,,
R4,Trending_ExponentialGrowth,0.9840663962688065,0.3724421769281898,0.4121010385683257,None,24,,,500,,,0.0,0.0,1.4851568409541027,,,
R1,Composite,0.9987169159698771,0.9949113322351861,0.7881907659974611,48,50,48.0,96.0,500,-0.20780976483634833,-4.586305052213397e-05,24.365989062895753,3.4080971279674923,1.4457366011390342,,,
R2,Seasonal,0.6725716540880305,0.9097587540811299,,48,50,48.0,96.0,500,0.0,0.0,21.941890762738876,11.891285162473906,1.069522645452748,,,
R3,Stationary_AR,0.09612450508233672,0.25608898842685657,,None,28,,,500,0.0,0.0,0.0,0.0,5.0,0.6171886769690607,,
R4,Trending_RandomWalkDrift,0.9994133522200456,0.9254193974335124,0.8992428835503586,None,71,,,500,,,0.0,0.0,0.538969426536846,,,-0.46518992932720904
R1,Composite,0.9995573593982658,0.9941738341512982,0.8886182813296776,48,50,48.0,96.0,500,0.33104363247701785,-4.994689207021323e-05,18.082752391560255,5.495909559829104,1.2744156526904862,,,
R2,Seasonal,0.6163448122592838,0.9543258554451456,,48,50,48.0,96.0,500,0.0,0.0,26.81317557893296,9.068657192215442,1.7950203370783016,,,
R3,Stationary_AR,0.006673959961724818,0.32035921141672374,,None,125,,,500,0.0,0.0,0.0,0.0,5.0,0.4602961174605378,,
R4,Trending_MeanShift,0.9994438480566377,0.9979210324587636,0.0,None,250,,,500,,,0.0,0.0,0.8534339400832922,,250.0,
R1,Composite,0.9999448771208745,0.9993367343551168,0.9837153349883969,12,12,12.0,24.0,500,0.35219017573996547,-3.2486558428103516e-05,19.66997420408756,7.966110532628706,0.5404385096062523,,,
R2,Seasonal,0.6813090447975914,0.9152480238127728,,12,12,12.0,24.0,500,0.0,0.0,10.655940198000202,5.5411997180511054,1.5369043558078817,,,
R3,Stationary_AR,0.03056562725869072,0.15902969052651905,,None,83,,,500,0.0,0.0,0.0,0.0,5.0,0.6600583581411283,,
R4,Trending_ExponentialGrowth,0.9990179887258446,0.37134379900722947,0.36531382141609836,None,24,,,500,,,0.0,0.0,1.1343085760291616,,,
R1,Composite,0.9992566736760135,0.9966565299288681,0.5433008885480923,12,12,12.0,24.0,500,0.22746949653089948,4.880572994528505e-05,24.329457645037344,2.0431766792164066,1.3979767381543184,,,
R2,Seasonal,0.6099044505357148,0.9493415227250779,,12,12,12.0,24.0,500,0.0,0.0,12.470814444610305,4.193351239428922,1.6489181684350815,,,
R3,Stationary_WN,0.021300792997646534,0.2918282992264942,,None,50,,,500,0.0,0.0,0.0,0.0,5.324736675744797,,,
R4,Trending_MeanShift,0.9970859060913968,0.9886258750605199,0.0,None,250,,,500,,,0.0,0.0,1.1005261745895951,,250.0,
R1,Composite,0.9999085669443907,0.9994034313071998,0.8561401568447945,24,24,24.0,48.0,500,-0.2840757690710697,1.0178267832302025e-05,22.20046709043472,2.399271913113857,0.5572838104018965,,,
R2,Seasonal,0.71013226920821,0.9707758931115502,,24,24,24.0,48.0,500,0.0,0.0,27.497944284112787,9.018389567598014,0.5114917808966212,,,
R3,Stationary_WN,0.12850280308729622,0.06848413478158177,,None,2,,,500,0.0,0.0,0.0,0.0,11.752532028237145,,,
R4,Trending_RandomWalkDrift,0.9421337160070496,0.7471713005261422,0.1414377789617769,None,250,,,500,,,0.0,0.0,1.1381894797352872,,,-0.12461016933374679
R1,Composite,0.9994236024585097,0.9991705309940577,0.9740824258856275,24,24,24.0,48.0,500,0.14934477059833498,-3.6656785818242463e-05,22.424994828816683,7.4378925997744965,0.713786169803843,,,
R2,Seasonal,0.6802123823892245,0.9619696112204744,,24,24,24.0,48.0,500,0.0,0.0,25.52699326757805,8.897796330909493,1.5330099828508292,,,
R3,Stationary_AR,0.028783431029928086,0.2841172540973784,,None,83,,,500,0.0,0.0,0.0,0.0,5.0,0.5028194357748181,,
R4,Trending_MeanShift,0.9990676547613374,0.9962662705254666,0.0,None,250,,,500,,,0.0,0.0,0.5199374192748388,,250.0,
R1,Composite,0.9996940202749429,0.9959168419524994,0.9273342706172034,48,50,48.0,96.0,500,0.2587675819589943,-1.4934458000383197e-05,14.627507890992844,5.27753833370172,0.9581760613832732,,,
R2,Seasonal,0.6591791530780193,0.8489702825918333,,48,50,48.0,96.0,500,0.0,0.0,15.047844665935752,10.66680673170302,1.6248244197548458,,,
R3,Stationary_WN,0.23307168616369156,0.2229176088796856,,None,2,,,500,0.0,0.0,0.0,0.0,8.704645731769531,,,
R4,Trending_MeanShift,0.9998659565827285,0.9994732914823148,0.0,None,250,,,500,,,0.0,0.0,0.971003622428345,,250.0,
R1,Composite,0.9991752120962928,0.9974511709854676,0.8452107600531,36,36,36.0,72.0,500,-0.21151902717508167,1.332100353185498e-05,23.87085132477379,5.0807046198087065,1.245081688970266,,,
R2,Seasonal,0.6904059033394647,0.9838346017267386,,36,36,36.0,72.0,500,0.0,0.0,20.190545301501537,4.566060806159573,0.7820389360737444,,,
R3,Stationary_WN,0.1963586146958839,0.25912975071632804,,None,5,,,500,0.0,0.0,0.0,0.0,13.764461487449829,,,
R4,Trending_ExponentialGrowth,0.9992646401326692,0.3502884900770542,0.3049971855355187,None,24,,,500,,,0.0,0.0,0.8028075974258997,,,
R1,Composite,0.9989958375048819,0.9955421572228194,0.807779495930207,12,12,12.0,24.0,500,-0.24317646238182977,2.795545294932291e-05,22.203216364527087,5.7071498043416025,1.417325113923352,,,
R2,Seasonal,0.7349660725865736,0.9779662223752882,,12,12,12.0,24.0,500,0.0,0.0,26.673333105800282,7.577843161984889,1.0051944797654042,,,
R3,Stationary_AR,0.26157457909907966,0.25827195958860827,,None,12,,,500,0.0,0.0,0.0,0.0,5.0,0.5690813287503274,,
R4,Trending_MeanShift,0.999369434546342,0.9975837055084947,0.0,None,250,,,500,,,0.0,0.0,0.9076707944160427,,250.0,
R1,Composite,0.9998407479128675,0.9985265787263216,0.8721443652805989,24,24,24.0,48.0,500,0.35602461506660354,-3.257263430954143e-05,22.582629709690345,4.129308827569499,0.9200912544033796,,,
R2,Seasonal,0.7096610521619766,0.7803607676998993,,24,24,24.0,48.0,500,0.0,0.0,10.11341597252268,10.210809646379074,0.5154728854156427,,,
R3,Stationary_AR,0.08174055540482783,0.2567708762578125,,None,25,,,500,0.0,0.0,0.0,0.0,5.0,0.4020286266634775,,
R4,Trending_RandomWalkDrift,0.9773077832052866,0.4702568089190746,0.0,None,250,,,500,,,0.0,0.0,1.4777893519904168,,,0.4653968834515366
R1,Composite,0.9994302531386463,0.998254968389766,0.7855321031658886,36,36,36.0,72.0,500,-0.18608958086201205,-2.9635045392792447e-05,23.244833366633394,2.817277289356605,0.8830277220060484,,,
R2,Seasonal,0.6179779436588537,0.9789708609972745,,36,36,36.0,72.0,500,0.0,0.0,29.143157557778416,6.822962958005932,1.8251709801360083,,,
R3,Stationary_WN,0.02609048288928384,0.27801075601520653,,None,56,,,500,0.0,0.0,0.0,0.0,9.620119248668551,,,
R4,Trending_RandomWalkDrift,0.9538802115205487,0.6000344009001284,0.0,None,167,,,500,,,0.0,0.0,0.7615203752397313,,,0.23487519957406186
R1,Composite,0.9997515620956976,0.9987553490095274,0.8999625001660876,24,24,24.0,48.0,500,-0.2683658393925342,-1.5327866848339993e-05,24.972317308549158,4.959053013115524,0.9456413871975919,,,
R2,Seasonal,0.5905851728371064,0.9286860749951495,,24,24,24.0,48.0,500,0.0,0.0,12.10953915716162,4.895411392476741,1.7602315280565404,,,
R3,Stationary_WN,0.10100687094956284,0.07039561634041058,,None,4,,,500,0.0,0.0,0.0,0.0,14.916794256542229,,,
R4,Trending_RandomWalkDrift,0.9996682241101996,0.6715767599838708,0.8994594952274365,None,24,,,500,,,0.0,0.0,0.9239186912119615,,,-0.33515020985074107
R1,Composite,0.999558939922933,0.9889903519427901,0.8383743043414872,36,36,36.0,72.0,500,-0.26751914707194735,-1.1601937470484713e-05,11.216707113222451,4.555263238603974,1.2057406085225078,,,
R2,Seasonal,0.6623046934616541,0.9778951762268293,,36,36,36.0,72.0,500,0.0,0.0,27.154075263542197,7.034930143390562,1.27127915110932,,,
R3,Stationary_WN,0.02253718437657748,0.29052585348995563,,None,45,,,500,0.0,0.0,0.0,0.0,11.674575059358311,,,
R4,Trending_RandomWalkDrift,0.9995190720091099,0.6255981731781355,0.8556570866667912,None,24,,,500,,,0.0,0.0,0.7561296209569472,,,0.46295068247537996
R1,Composite,0.9998038810021209,0.985866642219034,0.861583602995881,36,36,36.0,72.0,500,0.3887184174474786,-3.516353146224095e-05,8.735141067672046,4.739804750183268,1.1756119191916379,,,
R2,Seasonal,0.0202362874512374,0.9900742966073813,,36,71,36.0,72.0,500,0.0,0.0,11.029562650872315,11.729631434581638,1.3321290709981986,,,
R3,Stationary_AR,0.0035157680251692858,0.2673328241460282,,None,125,,,500,0.0,0.0,0.0,0.0,5.0,0.5175189302886716,,
R4,Trending_MeanShift,0.9991828884599163,0.996919868713444,0.0,None,250,,,500,,,0.0,0.0,1.0938837632296212,,250.0,
R1,Composite,0.9996657549082831,0.9916132736429177,0.8758763850335147,24,24,24.0,48.0,500,0.2306832774794444,-3.882624397910122e-05,8.539984831787406,3.54780879085535,0.8037135117926956,,,
R2,Seasonal,0.698060023448208,0.9283395699145593,,24,24,24.0,48.0,500,0.0,0.0,23.455485531836917,11.819381373884434,1.3980173146971442,,,
R3,Stationary_AR,0.15324529080726723,0.2900492470729694,,None,29,,,500,0.0,0.0,0.0,0.0,5.0,0.5278240705575991,,
R4,Trending_ExponentialGrowth,0.9928134948430924,0.3956070015742549,0.3286778682066751,None,24,,,500,,,0.0,0.0,1.0530285974973288,,,
R1,Composite,0.9994199629667863,0.9882358382864573,0.7419313839968129,36,36,36.0,72.0,500,-0.3089635424633514,1.3932543885799242e-05,13.616690141473796,3.81657240719777,1.4040862675624355,,,
R2,Seasonal,0.6509992849058649,0.9750395963468979,,36,36,36.0,72.0,500,0.0,0.0,23.178981852530963,5.9398606558275455,1.5442308589742746,,,
R3,Stationary_WN,0.3790294346385582,0.19148523253723515,,None,2,,,500,0.0,0.0,0.0,0.0,8.201287838978395,,,
R4,Trending_ExponentialGrowth,0.9983331550329313,0.41967852420218543,0.3291552783157383,None,24,,,500,,,0.0,0.0,0.9375090895602187,,,
R1,Composite,0.9996652976754622,0.9980833408360777,0.8364277877402113,24,24,24.0,48.0,500,-0.22917250664982375,-3.2686326046923156e-05,20.76552971852511,3.578181885301472,0.8994926706415912,,,
R2,Seasonal,0.6253334604684035,0.9782129343903958,,24,24,24.0,48.0,500,0.0,0.0,22.845512083833345,5.328734782481914,1.6044336680054934,,,
R3,Stationary_AR,0.20924676331269743,0.1959694775239358,,None,17,,,500,0.0,0.0,0.0,0.0,5.0,0.4769757418090277,,
R4,Trending_MeanShift,0.9985262501073195,0.9940246157500207,0.0,None,250,,,500,,,0.0,0.0,0.7643727017792415,,250.0,
R1,Composite,0.9975876092480892,0.9964382445037766,0.9054436082049215,36,36,36.0,72.0,500,0.1086235125944065,3.790711477555575e-05,21.471334530079744,7.161381921763792,1.4758394040177025,,,
R2,Seasonal,0.6778229212376804,0.9510769269922548,,36,36,36.0,72.0,500,0.0,0.0,16.934547431841374,6.64435663316477,1.208959381579975,,,
R3,Stationary_WN,0.19789838577058927,0.05969922387175397,,None,2,,,500,0.0,0.0,0.0,0.0,12.923362664485236,,,
R4,Trending_ExponentialGrowth,0.999553927026783,0.38025929052086116,0.39460052587406946,None,24,,,500,,,0.0,0.0,0.8291544857023304,,,
R1,Composite,0.9997717655358346,0.9965500095849189,0.8835000470427513,24,24,24.0,48.0,500,0.3813999978153956,3.719717199138143e-05,20.81463464298995,6.1881018924278655,1.2631296096867342,,,
R2,Seasonal,0.6909110338297164,0.9095346512664709,,24,24,24.0,48.0,500,0.0,0.0,18.884601395699402,10.932191456075133,1.4862467169281406,,,
R3,Stationary_WN,0.13811564296342727,0.05342381438849131,,None,2,,,500,0.0,0.0,0.0,0.0,5.277016805281858,,,
R4,Trending_ExponentialGrowth,0.9993405083476284,0.41155678763746706,0.30918967928664187,None,24,,,500,,,0.0,0.0,0.9285305555294296,,,
R1,Composite,0.9996119209639865,0.9992990779761908,0.9589867736774826,48,50,48.0,96.0,500,0.12794646697300022,4.581193779648015e-05,24.173949119026005,3.8940310514578567,0.5508079810613551,,,
R2,Seasonal,0.6019311723544613,0.9623078868402422,,48,50,48.0,96.0,500,0.0,0.0,29.084310877912326,8.837418259950185,1.4471119081517916,,,
R3,Stationary_AR,0.03485253829236601,0.32358806438931165,,None,71,,,500,0.0,0.0,0.0,0.0,5.0,0.6607309799978569,,
R4,Trending_MeanShift,0.9968939425099279,0.986430002352574,0.0,None,250,,,500,,,0.0,0.0,1.0180417515890392,,250.0,
R1,Composite,0.9998711866387257,0.9970061547378547,0.9419230780934708,48,50,48.0,96.0,500,-0.36332668068780605,-1.669705306949174e-05,16.032986984023047,5.633055938545395,0.8216486046282078,,,
R2,Seasonal,0.6588061847479247,0.9439167152882476,,48,50,48.0,96.0,500,0.0,0.0,19.072700690901794,7.880848245863034,0.9634958331494858,,,
R3,Stationary_WN,0.32687717255721715,0.10597238461621605,,None,2,,,500,0.0,0.0,0.0,0.0,11.000882767250857,,,
R4,Trending_MeanShift,0.9998489207794411,0.9993883315747611,0.0,None,250,,,500,,,0.0,0.0,1.4045108059964182,,250.0,
R1,Composite,0.9993549974878673,0.9980925635017276,0.885022870811233,24,24,24.0,48.0,500,0.2178306326087875,-4.708687884268682e-05,23.010722527776267,5.010826834623905,1.057177797121423,,,
R2,Seasonal,0.6542446543280518,0.9514664477786916,,24,24,24.0,48.0,500,0.0,0.0,20.81625345045503,7.73858648359348,1.8784723364165334,,,
R3,Stationary_WN,0.22438923977752734,0.13131511205012136,,None,2,,,500,0.0,0.0,0.0,0.0,6.158589282211395,,,
R4,Trending_ExponentialGrowth,0.9989195279707651,0.3192523889020459,0.31904243973078095,None,24,,,500,,,0.0,0.0,0.8438112203274579,,,
R1,Composite,0.9998033574374013,0.9962859981594012,0.9319481193880669,12,12,12.0,24.0,500,-0.3265321821854191,3.0715454939950674e-05,14.550072485767938,6.525882462510226,0.9051159470096315,,,
R2,Seasonal,0.686609505609816,0.9845101995960359,,12,12,12.0,24.0,500,0.0,0.0,27.09316249590843,5.660887356064088,1.6038952151909092,,,
R3,Stationary_AR,0.05561920726973191,0.29738784352114933,,None,125,,,500,0.0,0.0,0.0,0.0,5.0,0.42097011884845575,,
R4,Trending_MeanShift,0.9969612447370417,0.987729017659513,0.0,None,250,,,500,,,0.0,0.0,0.6614138452561157,,250.0,
R1,Composite,0.9997454164499663,0.9980377133837272,0.9543074054640838,36,36,36.0,72.0,500,-0.2562816870899621,-4.9117840135935e-05,20.88921255005694,7.797758545203614,1.0916999613976963,,,
R2,Seasonal,0.7140825169187449,0.7945413469958312,,36,36,36.0,72.0,500,0.0,0.0,12.165981439208707,11.601626266551193,1.0907386516506712,,,
R3,Stationary_WN,0.16684104223520035,0.19880343717332238,,None,4,,,500,0.0,0.0,0.0,0.0,14.163437173290637,,,
R4,Trending_RandomWalkDrift,0.22763690484006527,0.49368895070525276,0.0,None,250,,,500,,,0.0,0.0,1.4655902948706019,,,0.23939923830530174
R1,Composite,0.9988910800239541,0.9860334578559868,0.757792556159362,36,36,36.0,72.0,500,-0.17083509925043006,2.698948323207623e-05,8.898545792528612,3.1731790763920573,1.1433455038757347,,,
R2,Seasonal,0.6963924438479905,0.864468490644298,,36,36,36.0,72.0,500,0.0,0.0,10.027506110183106,7.09482243644974,1.057539127273475,,,
R3,Stationary_WN,0.11734455392984833,0.17268657199796622,,None,4,,,500,0.0,0.0,0.0,0.0,8.871009705430934,,,
R4,Trending_MeanShift,0.999502173304712,0.9980750712126754,0.0,None,250,,,500,,,0.0,0.0,1.0845651267420644,,250.0,
R1,Composite,0.9979611410245804,0.9787458004428871,0.7887042714765148,36,36,36.0,72.0,500,0.1291369323732063,1.895144432918355e-05,8.552156165323128,3.983928478955292,1.1995075362616436,,,
R2,Seasonal,0.6539957698556063,0.943237545137039,,36,36,36.0,72.0,500,0.0,0.0,15.452900590426808,6.292566267949655,1.6136175215662016,,,
R3,Stationary_WN,0.08477446161552749,0.1512390562805127,,None,6,,,500,0.0,0.0,0.0,0.0,14.451999518676843,,,
R4,Trending_RandomWalkDrift,0.9964572808553442,0.5906285493163728,0.8476955005397182,None,24,,,500,,,0.0,0.0,1.3675700762129765,,,0.15685291847275196
R1,Composite,0.9996904688743516,0.9977027358746303,0.7629902458365656,36,36,36.0,72.0,500,0.30370219786054853,4.6688270813096473e-05,24.450366738000643,3.3350250285434804,1.2588153478827417,,,
R2,Seasonal,0.6995826983429722,0.9925573687375531,,36,36,36.0,72.0,500,0.0,0.0,25.167728706463123,4.033140254048261,0.5328926443567579,,,
R3,Stationary_WN,0.07087795621872317,0.1959275971537855,,None,11,,,500,0.0,0.0,0.0,0.0,9.609110497476156,,,
R4,Trending_RandomWalkDrift,0.9988365698328754,0.6040332108740918,0.8474419552758673,None,24,,,500,,,0.0,0.0,1.3905067283985766,,,0.35207462294796776
R1,Composite,0.999699096902254,0.9994587404887029,0.9685058076138631,36,36,36.0,72.0,500,-0.1566550456635441,2.0111967340101255e-05,22.512156363268943,5.526990379357092,0.5567275733573166,,,
R2,Seasonal,0.6673478079588921,0.9619469809287319,,36,36,36.0,72.0,500,0.0,0.0,13.427129065199635,4.593950453016982,1.0895167784103283,,,
R3,Stationary_AR,0.1382799367466212,0.2511449723507847,,None,24,,,500,0.0,0.0,0.0,0.0,5.0,0.5022912916451793,,
R4,Trending_ExponentialGrowth,0.9991872954077718,0.43259607555611357,0.391270671209342,None,24,,,500,,,0.0,0.0,0.607062904489616,,,
R1,Composite,0.9991546819640961,0.9973574397276118,0.9630424331316092,36,36,36.0,72.0,500,0.12603266953156492,-2.2466629187278428e-05,13.136515274333401,6.538683811161899,0.7459959591141664,,,
R2,Seasonal,0.7060226046640724,0.9340559390615154,,36,36,36.0,72.0,500,0.0,0.0,14.856266851751752,7.428555948144366,0.7741316861220968,,,
R3,Stationary_WN,0.13536666074956827,0.1186381271611936,,None,3,,,500,0.0,0.0,0.0,0.0,10.33463082185846,,,
R4,Trending_ExponentialGrowth,0.9952756810313634,0.3387604409562246,0.3671492430616332,None,24,,,500,,,0.0,0.0,0.6415387634365195,,,
R1,Composite,0.9989895453948074,0.9961549508364366,0.8984958711853201,12,12,12.0,24.0,500,0.10025828480902273,-2.139286618706242e-05,9.229998527498953,3.421797956847171,0.5853969771261975,,,
R2,Seasonal,0.7444897365027403,0.9697661841914472,,12,12,12.0,24.0,500,0.0,0.0,21.920198181648892,7.531076507677038,0.7564085362967388,,,
R3,Stationary_WN,0.19754130532051883,0.032682796462205066,,None,2,,,500,0.0,0.0,0.0,0.0,9.183451772748343,,,
R4,Trending_ExponentialGrowth,0.998318866257863,0.3686371596653073,0.3644980438614688,None,24,,,500,,,0.0,0.0,0.653323264585984,,,
R1,Composite,0.999837519191299,0.9934945133120954,0.9237035293589383,48,50,48.0,96.0,500,0.3010015406629071,3.212170273227774e-05,10.690227720098864,4.809360784931056,0.8078493543503678,,,
R2,Seasonal,0.6151235716984006,0.976648183601834,,48,50,48.0,96.0,500,0.0,0.0,28.48684623494961,6.963362354998027,0.690690447210067,,,
R3,Stationary_AR,0.22313650302193522,0.33150347633260424,,None,23,,,500,0.0,0.0,0.0,0.0,5.0,0.6341140924982485,,
R4,Trending_MeanShift,0.9988182708698489,0.9956073563193498,0.0,None,250,,,500,,,0.0,0.0,0.8386640733800053,,250.0,
R1,Composite,0.999876256580042,0.9985366233662237,0.9368150067055105,12,12,12.0,24.0,500,-0.3632740567764917,-3.394714685057244e-05,22.65241764222504,6.703626313274929,0.9228083455764411,,,
R2,Seasonal,0.7529500572059407,0.9485656688236304,,12,12,12.0,24.0,500,0.0,0.0,20.168606373796905,9.455640811162777,0.6654991967130404,,,
R3,Stationary_WN,0.1315694653306787,0.025852923870572253,,None,2,,,500,0.0,0.0,0.0,0.0,5.13056464831255,,,
R4,Trending_ExponentialGrowth,0.9973072341712925,0.4078974270505713,0.37148268159821096,None,24,,,500,,,0.0,0.0,1.4434089281282012,,,
R1,Composite,0.9998593407918371,0.9968256291467674,0.8517917290568002,12,12,12.0,24.0,500,-0.25463440512918933,-2.9013743666904026e-05,11.495758860596307,2.907872356981467,0.73598754519492,,,
R2,Seasonal,0.7317515611665075,0.9465782831780987,,12,12,12.0,24.0,500,0.0,0.0,21.29145113840696,9.586936890144132,1.4789454232869048,,,
R3,Stationary_AR,0.1078033159498033,0.2915600681727877,,None,33,,,500,0.0,0.0,0.0,0.0,5.0,0.6196086842073992,,
R4,Trending_RandomWalkDrift,0.9996553772381989,0.5860882547620132,0.8778010851974273,None,24,,,500,,,0.0,0.0,1.1912358155027853,,,-0.3269552697744237
R1,Composite,0.9993817911814475,0.9940968441644453,0.7162396275359857,24,24,24.0,48.0,500,0.30998930048062784,-4.629701444875957e-05,18.707584399082652,3.736047674371919,1.3757544128408628,,,
R2,Seasonal,0.6143816308172614,0.9657903162354752,,24,24,24.0,48.0,500,0.0,0.0,20.22368496752039,5.699210464690335,1.7317197908855637,,,
R3,Stationary_WN,0.14058892958491465,0.06849688471586524,,None,3,,,500,0.0,0.0,0.0,0.0,6.509428186162335,,,
R4,Trending_MeanShift,0.9989175175080839,0.9954558713493753,0.0,None,250,,,500,,,0.0,0.0,1.206368207924588,,250.0,
R1,Composite,0.9991548314615031,0.9914768634762302,0.9201020061409867,48,50,48.0,96.0,500,-0.13254120360598834,-3.094666590154316e-05,9.635178755279854,4.987121827572865,0.9032764688882505,,,
R2,Seasonal,0.6750916944477721,0.9234771765258596,,48,50,48.0,96.0,500,0.0,0.0,17.835350179343244,8.99677495977983,0.7012387747858023,,,
R3,Stationary_AR,0.10478025802832058,0.35126048705246404,,None,42,,,500,0.0,0.0,0.0,0.0,5.0,0.6622780441814695,,
R4,Trending_MeanShift,0.9998068731289207,0.9992083375741998,0.0,None,250,,,500,,,0.0,0.0,0.5276316285387315,,250.0,
R1,Composite,0.996722226150967,0.9962762318520229,0.6227238319075185,12,12,12.0,24.0,500,-0.10831309602739071,-3.456415250098759e-05,24.293652813438392,2.545558380983564,1.423742141589241,,,
R2,Seasonal,0.7475223686733781,0.8675205709106206,,12,12,12.0,24.0,500,0.0,0.0,15.253390753087924,11.612755360017351,1.231872292094115,,,
R3,Stationary_AR,0.062386621406172016,0.27378229445231705,,None,83,,,500,0.0,0.0,0.0,0.0,5.0,0.6767507957860657,,
R4,Trending_MeanShift,0.999918806735027,0.999676688979983,0.0,None,250,,,500,,,0.0,0.0,1.1489561857555448,,250.0,
R1,Composite,0.9998369367889027,0.9976677110059008,0.9409114453370094,24,24,24.0,48.0,500,0.2903964746175756,3.1594079395903605e-05,16.381380140708366,5.7815178273654615,0.8703232993386714,,,
R2,Seasonal,0.6981500455793191,0.964165416618265,,24,24,24.0,48.0,500,0.0,0.0,22.33986526532793,7.848321260926188,0.8030925327929648,,,
R3,Stationary_WN,0.15109234814602135,0.24646605069428795,,None,7,,,500,0.0,0.0,0.0,0.0,12.588783836688837,,,
R4,Trending_RandomWalkDrift,0.9995062784972222,0.7368554136580594,0.860098107616881,None,24,,,500,,,0.0,0.0,0.9663709779269265,,,0.34647967545727504
R1,Composite,0.9997869203175829,0.9942018038396618,0.8003657568521602,12,12,12.0,24.0,500,-0.2936867381169942,-1.5513017494768026e-05,11.772338644090901,3.3786454697044404,0.9796919650469574,,,
R2,Seasonal,0.747652607475289,0.8900295772448636,,12,12,12.0,24.0,500,0.0,0.0,11.948347156141491,8.278899153871025,0.7769828946494985,,,
R3,Stationary_AR,0.18392887988484907,0.26374778689808676,,None,24,,,500,0.0,0.0,0.0,0.0,5.0,0.4140767187988826,,
R4,Trending_ExponentialGrowth,0.9923617262527793,0.3364361757143033,0.30213782579598825,None,24,,,500,,,0.0,0.0,1.3728526135036356,,,
R1,Composite,0.9995346018552861,0.9953205425294637,0.8886378975730739,24,24,24.0,48.0,500,-0.2741285226971818,-3.483550108503044e-05,18.440054606859803,6.701108644890336,1.4062640916240456,,,
R2,Seasonal,0.7085423940874955,0.8850927296686454,,24,24,24.0,48.0,500,0.0,0.0,12.64394604920261,8.53933596825537,0.5640526988628061,,,
R3,Stationary_AR,0.2788410142944221,0.3331018796872258,,None,16,,,500,0.0,0.0,0.0,0.0,5.0,0.5155816982629431,,
R4,Trending_ExponentialGrowth,0.993707942016025,0.35606660825953773,0.2883846602534066,None,24,,,500,,,0.0,0.0,1.4791408143991367,,,
R1,Composite,0.997232053972709,0.9922963790101288,0.884918803698845,48,50,48.0,96.0,500,-0.11364085463576266,1.4221719960639227e-05,13.369342295301806,4.47132065068607,1.1220495612073105,,,
R2,Seasonal,0.653355194691648,0.9164309156538843,,48,50,48.0,96.0,500,0.0,0.0,13.879357769208273,7.151556068170254,0.9854836600877701,,,
R3,Stationary_WN,0.14177516572635485,0.14541489627400173,,None,6,,,500,0.0,0.0,0.0,0.0,5.294829467363133,,,
R4,Trending_RandomWalkDrift,0.9790874071839113,0.9244210064930566,0.7700979456215759,None,250,,,500,,,0.0,0.0,0.8651981653152924,,,-0.23335730810743566
R1,Composite,0.9999424038606461,0.9984007662842328,0.9755543518488928,36,36,36.0,72.0,500,-0.3931053664361649,1.229136328504164e-05,15.091098109793524,7.279216411183204,0.604586636327835,,,
R2,Seasonal,0.708653615730902,0.9764573923084738,,36,36,36.0,72.0,500,0.0,0.0,19.84655737551626,5.642337389733647,0.6033733779785828,,,
R3,Stationary_WN,0.10703529294896641,0.2447610999613229,,None,9,,,500,0.0,0.0,0.0,0.0,6.735257695737391,,,
R4,Trending_RandomWalkDrift,0.8072779628839428,0.17169329455690108,0.0,None,250,,,500,,,0.0,0.0,1.4425126344518293,,,-0.4477627492503852
R1,Composite,0.9999422788100406,0.99784453324043,0.8832875629960073,24,24,24.0,48.0,500,-0.3846593628545215,-1.7829609297265495e-05,12.924984639963272,2.992692337941621,0.7086309251482329,,,
R2,Seasonal,0.5458872552874594,0.9684651226432034,,24,24,24.0,48.0,500,0.0,0.0,16.381011755461515,4.064051470757651,1.5710104918499086,,,
R3,Stationary_WN,0.10177375528591859,0.07657196200949923,,None,2,,,500,0.0,0.0,0.0,0.0,11.105753708447507,,,
R4,Trending_ExponentialGrowth,0.9801998118772489,0.3644907594915261,0.28278546781203184,None,24,,,500,,,0.0,0.0,1.411142594572981,,,
R1,Composite,0.9989474557716457,0.9964089664026501,0.9151991764086702,48,50,48.0,96.0,500,0.15656729601980948,-2.6513122616837848e-05,17.05667886254237,3.9698325639199528,0.7628544983571764,,,
R2,Seasonal,0.01569715521530679,0.9751600656905334,,48,100,48.0,96.0,500,0.0,0.0,14.187280431067986,10.44397487297392,1.4954441572827093,,,
R3,Stationary_AR,0.20222482014814103,0.2781524741219834,,None,19,,,500,0.0,0.0,0.0,0.0,5.0,0.6064937903717325,,
R4,Trending_RandomWalkDrift,0.9992223599528268,0.6322851304594608,0.8550273358159239,None,24,,,500,,,0.0,0.0,1.194007257265361,,,-0.17322537647375952
R1,Composite,0.998518932048048,0.9940732942757384,0.8587440794953394,12,12,12.0,24.0,500,-0.13342837856566392,-2.8743420641944466e-05,15.20233732363388,5.537169881102231,1.222398815274731,,,
R2,Seasonal,0.5932204975812112,0.9715103465343418,,12,12,12.0,24.0,500,0.0,0.0,17.346144425455392,4.071404976898834,1.874229055616865,,,
R3,Stationary_WN,0.11188715163662133,0.24782668317463374,,None,10,,,500,0.0,0.0,0.0,0.0,6.877348367077221,,,
R4,Trending_MeanShift,0.9990348025793095,0.995996816478292,0.0,None,250,,,500,,,0.0,0.0,0.6596731013830535,,250.0,
R1,Composite,0.9994810614052385,0.9860921195833104,0.7029638279208463,48,50,48.0,96.0,500,0.3077592190094173,1.714708764908606e-05,12.92119262325788,2.40482367907501,1.3703802234462326,,,
R2,Seasonal,0.6647777868417235,0.9388544287144431,,48,50,48.0,96.0,500,0.0,0.0,22.169837377235556,9.773496538929859,0.904632595031531,,,
R3,Stationary_AR,0.27439509971057063,0.30919858764982155,,None,12,,,500,0.0,0.0,0.0,0.0,5.0,0.4071819873249323,,
R4,Trending_RandomWalkDrift,0.9988687669428638,0.7151361270879546,0.8725164135690461,None,24,,,500,,,0.0,0.0,1.159033610445623,,,-0.12254686804381616
R1,Composite,0.9978785417642135,0.9957961672201971,0.746272123475451,12,12,12.0,24.0,500,0.17835913886255345,-4.471727180178581e-05,22.571024913148033,4.67281303055514,1.45591275960316,,,
R2,Seasonal,0.6814109977989609,0.9724349628668769,,12,12,12.0,24.0,500,0.0,0.0,26.83212409141452,7.594594096193029,1.8670768931524608,,,
R3,Stationary_AR,0.04085463264244493,0.33101228399510896,,None,83,,,500,0.0,0.0,0.0,0.0,5.0,0.6292790351029173,,
R4,Trending_MeanShift,0.999553647345187,0.9982574457793013,0.0,None,250,,,500,,,0.0,0.0,0.8872027625749349,,250.0,
R1,Composite,0.9983767757717139,0.9952119162155979,0.9471909775442985,48,50,48.0,96.0,500,-0.11689751543014286,4.2801758014380105e-05,11.51391955984658,5.603575318987056,0.7975898223889499,,,
R2,Seasonal,0.34181223971259533,0.975679437680059,,48,50,48.0,96.0,500,0.0,0.0,24.963428049577878,4.095909557303806,1.00982068535057,,,
R3,Stationary_WN,0.23047615405059974,0.08907217469715101,,None,2,,,500,0.0,0.0,0.0,0.0,7.961759665942014,,,
R4,Trending_RandomWalkDrift,0.9807740528728518,0.9490327793139264,0.4821611376988838,None,250,,,500,,,0.0,0.0,1.0865333257037597,,,-0.13620206464920198
R1,Composite,0.9997183954809822,0.9814839041727875,0.6516140705320741,24,24,24.0,48.0,500,-0.37295071878948993,-1.583347286705196e-05,9.400615135599818,2.5730001543073358,1.2399361867059975,,,
R2,Seasonal,0.7041446445175121,0.9306263934228165,,24,24,24.0,48.0,500,0.0,0.0,15.643736821219782,7.963331292231992,0.8006333852774518,,,
R3,Stationary_WN,0.2733793779854268,0.09909221542266422,,None,2,,,500,0.0,0.0,0.0,0.0,11.038135752666435,,,
R4,Trending_RandomWalkDrift,0.9994539409384363,0.7682638071829747,0.8817451841227021,None,24,,,500,,,0.0,0.0,0.707157398784571,,,0.4879770236682316
R1,Composite,0.9999015178713945,0.9977181317230727,0.9689749879185993,12,12,12.0,24.0,500,0.28673827549972347,4.7710683637058634e-05,13.050944885504048,7.039761645052422,0.6993698226439753,,,
R2,Seasonal,0.7403702672985637,0.9879706962601844,,12,12,12.0,24.0,500,0.0,0.0,29.011483510536824,6.193923839341411,0.7490461950719911,,,
R3,Stationary_WN,0.12236362746664264,0.19317989467903685,,None,3,,,500,0.0,0.0,0.0,0.0,13.549976669774553,,,
R4,Trending_MeanShift,0.9999600933014811,0.9998418241925019,0.07650309730154214,None,250,,,500,,,0.0,0.0,0.7520677568219745,,250.0,
R1,Composite,0.9998055722048718,0.9958910966794774,0.9113763133047684,36,36,36.0,72.0,500,-0.21121598632124833,-3.77759614850754e-05,10.250332825568396,3.919919354523503,0.6456255581392977,,,
R2,Seasonal,0.6076023756354294,0.965691013134003,,36,36,36.0,72.0,500,0.0,0.0,16.88684616466139,4.7376542733820735,1.5926373473512627,,,
R3,Stationary_AR,0.059582830472267534,0.10689542594082713,,None,38,,,500,0.0,0.0,0.0,0.0,5.0,0.4877867667587802,,
R4,Trending_RandomWalkDrift,0.9954807275645167,0.8940858106236705,0.8753902352908107,None,250,,,500,,,0.0,0.0,0.8789433367211554,,,-0.3929059895151913
R1,Composite,0.9996091874715017,0.9973786028232404,0.812615160282222,12,12,12.0,24.0,500,0.22163284414353945,-4.360030509906258e-05,15.721751724564687,3.1323988178803477,0.8218162882209293,,,
R2,Seasonal,0.7470473931914581,0.9567670305282097,,12,12,12.0,24.0,500,0.0,0.0,13.54027799412615,5.714509458322798,0.5040615838358304,,,
R3,Stationary_AR,0.07413599305840546,0.2019196177875756,,None,50,,,500,0.0,0.0,0.0,0.0,5.0,0.5513106601365838,,
R4,Trending_ExponentialGrowth,0.9989138111937541,0.3418646249246621,0.38660898569473334,None,24,,,500,,,0.0,0.0,0.5587016545472954,,,
R1,Composite,0.999788704617212,0.9949263723351683,0.854714961226841,24,24,24.0,48.0,500,0.36747790335720043,-4.311914131835649e-05,14.206580087096427,4.424163997674319,1.0666650037760577,,,
R2,Seasonal,0.6952733836318346,0.9625721924166301,,24,24,24.0,48.0,500,0.0,0.0,27.896617641772917,9.94261028424089,1.3854943848566728,,,
R3,Stationary_WN,0.14425063923142245,0.20092231762784774,,None,6,,,500,0.0,0.0,0.0,0.0,10.64478924008596,,,
R4,Trending_MeanShift,0.9999594881221634,0.9998370212564142,0.0,None,250,,,500,,,0.0,0.0,0.676491437657418,,250.0,
R1,Composite,0.996125529180767,0.994539123253999,0.8802853543660076,24,24,24.0,48.0,500,-0.14249879476391858,4.320616171524972e-05,20.547507959583825,7.368752300104838,1.4148257789337353,,,
R2,Seasonal,0.681792810760318,0.9576353783850802,,24,24,24.0,48.0,500,0.0,0.0,17.903219241774583,6.6462400833505155,1.1079546958731676,,,
R3,Stationary_AR,0.03410513834661422,0.1770604107452156,,None,62,,,500,0.0,0.0,0.0,0.0,5.0,0.45033356931776725,,
R4,Trending_MeanShift,0.9999725064290922,0.999890951244427,0.0,None,250,,,500,,,0.0,0.0,0.6274468467973937,,250.0,
R1,Composite,0.9968880472866112,0.9776592834994929,0.6464012997839463,12,12,12.0,24.0,500,-0.12783743811958992,1.7607804089777946e-05,9.033260884604442,2.760250457979455,1.3371531397424976,,,
R2,Seasonal,0.7457492453990258,0.9845567896978197,,12,12,12.0,24.0,500,0.0,0.0,24.44211947734221,5.950688562010644,0.6995174773137514,,,
R3,Stationary_AR,0.23761120428827676,0.30454002607675057,,None,29,,,500,0.0,0.0,0.0,0.0,5.0,0.6354041943660872,,
R4,Trending_MeanShift,0.9999166616408812,0.9996662795575477,0.03564426157690537,None,250,,,500,,,0.0,0.0,0.6787006051075453,,250.0,
R1,Composite,0.9999299878348157,0.9981944101353081,0.9110748847165532,48,50,48.0,96.0,500,0.29379543118884244,-1.1641886812580952e-05,12.069116534217118,2.2409310825590034,0.5247434307428648,,,
R2,Seasonal,0.3543906322020608,0.9383439331682975,,48,50,48.0,96.0,500,0.0,0.0,17.128300938087307,4.352045493156225,1.9958952577761253,,,
R3,Stationary_WN,0.006987934215528124,0.25779813106433047,,None,125,,,500,0.0,0.0,0.0,0.0,9.350086281570668,,,
R4,Trending_MeanShift,0.9999888769408092,0.9999555272139468,0.04135277553556049,None,250,,,500,,,0.0,0.0,0.5588222277708395,,250.0,
R1,Composite,0.998119027170002,0.9884393075569581,0.890200886103057,48,50,48.0,96.0,500,0.16926736856071378,-2.048353509284298e-05,13.776600091637956,7.1367176087256565,1.4389929092857026,,,
R2,Seasonal,0.6378094456551806,0.9619367406615876,,48,50,48.0,96.0,500,0.0,0.0,13.343085107678256,4.314305910714455,0.5629930365264633,,,
R3,Stationary_WN,0.1158768598756531,0.27322301539219507,,None,14,,,500,0.0,0.0,0.0,0.0,13.568590163651919,,,
R4,Trending_ExponentialGrowth,0.9981157790274585,0.4219156171344767,0.45278927967097715,None,24,,,500,,,0.0,0.0,1.469802221446637,,,
R1,Composite,0.998759510758849,0.9945324048657214,0.8502988979189903,36,36,36.0,72.0,500,0.15512177499548932,1.6056546238882858e-05,15.650494525845986,4.8759159635582625,1.2547099798264172,,,
R2,Seasonal,0.6694664642194502,0.9169917307263983,,36,36,36.0,72.0,500,0.0,0.0,19.331666283693203,9.849817876030146,1.9785902424064503,,,
R3,Stationary_WN,0.060460205237955256,0.21708539467809274,,None,10,,,500,0.0,0.0,0.0,0.0,5.76936205550173,,,
R4,Trending_MeanShift,0.9994693777910594,0.9978727570053113,0.0,None,250,,,500,,,0.0,0.0,1.3774293079387119,,250.0,
R1,Composite,0.9987291468104381,0.994796796657709,0.8283479925784069,48,50,48.0,96.0,500,0.18425949414552042,-2.2556830974143532e-05,18.41096971872457,3.449429537429322,1.2419569799727737,,,
R2,Seasonal,0.5815429874324236,0.9315523230990737,,48,50,48.0,96.0,500,0.0,0.0,14.512196325496546,5.896348566260777,1.413595798795438,,,
R3,Stationary_AR,0.30556247758573996,0.21987661110907764,,None,8,,,500,0.0,0.0,0.0,0.0,5.0,0.5052142154761853,,
R4,Trending_RandomWalkDrift,0.17706989111221716,0.0,0.0,None,167,,,500,,,0.0,0.0,1.4043015527238465,,,-0.41514630064290736
R1,Composite,0.9994292061176276,0.9937648770767133,0.888075345045216,48,50,48.0,96.0,500,-0.3637482247554227,2.9939763572448426e-05,22.80459567684911,5.467826388135857,1.3768081370407965,,,
R2,Seasonal,0.6623129618673689,0.9449310046368008,,48,50,48.0,96.0,500,0.0,0.0,27.24730950011822,11.342814846011873,0.8240619668820757,,,
R3,Stationary_WN,0.17824518438344716,0.2532370200671251,,None,6,,,500,0.0,0.0,0.0,0.0,6.946460191586839,,,
R4,Trending_RandomWalkDrift,0.9995639120714678,0.5450389830012375,0.8291713656005989,None,24,,,500,,,0.0,0.0,1.4509894792147433,,,0.36578309906707174
R1,Composite,0.9978979833054296,0.9959606444162526,0.7919352806941302,12,12,12.0,24.0,500,-0.12021489100364757,2.1408196768788298e-05,16.46952001461468,3.3465167599074226,0.9944254195242741,,,
R2,Seasonal,0.74305169929625,0.9757717281101518,,12,12,12.0,24.0,500,0.0,0.0,17.4048852644761,5.3767535495603,0.6477073614081318,,,
R3,Stationary_WN,0.20434554858008003,0.09353401162743546,,None,2,,,500,0.0,0.0,0.0,0.0,13.026242989626258,,,
R4,Trending_ExponentialGrowth,0.9987418644366057,0.3355875242090761,0.3175600317013726,None,24,,,500,,,0.0,0.0,1.3799926991917366,,,
R1,Composite,0.9998404797583883,0.9964477980687968,0.9010326860140537,24,24,24.0,48.0,500,-0.34923657130054647,-2.0108757762123778e-05,15.276321353983539,5.147115527258962,0.9468273605390363,,,
R2,Seasonal,0.6711367958021806,0.964988399358754,,24,24,24.0,48.0,500,0.0,0.0,14.490009853048571,4.7073928226348505,0.8763479381080552,,,
R3,Stationary_WN,0.07135051080488797,0.2593443717589431,,None,20,,,500,0.0,0.0,0.0,0.0,10.236372340929748,,,
R4,Trending_ExponentialGrowth,0.997374456502413,0.4628753400217337,0.41256311577988236,None,24,,,500,,,0.0,0.0,1.152970332871012,,,
R1,Composite,0.9996790906433461,0.9977278178006963,0.9255739355254538,12,12,12.0,24.0,500,-0.22287395341996635,-2.7232474209547416e-05,18.249179524874165,6.059147338118414,0.9251896132891432,,,
R2,Seasonal,0.7473749448400953,0.9447652685677823,,12,12,12.0,24.0,500,0.0,0.0,19.570750318342718,9.380124851921387,0.82437167044468,,,
R3,Stationary_WN,0.10359716842514655,0.28600289986666805,,None,11,,,500,0.0,0.0,0.0,0.0,8.68543756268055,,,
R4,Trending_ExponentialGrowth,0.998305415336552,0.40584200359944134,0.3544485917566006,None,24,,,500,,,0.0,0.0,0.636910032942469,,,
R1,Composite,0.999846260853479,0.9989967369203864,0.9249742857140977,36,36,36.0,72.0,500,-0.21737316054940475,-4.2571379657842975e-05,19.21815038011011,3.937967662882688,0.6958226784286239,,,
R2,Seasonal,0.6160100823491345,0.9451258319187303,,36,36,36.0,72.0,500,0.0,0.0,15.984478683192636,6.1720678823790625,1.850642506721497,,,
R3,Stationary_WN,0.31785242825780324,0.16115790199134628,,None,2,,,500,0.0,0.0,0.0,0.0,6.42033134759747,,,
R4,Trending_RandomWalkDrift,0.9828892820305759,0.9025538514744033,0.7917748818705298,None,125,,,500,,,0.0,0.0,1.0128259935704036,,,0.16567203069296382
R1,Composite,0.999188001516297,0.9887814549430146,0.9112651304963372,12,12,12.0,24.0,500,-0.18783481374132305,4.4146926673593045e-05,8.883218501712077,6.119679723321384,1.0303144667688153,,,
R2,Seasonal,0.7022062755593619,0.9699880270653378,,12,12,12.0,24.0,500,0.0,0.0,28.71504149236608,8.795699100676213,1.982511287029266,,,
R3,Stationary_WN,0.04343856309841321,0.27237503988367395,,None,15,,,500,0.0,0.0,0.0,0.0,11.60085215187492,,,
R4,Trending_RandomWalkDrift,0.9993797717069868,0.7974971666172707,0.8363830609909505,None,24,,,500,,,0.0,0.0,0.8407219088965702,,,0.4146227113731794
R1,Composite,0.9998229426423266,0.9970893022909099,0.9328375406504957,12,12,12.0,24.0,500,-0.2654333837047294,-3.352933710549148e-05,14.222456120761153,5.702679577384086,0.7888036249820406,,,
R2,Seasonal,0.611800595179251,0.9833809743149318,,12,12,12.0,24.0,500,0.0,0.0,28.194013977862387,5.544956372163481,1.965743969294803,,,
R3,Stationary_WN,0.08530429894795388,0.16732657293259634,,None,8,,,500,0.0,0.0,0.0,0.0,12.787175725268362,,,
R4,Trending_ExponentialGrowth,0.9916154913914983,0.3891783202086069,0.33117428657097436,None,24,,,500,,,0.0,0.0,1.0700974529457135,,,
R1,Composite,0.9997930430173101,0.9951587350593396,0.8406986867397341,24,24,24.0,48.0,500,0.26420248599165064,3.579026251202315e-05,11.616662220166905,3.2138241506550536,0.8193363184302025,,,
R2,Seasonal,0.6909147791583236,0.9930277752124982,,24,24,24.0,48.0,500,0.0,0.0,29.504110414642664,4.409322824777299,0.6731561091901466,,,
R3,Stationary_WN,0.15786212226670115,0.15421413346466528,,None,3,,,500,0.0,0.0,0.0,0.0,10.1857711596656,,,
R4,Trending_ExponentialGrowth,0.9830178935461827,0.2645226042027239,0.2769076185769883,None,24,,,500,,,0.0,0.0,0.9814993403615733,,,
R1,Composite,0.999525155217939,0.9968570902552518,0.8581550971402914,12,12,12.0,24.0,500,0.2572464786942712,-1.1962761678641032e-05,19.982018363935925,5.164630523602961,1.2788028861306227,,,
R2,Seasonal,0.7447549210537798,0.9652662346189829,,12,12,12.0,24.0,500,0.0,0.0,24.81506204530156,9.131289651025032,1.0699544889804984,,,
R3,Stationary_AR,0.04655944814270174,0.19360253014007556,,None,36,,,500,0.0,0.0,0.0,0.0,5.0,0.4774697787258085,,
R4,Trending_ExponentialGrowth,0.9983828277353796,0.39845514428559126,0.3971572187163389,None,24,,,500,,,0.0,0.0,0.5161400487141875,,,
R1,Composite,0.9984081731994171,0.9984592632218742,0.8915111966994418,24,24,24.0,48.0,500,-0.12115922260121346,4.984468756622726e-05,19.803779634223794,4.01877468487078,0.8276284097137891,,,
R2,Seasonal,0.6909233661050593,0.9548219077914357,,24,24,24.0,48.0,500,0.0,0.0,11.707208743805156,4.582485767995759,0.6737604765885069,,,
R3,Stationary_AR,0.03784562489633325,0.37166001495295775,,None,167,,,500,0.0,0.0,0.0,0.0,5.0,0.487016164209714,,
R4,Trending_RandomWalkDrift,0.9932756381041947,0.8899239801690618,0.6962251050682411,None,250,,,500,,,0.0,0.0,0.9917199278740508,,,-0.3209401001640107
R1,Composite,0.999805329101778,0.9852340833366217,0.8695012666717844,48,50,48.0,96.0,500,-0.3992672174843459,1.361562961998493e-05,9.038289132274345,4.818050304195049,1.1994238329117328,,,
R2,Seasonal,0.3677761563106223,0.9715674615398976,,48,50,48.0,96.0,500,0.0,0.0,25.975412056380584,4.736582398412921,1.6610900946798615,,,
R3,Stationary_AR,0.26030969739740184,0.38122437978771573,,None,29,,,500,0.0,0.0,0.0,0.0,5.0,0.6764935293118159,,
R4,Trending_MeanShift,0.9999707464580649,0.999882544272177,0.0,None,250,,,500,,,0.0,0.0,0.5669505268005155,,250.0,
R1,Composite,0.9998870327006962,0.9973916061396717,0.9827444188979897,36,36,36.0,72.0,500,0.26880528618404664,-3.3463376855810475e-05,10.59986481653992,7.850513867145201,0.5170466668793583,,,
R2,Seasonal,0.0008429361151240933,0.9961458988985926,,36,71,36.0,72.0,500,0.0,0.0,11.808480897914231,11.529840003641631,0.7959562730797014,,,
R3,Stationary_WN,0.11931590361411948,0.20197748253669867,,None,6,,,500,0.0,0.0,0.0,0.0,10.319220295689682,,,
R4,Trending_ExponentialGrowth,0.9977649114645131,0.35783965459922895,0.3848929854777884,None,24,,,500,,,0.0,0.0,1.4777398648327404,,,
R1,Composite,0.9996357572048524,0.9981533311715269,0.7626003897658036,24,24,24.0,48.0,500,-0.22805203121970175,4.864068294994933e-05,18.37232522313706,2.4820165807783225,0.7378939794613638,,,
R2,Seasonal,0.7054134848524235,0.9615751754534164,,24,24,24.0,48.0,500,0.0,0.0,28.084905817216132,10.395504987145266,0.7529495371850004,,,
R3,Stationary_WN,0.033342228949076125,0.20356870820143724,,None,29,,,500,0.0,0.0,0.0,0.0,10.240741014587833,,,
R4,Trending_MeanShift,0.9893004327710938,0.9686266826709015,0.0,None,250,,,500,,,0.0,0.0,1.1011615114629574,,250.0,
R1,Composite,0.9998459032854112,0.9982720091608287,0.924987827821284,36,36,36.0,72.0,500,-0.36848187313407055,-2.284738836043926e-05,23.125038125679076,6.318930262241819,1.0094310272009575,,,
R2,Seasonal,0.618346028952461,0.9201880934665413,,36,36,36.0,72.0,500,0.0,0.0,13.335930694774778,6.074363662405938,1.7913798137553663,,,
R3,Stationary_AR,0.08233413282872792,0.1949157610806358,,None,42,,,500,0.0,0.0,0.0,0.0,5.0,0.48938689428859083,,
R4,Trending_MeanShift,0.982325540422256,0.887958032291072,0.0,None,250,,,500,,,0.0,0.0,1.0714630906438227,,250.0,
R1,Composite,0.9993192651924242,0.9921036904573106,0.7582383291882552,12,12,12.0,24.0,500,0.16256600552946937,4.993621578660315e-05,11.072304521846227,3.1768304385935986,1.0968122196059555,,,
R2,Seasonal,0.05858217416042211,0.9973586424464791,,12,24,12.0,24.0,500,0.0,0.0,12.64005574700763,11.527137099728032,0.7574127770260428,,,
R3,Stationary_WN,0.18943890840020572,0.18693749640844126,,None,3,,,500,0.0,0.0,0.0,0.0,8.42865694111698,,,
R4,Trending_MeanShift,0.9950078966527542,0.9808538222462627,0.0,None,250,,,500,,,0.0,0.0,0.7292695210734215,,250.0,
R1,Composite,0.9995549316611622,0.9968040094062651,0.9815667376529746,48,50,48.0,96.0,500,-0.1169486746689135,-1.8395822383896136e-05,9.613583389285337,6.847022771672254,0.5946630027997681,,,
R2,Seasonal,0.6451529409885858,0.9659884470331362,,48,50,48.0,96.0,500,0.0,0.0,16.46902118034242,5.087722150614985,0.5191158399056853,,,
R3,Stationary_AR,0.13002101426553836,0.20216764486452465,,None,62,,,500,0.0,0.0,0.0,0.0,5.0,0.6870688316280347,,
R4,Trending_ExponentialGrowth,0.9982961655238388,0.41005640854255265,0.4214060729189594,None,24,,,500,,,0.0,0.0,1.2014140366688135,,,
R1,Composite,0.9998101073817969,0.9912928923399432,0.8864168198660294,24,24,24.0,48.0,500,0.31938142255011726,-1.458690840002562e-05,9.013477784761672,4.448007767122519,1.017034297800044,,,
R2,Seasonal,0.6880669808755666,0.8393165032646992,,24,24,24.0,48.0,500,0.0,0.0,14.203504960188727,11.34243986836914,1.8061479560813618,,,
R3,Stationary_WN,0.2319492824040198,0.17626480589889915,,None,3,,,500,0.0,0.0,0.0,0.0,13.398932056423908,,,
R4,Trending_RandomWalkDrift,0.9758782926973841,0.5148305166448841,0.0,None,250,,,500,,,0.0,0.0,0.7526606751574968,,,0.39387706648377374
R1,Composite,0.9998431261944206,0.998369828123358,0.8632492561262188,24,24,24.0,48.0,500,-0.20640750804245933,3.158468318919798e-05,11.925200324123928,2.0933738554764303,0.5179707662727445,,,
R2,Seasonal,0.6924586653742981,0.9505606048643583,,24,24,24.0,48.0,500,0.0,0.0,20.498066712115936,8.545473427314725,1.2099695618542883,,,
R3,Stationary_AR,0.15421063722269945,0.29133237541281987,,None,26,,,500,0.0,0.0,0.0,0.0,5.0,0.6047792101729255,,
R4,Trending_ExponentialGrowth,0.9979907051639727,0.37046517868535744,0.35252741756427897,None,24,,,500,,,0.0,0.0,0.8317651690352582,,,
R1,Composite,0.9996524640352067,0.998048332904242,0.9732139386752627,24,24,24.0,48.0,500,-0.16372010253195152,-3.427496548348826e-05,15.221651756836675,7.76672557892444,0.7118365498429862,,,
R2,Seasonal,0.6939753480399191,0.9103606862359143,,24,24,24.0,48.0,500,0.0,0.0,19.919845413548803,11.569685629969744,1.5494547790263815,,,
R3,Stationary_WN,0.16439459398051715,0.16443058837739855,,None,6,,,500,0.0,0.0,0.0,0.0,11.392128310762246,,,
R4,Trending_RandomWalkDrift,0.9981206762780273,0.0,,None,24,,,500,,,0.0,0.0,1.1923086281840236,,,0.38355306345858364
R1,Composite,0.9999071891812412,0.997067729673478,0.9619902431404678,24,24,24.0,48.0,500,-0.33775099637675265,-3.470626835988411e-05,12.492812632698094,6.489678321138234,0.7979151415515625,,,
R2,Seasonal,0.6663041482529252,0.9784030774931594,,24,24,24.0,48.0,500,0.0,0.0,26.249386526882144,6.665172170963671,1.2826507952223898,,,
R3,Stationary_AR,0.004445053871340421,0.5054036941236745,,None,167,,,500,0.0,0.0,0.0,0.0,5.0,0.444523565766621,,
R4,Trending_RandomWalkDrift,0.9435007576984807,0.4990558931852189,0.0,None,250,,,500,,,0.0,0.0,1.3910280409497786,,,0.35886693442421136
R1,Composite,0.9999236305271064,0.9979321652043546,0.9322339825103122,36,36,36.0,72.0,500,-0.32873454708874905,1.0940672660963836e-05,12.662933272470852,4.028932100989293,0.654083336880961,,,
R2,Seasonal,0.6211946196276901,0.9646493206943509,,36,36,36.0,72.0,500,0.0,0.0,21.726185226486724,6.541880792851706,1.9357359873531728,,,
R3,Stationary_WN,0.1055527720994418,0.21908968304941356,,None,7,,,500,0.0,0.0,0.0,0.0,11.286947735741775,,,
R4,Trending_ExponentialGrowth,0.9881950295700312,0.37827203671379916,0.32404013255635966,None,24,,,500,,,0.0,0.0,1.2616718526828943,,,
R1,Composite,0.9998013192751122,0.9932956800788295,0.8584319827476583,48,50,48.0,96.0,500,-0.3299509122178115,-1.6637138586743972e-05,12.373941654585508,3.17977824812369,0.9801602223167233,,,
R2,Seasonal,0.6026566113322296,0.8844130816240791,,48,50,48.0,96.0,500,0.0,0.0,12.365555879384617,6.9284646501862674,1.7538459914792783,,,
R3,Stationary_AR,0.057091200001576414,0.2974268776815182,,None,71,,,500,0.0,0.0,0.0,0.0,5.0,0.4830971575714702,,
R4,Trending_ExponentialGrowth,0.9998179131097816,0.4289428104294648,0.3932271914503692,None,24,,,500,,,0.0,0.0,0.6203759258168187,,,
R1,Composite,0.999422161497428,0.9951549045671174,0.9363147801987669,24,24,24.0,48.0,500,0.18383419247661692,4.87654192217308e-05,14.466512115547397,7.130408635051189,1.162116677330118,,,
R2,Seasonal,0.6459796739516672,0.9232369526488469,,24,24,24.0,48.0,500,0.0,0.0,15.550035032609824,7.238780597334389,1.7761582771811364,,,
R3,Stationary_AR,0.12447365412823286,0.28615142881656763,,None,50,,,500,0.0,0.0,0.0,0.0,5.0,0.5908158768056497,,
R4,Trending_RandomWalkDrift,0.9997788535092813,0.48634403331667664,0.9307492722641362,None,24,,,500,,,0.0,0.0,0.7506836174953617,,,-0.31169311399836563
R1,Composite,0.9968349275735744,0.996163662027635,0.7880709387889648,12,12,12.0,24.0,500,-0.1262202923889727,2.1738649839303805e-05,21.23951109490401,4.8890210116834085,1.3771533744454825,,,
R2,Seasonal,0.6976822707307722,0.9903809495071647,,12,12,12.0,24.0,500,0.0,0.0,29.34722475836178,5.030841962363891,1.1904453844568206,,,
R3,Stationary_WN,0.09328057841146009,0.20187114952104857,,None,10,,,500,0.0,0.0,0.0,0.0,11.913676118164291,,,
R4,Trending_ExponentialGrowth,0.99954186815883,0.28092854138764145,0.4142124943043741,None,24,,,500,,,0.0,0.0,0.9971185485429739,,,
R1,Composite,0.9987367215561392,0.9879498355413134,0.9239720355598515,12,12,12.0,24.0,500,0.17436728532869628,-4.1222357306246527e-05,10.066659959160779,7.517702931551483,1.2937279551403367,,,
R2,Seasonal,0.7390611557952004,0.9366969878389153,,12,12,12.0,24.0,500,0.0,0.0,21.326978858267793,10.759702019610305,1.4472243170730152,,,
R3,Stationary_AR,0.11756543800127062,0.18592658803925832,,None,29,,,500,0.0,0.0,0.0,0.0,5.0,0.6623837377586859,,
R4,Trending_MeanShift,0.9999310731057544,0.9997253920120803,0.0,None,250,,,500,,,0.0,0.0,1.2187091172203848,,250.0,
R1,Composite,0.9999365903942776,0.9988760665090943,0.9259938960982939,36,36,36.0,72.0,500,-0.39609570843553477,-4.022213050480206e-05,20.195698028167307,4.429891011021589,0.7169884033455998,,,
R2,Seasonal,0.6803330814423947,0.9890128852005052,,36,36,36.0,72.0,500,0.0,0.0,22.842162687346633,4.179070652951279,0.8037624270550119,,,
R3,Stationary_AR,0.1867006113673988,0.22136878190842446,,None,16,,,500,0.0,0.0,0.0,0.0,5.0,0.44964753507308824,,
R4,Trending_RandomWalkDrift,0.9963877155379209,0.821953945650312,0.9190074013357069,None,24,,,500,,,0.0,0.0,1.2181336639467326,,,-0.188153060081663
R1,Composite,0.9997531522757441,0.9964608912382458,0.9735135496141222,12,12,12.0,24.0,500,-0.20560754792089486,2.693624404416503e-05,10.470413858627726,7.6525571526403064,0.5655134611164372,,,
R2,Seasonal,0.619386774432152,0.9785548873245904,,12,12,12.0,24.0,500,0.0,0.0,19.732505800847516,4.253534494889841,1.5974444305451654,,,
R3,Stationary_AR,0.12599413501379053,0.5464231247650829,,None,167,,,500,0.0,0.0,0.0,0.0,5.0,0.6993095486348568,,
R4,Trending_ExponentialGrowth,0.9970873829106889,0.36413045701665847,0.33430379694509627,None,24,,,500,,,0.0,0.0,0.7332075669295074,,,
R1,Composite,0.9991644726282389,0.9718334519641816,0.7251701441858704,48,50,48.0,96.0,500,-0.2063361158929983,-4.9396605513271426e-05,8.513200584518506,3.154742350770108,1.2667012545968634,,,
R2,Seasonal,0.5375734876446551,0.9765078571923159,,48,50,48.0,96.0,500,0.0,0.0,21.074449253680378,4.519832819182293,1.0161942471511494,,,
R3,Stationary_WN,0.05733651009989915,0.20260988625448972,,None,7,,,500,0.0,0.0,0.0,0.0,5.5446324848460335,,,
R4,Trending_MeanShift,0.9991624677296858,0.9968022864553211,0.0,None,250,,,500,,,0.0,0.0,0.6791295335430377,,250.0,
R1,Composite,0.9956579360632762,0.995457346124054,0.8520663985893742,36,36,36.0,72.0,500,-0.10285598840061425,2.649592755580231e-05,18.210989859070118,5.04452397683618,1.3135958201928282,,,
R2,Seasonal,0.6061576527948082,0.938333964004239,,36,36,36.0,72.0,500,0.0,0.0,11.92274650222654,4.525897717222069,1.477671638754896,,,
R3,Stationary_AR,0.04491344017593568,0.5517565976182017,,None,167,,,500,0.0,0.0,0.0,0.0,5.0,0.42420401880733893,,
R4,Trending_MeanShift,0.9999232290715099,0.999694329935326,0.0,None,250,,,500,,,0.0,0.0,1.1329760660092936,,250.0,
R1,Composite,0.9991240072286961,0.9987387235595562,0.6987793271139676,12,12,12.0,24.0,500,-0.15628445338532698,4.232366371062305e-05,23.107179905856665,2.0093595863257123,0.8513576305187921,,,
R2,Seasonal,0.742645614672969,0.8835552375123373,,12,12,12.0,24.0,500,0.0,0.0,15.907414161756716,11.180673455189643,1.2757169206537275,,,
R3,Stationary_AR,0.040728616170259135,0.08953572382039188,,None,125,,,500,0.0,0.0,0.0,0.0,5.0,0.6802009187198879,,
R4,Trending_ExponentialGrowth,0.990217281782037,0.432618806754002,0.40588988256053415,None,24,,,500,,,0.0,0.0,1.477784068062906,,,
R1,Composite,0.9961877686788828,0.9902548155330158,0.5622450542687109,12,12,12.0,24.0,500,-0.10516854004439766,-4.281579359573294e-05,16.183833820029655,2.0835275374108972,1.399912937790382,,,
R2,Seasonal,0.7087998541589275,0.9501415985357254,,12,12,12.0,24.0,500,0.0,0.0,21.963132593042303,8.962523510343711,1.8860857645550309,,,
R3,Stationary_WN,0.06573614281034845,0.17559980501235806,,None,16,,,500,0.0,0.0,0.0,0.0,13.099236762726703,,,
R4,Trending_RandomWalkDrift,0.9988239253858656,0.6513005551176424,0.8663407598997962,None,24,,,500,,,0.0,0.0,0.7676550343533096,,,-0.15608688240814292
R1,Composite,0.9998423327830632,0.9958891400691052,0.945271742444509,48,50,48.0,96.0,500,0.3190985874342156,-3.7365246852141185e-05,12.379595977200669,5.536888438665782,0.836934716059142,,,
R2,Seasonal,0.5738701662611838,0.9750187789714106,,48,50,48.0,96.0,500,0.0,0.0,29.83082830805557,7.015523091498102,1.5457398886669864,,,
R3,Stationary_WN,0.04259079836364432,0.265038447145041,,None,22,,,500,0.0,0.0,0.0,0.0,9.822142361262662,,,
R4,Trending_RandomWalkDrift,0.9988923658789859,0.614539575627828,0.906638880272532,None,24,,,500,,,0.0,0.0,1.275897379290961,,,0.25977756209277675
R1,Composite,0.9995226085991025,0.996705443663544,0.7543565770309173,24,24,24.0,48.0,500,-0.25207203278040846,-4.476356909382412e-05,21.0618219995796,3.3990437903643143,1.3597612184996297,,,
R2,Seasonal,0.709153968541086,0.9280781353042111,,24,24,24.0,48.0,500,0.0,0.0,17.62706066375867,9.217939450353555,0.6267717100611856,,,
R3,Stationary_WN,0.3124201562319687,0.15165376376839634,,None,2,,,500,0.0,0.0,0.0,0.0,6.656494071563817,,,
R4,Trending_RandomWalkDrift,0.9987169291042097,0.7056426224911909,0.8974989004761236,None,24,,,500,,,0.0,0.0,1.2610816753402718,,,0.40670362049181064
R1,Composite,0.9993413997437888,0.994685884339603,0.9446832031083604,12,12,12.0,24.0,500,-0.12650612683127033,-3.461332454684764e-05,10.393154326902001,6.326936671924647,0.8412944845744408,,,
R2,Seasonal,0.7178872656324825,0.971958486419542,,12,12,12.0,24.0,500,0.0,0.0,19.652736119820094,6.157814370181242,1.169890816668968,,,
R3,Stationary_WN,0.12661372659130976,0.14086947773164915,,None,4,,,500,0.0,0.0,0.0,0.0,6.2168601195303905,,,
R4,Trending_RandomWalkDrift,0.9996021960044106,0.6639354530328817,0.8320001818021032,None,24,,,500,,,0.0,0.0,0.7584981438355642,,,0.2556215455273074
R1,Composite,0.9999187647982323,0.9976761299428389,0.9742837200571204,12,12,12.0,24.0,500,-0.3185259228763474,-2.223137044943663e-05,12.575484881580737,7.50629526277939,0.6033942429307545,,,
R2,Seasonal,0.7062466280484723,0.970211014356592,,12,12,12.0,24.0,500,0.0,0.0,27.256029153202434,8.465608005340792,1.7897142928264986,,,
R3,Stationary_WN,0.11115364049032816,0.2580462525592633,,None,8,,,500,0.0,0.0,0.0,0.0,8.421166592420192,,,
R4,Trending_RandomWalkDrift,0.9954696350032247,0.7947450488573097,0.6433473645230675,None,250,,,500,,,0.0,0.0,1.393800510002019,,,-0.3907977343909742
R1,Composite,0.9998252331468119,0.9959193318749536,0.9564185442913828,48,50,48.0,96.0,500,-0.34245142754277336,2.3232888630137333e-05,14.140420795988515,7.13598021488593,0.9291642182579145,,,
R2,Seasonal,0.6698223138532031,0.91137052654601,,48,50,48.0,96.0,500,0.0,0.0,20.500915538935566,11.03531937549741,0.8721538983690932,,,
R3,Stationary_AR,0.19736157425160106,0.30115082237401136,,None,16,,,500,0.0,0.0,0.0,0.0,5.0,0.6440396426784307,,
R4,Trending_ExponentialGrowth,0.998754733665559,0.4216744101355939,0.3253384051268047,None,24,,,500,,,0.0,0.0,0.5788799449116493,,,
R1,Composite,0.9997634868332719,0.9986354297986947,0.9633247481535192,48,50,48.0,96.0,500,-0.26984169532820246,4.6103394719292356e-05,21.308450490772728,6.28503960690106,0.8298209901859104,,,
R2,Seasonal,0.6513026658654452,0.8425522320521782,,48,50,48.0,96.0,500,0.0,0.0,16.17543052742508,11.813167682371507,1.7092642987263225,,,
R3,Stationary_WN,0.14921227541216897,0.1372264732252958,,None,3,,,500,0.0,0.0,0.0,0.0,7.735134851929151,,,
R4,Trending_RandomWalkDrift,0.9977570688324032,0.5730925220703882,0.848834105536654,None,24,,,500,,,0.0,0.0,1.0979273672453893,,,-0.13335757876398616
R1,Composite,0.9994235664807027,0.996786835731039,0.9783947532725537,48,50,48.0,96.0,500,-0.1199140366924289,-1.8584330453195884e-05,11.1555225989164,7.340926698272727,0.6166424087142759,,,
R2,Seasonal,0.6669775054360627,0.9327221234347477,,48,50,48.0,96.0,500,0.0,0.0,23.940277231752063,11.079750305390819,0.8719758851405999,,,
R3,Stationary_WN,0.34564381692621926,0.1541935327115077,,None,2,,,500,0.0,0.0,0.0,0.0,11.218144672334347,,,
R4,Trending_ExponentialGrowth,0.9943839883324902,0.366498216471586,0.3157525986058709,None,24,,,500,,,0.0,0.0,0.7163192235127046,,,
R1,Composite,0.9993802377467457,0.9915211452246019,0.7734690337938076,12,12,12.0,24.0,500,-0.16188332182223353,-2.598944309610567e-05,9.731318248202692,2.9342226905929962,0.9681427836582417,,,
R2,Seasonal,0.6674098850936632,0.9166674297099449,,12,12,12.0,24.0,500,0.0,0.0,12.346920335873657,5.9004143000585865,1.9087617277185074,,,
R3,Stationary_WN,0.25705706737807443,0.102507513276204,,None,2,,,500,0.0,0.0,0.0,0.0,6.18537765315542,,,
R4,Trending_RandomWalkDrift,0.9993748649540527,0.984176215050614,0.952766353133513,None,125,,,500,,,0.0,0.0,1.062512164962612,,,0.4278951410257408
R1,Composite,0.9996868906469519,0.9842695898241939,0.7481929146330804,48,50,48.0,96.0,500,-0.34657707473199256,4.166399374481781e-05,9.417509597190742,2.941747016205275,1.2370088499420873,,,
R2,Seasonal,0.5989463910073445,0.9196405506353941,,48,50,48.0,96.0,500,0.0,0.0,14.070632195255875,6.300130578123889,1.6166390761078482,,,
R3,Stationary_WN,0.06823442249837453,0.27982697530325185,,None,16,,,500,0.0,0.0,0.0,0.0,14.70833267088251,,,
R4,Trending_MeanShift,0.9999058805005909,0.9996260524454353,0.0,None,250,,,500,,,0.0,0.0,0.5954065510664737,,250.0,
R1,Composite,0.9993399721227337,0.9943875385615113,0.7971203826914633,12,12,12.0,24.0,500,0.2602628458246248,-2.1007716726885995e-05,17.34326996772485,4.773197670461622,1.3040400066902225,,,
R2,Seasonal,0.7442259221068237,0.9550291804996195,,12,12,12.0,24.0,500,0.0,0.0,19.971582533847602,8.47024133522859,0.8021692349933615,,,
R3,Stationary_WN,0.27611022163863363,0.1427216225280341,,None,2,,,500,0.0,0.0,0.0,0.0,5.0902905557349705,,,
R4,Trending_RandomWalkDrift,0.9974847646843535,0.9662795195378451,0.9567085670801361,None,125,,,500,,,0.0,0.0,1.336896084353545,,,0.30204673991746356
R1,Composite,0.9998529566842228,0.9978699035678013,0.9364929392338521,24,24,24.0,48.0,500,0.3375338824791997,-2.0630883177975716e-05,17.446363752883077,5.719906441585597,0.8435484865069531,,,
R2,Seasonal,0.7101324677809431,0.936088055941882,,24,24,24.0,48.0,500,0.0,0.0,18.208903913843724,8.957316542692904,0.5671793236079097,,,
R3,Stationary_WN,0.1572790581508311,0.19980844768572914,,None,6,,,500,0.0,0.0,0.0,0.0,7.774012014812911,,,
R4,Trending_RandomWalkDrift,0.9997261012176756,0.6863670710303149,0.9109193409661399,None,24,,,500,,,0.0,0.0,0.7790014508155801,,,0.4614225830805393
R1,Composite,0.9998945910128999,0.9976663605719843,0.9319408865359599,48,50,48.0,96.0,500,-0.3672664396976305,-4.2515259434773234e-05,17.184362104905667,4.857756351415006,0.8886518509123116,,,
R2,Seasonal,0.6729856091340101,0.9079076211033213,,48,50,48.0,96.0,500,0.0,0.0,18.43542028862756,10.201959763369416,0.8544252598671079,,,
R3,Stationary_AR,0.13596079186836807,0.29993285303519757,,None,36,,,500,0.0,0.0,0.0,0.0,5.0,0.5789868568515123,,
R4,Trending_ExponentialGrowth,0.9983255128580408,0.3533407839430829,0.32156171408577683,None,24,,,500,,,0.0,0.0,0.9315170558414297,,,
R1,Composite,0.999893292984692,0.9988992319089549,0.9533931498438019,12,12,12.0,24.0,500,-0.354043827180165,-1.4900593525560778e-05,22.828758623513885,6.844409458919736,0.8743558688560764,,,
R2,Seasonal,0.7470724776810235,0.9437392213921818,,12,12,12.0,24.0,500,0.0,0.0,21.139079647514762,10.18861130570399,1.0154578954734899,,,
R3,Stationary_WN,0.2420193237406153,0.12425813607941527,,None,2,,,500,0.0,0.0,0.0,0.0,12.387081891525149,,,
R4,Trending_RandomWalkDrift,0.7876985699322646,0.9525116708921832,,None,250,,,500,,,0.0,0.0,1.0221328971422246,,,-0.15074848425207765
R1,Composite,0.9997426634872784,0.9889138475878319,0.6598287976232826,36,36,36.0,72.0,500,0.29572285370457085,3.724904595836648e-05,9.571825043673115,2.0314873979640256,1.0195455754179794,,,
R2,Seasonal,0.7203924004387678,0.9557477215936296,,36,36,36.0,72.0,500,0.0,0.0,24.565057609275982,10.095996193944568,0.5107120235387779,,,
R3,Stationary_WN,0.22553287118866427,0.09399833217466513,,None,2,,,500,0.0,0.0,0.0,0.0,13.530033824437059,,,
R4,Trending_MeanShift,0.9998107873224921,0.9992448798365621,0.31198051067981314,None,250,,,500,,,0.0,0.0,1.295473122192758,,250.0,
R1,Composite,0.9998683071912428,0.9984946539730226,0.9433843372664114,12,12,12.0,24.0,500,0.374557996816549,4.85754876657545e-05,23.9214755166254,7.50695011903332,1.0344208842722513,,,
R2,Seasonal,0.7460129393932915,0.9377033250198122,,12,12,12.0,24.0,500,0.0,0.0,18.985677219726192,9.702965122862231,0.9277163971605552,,,
R3,Stationary_WN,0.15588421666712604,0.07508574488821274,,None,2,,,500,0.0,0.0,0.0,0.0,13.215738365602098,,,
R4,Trending_RandomWalkDrift,0.9993038132814095,0.6213254659087414,0.8666426709170618,None,24,,,500,,,0.0,0.0,0.7495707558891996,,,-0.15850289827933245
R1,Composite,0.9997536756316414,0.9958197932109909,0.8989737785988765,12,12,12.0,24.0,500,-0.3474842812370291,1.4267952637766844e-05,16.83201291619274,6.266176292124985,1.175401225047054,,,
R2,Seasonal,0.7488991562228224,0.9261773569603122,,12,12,12.0,24.0,500,0.0,0.0,19.45761626882933,10.828375510234757,0.7640779781643663,,,
R3,Stationary_AR,0.0598304496422315,0.2578524619644119,,None,71,,,500,0.0,0.0,0.0,0.0,5.0,0.617783769903535,,
R4,Trending_RandomWalkDrift,0.9996826077074364,0.6205462513912774,0.8583767654196949,None,24,,,500,,,0.0,0.0,1.4968307320038805,,,-0.4182055365463503
R1,Composite,0.9998439064719659,0.9954572417349736,0.8783029693053424,24,24,24.0,48.0,500,-0.3417534152228977,-3.806912342191283e-05,13.329385740047208,4.412304590614339,1.0448086063897697,,,
R2,Seasonal,0.6759791234352037,0.9676619049703301,,24,24,24.0,48.0,500,0.0,0.0,23.484844769471373,7.668529711349991,1.502397422702627,,,
R3,Stationary_AR,0.035210555476409944,0.3496361915867444,,None,33,,,500,0.0,0.0,0.0,0.0,5.0,0.4058780639999896,,
R4,Trending_ExponentialGrowth,0.9976280385177105,0.4213382967772683,0.37320520630576903,None,24,,,500,,,0.0,0.0,0.7579701429555877,,,
R1,Composite,0.9999267148104503,0.9991728681448597,0.9701735718776594,36,36,36.0,72.0,500,0.3579600243984584,-3.871045268045234e-05,20.564179689402202,6.404560261093869,0.6132809675309832,,,
R2,Seasonal,0.6850799743126061,0.9701520663486635,,36,36,36.0,72.0,500,0.0,0.0,17.782944588243762,5.567600832459465,1.10302671093944,,,
R3,Stationary_AR,0.03582499507166903,0.3150582766191655,,None,83,,,500,0.0,0.0,0.0,0.0,5.0,0.4455758602245958,,
R4,Trending_ExponentialGrowth,0.9968471526261287,0.45407589426936146,0.3616945239814332,None,24,,,500,,,0.0,0.0,1.2844500176687226,,,
R1,Composite,0.9994734786833902,0.9903989656722754,0.8289863452445545,24,24,24.0,48.0,500,0.2713615158135474,1.7725283098900066e-05,13.165460594821344,5.2375697388805404,1.3518511854637931,,,
R2,Seasonal,0.6692463003715725,0.9583761290314503,,24,24,24.0,48.0,500,0.0,0.0,23.97018961016267,8.68549022783585,1.6481727042824637,,,
R3,Stationary_AR,0.21639423016363324,0.2658118298943515,,None,28,,,500,0.0,0.0,0.0,0.0,5.0,0.49269781845758903,,
R4,Trending_ExponentialGrowth,0.9944748950011665,0.3148705332394758,0.36623299870646786,None,24,,,500,,,0.0,0.0,1.0173774742767001,,,
R1,Composite,0.9996029004511973,0.9788678017195832,0.8940855439641975,12,12,12.0,24.0,500,0.29391037606295517,2.3035763397557563e-05,8.332442010769782,7.071593308007113,1.2618778634924455,,,
R2,Seasonal,0.05452244320423405,0.9979553245645318,,12,24,12.0,24.0,500,0.0,0.0,13.050141059652178,11.627310977746557,0.689366139511148,,,
R3,Stationary_WN,0.04318398569057347,0.18278675794351928,,None,10,,,500,0.0,0.0,0.0,0.0,5.81694674782991,,,
R4,Trending_MeanShift,0.9999461536716007,0.999785018365921,0.14892110281701432,None,250,,,500,,,0.0,0.0,1.1700919558959932,,250.0,
R1,Composite,0.9995410633335856,0.9944668644089569,0.8757354945747903,48,50,48.0,96.0,500,0.3300669973563516,4.282349680349185e-05,21.67202737843812,6.1186487072966,1.4799772744443054,,,
R2,Seasonal,0.3321800828663779,0.9711610887510328,,48,50,48.0,96.0,500,0.0,0.0,28.037145731702154,5.02067951645769,1.1407802202836468,,,
R3,Stationary_AR,0.11891744484052325,0.34680106112415576,,None,42,,,500,0.0,0.0,0.0,0.0,5.0,0.6985482828047884,,
R4,Trending_ExponentialGrowth,0.9925885571566211,0.3388889993220715,0.2903528773681622,None,24,,,500,,,0.0,0.0,1.1435087187529827,,,
R1,Composite,0.9997354597184931,0.9972165671170465,0.9036364901878531,24,24,24.0,48.0,500,0.3421897230158931,4.967047321070709e-05,22.690756024201804,6.717925932981507,1.2660583925078066,,,
R2,Seasonal,0.691739542427263,0.9802401873221742,,24,24,24.0,48.0,500,0.0,0.0,20.69598766702346,5.248597291521786,0.7891282370741767,,,
R3,Stationary_AR,0.0637480365321631,0.37681641936359367,,None,71,,,500,0.0,0.0,0.0,0.0,5.0,0.6866588899639546,,
R4,Trending_RandomWalkDrift,0.9946778500203802,0.9059391202429173,0.6734496838877118,None,250,,,500,,,0.0,0.0,1.3175322386751853,,,-0.2760830625787877
R1,Composite,0.9993027318088105,0.9957787829847176,0.9296697601845969,12,12,12.0,24.0,500,0.20801308904813368,-4.681484023352693e-05,15.268621351010765,7.137473249340759,1.0916773926377399,,,
R2,Seasonal,0.7199434346360174,0.8488927164615785,,12,12,12.0,24.0,500,0.0,0.0,12.799228561576413,9.72231505636726,1.8122980048341226,,,
R3,Stationary_AR,0.03201123271593875,0.4684256743978019,,None,167,,,500,0.0,0.0,0.0,0.0,5.0,0.5103537145685765,,
R4,Trending_ExponentialGrowth,0.9956363706155358,0.4228715150704643,0.35048616890432527,None,24,,,500,,,0.0,0.0,0.8239206897668013,,,
R1,Composite,0.9997364313356671,0.9979672530908101,0.7864453291636047,24,24,24.0,48.0,500,-0.31811511923335495,3.694421328747628e-05,21.92245709323165,3.154834904428493,1.120654791113691,,,
R2,Seasonal,0.6597613994467256,0.9772470153222051,,24,24,24.0,48.0,500,0.0,0.0,25.900038999013216,6.588196779009064,1.6031429331381686,,,
R3,Stationary_WN,0.13699557557846587,0.20572596064776738,,None,5,,,500,0.0,0.0,0.0,0.0,9.267246019203133,,,
R4,Trending_MeanShift,0.9988526234740579,0.9958551495368724,0.0,None,250,,,500,,,0.0,0.0,1.223732235355285,,250.0,
R1,Composite,0.9997456041405874,0.9978653540965258,0.7264802979083993,36,36,36.0,72.0,500,-0.30022390336608884,2.077850275402329e-05,20.414294866471618,2.259832674698486,0.9436268897625714,,,
R2,Seasonal,0.6731518330421187,0.8826724452817724,,36,36,36.0,72.0,500,0.0,0.0,13.941190112264943,8.912975308236662,1.8970643756317696,,,
R3,Stationary_WN,0.15034713735614247,0.056174936567266465,,None,3,,,500,0.0,0.0,0.0,0.0,7.498764973918125,,,
R4,Trending_MeanShift,0.9999752386153544,0.999901485057794,0.0,None,250,,,500,,,0.0,0.0,0.6456989634148785,,250.0,
R1,Composite,0.9999044491662199,0.9991081581695681,0.9239860159371686,12,12,12.0,24.0,500,0.36409171746904045,-4.880646916250568e-05,22.68005604168426,4.669955870308506,0.7122233271866397,,,
R2,Seasonal,0.746716983748109,0.9546527871538373,,12,12,12.0,24.0,500,0.0,0.0,14.654211296392052,6.248301357603391,0.6059661314677952,,,
R3,Stationary_WN,0.09845717662580689,0.21951196504749626,,None,9,,,500,0.0,0.0,0.0,0.0,12.088086661201636,,,
R4,Trending_MeanShift,0.9989723605918147,0.9957379583671401,0.0,None,250,,,500,,,0.0,0.0,1.1867114535008678,,250.0,
R1,Composite,0.9965561543278365,0.9936883789980078,0.7849760481206117,24,24,24.0,48.0,500,0.14794424912147244,-4.1453018321443176e-05,19.125317094432532,4.975621934757596,1.4487116950659795,,,
R2,Seasonal,0.6594663337657589,0.9743729299212831,,24,24,24.0,48.0,500,0.0,0.0,19.208655761362643,5.236649293829031,1.2225877518347956,,,
R3,Stationary_AR,0.19099635436773055,0.26296674777751383,,None,19,,,500,0.0,0.0,0.0,0.0,5.0,0.6334057480113597,,
R4,Trending_RandomWalkDrift,0.9506907320386241,0.5638666801595151,0.0,None,167,,,500,,,0.0,0.0,0.9481012031538181,,,0.26770295795771243
R1,Composite,0.9995474458536115,0.9904971714280805,0.8891675254663458,12,12,12.0,24.0,500,0.27672043043657735,4.2927906105150605e-05,13.013005304112,6.883134984130465,1.4638051328522563,,,
R2,Seasonal,0.7327754336158049,0.879362855507222,,12,12,12.0,24.0,500,0.0,0.0,13.117848642729237,9.37520362449765,1.3738165199829857,,,
R3,Stationary_AR,0.006971533129490504,0.5487531460998294,,None,167,,,500,0.0,0.0,0.0,0.0,5.0,0.5958178673052391,,
R4,Trending_RandomWalkDrift,0.7984417205121418,0.7426910218014113,,None,250,,,500,,,0.0,0.0,1.2696793306583887,,,-0.1646770879896023
R1,Composite,0.99987664546144,0.9981089073534645,0.9296074470811446,36,36,36.0,72.0,500,-0.3347211010619284,1.0901811591136497e-05,17.240045878850538,5.033987068057753,0.8650189704641302,,,
R2,Seasonal,0.7042847748821378,0.9240812888066416,,36,36,36.0,72.0,500,0.0,0.0,17.92920781800344,9.343890792042565,1.1723042197455247,,,
R3,Stationary_WN,0.2310644012934452,0.13119316907437217,,None,2,,,500,0.0,0.0,0.0,0.0,7.590084468916709,,,
R4,Trending_ExponentialGrowth,0.9986705721822502,0.31457482225720423,0.35016916498745787,None,24,,,500,,,0.0,0.0,0.7850471073745814,,,
R1,Composite,0.9998219176979233,0.9992642598984887,0.94981960895937,12,12,12.0,24.0,500,-0.22644339723473714,3.2355770677480245e-05,21.245276826695047,5.022221760397143,0.5895123117609626,,,
R2,Seasonal,0.710428698739359,0.964797868941642,,12,12,12.0,24.0,500,0.0,0.0,26.728559305184646,9.308990448245662,1.9958923403007616,,,
R3,Stationary_AR,0.05044172672716818,0.30822088674161063,,None,45,,,500,0.0,0.0,0.0,0.0,5.0,0.430011702280011,,
R4,Trending_RandomWalkDrift,0.9997018827528352,0.6899013828233185,0.9168503160491546,None,24,,,500,,,0.0,0.0,0.8411965878254518,,,0.3969291240282834
R1,Composite,0.9986338989867737,0.9962431567560442,0.9070810054696987,36,36,36.0,72.0,500,-0.13238161257380165,-2.721927024303388e-05,18.05685449227235,6.433833077128632,1.247360578336021,,,
R2,Seasonal,0.7028951831303833,0.8634418060649744,,36,36,36.0,72.0,500,0.0,0.0,14.70307130008172,10.851649407436128,1.475330311321999,,,
R3,Stationary_WN,0.13791371741101444,0.11108932016772266,,None,2,,,500,0.0,0.0,0.0,0.0,11.440589740495426,,,
R4,Trending_ExponentialGrowth,0.9934119761779473,0.3259009104952547,0.27029530466908525,None,24,,,500,,,0.0,0.0,0.7225344715219781,,,
R1,Composite,0.999943831398152,0.998788664055682,0.9800502905572531,24,24,24.0,48.0,500,0.3836136771478388,2.633881967106351e-05,17.146478237549935,7.920574140939716,0.6978163966658948,,,
R2,Seasonal,0.694226095044388,0.9678867371472639,,24,24,24.0,48.0,500,0.0,0.0,29.230696928495423,9.54067228687969,1.3784528998774466,,,
R3,Stationary_AR,0.10415959584855194,0.2952296333935547,,None,28,,,500,0.0,0.0,0.0,0.0,5.0,0.5826243944291509,,
R4,Trending_ExponentialGrowth,0.9962300808115403,0.32432001773840535,0.3275608565636521,None,24,,,500,,,0.0,0.0,1.247010241437518,,,
R1,Composite,0.9997883992735768,0.9969525907808647,0.8689732470379807,12,12,12.0,24.0,500,0.32568906309780005,-4.2009913707689435e-05,16.26077728584677,4.460152478485999,1.0328462230593574,,,
R2,Seasonal,0.7342513216041175,0.929695356093255,,12,12,12.0,24.0,500,0.0,0.0,17.59969319541782,9.303171549007292,1.3433236728135913,,,
R3,Stationary_WN,0.15468525367228114,0.16537882267567472,,None,5,,,500,0.0,0.0,0.0,0.0,13.877717499141509,,,
R4,Trending_MeanShift,0.9991384802644665,0.9966138240229189,0.0,None,250,,,500,,,0.0,0.0,1.275746876583355,,250.0,
R1,Composite,0.9997686666710063,0.9947270649993841,0.8292644063390822,12,12,12.0,24.0,500,-0.3820091102550832,-3.268670131193591e-05,16.91246085060496,5.28562685080191,1.3080201572073151,,,
R2,Seasonal,0.717880687859711,0.9817279546580611,,12,12,12.0,24.0,500,0.0,0.0,22.060654551591732,5.546261363647426,1.1288644068168714,,,
R3,Stationary_AR,0.018667858057565323,0.41497561467975175,,None,167,,,500,0.0,0.0,0.0,0.0,5.0,0.6412537004676819,,
R4,Trending_MeanShift,0.9999259608109426,0.9997065889898413,0.03709859181875608,None,250,,,500,,,0.0,0.0,0.9976048056569696,,250.0,
R1,Composite,0.9998042818824783,0.9960193283559864,0.9555553919769738,36,36,36.0,72.0,500,0.2807035326890117,4.692049960552753e-05,13.75170775146323,7.532330780930945,0.9216673967204643,,,
R2,Seasonal,0.7074827744086039,0.8831133576850836,,36,36,36.0,72.0,500,0.0,0.0,16.493964427641657,10.975888215722662,1.3042424557376897,,,
R3,Stationary_WN,0.2691981396857973,0.1349704334379087,,None,2,,,500,0.0,0.0,0.0,0.0,6.591625829770842,,,
R4,Trending_RandomWalkDrift,0.9989691488434683,0.9610478889365462,0.0,None,250,,,500,,,0.0,0.0,1.1940255158421906,,,0.28077264035561866
R1,Composite,0.9994392906308026,0.996572104050245,0.8027467352318254,24,24,24.0,48.0,500,0.21223475909121048,1.633342004275049e-05,17.94248186311194,3.6863073898124403,1.1328166932851502,,,
R2,Seasonal,0.6912521768792875,0.8561593565793892,,24,24,24.0,48.0,500,0.0,0.0,13.241385464812105,9.847278513751629,1.4699295329922908,,,
R3,Stationary_WN,0.30241734957513544,0.20475788631814817,,None,2,,,500,0.0,0.0,0.0,0.0,6.792531673438361,,,
R4,Trending_ExponentialGrowth,0.9987136218530812,0.32948634795683607,0.2746334965754127,None,24,,,500,,,0.0,0.0,0.6021165949007672,,,
R1,Composite,0.9995984627983254,0.9984519232903353,0.949050865320421,48,50,48.0,96.0,500,-0.25028434944998684,3.887322020130088e-05,24.483388194582492,6.353740789187478,0.9997937837250992,,,
R2,Seasonal,0.6551079662039467,0.9496067001760057,,48,50,48.0,96.0,500,0.0,0.0,25.0044963719767,9.640514041066417,1.0315902522413862,,,
R3,Stationary_AR,0.004684233293264284,0.5930990850303249,,None,167,,,500,0.0,0.0,0.0,0.0,5.0,0.42291027386562036,,
R4,Trending_RandomWalkDrift,0.9994932389407735,0.6479159238262298,0.873930073549215,None,24,,,500,,,0.0,0.0,1.150752487594036,,,0.26842818891438186
R1,Composite,0.9997727820096626,0.998539057852575,0.8670050032923553,12,12,12.0,24.0,500,0.31215071656575744,-4.063206107367165e-05,23.312880822100887,4.41524637717693,0.9117076583475643,,,
R2,Seasonal,0.7343055482325404,0.9477977639820272,,12,12,12.0,24.0,500,0.0,0.0,26.029337578615078,11.695814949913458,1.6930688527646112,,,
R3,Stationary_WN,0.1645180242243215,0.14779450864895627,,None,6,,,500,0.0,0.0,0.0,0.0,14.887134708538847,,,
R4,Trending_ExponentialGrowth,0.9973390457598541,0.378457601193827,0.31161314504614823,None,24,,,500,,,0.0,0.0,1.283189663761099,,,
R1,Composite,0.9993442340622353,0.9819034391589864,0.8982795053039246,36,36,36.0,72.0,500,0.1979032542507343,4.7265898855967084e-05,8.408716600396815,6.189221894158933,1.187161831271719,,,
R2,Seasonal,0.6797748156912914,0.9111775183807764,,36,36,36.0,72.0,500,0.0,0.0,12.331735511870905,6.815920013390935,1.243819308658789,,,
R3,Stationary_WN,0.2287515790631084,0.17379384953919474,,None,2,,,500,0.0,0.0,0.0,0.0,5.5416367464194565,,,
R4,Trending_RandomWalkDrift,0.9995572769776818,0.7114038796398228,0.8732849054540704,None,24,,,500,,,0.0,0.0,1.2350125572607669,,,0.3991306260820455
R1,Composite,0.9996535369102628,0.9986323733296704,0.829429395433322,36,36,36.0,72.0,500,-0.24876964985027103,4.68841170945264e-05,23.11205813727977,3.244398464719569,0.8503530117092895,,,
R2,Seasonal,0.676826206457656,0.9113953320592617,,36,36,36.0,72.0,500,0.0,0.0,16.192267280852786,8.718472639099055,1.596083662321036,,,
R3,Stationary_AR,0.22974377074743701,0.25158429571101015,,None,15,,,500,0.0,0.0,0.0,0.0,5.0,0.5240383354770538,,
R4,Trending_MeanShift,0.9998914145715551,0.9995704047080344,0.0,None,250,,,500,,,0.0,0.0,0.8676483646349384,,250.0,
R1,Composite,0.9997803201640625,0.9948783657407719,0.8389427060260397,48,50,48.0,96.0,500,0.3070470255956712,2.9505547743410744e-05,14.229163010374666,3.056917620674408,0.8881881897400161,,,
R2,Seasonal,0.6256766297936618,0.9575962534492,,48,50,48.0,96.0,500,0.0,0.0,23.813781851331502,7.860074460845891,1.4846466035706891,,,
R3,Stationary_AR,0.07304525620094049,0.23772688458718738,,None,62,,,500,0.0,0.0,0.0,0.0,5.0,0.4896913408783735,,
R4,Trending_RandomWalkDrift,0.9980913408836866,0.6938383841129051,0.9044688779733215,None,24,,,500,,,0.0,0.0,1.19932567294395,,,-0.1712052601005315
R1,Composite,0.9996398967736212,0.9924655168213063,0.89013695032974,12,12,12.0,24.0,500,-0.2796448137732983,3.4793947062178555e-05,11.65669620863498,5.7380922577258175,1.0523549708107183,,,
R2,Seasonal,0.7509175166601856,0.9725235640515535,,12,12,12.0,24.0,500,0.0,0.0,28.943220811552422,9.644977811816585,0.7011658543080461,,,
R3,Stationary_WN,0.1778753574316878,0.23271868988542888,,None,4,,,500,0.0,0.0,0.0,0.0,7.963993936080702,,,
R4,Trending_MeanShift,0.9999549005314179,0.9998209215013208,0.0,None,250,,,500,,,0.0,0.0,0.904325527826555,,250.0,
R1,Composite,0.9999212954651332,0.9970057915591649,0.9402010452423634,48,50,48.0,96.0,500,-0.29434740939093074,3.121141973351775e-05,9.37085945779893,3.249930574562851,0.5205620092450468,,,
R2,Seasonal,0.6693693835805911,0.9325027059360075,,48,50,48.0,96.0,500,0.0,0.0,22.433788905461164,10.446571855194279,0.672688489673213,,,
R3,Stationary_WN,0.20866564202815263,0.16720641503569167,,None,3,,,500,0.0,0.0,0.0,0.0,10.836513846065323,,,
R4,Trending_RandomWalkDrift,0.9931406600677485,0.6443188328937297,0.8860368700703317,None,24,,,500,,,0.0,0.0,1.0676438194283078,,,0.1894497924988704
R1,Composite,0.9995136747699804,0.9975652014339489,0.9213106557402192,12,12,12.0,24.0,500,0.19343752436692996,-4.87941123158358e-05,15.173688968638675,5.116027674062396,0.7472945305239697,,,
R2,Seasonal,0.7446643121590106,0.9646296985975381,,12,12,12.0,24.0,500,0.0,0.0,18.87370166430002,7.07275566926556,0.6576284369195622,,,
R3,Stationary_WN,0.1640290309674659,0.21286716520491566,,None,3,,,500,0.0,0.0,0.0,0.0,8.104992517424188,,,
R4,Trending_MeanShift,0.9998608312075975,0.9994512959803052,0.0,None,250,,,500,,,0.0,0.0,1.030874086453259,,250.0,
R1,Composite,0.9996873170189159,0.9990930670377131,0.9365691869909809,36,36,36.0,72.0,500,0.20193134464819187,-2.7366916793942624e-05,22.476556173262626,4.855647903260876,0.7287133994668304,,,
R2,Seasonal,0.6839660848077348,0.8259663999264295,,36,36,36.0,72.0,500,0.0,0.0,11.662240668850682,9.34862463704598,1.6743512611186055,,,
R3,Stationary_AR,0.11294204092868165,0.34815431149678044,,None,29,,,500,0.0,0.0,0.0,0.0,5.0,0.44445994548738343,,
R4,Trending_RandomWalkDrift,0.0,0.0,0.0,None,167,,,500,,,0.0,0.0,1.0655329004390817,,,-0.2301465187333412
R1,Composite,0.9996015237079929,0.9986244010006009,0.963562620485877,24,24,24.0,48.0,500,-0.15791241480458018,1.5641872491437105e-05,16.280235569923597,5.82455788797513,0.6004170266343143,,,
R2,Seasonal,0.6969960229707327,0.9852018802495772,,24,24,24.0,48.0,500,0.0,0.0,28.47262908715804,6.318228356376676,0.7594319422483988,,,
R3,Stationary_WN,0.2647743374331353,0.12047319154453728,,None,2,,,500,0.0,0.0,0.0,0.0,10.072263128993908,,,
R4,Trending_MeanShift,0.99994517126997,0.9997798898083522,0.1555459562386894,None,250,,,500,,,0.0,0.0,1.03154558901132,,250.0,
R1,Composite,0.9989130974695867,0.9956528185860269,0.9567900846599742,48,50,48.0,96.0,500,0.12723470012643884,-3.0299345702065237e-05,12.159329735040924,6.347015792258901,0.8878270965010508,,,
R2,Seasonal,0.6446252811055966,0.9317348303678599,,48,50,48.0,96.0,500,0.0,0.0,23.028365403593792,10.239166465922729,1.6046178951776384,,,
R3,Stationary_WN,0.08933775358715568,0.15086425821989313,,None,3,,,500,0.0,0.0,0.0,0.0,14.429242444258035,,,
R4,Trending_RandomWalkDrift,0.9987571703592221,0.9762937362299507,0.7840930143635411,None,250,,,500,,,0.0,0.0,1.0587583087011319,,,-0.3568550956151213
R1,Composite,0.9998624148471886,0.9964071188060455,0.8257980658954397,36,36,36.0,72.0,500,-0.3655472579369501,-2.3747711410826334e-05,15.052037953448755,3.50851781123312,0.9462958496360383,,,
R2,Seasonal,0.5523272483334025,0.9871681585914385,,36,36,36.0,72.0,500,0.0,0.0,27.737681303340153,4.417747880299579,1.6764803398985706,,,
R3,Stationary_WN,0.05882812490554645,0.17327016036593823,,None,8,,,500,0.0,0.0,0.0,0.0,12.29391658363965,,,
R4,Trending_RandomWalkDrift,0.9992318824929204,0.9350357794571005,0.9309228569340586,None,100,,,500,,,0.0,0.0,1.342422304149732,,,-0.2570252527800989
R1,Composite,0.9994916393665011,0.9962364072580688,0.914322559631664,36,36,36.0,72.0,500,0.14316386414488946,4.623092889460252e-05,12.438838227757387,4.663464740497059,0.8464277178991099,,,
R2,Seasonal,0.6397364264545399,0.9397355710567965,,36,36,36.0,72.0,500,0.0,0.0,14.815636014993443,5.877242282073724,1.437758773927671,,,
R3,Stationary_WN,0.17577951291644278,0.18577943581263556,,None,3,,,500,0.0,0.0,0.0,0.0,13.426421487147856,,,
R4,Trending_ExponentialGrowth,0.9926874340632044,0.3705092963281601,0.340436681403411,None,24,,,500,,,0.0,0.0,0.7101576152560576,,,
R1,Composite,0.9997873342968268,0.9965369619719591,0.8934949664847721,24,24,24.0,48.0,500,-0.2553124119845922,4.7972113991534996e-05,11.468514298951362,3.580911419518224,0.7321887490315587,,,
R2,Seasonal,0.7031097270761942,0.9287250033530061,,24,24,24.0,48.0,500,0.0,0.0,12.524176231967479,6.501769074406918,0.6278482015996067,,,
R3,Stationary_AR,0.11760887117662511,0.3414327241775905,,None,38,,,500,0.0,0.0,0.0,0.0,5.0,0.6314872984703024,,
R4,Trending_RandomWalkDrift,0.9994652405035396,0.9687627459710386,0.9548860228639726,None,100,,,500,,,0.0,0.0,0.5670849831960397,,,-0.151665326667947
R1,Composite,0.9956825237267871,0.9959778400953744,0.8981191525780522,48,50,48.0,96.0,500,-0.10243296740972321,-1.1301695992028852e-05,23.083668124387255,6.135795194647461,1.3650241073565943,,,
R2,Seasonal,0.6590346435145863,0.8899308717164651,,48,50,48.0,96.0,500,0.0,0.0,18.021687827978187,10.763825407498345,1.5019875791912114,,,
R3,Stationary_WN,0.1741814655615027,0.20435307168640304,,None,5,,,500,0.0,0.0,0.0,0.0,9.778994181093024,,,
R4,Trending_MeanShift,0.9999696578938366,0.9998766783391637,0.0,None,250,,,500,,,0.0,0.0,0.5460648910936652,,250.0,
R1,Composite,0.9993570521805294,0.9923240119207776,0.8982922024923787,12,12,12.0,24.0,500,-0.26599077205621247,3.129207041042081e-05,14.871745295767177,7.696180510455887,1.3847115893918007,,,
R2,Seasonal,0.6979319881716244,0.9431423009638096,,12,12,12.0,24.0,500,0.0,0.0,18.793541848062922,8.00002668707501,1.7430711238873409,,,
R3,Stationary_AR,0.29610732089667247,0.2861376836311271,,None,13,,,500,0.0,0.0,0.0,0.0,5.0,0.6242443789678211,,
R4,Trending_ExponentialGrowth,0.9948722190848929,0.42625769118701407,0.30669823669971374,None,24,,,500,,,0.0,0.0,1.302978213895627,,,
R1,Composite,0.9994045037797341,0.9923417096389137,0.7901002811053912,24,24,24.0,48.0,500,0.29757399511367555,4.9865537277511893e-05,17.924366607628258,5.022037604640362,1.416190006756894,,,
R2,Seasonal,0.703815516916726,0.8506725757196109,,24,24,24.0,48.0,500,0.0,0.0,14.910257099371584,11.65760838890062,1.098713412069913,,,
R3,Stationary_AR,0.11696110948387872,0.23251191269030702,,None,23,,,500,0.0,0.0,0.0,0.0,5.0,0.5748653609149443,,
R4,Trending_MeanShift,0.9998631980554972,0.9994477857663782,0.0,None,250,,,500,,,0.0,0.0,0.8095584068491825,,250.0,
R1,Composite,0.9999213584149489,0.9990425113519495,0.9307644725084916,24,24,24.0,48.0,500,0.2742045039021052,-2.286803521905795e-05,15.227218119746766,3.225408283398404,0.5269409978043084,,,
R2,Seasonal,0.6792092595508459,0.9814210111400576,,24,24,24.0,48.0,500,0.0,0.0,19.944304168647776,4.769450839128612,0.895990015030738,,,
R3,Stationary_WN,0.1965908780930884,0.18867487371753666,,None,3,,,500,0.0,0.0,0.0,0.0,7.751316868320815,,,
R4,Trending_RandomWalkDrift,0.9933647366592574,0.5599145267593619,0.8842447809046802,None,24,,,500,,,0.0,0.0,0.5915716117907788,,,0.2726131313200142
R1,Composite,0.999350684056329,0.9925882177873033,0.8532145192243067,48,50,48.0,96.0,500,0.15122395975186909,-2.3809017167779122e-05,8.867111656644202,2.4790275734071,0.6715410521423062,,,
R2,Seasonal,0.592657859016868,0.9829889660140767,,48,50,48.0,96.0,500,0.0,0.0,21.370276748038634,4.257464632193984,0.5505361510865592,,,
R3,Stationary_WN,0.14553268201108893,0.1088735366844451,,None,2,,,500,0.0,0.0,0.0,0.0,13.23226369662749,,,
R4,Trending_RandomWalkDrift,0.9358740598975726,0.0,0.0,None,250,,,500,,,0.0,0.0,0.6921564169784097,,,-0.3963065443640381
R1,Composite,0.9998055331823197,0.9980641645783839,0.892577211190257,36,36,36.0,72.0,500,0.2764764836082315,3.545016346424924e-05,18.854764103569046,4.442100661612066,0.9160656424980107,,,
R2,Seasonal,0.6697827867813454,0.9596663349967811,,36,36,36.0,72.0,500,0.0,0.0,20.760110395283746,7.261151420983283,1.4312203856953807,,,
R3,Stationary_WN,0.21689394479855872,0.15625144056792772,,None,3,,,500,0.0,0.0,0.0,0.0,6.001116314446353,,,
R4,Trending_MeanShift,0.9997056188200487,0.9988079125364283,0.0,None,250,,,500,,,0.0,0.0,1.4847968972083296,,250.0,
R1,Composite,0.999736211207723,0.9910063691410038,0.880914008681221,12,12,12.0,24.0,500,-0.344653657302762,-4.764647492057109e-05,12.68852670934546,6.3865482261164495,1.3800068427053263,,,
R2,Seasonal,0.014713086676048426,0.9972464138371052,,12,24,12.0,24.0,500,0.0,0.0,13.68124186403457,11.870614275277616,0.7999602729687636,,,
R3,Stationary_WN,0.143323424852553,0.1873978405983764,,None,5,,,500,0.0,0.0,0.0,0.0,5.010478775548023,,,
R4,Trending_ExponentialGrowth,0.9938272549232462,0.4217740851105982,0.32430541639242194,None,24,,,500,,,0.0,0.0,1.0059251947787264,,,
R1,Composite,0.9993883775618805,0.9964404488800481,0.8489641310945012,36,36,36.0,72.0,500,0.17603685155044996,2.3765594460963148e-05,15.78626918011823,3.8424721946237974,1.1021273446695863,,,
R2,Seasonal,0.6897848605456333,0.9837991946677883,,36,36,36.0,72.0,500,0.0,0.0,23.69858022547143,5.355473812729016,0.9223203695659994,,,
R3,Stationary_WN,0.08359892798990431,0.08023935909166346,,None,3,,,500,0.0,0.0,0.0,0.0,11.573112063012315,,,
R4,Trending_ExponentialGrowth,0.982526721825819,0.43042076415856034,0.3622090628098671,None,24,,,500,,,0.0,0.0,1.3201742744279654,,,
R1,Composite,0.9998450061249745,0.9964838124796366,0.7156754696909257,24,24,24.0,48.0,500,0.347327836771838,4.2952505599474476e-05,15.753648099036141,2.209752965669889,1.0314786697330898,,,
R2,Seasonal,0.6936110259691584,0.9122534527507129,,24,24,24.0,48.0,500,0.0,0.0,18.682337190296835,10.577699633564475,1.4439534709444826,,,
R3,Stationary_AR,0.15009805653655028,0.3252468772198184,,None,42,,,500,0.0,0.0,0.0,0.0,5.0,0.6455711998444789,,
R4,Trending_ExponentialGrowth,0.9710510183842207,0.3333488590748078,0.3366432873941253,None,24,,,500,,,0.0,0.0,1.3668867132491385,,,
R1,Composite,0.9996925764868788,0.9949741048229178,0.8282791843144006,36,36,36.0,72.0,500,0.27368446544174424,2.999688311403271e-05,14.458501004557005,4.157342745555507,1.0230439491029606,,,
R2,Seasonal,0.7161177002859448,0.9797628997435747,,36,36,36.0,72.0,500,0.0,0.0,29.934764618134974,8.17363352443574,0.7187047709642056,,,
R3,Stationary_WN,0.2282318725455934,0.16529169296549961,,None,2,,,500,0.0,0.0,0.0,0.0,8.112667131322738,,,
R4,Trending_RandomWalkDrift,0.9986664227821742,0.6348638529824915,0.8816182626395824,None,24,,,500,,,0.0,0.0,1.409522264103544,,,0.15949800837006223
R1,Composite,0.9993911029382018,0.9983870898632519,0.9462163392313786,12,12,12.0,24.0,500,-0.15207925814853787,-4.603508176100146e-05,22.045793016619392,7.4966779128766605,0.969945024882034,,,
R2,Seasonal,0.6798410997423989,0.95266645236986,,12,12,12.0,24.0,500,0.0,0.0,12.18622657123561,4.633417172976592,1.2457659886529584,,,
R3,Stationary_WN,0.08460510984915048,0.1344415685462811,,None,7,,,500,0.0,0.0,0.0,0.0,10.241901348683697,,,
R4,Trending_RandomWalkDrift,0.7606093273375133,0.6440515953547512,,None,167,,,500,,,0.0,0.0,0.9241826082074929,,,0.14360595248230032
R1,Composite,0.9998124860407039,0.9971649494870263,0.9464997444432255,48,50,48.0,96.0,500,0.38174960710660355,-4.5588905794126795e-05,19.56238627717166,7.059943341897884,1.15153323609315,,,
R2,Seasonal,0.6549615721789729,0.9057404989037775,,48,50,48.0,96.0,500,0.0,0.0,11.773222908581872,6.435425842201917,0.9343533004152267,,,
R3,Stationary_AR,0.08417702603343002,0.21337818357600646,,None,42,,,500,0.0,0.0,0.0,0.0,5.0,0.6795043848231619,,
R4,Trending_RandomWalkDrift,0.9923469884964383,0.7489192050151918,0.907080754482965,None,24,,,500,,,0.0,0.0,0.810711164774328,,,0.12804050248499294
R1,Composite,0.9997744507839452,0.9847406750374036,0.8879699219682771,12,12,12.0,24.0,500,0.36623087611087357,-1.368345881468189e-05,8.729016092096034,5.93030546864614,1.1747775322359053,,,
R2,Seasonal,0.7510109751320857,0.9279412773638855,,12,12,12.0,24.0,500,0.0,0.0,14.434670059005015,8.024876444556723,0.5709929075432125,,,
R3,Stationary_AR,0.03926085953416869,0.2679061762331518,,None,62,,,500,0.0,0.0,0.0,0.0,5.0,0.45872104493767324,,
R4,Trending_ExponentialGrowth,0.9996854967496185,0.37524882287363515,0.38360901991977026,None,24,,,500,,,0.0,0.0,0.8076834106586068,,,
R1,Composite,0.9982167281670721,0.9867740109981652,0.7421947451607827,12,12,12.0,24.0,500,-0.1775018690985274,2.562403683618842e-05,12.08535420045779,4.32406713240811,1.449304671344572,,,
R2,Seasonal,0.7382468589334752,0.926958153346394,,12,12,12.0,24.0,500,0.0,0.0,10.60791751393569,5.80199421516184,0.7411420181972174,,,
R3,Stationary_WN,0.14408197891762253,0.18680737485181975,,None,3,,,500,0.0,0.0,0.0,0.0,12.147827764032582,,,
R4,Trending_ExponentialGrowth,0.9994520350646481,0.296703552776451,0.4075915919777118,None,24,,,500,,,0.0,0.0,0.8757906510407779,,,
R1,Composite,0.9998249175950383,0.9991837593501033,0.9356525201249892,36,36,36.0,72.0,500,0.16333398910319957,4.423274145458801e-05,17.47412476108488,3.5932782242299193,0.5156792458520598,,,
R2,Seasonal,0.6283667053174498,0.9832349149663943,,36,36,36.0,72.0,500,0.0,0.0,29.124681244753667,6.077138746947212,1.562652247711583,,,
R3,Stationary_AR,0.14450992853144118,0.34791135759786673,,None,38,,,500,0.0,0.0,0.0,0.0,5.0,0.6754145559797542,,
R4,Trending_MeanShift,0.9602273062760236,0.7368945944128233,0.0,None,250,,,500,,,0.0,0.0,1.4379833447701547,,250.0,
R1,Composite,0.9998306417264535,0.9980754290002631,0.9437891531945736,12,12,12.0,24.0,500,0.3142885910194198,-1.3805527831383176e-05,18.413132085746042,6.480482277106052,0.8088074892532288,,,
R2,Seasonal,0.7536913998852587,0.9692133925562854,,12,12,12.0,24.0,500,0.0,0.0,29.459596239575443,10.570955988746077,0.5220711709036392,,,
R3,Stationary_WN,0.20007653456494545,0.2463145726114786,,None,5,,,500,0.0,0.0,0.0,0.0,11.434100693459538,,,
R4,Trending_ExponentialGrowth,0.9989576690856876,0.3850576250854434,0.44695999917379703,None,24,,,500,,,0.0,0.0,0.777341672392076,,,
R1,Composite,0.9995037883892696,0.9941050363297452,0.9359294683686175,48,50,48.0,96.0,500,-0.17749184383265856,-3.2844523170326125e-05,11.64386366417138,5.694789838522171,1.0573296270872174,,,
R2,Seasonal,0.5155742448744094,0.9784389457454136,,48,50,48.0,96.0,500,0.0,0.0,22.514100877400814,4.490284020848577,1.213554330555296,,,
R3,Stationary_AR,0.054475021153528536,0.2606979867345067,,None,38,,,500,0.0,0.0,0.0,0.0,5.0,0.6504544508854573,,
R4,Trending_MeanShift,0.9999668247054431,0.9998681567999588,0.0,None,250,,,500,,,0.0,0.0,0.7105401250235197,,250.0,
R1,Composite,0.9993744795787864,0.9985669351333107,0.949086544056779,12,12,12.0,24.0,500,-0.11704446187395473,-2.694341494924234e-05,17.758936868442795,5.85426031291335,0.6821291486315132,,,
R2,Seasonal,0.02543602653798116,0.9780599492122589,,12,24,12.0,24.0,500,0.0,0.0,11.780066167201477,10.046959709910666,1.90458512119287,,,
R3,Stationary_WN,0.24653244226257964,0.1655179791642427,,None,2,,,500,0.0,0.0,0.0,0.0,7.706772965080651,,,
R4,Trending_RandomWalkDrift,0.9987972556523489,0.5739166796248172,0.8708501682048445,None,24,,,500,,,0.0,0.0,0.83907545204444,,,-0.3653748389414133
R1,Composite,0.9996788892173462,0.9977308923704704,0.9025487998254089,48,50,48.0,96.0,500,-0.23991038964713954,-3.006273383043158e-05,20.21365305771832,3.810189931479887,0.9459744689492513,,,
R2,Seasonal,0.5995906209773434,0.9725027915986948,,48,50,48.0,96.0,500,0.0,0.0,24.221208698793458,6.295846027705021,0.8887578749172707,,,
R3,Stationary_AR,0.12031358150425431,0.2887436322480582,,None,33,,,500,0.0,0.0,0.0,0.0,5.0,0.5453886571226771,,
R4,Trending_MeanShift,0.998995558305272,0.9958867975407344,0.0,None,250,,,500,,,0.0,0.0,1.0826094493080065,,250.0,
R1,Composite,0.9997007582528763,0.9975932368467378,0.9325730349871345,48,50,48.0,96.0,500,0.15059204797914824,1.2364361728326197e-05,11.724964997908945,3.4538029512968014,0.5573720876363373,,,
R2,Seasonal,0.5157118795252924,0.9626555380714035,,48,50,48.0,96.0,500,0.0,0.0,21.65666502864331,5.416927899179007,1.554375879678753,,,
R3,Stationary_WN,0.023494967784734255,0.19770204037209083,,None,29,,,500,0.0,0.0,0.0,0.0,14.0614575579532,,,
R4,Trending_RandomWalkDrift,0.3762937492210543,0.01155059155824456,0.0,None,167,,,500,,,0.0,0.0,1.3255977587467114,,,-0.48357067980040513
R1,Composite,0.998761539286425,0.9967790049812342,0.9075444326008836,48,50,48.0,96.0,500,-0.1728494583460146,-1.4267064460771814e-05,23.325113954364163,5.758473052460714,1.1709291968490232,,,
R2,Seasonal,0.028373457723668616,0.9849137885189074,,48,100,48.0,96.0,500,0.0,0.0,11.18102210370221,11.043661467190002,0.8151873560470198,,,
R3,Stationary_AR,0.20183201349498103,0.22695632719722725,,None,22,,,500,0.0,0.0,0.0,0.0,5.0,0.6682338284828462,,
R4,Trending_RandomWalkDrift,0.9960057854823309,0.0,,None,24,,,500,,,0.0,0.0,0.6519450568145836,,,-0.35674778865124557
R1,Composite,0.9997703363524437,0.998590369187209,0.9032479319452901,12,12,12.0,24.0,500,0.16692089476809968,1.6219422290388376e-05,14.408226152513251,3.2283825913940665,0.5538915546684263,,,
R2,Seasonal,0.7506434571510353,0.9760000570065189,,12,12,12.0,24.0,500,0.0,0.0,27.941937485907403,8.688564820908084,0.5722005646799772,,,
R3,Stationary_WN,0.2678201150263503,0.14116005040744073,,None,2,,,500,0.0,0.0,0.0,0.0,12.61595131726747,,,
R4,Trending_ExponentialGrowth,0.9979450505412703,0.37958250570598817,0.35889782986144214,None,24,,,500,,,0.0,0.0,1.4420587557662685,,,
