True_Regime,Pattern,F_T_STL,F_S_STL,F_T_STL_EMD,F_S_STL_EMD,F_I_STL_EMD,True_P,Est_P,rand_p1,rand_p2,length,slope,curve,amp1,amp2,noise_std,phi,break_point,drift
R1,Composite,0.9925354978063854,0.964531514637499,0.9981908153565556,0.991278778678067,0.7616993332778772,12,12,12.0,24.0,500,0.1258653709490017,4.084227787635469e-05,13.50112573393282,4.103769787628269,1.4179980414413071,,,
R2,Seasonal,0.7158005966756491,0.987284459930183,0.8945735104565723,0.998699261108103,0.8985918015303521,12,12,12.0,24.0,500,0.0,0.0,22.43438602447994,4.6228373808915535,0.86860453366975,,,
R3,Stationary_WN,0.2413097810958842,0.19742283225555368,0.41551264511150965,0.2779529045354173,0.29833422393857256,None,3,,,500,0.0,0.0,0.0,0.0,12.594962146439697,,,
R4,Trending_RandomWalkDrift,0.879060614942555,0.5989390440682235,0.9755981059380417,0.9444731109648148,0.8193517458662964,None,167,,,500,,,0.0,0.0,1.4039516630018956,,,0.20874557506881458
R1,Composite,0.9932853074561281,0.9769179948424495,0.9996074316545905,0.9986440839720732,0.9424887265944151,12,12,12.0,24.0,500,-0.222950630338592,4.987200037341335e-05,21.803271601072993,6.463595403373889,0.7964012018862975,,,
R2,Seasonal,0.7362142528145896,0.9786141388699031,0.9520521090372415,0.998943823068326,0.9514706280776137,12,12,12.0,24.0,500,0.0,0.0,17.8919296120699,5.14397413904484,0.6318905511191177,,,
R3,Stationary_WN,0.06910568952384621,0.22187734586484287,0.07989094507777506,0.32813416334785994,0.31933305988545213,None,14,,,500,0.0,0.0,0.0,0.0,13.67928042266653,,,
R4,Trending_ExponentialGrowth,0.9988464246364244,0.24843018859247556,0.9992785804812132,0.4104128221740465,0.36917420901748654,None,24,,,500,,,0.0,0.0,0.9990376679390717,,,
R1,Composite,0.9988384105864976,0.9734660150233132,0.999717533931667,0.9933421060505433,0.7570141111487653,12,12,12.0,24.0,500,-0.39864925835612486,4.974459746044974e-05,15.71932088179605,3.921038739218704,1.3405917861660614,,,
R2,Seasonal,0.7266806267170963,0.9166280496671928,0.9052182353302979,0.9913564326553707,0.9038851048895814,12,12,12.0,24.0,500,0.0,0.0,11.799417821788762,6.7557426801507745,1.1054054917727416,,,
R3,Stationary_AR,0.2929083454370299,0.338670375591687,0.5037636268227952,0.6118730644246582,0.714145257390036,None,24,,,500,0.0,0.0,0.0,0.0,5.0,0.6494017739781387,,
R4,Trending_ExponentialGrowth,0.99883364794717,0.16495630459349575,0.9992868126496594,0.3517199629896759,0.3835206258521463,None,24,,,500,,,0.0,0.0,0.6785403752710616,,,
R1,Composite,0.9889134808978953,0.8844274411592408,0.9992737000473663,0.9918189751181571,0.9362310328524247,12,12,12.0,24.0,500,-0.17342594574296216,4.3202895105146095e-05,9.206797112006644,6.394230068001104,0.9043135666702395,,,
R2,Seasonal,0.7515243538641377,0.9829353999519752,0.9739846699942679,0.999479487703963,0.9699838292138495,12,12,12.0,24.0,500,0.0,0.0,28.98016187249496,7.649479933143573,0.5532360451559638,,,
R3,Stationary_AR,0.009749089580486925,0.21620746122996148,0.08713986652031125,0.6950635862172867,0.679821161763983,None,125,,,500,0.0,0.0,0.0,0.0,5.0,0.5837709378187126,,
R4,Trending_ExponentialGrowth,0.9950770998324209,0.25614529697831556,0.9967131783193051,0.4002489748295118,0.3287096866114264,None,24,,,500,,,0.0,0.0,1.2212185460475808,,,
R1,Composite,0.9978516043496892,0.9248300291271161,0.9992071203623858,0.9710015666386396,0.6323975418675106,36,36,36.0,72.0,500,-0.2915366661882516,-2.5175604376834107e-05,10.145221600647622,2.775233126114671,1.4603001547243002,,,
R2,Seasonal,0.664156383185655,0.9584206847791251,0.8293307301572815,0.9945718318626405,0.873902493999193,36,36,36.0,72.0,500,0.0,0.0,23.529388684923084,8.348572287162003,1.8482966430829013,,,
R3,Stationary_AR,0.10254644402474378,0.29478431062661026,0.22444825862845696,0.5463264430007362,0.5937316272502963,None,36,,,500,0.0,0.0,0.0,0.0,5.0,0.44577197814724384,,
R4,Trending_RandomWalkDrift,0.9595059629899677,0.5724639948679815,0.9972980917635378,0.9614179136849647,0.9384784230952012,None,125,,,500,,,0.0,0.0,0.8582822564170424,,,-0.13420017769007653
R1,Composite,0.9766327925519194,0.962518851377606,0.9995326694919229,0.9992732890825529,0.98127354699832,12,12,12.0,24.0,500,-0.10550736349656013,-1.4219937044962281e-05,18.864770903144795,7.376915096823838,0.5233433832948132,,,
R2,Seasonal,0.7313127899837024,0.8773531715974431,0.9202927194921625,0.9887276844817156,0.9180243595798916,12,12,12.0,24.0,500,0.0,0.0,12.6448067908429,8.897583800825757,1.37190797520699,,,
R3,Stationary_AR,0.010763707908982623,0.5336175788794246,0.0,0.02895880398584849,0.0,None,167,,,500,0.0,0.0,0.0,0.0,5.0,0.49473640303267286,,
R4,Trending_MeanShift,0.9999390238297663,0.999755260231332,0.9997510239340179,0.9990125663847103,0.0,None,250,,,500,,,0.0,0.0,1.2789239332943771,,250.0,
R1,Composite,0.9981910500701933,0.9864217514459418,0.9992614025537105,0.9944508583439621,0.5941010180655109,24,24,24.0,48.0,500,0.3013383346373716,-4.9951385132686136e-05,20.3852327929081,2.4321546095070214,1.4868938228319082,,,
R2,Seasonal,0.697147225930432,0.9865336422607341,0.9370139569313226,0.999351644496866,0.952153119924511,24,24,24.0,48.0,500,0.0,0.0,25.305669115387815,5.374315845878968,0.641962713050714,,,
R3,Stationary_AR,0.0307267963984581,0.3184950852448859,0.05277406392340289,0.6521028534794371,0.6277227115804758,None,100,,,500,0.0,0.0,0.0,0.0,5.0,0.5839990226787524,,
R4,Trending_MeanShift,0.9999178454208142,0.9996706897504946,0.9998873644848417,0.9995494217038153,0.0,None,250,,,500,,,0.0,0.0,1.2646955315441204,,250.0,
R1,Composite,0.9989966932697123,0.9591921617969504,0.999912673897163,0.9962983087464908,0.9130552441412175,36,36,36.0,72.0,500,-0.36746386731494607,4.031915539121087e-05,10.912413549651209,3.8761386458706415,0.7423912703530599,,,
R2,Seasonal,0.6749742187333962,0.9006513001677107,0.8639658094509431,0.989086608131917,0.8995817711178191,36,36,36.0,72.0,500,0.0,0.0,15.678292942067987,9.048022192003113,1.8022955705593988,,,
R3,Stationary_WN,0.08610791172756072,0.1082489001352821,0.48274134799463675,0.17801010610810264,0.36887403839623323,None,3,,,500,0.0,0.0,0.0,0.0,13.250308186186787,,,
R4,Trending_ExponentialGrowth,0.9930106354337849,0.17716279119764133,0.9952053122887278,0.3683896533732448,0.31564367099582646,None,24,,,500,,,0.0,0.0,1.4501808424905107,,,
R1,Composite,0.9946537843331087,0.9350660980214994,0.9996483572840523,0.9955443504512136,0.934854139734654,24,24,24.0,48.0,500,-0.21092732610020493,-3.0411086588457383e-05,12.73035863269672,5.999805278218366,0.8953120436464844,,,
R2,Seasonal,0.6936657813203888,0.9195794681475409,0.93437723245211,0.9956283837027625,0.9489980796458699,24,24,24.0,48.0,500,0.0,0.0,19.961679628319043,10.689271805076736,1.532808964438046,,,
R3,Stationary_WN,0.1811106874445163,0.192157333225628,0.43214403985015326,0.26714291411376156,0.3004129242402108,None,3,,,500,0.0,0.0,0.0,0.0,14.766555839562066,,,
R4,Trending_RandomWalkDrift,0.9962397689381761,0.11628898659207598,0.9995633439310074,0.6509393147264084,0.882336923749425,None,24,,,500,,,0.0,0.0,1.3918548055382665,,,-0.4672913501502991
R1,Composite,0.99642947713763,0.9408216377888579,0.9992453203105313,0.9857859460542131,0.7901534440488482,48,50,48.0,96.0,500,-0.23359330360278516,-2.617423950924658e-05,11.594049031787673,3.698266453991322,1.485713122570894,,,
R2,Seasonal,0.6662300828047678,0.9387852410590046,0.985858657592171,0.9992523409763877,0.989248266761009,48,50,48.0,96.0,500,0.0,0.0,19.66584716368678,8.642284793154772,0.5282104962568044,,,
R3,Stationary_WN,0.3209221855539588,0.15906049239292552,0.5608276516468438,0.2021710094919732,0.24759374822616964,None,2,,,500,0.0,0.0,0.0,0.0,10.121254617331937,,,
R4,Trending_MeanShift,0.9998227197867984,0.9992883582925843,0.9994911838065487,0.9979807569500969,0.0,None,250,,,500,,,0.0,0.0,1.0413813708339759,,250.0,
R1,Composite,0.9897271808992816,0.9667394095255721,0.9974993939587142,0.9918189970920213,0.7608063378361267,24,24,24.0,48.0,500,0.1587284710455588,-3.883837865979163e-05,15.735822597146573,4.108307754590562,1.4913711907603053,,,
R2,Seasonal,0.7046824135089018,0.9228711090171872,0.9710525311932751,0.9981471883799578,0.9774131268999855,24,24,24.0,48.0,500,0.0,0.0,19.414112298770785,10.518593947420513,0.8301588076743547,,,
R3,Stationary_AR,0.04200251341452832,0.24717437183062096,0.1196627514361357,0.5832006171989008,0.7296493300841235,None,50,,,500,0.0,0.0,0.0,0.0,5.0,0.6377892136712229,,
R4,Trending_RandomWalkDrift,0.9817914632220816,0.6190356883124353,0.9964606099875357,0.9122540057019424,0.833044006512357,None,250,,,500,,,0.0,0.0,1.2257224565992062,,,-0.35693142055309346
R1,Composite,0.9963873560915147,0.9946057778996459,0.9991372245171214,0.9987212784986494,0.7623218559453369,36,36,36.0,72.0,500,0.16263269557147636,-3.1072478652882524e-05,24.54656588356041,2.5327400476089448,0.9263565392806092,,,
R2,Seasonal,0.6959808343357486,0.9488641274076083,0.9153848803442257,0.9963102784128984,0.931470213107958,36,36,36.0,72.0,500,0.0,0.0,24.411620929502117,10.21096689862507,1.6511292595051004,,,
R3,Stationary_WN,0.05735158739381574,0.19652037969851077,0.22155017090943774,0.31259114916547937,0.39614238044484384,None,12,,,500,0.0,0.0,0.0,0.0,5.1816227969270905,,,
R4,Trending_ExponentialGrowth,0.9988815668986103,0.22627866640003158,0.999288299420885,0.37470662944456357,0.3577821942449959,None,24,,,500,,,0.0,0.0,0.9812961588954509,,,
R1,Composite,0.997200489275605,0.9499742841051755,0.9998418889018831,0.9970594603825225,0.9438503000674232,12,12,12.0,24.0,500,-0.35169840446636436,-4.2006995457912265e-05,17.538156716954987,7.752287356656874,0.9698874007162402,,,
R2,Seasonal,0.7183280563369767,0.9356182597309128,0.8884964993932893,0.9922965946692823,0.8863059860347995,12,12,12.0,24.0,500,0.0,0.0,18.94894041923789,9.05725774348888,1.7522765592519798,,,
R3,Stationary_WN,0.09968372183966479,0.1083649099454661,0.34669637426903044,0.18148561222716197,0.3195401508209481,None,4,,,500,0.0,0.0,0.0,0.0,10.891699418380455,,,
R4,Trending_MeanShift,0.9997963740628332,0.9991868790948982,0.9968366903812365,0.9892902086344108,0.0,None,250,,,500,,,0.0,0.0,1.4047592394705004,,250.0,
R1,Composite,0.9978649455833923,0.9108494279795446,0.9998905658954689,0.9950779887792107,0.9489241809950256,24,24,24.0,48.0,500,-0.28887332450742353,3.2159438779828e-05,8.133342425971257,4.688864639340477,0.6139675471758164,,,
R2,Seasonal,0.6849256960293784,0.9522476904669578,0.8997752286938882,0.9962889705914477,0.9246070067686866,24,24,24.0,48.0,500,0.0,0.0,19.05041208019206,7.537787929128566,1.2438869638866854,,,
R3,Stationary_WN,0.11277473019861506,0.21098815349791034,0.28324101077244024,0.2965022810588266,0.33644454777535293,None,5,,,500,0.0,0.0,0.0,0.0,10.353000018687995,,,
R4,Trending_MeanShift,0.9999036345690421,0.9996157918092572,0.999694732769537,0.9988054667420702,0.0,None,250,,,500,,,0.0,0.0,0.9914714285809431,,250.0,
R1,Composite,0.9881405435076875,0.9609888740766555,0.999384448828653,0.9979746242426804,0.9493414537124627,24,24,24.0,48.0,500,-0.14837710652466804,-3.374699744768249e-05,18.16043697286249,6.655486213363885,0.8435395936992153,,,
R2,Seasonal,0.6425765583797123,0.9814261809083354,0.788270025431002,0.9972843140092053,0.8548021295824306,24,24,24.0,48.0,500,0.0,0.0,22.422978512006075,4.837283658934714,1.3102652147838203,,,
R3,Stationary_AR,0.027815305196576157,0.2871525458972217,0.06649323516657257,0.5761063802610018,0.590427928985515,None,62,,,500,0.0,0.0,0.0,0.0,5.0,0.6224570989759795,,
R4,Trending_ExponentialGrowth,0.9935064756076395,0.22456474954095895,0.9952211387882312,0.35526642100892114,0.26786102896725783,None,24,,,500,,,0.0,0.0,0.5437971438286132,,,
R1,Composite,0.9793486649571153,0.9764455712888201,0.9969610146479565,0.9966445622781774,0.8609095152443338,12,12,12.0,24.0,500,0.10320937379718692,-2.881453104099114e-05,17.349064723897655,4.64326044077539,1.1275393150191217,,,
R2,Seasonal,0.6569252215455736,0.937543635746509,0.7260174187676012,0.9832515063987062,0.7447284677921132,12,12,12.0,24.0,500,0.0,0.0,13.053773532485227,5.49185634785859,1.7145770101872628,,,
R3,Stationary_AR,0.13714535602665756,0.2806152343622498,0.11742063717477591,0.5437009249404503,0.6620093415429645,None,50,,,500,0.0,0.0,0.0,0.0,5.0,0.6942927327265942,,
R4,Trending_MeanShift,0.999980016853984,0.9999201243921668,0.9999823130953222,0.9999293533352215,0.11478669509286565,None,250,,,500,,,0.0,0.0,0.722099153011619,,250.0,
R1,Composite,0.9964628671022129,0.8955171240215597,0.9997430510492835,0.9916501159088436,0.9278894027637832,36,36,36.0,72.0,500,-0.3482251808254513,1.4512534373432056e-05,12.138807176580395,7.415411567304286,1.2612347691656987,,,
R2,Seasonal,0.6420465806043574,0.9705174219412724,0.7334727106668727,0.9939357108295068,0.7985258621527299,36,36,36.0,72.0,500,0.0,0.0,17.853682385818303,5.0834755887415035,1.3994233968535652,,,
R3,Stationary_WN,0.1712742141590965,0.12546360725612926,0.28795881600418793,0.21709153865958486,0.23573711525601804,None,5,,,500,0.0,0.0,0.0,0.0,6.77084414208867,,,
R4,Trending_ExponentialGrowth,0.9994270516743631,0.2009901053508435,0.9996564492579443,0.3424569911766634,0.3955049209007273,None,24,,,500,,,0.0,0.0,0.8368613302806243,,,
R1,Composite,0.9864827427276933,0.9319142179272254,0.9978703889349458,0.9888554136822538,0.8465643169684833,36,36,36.0,72.0,500,0.1237274989841985,1.4537255259163993e-05,11.645734410566952,5.252631560852224,1.2446214898842292,,,
R2,Seasonal,0.6834333665869055,0.965402162872183,0.9041319770872094,0.9974230046907233,0.9278007875885697,36,36,36.0,72.0,500,0.0,0.0,29.52366152399196,9.953864465327287,1.6614703019287047,,,
R3,Stationary_WN,0.127194066084111,0.13642425797556823,0.3339818207707873,0.2180973270402019,0.2921786995866469,None,4,,,500,0.0,0.0,0.0,0.0,7.461826589031548,,,
R4,Trending_RandomWalkDrift,0.9768959361779941,0.7129818808766335,0.9953065939454872,0.951431187902878,0.818949855474435,None,250,,,500,,,0.0,0.0,0.877110587964264,,,-0.23077007636810404
R1,Composite,0.9990972778686532,0.967954203299475,0.9998056429102575,0.9931311143461168,0.7855586384765788,24,24,24.0,48.0,500,0.27069698881858784,1.0907943568380656e-05,9.1330123122661,2.4127603640306177,0.8464145892510264,,,
R2,Seasonal,0.7016011819295438,0.9698816365022347,0.950441983715961,0.9988253717851158,0.9616802643584696,24,24,24.0,48.0,500,0.0,0.0,23.179391059028667,7.529459306759138,0.8803757223120637,,,
R3,Stationary_AR,0.23294420153815631,0.289517872072411,0.29536638413267546,0.4951803216896352,0.5603658132852793,None,17,,,500,0.0,0.0,0.0,0.0,5.0,0.5942742205213734,,
R4,Trending_RandomWalkDrift,0.9967521446422104,0.2777890556488518,0.999738475749533,0.8060116657028938,0.9197129558706186,None,24,,,500,,,0.0,0.0,1.2609255261572723,,,-0.2949664820750122
R1,Composite,0.995691697459899,0.9534832990824536,0.9997695187889355,0.9974247507078082,0.9471563668345626,36,36,36.0,72.0,500,0.18368400210903263,3.987223793128076e-05,12.429196141544463,5.035577405473785,0.6661194883534081,,,
R2,Seasonal,0.6904810747736815,0.9729706103246055,0.9108909484555029,0.9981099165028694,0.9318062985474742,36,36,36.0,72.0,500,0.0,0.0,18.364853202387316,5.475159514438814,0.891423574118104,,,
R3,Stationary_AR,0.09767863737802251,0.27860707222260483,0.12274318936283113,0.4405891606267962,0.4409056663895815,None,29,,,500,0.0,0.0,0.0,0.0,5.0,0.45155399515751765,,
R4,Trending_RandomWalkDrift,0.981573190292078,0.8241553047601933,0.9938130248246442,0.9372768901660669,0.6631378557760477,None,250,,,500,,,0.0,0.0,1.0730467025237633,,,-0.15691324627300973
R1,Composite,0.9959496990590598,0.9811471921023712,0.9982566188404426,0.9918177418974161,0.5686954185925697,12,12,12.0,24.0,500,-0.1387501484126505,-3.973101929595562e-05,14.870330889921895,2.284494477177582,1.31245592256667,,,
R2,Seasonal,0.6702678745437419,0.980190727240499,0.7870024647787763,0.9964039399084225,0.8194961134296734,12,12,12.0,24.0,500,0.0,0.0,25.543190118680588,6.0463081211229515,1.6836353508473847,,,
R3,Stationary_AR,0.04234092989969307,0.3005020620644988,0.10243958110260509,0.556814224204102,0.5223232429532992,None,100,,,500,0.0,0.0,0.0,0.0,5.0,0.5307726250677629,,
R4,Trending_MeanShift,0.9998145130445609,0.9992558210516238,0.9957389137146494,0.9806472042344841,0.0,None,250,,,500,,,0.0,0.0,1.1708103860819394,,250.0,
R1,Composite,0.9956934283710513,0.9883500539513995,0.9990038425291567,0.9973071752902775,0.7700863054028798,36,36,36.0,72.0,500,-0.1462662811102192,-1.933431076029875e-05,19.280407062112836,3.202582263055487,1.0978443678493066,,,
R2,Seasonal,0.700592156618113,0.9030439879862789,0.9260427584180055,0.9936127155488025,0.9397192834687581,36,36,36.0,72.0,500,0.0,0.0,19.66683969475406,11.617610273264035,1.6978196525883698,,,
R3,Stationary_AR,0.052062265744401204,0.2590624196254716,0.11273231662213246,0.46484134524892284,0.5274242495251893,None,45,,,500,0.0,0.0,0.0,0.0,5.0,0.507998987305128,,
R4,Trending_MeanShift,0.9999238951093762,0.9996961364561499,0.9999335425538756,0.9997357995457328,0.12808573157356606,None,250,,,500,,,0.0,0.0,1.4362146171949772,,250.0,
R1,Composite,0.9994721586155347,0.993019012106002,0.999826599356427,0.9977002137951965,0.6717904345581737,24,24,24.0,48.0,500,0.3840563717558343,4.4339406262634004e-05,22.584438809893552,2.5298610642085713,1.0160365737187411,,,
R2,Seasonal,0.6799939493011122,0.9861827098771239,0.8827733744663234,0.9987246374092072,0.908594674940583,24,24,24.0,48.0,500,0.0,0.0,19.83793322980393,4.14582172757794,0.7964165729294648,,,
R3,Stationary_WN,0.059195126939106224,0.15373846851193151,0.27207156070434324,0.25363186142530025,0.3027039462770722,None,5,,,500,0.0,0.0,0.0,0.0,5.36326116023901,,,
R4,Trending_RandomWalkDrift,0.9870742894238076,0.58088346501796,0.9948396117607989,0.89170472472368,0.6057094472569151,None,167,,,500,,,0.0,0.0,0.9276479103816746,,,0.19304029264007352
R1,Composite,0.9980564649868593,0.9781364235899918,0.9999347000752458,0.9992523993174555,0.9665288811623823,36,36,36.0,72.0,500,-0.37545930451072196,2.930604015922361e-05,21.785963656543544,6.044945113458622,0.6401997440014032,,,
R2,Seasonal,0.7035634595705206,0.9558042147179248,0.938839121115651,0.9977300248093177,0.9507911201217879,36,36,36.0,72.0,500,0.0,0.0,24.15066082857132,9.35480149913413,1.1405055805362976,,,
R3,Stationary_WN,0.18333734845234695,0.20726497484627482,0.3662280023771147,0.31405512703263583,0.33045628409209427,None,4,,,500,0.0,0.0,0.0,0.0,8.303619899385888,,,
R4,Trending_ExponentialGrowth,0.9994985982282961,0.3093546618776716,0.9996882007993758,0.4072402195654349,0.3737295325615092,None,24,,,500,,,0.0,0.0,0.5016133036162886,,,
R1,Composite,0.9989354493188642,0.9673010370531417,0.9997611933446684,0.9926637912058057,0.775655595969361,24,24,24.0,48.0,500,-0.28506707082855476,-2.3734895655599674e-05,10.595060705264226,2.716152967801131,0.9803173534592939,,,
R2,Seasonal,0.6817921177076032,0.9641776425259919,0.8944177493361626,0.9970789223888245,0.9200120998925801,24,24,24.0,48.0,500,0.0,0.0,21.29930354597368,7.331151789357846,1.3053711559939052,,,
R3,Stationary_WN,0.24587060105884817,0.19784829813107307,0.42064539555228186,0.2588231264157269,0.2395611205758208,None,3,,,500,0.0,0.0,0.0,0.0,6.504121336044602,,,
R4,Trending_RandomWalkDrift,0.9954613866008888,0.9462203055004972,0.5350822518067635,0.0,0.0,None,250,,,500,,,0.0,0.0,1.1500956707739052,,,-0.1834169033151564
R1,Composite,0.9963909781663755,0.940645685573753,0.9997623261970731,0.9959404728962652,0.9347287194705745,12,12,12.0,24.0,500,-0.28485497090621426,1.9659536948359767e-05,13.455404113762615,6.501526346173437,0.875100921974578,,,
R2,Seasonal,0.7465455708569058,0.9390937563924657,0.9623255867994074,0.997382637817247,0.9593188296929258,12,12,12.0,24.0,500,0.0,0.0,20.58843353330067,10.251312642304885,1.1093464765253604,,,
R3,Stationary_AR,0.05305454496093831,0.3130786986477063,0.09659083025875115,0.4817952567645316,0.5639127370770782,None,45,,,500,0.0,0.0,0.0,0.0,5.0,0.44101265944356444,,
R4,Trending_MeanShift,0.9999457293794003,0.9997830823187879,0.9998552799717939,0.9994404106650682,0.0,None,250,,,500,,,0.0,0.0,1.1152616295532627,,250.0,
R1,Composite,0.9977006338265451,0.9823379973579164,0.9997344342718429,0.997951614168234,0.8850533890913796,24,24,24.0,48.0,500,-0.3462844174899268,2.1604320269218913e-05,24.391077432161488,5.419983193485675,1.1810060456709257,,,
R2,Seasonal,0.7021266991887611,0.8887820605472261,0.9611407984428237,0.9962750772981139,0.9695055554925827,24,24,24.0,48.0,500,0.0,0.0,12.644637612591374,8.24107224446432,0.8145152937664557,,,
R3,Stationary_WN,0.23693755107283287,0.13572040297315102,0.5342150584601808,0.17965220959492612,0.2671267864086865,None,2,,,500,0.0,0.0,0.0,0.0,7.077317823025754,,,
R4,Trending_RandomWalkDrift,0.9903841219375823,0.5748259082179309,0.9995069429420376,0.9785352778100759,0.9490755579726938,None,125,,,500,,,0.0,0.0,1.3178413636837119,,,0.27452312574310916
R1,Composite,0.9992606817059286,0.9771901388682902,0.9999491554342007,0.9984096702025332,0.9314121600923204,36,36,36.0,72.0,500,0.3885493453165392,3.2456981099430995e-05,14.577312822438316,4.036945534362836,0.6300760274252597,,,
R2,Seasonal,0.7039506193071946,0.8861775822764988,0.9420169711394812,0.994158539157091,0.9542626989461601,36,36,36.0,72.0,500,0.0,0.0,12.630356280652297,8.528105969915188,1.0586357801890531,,,
R3,Stationary_AR,0.058350616000456434,0.20016414088636258,0.12997566816960338,0.5302065780023966,0.6634326674156785,None,33,,,500,0.0,0.0,0.0,0.0,5.0,0.61809067027321,,
R4,Trending_ExponentialGrowth,0.9934102831830237,0.22425578206715702,0.9951120799299744,0.3040515959381782,0.2490748239339552,None,24,,,500,,,0.0,0.0,0.634901240577504,,,
R1,Composite,0.9931714749746894,0.9331172890876402,0.9997649715056488,0.9974054104481305,0.9661126899363739,48,50,48.0,96.0,500,-0.2420763972033331,3.3655059973541306e-05,14.009528236607132,6.327952487628737,0.7068384076603854,,,
R2,Seasonal,0.004209900613276196,0.9803751033772455,0.05280909179523985,0.9942787909724015,0.7164339398629989,48,100,48.0,96.0,500,0.0,0.0,11.123250567726522,10.651403527471142,1.0662645873222514,,,
R3,Stationary_WN,0.16729675070531036,0.14512192638473487,0.4110941063694016,0.20448515782775922,0.28923942639014955,None,3,,,500,0.0,0.0,0.0,0.0,8.94949130191612,,,
R4,Trending_MeanShift,0.9999002989611296,0.9996019464969789,0.9999145762159717,0.9996585997948425,0.1428853569191083,None,250,,,500,,,0.0,0.0,0.7779667313150127,,250.0,
R1,Composite,0.9961316807591665,0.9764784121353606,0.9995355918878861,0.9971429943505608,0.8808587855530922,36,36,36.0,72.0,500,-0.22413816215400195,2.853442376489757e-05,17.220943813603803,4.631579489434577,0.9417024381858143,,,
R2,Seasonal,0.5235652571748979,0.9740980560308625,0.5162254608161689,0.992221815525947,0.7059570037401116,36,36,36.0,72.0,500,0.0,0.0,18.935173119129104,4.059247324488779,1.694516670569505,,,
R3,Stationary_WN,0.21220245432888696,0.17238575843409887,0.4674300761602517,0.24158137336324104,0.2889656957080369,None,3,,,500,0.0,0.0,0.0,0.0,8.533195703139155,,,
R4,Trending_MeanShift,0.9999090690612639,0.9996364961529274,0.9994774361811875,0.9978012109891922,0.0,None,250,,,500,,,0.0,0.0,0.9840943981846706,,250.0,
R1,Composite,0.9959700299449531,0.973141002172945,0.9995511896879286,0.996965320042984,0.8900576730687253,36,36,36.0,72.0,500,0.12934424892829685,-2.254780097713749e-05,9.248014871373464,2.6486584899080565,0.5236516693947342,,,
R2,Seasonal,0.6898494901384926,0.9659777642856774,0.8986653263465082,0.9971741242294171,0.919474533506059,36,36,36.0,72.0,500,0.0,0.0,19.480734990069102,6.504546853476928,1.161820290458467,,,
R3,Stationary_WN,0.1661792553285173,0.21976810780553302,0.3010072388483652,0.3368635831487412,0.27372087358571096,None,6,,,500,0.0,0.0,0.0,0.0,7.896891930378402,,,
R4,Trending_MeanShift,0.9999718138875895,0.9998872582628835,0.9999709483595606,0.9998837755170339,0.0,None,250,,,500,,,0.0,0.0,0.5760107427490352,,250.0,
R1,Composite,0.9762323497285667,0.9857181374547737,0.9951034697588707,0.9971755774132932,0.8035520919199183,12,12,12.0,24.0,500,-0.1027498636214719,2.4455688633647354e-05,24.50137925966203,4.700805217206089,1.4816226187146566,,,
R2,Seasonal,0.7086199555823731,0.9297828637417769,0.8556127919402128,0.9890317559509497,0.8531725641888077,12,12,12.0,24.0,500,0.0,0.0,15.074444533826153,7.510149140196091,1.6047365754983614,,,
R3,Stationary_WN,0.1382067581826233,0.18457763560285423,0.39423992840891786,0.2982874374527552,0.3681828160114977,None,4,,,500,0.0,0.0,0.0,0.0,14.795507212885395,,,
R4,Trending_RandomWalkDrift,0.993063839262486,0.6881510269463282,0.9861591529208749,0.6770352063203147,0.0,None,250,,,500,,,0.0,0.0,1.4189298342013439,,,-0.25928030805257085
R1,Composite,0.9876187271581915,0.9629716368379267,0.9992350063605462,0.997511326837679,0.9397721481386927,48,50,48.0,96.0,500,-0.2208917307243604,4.416463113892547e-05,22.84350550344689,7.171510712057078,1.163550940449828,,,
R2,Seasonal,0.5883300252714158,0.9338181078362027,0.8045603288312972,0.9903393821776506,0.8719773177240459,48,50,48.0,96.0,500,0.0,0.0,15.1848995668573,5.9829856598395805,1.5480506062046515,,,
R3,Stationary_AR,0.21941053279506229,0.3468375498665893,0.3397767655886681,0.5932918890343246,0.6579245473917934,None,28,,,500,0.0,0.0,0.0,0.0,5.0,0.6524786933158027,,
R4,Trending_RandomWalkDrift,0.9766258118368714,0.0612592547245846,0.9968886468569657,0.5958396937973658,0.8730983406782712,None,24,,,500,,,0.0,0.0,0.7397400924005988,,,0.160319402420286
R1,Composite,0.9943538520899913,0.9667939294643901,0.9998308192195136,0.9989845555910565,0.970368774559694,36,36,36.0,72.0,500,-0.2243398900003161,4.822381507816395e-05,16.829862635627343,5.8726189699804765,0.5509789322160428,,,
R2,Seasonal,0.7168010050965287,0.934067247622775,0.9808329842585655,0.9988803816486852,0.9840731506506073,36,36,36.0,72.0,500,0.0,0.0,22.49418542803245,11.328094450958979,0.8112889514212158,,,
R3,Stationary_AR,0.093949320838979,0.2510257520541834,0.12835182262749556,0.4271710729821202,0.4767157748670525,None,21,,,500,0.0,0.0,0.0,0.0,5.0,0.4322026574075681,,
R4,Trending_MeanShift,0.9999482938482741,0.9997933442787126,0.9996513040163676,0.9985728363624532,0.0,None,250,,,500,,,0.0,0.0,1.01834290070341,,250.0,
R1,Composite,0.9989761489319404,0.9927076929131465,0.9999164281612074,0.9994017835561091,0.9186101672807895,36,36,36.0,72.0,500,0.32281244575012236,1.0360528054045163e-05,24.981101647794333,3.776386053375071,0.7302547726406687,,,
R2,Seasonal,0.7102207831159828,0.9688058772956504,0.9585456147153415,0.9988886062019693,0.9654629008522487,36,36,36.0,72.0,500,0.0,0.0,22.584105255083056,7.693303382173382,0.8002992862854091,,,
R3,Stationary_AR,0.03298046952394518,0.28685230164625475,0.1547236691785291,0.534326207428961,0.5047688035864428,None,36,,,500,0.0,0.0,0.0,0.0,5.0,0.44835327328217106,,
R4,Trending_MeanShift,0.9999211570533163,0.999684986998725,0.999867750671343,0.9994725821941147,0.0,None,250,,,500,,,0.0,0.0,1.157716245406442,,250.0,
R1,Composite,0.9992400651453947,0.9924120287146863,0.9996820570038666,0.9968093529712606,0.5819562253258659,12,12,12.0,24.0,500,-0.3949552893934791,1.5309917456804893e-05,24.933156127930673,2.6450517328675565,1.3973709293788177,,,
R2,Seasonal,0.7430015939063712,0.9557988421942125,0.9640275197459898,0.9982474682765895,0.9619328120011351,12,12,12.0,24.0,500,0.0,0.0,18.104323302657036,7.605798292735793,0.7895797097100214,,,
R3,Stationary_AR,0.024078977919906652,0.3104754928884287,0.025023074340937757,0.6324501129263815,0.6058860106780276,None,100,,,500,0.0,0.0,0.0,0.0,5.0,0.4112845068047815,,
R4,Trending_ExponentialGrowth,0.9971564294526527,0.1601946648956598,0.9981898171408564,0.3163475935571638,0.35860640438034974,None,24,,,500,,,0.0,0.0,1.401582342627281,,,
R1,Composite,0.9911938642524615,0.826802030098603,0.9988372366382174,0.9737064855820796,0.8709924790831216,36,36,36.0,72.0,500,0.17670295710465347,3.469499084983493e-05,8.285216476551815,6.363444586877862,1.3881743466264669,,,
R2,Seasonal,0.6876386793899087,0.9246077543079737,0.869633131876188,0.9917782054713317,0.8984367927455432,36,36,36.0,72.0,500,0.0,0.0,22.537467259092615,11.308843216638245,1.9928379076880285,,,
R3,Stationary_AR,0.2960134570924843,0.22653401032437992,0.42613402804560985,0.3203857006355887,0.3910012143765984,None,8,,,500,0.0,0.0,0.0,0.0,5.0,0.47265790137535074,,
R4,Trending_MeanShift,0.9999848430994825,0.9999393588526182,0.9999797375626265,0.9999186262202496,0.0,None,250,,,500,,,0.0,0.0,0.5514603875865939,,250.0,
R1,Composite,0.9979015970759788,0.9743128941532629,0.9998793270660604,0.9984960055056616,0.9429064842959274,12,12,12.0,24.0,500,0.3887063748061337,-1.4222890233755101e-05,22.06909838006002,6.923822395936992,0.9104792262852166,,,
R2,Seasonal,0.7554807625250665,0.9444994318903247,0.9908738387977353,0.9994077951312821,0.9898476138495201,12,12,12.0,24.0,500,0.0,0.0,24.481064579511393,11.931568942191813,0.5969573428902442,,,
R3,Stationary_AR,0.25079925458760166,0.2119040577680481,0.40305135918073165,0.5126216689452259,0.6961059659051889,None,17,,,500,0.0,0.0,0.0,0.0,5.0,0.6089981083088072,,
R4,Trending_ExponentialGrowth,0.9957060555845025,0.18406848979014634,0.9973326851622348,0.339240715853922,0.3731678180376402,None,24,,,500,,,0.0,0.0,1.0611738894662044,,,
R1,Composite,0.9901169321116577,0.9568843844399808,0.9996725338181662,0.998555341584306,0.9678321304353348,36,36,36.0,72.0,500,0.17823982243348313,-4.825551387769957e-05,14.94617725119579,5.873897285913067,0.6819371629956273,,,
R2,Seasonal,0.6659249951789601,0.950312048226636,0.8532503518316978,0.9944824130418897,0.8933224863353431,36,36,36.0,72.0,500,0.0,0.0,23.40255862999981,9.169918437503384,1.821255114683251,,,
R3,Stationary_WN,0.1620295154567999,0.16951049653362282,0.4143276351147377,0.2365290056600894,0.32717940835001347,None,4,,,500,0.0,0.0,0.0,0.0,7.490722537669535,,,
R4,Trending_RandomWalkDrift,0.9836435505594441,0.1619346709649565,0.997579338585117,0.6330369886237267,0.8539876199148154,None,24,,,500,,,0.0,0.0,1.1006090097691987,,,0.23746352717927374
R1,Composite,0.9884524762843487,0.9500502846025102,0.9998469959163132,0.9992760019051748,0.9870986364447099,48,50,48.0,96.0,500,-0.23279770749602663,4.5736047147426944e-05,19.879427763664943,7.740187387624079,0.5023618392184138,,,
R2,Seasonal,0.6420945378689389,0.9706004272824633,0.9797754516211602,0.9995461645560093,0.9860027084903588,48,50,48.0,96.0,500,0.0,0.0,26.828767759763256,7.663853209103759,0.6230399672037803,,,
R3,Stationary_WN,0.03301734032194126,0.2839253708949414,0.035482175340832756,0.48560999133001825,0.40858492622543485,None,56,,,500,0.0,0.0,0.0,0.0,8.786673398479994,,,
R4,Trending_MeanShift,0.9999599365802738,0.9998391833263037,0.9999397207887282,0.9997576371828089,0.0,None,250,,,500,,,0.0,0.0,0.9599227132114605,,250.0,
R1,Composite,0.9981645274541289,0.9372829341306148,0.9995966128055369,0.9845745601889118,0.7808114011217464,48,50,48.0,96.0,500,-0.3102125072810764,4.927813643270254e-05,9.519180083631248,3.143433964442819,1.0496862181518392,,,
R2,Seasonal,0.6104215782988445,0.9715375971642448,0.9165083755388619,0.9983160286922625,0.9466519134032717,48,50,48.0,96.0,500,0.0,0.0,19.545788339540398,5.240168656182017,0.7746991995915244,,,
R3,Stationary_AR,0.2221783912778461,0.25427990364502584,0.3465389842255747,0.4446193225817471,0.5143212968843711,None,12,,,500,0.0,0.0,0.0,0.0,5.0,0.5169942626245136,,
R4,Trending_RandomWalkDrift,0.9980143917791259,0.16262904498289776,0.9996946632885272,0.5934846986063453,0.8449953246057134,None,24,,,500,,,0.0,0.0,1.29281237024944,,,-0.4198450438374842
R1,Composite,0.9933816162248785,0.9480001416928155,0.9994811401805811,0.9954319804131186,0.9229131932474111,48,50,48.0,96.0,500,-0.131692972623849,-4.5364069593206606e-05,10.823827705166526,3.8087611342135013,0.7417087742575686,,,
R2,Seasonal,0.5300412579616006,0.9828296572236462,0.8571509840158996,0.9987265069212585,0.9327686778498518,48,50,48.0,96.0,500,0.0,0.0,24.620517708768457,4.3766920620712755,0.8304814478543376,,,
R3,Stationary_WN,0.1875266269789927,0.11121966294645247,0.5182783876323958,0.14374381100400613,0.2303560379395826,None,2,,,500,0.0,0.0,0.0,0.0,11.057372854917599,,,
R4,Trending_ExponentialGrowth,0.9939960902360093,0.23057922197365843,0.9957233060496348,0.34386770697893265,0.28478516743432025,None,24,,,500,,,0.0,0.0,1.2119785785024373,,,
R1,Composite,0.9966870536268111,0.9888597650140578,0.9992762880167178,0.9975727038383649,0.7831600979956431,24,24,24.0,48.0,500,0.18499822168437985,2.8025846871857102e-05,22.150548981670333,3.619172277079605,1.0573621190122062,,,
R2,Seasonal,0.6949757953733704,0.934220474961134,0.9345666589589122,0.9965911138464687,0.9504326394579127,24,24,24.0,48.0,500,0.0,0.0,23.85731406806004,11.582366298233946,1.468582064043567,,,
R3,Stationary_WN,0.33336796410765357,0.17463186382199058,0.5447717917821252,0.21205629883226207,0.20112830481334054,None,2,,,500,0.0,0.0,0.0,0.0,10.289532152721488,,,
R4,Trending_ExponentialGrowth,0.9880653224948871,0.21393778680423348,0.9916477354669488,0.32368863582447827,0.2956439995390773,None,24,,,500,,,0.0,0.0,1.0137939462906014,,,
R1,Composite,0.9916596789449225,0.9214197071797245,0.9992619118511685,0.9927940364108422,0.913275906418709,12,12,12.0,24.0,500,-0.1783564469484777,1.1618349399702446e-05,10.995702465847668,6.072809698486915,1.0353296780511207,,,
R2,Seasonal,0.737078917570937,0.9628476482855589,0.9456012183545918,0.9978344633180282,0.9435073473025639,12,12,12.0,24.0,500,0.0,0.0,16.67175662901021,6.2321644621388295,0.8500140069816022,,,
R3,Stationary_AR,0.09300295266481118,0.2959397175788331,0.08504756702047778,0.49380625271686096,0.5385774008028734,None,33,,,500,0.0,0.0,0.0,0.0,5.0,0.49280021497488324,,
R4,Trending_ExponentialGrowth,0.9982925244554758,0.2451694972616767,0.9989614296454788,0.368389452636974,0.3870588066166024,None,24,,,500,,,0.0,0.0,0.8089725023173104,,,
R1,Composite,0.9964543960824849,0.9665248654261013,0.9997504999448994,0.9975838432855082,0.9303977378977086,36,36,36.0,72.0,500,0.3094870325013364,4.451708862320775e-05,21.651113268672656,7.246439755172169,1.1557872498770128,,,
R2,Seasonal,0.606374162507942,0.9057291797613216,0.6804530248157449,0.9790282150410432,0.7918807284422866,36,36,36.0,72.0,500,0.0,0.0,13.342763205639827,6.285592799427877,1.9643581306074758,,,
R3,Stationary_WN,0.15166647400370137,0.14504488561059403,0.4218214411829101,0.2529038888191182,0.3276802861475443,None,4,,,500,0.0,0.0,0.0,0.0,11.74438016847961,,,
R4,Trending_ExponentialGrowth,0.9990260804511176,0.30678393556053374,0.999422534773293,0.467027715679841,0.4007706931144087,None,24,,,500,,,0.0,0.0,1.4123112613543123,,,
R1,Composite,0.9975671999958723,0.9512437115637553,0.9995981555617144,0.9915875288687471,0.8353863106245212,36,36,36.0,72.0,500,-0.25212367807953706,-3.781153018327883e-05,12.071019930260334,4.46362230938395,1.20259265193266,,,
R2,Seasonal,0.6682074851636334,0.9760874038562264,0.8549663174257744,0.997467940496265,0.8968940650499623,36,36,36.0,72.0,500,0.0,0.0,19.962095852886634,5.311613951208395,0.9896033144519509,,,
R3,Stationary_WN,0.1577529951740937,0.18115214736253027,0.31187985310373456,0.2840262185681205,0.3439016884174878,None,4,,,500,0.0,0.0,0.0,0.0,6.336542411225324,,,
R4,Trending_ExponentialGrowth,0.9984028055937244,0.2203374347949818,0.9991219652575796,0.40263720014875437,0.44666814170380376,None,24,,,500,,,0.0,0.0,1.365310633461517,,,
R1,Composite,0.9832587080380593,0.8727694436003172,0.9965897125675813,0.9719586666358783,0.803408908476051,12,12,12.0,24.0,500,-0.13085482570817428,3.0407771096739942e-05,8.190234277562269,5.315839142722705,1.4103063989338924,,,
R2,Seasonal,0.7300546896825031,0.9445160930110663,0.916981769639789,0.995073523477389,0.9152970357147677,12,12,12.0,24.0,500,0.0,0.0,16.90334428043985,7.671663205151557,1.2287790287081777,,,
R3,Stationary_WN,0.10685388954435338,0.1774950496380049,0.44600843983063243,0.2618261048615821,0.33239058799448185,None,3,,,500,0.0,0.0,0.0,0.0,14.371546765022597,,,
R4,Trending_ExponentialGrowth,0.9994257396924054,0.24782522212107938,0.9996349470152898,0.3691954560226731,0.3612966903889465,None,24,,,500,,,0.0,0.0,0.8074626174521895,,,
R1,Composite,0.9976588374350971,0.9819483666145178,0.9994018754522634,0.9953421594449027,0.7455579449551064,12,12,12.0,24.0,500,-0.28029864365224677,-1.854642808766528e-05,21.18895866770799,4.5172086820099695,1.3907205060800263,,,
R2,Seasonal,0.5968790219986695,0.9731743163790271,0.6202964623194623,0.9919802024269745,0.7058467871684476,12,12,12.0,24.0,500,0.0,0.0,21.03360528800853,4.795902459961239,1.9995682466887335,,,
R3,Stationary_AR,0.12656340410266542,0.2734604609423238,0.25018618825210304,0.5468134220493648,0.5872777679483665,None,21,,,500,0.0,0.0,0.0,0.0,5.0,0.45403636527240787,,
R4,Trending_MeanShift,0.9997572092140559,0.9990319876126935,0.9998016676966507,0.9992051063958384,0.18135914374814732,None,250,,,500,,,0.0,0.0,1.2667193970698727,,250.0,
R1,Composite,0.9872204380757356,0.9642292809358245,0.9996343047956614,0.9988999148694,0.9721361062886487,48,50,48.0,96.0,500,0.17388731208891478,-1.1460728398162667e-05,20.872578039365123,6.6148783828485165,0.8179727052494439,,,
R2,Seasonal,0.6746625349034864,0.9150116062801369,0.9845523522067172,0.9987728504401315,0.987574927897369,48,50,48.0,96.0,500,0.0,0.0,18.474719449983567,9.811374477932372,0.6413506403397923,,,
R3,Stationary_AR,0.2854926595246484,0.41257184317332907,0.48106609015124235,0.6296967649303151,0.6099817566048573,None,50,,,500,0.0,0.0,0.0,0.0,5.0,0.6877319953264494,,
R4,Trending_RandomWalkDrift,0.9426710267894833,0.12245216950257887,0.9925064555104212,0.5823838591422923,0.8875204478849966,None,24,,,500,,,0.0,0.0,0.5503314775024787,,,0.13130768298040496
R1,Composite,0.9988148856962625,0.9889656204037097,0.9994421573308376,0.9948473863949304,0.5281916435308824,12,12,12.0,24.0,500,-0.32800580609151514,3.216742874112197e-05,20.77243044585162,2.084377088868086,1.4336958591365883,,,
R2,Seasonal,0.6776783161220694,0.9219246150755669,0.7856692626480007,0.9835270265759083,0.7997195140061825,12,12,12.0,24.0,500,0.0,0.0,11.572744106164954,5.536877793752376,1.7231124533548927,,,
R3,Stationary_AR,0.04082953350783303,0.23708674708905053,0.14102274399090775,0.5528774486620567,0.6432423602179569,None,50,,,500,0.0,0.0,0.0,0.0,5.0,0.4771733262570022,,
R4,Trending_ExponentialGrowth,0.99465837826788,0.22261792952114934,0.9966432594272195,0.39063837692086234,0.36315225653063077,None,24,,,500,,,0.0,0.0,1.034487878084732,,,
R1,Composite,0.9923540830360245,0.8588811541477313,0.9993704938297233,0.9868564116425798,0.9190723121168998,36,36,36.0,72.0,500,-0.21109651388916628,1.7986546526321964e-05,9.104016805663196,6.489425755327996,1.1970542897978824,,,
R2,Seasonal,0.719783844672576,0.9359480483820782,0.9828065734182363,0.999020119781492,0.9856386139171629,36,36,36.0,72.0,500,0.0,0.0,22.09011552221532,11.10270671306803,0.6660646593049249,,,
R3,Stationary_WN,0.25332507945102933,0.10111832280345412,0.5238317973485218,0.1404750839015393,0.29106734089814856,None,2,,,500,0.0,0.0,0.0,0.0,13.975596103943465,,,
R4,Trending_MeanShift,0.9999765687767651,0.9999066737964789,0.9998701660524887,0.999485612086827,0.0,None,250,,,500,,,0.0,0.0,0.7562441333390211,,250.0,
R1,Composite,0.989113589116012,0.8787680793828594,0.9986936377242392,0.9845103521092576,0.8830670067148151,24,24,24.0,48.0,500,0.15145163995696914,2.288813576026757e-05,9.37108250020448,5.809506444583903,1.225826605871076,,,
R2,Seasonal,0.6634266515248262,0.9556618817825965,0.8434925329738401,0.9949178605122432,0.8888290059889449,24,24,24.0,48.0,500,0.0,0.0,19.029864359711063,6.801752411432864,1.6045957124255128,,,
R3,Stationary_AR,0.0,0.2820898953703104,0.028330181583325564,0.6429794881362124,0.6834865627812106,None,100,,,500,0.0,0.0,0.0,0.0,5.0,0.5832636784906226,,
R4,Trending_RandomWalkDrift,0.9962467007521512,0.0,0.9995907436261664,0.7323862745777614,0.891721825501375,None,24,,,500,,,0.0,0.0,0.6121716170806318,,,-0.40969437021258237
R1,Composite,0.9992412544167986,0.9954340814636917,0.9998469568637776,0.9990765327225911,0.7984976591164923,36,36,36.0,72.0,500,0.27395528114556655,3.451760096447369e-05,24.21762582607051,2.5411567910177335,0.8173785996004949,,,
R2,Seasonal,0.5044014157108881,0.9553716519187525,0.438461619290464,0.9854007436545158,0.6814008101686496,36,36,36.0,72.0,500,0.0,0.0,16.425286228443362,4.531698284836679,1.7168127666251236,,,
R3,Stationary_WN,0.29389295258751813,0.12276538266232373,0.5254793876892755,0.16303855783146748,0.25950083939507307,None,2,,,500,0.0,0.0,0.0,0.0,8.333756471238345,,,
R4,Trending_MeanShift,0.9999343212111323,0.9997371486357322,0.9981970564021546,0.9925174852230012,0.0,None,250,,,500,,,0.0,0.0,1.4826309951354788,,250.0,
R1,Composite,0.9963067807557163,0.9488095669619958,0.9997222369785017,0.9960103693912461,0.9256967109620058,36,36,36.0,72.0,500,0.1935987387014756,-2.5443174785593937e-05,9.74197883448889,3.998428364403127,0.6726623170095892,,,
R2,Seasonal,0.6159145216936212,0.9751738517640934,0.7248831374550351,0.9951796416900166,0.8079392519664339,36,36,36.0,72.0,500,0.0,0.0,23.076718336434066,5.774216045667992,1.7673118735000164,,,
R3,Stationary_AR,0.15936274323714006,0.2596561094908887,0.26230541452540723,0.5136659726086389,0.6346886282248977,None,23,,,500,0.0,0.0,0.0,0.0,5.0,0.5545469590297876,,
R4,Trending_RandomWalkDrift,0.9584775714701749,0.992995389947806,0.19657416466193378,0.48901011217227663,0.0,None,250,,,500,,,0.0,0.0,0.6859757015805035,,,-0.1281272785556208
R1,Composite,0.9944019504488794,0.9662894716404404,0.9988963683886675,0.9926060701239303,0.8045841039265993,48,50,48.0,96.0,500,-0.2396415122990354,3.4137235443450606e-05,17.94149095365372,4.342265741212738,1.3015376637340426,,,
R2,Seasonal,0.6390226845758308,0.9697835597249701,0.9451815519195504,0.9987134351259704,0.9613381514513109,48,50,48.0,96.0,500,0.0,0.0,17.330970638242874,5.018775066373804,0.6199633000588776,,,
R3,Stationary_WN,0.1375645004396573,0.2731890986740838,0.22105446545371665,0.37663728166605426,0.3321229028874395,None,11,,,500,0.0,0.0,0.0,0.0,12.889332888006598,,,
R4,Trending_RandomWalkDrift,0.9927571124487882,0.0923895525979912,0.9988776392193431,0.47819663903520204,0.8458068765305681,None,24,,,500,,,0.0,0.0,1.1145805210827007,,,0.20884718018815784
R1,Composite,0.9987255567628551,0.9573125304899597,0.9997601730934172,0.991804219497406,0.8119676773758819,24,24,24.0,48.0,500,-0.3720048607768197,1.2340859538744417e-05,12.564458912526831,4.1798513274342195,1.1371232223282404,,,
R2,Seasonal,0.6871566044122803,0.9558373850685703,0.9117763281326343,0.9969505176255782,0.9329034275922728,24,24,24.0,48.0,500,0.0,0.0,28.458086542264635,10.98001763718787,1.6752075216370987,,,
R3,Stationary_WN,0.0309100536095277,0.23231021020131837,0.13667133214757243,0.30184172600764136,0.2272869496652582,None,11,,,500,0.0,0.0,0.0,0.0,8.2898851827827,,,
R4,Trending_MeanShift,0.9999908547490323,0.9999634480824868,0.9997153258974244,0.9987988028134925,0.0,None,250,,,500,,,0.0,0.0,0.7482677493251908,,250.0,
R1,Composite,0.984640470792398,0.9437483891377407,0.9988042699147165,0.995541659078205,0.924778638432281,36,36,36.0,72.0,500,-0.1552258709877462,-3.1912542408876076e-05,18.37539390166702,7.859144543902676,1.2876514141101292,,,
R2,Seasonal,0.7065546833940752,0.8991468338863448,0.9474302106891471,0.9952438382728854,0.9573426562191278,36,36,36.0,72.0,500,0.0,0.0,19.53269290469946,11.932231648123853,1.4616487327845196,,,
R3,Stationary_WN,0.10114979355476494,0.12327074004369265,0.3428521638252774,0.19659252138823757,0.27174733245285987,None,4,,,500,0.0,0.0,0.0,0.0,9.382094585114356,,,
R4,Trending_RandomWalkDrift,0.9940778389802535,0.9745546565809889,0.9892796558057102,0.9563847877871866,0.0,None,250,,,500,,,0.0,0.0,1.03094887825037,,,0.18426292994208673
R1,Composite,0.9929484305474269,0.9531568243339431,0.9990297977677516,0.9933371325313393,0.8641464062295936,36,36,36.0,72.0,500,-0.15268484560139767,-2.0723674769400546e-05,12.798180209098081,4.549060688705687,1.159853130120617,,,
R2,Seasonal,0.5689977442466289,0.9875292197763669,0.5608075943055966,0.9964752516750852,0.7191176311558399,36,36,36.0,72.0,500,0.0,0.0,25.359628925225906,4.0212848781012935,1.4667830065282992,,,
R3,Stationary_AR,0.06642506264299053,0.20119837911278282,0.13756181599721007,0.45179551623662795,0.5926776780130936,None,50,,,500,0.0,0.0,0.0,0.0,5.0,0.5334832962715973,,
R4,Trending_RandomWalkDrift,0.9962457179522771,0.1292181888578181,0.9996126586814952,0.7959310471556077,0.9001997687343415,None,24,,,500,,,0.0,0.0,1.370252540947388,,,-0.39556620062001757
R1,Composite,0.990472891325671,0.9531637507501998,0.9980455672527208,0.9902510438625189,0.798295143385755,12,12,12.0,24.0,500,-0.17527360899332423,4.723536056324136e-05,13.879247482131898,5.2007505914689665,1.3572736029788621,,,
R2,Seasonal,0.7509586658400143,0.9271419690436216,0.9808769214055479,0.9983784421771255,0.9792206258280958,12,12,12.0,24.0,500,0.0,0.0,13.614404123033363,7.591430309908058,0.577831106271744,,,
R3,Stationary_AR,0.12687818166315012,0.27638888978933884,0.29038407264381805,0.5909903202445526,0.660852672929382,None,29,,,500,0.0,0.0,0.0,0.0,5.0,0.6263230339405506,,
R4,Trending_ExponentialGrowth,0.9995841746951245,0.18078755353227738,0.9998136010723051,0.48674851112984985,0.5462689925050194,None,24,,,500,,,0.0,0.0,0.6676541540312435,,,
R1,Composite,0.9975152182091407,0.9900448782126917,0.9997021532593006,0.9988085990758362,0.8810918713662235,36,36,36.0,72.0,500,0.1649904968511619,-4.914453301294686e-05,14.258863511823431,2.355260892697565,0.5327874172059751,,,
R2,Seasonal,0.6938986535275345,0.9859405066243196,0.9153797110924407,0.9990697110369594,0.9345787017032505,36,36,36.0,72.0,500,0.0,0.0,28.324389534764595,6.105682746114959,0.9625993348135482,,,
R3,Stationary_AR,0.11320733990414567,0.22724393665911458,0.19972571621146606,0.4452184952478271,0.5294763193552099,None,26,,,500,0.0,0.0,0.0,0.0,5.0,0.5079694670217298,,
R4,Trending_MeanShift,0.9998639345873254,0.999453297738784,0.9912838410709862,0.9582737170003002,0.0,None,250,,,500,,,0.0,0.0,0.6914877142921637,,250.0,
R1,Composite,0.9853118973674971,0.9766433945591589,0.9995013994945243,0.9992329485754907,0.967573363600271,24,24,24.0,48.0,500,0.12385856079575899,3.169737637642126e-05,22.864111349664956,6.5522129191502305,0.6800374059472325,,,
R2,Seasonal,0.6498397429575129,0.9581750409155377,0.8272801808645487,0.9949446104277955,0.8817958088057708,24,24,24.0,48.0,500,0.0,0.0,18.217600132728997,6.383978395330575,1.5295794883371958,,,
R3,Stationary_AR,0.17853978153862116,0.24556188910741195,0.2331668668021839,0.3857073294078798,0.47936949113840854,None,17,,,500,0.0,0.0,0.0,0.0,5.0,0.4529957023096421,,
R4,Trending_MeanShift,0.9999500564684757,0.9998015145109845,0.9997042174062046,0.9987999972718788,0.0,None,250,,,500,,,0.0,0.0,0.8983473703563006,,250.0,
R1,Composite,0.9961966065944353,0.8837810447755337,0.9995231009575085,0.9827900167181824,0.8753606038121889,48,50,48.0,96.0,500,0.32669481213489426,1.9001747232216834e-05,11.736785262639085,6.695612802695092,1.4371907000735047,,,
R2,Seasonal,0.633239215773083,0.93303960651868,0.8820157301427658,0.9937673814698316,0.9180187673299994,48,50,48.0,96.0,500,0.0,0.0,24.46332015896938,10.724307200835959,1.9575575712574778,,,
R3,Stationary_AR,0.02771421677763264,0.27833233425830384,0.11681450956959094,0.6544052973818099,0.7273118690850888,None,71,,,500,0.0,0.0,0.0,0.0,5.0,0.6758278288611075,,
R4,Trending_RandomWalkDrift,0.9987682674627107,0.0841232999395547,0.9998216535154404,0.6956862690969516,0.8570390594732424,None,24,,,500,,,0.0,0.0,1.3995294349746394,,,0.24140579835087628
R1,Composite,0.9989184930859548,0.9828537957117918,0.9995816209625635,0.9933614143371332,0.6124863969127667,24,24,24.0,48.0,500,0.3239674347704333,4.857048322251507e-05,17.756536006142298,2.4409695461931524,1.2698352972678095,,,
R2,Seasonal,0.6797722536821424,0.9713226720924575,0.9013364884548933,0.997865069921378,0.9268848469724925,24,24,24.0,48.0,500,0.0,0.0,26.22091893221922,7.848132280789709,1.3602726805770762,,,
R3,Stationary_WN,0.16027941785432165,0.049567749911375025,0.49267745146919695,0.06838151100145906,0.29636495901436466,None,2,,,500,0.0,0.0,0.0,0.0,5.045621330581536,,,
R4,Trending_MeanShift,0.9999614774465931,0.9998455769455027,0.9999771046164688,0.9999085649659575,0.4063242534660234,None,250,,,500,,,0.0,0.0,1.0019009664182854,,250.0,
R1,Composite,0.9931142761806898,0.9765557369839046,0.99946638384721,0.9982043367857594,0.9243387661935478,24,24,24.0,48.0,500,0.1731968191611296,-3.2066937992588645e-05,17.289113071245726,4.678182726204572,0.8308201682743431,,,
R2,Seasonal,0.708283746347294,0.9649012124356301,0.9862385101502187,0.9996184892048923,0.9893977049080654,24,24,24.0,48.0,500,0.0,0.0,27.65881402829838,9.874267641727407,0.5029000257507599,,,
R3,Stationary_AR,0.20585692670332312,0.28642471301141015,0.3515815289707671,0.45695133638503527,0.5110169611734019,None,19,,,500,0.0,0.0,0.0,0.0,5.0,0.48606417618473113,,
R4,Trending_MeanShift,0.9998130357717636,0.999255932908518,0.999831760085889,0.9993231946092177,0.09991040924506778,None,250,,,500,,,0.0,0.0,1.3094215645832907,,250.0,
R1,Composite,0.9918733479274188,0.9316555517953102,0.9992504259045186,0.9934305014957352,0.909549763872548,12,12,12.0,24.0,500,-0.19727427564405203,3.250784995587704e-05,12.453542674142554,6.339170341893145,1.0788277063587421,,,
R2,Seasonal,0.7197217187744458,0.9588727791579238,0.8778206214010804,0.9948746227812233,0.8792585507900215,12,12,12.0,24.0,500,0.0,0.0,25.649203258892683,9.69550923291521,1.991156048004131,,,
R3,Stationary_AR,0.1592241528424898,0.20544582634143616,0.2757325343274035,0.4614363320127415,0.5959478927574924,None,14,,,500,0.0,0.0,0.0,0.0,5.0,0.625915180514972,,
R4,Trending_MeanShift,0.9998959491494532,0.9995893232742393,0.9998643194376103,0.9994620853620705,0.0,None,250,,,500,,,0.0,0.0,1.2666478247774977,,250.0,
R1,Composite,0.9914643395942525,0.9634706987176204,0.998968885511562,0.9949709024637229,0.8804354753219396,48,50,48.0,96.0,500,0.2410378475689667,-1.7360936027098204e-05,22.745687891051425,5.5240184578401355,1.1541589111797284,,,
R2,Seasonal,0.5886190863239319,0.9729377117433787,0.908466353845558,0.9983725838493834,0.9454817185635583,48,50,48.0,96.0,500,0.0,0.0,26.86006339004981,6.8188023203670785,1.108877999327752,,,
R3,Stationary_WN,0.058921059449458024,0.2098676401438695,0.18749642912158104,0.3470549563749513,0.3662585426968825,None,11,,,500,0.0,0.0,0.0,0.0,13.105519421770996,,,
R4,Trending_MeanShift,0.9999590502431557,0.9998362703504998,0.9999273601755639,0.9997059797499935,0.0,None,250,,,500,,,0.0,0.0,0.840969991565371,,250.0,
R1,Composite,0.996939072536954,0.985484343029542,0.9998499745691268,0.9992833441198862,0.9513198259686327,36,36,36.0,72.0,500,-0.2291110493760032,-3.0212531472776258e-05,22.810582208677907,5.159594025521155,0.7319562059336693,,,
R2,Seasonal,0.7132998377947043,0.9471175722479859,0.9634254654824241,0.9982812440912531,0.9691651191760265,36,36,36.0,72.0,500,0.0,0.0,15.378583012093332,6.856786510353611,0.6597536963125439,,,
R3,Stationary_WN,0.15938106088969495,0.07322100624392691,0.48577479241631194,0.09655702914024344,0.25135447098805686,None,2,,,500,0.0,0.0,0.0,0.0,6.3312857349004155,,,
R4,Trending_ExponentialGrowth,0.9930992321376362,0.25470166718946685,0.9956346122501185,0.36341270238388657,0.36822531872113407,None,24,,,500,,,0.0,0.0,1.45931603813847,,,
R1,Composite,0.998372070885014,0.9780296170670996,0.9997834791762982,0.9970360129141462,0.8676181524433664,36,36,36.0,72.0,500,0.39902876507997165,3.410579117968796e-05,22.801044766327806,5.656046348014968,1.3110224836280258,,,
R2,Seasonal,0.7136107628619723,0.9580766770332025,0.9743767890575316,0.9990833459016624,0.9790566662544306,36,36,36.0,72.0,500,0.0,0.0,25.0338576423192,9.872872863639486,0.796657459455867,,,
R3,Stationary_AR,0.1116242295552714,0.3088751667311671,0.20893821545330504,0.5282498560381977,0.5760308886449044,None,22,,,500,0.0,0.0,0.0,0.0,5.0,0.5119699405767207,,
R4,Trending_RandomWalkDrift,0.9972859253986798,0.176949526188394,0.9996199716034343,0.6187522753544563,0.8616317211758904,None,24,,,500,,,0.0,0.0,0.6168425717411082,,,0.2634032832121781
R1,Composite,0.9813200897831251,0.9677073344190488,0.9953065743158696,0.990934748029703,0.7524603227041946,48,50,48.0,96.0,500,0.13305405878960597,-3.826727618859117e-05,17.88160293015707,3.092665988987279,1.2979047627132254,,,
R2,Seasonal,0.5394791169341597,0.9745578371317936,0.787667840660351,0.9967124893898827,0.882083328643131,48,50,48.0,96.0,500,0.0,0.0,28.26853278223772,6.288250555442333,1.6364172634766128,,,
R3,Stationary_AR,0.21259219452382128,0.23711919553243177,0.29839595712998757,0.37277213450369995,0.5052664202633066,None,12,,,500,0.0,0.0,0.0,0.0,5.0,0.43363940963387293,,
R4,Trending_MeanShift,0.9999864741154376,0.9999459759696768,0.9999624190431843,0.9998501109086683,0.0,None,250,,,500,,,0.0,0.0,0.5708574294254926,,250.0,
R1,Composite,0.9972126162372813,0.9705783953834041,0.9997978303526783,0.9978327864609415,0.9281880012307323,12,12,12.0,24.0,500,0.3818619897967489,-3.868254450230647e-05,22.589527641781416,7.461676337904647,1.0793281136022137,,,
R2,Seasonal,0.6969048532930766,0.947047410990798,0.833672645105806,0.991350681253361,0.841754634229669,12,12,12.0,24.0,500,0.0,0.0,14.243262028972294,5.978991100218363,1.3805517337961637,,,
R3,Stationary_WN,0.06960877169177204,0.2120307258268812,0.13928535224545002,0.2875365782224356,0.2534971146348264,None,17,,,500,0.0,0.0,0.0,0.0,14.047619727505221,,,
R4,Trending_ExponentialGrowth,0.9989738383686452,0.31002831752862237,0.9993755382327761,0.4760451690707732,0.38772767735155367,None,24,,,500,,,0.0,0.0,1.3773540633271568,,,
R1,Composite,0.998354199036559,0.9306537840290862,0.999499686200522,0.9784871127827434,0.6951932630354382,12,12,12.0,24.0,500,0.2832900909094357,-1.0716486263164426e-05,8.51290223222357,2.860692274465965,1.3170219836126786,,,
R2,Seasonal,0.7459182888475373,0.9121555415048354,0.9666093702930972,0.9965746719845372,0.9641439429647465,12,12,12.0,24.0,500,0.0,0.0,11.779729011621862,7.221021816079459,0.709885929176002,,,
R3,Stationary_AR,0.3626910483611584,0.3256966887885906,0.5830174214455551,0.6055972775877244,0.7021825569818377,None,16,,,500,0.0,0.0,0.0,0.0,5.0,0.6926119047649242,,
R4,Trending_RandomWalkDrift,0.9875518597688461,0.5365050104423639,0.9994293133250151,0.9766083764048565,0.9554908922482277,None,125,,,500,,,0.0,0.0,1.2281573600174536,,,-0.3264801852954632
R1,Composite,0.994885161563466,0.9555330794989028,0.999121911885791,0.9911031312600377,0.8283610995181727,48,50,48.0,96.0,500,0.23779255606517213,1.540469134158377e-05,16.71678320985272,4.288039422888663,1.4647525877031133,,,
R2,Seasonal,0.6297008633216677,0.9750540922811348,0.98253842322296,0.9996850731910463,0.9885209536975842,48,50,48.0,96.0,500,0.0,0.0,29.189703293318498,7.557958437394293,0.5039777406584747,,,
R3,Stationary_WN,0.35581164905974183,0.19690513932421194,0.5585800697457952,0.2512653790685484,0.25555327989867316,None,2,,,500,0.0,0.0,0.0,0.0,7.77625938079407,,,
R4,Trending_RandomWalkDrift,0.9989126866142269,0.9494543497096258,0.9955050249370381,0.836181671146359,0.0,None,250,,,500,,,0.0,0.0,0.981931957532072,,,0.3803469007187745
R1,Composite,0.990221563349476,0.9842688953315833,0.9983161159593604,0.9973098653963232,0.83083652879622,36,36,36.0,72.0,500,-0.12815889114672327,-1.8426647530083172e-05,22.24524259854504,4.487308627937888,1.1798413791642681,,,
R2,Seasonal,0.7139112543550852,0.9776616126283542,0.9661168857239367,0.9993485972246541,0.9715156471804709,36,36,36.0,72.0,500,0.0,0.0,29.50032286998683,8.384180226487077,0.7983986377946137,,,
R3,Stationary_WN,0.018341490315455844,0.07537415338128184,0.36022305897398843,0.15616012130295298,0.3673496894827101,None,3,,,500,0.0,0.0,0.0,0.0,5.630704300151703,,,
R4,Trending_RandomWalkDrift,0.9985795363408617,0.14495156956157285,0.9998183373437557,0.6576707864447864,0.8718888332918368,None,24,,,500,,,0.0,0.0,1.4228927653585624,,,0.4782496666452374
R1,Composite,0.9994520435702499,0.990319658576242,0.9999154028332211,0.9985010274459376,0.8460208073047328,24,24,24.0,48.0,500,0.349342001637316,3.409123720084451e-05,17.652977142409846,2.796925581577418,0.7273406963548816,,,
R2,Seasonal,0.7007033571236664,0.951112999350459,0.9511875784371657,0.9980712545436936,0.9620431868374426,24,24,24.0,48.0,500,0.0,0.0,26.823987735073846,11.246346114449045,1.357947483565557,,,
R3,Stationary_WN,0.30826824825158594,0.2375926429074966,0.5524599363213014,0.282130738348522,0.19283886406852968,None,2,,,500,0.0,0.0,0.0,0.0,14.36634450502778,,,
R4,Trending_RandomWalkDrift,0.945527473486798,0.9575358476079578,0.8161058719022937,0.8702815064047391,0.0,None,250,,,500,,,0.0,0.0,0.927331423278857,,,0.14439833165991672
R1,Composite,0.9854488880689918,0.934879894174993,0.9988575907028746,0.9944086192571903,0.9240477086288401,48,50,48.0,96.0,500,-0.13626483662217642,3.4517136589586845e-05,11.08930631575441,4.718094710715901,0.8292247243556229,,,
R2,Seasonal,0.6040696321548359,0.9804433898317695,0.9626174628710216,0.999536169543249,0.9783193377772136,48,50,48.0,96.0,500,0.0,0.0,21.896129729628058,4.788874266088413,0.5062938947019127,,,
R3,Stationary_AR,0.04700057678711289,0.2420284326953579,0.05192924510843677,0.516017194974554,0.5858235873004797,None,50,,,500,0.0,0.0,0.0,0.0,5.0,0.5200926049173663,,
R4,Trending_ExponentialGrowth,0.990313168786808,0.28889961279704657,0.9933689467599967,0.4155480894507768,0.30209228334208604,None,24,,,500,,,0.0,0.0,0.6863096927894131,,,
R1,Composite,0.9987451543411933,0.9708306014584562,0.9996014041833868,0.9896148511631937,0.6826314409731435,48,50,48.0,96.0,500,0.37472102898304904,2.649219900636771e-05,16.388221901205874,2.605080935869016,1.4745370382913738,,,
R2,Seasonal,0.5131095702363171,0.9649056886017756,0.7260270427249091,0.99467527543795,0.8649460486756382,48,50,48.0,96.0,500,0.0,0.0,23.93177590329445,5.9132608574052545,1.8788858557000925,,,
R3,Stationary_WN,0.09045120116207794,0.08117447038529524,0.3582077014215873,0.12946886648442002,0.31497883730909526,None,3,,,500,0.0,0.0,0.0,0.0,14.307325898924145,,,
R4,Trending_MeanShift,0.9999199768235199,0.9996792386693987,0.9025115269802928,0.3083710356923747,0.0,None,250,,,500,,,0.0,0.0,1.1680287716802091,,250.0,
R1,Composite,0.9976204391597848,0.9396037687728295,0.9999043702640124,0.9974363887558851,0.960025115960902,36,36,36.0,72.0,500,-0.35573383265812364,-1.1252264945403116e-05,14.235931305279728,6.703862553894487,0.7933843301756628,,,
R2,Seasonal,0.6667924156280742,0.9521174126283795,0.8440136503226632,0.9941336499879747,0.8823139952845165,36,36,36.0,72.0,500,0.0,0.0,23.03312048348633,8.668524041258097,1.8273220331604791,,,
R3,Stationary_AR,0.0804879303750089,0.2892427114494446,0.1485097180583056,0.4549571718682395,0.5749231974325746,None,25,,,500,0.0,0.0,0.0,0.0,5.0,0.45452562626154264,,
R4,Trending_RandomWalkDrift,0.9916198717575825,0.7850167338405516,0.9502213490726302,0.27645024827299547,0.0,None,250,,,500,,,0.0,0.0,1.2673659588653072,,,-0.49528270471558367
R1,Composite,0.9853753991415424,0.9763405896815847,0.9972465156495253,0.9951546743340812,0.8136244794608835,48,50,48.0,96.0,500,-0.15003755151712678,3.607283614488891e-05,20.68862511416217,4.0182382762672635,1.3747632818179643,,,
R2,Seasonal,0.6438993550335516,0.962882859972947,0.9490879125188858,0.9985013659716249,0.9634743255922679,48,50,48.0,96.0,500,0.0,0.0,24.170751765358162,7.8548026005888,0.9806484957788575,,,
R3,Stationary_AR,0.028126988216653714,0.22849077497102732,0.027018160217216813,0.5829245443287909,0.6549028404056075,None,100,,,500,0.0,0.0,0.0,0.0,5.0,0.6366170496385539,,
R4,Trending_RandomWalkDrift,0.998689236587812,0.90898353831779,0.9976573026921121,0.8581148140079073,0.0,None,250,,,500,,,0.0,0.0,1.1737284930690044,,,0.47849690370754916
R1,Composite,0.991081647465411,0.9235974947649819,0.999718672280164,0.9974621303159291,0.9692315144158583,36,36,36.0,72.0,500,0.19277774478047013,-4.704198663795405e-05,11.428494772764838,6.222771588164517,0.6220344346320443,,,
R2,Seasonal,0.6878988599408462,0.819024503348118,0.9163950476273703,0.985975619536923,0.9355582165724292,36,36,36.0,72.0,500,0.0,0.0,12.712186687996178,10.992951741965857,1.7423572440223989,,,
R3,Stationary_AR,0.16325324423701215,0.21986416103781548,0.26353081178563653,0.4065547808369787,0.5766426510226947,None,24,,,500,0.0,0.0,0.0,0.0,5.0,0.4780621832669282,,
R4,Trending_RandomWalkDrift,0.9942622317549734,0.028753051175994027,0.9994066719727618,0.6409595272389945,0.8955693960888049,None,24,,,500,,,0.0,0.0,0.9553583685963289,,,0.39958840603979573
R1,Composite,0.9995434528936293,0.9902542421938031,0.9999271303441607,0.9984312365310567,0.8405562554237034,36,36,36.0,72.0,500,0.35399909580418987,-2.7203386763285247e-05,14.94697119202205,2.31341083763006,0.6560195820441131,,,
R2,Seasonal,0.7130477547310696,0.9592408770116249,0.9594487923368423,0.9985668505299214,0.9661962556106687,36,36,36.0,72.0,500,0.0,0.0,27.297432503456086,10.435441430906943,1.0252385549326772,,,
R3,Stationary_WN,0.05143397579731335,0.23183428252636662,0.1424261654853739,0.3282463779724035,0.30679014484657585,None,12,,,500,0.0,0.0,0.0,0.0,9.073883147865747,,,
R4,Trending_RandomWalkDrift,0.927538440744779,0.5275876291326704,0.9364386415602617,0.6040584251121486,0.06408524497668888,None,167,,,500,,,0.0,0.0,1.3212774396391176,,,0.12838496592423715
R1,Composite,0.9978797466048199,0.9883181549525045,0.9998082539883695,0.9989467787422699,0.9102020371649844,24,24,24.0,48.0,500,0.23513715943357297,3.400147416053952e-05,21.77772666039477,4.028982683258998,0.8197065176340909,,,
R2,Seasonal,0.7078209198257649,0.9686845466813195,0.9803247592709429,0.9995130235275415,0.9847790583787973,24,24,24.0,48.0,500,0.0,0.0,26.581745633190287,8.867421658484261,0.6435351307036407,,,
R3,Stationary_WN,0.3300608307892289,0.13457439889391443,0.5397479386721622,0.1694570886357516,0.20943074545734364,None,2,,,500,0.0,0.0,0.0,0.0,8.091414817996217,,,
R4,Trending_MeanShift,0.9999835688265953,0.999934092643827,0.9999884106799597,0.9999536286065075,0.29527708514787254,None,250,,,500,,,0.0,0.0,0.7234636992032929,,250.0,
R1,Composite,0.9975317632402283,0.977368491997725,0.9996586985550505,0.996817316818012,0.8623474123727489,36,36,36.0,72.0,500,-0.3138585369182185,1.541251655921423e-05,20.494082328168297,5.419177701230977,1.228575809835803,,,
R2,Seasonal,0.6002678188793076,0.9774217415114146,0.7267032088348744,0.9960548258960565,0.8285748224145913,36,36,36.0,72.0,500,0.0,0.0,21.84383057730984,5.089758049600819,1.544819414637698,,,
R3,Stationary_AR,0.14544753477181305,0.27925062314180693,0.228499083398226,0.40480462158749564,0.4920833790354966,None,15,,,500,0.0,0.0,0.0,0.0,5.0,0.4119048373628243,,
R4,Trending_ExponentialGrowth,0.999222170440601,0.26341251680543365,0.9995078159056057,0.4421094372422698,0.3618530311008181,None,24,,,500,,,0.0,0.0,1.100989467002646,,,
R1,Composite,0.99738337430875,0.9857500037822812,0.9996370707547796,0.998013914050733,0.8619207688325098,12,12,12.0,24.0,500,-0.29359337972457206,2.1020501069405635e-05,24.727447115879247,5.331360638944086,1.222151806877706,,,
R2,Seasonal,0.7300584529738205,0.9756038810829109,0.934564605410768,0.9983560196038084,0.9339959046996597,12,12,12.0,24.0,500,0.0,0.0,28.450072955958028,8.55191761509503,1.2882891890621675,,,
R3,Stationary_AR,0.226180553600431,0.23937217384056297,0.3807599833542693,0.46346745570127723,0.6113678745865625,None,18,,,500,0.0,0.0,0.0,0.0,5.0,0.5781928791279538,,
R4,Trending_MeanShift,0.9995093219260894,0.9980580498564058,0.9824422070463992,0.9474578866770114,0.0,None,250,,,500,,,0.0,0.0,1.4839785845756421,,250.0,
R1,Composite,0.9969363966430395,0.9696517862656612,0.999739230197178,0.9973865972896778,0.9157421731724676,24,24,24.0,48.0,500,0.3371182875040305,-1.1526989186439885e-05,21.231134113464513,6.368221700973825,1.2550163987036207,,,
R2,Seasonal,0.522589100674679,0.9334489460595398,0.5098803087701584,0.9814281384885958,0.7340047563848597,24,24,24.0,48.0,500,0.0,0.0,13.709056821060129,4.9647435068888095,1.8734683156886995,,,
R3,Stationary_AR,0.10169269979645235,0.3123341168820051,0.18507919561467734,0.623779379875621,0.6049001767439404,None,83,,,500,0.0,0.0,0.0,0.0,5.0,0.47248074654625716,,
R4,Trending_ExponentialGrowth,0.9929310643829433,0.2602961696481727,0.995057425882907,0.40098456547685235,0.29756909251649455,None,24,,,500,,,0.0,0.0,1.3173957773341605,,,
R1,Composite,0.9500194093448449,0.9554753395291713,0.9943515440019093,0.9954157420965111,0.900638537746781,12,12,12.0,24.0,500,-0.10133560386009632,3.5529769608094136e-05,19.609142923709026,7.842202433919517,1.3882647105389487,,,
R2,Seasonal,0.7455813726604249,0.9644577247872017,0.9577497410067607,0.9983081588486428,0.9538327406621413,12,12,12.0,24.0,500,0.0,0.0,26.498071962601117,9.937333043401807,1.0626527351219535,,,
R3,Stationary_AR,0.04993842297758189,0.30243990339829185,0.13446582642855753,0.7575914921332686,0.7382849863803795,None,100,,,500,0.0,0.0,0.0,0.0,5.0,0.6848201203401061,,
R4,Trending_ExponentialGrowth,0.9987723092658902,0.1544697005157406,0.9992389146615824,0.3696989604045571,0.37251643954135316,None,24,,,500,,,0.0,0.0,1.2156611843769973,,,
R1,Composite,0.9911992142348302,0.9219422652988173,0.9990219038023214,0.9909436402661108,0.8917038659845847,12,12,12.0,24.0,500,0.2105509190499037,2.339123099336248e-05,14.966322138252815,7.893654852120724,1.499432537361821,,,
R2,Seasonal,0.6715351352591226,0.9815429066702351,0.8012136028043155,0.9966104885822789,0.8186125354571213,12,12,12.0,24.0,500,0.0,0.0,19.807556932355155,4.324344102765072,1.3115748955419357,,,
R3,Stationary_WN,0.13516136505542253,0.13495803292990471,0.3487812593065541,0.2059705370015148,0.33644167300325556,None,4,,,500,0.0,0.0,0.0,0.0,9.959915148938652,,,
R4,Trending_ExponentialGrowth,0.9995601650341066,0.2439956077909129,0.9997507539774569,0.4329418529077811,0.42820922151229035,None,24,,,500,,,0.0,0.0,0.7889194966666743,,,
R1,Composite,0.9982582095017111,0.9551571457071163,0.9999166485240891,0.9977766249088862,0.9523136350678986,12,12,12.0,24.0,500,-0.31651394386308496,-4.002587730014485e-05,13.208914764006188,5.552880018251241,0.7166800999076165,,,
R2,Seasonal,0.6671141216976777,0.9662397392320304,0.772320780404782,0.9932434632123618,0.8038814979494655,12,12,12.0,24.0,500,0.0,0.0,17.16598138743172,5.258542804244703,1.4330564841104603,,,
R3,Stationary_WN,0.19581217461400047,0.1634956489306476,0.44282156354599034,0.2429145610465765,0.3377187789048911,None,3,,,500,0.0,0.0,0.0,0.0,13.238604827626437,,,
R4,Trending_RandomWalkDrift,0.992464907374853,0.10024406542104769,0.9992817307779823,0.6805787022770207,0.9078216514510606,None,24,,,500,,,0.0,0.0,1.4812518428445434,,,-0.23774902108390364
R1,Composite,0.9991378073586434,0.9919237504341373,0.9997236938051797,0.9974048625744022,0.6802906924012261,12,12,12.0,24.0,500,0.3908882320498944,-3.125410926686991e-05,24.828595087407493,3.1532208690553736,1.3767034494424175,,,
R2,Seasonal,0.7373649956899111,0.989429189654307,0.9459226722300738,0.9994019451387638,0.9439057749024137,12,12,12.0,24.0,500,0.0,0.0,29.45002369386628,5.868588339408578,0.7916605265709593,,,
R3,Stationary_AR,0.037619220846849544,0.2783792187558358,0.17945823916847325,0.6404541137511279,0.7524528170548053,None,45,,,500,0.0,0.0,0.0,0.0,5.0,0.6436189728562712,,
R4,Trending_RandomWalkDrift,0.9948499675161435,0.966039610202171,0.9856696254419127,0.9138375196215822,0.0,None,250,,,500,,,0.0,0.0,0.7006000141351165,,,0.34505408641398866
R1,Composite,0.9984793363431594,0.9783375452322446,0.9999243829432515,0.9988088336181697,0.9504302648215686,48,50,48.0,96.0,500,0.32305296213479795,-1.4576438921231577e-05,16.877015833300774,3.6643980144503336,0.571627940682289,,,
R2,Seasonal,0.24383962262064018,0.9637611786436436,0.31269175809228156,0.9912803516394796,0.792166325297838,48,50,48.0,96.0,500,0.0,0.0,23.144522975996054,4.001942085708988,1.829454434039964,,,
R3,Stationary_WN,0.1541607357582946,0.18359644009728415,0.25049474347163236,0.2880983744959822,0.3068810128385313,None,4,,,500,0.0,0.0,0.0,0.0,9.962212096462768,,,
R4,Trending_ExponentialGrowth,0.9929179406324027,0.2546642086268154,0.9948095340699294,0.32159719083307037,0.27079229050932085,None,24,,,500,,,0.0,0.0,0.6648857624798112,,,
R1,Composite,0.9980428032679901,0.9822111458930111,0.9997771004299285,0.9979486194728588,0.8867036330365972,36,36,36.0,72.0,500,0.18047811270815367,-1.102520081231377e-05,11.70208828014784,2.7090705659831977,0.5304279599769751,,,
R2,Seasonal,0.697540013673808,0.9496983005188091,0.9190685295591312,0.9966000258740844,0.9353306043992251,36,36,36.0,72.0,500,0.0,0.0,15.557035934155628,6.44657356082678,0.9734415191204384,,,
R3,Stationary_AR,0.32804144486158304,0.3273218840335439,0.5195221105246621,0.537325805484381,0.6202296744028475,None,19,,,500,0.0,0.0,0.0,0.0,5.0,0.664197359901304,,
R4,Trending_MeanShift,0.9999558387989812,0.9998219112354979,0.9999397933908637,0.999757611247096,0.0,None,250,,,500,,,0.0,0.0,0.906637341950212,,250.0,
R1,Composite,0.9903736306480132,0.9333165401859539,0.9982077096800532,0.98720208920551,0.8173842424323184,12,12,12.0,24.0,500,-0.15237259805078104,-2.993710159915097e-05,12.572046803520688,5.813587159216755,1.3800399729904989,,,
R2,Seasonal,0.7409396568452142,0.951009601287152,0.9487635640114127,0.997279534794268,0.9468288897255834,12,12,12.0,24.0,500,0.0,0.0,25.11373158465762,11.147955586909584,1.3828990907765841,,,
R3,Stationary_WN,0.07440315864567693,0.24641256693359315,0.1561891294013703,0.3853405330965274,0.3147726451918629,None,10,,,500,0.0,0.0,0.0,0.0,6.569789687018041,,,
R4,Trending_ExponentialGrowth,0.9992789804758129,0.27283587015721034,0.9995428622097173,0.3961802899507828,0.3627756428629071,None,24,,,500,,,0.0,0.0,0.8765960847069991,,,
R1,Composite,0.9978087082692576,0.955483215147259,0.999512518425307,0.988958080619899,0.7776597619855614,48,50,48.0,96.0,500,0.22733776504583847,-2.9586189244756995e-05,9.42562927533233,2.5067813322884103,1.0255118227002644,,,
R2,Seasonal,0.6718042074658396,0.9068354525897477,0.955277242246102,0.9960352329393078,0.9635936503665539,48,50,48.0,96.0,500,0.0,0.0,14.656421432642382,8.153436841192157,0.9372044863840541,,,
R3,Stationary_AR,0.09755327814238879,0.2050775986440102,0.18127767256329574,0.610244074006802,0.7403946380284447,None,45,,,500,0.0,0.0,0.0,0.0,5.0,0.6728793206882745,,
R4,Trending_RandomWalkDrift,0.9926886793676571,0.07729403971224236,0.998977025952189,0.5725616640218931,0.8626594837247911,None,24,,,500,,,0.0,0.0,0.5208846324151494,,,-0.16023903492909763
R1,Composite,0.9986840188289053,0.9873763451641434,0.9998071039641528,0.9981566018105451,0.8540330364079194,24,24,24.0,48.0,500,0.35650464146639405,-2.0029768970759936e-05,22.597987480973796,4.128166282196003,1.0249853516202831,,,
R2,Seasonal,0.6696638563787431,0.9898444880133704,0.8588532170546253,0.9989436216344273,0.8961966177406104,24,24,24.0,48.0,500,0.0,0.0,27.712883885032056,4.937474894808546,1.0046857711018289,,,
R3,Stationary_AR,0.27944664348831205,0.31651426431716767,0.37062097250756454,0.4361659097311098,0.47293331154959717,None,12,,,500,0.0,0.0,0.0,0.0,5.0,0.485416153953878,,
R4,Trending_MeanShift,0.9999546276157618,0.9998184136469457,0.999949822192324,0.9997999257688587,0.0,None,250,,,500,,,0.0,0.0,0.6160407811739111,,250.0,
R1,Composite,0.9829725769457639,0.8806440632649856,0.9980989624949917,0.9860906604447326,0.8938437107934244,12,12,12.0,24.0,500,0.12361786351981548,-1.1428133611484826e-05,8.715752901154708,5.764140530874573,1.217537157860653,,,
R2,Seasonal,0.7196173922034864,0.8606202256351809,0.8958378392470362,0.9838425575168079,0.897414484742447,12,12,12.0,24.0,500,0.0,0.0,13.78434276817508,10.103752697646177,1.8561685604327027,,,
R3,Stationary_AR,0.21951291482492175,0.2303854953957556,0.29096123875106294,0.3228553480136428,0.2777514236407974,None,8,,,500,0.0,0.0,0.0,0.0,5.0,0.49439418098742305,,
R4,Trending_MeanShift,0.999957885053444,0.9998315892219692,0.999737210054779,0.9989514047604148,0.0,None,250,,,500,,,0.0,0.0,1.0657470653924743,,250.0,
R1,Composite,0.9963949308807712,0.9368810881413595,0.9999380653814455,0.99877827173387,0.9829411596940945,48,50,48.0,96.0,500,0.33118961832371374,3.3440417578252255e-05,16.54404297058343,7.4742452855605634,0.6222519079712024,,,
R2,Seasonal,0.31607333498715906,0.9780841609192588,0.7685671375898685,0.9985191438102455,0.9412215313836727,48,50,48.0,96.0,500,0.0,0.0,29.194768382345806,4.481057084684517,0.9205809579178256,,,
R3,Stationary_AR,0.0673237751842718,0.33125036610107916,0.16458869693670242,0.6136337740036963,0.6714766183027694,None,71,,,500,0.0,0.0,0.0,0.0,5.0,0.6389498634308651,,
R4,Trending_ExponentialGrowth,0.9971050079489274,0.27916254281127306,0.9982459268437921,0.4499319426528109,0.3931393791689687,None,24,,,500,,,0.0,0.0,1.178028019545106,,,
R1,Composite,0.9821143518507384,0.8567092519514452,0.9985896115868219,0.9867492238737757,0.924256125983624,48,50,48.0,96.0,500,-0.17565468442874776,3.715712145418889e-05,10.328159882352436,7.231309960699961,1.2983230022305476,,,
R2,Seasonal,0.005707324464414021,0.9768511493538167,0.046781253558101255,0.9944717341763386,0.774384057815274,48,100,48.0,96.0,500,0.0,0.0,11.98729980461267,10.383105894096575,1.169827535856972,,,
R3,Stationary_WN,0.20997147409358785,0.1720129025737298,0.44295384738411125,0.253914501703709,0.34038881012771227,None,3,,,500,0.0,0.0,0.0,0.0,10.913415097214436,,,
R4,Trending_MeanShift,0.9999836357727897,0.9999345147513243,0.9994602305037967,0.997870534339463,0.0,None,250,,,500,,,0.0,0.0,0.5527638891235057,,250.0,
R1,Composite,0.997658279881115,0.9669753186991095,0.9992866783408497,0.9899295422781407,0.6964206510401912,24,24,24.0,48.0,500,0.22983774205199703,4.292566517291431e-05,13.32034983643896,3.0954822756186013,1.4958194341226791,,,
R2,Seasonal,0.6528517124450424,0.9849663763287546,0.8145653313444859,0.9979419935990997,0.8639812469778858,24,24,24.0,48.0,500,0.0,0.0,29.484237597507704,6.001616376301313,1.4228441347935994,,,
R3,Stationary_WN,0.20375091013044644,0.12360534132424172,0.47869630677832675,0.16808911025236406,0.2853446316777919,None,2,,,500,0.0,0.0,0.0,0.0,5.657876319949359,,,
R4,Trending_MeanShift,0.9999148476661605,0.9996597695484299,0.9999105212565165,0.9996413218981784,0.0,None,250,,,500,,,0.0,0.0,0.6414413642961525,,250.0,
R1,Composite,0.9983781044724499,0.9545409881102241,0.9997016756116776,0.9905604665237182,0.8153204597469055,48,50,48.0,96.0,500,0.35148511415244177,3.229050506637298e-05,13.837252047148425,3.3866158154666337,1.051930423288372,,,
R2,Seasonal,0.6308965219493325,0.9423905487940669,0.8808557228815299,0.9947827910486742,0.9205384628554667,48,50,48.0,96.0,500,0.0,0.0,17.870175699196448,7.0841367671625814,1.2704036311901785,,,
R3,Stationary_AR,0.05446481167476713,0.24858645790916478,0.1818634994364241,0.5180841046954413,0.6116873829121455,None,56,,,500,0.0,0.0,0.0,0.0,5.0,0.6206204784133569,,
R4,Trending_RandomWalkDrift,0.9971515432060413,0.16226189820885983,0.9996186884590464,0.7217057439106693,0.8682141856502691,None,24,,,500,,,0.0,0.0,1.347047554123161,,,-0.47391317392186316
R1,Composite,0.996495638207689,0.9491028516711174,0.9997668125435957,0.9964924092803058,0.9340221694190658,12,12,12.0,24.0,500,-0.26116886290550123,-1.8664451516964028e-05,14.192281455971479,6.260099252902011,0.8448172618403798,,,
R2,Seasonal,0.03003415280131716,0.9881067425134815,0.11898436043499572,0.9921093883412075,0.3482284432892201,12,24,12.0,24.0,500,0.0,0.0,12.556506860750549,11.190784052374845,1.5059465971837838,,,
R3,Stationary_AR,0.2062125626007918,0.13984014273405176,0.3397607943387263,0.2003029039092804,0.46571544934232,None,8,,,500,0.0,0.0,0.0,0.0,5.0,0.4069223763819018,,
R4,Trending_ExponentialGrowth,0.9988199217159326,0.23438437455022143,0.9992195881595085,0.387691858112981,0.3353132628644312,None,24,,,500,,,0.0,0.0,0.5111646867737135,,,
R1,Composite,0.9890069461724293,0.9480176933393272,0.9992325902682784,0.9963197542875076,0.9324884432995705,12,12,12.0,24.0,500,0.1221713450927188,1.9088024007646058e-05,12.145198080386828,5.482886081041261,0.8478026190756466,,,
R2,Seasonal,0.7449337849576003,0.9731676576297055,0.9651544408885883,0.9989680292383596,0.9623647952943638,12,12,12.0,24.0,500,0.0,0.0,25.864710366019487,8.547447284326864,0.7694624608718337,,,
R3,Stationary_AR,0.1393521788580746,0.2763111475026937,0.34818220791231447,0.5806008447685356,0.6683691788816715,None,50,,,500,0.0,0.0,0.0,0.0,5.0,0.6401041806778264,,
R4,Trending_RandomWalkDrift,0.9976168924629788,0.47301063814321265,0.9998023409115067,0.9331693527384132,0.9170629139477411,None,100,,,500,,,0.0,0.0,1.4611859763033277,,,0.41966978134492006
R1,Composite,0.9978808814982911,0.9184814265406742,0.999807141378376,0.9920444870747995,0.9096317104274216,12,12,12.0,24.0,500,0.3823848561631896,-1.8716303767369685e-05,11.749107549918797,6.459161533006423,1.1506508103012683,,,
R2,Seasonal,0.7374837005550006,0.8752153656720251,0.9343507448428012,0.9898594458142914,0.9276438223107026,12,12,12.0,24.0,500,0.0,0.0,15.697395723576097,11.364241545505479,1.6482728676276557,,,
R3,Stationary_AR,0.18432737495395757,0.3456957043228085,0.363306649506285,0.5843426840300789,0.6687406603086192,None,22,,,500,0.0,0.0,0.0,0.0,5.0,0.6093943696077566,,
R4,Trending_RandomWalkDrift,0.9838864411798224,0.15036745700752574,0.9984114211692643,0.7981392391282109,0.9028346396067574,None,24,,,500,,,0.0,0.0,1.2082038156633321,,,0.11235666466574915
R1,Composite,0.9868257918032041,0.900235399999943,0.9996718212059723,0.9974014068399133,0.9760913888028582,24,24,24.0,48.0,500,0.18557960084869696,-4.207568327522254e-05,11.692233142410476,7.2848688358044145,0.6884463310017275,,,
R2,Seasonal,0.673003910203539,0.8579248774683197,0.8638298762228407,0.9845486268055531,0.9025692536847799,24,24,24.0,48.0,500,0.0,0.0,11.054659051079716,7.731841486658713,1.5662962728465422,,,
R3,Stationary_WN,0.23697309557396395,0.1358850041250924,0.5197828198524288,0.18089724589268574,0.2821984738345025,None,2,,,500,0.0,0.0,0.0,0.0,13.551948584197655,,,
R4,Trending_ExponentialGrowth,0.9986920656530729,0.24493636009700914,0.9992470268554839,0.35810595304532367,0.4171719315853699,None,24,,,500,,,0.0,0.0,1.1824984564372185,,,
R1,Composite,0.9810903668302517,0.9090193771216736,0.9992508527914946,0.9959718806098937,0.9620447484105709,48,50,48.0,96.0,500,0.14860873915055087,-3.3552252986319224e-05,12.30211999082308,6.693694860826844,0.7935314588943477,,,
R2,Seasonal,0.638149106021151,0.8834945920711961,0.8865846859673218,0.9880028941928113,0.9141933456977993,48,50,48.0,96.0,500,0.0,0.0,17.507726382481874,10.397594436807982,1.9688417016189077,,,
R3,Stationary_AR,0.12165136456979131,0.2580984225139832,0.2587020497375606,0.6184926945699496,0.7143806963403245,None,23,,,500,0.0,0.0,0.0,0.0,5.0,0.585630575651696,,
R4,Trending_RandomWalkDrift,0.9840400930865107,0.18004595582645944,0.998164766320717,0.7523923153330717,0.8880727268006834,None,24,,,500,,,0.0,0.0,0.9887817315243217,,,0.12552646512578508
R1,Composite,0.9964611199053633,0.9818182723774154,0.999351491084036,0.996708669769891,0.819032846898111,24,24,24.0,48.0,500,0.2564196989930491,2.5409993576009838e-05,24.073790495476086,5.202368352106075,1.4919294301830397,,,
R2,Seasonal,0.6790766116762923,0.9630187856513961,0.893840974171574,0.9970912420962018,0.9230286999246733,24,24,24.0,48.0,500,0.0,0.0,22.42397767004329,7.750984310369435,1.245391187394248,,,
R3,Stationary_WN,0.19962145973191703,0.053486994014530054,0.5323525705213428,0.061333820693123764,0.2117307092936005,None,2,,,500,0.0,0.0,0.0,0.0,10.364940644884845,,,
R4,Trending_MeanShift,0.9999802710941698,0.999921269125152,0.9999644862899764,0.9998597877222437,0.0,None,250,,,500,,,0.0,0.0,0.694516016460603,,250.0,
R1,Composite,0.9893866769733419,0.9595765425750746,0.9996447070951784,0.99852290770707,0.9672669917211698,48,50,48.0,96.0,500,0.21939903141794026,-1.4116514396036776e-05,22.24201873239222,7.568847594634759,0.9730363748314559,,,
R2,Seasonal,0.6481125627382516,0.9537034180285447,0.9397186723378911,0.9976643353133964,0.9550227767949379,48,50,48.0,96.0,500,0.0,0.0,22.86144476729297,8.3631090031643,1.1682940868082383,,,
R3,Stationary_AR,0.20854357807943313,0.3056459127643597,0.3366866931009135,0.4636722670271416,0.45356281724187353,None,17,,,500,0.0,0.0,0.0,0.0,5.0,0.4153377081200204,,
R4,Trending_ExponentialGrowth,0.9997254104334286,0.1946278530197716,0.9998674886001099,0.4743740024688474,0.5128715472551668,None,24,,,500,,,0.0,0.0,0.5602370554892284,,,
R1,Composite,0.9916914952606879,0.9691558595338382,0.9975279094009575,0.9907399128529498,0.7040267801712757,36,36,36.0,72.0,500,-0.14970994748902688,4.026509501302824e-05,13.738406771433269,3.204741258847312,1.3512173648858057,,,
R2,Seasonal,0.7136250957448844,0.9029378830072381,0.9655760933075059,0.9969141464119289,0.9711399780225957,36,36,36.0,72.0,500,0.0,0.0,16.356479197309,10.06909839983152,0.9777944044803779,,,
R3,Stationary_AR,0.18297969268976322,0.27373806613161167,0.23125023850992898,0.48305940370884193,0.5582732309756346,None,20,,,500,0.0,0.0,0.0,0.0,5.0,0.4829191362454763,,
R4,Trending_RandomWalkDrift,0.9759494820540607,0.4965094976487636,0.8627386369883078,0.231413440746986,0.0,None,167,,,500,,,0.0,0.0,1.2713225910066264,,,-0.4845649187178427
R1,Composite,0.9973335928519954,0.9426812144350152,0.9996365397444014,0.9918926602418251,0.8642310361462597,12,12,12.0,24.0,500,-0.28459079541429755,4.1629445722643457e-05,11.350611847204352,4.925991020532987,1.0854835925013515,,,
R2,Seasonal,0.7459673086714478,0.9598238072958951,0.9596132390120247,0.9981746904308464,0.9562457005364603,12,12,12.0,24.0,500,0.0,0.0,28.307637265969984,11.396993943968951,1.248074909209851,,,
R3,Stationary_WN,0.16110168960461702,0.12711069883908976,0.2970496356111384,0.2654712507666317,0.31245684431775633,None,4,,,500,0.0,0.0,0.0,0.0,7.77789940128484,,,
R4,Trending_MeanShift,0.999908425947563,0.9996327566864767,0.9999200367845851,0.9996793010614992,0.12723150604032685,None,250,,,500,,,0.0,0.0,1.2365794672288655,,250.0,
R1,Composite,0.9994668068264225,0.9920453510123505,0.9998983725276906,0.9984745892932856,0.8093813897009079,12,12,12.0,24.0,500,-0.2553255705976917,-3.23418060050425e-05,14.314106082657982,2.1133713259494984,0.5618300437007933,,,
R2,Seasonal,0.7473563455804783,0.983731282112007,0.9661184899951343,0.9993811554722125,0.9624598946997128,12,12,12.0,24.0,500,0.0,0.0,25.485310649117917,6.381902974402468,0.7172168015975031,,,
R3,Stationary_WN,0.15919851959332065,0.14150937291201726,0.3976623178043325,0.24151004646086915,0.3519358588091869,None,4,,,500,0.0,0.0,0.0,0.0,5.9401772471759875,,,
R4,Trending_RandomWalkDrift,0.9846752313313661,0.6823547429252443,0.994327418499186,0.866054122794618,0.576081098773528,None,250,,,500,,,0.0,0.0,1.307992528674363,,,-0.4051503715651865
R1,Composite,0.9937825609498079,0.9489828586270053,0.9997400934055827,0.997806432518937,0.9586906321459195,24,24,24.0,48.0,500,-0.29109266874477346,4.637874820254695e-05,18.489415093803366,7.824204020500659,0.8917629500892486,,,
R2,Seasonal,0.6829769997764336,0.9481995940592983,0.8752356285375147,0.9948323258910369,0.9034312810209029,24,24,24.0,48.0,500,0.0,0.0,23.55290081028602,9.79989242808568,1.7452260902924244,,,
R3,Stationary_AR,0.09834409962432067,0.21067958408136933,0.17324909928247778,0.41399774813888934,0.600323280123837,None,23,,,500,0.0,0.0,0.0,0.0,5.0,0.531841535218672,,
R4,Trending_ExponentialGrowth,0.9978857701347457,0.2478516403154144,0.9988006058231274,0.3974729661307802,0.4296564414044298,None,24,,,500,,,0.0,0.0,1.4758368383715395,,,
R1,Composite,0.9887686480777558,0.9143458418801795,0.9994477060571771,0.9951916504952525,0.9519216713027899,48,50,48.0,96.0,500,-0.2466221109203054,4.2328650345007426e-05,15.823743916008805,7.962812122674806,1.2967811308297468,,,
R2,Seasonal,0.5794980513089839,0.9805608784356542,0.9398906947703233,0.9992883149179415,0.9667469934438029,48,50,48.0,96.0,500,0.0,0.0,28.81934345385814,6.034259527213597,0.7281433077407793,,,
R3,Stationary_WN,0.16182140438756265,0.23193427057445049,0.2682595446104252,0.29965956152539186,0.31811019752074754,None,7,,,500,0.0,0.0,0.0,0.0,11.329615479055526,,,
R4,Trending_ExponentialGrowth,0.9822497222188038,0.21884373325781092,0.9872199998839946,0.3060133673583686,0.2750919252850227,None,24,,,500,,,0.0,0.0,1.2680458649984625,,,
R1,Composite,0.976571234968077,0.9767625595886938,0.9992579242640561,0.9992923690337626,0.9700151320994591,24,24,24.0,48.0,500,-0.11144161310080913,-1.7614679246197863e-05,24.818624989368388,6.984409401031056,0.7329940038098388,,,
R2,Seasonal,0.6551088563437286,0.9487643056200769,0.8354125855982065,0.993785604394662,0.8831901778459553,24,24,24.0,48.0,500,0.0,0.0,12.51720439120977,4.8092294184026345,1.113641715042965,,,
R3,Stationary_AR,0.14125001515854518,0.32934432390729773,0.24480034370701365,0.4816868096271607,0.5231626637746987,None,19,,,500,0.0,0.0,0.0,0.0,5.0,0.4470419423070859,,
R4,Trending_ExponentialGrowth,0.9991989906244425,0.23642593534657586,0.9994470482160533,0.3615386559797318,0.30388914175164194,None,24,,,500,,,0.0,0.0,0.5686511915692245,,,
R1,Composite,0.9938997741572132,0.9163670043842636,0.9998124027712901,0.9972616508111731,0.9697996206212616,36,36,36.0,72.0,500,0.2566690205014036,-2.6923004328842656e-05,12.831791338545221,7.313002353610058,0.7455194782604379,,,
R2,Seasonal,0.5585044742824163,0.9812541322338616,0.5504952860659604,0.9944218495139574,0.709008535396895,36,36,36.0,72.0,500,0.0,0.0,22.458210608679614,4.207304873315032,1.6498710092511544,,,
R3,Stationary_AR,0.09942391957578067,0.23669731025119822,0.13687728595061444,0.42423957611154206,0.566624179231374,None,31,,,500,0.0,0.0,0.0,0.0,5.0,0.6176121655872789,,
R4,Trending_RandomWalkDrift,0.9978949644603989,0.08748358688240265,0.9997923984750507,0.5842813874103647,0.9022039614787155,None,24,,,500,,,0.0,0.0,1.4566058935195878,,,0.40467057950447494
R1,Composite,0.9987103657135498,0.9625245582488243,0.9998479441562877,0.9954868492494713,0.8825564232993519,24,24,24.0,48.0,500,0.31625365253623927,-2.960819669278162e-05,11.151668334046262,3.7308665441916475,0.8360498898195495,,,
R2,Seasonal,0.6952362599376505,0.9349988566067462,0.9441988282886358,0.9971187807996235,0.9578148045327737,24,24,24.0,48.0,500,0.0,0.0,15.773026018815985,7.614718046157735,1.019310837946527,,,
R3,Stationary_WN,0.17445752507318601,0.16709663647275286,0.5031331229803195,0.22448027465736098,0.287650827655183,None,2,,,500,0.0,0.0,0.0,0.0,9.40643851502723,,,
R4,Trending_MeanShift,0.9999110036178569,0.999643867179984,0.9998571264819263,0.999431637063517,0.0,None,250,,,500,,,0.0,0.0,0.9566899047319178,,250.0,
R1,Composite,0.9643078530991748,0.9009750212239085,0.9965490829519223,0.9903903338332726,0.9115807692324867,12,12,12.0,24.0,500,-0.10531189723512352,2.0592900923359202e-05,11.824368038779504,7.358974284963132,1.3615166713156324,,,
R2,Seasonal,0.7515281146121578,0.9549166882158946,0.9875598520725473,0.999367056714929,0.9865262151866397,12,12,12.0,24.0,500,0.0,0.0,26.8626405717637,11.66704520609757,0.7068853857768459,,,
R3,Stationary_AR,0.19772404382784936,0.35252519484430533,0.2857073591205228,0.6138083406173908,0.6695925516249128,None,21,,,500,0.0,0.0,0.0,0.0,5.0,0.5675333270673575,,
R4,Trending_MeanShift,0.9999008732834034,0.9996047833251046,0.9995391981586872,0.9981798134282799,0.0,None,250,,,500,,,0.0,0.0,0.9903279399059112,,250.0,
R1,Composite,0.9986535474552137,0.9572959044297403,0.9995854492568018,0.9851062516240329,0.6934758401198864,48,50,48.0,96.0,500,0.39969153317143236,-2.7491281698759417e-05,13.713317413930922,2.9278573713723297,1.427085488634968,,,
R2,Seasonal,0.3986741485133891,0.9734452845071867,0.5414066763846412,0.994433931088281,0.8112383618570242,48,50,48.0,96.0,500,0.0,0.0,27.271832556048206,4.942042200653122,1.9087258882914377,,,
R3,Stationary_WN,0.05616002886333915,0.2422489552519267,0.11455337738102,0.37021759416661015,0.378886529004541,None,11,,,500,0.0,0.0,0.0,0.0,7.682635942598078,,,
R4,Trending_MeanShift,0.999946700696522,0.9997869905648076,0.9999563040715576,0.9998256611434002,0.1806213972780928,None,250,,,500,,,0.0,0.0,1.0479102663141155,,250.0,
R1,Composite,0.9970121150327269,0.9763938225467749,0.9999119137161862,0.9992965000364822,0.9708198010920988,36,36,36.0,72.0,500,0.28969212263526456,-1.5728704808838048e-05,20.243864112062056,5.986167269962051,0.5835218604949279,,,
R2,Seasonal,0.6726655649600375,0.9563399151968686,0.8576495445394272,0.9951503384058583,0.8929165625412545,36,36,36.0,72.0,500,0.0,0.0,12.576533511497887,4.535696270882794,1.0209390511323844,,,
R3,Stationary_WN,0.19588086183017483,0.09894346715489033,0.49866900058023944,0.13871099681125665,0.27346852417166134,None,2,,,500,0.0,0.0,0.0,0.0,5.432305266756715,,,
R4,Trending_RandomWalkDrift,0.9949256402883837,0.9247690410722651,0.971646066820536,0.6709044515128595,0.0,None,250,,,500,,,0.0,0.0,1.3346353004222173,,,0.23827757931439675
R1,Composite,0.9973100023609599,0.96716548209631,0.9997388571937948,0.9967444513692741,0.9031615769691966,36,36,36.0,72.0,500,-0.38886920423746596,3.715476122172409e-05,21.30247173260446,6.803200427379245,1.2409860167717843,,,
R2,Seasonal,0.7139051157101663,0.8424045010334754,0.963525472331361,0.9943255878605499,0.9693603990499547,36,36,36.0,72.0,500,0.0,0.0,13.109492819132582,10.873418003516164,1.0727814769795927,,,
R3,Stationary_WN,0.08953019343009871,0.15253462183680833,0.33426078724559094,0.2226737363910397,0.29772681431056913,None,6,,,500,0.0,0.0,0.0,0.0,8.481092433839112,,,
R4,Trending_ExponentialGrowth,0.998056184191897,0.26863495795975545,0.9986337283475587,0.392257083114371,0.28801100647154676,None,24,,,500,,,0.0,0.0,1.094126482063281,,,
R1,Composite,0.9986970996513561,0.988693765285241,0.9997102878608851,0.9974743561398589,0.7774374761179783,12,12,12.0,24.0,500,-0.18516471016035674,-2.8695879395605715e-05,13.784355577673745,2.3232041542533874,0.7535231011683345,,,
R2,Seasonal,0.7515771455092344,0.9100838731850114,0.9829206922645215,0.9981632167520031,0.9812568169787359,12,12,12.0,24.0,500,0.0,0.0,17.424468415846086,11.014985876537352,0.8128388616595555,,,
R3,Stationary_AR,0.0770764497770482,0.29389165714272536,0.13647065820983362,0.4911253150974888,0.5469228866621332,None,42,,,500,0.0,0.0,0.0,0.0,5.0,0.46935867545715315,,
R4,Trending_ExponentialGrowth,0.9988548534724501,0.20728654581747752,0.9993144003538429,0.4001682140978732,0.394725204437672,None,24,,,500,,,0.0,0.0,0.9785907947826425,,,
R1,Composite,0.9955475120422849,0.9638211049174661,0.999627585120819,0.9966508356114102,0.9171890192006334,48,50,48.0,96.0,500,0.25083908802711563,-1.6612685461731046e-05,17.19551408603231,5.095191300235281,1.0817417065616899,,,
R2,Seasonal,0.6194063400794116,0.8860954882709052,0.8369342663801462,0.983544404795811,0.8789663812166197,48,50,48.0,96.0,500,0.0,0.0,11.494281591386141,6.609294621827407,1.6149928679538823,,,
R3,Stationary_AR,0.14691539905493978,0.21137053756225987,0.16741773210737365,0.44988620722695183,0.6376326959082821,None,26,,,500,0.0,0.0,0.0,0.0,5.0,0.6261994427254609,,
R4,Trending_ExponentialGrowth,0.9994444467871295,0.24248725429479856,0.9995995070308601,0.34412995153547343,0.27232880854980546,None,24,,,500,,,0.0,0.0,0.6814345258383703,,,
R1,Composite,0.9912843218826717,0.9746307636233058,0.999818345363882,0.9994693607704072,0.9795730604761351,36,36,36.0,72.0,500,-0.17710505286497974,2.0853444857096728e-05,20.042363826287307,6.047461725831806,0.5216759349688446,,,
R2,Seasonal,0.7186811242180919,0.9355243007779256,0.9840328146611801,0.9990767305813317,0.9866162662750502,36,36,36.0,72.0,500,0.0,0.0,21.58739487270804,10.746822033176915,0.6796553876556305,,,
R3,Stationary_WN,0.21712940549301352,0.10238135849477259,0.5183618536945165,0.14146730449592726,0.2493599983542384,None,2,,,500,0.0,0.0,0.0,0.0,6.300687302992621,,,
R4,Trending_MeanShift,0.9999169114457962,0.9996663347505774,0.9998633396008169,0.9994385573388954,0.0,None,250,,,500,,,0.0,0.0,1.0166879356694856,,250.0,
R1,Composite,0.9869263362503317,0.9488081153925596,0.9992645157435135,0.9968528720966071,0.9452264768682694,48,50,48.0,96.0,500,0.12759218549035078,4.058618155604582e-05,15.29196356164939,5.690354886781197,0.9858321391090769,,,
R2,Seasonal,0.005232731566302773,0.9726910754676634,0.003264541987913816,0.9879338224723647,0.5657453457699249,48,100,48.0,96.0,500,0.0,0.0,10.495507059344964,11.961596571969542,1.5538508827977096,,,
R3,Stationary_AR,0.08726637614949262,0.30209993305721106,0.18347247079045093,0.6264501932462482,0.683757354590764,None,71,,,500,0.0,0.0,0.0,0.0,5.0,0.5709857421932768,,
R4,Trending_ExponentialGrowth,0.9916500560558812,0.17234310106994255,0.9946524782182776,0.33216620723323387,0.35466977634873587,None,24,,,500,,,0.0,0.0,1.1223243867515826,,,
R1,Composite,0.9976034052498498,0.9337376224332976,0.9998675657159141,0.9958597326915629,0.9450445309377943,48,50,48.0,96.0,500,-0.3768586954741402,-3.858778356123391e-05,14.64006877757372,6.469253592410036,0.9352308295303154,,,
R2,Seasonal,0.6525122978997987,0.9412831929301567,0.9459907717222551,0.9972735211917622,0.9591316437407404,48,50,48.0,96.0,500,0.0,0.0,27.060341209728133,11.263827708894823,1.305076750414914,,,
R3,Stationary_WN,0.16646518367409058,0.20675783150700122,0.3770608864988071,0.3174477948576434,0.33073658612851,None,4,,,500,0.0,0.0,0.0,0.0,5.588668086685193,,,
R4,Trending_ExponentialGrowth,0.9990217851736414,0.1339114154886205,0.9993300528198313,0.248883897087524,0.31174098759385804,None,24,,,500,,,0.0,0.0,1.0830770291464482,,,
R1,Composite,0.9904041947924435,0.9830864689185506,0.9982525055629811,0.9969448869953326,0.8216337402245362,12,12,12.0,24.0,500,0.14127245481260273,-2.955042075353407e-05,19.453634951346064,4.309026209869684,1.0798841518846616,,,
R2,Seasonal,0.7340530760468043,0.8796331061209078,0.926863829336128,0.9898021932426894,0.92382245584587,12,12,12.0,24.0,500,0.0,0.0,16.131561365893013,11.615387583457256,1.7517780511866128,,,
R3,Stationary_AR,0.14474190848884816,0.3401472808409488,0.27789416728462735,0.6434862291424686,0.6901510208901619,None,33,,,500,0.0,0.0,0.0,0.0,5.0,0.5445440944700486,,
R4,Trending_ExponentialGrowth,0.9939742120802579,0.24827700793428487,0.9956379658961706,0.32763393246178185,0.2664056448838371,None,24,,,500,,,0.0,0.0,0.6075460544746065,,,
R1,Composite,0.9921682090520911,0.9570681953533927,0.998938507444382,0.9940221059643174,0.8665234612601213,36,36,36.0,72.0,500,-0.17326591813805606,-3.7906171082484536e-05,16.5257201007644,5.43314526894694,1.4314882455631106,,,
R2,Seasonal,0.6488552583594355,0.8738008521322258,0.784083511166956,0.9784414472896935,0.8486672756019124,36,36,36.0,72.0,500,0.0,0.0,11.684682929186218,7.339490407578458,1.733762696830841,,,
R3,Stationary_AR,0.1934950752935597,0.24587723056879873,0.47357783943737364,0.5163244324819534,0.6288164487692247,None,12,,,500,0.0,0.0,0.0,0.0,5.0,0.4196366202598195,,
R4,Trending_RandomWalkDrift,0.9674249551750496,0.12075260697921042,0.9955756483369322,0.7412250801431111,0.8746106231702055,None,24,,,500,,,0.0,0.0,0.9714503475985369,,,-0.10668923408073235
R1,Composite,0.9974853722599994,0.9669728071469224,0.9996053393150582,0.9946832071729056,0.8435224942098564,36,36,36.0,72.0,500,-0.2728859975075734,-1.3465692448383969e-05,15.490575275449986,4.550607204641619,1.1716983758623574,,,
R2,Seasonal,0.7002115316672725,0.9625833061363527,0.9417067082332407,0.9982412280741076,0.9545867570437084,36,36,36.0,72.0,500,0.0,0.0,15.04662730151517,5.453416739983631,0.6824496748669966,,,
R3,Stationary_WN,0.16153095101243586,0.2194893844983724,0.2851877116998043,0.2964339439588818,0.26112966716519526,None,5,,,500,0.0,0.0,0.0,0.0,10.3537232167227,,,
R4,Trending_ExponentialGrowth,0.9985033688083077,0.20224012777149103,0.998913904121021,0.30804338284907273,0.2653856533852871,None,24,,,500,,,0.0,0.0,0.8605756730971276,,,
R1,Composite,0.9977054449258973,0.9660183684457295,0.9996592262703098,0.9943221788895054,0.8521893627697288,48,50,48.0,96.0,500,0.3528248649848136,3.563959515368995e-05,19.247442019018983,4.487410875870506,1.4316065048838578,,,
R2,Seasonal,0.6596223224470765,0.939928730631328,0.9510774568423989,0.9974770307057899,0.9628040104359473,48,50,48.0,96.0,500,0.0,0.0,12.831646565131862,5.4946043965337905,0.6023120338921065,,,
R3,Stationary_WN,0.23812837375388052,0.1149306789914355,0.450617028592288,0.19629883748080557,0.3717871065699301,None,3,,,500,0.0,0.0,0.0,0.0,7.880712762035399,,,
R4,Trending_ExponentialGrowth,0.9985391957545962,0.32278481704265294,0.9989655666045597,0.4119421642503037,0.2864880150771817,None,24,,,500,,,0.0,0.0,0.8836651940667638,,,
R1,Composite,0.9981959724126551,0.98512156067694,0.9995854322835175,0.9965556853432833,0.7703955822600332,24,24,24.0,48.0,500,-0.19000290189946184,-2.9522872932319575e-05,14.186078491272767,2.618133611152654,0.9371473056540102,,,
R2,Seasonal,0.684816853024168,0.9497099504666544,0.9136646163200071,0.9967467532796968,0.9377849203660654,24,24,24.0,48.0,500,0.0,0.0,26.924366400014673,10.995051849753333,1.648038309570088,,,
R3,Stationary_WN,0.13685175953133366,0.22937552752717671,0.2464122859118374,0.3859470845851758,0.3359318452075194,None,8,,,500,0.0,0.0,0.0,0.0,12.873224900570172,,,
R4,Trending_MeanShift,0.9999120158441692,0.9996485697748013,0.9999080145167717,0.9996319709879357,0.0,None,250,,,500,,,0.0,0.0,0.9720954153462706,,250.0,
R1,Composite,0.9879992220226332,0.9848501232030925,0.9971331864833922,0.9960963330498154,0.7620821329842429,48,50,48.0,96.0,500,-0.13818910849302296,1.2208760321515109e-05,23.909993854201574,2.415424544852294,1.2304135854088454,,,
R2,Seasonal,0.6316809713782559,0.9239280313509567,0.8896354505552071,0.9932666157951191,0.9232840268276856,48,50,48.0,96.0,500,0.0,0.0,20.68309948495022,9.667674797594643,1.6559941416867332,,,
R3,Stationary_WN,0.0663765093896227,0.15672845849918282,0.13268183904866693,0.23928017344687957,0.29023072294815166,None,19,,,500,0.0,0.0,0.0,0.0,6.932968474590129,,,
R4,Trending_ExponentialGrowth,0.9875215858952441,0.33307465176229445,0.9922648095954769,0.4602715875833301,0.37925532367380677,None,24,,,500,,,0.0,0.0,1.1366265191512168,,,
R1,Composite,0.9993763054030432,0.9942295704426397,0.9998862002887433,0.9989462990469095,0.8175939632005829,24,24,24.0,48.0,500,-0.37902468334731854,2.307198141519773e-05,24.56913817207051,2.8388022635638652,0.8849251022891734,,,
R2,Seasonal,0.5776912344803924,0.981719620852214,0.5981005316203238,0.9950372075884282,0.7285561473270128,24,24,24.0,48.0,500,0.0,0.0,21.369340012427898,4.073740240629443,1.5888171418526391,,,
R3,Stationary_WN,0.10764190254242112,0.23826870147560475,0.20180865622613742,0.3177742628493152,0.23995156292663278,None,7,,,500,0.0,0.0,0.0,0.0,11.042850230414572,,,
R4,Trending_ExponentialGrowth,0.9914533433725309,0.250843472149441,0.993942494981528,0.34091177975024334,0.29388702113198883,None,24,,,500,,,0.0,0.0,0.5963161089214174,,,
R1,Composite,0.9816730489098271,0.9795010093060926,0.997748445539788,0.9973318743755,0.8807227369175722,48,50,48.0,96.0,500,0.13507725501280063,-1.871395931419525e-05,24.93131289128175,5.115445382272149,1.1843687183576799,,,
R2,Seasonal,0.5805002743360477,0.9616161472830065,0.8225857266603847,0.995366672529566,0.8914473799396784,48,50,48.0,96.0,500,0.0,0.0,23.83866592175302,6.916160028520864,1.7252945246675486,,,
R3,Stationary_AR,0.15540002148112142,0.33743284872630586,0.2937156452258264,0.5449400809330125,0.540998146992264,None,28,,,500,0.0,0.0,0.0,0.0,5.0,0.5305128146528446,,
R4,Trending_ExponentialGrowth,0.9985042608302739,0.20963291631547876,0.9991158912356849,0.3513417284325996,0.40371170332933437,None,24,,,500,,,0.0,0.0,0.7220156980565638,,,
R1,Composite,0.9969330429257621,0.9277476505635261,0.9996354563573113,0.9910786264377742,0.8825782470801874,24,24,24.0,48.0,500,0.31589840600025404,2.0354297746101173e-05,13.311586183564756,6.3645306343346,1.4755797616486122,,,
R2,Seasonal,0.7016394134275004,0.9738553928577043,0.9559069613562385,0.9990818610678083,0.9655238176920492,24,24,24.0,48.0,500,0.0,0.0,26.180390670356623,7.88628024668557,0.8122662108011534,,,
R3,Stationary_WN,0.19537736446191734,0.18424065044417937,0.3105909431420256,0.31039555393415585,0.3547909787893748,None,4,,,500,0.0,0.0,0.0,0.0,14.304286367095555,,,
R4,Trending_RandomWalkDrift,0.9914534474137461,0.8352175156561719,0.9607610151808263,0.6866820305361536,0.0,None,250,,,500,,,0.0,0.0,0.7383883905394933,,,0.46727840990107083
R1,Composite,0.9874613547106786,0.8657189153578865,0.9996612511025609,0.9960091119014969,0.9736795493800275,24,24,24.0,48.0,500,-0.1795585265418696,2.883287812134171e-05,9.579380278892447,7.047014847570807,0.7088283608392187,,,
R2,Seasonal,0.6933428920720546,0.964653490659756,0.9427865143521914,0.9984519713813396,0.9573435591217995,24,24,24.0,48.0,500,0.0,0.0,27.407581829586643,9.507759085271072,1.1838243351995705,,,
R3,Stationary_AR,0.009444048143658623,0.7950338337760486,0.13596252440048073,0.8628254844237694,0.3380293706750751,None,250,,,500,0.0,0.0,0.0,0.0,5.0,0.598905219522336,,
R4,Trending_RandomWalkDrift,0.9919842366064736,0.6988634876141078,0.9903793582161704,0.42352032877975043,0.0,None,250,,,500,,,0.0,0.0,0.5345708593562781,,,-0.4628329639739549
R1,Composite,0.9938003841072223,0.9804314809058234,0.9993052080314972,0.9978127242768078,0.8896428064018819,12,12,12.0,24.0,500,-0.2089071708164984,3.9899983377689803e-05,21.840605623943336,5.6094988677764555,1.0928345651700413,,,
R2,Seasonal,0.712783996488904,0.9458193100303964,0.8717433061016203,0.9928156579052374,0.8727042529265355,12,12,12.0,24.0,500,0.0,0.0,17.4217571528524,7.668752113614851,1.4228304780963525,,,
R3,Stationary_AR,0.1438982931157584,0.2654411658668143,0.2205876764985264,0.5231258200129909,0.6299714252126135,None,29,,,500,0.0,0.0,0.0,0.0,5.0,0.6058441495474403,,
R4,Trending_RandomWalkDrift,0.9928790755777267,0.06520322734427997,0.9992706723590842,0.6486458635914822,0.901971798497064,None,24,,,500,,,0.0,0.0,0.7562710262005437,,,-0.16139206474545303
R1,Composite,0.9941295199081381,0.9491386723982018,0.998572448710971,0.9874645182271173,0.7608406231258358,12,12,12.0,24.0,500,0.13776459349835257,1.963712294893926e-05,10.088374936073134,3.503869758170433,1.1431112767255671,,,
R2,Seasonal,0.7448779319738759,0.9363685515819387,0.9670833489824208,0.9975883632996726,0.9642666475990525,12,12,12.0,24.0,500,0.0,0.0,19.27050288119311,9.890220585305817,1.0335902209252759,,,
R3,Stationary_WN,0.14838021405846125,0.2894224080474377,0.2414000582381225,0.3812077202427432,0.2292751724919857,None,6,,,500,0.0,0.0,0.0,0.0,9.46037694271416,,,
R4,Trending_ExponentialGrowth,0.9916804512567438,0.3046495063724407,0.994459818160581,0.4026728641439762,0.3302673960765482,None,24,,,500,,,0.0,0.0,0.7610893045131926,,,
R1,Composite,0.9996142637758413,0.9802645672577969,0.9999287042640974,0.9961453817422627,0.8154486545622657,48,100,48.0,96.0,500,-0.3648672664700463,-3.872704876887588e-05,8.101919841041271,6.8996351371069,0.7209200315889435,,,
R2,Seasonal,0.029739871369968918,0.9750348923598481,0.14765365086227822,0.99199407904872,0.6929739291673922,48,100,48.0,96.0,500,0.0,0.0,12.191726734593864,9.59918150344961,1.3970972755114464,,,
R3,Stationary_AR,0.19429475972994592,0.18772181605920457,0.2855833043391962,0.3673867719845504,0.5264821118352252,None,13,,,500,0.0,0.0,0.0,0.0,5.0,0.4016454413181151,,
R4,Trending_RandomWalkDrift,0.9978235029371954,0.26683512876531124,0.999678169238735,0.6884520391270812,0.8519192349242773,None,24,,,500,,,0.0,0.0,1.3105441611641122,,,-0.30400470743886887
R1,Composite,0.9955512002716281,0.9597532784034821,0.9996457737942899,0.9966995184215878,0.921011292862202,36,36,36.0,72.0,500,-0.18462385206525528,-3.730552893528904e-05,13.645940805259361,4.836303131464527,0.8679757182806517,,,
R2,Seasonal,0.6667856650568784,0.9797660572857816,0.860897518876671,0.9978760841986786,0.8972214966379655,36,36,36.0,72.0,500,0.0,0.0,29.959994903944906,7.404340880329302,1.5672648776199098,,,
R3,Stationary_WN,0.018058612164267518,0.26177231316845095,0.03167630988497294,0.4063488211668912,0.33687299264168746,None,29,,,500,0.0,0.0,0.0,0.0,8.486257424305688,,,
R4,Trending_MeanShift,0.9999392768876147,0.9997552162186726,0.9999208460244454,0.9996818152258897,0.0,None,250,,,500,,,0.0,0.0,1.1465765564649515,,250.0,
R1,Composite,0.9963800031143176,0.9015268266389974,0.9997039399757018,0.9912458356775098,0.9192465669783955,36,36,36.0,72.0,500,0.24353366288894915,-2.9493609831798676e-05,8.461347002727349,5.105388133052213,0.8009594386474725,,,
R2,Seasonal,0.7205213963521483,0.9515715572854502,0.9871784714340843,0.9994542977942322,0.9892765460320384,36,36,36.0,72.0,500,0.0,0.0,25.187264537313087,10.918254417316497,0.5752801613675153,,,
R3,Stationary_WN,0.22759848130993698,0.11304496922199792,0.5030682332993068,0.13662309301370867,0.19089500471074594,None,2,,,500,0.0,0.0,0.0,0.0,6.072447754850342,,,
R4,Trending_MeanShift,0.9999491101405832,0.999796585200333,0.988980257433113,0.9649091029454228,0.0,None,250,,,500,,,0.0,0.0,0.7584307129744883,,250.0,
R1,Composite,0.9994057617527994,0.9916879398687567,0.9999233722863261,0.9989277417318989,0.8711815873785407,24,24,24.0,48.0,500,-0.36488579761673456,-2.076605417847039e-05,20.196265104315046,2.986549610986322,0.7206888142181448,,,
R2,Seasonal,0.7075848976898745,0.894092676092042,0.9732327839525772,0.9975475833193306,0.9788279759873584,24,24,24.0,48.0,500,0.0,0.0,13.27600921966705,8.563351027487474,0.6828386211754638,,,
R3,Stationary_AR,0.10376138675630808,0.29502551691499723,0.15204262615041986,0.4714617880137675,0.5132884651073084,None,26,,,500,0.0,0.0,0.0,0.0,5.0,0.4627584043168967,,
R4,Trending_ExponentialGrowth,0.9908005553995286,0.23952718934889805,0.9939207894031287,0.4015379912079474,0.3385874372123109,None,24,,,500,,,0.0,0.0,1.1626029454058373,,,
R1,Composite,0.9983479508240364,0.9850594114168629,0.9998612215414061,0.9987377199005749,0.9165002005794326,12,12,12.0,24.0,500,0.3469587585198306,2.8000758794582014e-05,24.446086763749527,5.65042454641477,0.8431946558128189,,,
R2,Seasonal,0.6539681576657063,0.9766544946731935,0.7192758575451236,0.9939254915474153,0.7438223848723882,12,12,12.0,24.0,500,0.0,0.0,22.084719530821864,5.59326292836957,1.6038869523802552,,,
R3,Stationary_AR,0.1883917668375631,0.27137022340073846,0.305189670708777,0.5194712948193413,0.6261030179444314,None,14,,,500,0.0,0.0,0.0,0.0,5.0,0.5058964938165887,,
R4,Trending_MeanShift,0.9999537551155542,0.9998160001981149,0.9998846447384964,0.9995405149626497,0.0,None,250,,,500,,,0.0,0.0,0.6481675020560419,,250.0,
R1,Composite,0.9925044508434285,0.9919930329716111,0.9972361740319169,0.9970695463818999,0.6361551352395046,36,36,36.0,72.0,500,0.12903127208062232,-2.393886789321736e-05,23.061153460579142,2.322222327654954,1.2703613490679437,,,
R2,Seasonal,0.7147847568071022,0.9270654077180223,0.969069722671968,0.9980187069625066,0.9747205806411464,36,36,36.0,72.0,500,0.0,0.0,22.256283609049675,11.831717175561437,0.9748434930986979,,,
R3,Stationary_WN,0.14373645410369285,0.11335209637613342,0.4716605086441159,0.18779438014502303,0.343519489528602,None,3,,,500,0.0,0.0,0.0,0.0,8.07289498513778,,,
R4,Trending_RandomWalkDrift,0.9815680675406492,0.4557404196124508,0.9948535525423496,0.8801473131765953,0.7483891757324187,None,250,,,500,,,0.0,0.0,0.9374795985168337,,,-0.3834821881317263
R1,Composite,0.9979595624401463,0.969997054313186,0.9998774952015981,0.9981604752238911,0.9403521991630941,12,12,12.0,24.0,500,0.3541285109789558,-4.405513516826712e-05,17.457034199285204,5.88454750135466,0.7904564021917987,,,
R2,Seasonal,0.7133387584114517,0.9772133249460992,0.8790112542765982,0.9972410802392186,0.8814428064061364,12,12,12.0,24.0,500,0.0,0.0,29.625824345294426,8.177417628844013,1.731622898236823,,,
R3,Stationary_AR,0.07063624660784706,0.1925899858804847,0.12246395001845711,0.362780679862888,0.5411911833671054,None,22,,,500,0.0,0.0,0.0,0.0,5.0,0.4973893314807383,,
R4,Trending_ExponentialGrowth,0.9997085465817178,0.22954245236359916,0.9998423369331247,0.4144714249330854,0.4538640468486934,None,24,,,500,,,0.0,0.0,0.5625434056002664,,,
R1,Composite,0.9874440514342144,0.9853787155044355,0.9954278058908692,0.9945905462712846,0.6355461175505084,12,12,12.0,24.0,500,-0.10020982374086096,-3.6662680928445806e-05,22.41487887887023,3.269361245841224,1.4784008184071367,,,
R2,Seasonal,0.6963958190733655,0.9708783018293783,0.8256725863698582,0.9950203479481805,0.8326545521162239,12,12,12.0,24.0,500,0.0,0.0,22.8511447499573,6.992235571630855,1.8775494445114347,,,
R3,Stationary_AR,0.045179912111115494,0.17154254788752754,0.0995938505268339,0.6107998757110489,0.6467318504939855,None,100,,,500,0.0,0.0,0.0,0.0,5.0,0.5457333773962195,,
R4,Trending_ExponentialGrowth,0.9996666776992263,0.24443056032643207,0.9998380937283037,0.4672121820164695,0.5091756442944859,None,24,,,500,,,0.0,0.0,0.5434769925683157,,,
R1,Composite,0.9967533110018315,0.9892449020365242,0.999407123602963,0.9980373365863079,0.818744565821439,12,12,12.0,24.0,500,0.21728735735426197,-2.4558733981833907e-05,23.032117553964554,4.0332221051760895,1.0143916465823908,,,
R2,Seasonal,0.7291635375444931,0.9725445113793076,0.9146709735660542,0.9974312639856409,0.9083480944669937,12,12,12.0,24.0,500,0.0,0.0,15.209948620314114,4.722028764869451,0.9113320064008974,,,
R3,Stationary_WN,0.15845366803063643,0.1697098254150392,0.3948728487635612,0.25789429566434263,0.3341200295315242,None,3,,,500,0.0,0.0,0.0,0.0,7.819468934185405,,,
R4,Trending_MeanShift,0.9998633310551719,0.9994541594960717,0.9998577271013355,0.9994365981204224,0.0,None,250,,,500,,,0.0,0.0,1.108821522108791,,250.0,
R1,Composite,0.9983784815355716,0.9183318082057591,0.9999611878916403,0.9979125502311068,0.9761032751506682,24,24,24.0,48.0,500,-0.3597343559842635,-3.965196219567678e-05,10.304242279696705,5.733319451245505,0.5184064848198123,,,
R2,Seasonal,0.6883083239781719,0.9567099204693971,0.9202415495187692,0.9972527881746351,0.9385892208060936,24,24,24.0,48.0,500,0.0,0.0,26.609390817987514,10.284180929342394,1.513198084368034,,,
R3,Stationary_AR,0.1930826253481176,0.21805885947570514,0.2916157321995707,0.37771353262695295,0.4669108733752273,None,14,,,500,0.0,0.0,0.0,0.0,5.0,0.41050177289145967,,
R4,Trending_MeanShift,0.9999720831945169,0.9998885183228079,0.9996613800584025,0.9986840074602666,0.0,None,250,,,500,,,0.0,0.0,0.8480345471700574,,250.0,
R1,Composite,0.9966356137243786,0.984984720117864,0.9997125228347942,0.9987245815885601,0.9155553666988812,12,12,12.0,24.0,500,0.2419291262728353,2.9364877431549603e-05,24.729317055573084,5.696974052491388,0.9470685598399317,,,
R2,Seasonal,0.7477360501975032,0.920822446845755,0.9766708858238318,0.9978441669208865,0.9746138719846726,12,12,12.0,24.0,500,0.0,0.0,15.431896437101875,8.98525177433146,0.7521568706158538,,,
R3,Stationary_WN,0.15517935988397336,0.13692365864535383,0.3952709182302899,0.21005332332651805,0.3150991937358397,None,3,,,500,0.0,0.0,0.0,0.0,14.379914245188948,,,
R4,Trending_RandomWalkDrift,0.9984264963993869,0.13839619347624033,0.9997435285978651,0.6263382501425039,0.8377597599713604,None,24,,,500,,,0.0,0.0,0.6916345382904908,,,0.48366926633938057
R1,Composite,0.9978251140504162,0.9680844291471074,0.9996149646621547,0.9942988000147462,0.8229865703719128,24,24,24.0,48.0,500,-0.36660283401818206,4.690730423096445e-05,17.742890328771644,5.1591384963297,1.470585388187529,,,
R2,Seasonal,0.7069860147390001,0.9773688200587269,0.9712197310729779,0.9994743639965425,0.9771314665026818,24,24,24.0,48.0,500,0.0,0.0,25.68340267800946,7.279084543089811,0.570712068938314,,,
R3,Stationary_WN,0.22349468813184248,0.21114584734398767,0.35134866265674414,0.30783711724652674,0.28769463587674526,None,4,,,500,0.0,0.0,0.0,0.0,6.739781864093248,,,
R4,Trending_RandomWalkDrift,0.9983684898664745,0.1261463458394928,0.9998447233870169,0.655051461072138,0.9048082950019193,None,24,,,500,,,0.0,0.0,0.8355400780166419,,,-0.35491418940527
R1,Composite,0.9969307292482241,0.9665999029326448,0.9994639525221732,0.9941573621381172,0.8258807223321996,24,24,24.0,48.0,500,-0.2234528252867547,4.646991622590348e-05,12.127672408532709,3.4525074668585147,1.0235318092262573,,,
R2,Seasonal,0.6915031827134313,0.9594708301732746,0.9250590917106014,0.9975768670571384,0.9420482526412447,24,24,24.0,48.0,500,0.0,0.0,14.366874384242166,5.328762788718989,0.7623330991304387,,,
R3,Stationary_AR,0.14134665321398043,0.27366105466686497,0.26733520580814996,0.5135862730350915,0.6725238903629822,None,33,,,500,0.0,0.0,0.0,0.0,5.0,0.5914948332689128,,
R4,Trending_ExponentialGrowth,0.9990558654804913,0.27819014259533403,0.9993476654865893,0.3505139886539185,0.30845159006845935,None,24,,,500,,,0.0,0.0,0.6981094116018585,,,
R1,Composite,0.9979410100479513,0.960281135864267,0.9998841648823257,0.9977027974755851,0.9440491528847792,36,36,36.0,72.0,500,0.27275373196807184,-4.875758266805341e-05,11.340584376985323,4.113326798689125,0.5997836185186134,,,
R2,Seasonal,0.701834926096438,0.9806819475352181,0.9187609465564054,0.998668302306965,0.9322994883039372,36,36,36.0,72.0,500,0.0,0.0,29.11777870125225,7.505925166011283,1.0461449364212756,,,
R3,Stationary_AR,0.10531474445083122,0.14604742532923387,0.14302068097538356,0.44883874757262876,0.5746555951974663,None,45,,,500,0.0,0.0,0.0,0.0,5.0,0.46574270341859836,,
R4,Trending_ExponentialGrowth,0.9995009405249824,0.20541471446218296,0.9997267431807975,0.3860121919089874,0.4467260724443344,None,24,,,500,,,0.0,0.0,0.6491447081040751,,,
R1,Composite,0.9880313119809427,0.966718530910314,0.9987079882392345,0.9964099167504302,0.894455821329596,24,24,24.0,48.0,500,-0.21480389004180409,3.4245730712032665e-05,23.8582078613776,7.713616213283519,1.4275247324493814,,,
R2,Seasonal,0.6178931121464044,0.9746100760967124,0.7431959540729902,0.9956979741913335,0.8333367345992602,24,24,24.0,48.0,500,0.0,0.0,26.761364712237057,6.834589934671484,1.7795061107057724,,,
R3,Stationary_WN,0.217926797726555,0.12086861117332692,0.4912454867629271,0.15644623912893207,0.2297987831119661,None,2,,,500,0.0,0.0,0.0,0.0,9.510404434557934,,,
R4,Trending_MeanShift,0.9999773128409652,0.9999094629934979,0.9999244076519181,0.9997013938464053,0.0,None,250,,,500,,,0.0,0.0,0.6502991194329238,,250.0,
R1,Composite,0.9934243083370878,0.8326572679673102,0.9991081514583133,0.9738360593534511,0.8666880880912425,36,36,36.0,72.0,500,0.20928827132294045,1.7663502352848694e-05,8.022584108586726,6.1324619589874425,1.3685448564061908,,,
R2,Seasonal,0.6930964670700588,0.9621726891128028,0.9035264265410082,0.9970758901985587,0.925193275224422,36,36,36.0,72.0,500,0.0,0.0,20.871755546580733,7.480987925923207,1.1296340929447735,,,
R3,Stationary_AR,0.18888240441008186,0.31817122270723464,0.35654062263852193,0.5011768910226932,0.5472305742368858,None,33,,,500,0.0,0.0,0.0,0.0,5.0,0.5212969336299,,
R4,Trending_ExponentialGrowth,0.994863145911563,0.24912735405318542,0.9966453446465706,0.4118743738508449,0.3385529451147009,None,24,,,500,,,0.0,0.0,0.8022514991778814,,,
R1,Composite,0.9976425767904425,0.914323321319125,0.9992408366627606,0.9710126586469437,0.6798312772325827,36,36,36.0,72.0,500,0.26865234356791623,-3.5726765401423885e-05,8.159706006889852,2.8896266628879363,1.3888085878465342,,,
R2,Seasonal,0.6657595507828836,0.9875132828330336,0.8354981694046432,0.9984688321317783,0.8791025302496136,36,36,36.0,72.0,500,0.0,0.0,25.82931769208707,4.945850642276196,1.0217095462475472,,,
R3,Stationary_WN,0.1858588467159734,0.17164151542625572,0.2559347303960693,0.254532958690451,0.272650308437685,None,5,,,500,0.0,0.0,0.0,0.0,8.757439732390782,,,
R4,Trending_MeanShift,0.9998676750425903,0.9994648350193956,0.9963219807732308,0.9879470832903849,0.0,None,250,,,500,,,0.0,0.0,1.179514351556068,,250.0,
R1,Composite,0.9975021227341466,0.9527562655558796,0.9998038904742292,0.9958762692530428,0.9219893750799879,48,50,48.0,96.0,500,-0.3867727509285639,-1.1444363938537868e-05,17.763201367696944,6.341611852657042,1.3194301123398315,,,
R2,Seasonal,0.6554931677706172,0.9318717468420812,0.9422270041776504,0.9965038015812542,0.9550584377727768,48,50,48.0,96.0,500,0.0,0.0,14.726402088016393,6.763270212473625,0.9034490275042522,,,
R3,Stationary_AR,0.05961604355979622,0.26113261382549824,0.05427869911974559,0.5147896849218989,0.620395038106798,None,38,,,500,0.0,0.0,0.0,0.0,5.0,0.5477799047503525,,
R4,Trending_ExponentialGrowth,0.9995106693021275,0.25649427206596953,0.9996763904030974,0.36225009441951017,0.33336016524124057,None,24,,,500,,,0.0,0.0,0.5220233125280175,,,
R1,Composite,0.9950115183732555,0.907825659355875,0.9998749120431245,0.997530637323301,0.9751797402548487,24,24,24.0,48.0,500,-0.24443604662436288,-2.2620054746736323e-05,11.373377143462346,6.790250361316384,0.6260917570902402,,,
R2,Seasonal,0.6922610733345629,0.9593195812445671,0.9233520742010922,0.9975637189024434,0.9417339342082545,24,24,24.0,48.0,500,0.0,0.0,16.657695534792722,6.1498567273017555,0.9206266731933368,,,
R3,Stationary_WN,0.2008176763590509,0.1975907004512607,0.39136514321518223,0.32591248678032203,0.37105479794633756,None,4,,,500,0.0,0.0,0.0,0.0,13.820144527344878,,,
R4,Trending_RandomWalkDrift,0.0,0.7957717708047347,0.0,0.7552628050201203,0.0,None,250,,,500,,,0.0,0.0,1.0456456387481408,,,0.18747061322331782
R1,Composite,0.9994742438935684,0.9720002448172145,0.9999203719108032,0.9957057868318387,0.8485481901586982,24,24,24.0,48.0,500,-0.3428245064833808,4.6596145295929455e-05,8.73686165434471,2.3595995973096215,0.5873938741149642,,,
R2,Seasonal,0.6692201236538367,0.9264984991047835,0.8297363805054846,0.9900998474233041,0.8721894423166896,24,24,24.0,48.0,500,0.0,0.0,16.65534115987284,7.812452694909766,1.7228320878212398,,,
R3,Stationary_AR,0.2285305145019363,0.38895041142347264,0.3612534359911619,0.6163919072904172,0.6220116691573058,None,25,,,500,0.0,0.0,0.0,0.0,5.0,0.6364260355930756,,
R4,Trending_RandomWalkDrift,0.9940084711197895,0.0,0.9994885284976852,0.7727620091627978,0.9172930414903064,None,24,,,500,,,0.0,0.0,0.8522949088114153,,,-0.2365048758217775
R1,Composite,0.9983211517674899,0.9863704748293908,0.99988538903365,0.9990626769707118,0.9321828403543777,12,12,12.0,24.0,500,0.2320391558016669,-1.8516697039535205e-05,15.77941726109826,3.495636495703912,0.5653044084488249,,,
R2,Seasonal,0.7306278811497013,0.9166258952530105,0.9262201018053573,0.99305434225833,0.922678240539361,12,12,12.0,24.0,500,0.0,0.0,16.81488736250779,9.511837220844274,1.5662809385068477,,,
R3,Stationary_WN,0.09156979245630337,0.19541995906365017,0.2439150076786627,0.30032259630688996,0.3231184924501085,None,8,,,500,0.0,0.0,0.0,0.0,13.87756275666125,,,
R4,Trending_MeanShift,0.9998230249667984,0.9992977977203417,0.9998275178903084,0.9993222587403432,0.025702101244690745,None,250,,,500,,,0.0,0.0,1.0729418204188887,,250.0,
R1,Composite,0.9963616279761685,0.9570787854032572,0.9995580435841991,0.9947380757963544,0.8802817018482998,24,24,24.0,48.0,500,0.24653613342252334,1.3196859553988728e-05,14.786898499361985,5.350271642047112,1.0658641415734802,,,
R2,Seasonal,0.6985541153749744,0.9652768214679102,0.9519907955003887,0.9986758189457996,0.9628496138512085,24,24,24.0,48.0,500,0.0,0.0,29.01251683413982,10.113566141777547,1.1314382965991687,,,
R3,Stationary_WN,0.18446556396229885,0.1710781677163733,0.4333573260336807,0.2977866286891736,0.40164154049551826,None,3,,,500,0.0,0.0,0.0,0.0,9.17034019545037,,,
R4,Trending_MeanShift,0.9999553399983978,0.9998211160932687,0.9999016669354811,0.9996004221745706,0.0,None,250,,,500,,,0.0,0.0,1.1723023034456042,,250.0,
R1,Composite,0.9970948182878803,0.9751174054834238,0.9999218339292729,0.9992709938142853,0.9732761084131974,48,50,48.0,96.0,500,-0.32197831650340697,-3.762413880991921e-05,23.275762464371585,5.907517612617376,0.6096694097541274,,,
R2,Seasonal,0.5850330041558848,0.8865834045647076,0.7853067264737091,0.9813439977689751,0.8613182426273664,48,50,48.0,96.0,500,0.0,0.0,14.039436412557876,7.286305179101443,1.9534444030112574,,,
R3,Stationary_WN,0.019827923612446896,0.21413337957521517,0.037157081212948695,0.4056524521628654,0.3708572568272269,None,36,,,500,0.0,0.0,0.0,0.0,8.739879337748228,,,
R4,Trending_RandomWalkDrift,0.32262009192647634,0.6592715616935282,0.2816537081830681,0.08792526922239274,0.0,None,167,,,500,,,0.0,0.0,0.8591731922234657,,,-0.14091080206339748
R1,Composite,0.9960260099155671,0.9670099474533839,0.9996100175953245,0.9967058780102515,0.9029217953273353,12,12,12.0,24.0,500,0.2905798606799836,-4.527383170306986e-05,18.772697820706156,6.37442927390197,1.2513259651994657,,,
R2,Seasonal,0.7281315126273815,0.9671445347379982,0.9095586959427057,0.9967813942597766,0.9039941287526256,12,12,12.0,24.0,500,0.0,0.0,26.683244772726937,9.285736849007087,1.5490022412281355,,,
R3,Stationary_AR,0.33929534574679987,0.248835444078651,0.4731057822268866,0.37791076851376215,0.5288478482681548,None,11,,,500,0.0,0.0,0.0,0.0,5.0,0.6087651375077137,,
R4,Trending_RandomWalkDrift,0.9830499773034529,0.5754926475404709,0.9989821381741228,0.9717422840825584,0.9392432592139198,None,100,,,500,,,0.0,0.0,1.2739364062898795,,,0.15323887088270266
R1,Composite,0.9978952418332712,0.8922025579452624,0.9997012668858135,0.9835034435256337,0.858223181229883,24,24,24.0,48.0,500,-0.34262071272482364,-1.56009917718577e-05,9.240232531665571,5.405567734053649,1.249813929694532,,,
R2,Seasonal,0.6061964198691165,0.9132527135076889,0.6938588547822239,0.9820450223111311,0.8025574870585889,24,24,24.0,48.0,500,0.0,0.0,13.689757596581327,6.627788384722355,1.9336713313963374,,,
R3,Stationary_WN,0.09743053491049325,0.10044115250978247,0.26311616586114017,0.21399887020385477,0.33448641319286465,None,6,,,500,0.0,0.0,0.0,0.0,13.998963592353359,,,
R4,Trending_RandomWalkDrift,0.9884257861515117,0.0337455482146477,0.9990981049084255,0.729677096433676,0.9215008280594335,None,24,,,500,,,0.0,0.0,0.7735727967558226,,,-0.1973828982263129
R1,Composite,0.9993883968514675,0.996790467631524,0.9996116046963304,0.9979521605477953,0.3655605312374194,12,24,12.0,24.0,500,-0.14862139265473714,4.318614707386324e-05,8.344084533192499,7.620104946665277,0.5101946419595387,,,
R2,Seasonal,0.7393046646859681,0.9416197290779974,0.95444705925686,0.9970570628558764,0.9523771599022364,12,12,12.0,24.0,500,0.0,0.0,17.97179889293006,8.597160940386043,1.011348327870239,,,
R3,Stationary_AR,0.031981382098141276,0.3948046292288817,0.058327599122817264,0.5971344892971158,0.556316515901433,None,100,,,500,0.0,0.0,0.0,0.0,5.0,0.5598523385268629,,
R4,Trending_ExponentialGrowth,0.9986308412940655,0.2256076593261238,0.9990245366338932,0.35012989221976165,0.2826979502808413,None,24,,,500,,,0.0,0.0,0.7674877711431253,,,
R1,Composite,0.9935868130095047,0.9740564713751974,0.9986705246255423,0.9946572365516312,0.7938712659981844,24,24,24.0,48.0,500,-0.18646783363785024,-1.8380239747951733e-05,19.584962768262475,4.85198103477569,1.3722430782424333,,,
R2,Seasonal,0.6917355830866116,0.8209322205779712,0.915020978764659,0.986541502705474,0.9353590295634808,24,24,24.0,48.0,500,0.0,0.0,12.628998076387647,10.693968372221352,1.67874914035864,,,
R3,Stationary_AR,0.142263616278399,0.2989647614512285,0.1520577721496701,0.4079614624336815,0.5296436088935988,None,24,,,500,0.0,0.0,0.0,0.0,5.0,0.48989871177320865,,
R4,Trending_MeanShift,0.9999223752832076,0.9996878763651819,0.9991754284950846,0.9963679481280958,0.0,None,250,,,500,,,0.0,0.0,0.9289239480653428,,250.0,
R1,Composite,0.9940886342215719,0.9746359248538791,0.9985606222237053,0.9938246215159401,0.7591641089190566,12,12,12.0,24.0,500,-0.14754476213916132,-1.4987186875119317e-05,15.147172186151934,4.098944245746491,1.2536439723354542,,,
R2,Seasonal,0.7409602112658873,0.9711961041901676,0.9622198988239853,0.9988310404617449,0.9604066715126883,12,12,12.0,24.0,500,0.0,0.0,25.856453732908893,8.561514049838287,1.0443499539937253,,,
R3,Stationary_WN,0.05310210825346817,0.2247166692371162,0.1253380992906914,0.3421726261749978,0.2693664730695836,None,8,,,500,0.0,0.0,0.0,0.0,7.60135248123932,,,
R4,Trending_RandomWalkDrift,0.9880615439860408,0.9131613704199029,0.0,0.16871418967935092,0.0,None,167,,,500,,,0.0,0.0,0.5429241427662249,,,-0.2052058976135335
R1,Composite,0.9846890029290123,0.8984222530820066,0.9990928915125427,0.9936478574488621,0.9426639402696391,24,24,24.0,48.0,500,-0.17328479374244876,1.8960580092773074e-05,12.241366276836017,7.5696290420627745,1.060382094146396,,,
R2,Seasonal,0.686654259208552,0.9627540511183901,0.9081580212231645,0.9973821407752895,0.9313290067456746,24,24,24.0,48.0,500,0.0,0.0,27.22346399118902,9.5715582509352,1.4839473193790549,,,
R3,Stationary_AR,0.04626326184448526,0.39005380774930964,0.15381416205714415,0.6455071124899303,0.6079109167609007,None,83,,,500,0.0,0.0,0.0,0.0,5.0,0.45723491563827284,,
R4,Trending_MeanShift,0.9998976961118209,0.999595137114861,0.9984516796623097,0.9942513907842713,0.0,None,250,,,500,,,0.0,0.0,1.438766434763299,,250.0,
R1,Composite,0.9937137097045216,0.9650896038048216,0.9995338415165791,0.9973648718624522,0.9268598950985627,12,12,12.0,24.0,500,-0.21528662974871854,-1.957069916702569e-05,19.440382394244544,7.072428666420234,1.1663099677033115,,,
R2,Seasonal,0.7394334369425439,0.8859518552355609,0.9475705900857186,0.9929278037981483,0.9443645047941738,12,12,12.0,24.0,500,0.0,0.0,15.930914761750223,11.01767032511544,1.4426005759656664,,,
R3,Stationary_WN,0.12424245405813261,0.14792693753446984,0.32853364355405523,0.2501065058072758,0.29923754278506975,None,4,,,500,0.0,0.0,0.0,0.0,14.940764192685075,,,
R4,Trending_RandomWalkDrift,0.9987424009716808,0.13146261780022828,0.9998113879987183,0.6661832351227756,0.8504591168596928,None,24,,,500,,,0.0,0.0,1.432975823950223,,,-0.451915722667084
R1,Composite,0.9969064723633296,0.9783009967657363,0.9997531031108378,0.9982444391925335,0.9206804776687346,36,36,36.0,72.0,500,-0.1562755563598926,1.1206485266478482e-05,11.615245850067991,3.0930922765866153,0.5394996694016093,,,
R2,Seasonal,0.7179479734273224,0.9002673717539921,0.981598150533919,0.9983243458265346,0.9848016569395215,36,36,36.0,72.0,500,0.0,0.0,16.77187168071666,10.69155831554406,0.7585145465181724,,,
R3,Stationary_AR,0.17405955116689686,0.20350912475611926,0.2822159576490175,0.36757832403893265,0.4815076479360244,None,13,,,500,0.0,0.0,0.0,0.0,5.0,0.40875440308511346,,
R4,Trending_RandomWalkDrift,0.9066064025358943,0.47166968837511736,0.968116255536573,0.706893781146657,0.745525157288488,None,250,,,500,,,0.0,0.0,1.0040985073524489,,,-0.16416543448093104
R1,Composite,0.9933258792182093,0.9924146551211139,0.998055164415795,0.9978099376325534,0.7124200303434375,36,36,36.0,72.0,500,0.11079103392945547,-3.8824285585231034e-05,17.628318813011916,2.1566860725442716,0.8592504138361592,,,
R2,Seasonal,0.6888825728374209,0.773661640751151,0.9097896163850364,0.9799018226766976,0.9301920365063232,36,36,36.0,72.0,500,0.0,0.0,11.23112949790793,11.13396158858987,1.6550550258281036,,,
R3,Stationary_AR,0.041307661387165906,0.3381460280932158,0.17944542694082222,0.6872720501068509,0.6816887441643875,None,71,,,500,0.0,0.0,0.0,0.0,5.0,0.6837395329840508,,
R4,Trending_ExponentialGrowth,0.9899226796646007,0.21821425475136047,0.9932481949927047,0.34597276018569,0.3267421485161277,None,24,,,500,,,0.0,0.0,1.279200919480341,,,
R1,Composite,0.9811719846233735,0.892175105787322,0.9964018072647222,0.9771546091270208,0.8154009354893401,48,50,48.0,96.0,500,0.12803561486795653,-1.8461841630692234e-05,9.879106755413506,4.984574140990101,1.3542185546654975,,,
R2,Seasonal,0.6468409897006231,0.9662431358216954,0.9767700607088851,0.999380332507743,0.9833740744529098,48,50,48.0,96.0,500,0.0,0.0,24.431117610534116,7.603543654690382,0.6636649525471363,,,
R3,Stationary_WN,0.05604648081164476,0.14908810476252632,0.13021675920212472,0.28990947567603664,0.2842821312995166,None,9,,,500,0.0,0.0,0.0,0.0,13.659015011072414,,,
R4,Trending_ExponentialGrowth,0.9863775147899921,0.2146396876542599,0.9917853048078448,0.36418944864936664,0.4099835932006216,None,24,,,500,,,0.0,0.0,1.211080714056343,,,
R1,Composite,0.9988753387448431,0.9538030698505355,0.9997751308302687,0.9906666321168642,0.8009222046235338,24,24,24.0,48.0,500,0.2974078404331495,4.773479999373838e-05,9.902977290513224,3.446537345815911,0.9831549912451429,,,
R2,Seasonal,0.6973475639764579,0.9885371940471146,0.9383310154128888,0.9994464108253817,0.9519133995616323,24,24,24.0,48.0,500,0.0,0.0,25.463081338412042,5.025075951418073,0.6571270471032127,,,
R3,Stationary_WN,0.07256612415015717,0.22567808626913644,0.1580202296770684,0.402299459254262,0.3599842207287892,None,17,,,500,0.0,0.0,0.0,0.0,14.37606926934991,,,
R4,Trending_MeanShift,0.9999780274983241,0.9999125334332439,0.9999825862136994,0.999931057467703,0.20928009024849092,None,250,,,500,,,0.0,0.0,0.8775006728960512,,250.0,
R1,Composite,0.9987713007620611,0.967214644452667,0.9997038565396688,0.9920353699035684,0.759172367693275,24,24,24.0,48.0,500,-0.36250231068361183,-4.612443181190051e-05,14.91929386609064,3.837664644710328,1.429216655207186,,,
R2,Seasonal,0.7063993685431482,0.9803035427510827,0.968104523971515,0.9994987567147264,0.9748807049141922,24,24,24.0,48.0,500,0.0,0.0,24.891625713778033,6.58237091260929,0.552552402042609,,,
R3,Stationary_WN,0.11752658572170971,0.16008765798358227,0.3990790031768646,0.22575761869853106,0.2994995072223182,None,4,,,500,0.0,0.0,0.0,0.0,12.641461161707415,,,
R4,Trending_ExponentialGrowth,0.9850400276999776,0.22543655967801512,0.9906379682507236,0.39070072963334257,0.3617722557668349,None,24,,,500,,,0.0,0.0,0.8019196879540522,,,
R1,Composite,0.9979714678621355,0.9516086203235268,0.9998239470124389,0.995665629149028,0.9133806816161767,24,24,24.0,48.0,500,-0.22949078527516278,-1.2617587451827764e-05,9.530837607070467,3.7175062962909733,0.7540399735503887,,,
R2,Seasonal,0.6410853312436848,0.9430140974970777,0.8142206309190386,0.9927663150568211,0.8767331533802588,24,24,24.0,48.0,500,0.0,0.0,13.368438229577816,5.399905127910541,1.3822218068072578,,,
R3,Stationary_AR,0.05780952266535777,0.2789536159558811,0.14769285810440547,0.4816735696786638,0.4898560990982318,None,26,,,500,0.0,0.0,0.0,0.0,5.0,0.42342768762048955,,
R4,Trending_RandomWalkDrift,0.9625312053045062,0.8129036180527953,0.7532688071471761,0.17022626081058356,0.0,None,250,,,500,,,0.0,0.0,0.8517942578893414,,,-0.30222531131095964
R1,Composite,0.9920534108343381,0.9778925423255247,0.9985154407026618,0.995877854427785,0.8164876692602272,12,12,12.0,24.0,500,0.15825377473756708,-2.44727722688737e-05,17.874732238444864,4.5478643143237765,1.3013069825598738,,,
R2,Seasonal,0.6991180938910588,0.9371174569233471,0.847744882540536,0.99012352937163,0.8506961342984636,12,12,12.0,24.0,500,0.0,0.0,15.901149566070977,7.1827454686360985,1.8314588353583736,,,
R3,Stationary_AR,0.12723501991805597,0.2794508939763676,0.19953791525276676,0.5102044799606629,0.5638372542219915,None,21,,,500,0.0,0.0,0.0,0.0,5.0,0.5952606571081421,,
R4,Trending_RandomWalkDrift,0.9940599315996929,0.21657627988598505,0.9991641849870561,0.747702869034649,0.8591183829754289,None,24,,,500,,,0.0,0.0,1.054133350213386,,,0.301386173590089
R1,Composite,0.9858733531922871,0.9778220299664958,0.9988582260208839,0.9980234710666596,0.9207805133048448,48,50,48.0,96.0,500,-0.15824487313577024,4.8586854408225647e-05,21.541071290768055,4.171768255973656,0.8388541243757995,,,
R2,Seasonal,0.02257439627288982,0.956454872733969,0.08922282998612863,0.9829215126373773,0.6347203043548058,48,100,48.0,96.0,500,0.0,0.0,10.680406869912794,10.551520605168704,1.9782174159410442,,,
R3,Stationary_AR,0.19659388306747905,0.2897967938982017,0.24833162962228028,0.5081025525984212,0.5758588051430146,None,23,,,500,0.0,0.0,0.0,0.0,5.0,0.6018402459139661,,
R4,Trending_RandomWalkDrift,0.9927036336008349,0.11658842036134243,0.9995055661634282,0.6101870969589998,0.9324790853129159,None,24,,,500,,,0.0,0.0,1.0591728755401872,,,-0.3369059449362375
R1,Composite,0.9965249328887866,0.974578193395909,0.9997943623497583,0.9984829902841641,0.9411844134616976,24,24,24.0,48.0,500,-0.30077283235179547,-4.4747303030967226e-05,23.92382088879659,6.882086435292959,1.0102088066123864,,,
R2,Seasonal,0.6088311702337013,0.9784905756363573,0.7039122794566789,0.9957266990014558,0.8038805193931603,24,24,24.0,48.0,500,0.0,0.0,23.687490946481958,5.223510649449362,1.6523269904745388,,,
R3,Stationary_WN,0.14764214867869485,0.11202917811357505,0.43419002375204097,0.20055454952477303,0.3477423250838362,None,3,,,500,0.0,0.0,0.0,0.0,12.781054504757765,,,
R4,Trending_RandomWalkDrift,0.9792378846884814,0.0342776564450068,0.9981619912958022,0.7326338450948121,0.9121447861181959,None,24,,,500,,,0.0,0.0,0.6481544736210807,,,0.11461831243861638
R1,Composite,0.997470620467629,0.9874817606335854,0.9996978020175723,0.9984957793038582,0.8810356644797627,12,12,12.0,24.0,500,-0.15870227459935138,-4.093575927204544e-05,16.413224254397168,3.2554777155787873,0.7318277656148636,,,
R2,Seasonal,0.7423974497420858,0.8653104487140453,0.9569726309839798,0.9929819753660794,0.9542905630379119,12,12,12.0,24.0,500,0.0,0.0,14.41843009045676,11.263421627601849,1.3006591326984116,,,
R3,Stationary_AR,0.3480592782626226,0.2487657945736096,0.5193372255200598,0.4786192804613525,0.6053639254523633,None,14,,,500,0.0,0.0,0.0,0.0,5.0,0.6953176886843286,,
R4,Trending_ExponentialGrowth,0.9986912344280036,0.17635192921060794,0.99920287261252,0.32578754660131126,0.38498979952800483,None,24,,,500,,,0.0,0.0,1.2006391848832787,,,
R1,Composite,0.9922017133281181,0.9684284441557237,0.9996035244524792,0.9982371098081192,0.9500609444078406,48,50,48.0,96.0,500,-0.17668682969416138,-4.894764694480448e-05,19.933298827161913,5.560255481721476,0.7829766302880518,,,
R2,Seasonal,0.5584816246966493,0.9629740694431803,0.7465257671640552,0.9936591317638054,0.8449431078548932,48,50,48.0,96.0,500,0.0,0.0,21.088448568259352,5.8274751722265075,1.6548867455132803,,,
R3,Stationary_WN,0.08316006020534228,0.26373330751697055,0.16821497791325934,0.37590301025682715,0.3947724530146667,None,12,,,500,0.0,0.0,0.0,0.0,14.193063361129605,,,
R4,Trending_ExponentialGrowth,0.994111586642947,0.2996822428888216,0.9959938340018231,0.40130112741376933,0.31762714757141075,None,24,,,500,,,0.0,0.0,1.1319593233498821,,,
R1,Composite,0.9690722953560851,0.9617782146126367,0.9993118677091366,0.9992043898139351,0.9798928972930827,12,12,12.0,24.0,500,0.1019689025631468,-1.3953346246516884e-05,18.08945666891635,7.115432207696984,0.5593053148372715,,,
R2,Seasonal,0.06297221204947501,0.9949909987848448,0.07660393101610641,0.9966325203237392,0.33307063968908746,12,24,12.0,24.0,500,0.0,0.0,11.432014199043172,11.005468336526736,1.0018294634721565,,,
R3,Stationary_AR,0.15565178921250677,0.30510864886881306,0.4051605352619063,0.6132150546146429,0.6792402911961336,None,42,,,500,0.0,0.0,0.0,0.0,5.0,0.6876762104318203,,
R4,Trending_ExponentialGrowth,0.9805946404436466,0.2621051036287364,0.9857297110485785,0.34152527273381716,0.2534957846927386,None,24,,,500,,,0.0,0.0,1.1167773058755985,,,
R1,Composite,0.9902261408233171,0.9835096768433188,0.9995362754269554,0.9992257311588937,0.9539040871686691,36,36,36.0,72.0,500,0.10838701769961694,1.405907948731585e-05,18.150817186498053,4.36947860790752,0.5648906933604085,,,
R2,Seasonal,0.7055615446645294,0.9508687563160824,0.9467458305455014,0.997810725958093,0.9573811500259385,36,36,36.0,72.0,500,0.0,0.0,17.831567411708832,7.546864376209102,0.8739324345972992,,,
R3,Stationary_AR,0.006949697841555191,0.22521584669424988,0.0014373775529041843,0.5675811240152259,0.5331667846930491,None,100,,,500,0.0,0.0,0.0,0.0,5.0,0.41195504256265225,,
R4,Trending_ExponentialGrowth,0.9968916205331071,0.24632062635506935,0.9979663032699467,0.3983631867972016,0.34265080440110096,None,24,,,500,,,0.0,0.0,0.6749756581380358,,,
R1,Composite,0.9951684437681483,0.9560593342877253,0.9996396252373172,0.9966389745456599,0.9260330979579289,24,24,24.0,48.0,500,-0.12893001303016313,-1.9763401229165893e-05,9.114810049978002,3.5120978909296583,0.5572063334288039,,,
R2,Seasonal,0.6831419684688589,0.9903501442527031,0.9158523003846146,0.9994144058772885,0.9395697774754598,24,24,24.0,48.0,500,0.0,0.0,23.913879724575622,4.155070654658132,0.6895700240139174,,,
R3,Stationary_WN,0.1263222564195896,0.17843881072527923,0.2541909416866862,0.3359774634833853,0.3216689554992389,None,6,,,500,0.0,0.0,0.0,0.0,6.737661615203851,,,
R4,Trending_MeanShift,0.9999549351758104,0.9998201014238334,0.9999579784389824,0.9998322615690781,0.06771855211338507,None,250,,,500,,,0.0,0.0,0.9185989793361173,,250.0,
R1,Composite,0.9978742035594992,0.9795793948559554,0.9998523595173997,0.9985680784674749,0.9307394204237828,24,24,24.0,48.0,500,-0.37609250400339134,2.7521959033750265e-05,23.422296091358607,5.969706733700165,1.0250198153764005,,,
R2,Seasonal,0.676453503895226,0.9661560935892924,0.8713772556851176,0.9967244680915602,0.9053287221992958,24,24,24.0,48.0,500,0.0,0.0,23.34946655255724,7.79369388575911,1.4802048536169117,,,
R3,Stationary_AR,0.040928699698274285,0.2915445749826828,0.11769699318484506,0.6502141180914729,0.7021958347325653,None,83,,,500,0.0,0.0,0.0,0.0,5.0,0.6581526020751003,,
R4,Trending_ExponentialGrowth,0.9989449214035603,0.20831514705438414,0.9993788150483417,0.35501665393109805,0.40303096816063155,None,24,,,500,,,0.0,0.0,1.1522838575808507,,,
R1,Composite,0.9915025110931103,0.9496129687842876,0.9996095733034573,0.9976356970119845,0.9548857567967113,24,24,24.0,48.0,500,-0.11845967866659851,-4.3276361371701406e-05,11.373424598504776,4.740035739452547,0.6392230907650378,,,
R2,Seasonal,0.5883293514405956,0.9374978524101452,0.6467438385636508,0.9850909070729087,0.7696482419497164,24,24,24.0,48.0,500,0.0,0.0,15.357681055789389,5.71809272090239,1.9732414427158096,,,
R3,Stationary_AR,0.07642144991480015,0.20671735240355682,0.20707262295461848,0.6705502785645523,0.7301836313471476,None,71,,,500,0.0,0.0,0.0,0.0,5.0,0.6231767740765852,,
R4,Trending_MeanShift,0.9999291686753057,0.9997173957584915,0.9975714952228673,0.9916071681985426,0.0,None,250,,,500,,,0.0,0.0,1.4778035482292853,,250.0,
R1,Composite,0.9735334528471824,0.972528439323184,0.999331645534598,0.9992766856371489,0.9760690524505244,48,50,48.0,96.0,500,0.13539440945250084,-4.035427252143884e-05,24.14487513401724,6.543599695285639,0.6168752159368115,,,
R2,Seasonal,0.6656218865643717,0.9196526739458833,0.964546269903669,0.9974435402169475,0.9725036142878011,48,50,48.0,96.0,500,0.0,0.0,22.001571134948595,11.0855743050212,1.2858453799476965,,,
R3,Stationary_WN,0.005690575897415062,0.24887235167193866,0.0599769771904447,0.3728459714034362,0.30969951132056706,None,38,,,500,0.0,0.0,0.0,0.0,12.39423628689387,,,
R4,Trending_ExponentialGrowth,0.9929857666237789,0.15830323203528396,0.9953873389783052,0.3197571924964667,0.3454524145312716,None,24,,,500,,,0.0,0.0,0.7471561541828007,,,
R1,Composite,0.9960130286551115,0.9158860808490833,0.9998507182462172,0.9966689860550787,0.9628551355963242,24,24,24.0,48.0,500,-0.3276919369134016,-2.3139833529646577e-05,14.253418726090484,7.968523909469528,0.8896417064155059,,,
R2,Seasonal,0.7017201282241026,0.910996367963879,0.9642541734746732,0.9973797050360892,0.9726285340310253,24,24,24.0,48.0,500,0.0,0.0,19.20309943067207,11.253136326402227,1.1167122805126923,,,
R3,Stationary_WN,0.18688067937227248,0.14921692436277623,0.4681278580582535,0.19102300447999088,0.23627551928978385,None,2,,,500,0.0,0.0,0.0,0.0,9.244364780948391,,,
R4,Trending_MeanShift,0.9999534358180251,0.9998143490134762,0.9990856301087928,0.9961475957551521,0.0,None,250,,,500,,,0.0,0.0,1.3806315243974006,,250.0,
R1,Composite,0.996800458185531,0.992679983538107,0.9988817757684246,0.9974354744802656,0.6538413878483208,36,36,36.0,72.0,500,0.19009346210453226,-1.3127206911426606e-05,24.55954782064541,2.631421370472661,1.3388137236694615,,,
R2,Seasonal,0.6798686621731085,0.9812655059065364,0.8767188491465124,0.9981501030692742,0.9029508188266151,36,36,36.0,72.0,500,0.0,0.0,21.02942304953129,5.13424414058221,0.9685349085167174,,,
R3,Stationary_AR,0.2056535344553655,0.32336586993880834,0.3916822136999848,0.5618305020383199,0.6881700959021149,None,29,,,500,0.0,0.0,0.0,0.0,5.0,0.6172889423623454,,
R4,Trending_RandomWalkDrift,0.9722991208486046,0.11618571845819414,0.9944622086581557,0.5625697625589963,0.8173513309715066,None,24,,,500,,,0.0,0.0,1.1540074911286495,,,-0.15222713601651658
R1,Composite,0.9987880916353639,0.9784036002833443,0.9998453548358799,0.9969288124689604,0.8728460115771013,48,50,48.0,96.0,500,-0.3661080639604226,-2.504842361132265e-05,17.922666975240617,3.010959506244956,0.78087100896893,,,
R2,Seasonal,0.0024407960437843323,0.9757765113254736,0.03442204900324075,0.9923253611645777,0.6945381622538374,48,100,48.0,96.0,500,0.0,0.0,11.923206336815738,9.531747044952382,0.958794860486507,,,
R3,Stationary_WN,0.1786590394684563,0.18219183282470974,0.40923970982317825,0.27573115986129837,0.30186199233867916,None,4,,,500,0.0,0.0,0.0,0.0,12.158542803840806,,,
R4,Trending_MeanShift,0.9999331876344731,0.9997318081265111,0.9998833441188824,0.9995327873811952,0.0,None,250,,,500,,,0.0,0.0,1.480133526421898,,250.0,
R1,Composite,0.992078944772417,0.8927109460193196,0.9996083991170788,0.99436355376213,0.951809391119136,24,24,24.0,48.0,500,0.17845328523275866,1.0148205653636544e-05,9.58268407834857,6.146456859518352,0.7873631745399959,,,
R2,Seasonal,0.6333016802505762,0.965875753206882,0.7481736314015395,0.9937756263596618,0.8208269547349561,24,24,24.0,48.0,500,0.0,0.0,20.35174786668277,5.901102028275946,1.6556267759146512,,,
R3,Stationary_AR,0.21513997871921986,0.26271012536724236,0.2531463133970192,0.3892348521793192,0.4280161302808322,None,10,,,500,0.0,0.0,0.0,0.0,5.0,0.4128391441031414,,
R4,Trending_MeanShift,0.9999123831945826,0.9996488325581208,0.998552301995839,0.9938224338234443,0.0,None,250,,,500,,,0.0,0.0,1.318328626486701,,250.0,
R1,Composite,0.9933925639089773,0.9876402651983125,0.9993328925428291,0.9987615126354399,0.9006676660037738,36,36,36.0,72.0,500,0.12411559871980422,3.5768478687730534e-05,21.09884357423038,4.09908364033768,0.8139914828615982,,,
R2,Seasonal,0.6700087974522211,0.8651155520500762,0.8364847747007788,0.9809048593884171,0.876416770165937,36,36,36.0,72.0,500,0.0,0.0,11.623606694283282,7.844319538548639,1.622315936524667,,,
R3,Stationary_AR,0.08395652818417976,0.24310137010097632,0.25400880169985196,0.7340356403362793,0.6838267323016162,None,125,,,500,0.0,0.0,0.0,0.0,5.0,0.5527595459422207,,
R4,Trending_ExponentialGrowth,0.9936356638458936,0.18990789354597515,0.9961077781512342,0.41861230147231066,0.393191954901113,None,24,,,500,,,0.0,0.0,1.3447714062995044,,,
R1,Composite,0.9972497754242668,0.9798212387238884,0.999452379374792,0.9960111025374959,0.8015051412006003,24,24,24.0,48.0,500,-0.2731882742205082,4.6341956735136294e-05,18.527875263062217,3.866090647478215,1.17360810088224,,,
R2,Seasonal,0.6837051149183683,0.8293671918112376,0.9015935249397611,0.985582681413086,0.9275595510177805,24,24,24.0,48.0,500,0.0,0.0,10.043554125211882,8.115816256244775,1.3980725883049696,,,
R3,Stationary_WN,0.0681772881953654,0.1947031974018345,0.14298184228039879,0.3672091244780493,0.3405609074951915,None,13,,,500,0.0,0.0,0.0,0.0,8.177383728040036,,,
R4,Trending_RandomWalkDrift,0.9827332524054105,0.0,0.9978795129898452,0.5411819012385601,0.8806771752479208,None,24,,,500,,,0.0,0.0,0.901263468329402,,,-0.19365791034713178
R1,Composite,0.9984978509901961,0.9562615758494739,0.9998391820098481,0.9947691749801705,0.8932073744448852,48,50,48.0,96.0,500,0.37885890991366045,-4.808071026348382e-05,13.241132261166884,4.122795897840013,1.030256709512785,,,
R2,Seasonal,0.6336602423573016,0.9286476061973669,0.8872411465200865,0.9934004186411084,0.9186368677524261,48,50,48.0,96.0,500,0.0,0.0,21.14592555416819,9.472960621157629,1.6686880008581535,,,
R3,Stationary_WN,0.234195328712983,0.11408707490032,0.48856840506192056,0.1597348455078379,0.301529756426579,None,2,,,500,0.0,0.0,0.0,0.0,11.591912295578952,,,
R4,Trending_ExponentialGrowth,0.9931175518589571,0.25551325012627246,0.9955331556561082,0.405015522557852,0.35711743767931414,None,24,,,500,,,0.0,0.0,0.6477784543796726,,,
R1,Composite,0.9887772575578532,0.9795713071152095,0.9986257236598766,0.997542942443964,0.8811066058517637,12,12,12.0,24.0,500,0.13205730682121292,-3.4524571274663896e-05,17.532595869503915,4.497483039065932,0.8516294131219326,,,
R2,Seasonal,0.7495590622448409,0.9773754787114561,0.9745639705172077,0.9993548784156984,0.9720258792482598,12,12,12.0,24.0,500,0.0,0.0,22.258286939921526,6.655463416140847,0.6401448062735531,,,
R3,Stationary_WN,0.15351152696714732,0.17526653654454438,0.29630720752342055,0.2611320115062402,0.3235626017294825,None,5,,,500,0.0,0.0,0.0,0.0,14.821576117331452,,,
R4,Trending_MeanShift,0.9999598792142204,0.9998393164887852,0.9999163415398259,0.999666339008714,0.0,None,250,,,500,,,0.0,0.0,1.0992422875972339,,250.0,
R1,Composite,0.9962870386209673,0.979856379526444,0.9989148982390209,0.9935587242897063,0.709032084640348,48,50,48.0,96.0,500,-0.22913202666122962,-4.357796137387203e-05,21.826564926023153,2.1430825382539105,1.4273606377172237,,,
R2,Seasonal,0.6615293294050073,0.8821926833707329,0.9449474684128272,0.9939682897226301,0.9574529700046654,48,50,48.0,96.0,500,0.0,0.0,12.692012426087018,7.899617105048374,0.9943818252822707,,,
R3,Stationary_WN,0.1556807044253753,0.22963919168997315,0.30511977700232984,0.3109578875268636,0.24027154475359402,None,6,,,500,0.0,0.0,0.0,0.0,10.395735545037377,,,
R4,Trending_RandomWalkDrift,0.9977809535549825,0.0392296362505008,0.999810017628148,0.7106944215143216,0.9146598772785415,None,24,,,500,,,0.0,0.0,1.0327075209088332,,,0.4004319138357051
R1,Composite,0.9992816864454634,0.9856992049812037,0.9998985688896238,0.9977780122884489,0.8587857002066098,48,50,48.0,96.0,500,0.378189204568522,3.158135631244515e-05,17.952110183303667,2.0143916899248997,0.6224759628911586,,,
R2,Seasonal,0.6214699426591933,0.962562467294696,0.9152673341958009,0.9976950243026433,0.9448515096502836,48,50,48.0,96.0,500,0.0,0.0,28.76567906311212,9.002318633256058,1.4357689136684915,,,
R3,Stationary_AR,0.045399999826149395,0.2951659223079949,0.023896592686570517,0.6035524510933848,0.605502103090276,None,83,,,500,0.0,0.0,0.0,0.0,5.0,0.4217179726504884,,
R4,Trending_MeanShift,0.9998751579163132,0.9995000238177524,0.999852216728849,0.9994162785522448,0.0,None,250,,,500,,,0.0,0.0,1.131909229227607,,250.0,
R1,Composite,0.998556043372788,0.982319330230412,0.9997674288133541,0.9971245883997469,0.839380490380793,12,12,12.0,24.0,500,-0.36892054486534587,-3.202097653910917e-05,22.484299754330195,5.066573478011561,1.3500790887382559,,,
R2,Seasonal,0.6803922518869978,0.9013773509494595,0.7978284251376921,0.9804288942051972,0.8159090093472231,12,12,12.0,24.0,500,0.0,0.0,11.377267100512057,6.240085299602534,1.730661210372538,,,
R3,Stationary_WN,0.16531198373696598,0.049391543810954786,0.48746282616055714,0.06633251910582139,0.21824959062799898,None,2,,,500,0.0,0.0,0.0,0.0,10.268044937387144,,,
R4,Trending_MeanShift,0.9995997074956362,0.9984324820996091,0.9967285965064561,0.988265254538177,0.0,None,250,,,500,,,0.0,0.0,1.3512695307585003,,250.0,
R1,Composite,0.9990332780881466,0.9900175587927234,0.99987629843943,0.9987160845943459,0.8726563069694478,36,36,36.0,72.0,500,0.3806126122552538,-2.6764686569181563e-05,23.09663947086431,3.9414560327486656,0.8878031912633946,,,
R2,Seasonal,0.6895463493290392,0.8303013047391661,0.9003148835454198,0.9844032767476673,0.9227382398587158,36,36,36.0,72.0,500,0.0,0.0,11.061084640530922,9.158766292022907,1.5388397766660629,,,
R3,Stationary_WN,0.20622873064840408,0.1382063980078886,0.5038275376909438,0.1852722434702314,0.26674078986231997,None,2,,,500,0.0,0.0,0.0,0.0,13.660969916248277,,,
R4,Trending_MeanShift,0.9999886034559742,0.9999542720787715,0.991116002632922,0.9585045529140412,0.0,None,250,,,500,,,0.0,0.0,0.5463153476494282,,250.0,
R1,Composite,0.9916917643151092,0.9469237548792597,0.9997393175563957,0.9982820029991216,0.9691991922992913,36,36,36.0,72.0,500,-0.19309277248335133,-3.071104135055716e-05,16.777857492125346,7.5451611531510485,0.7572043230870386,,,
R2,Seasonal,0.6984370809631073,0.9102092189013272,0.9243444772196229,0.9940447726141639,0.9392083858178151,36,36,36.0,72.0,500,0.0,0.0,18.79454405246381,10.782582357982673,1.6903171048122028,,,
R3,Stationary_WN,0.03695055284190141,0.25888895097262743,0.06416680519488327,0.3655783408075348,0.3246905181686668,None,23,,,500,0.0,0.0,0.0,0.0,14.734858315248434,,,
R4,Trending_MeanShift,0.9999768054507986,0.9999073551319962,0.9999779853173527,0.9999122874165237,0.05096160317542642,None,250,,,500,,,0.0,0.0,0.7571518231772716,,250.0,
R1,Composite,0.9957353522890736,0.9828075593659557,0.9993472505022922,0.9971260096355583,0.8478404892422053,48,50,48.0,96.0,500,0.22392839459119362,1.9680128491505665e-05,23.637997555632726,3.7027169302011487,1.2825527342633751,,,
R2,Seasonal,0.681394171506241,0.8830437990616243,0.9830642914946671,0.9980363653070772,0.9859987431371721,48,50,48.0,96.0,500,0.0,0.0,13.626345824499804,8.780897238140149,0.5554626891708333,,,
R3,Stationary_WN,0.09294905522498509,0.25732028730625867,0.1930663656340167,0.396212624502301,0.32104235500478295,None,12,,,500,0.0,0.0,0.0,0.0,8.100758156621302,,,
R4,Trending_MeanShift,0.9998480430292271,0.9993956433423064,0.9998147388438561,0.9992591480993659,0.0,None,250,,,500,,,0.0,0.0,1.3635803623343383,,250.0,
R1,Composite,0.9981576954537316,0.9930576066501445,0.999677961241006,0.9987840914139527,0.8251731092774663,12,12,12.0,24.0,500,-0.17730579949045,-3.471285562472939e-05,20.517434864219418,2.850316623902665,0.8014657425968548,,,
R2,Seasonal,0.6647751155066929,0.9436035871639014,0.758812510392094,0.9870633447157257,0.7770836360629357,12,12,12.0,24.0,500,0.0,0.0,15.136405937911716,5.990643041064399,1.881767868749993,,,
R3,Stationary_WN,0.24938991829876567,0.17831301577734016,0.3697355285119369,0.2578009094277901,0.312273486900987,None,3,,,500,0.0,0.0,0.0,0.0,8.044987178373415,,,
R4,Trending_MeanShift,0.9999745810868143,0.9998982595243563,0.9999725804103878,0.9998904350014404,0.0,None,250,,,500,,,0.0,0.0,0.557756892381769,,250.0,
R1,Composite,0.9967854653536211,0.9635113964195698,0.9998297549759709,0.9980378281158311,0.9475555373245546,24,24,24.0,48.0,500,0.2555769753621111,-2.3805715266522507e-05,14.449102828397159,5.035880738486034,0.729292915487599,,,
R2,Seasonal,0.6623948529212089,0.9488013804009156,0.8299863611204235,0.9932360447282665,0.8722574288100882,24,24,24.0,48.0,500,0.0,0.0,21.176996948116887,8.215552723578796,1.8942335634655656,,,
R3,Stationary_AR,0.014109205354666421,0.32400862694416466,0.07547906661010217,0.5874571212501977,0.6039431657154004,None,71,,,500,0.0,0.0,0.0,0.0,5.0,0.653135142313071,,
R4,Trending_ExponentialGrowth,0.9932658524145085,0.2555425667836715,0.9958742423631451,0.37218330190293303,0.38992801198187854,None,24,,,500,,,0.0,0.0,1.4596556853909746,,,
R1,Composite,0.9982752434815508,0.9817750331703129,0.9997204879785849,0.996999130759682,0.8377540346788996,36,36,36.0,72.0,500,-0.15761551506419633,-1.2505647230468547e-05,10.221697010937207,2.2199762294561536,0.5621883964979675,,,
R2,Seasonal,0.7058049661048629,0.8968499991155744,0.9496924376017921,0.9954475646132793,0.9600615158509783,36,36,36.0,72.0,500,0.0,0.0,14.617109501183096,9.367087736764534,1.036263398829467,,,
R3,Stationary_AR,0.18459273206096072,0.21089854708490585,0.3219990555480573,0.3590649584684369,0.601705880563723,None,10,,,500,0.0,0.0,0.0,0.0,5.0,0.4415836428532259,,
R4,Trending_MeanShift,0.9997802568802252,0.999125572466315,0.9994536250395477,0.9978531353982544,0.0,None,250,,,500,,,0.0,0.0,1.4972316794337228,,250.0,
R1,Composite,0.9992749675191088,0.9924658307403975,0.9998203370642598,0.998132963884131,0.7527418443504805,24,24,24.0,48.0,500,-0.3191219915669984,3.110357250888766e-05,19.16502416136976,2.289924251806449,0.848599571149637,,,
R2,Seasonal,0.6809205926187345,0.8786411609836344,0.8857300743785661,0.9886165345197017,0.9150934040168978,24,24,24.0,48.0,500,0.0,0.0,11.348401310299312,7.514205988448944,1.3300680446519029,,,
R3,Stationary_WN,0.13577649481067255,0.2068068741343111,0.24041030509776795,0.30535942231821356,0.2752340882344908,None,6,,,500,0.0,0.0,0.0,0.0,13.677868994441237,,,
R4,Trending_ExponentialGrowth,0.9987300895114071,0.2683295737244018,0.9992233613207078,0.4473638314551863,0.38401119069740486,None,24,,,500,,,0.0,0.0,1.3921740833351388,,,
R1,Composite,0.997551349632365,0.9923909963260884,0.999607783844502,0.9987814602064429,0.8403970501583284,12,12,12.0,24.0,500,-0.12860132494010762,-2.9193577005394307e-05,16.705508639158516,2.523834707248607,0.6305938709147975,,,
R2,Seasonal,0.7364574232322995,0.9747482185450012,0.9423783624281394,0.998450295137594,0.9399697903009513,12,12,12.0,24.0,500,0.0,0.0,29.736147508795913,9.209834751515064,1.1780579564009466,,,
R3,Stationary_AR,0.07813317333033476,0.29608484713910466,0.12189112905780908,0.5701699230315294,0.6532664079914157,None,62,,,500,0.0,0.0,0.0,0.0,5.0,0.6682509782801024,,
R4,Trending_MeanShift,0.9999299008582384,0.9997203533995876,0.9999506628439842,0.999801862780184,0.29588951697639054,None,250,,,500,,,0.0,0.0,1.3613239154123793,,250.0,
R1,Composite,0.997110962166276,0.9456229500491199,0.9995594547564656,0.9914783150374017,0.8486377475046423,24,24,24.0,48.0,500,0.289585610734618,-2.1963043747845522e-05,12.561163628562976,4.922613229702241,1.2587582155736516,,,
R2,Seasonal,0.6553021905094626,0.9321548092872308,0.8089840489884517,0.9901449917563386,0.8616511707527469,24,24,24.0,48.0,500,0.0,0.0,17.041760431166672,7.564331555750228,1.9185607660705584,,,
R3,Stationary_WN,0.08002572702223298,0.2469538762573369,0.09044602379104827,0.3870517726960714,0.32093289922594426,None,22,,,500,0.0,0.0,0.0,0.0,9.683730487778655,,,
R4,Trending_MeanShift,0.9998911010927269,0.9995659909023785,0.9998473874711407,0.9993933736919574,0.0,None,250,,,500,,,0.0,0.0,1.3393814844954925,,250.0,
R1,Composite,0.9981143512291467,0.9753961073742698,0.9996744537767958,0.9957217103770944,0.8282969221483532,12,12,12.0,24.0,500,0.27377451268952724,3.2282253840842294e-05,16.29919586535162,4.380010820851533,1.1107262224433825,,,
R2,Seasonal,0.745189672116466,0.9665001325355441,0.9666826933679429,0.9987694565297788,0.9643099411721364,12,12,12.0,24.0,500,0.0,0.0,28.52712087027341,10.418885039536521,1.0414755429211568,,,
R3,Stationary_AR,0.1164736058423903,0.30669212471730856,0.17522185718519256,0.6089586976989201,0.6686724366262244,None,36,,,500,0.0,0.0,0.0,0.0,5.0,0.59388671179583,,
R4,Trending_MeanShift,0.9999152370050537,0.9996622843647791,0.9998733590945478,0.9994892236317698,0.0,None,250,,,500,,,0.0,0.0,0.9774248730031061,,250.0,
R1,Composite,0.9970576340576778,0.9673256245722053,0.9998996741763126,0.9987740299673714,0.9661210193837638,48,50,48.0,96.0,500,-0.25030254128753304,-4.699372175810148e-05,16.29042604829801,4.844145909406005,0.6088764964893326,,,
R2,Seasonal,0.6670112651327076,0.9309670157501151,0.9779920721409322,0.9986620104828859,0.9830745982179613,48,50,48.0,96.0,500,0.0,0.0,20.120882985119486,9.409577629692913,0.719322724495076,,,
R3,Stationary_AR,0.16378579773669766,0.277871252415549,0.3788018665095719,0.5651550605007558,0.677360937970525,None,42,,,500,0.0,0.0,0.0,0.0,5.0,0.664758348822985,,
R4,Trending_ExponentialGrowth,0.9985301551680558,0.22621372421665276,0.9991041194187293,0.35491064466537237,0.38578635590619237,None,24,,,500,,,0.0,0.0,1.2738817879997084,,,
R1,Composite,0.9849210955153527,0.8482487668438599,0.9994491729652271,0.9937962928602575,0.964977861855818,36,36,36.0,72.0,500,0.13585377073756943,4.789496574138582e-05,9.584353318312523,7.49914903732866,0.8853266223866075,,,
R2,Seasonal,0.6883398706747268,0.9376308820878577,0.9121655391700773,0.9955594720636779,0.9332687045467761,36,36,36.0,72.0,500,0.0,0.0,22.525809903712243,10.238798401748078,1.7033125117464578,,,
R3,Stationary_WN,0.12043830046865223,0.15719157210996781,0.2834314312238517,0.2577102492080936,0.3506082074018967,None,5,,,500,0.0,0.0,0.0,0.0,8.78245222473867,,,
R4,Trending_RandomWalkDrift,0.9762745487784341,0.2531524579287675,0.9962814604391806,0.7132640136590648,0.8460464436132771,None,24,,,500,,,0.0,0.0,1.2743104392213183,,,-0.2321890857583645
R1,Composite,0.9981643359624893,0.9810183925709139,0.9995884455789649,0.9953931651651019,0.7767979326558851,48,50,48.0,96.0,500,-0.3798294949507943,4.206055618722818e-05,22.504236287856077,2.984902236835261,1.1343478610410833,,,
R2,Seasonal,0.012696088221802904,0.9742827227524931,0.013180237434475162,0.9930855083425487,0.7468078455624139,48,100,48.0,96.0,500,0.0,0.0,14.924488289101552,11.254741666872285,1.6420686458752058,,,
R3,Stationary_AR,0.16127968413383376,0.34415011355086533,0.31685768169630835,0.507502251472344,0.5598437800729653,None,25,,,500,0.0,0.0,0.0,0.0,5.0,0.6018200575471346,,
R4,Trending_RandomWalkDrift,0.9724019088925838,0.16892762671788808,0.9989723361904717,0.9642562060998165,0.9651518207485881,None,125,,,500,,,0.0,0.0,1.299366990537223,,,-0.30412303677424984
R1,Composite,0.9978201037943856,0.985826513557143,0.9998272482211188,0.9987788157530895,0.9209837840514096,48,50,48.0,96.0,500,-0.2795139410723827,-3.141973427510781e-05,23.239551846912924,3.754396484668481,0.7955640239055246,,,
R2,Seasonal,0.646762850410289,0.8603836417225429,0.9013209566482845,0.9872097942601987,0.92509640492708,48,50,48.0,96.0,500,0.0,0.0,14.168079936452493,9.527063329786955,1.9679757747598807,,,
R3,Stationary_AR,0.21576726338214125,0.1369769924446319,0.3629772143447393,0.2931500823940869,0.45875743193902097,None,8,,,500,0.0,0.0,0.0,0.0,5.0,0.42209190507441874,,
R4,Trending_RandomWalkDrift,0.988620241915706,0.21521086588828797,0.9984021413464462,0.7320108686670246,0.861477404867468,None,24,,,500,,,0.0,0.0,1.4094124292511014,,,0.1528802593262645
R1,Composite,0.9990707147727993,0.9854394508247213,0.9995871782458285,0.9934208722201436,0.5570968080465488,12,12,12.0,24.0,500,0.39266657580629516,-2.003396421442568e-05,19.431320438483443,2.6422596600748296,1.4798839940355693,,,
R2,Seasonal,0.753709056914805,0.8656552933622468,0.9856330555483367,0.9975487276928875,0.9840382572638083,12,12,12.0,24.0,500,0.0,0.0,14.88918688433293,11.757149270509114,0.6892985878037807,,,
R3,Stationary_WN,0.1868398507940816,0.10695741022398675,0.5237834930290624,0.14742826109706364,0.2825914525431572,None,2,,,500,0.0,0.0,0.0,0.0,8.48195345731309,,,
R4,Trending_RandomWalkDrift,0.9979341210056695,0.14662724448541475,0.9997970884726405,0.722509612235898,0.902090038722838,None,24,,,500,,,0.0,0.0,0.7605965327866084,,,0.46479419330788263
R1,Composite,0.9917317091470902,0.9282386988519588,0.9997156220898781,0.9972166095864805,0.9662035713487064,48,50,48.0,96.0,500,0.2520529248865241,-3.515700983132749e-05,15.988565364983412,7.649082709505027,0.8646532851384137,,,
R2,Seasonal,0.6019519814342424,0.972663315489277,0.9282896366830538,0.9986937282436337,0.9569477915140264,48,50,48.0,96.0,500,0.0,0.0,26.78387112797415,6.933961608701731,0.9318022887212676,,,
R3,Stationary_WN,0.12849976558663934,0.2626082034051638,0.198367085215724,0.3591748119994973,0.24743221557140938,None,11,,,500,0.0,0.0,0.0,0.0,5.5049761674456406,,,
R4,Trending_RandomWalkDrift,0.973724462844915,0.0,0.9981079495146418,0.7661744232886722,0.9300277135630817,None,24,,,500,,,0.0,0.0,1.1159755546090695,,,0.14340213145448036
R1,Composite,0.9993318721432848,0.9726404389837146,0.9997835110062375,0.9911483216162823,0.6759419160017748,24,24,24.0,48.0,500,0.39067124736347025,3.5155196525491645e-05,12.833443995794047,2.6875018139567683,1.2086514624979652,,,
R2,Seasonal,0.6924225495264141,0.9236304736008278,0.9241264483679174,0.9954001727550732,0.943270992280846,24,24,24.0,48.0,500,0.0,0.0,18.444681337484816,9.59502638456074,1.3673762031067973,,,
R3,Stationary_AR,0.12877436092851213,0.2563855881945343,0.21808187112747857,0.4536157259069117,0.5400365721678042,None,18,,,500,0.0,0.0,0.0,0.0,5.0,0.4626503901607885,,
R4,Trending_ExponentialGrowth,0.9528531758232116,0.2372309900635572,0.9704541155306216,0.4050457919723096,0.3928181181620696,None,24,,,500,,,0.0,0.0,1.4019144904641756,,,
R1,Composite,0.9936601037216076,0.937116679652587,0.9998509614779449,0.9983405576895512,0.9768435623357197,48,50,48.0,96.0,500,-0.3007358094699911,3.9268601048766175e-05,17.53767267486624,7.75978446821047,0.749800477408941,,,
R2,Seasonal,0.4032226130776242,0.9638532603205727,0.6495845401114626,0.9947558740687812,0.8745544523385183,48,50,48.0,96.0,500,0.0,0.0,23.642070720860723,5.254423127649978,1.349902792570154,,,
R3,Stationary_AR,0.08214296934320187,0.2890889582643942,0.42039789996388777,0.5961502898941167,0.7552556461874221,None,36,,,500,0.0,0.0,0.0,0.0,5.0,0.6119463785539333,,
R4,Trending_MeanShift,0.9999614206088479,0.9998450166570414,0.999834895539082,0.9993457668682142,0.0,None,250,,,500,,,0.0,0.0,0.6878875517411606,,250.0,
R1,Composite,0.9705039057557527,0.9448674075303745,0.9990341550616834,0.9980984265009608,0.9694120194788216,48,50,48.0,96.0,500,-0.11791071944909223,-2.1117483045438546e-05,18.874393686180877,7.737254537542828,0.8695974059450629,,,
R2,Seasonal,0.5947666835119078,0.9598909922816143,0.8444116807168498,0.9956402148780101,0.9041631413567995,48,50,48.0,96.0,500,0.0,0.0,23.20457021726923,7.01351827582299,1.4067475755174093,,,
R3,Stationary_WN,0.035666056312021466,0.2835521231688205,0.05093439241263176,0.412709025014243,0.3445399449487573,None,29,,,500,0.0,0.0,0.0,0.0,6.909317828501899,,,
R4,Trending_MeanShift,0.9995141282031644,0.9980544626860056,0.9995692042178561,0.9982793261235884,0.1138047615179516,None,250,,,500,,,0.0,0.0,1.150781869733938,,250.0,
R1,Composite,0.9974589621121117,0.9630889420320051,0.999630545277121,0.9938899799420997,0.8552041806545309,48,50,48.0,96.0,500,-0.34565497988511373,1.7795534839265102e-05,17.3711122833115,4.505782727018699,1.2980622557699948,,,
R2,Seasonal,0.626412477647465,0.9201365131114023,0.8720731563386349,0.9916902717234085,0.9102352208778985,48,50,48.0,96.0,500,0.0,0.0,19.71971666880954,9.274457131773975,1.8040535964368103,,,
R3,Stationary_WN,0.24191374169272883,0.15258064860651777,0.5080406138801213,0.19725694712407427,0.2653366841783712,None,2,,,500,0.0,0.0,0.0,0.0,7.226439469851823,,,
R4,Trending_ExponentialGrowth,0.9801853761701327,0.22443224825983776,0.9878192331319684,0.36087847983713506,0.3971677847332362,None,24,,,500,,,0.0,0.0,0.9926460901359816,,,
R1,Composite,0.9901660780248314,0.9667193288142101,0.999099587676795,0.9969396758734711,0.9102230982527331,36,36,36.0,72.0,500,-0.13034672955753596,4.528664837861123e-05,12.026079517035349,3.8582361365303877,0.6824643807199521,,,
R2,Seasonal,0.6729136719301192,0.9689699598548416,0.8848836618378824,0.9973321995656761,0.9164931216398,36,36,36.0,72.0,500,0.0,0.0,24.26629630390789,7.437451881007792,1.3395509231182734,,,
R3,Stationary_AR,0.14049102124406132,0.3175622943896872,0.27970298687869277,0.6762112168291333,0.7156759858701568,None,62,,,500,0.0,0.0,0.0,0.0,5.0,0.6935215103070963,,
R4,Trending_MeanShift,0.9999283622173247,0.9997140415072062,0.9998858424863203,0.9995501631741941,0.0,None,250,,,500,,,0.0,0.0,1.2236312251089043,,250.0,
R1,Composite,0.9928790844801696,0.9509956001848358,0.9996540999819167,0.9973835624605106,0.9521433206230736,48,50,48.0,96.0,500,0.20324895113942548,-1.952626162133192e-05,14.990049667174645,5.725296098965895,0.7247641725521381,,,
R2,Seasonal,0.6739596787787085,0.9000294136115039,0.9785141913529724,0.9980006736700728,0.9830857301735975,48,50,48.0,96.0,500,0.0,0.0,20.536254037064147,11.958424467345292,0.9683442374082956,,,
R3,Stationary_WN,0.25832678300904544,0.09774908931018544,0.4659855384943653,0.13279002715058985,0.23136620543017383,None,2,,,500,0.0,0.0,0.0,0.0,14.96289790185204,,,
R4,Trending_MeanShift,0.999974724463958,0.9998986795464994,0.9999515236775021,0.9998067281955693,0.0,None,250,,,500,,,0.0,0.0,0.7117684386035276,,250.0,
R1,Composite,0.9937388297243672,0.9702327516212623,0.9995513665531406,0.9978545348844045,0.9296530422448831,12,12,12.0,24.0,500,0.12997694532408977,-2.0623455206038867e-05,11.0809697406843,3.7179939014369334,0.555648540159082,,,
R2,Seasonal,0.7473460521607171,0.980195341663939,0.9705389045763575,0.9993503033551984,0.9677441869306347,12,12,12.0,24.0,500,0.0,0.0,29.612643550548384,8.39427407404235,0.8402961030802267,,,
R3,Stationary_WN,0.27988486421233305,0.1149926346503336,0.5200812514495684,0.1449944205988849,0.2199586124099394,None,2,,,500,0.0,0.0,0.0,0.0,6.226079499805116,,,
R4,Trending_MeanShift,0.9999800594432713,0.9999202290172834,0.9997180752829966,0.9989139305159556,0.0,None,250,,,500,,,0.0,0.0,0.7045802006024627,,250.0,
R1,Composite,0.989461219176365,0.9634626071272095,0.9994728830580973,0.9980197500909762,0.9512187152349406,48,50,48.0,96.0,500,-0.22748895449636233,-1.3979771766229123e-05,24.989471280441354,7.7709761553538765,1.2414480845328595,,,
R2,Seasonal,0.6543359253859673,0.9454532652733182,0.9585027513542493,0.9980990165780871,0.9691718487009114,48,50,48.0,96.0,500,0.0,0.0,17.337823015606133,6.916897513722555,0.8057823022485923,,,
R3,Stationary_AR,0.187282958761969,0.34374883839199244,0.2708117541182933,0.5054823212758335,0.46138146310011185,None,36,,,500,0.0,0.0,0.0,0.0,5.0,0.5528025622391957,,
R4,Trending_ExponentialGrowth,0.9983102029769878,0.2702082104854078,0.9988768281310371,0.3819383708699875,0.33061432550348624,None,24,,,500,,,0.0,0.0,1.1971114960942595,,,
R1,Composite,0.9992388092120166,0.991062783352173,0.999858105416338,0.9983308827741579,0.8139686844079737,12,12,12.0,24.0,500,0.3176567770843557,-4.1780267718052184e-05,17.5696096810605,2.823932704498121,0.7142382395541157,,,
R2,Seasonal,0.5387499860249414,0.9366592677216161,0.5231293255657529,0.9774918790528253,0.6581626505962963,12,12,12.0,24.0,500,0.0,0.0,12.496272783048068,4.097067551203796,1.8057273363456428,,,
R3,Stationary_AR,0.09901527558893797,0.3141434423821432,0.18360552835894228,0.5497847150177015,0.6362448262114533,None,33,,,500,0.0,0.0,0.0,0.0,5.0,0.6599495369529051,,
R4,Trending_MeanShift,0.9999808587451721,0.999923733011154,0.9999375279839379,0.9997499886912368,0.0,None,250,,,500,,,0.0,0.0,0.6800514906037521,,250.0,
R1,Composite,0.9971230109166885,0.9590586287407472,0.9992729709317567,0.9893221391652121,0.7482569362509996,36,36,36.0,72.0,500,0.21589739716753492,1.848385092780987e-05,11.883628702569744,3.3089992170365763,1.155640289119178,,,
R2,Seasonal,0.7156396507729013,0.8849859149099542,0.9822377083368795,0.9981022718966098,0.9853159171356111,36,36,36.0,72.0,500,0.0,0.0,12.386162879119569,8.400936772847626,0.5365364055852441,,,
R3,Stationary_AR,0.03645402738999215,0.17496338828402647,0.07940542859052768,0.5906058503356724,0.7193128918352119,None,56,,,500,0.0,0.0,0.0,0.0,5.0,0.640119439849976,,
R4,Trending_ExponentialGrowth,0.9975930292792069,0.2784801665839056,0.9982796664503042,0.38180183091338205,0.2863103257701378,None,24,,,500,,,0.0,0.0,0.7039458998089028,,,
R1,Composite,0.997394572191016,0.8153767199925466,0.9999628287151409,0.9968817540718904,0.9858001843299788,24,24,24.0,48.0,500,-0.3904505362835947,-2.3891290373619842e-05,8.669228101896701,7.822964286774221,0.5006119944768347,,,
R2,Seasonal,0.6981724700398297,0.9448196830808399,0.9398050859182989,0.9973478342153994,0.9540355774441572,24,24,24.0,48.0,500,0.0,0.0,26.3058655381365,11.648724479558231,1.4732596429546616,,,
R3,Stationary_WN,0.053764122813986015,0.24377837427712123,0.1512040457305478,0.35827542046083416,0.3310325152092164,None,20,,,500,0.0,0.0,0.0,0.0,10.259482923676416,,,
R4,Trending_RandomWalkDrift,0.9983948320843712,0.8869349018105067,0.908800023657134,0.0,0.0,None,250,,,500,,,0.0,0.0,0.75460531249261,,,0.3495742185757723
R1,Composite,0.9984524325962466,0.9607486431277961,0.9999287149861054,0.9981319823347873,0.9541687269562001,36,36,36.0,72.0,500,0.29040804680413723,3.293306881374719e-05,12.153601020421274,4.58879517834196,0.5681910920750011,,,
R2,Seasonal,0.573591452821024,0.9900068894582676,0.6411111250817638,0.9977394633949226,0.7754489842540995,36,36,36.0,72.0,500,0.0,0.0,29.730298579932814,4.347131940912088,1.5120169664260499,,,
R3,Stationary_WN,0.06809991315660158,0.10396582490660233,0.4141027859808115,0.16211966865404603,0.34773709468766967,None,3,,,500,0.0,0.0,0.0,0.0,8.586302679304378,,,
R4,Trending_RandomWalkDrift,0.9568601870065345,0.644817758322107,0.9831958893133002,0.8106019686369774,0.6807047700383322,None,250,,,500,,,0.0,0.0,1.0095256704136857,,,-0.36696431696344234
R1,Composite,0.9940604904398995,0.973654366841565,0.999199179681695,0.9960298772430286,0.8658035804676611,48,50,48.0,96.0,500,0.23362181386527148,2.1157487039142117e-05,23.54778745629534,4.839215712141299,1.4023868603108753,,,
R2,Seasonal,0.6331170803138753,0.957110345669984,0.9326846266743666,0.997789624291225,0.9539683853844273,48,50,48.0,96.0,500,0.0,0.0,21.160722041040955,7.265419219560635,1.0700383610275144,,,
R3,Stationary_AR,0.057866637578627755,0.3021357358914811,0.10549536630333956,0.6024174519088975,0.6216093522364001,None,56,,,500,0.0,0.0,0.0,0.0,5.0,0.6322755267420026,,
R4,Trending_RandomWalkDrift,0.9954803540168675,0.8209017646490898,0.2371626353553441,0.08464189877068451,0.0,None,167,,,500,,,0.0,0.0,0.850613513573857,,,0.3967206567984074
R1,Composite,0.999332674478411,0.9753777322015964,0.9999450348427995,0.9979243823760653,0.9178020096582282,36,36,36.0,72.0,500,0.39342110358583704,3.9820411351536263e-05,13.75981232650484,3.870398184784724,0.7293419851886724,,,
R2,Seasonal,0.7010040467341602,0.9014217465909314,0.9504000143144428,0.9958092547249389,0.9615535742844339,36,36,36.0,72.0,500,0.0,0.0,16.4612016906271,9.889299496317982,1.245930650069911,,,
R3,Stationary_WN,0.11978340756226169,0.21550079788691812,0.28626902290265444,0.2795511341201632,0.2571435128594518,None,5,,,500,0.0,0.0,0.0,0.0,11.801452738472767,,,
R4,Trending_ExponentialGrowth,0.9958766429983354,0.25797037199396444,0.997364253867214,0.3892011772751153,0.3602836696045876,None,24,,,500,,,0.0,0.0,0.6923285539873741,,,
R1,Composite,0.9857486830978585,0.9656156661824977,0.9976769702583014,0.9937796761794891,0.8397966791863184,48,50,48.0,96.0,500,0.11338863627168635,-3.654604726383964e-05,12.584940257743959,3.2187269119651067,0.9226171377722885,,,
R2,Seasonal,0.5816910403014229,0.9206422252096751,0.8305150589321895,0.9905847626191261,0.8983891252694638,48,50,48.0,96.0,500,0.0,0.0,18.893865898102675,8.0841672809145,1.76382945339668,,,
R3,Stationary_WN,0.13145535563987032,0.0962072910715347,0.37964139623018356,0.1780431096945807,0.3684532581502893,None,3,,,500,0.0,0.0,0.0,0.0,9.67285446803178,,,
R4,Trending_RandomWalkDrift,0.9808310737306188,0.7932106649755148,0.9759161895526772,0.8068980163892023,0.0,None,250,,,500,,,0.0,0.0,1.0010947208647838,,,-0.18945423032962824
R1,Composite,0.9990279571726736,0.9904103587633735,0.9997477965139996,0.9975214409321992,0.7407871450415513,24,24,24.0,48.0,500,0.33430453425367,-4.2681997020804716e-05,20.22451319419427,2.754736582074411,0.9662211713853553,,,
R2,Seasonal,0.70589476539978,0.9319810013397336,0.9699178781297839,0.9983422897853053,0.9768447114120749,24,24,24.0,48.0,500,0.0,0.0,16.60596981177014,8.476359092624172,0.7076073541703436,,,
R3,Stationary_WN,0.2368964573039527,0.1333440666714084,0.51268530312622,0.19212632085892878,0.306985855267491,None,2,,,500,0.0,0.0,0.0,0.0,5.46725182459814,,,
R4,Trending_RandomWalkDrift,0.95660544638475,0.48312449429508286,0.0,0.14029584045370513,0.0,None,167,,,500,,,0.0,0.0,1.3397497710211526,,,0.14654187283666312
R1,Composite,0.9944623139107505,0.8676723172062083,0.999618304318719,0.9899686521701387,0.9317134468382647,24,24,24.0,48.0,500,-0.28603761710132647,1.65117345162152e-05,10.458085139828043,7.473909229536345,1.1318260239071458,,,
R2,Seasonal,0.6728631798027708,0.9729380365586049,0.865313055963312,0.9972854859718466,0.9016631315699548,24,24,24.0,48.0,500,0.0,0.0,24.108896637696464,7.103700285156266,1.3889474825497266,,,
R3,Stationary_AR,0.0683866999798195,0.24938159162033602,0.1564540284212973,0.5837065504476007,0.708641797924944,None,42,,,500,0.0,0.0,0.0,0.0,5.0,0.6439065045684859,,
R4,Trending_ExponentialGrowth,0.9994686956556447,0.16938052151900151,0.9997235453967823,0.395372057826192,0.4731350156010058,None,24,,,500,,,0.0,0.0,0.673998603841203,,,
R1,Composite,0.9974840240303829,0.9551457594733535,0.9999356853947649,0.9987255343208806,0.9745602212217901,48,50,48.0,96.0,500,0.3723331380160346,-1.1711882336396773e-05,17.47798665751164,6.391388307878789,0.6803549610857269,,,
R2,Seasonal,0.0311723495300108,0.9840189968314083,0.10640255164626256,0.9983466059277862,0.9020975668641562,48,100,48.0,96.0,500,0.0,0.0,11.092780224059846,8.293280641936352,0.6199573704500204,,,
R3,Stationary_WN,0.017169889903473345,0.242916593237686,0.030942769202722542,0.41785532902912226,0.34873377807804706,None,38,,,500,0.0,0.0,0.0,0.0,14.14939882976239,,,
R4,Trending_RandomWalkDrift,0.9994348353421313,0.9171979597249349,0.9657966979708481,0.3538809086192871,0.0,None,250,,,500,,,0.0,0.0,0.949078247836528,,,0.49543346511228004
R1,Composite,0.9960905852208131,0.9892792580183463,0.9997169773447363,0.9992220693334692,0.9282644199067231,36,36,36.0,72.0,500,-0.141035040946829,-4.8561780586586394e-05,20.499182211265293,3.7162898922710985,0.6420808213878575,,,
R2,Seasonal,0.6580686440528706,0.9456188593957165,0.817948768228454,0.9922959312806283,0.864785941404477,36,36,36.0,72.0,500,0.0,0.0,21.752878089441815,8.801727679989893,1.9943104410209003,,,
R3,Stationary_WN,0.07189922386080827,0.1958497309100924,0.2012570379281844,0.3114399171529616,0.31557893389938874,None,12,,,500,0.0,0.0,0.0,0.0,5.31855376226293,,,
R4,Trending_MeanShift,0.9999502701448771,0.9998013637911138,0.9999572120342392,0.9998287721742128,0.13959866291487943,None,250,,,500,,,0.0,0.0,1.1606106618646903,,250.0,
R1,Composite,0.9955011258067822,0.9727651905265337,0.9997758840100902,0.9986295840608554,0.950933555703447,12,12,12.0,24.0,500,0.25320595697511306,1.1948819038899409e-05,21.32124496337809,6.92903130168958,0.7894421766209158,,,
R2,Seasonal,0.7470088119474544,0.9789808712029767,0.9801415196115185,0.9995469212929828,0.9788011614937338,12,12,12.0,24.0,500,0.0,0.0,26.68471981296221,7.717677666418454,0.6158108699354913,,,
R3,Stationary_AR,0.07342558190118265,0.25057814648647847,0.13613995974409443,0.5526103363791757,0.6058461944373321,None,56,,,500,0.0,0.0,0.0,0.0,5.0,0.5357571060128277,,
R4,Trending_RandomWalkDrift,0.9987508865027375,0.1844232904037445,0.9998516644268387,0.6904123746774355,0.8810593488600232,None,24,,,500,,,0.0,0.0,0.6712472237577438,,,0.48701700557235117
R1,Composite,0.9859735570436168,0.9314281159365386,0.9990151181069182,0.9950764543182199,0.9326118247801296,12,12,12.0,24.0,500,0.16801124472712697,-2.2978106259559802e-05,14.150179718084011,7.36521011465825,1.1897609987679492,,,
R2,Seasonal,0.7506242763819115,0.9245745337465303,0.9817275113620035,0.9983967300773536,0.9801569046955808,12,12,12.0,24.0,500,0.0,0.0,15.134361994012462,8.640022998606703,0.6077507251540344,,,
R3,Stationary_AR,0.014261993691034647,0.6086025324865774,0.0,0.12339690476045295,0.0,None,167,,,500,0.0,0.0,0.0,0.0,5.0,0.6693679022534021,,
R4,Trending_RandomWalkDrift,0.9966950733253314,0.9324884249093616,0.9768116472147039,0.6547354556222538,0.0,None,250,,,500,,,0.0,0.0,0.6080867059247594,,,0.44779366794590014
R1,Composite,0.995478424057096,0.9673243471776253,0.9993540686640555,0.9952873404634024,0.8581889051647789,24,24,24.0,48.0,500,-0.17558481609152357,-2.177201045464764e-05,13.871328319383228,4.17325254294532,1.063597728534098,,,
R2,Seasonal,0.7102973631875042,0.951877244260543,0.9843362898187569,0.999385053330743,0.987679306986701,24,24,24.0,48.0,500,0.0,0.0,20.771522300144778,8.776439793274193,0.5468118052733009,,,
R3,Stationary_AR,0.15402426390316548,0.2942895849874829,0.20760007089970212,0.49852642061568997,0.5415885181620042,None,29,,,500,0.0,0.0,0.0,0.0,5.0,0.5109247686823934,,
R4,Trending_MeanShift,0.9998548472342144,0.9994180337963574,0.9997775564880916,0.999110269198595,0.0,None,250,,,500,,,0.0,0.0,0.9548288165981281,,250.0,
R1,Composite,0.9894161804704071,0.9804900121619993,0.9965515940871061,0.9936759629472554,0.6788221491877038,24,24,24.0,48.0,500,-0.10061896170230915,-4.3897555900533644e-05,18.23553415994278,3.1131389866766597,1.4914498517697687,,,
R2,Seasonal,0.6716023359777776,0.9714720437047403,0.8592449977377313,0.9970323922458368,0.8976159110046315,24,24,24.0,48.0,500,0.0,0.0,26.423301060605386,7.859127120981844,1.516237868790787,,,
R3,Stationary_WN,0.23725491335634175,0.12774056633643294,0.5561484733542171,0.1777219085761952,0.2897985354187621,None,2,,,500,0.0,0.0,0.0,0.0,5.843523721581131,,,
R4,Trending_RandomWalkDrift,0.9745775836321735,0.6856918400096338,0.8750349658723043,0.3148491540296534,0.0,None,250,,,500,,,0.0,0.0,1.3241588073121697,,,-0.3469733972316374
R1,Composite,0.956462213204077,0.925054541905395,0.9983532434298521,0.9970338570383708,0.9656745558502721,48,50,48.0,96.0,500,-0.11697332352617394,4.14752175596848e-05,14.747722155137014,7.00335943858823,0.8671242465738677,,,
R2,Seasonal,0.6503189888367265,0.9324814313913043,0.9295243811198417,0.99588859476729,0.9466550126737804,48,50,48.0,96.0,500,0.0,0.0,25.38273725706041,11.255303591469367,1.701225396562833,,,
R3,Stationary_AR,0.21986407222867943,0.2649326960554391,0.35820453569855937,0.3925554943764351,0.5437775327438015,None,15,,,500,0.0,0.0,0.0,0.0,5.0,0.5727892494509526,,
R4,Trending_MeanShift,0.9999755449819691,0.9999024558382675,0.9998394223400311,0.9993464829185513,0.0,None,250,,,500,,,0.0,0.0,0.5874864956371446,,250.0,
R1,Composite,0.9986238417118467,0.9919074738521264,0.9997489708704638,0.9984248717446892,0.8173799689230536,48,50,48.0,96.0,500,-0.2623643238323067,-4.251913452340613e-05,23.60574086963205,2.0260047230011082,0.7217292895535112,,,
R2,Seasonal,0.6459085573468111,0.8440488059940084,0.8937667053118086,0.9850724839777905,0.9231785932188872,48,50,48.0,96.0,500,0.0,0.0,12.186285179177641,8.724771029378925,1.517513403354337,,,
R3,Stationary_WN,0.14093580370049885,0.24522704516808258,0.2915963476442086,0.33831776439658556,0.3803349815320797,None,5,,,500,0.0,0.0,0.0,0.0,14.199388118527462,,,
R4,Trending_ExponentialGrowth,0.9990069648932254,0.2980441731147224,0.999358923063837,0.4064109970361435,0.34999257383266114,None,24,,,500,,,0.0,0.0,1.2983082868148703,,,
R1,Composite,0.9976556592411129,0.9677381968161631,0.9998420625902291,0.9977696497307429,0.9329396232758518,36,36,36.0,72.0,500,-0.32908937212095296,-3.3460876717637326e-05,18.82489610154546,6.241951801572426,0.8916239703405138,,,
R2,Seasonal,0.6960031668459759,0.985373421642576,0.927414819032552,0.9991681961357619,0.9439270165203715,36,36,36.0,72.0,500,0.0,0.0,27.7274612072219,6.187006265697284,0.8952157132363148,,,
R3,Stationary_AR,0.0003783357465400039,0.15962700410286768,0.033504379514150084,0.5430267730499632,0.6480721595241561,None,83,,,500,0.0,0.0,0.0,0.0,5.0,0.5591923095800589,,
R4,Trending_RandomWalkDrift,0.993904195455519,0.8970593392576832,0.9908956426972858,0.8381257289263467,0.0,None,250,,,500,,,0.0,0.0,1.45524194428847,,,0.39282173386823727
R1,Composite,0.9987828918145438,0.9433304035397068,0.9995732725974206,0.9804009873920428,0.6499676520329587,12,12,12.0,24.0,500,-0.3336410792444141,4.0061714520121226e-05,9.183471733625277,2.443562446231836,1.2547840712332623,,,
R2,Seasonal,0.665672682722025,0.9605611329633006,0.7796445739417359,0.9922595158642582,0.810145605825842,12,12,12.0,24.0,500,0.0,0.0,19.538378977922157,6.554378840830991,1.8518067638199271,,,
R3,Stationary_WN,0.008163764022425357,0.20271858862412506,0.08061913135761711,0.35343942037863607,0.22023593686163523,None,21,,,500,0.0,0.0,0.0,0.0,10.624399856542901,,,
R4,Trending_MeanShift,0.9998809859633436,0.9995218264108837,0.9995499039677432,0.9982398258940935,0.0,None,250,,,500,,,0.0,0.0,1.384247821455983,,250.0,
R1,Composite,0.9826701709029461,0.9690166062618529,0.9950347455063194,0.9911745520990506,0.7247828149780472,36,36,36.0,72.0,500,0.10801317245664697,-4.0502147789732823e-05,13.50159059634081,3.5078685887937473,1.2149537051442554,,,
R2,Seasonal,0.5042476918903711,0.9751835756541496,0.5060656614096366,0.9934448593725489,0.7442835105157154,36,36,36.0,72.0,500,0.0,0.0,25.327948301333464,5.044434251903137,1.837669269087931,,,
R3,Stationary_WN,0.13882475317701526,0.23623539125801196,0.27270972918462577,0.3180021626201879,0.28770844462346956,None,6,,,500,0.0,0.0,0.0,0.0,6.821761224800387,,,
R4,Trending_MeanShift,0.9999404156814203,0.9997619300930944,0.999925324504431,0.9997022854885091,0.0,None,250,,,500,,,0.0,0.0,1.105799864276022,,250.0,
R1,Composite,0.9968438964123563,0.9296813917290881,0.9999298230244478,0.9983541153257325,0.9780150816588717,12,12,12.0,24.0,500,0.3162042397635443,1.931503326340804e-05,13.58566712537167,7.429428048617455,0.5500389653993764,,,
R2,Seasonal,0.743668670192599,0.8696935033532147,0.9579946636802521,0.9933801133102274,0.9551635680616875,12,12,12.0,24.0,500,0.0,0.0,15.072137997509964,11.618185515786845,1.306085075830559,,,
R3,Stationary_AR,0.005789072190394262,0.31419150502705884,0.004948472142425109,0.6297398739023716,0.5912659035553713,None,100,,,500,0.0,0.0,0.0,0.0,5.0,0.5107078756749397,,
R4,Trending_MeanShift,0.9999282792490152,0.9997130171760749,0.9999095341422688,0.9996397022173602,0.0,None,250,,,500,,,0.0,0.0,1.2226414340808351,,250.0,
R1,Composite,0.9973866654422753,0.9826207374733007,0.9996831796475536,0.9977049013500836,0.8787051017234973,48,50,48.0,96.0,500,0.20604531836577406,-1.1229910461414e-05,15.830462546402597,2.5357112638218267,0.6490348556257234,,,
R2,Seasonal,0.38664017630850356,0.9817872933873881,0.6351042868863608,0.9970396477444381,0.8538576689505128,48,50,48.0,96.0,500,0.0,0.0,27.99451847046927,4.093560490497596,1.3413160918335278,,,
R3,Stationary_AR,0.08933112201142535,0.26528334166164214,0.1641714490866215,0.4341422808751859,0.49569411636726624,None,24,,,500,0.0,0.0,0.0,0.0,5.0,0.4367851307333054,,
R4,Trending_ExponentialGrowth,0.9991200360836854,0.18985798569444756,0.9994541491472384,0.3535107925606822,0.37898845054223773,None,24,,,500,,,0.0,0.0,1.015083748840891,,,
R1,Composite,0.9972646118229077,0.9929924964752016,0.9992081302235261,0.9979846381590041,0.7104478524679314,12,12,12.0,24.0,500,-0.15525309436628656,-2.6079149767326042e-05,21.404277248993587,2.516694675408224,1.0551020991001705,,,
R2,Seasonal,0.6466528548499405,0.922494058218944,0.7050935903035509,0.9790856444174826,0.7407390963732832,12,12,12.0,24.0,500,0.0,0.0,11.509107934789514,5.230489171853889,1.7074173150351348,,,
R3,Stationary_WN,0.06144439823471204,0.19826918513818503,0.1303496727774326,0.34611363683747953,0.32140074907478866,None,12,,,500,0.0,0.0,0.0,0.0,7.46089575369485,,,
R4,Trending_RandomWalkDrift,0.9948568818971036,0.8247915834864981,0.9803546235884352,0.13801486600822055,0.0,None,250,,,500,,,0.0,0.0,0.8979775837949261,,,-0.377448618025957
R1,Composite,0.9965194957229507,0.97205864451445,0.999809483559937,0.9984458115593047,0.945741946261813,12,12,12.0,24.0,500,-0.29927474601063864,-1.0737097917672706e-05,21.744831993250372,7.170382916712972,0.9921187678185421,,,
R2,Seasonal,0.7409918256577237,0.9697695714589744,0.9543145187334292,0.9985029590858187,0.9515627893891976,12,12,12.0,24.0,500,0.0,0.0,22.936195361571563,7.857315893778066,0.950196949273908,,,
R3,Stationary_WN,0.03765105892611165,0.15955091564462842,0.1345204005619095,0.2870532884124981,0.3961825471800353,None,10,,,500,0.0,0.0,0.0,0.0,8.472241882669671,,,
R4,Trending_MeanShift,0.99998009741273,0.9999205226473397,0.9999784296900089,0.9999137133379895,0.0,None,250,,,500,,,0.0,0.0,0.5719705318119033,,250.0,
R1,Composite,0.9965398636335582,0.9673214387175734,0.9998580544378013,0.9986244387937732,0.9593127632679904,36,36,36.0,72.0,500,-0.22621153635646243,2.8664254605970085e-05,13.868663984360852,4.732506469024185,0.604222304719662,,,
R2,Seasonal,0.7104815064028185,0.9772799614677702,0.957783184692534,0.9992019429577468,0.9656755283427101,36,36,36.0,72.0,500,0.0,0.0,28.350676656734226,8.096206828848764,0.8968660826099224,,,
R3,Stationary_AR,0.4301315451499468,0.2776478710420691,0.5820170990363449,0.4432062847112397,0.5604544413770601,None,8,,,500,0.0,0.0,0.0,0.0,5.0,0.5947723947794284,,
R4,Trending_MeanShift,0.9999643458778751,0.9998573167151358,0.9998446285704524,0.9993673955932227,0.0,None,250,,,500,,,0.0,0.0,0.6778917122483002,,250.0,
R1,Composite,0.9887081410380735,0.9748189020684596,0.9982960651581263,0.9959034570226184,0.8525768751789723,48,50,48.0,96.0,500,-0.11452704032260587,-2.288302561864284e-05,16.901656286045707,3.604379143089458,0.93867841004374,,,
R2,Seasonal,0.67724760997197,0.8977783256553454,0.9769106487389589,0.9977387019331576,0.9812772664199272,48,50,48.0,96.0,500,0.0,0.0,15.701088957903785,9.305634929066166,0.7095448353744231,,,
R3,Stationary_WN,0.07049835751549505,0.11622366566589715,0.338661712563032,0.1962801734309959,0.3426559862720655,None,4,,,500,0.0,0.0,0.0,0.0,5.738531925476797,,,
R4,Trending_ExponentialGrowth,0.9996802331175407,0.16979530036404,0.9998573768376227,0.4934104186044822,0.5489452736776853,None,24,,,500,,,0.0,0.0,0.5710161690170826,,,
R1,Composite,0.9944859517152965,0.9817825459533207,0.9991792471298764,0.9972751773644446,0.852760436010011,12,12,12.0,24.0,500,-0.14417392345434732,1.4206572727421799e-05,15.417012354651792,3.6076756199758684,0.8654313477128304,,,
R2,Seasonal,0.06333928972305425,0.9976673832240602,0.062043907231294715,0.9986498596566974,0.42459134079841365,12,24,12.0,24.0,500,0.0,0.0,10.77335732981468,11.588792693627934,0.6507659689132818,,,
R3,Stationary_WN,0.08850603715267535,0.25739890165087864,0.19725191513246243,0.35765727317308105,0.364714606402169,None,12,,,500,0.0,0.0,0.0,0.0,14.571268871676109,,,
R4,Trending_RandomWalkDrift,0.9928023343164231,0.02801052139094573,0.9989901901481049,0.6912141354395058,0.8631973383864985,None,24,,,500,,,0.0,0.0,1.1876855832744448,,,0.2215103336940014
R1,Composite,0.9956779597644125,0.9795586996664265,0.9993763448592273,0.9970631017172482,0.8576895674884386,24,24,24.0,48.0,500,0.24760948036880215,-4.3926215784312754e-05,21.07597930821151,4.970617924838294,1.2214766597579643,,,
R2,Seasonal,0.7059062714308405,0.8988264022900858,0.9749574096530063,0.9978570378150593,0.9806227406424921,24,24,24.0,48.0,500,0.0,0.0,10.104610811568563,6.372101071861879,0.5136246175436503,,,
R3,Stationary_AR,0.12328538511796938,0.29332640075814154,0.2774735477536223,0.709452346685691,0.7459140911492201,None,50,,,500,0.0,0.0,0.0,0.0,5.0,0.668600341234642,,
R4,Trending_RandomWalkDrift,0.9927984359309944,0.09439056502785192,0.9994393087928634,0.6685389588619781,0.9241173776688408,None,24,,,500,,,0.0,0.0,1.101517132015668,,,-0.344664395067262
R1,Composite,0.9910271447646529,0.9713434040346176,0.9996706653402716,0.9989457541955525,0.964093794143809,12,12,12.0,24.0,500,-0.12995456400422037,-1.6441681012132863e-05,15.881461987624188,5.381909728518286,0.5443023017932082,,,
R2,Seasonal,0.7463620718643836,0.960253424788915,0.9685691947987807,0.9986188072619228,0.9664150659543622,12,12,12.0,24.0,500,0.0,0.0,25.13927480174961,10.021645204907514,0.9173296045183151,,,
R3,Stationary_WN,0.04457698011467515,0.22087668793645754,0.06853038854283466,0.2838516898864728,0.2770911054437154,None,26,,,500,0.0,0.0,0.0,0.0,8.00219407521229,,,
R4,Trending_ExponentialGrowth,0.9995270903831882,0.21107395150013808,0.9997028726881634,0.3137069620021702,0.36601229604143426,None,24,,,500,,,0.0,0.0,0.5498456912051309,,,
R1,Composite,0.9961274055610945,0.9742913964353499,0.9993660777561754,0.9953331421499079,0.8370667847766338,48,50,48.0,96.0,500,-0.1658348561626991,-2.9459317391677993e-05,13.938976390474254,2.9633612060949277,0.8406130555964949,,,
R2,Seasonal,0.6445424600441471,0.9489058015442771,0.9524098459190776,0.9980922904026471,0.9669107275083793,48,50,48.0,96.0,500,0.0,0.0,27.547171782083687,10.6567225971915,1.2971892566247076,,,
R3,Stationary_AR,0.06754865689222189,0.22518162962988053,0.167774402352185,0.6085427874195265,0.6493256487628734,None,71,,,500,0.0,0.0,0.0,0.0,5.0,0.5656823920158766,,
R4,Trending_ExponentialGrowth,0.998662324866998,0.24908410451297192,0.9990977329678498,0.3515836882326847,0.32139160404562517,None,24,,,500,,,0.0,0.0,1.4137033941819168,,,
R1,Composite,0.9968821399402248,0.942954341882208,0.9996951124370183,0.9936569744891197,0.902815150288221,48,50,48.0,96.0,500,-0.23239217619813538,-2.4458609311214773e-05,11.196476186088507,3.991803931238242,0.9039260374318403,,,
R2,Seasonal,0.021772479260510735,0.9708948022903304,0.07326959983696568,0.9899981956157803,0.6798229709706589,48,100,48.0,96.0,500,0.0,0.0,10.264493461305374,8.116751088917352,1.430714484479768,,,
R3,Stationary_WN,0.16291585609410386,0.11966453740469907,0.46900346414055316,0.15595542960417863,0.21537427843067825,None,2,,,500,0.0,0.0,0.0,0.0,9.044190155143507,,,
R4,Trending_ExponentialGrowth,0.9945403260547787,0.2506592339793937,0.9962619150878996,0.37576878951141424,0.303871049298194,None,24,,,500,,,0.0,0.0,1.300001492527713,,,
R1,Composite,0.9940809330352296,0.9671106446388277,0.9998087491779709,0.9988393379181737,0.9680127982473042,48,50,48.0,96.0,500,0.2771675306191863,-1.9090075462699662e-05,23.19885604897913,7.039040580650145,0.8592171372233993,,,
R2,Seasonal,0.6389199609884357,0.8918333702840451,0.8669451933584011,0.9868500271625493,0.8981682666439839,48,50,48.0,96.0,500,0.0,0.0,14.33387368510373,8.29175486251404,1.69471585633386,,,
R3,Stationary_AR,0.05472722260807539,0.31105098219470395,0.05757343700033801,0.5651064174645433,0.5525171842825387,None,71,,,500,0.0,0.0,0.0,0.0,5.0,0.4430670845471434,,
R4,Trending_ExponentialGrowth,0.9967519127281824,0.17736878953686297,0.998074064445096,0.3381045268130791,0.40114764170826744,None,24,,,500,,,0.0,0.0,0.5524903672045793,,,
R1,Composite,0.9948098654424342,0.9765589132454191,0.998521770850803,0.992764554527179,0.7168846119596106,48,50,48.0,96.0,500,0.17821476175862344,-2.511768595153449e-05,15.845460053402768,2.5163367510676715,1.3716981875206384,,,
R2,Seasonal,0.5244898475537928,0.9755958432285923,0.748954967536599,0.9964518868509998,0.8673974972071152,48,50,48.0,96.0,500,0.0,0.0,19.766747902501773,4.0741395606978825,1.2579125138699279,,,
R3,Stationary_AR,0.18493661305919296,0.25933663158449005,0.22651118052145702,0.48069026984704943,0.4481814778767933,None,20,,,500,0.0,0.0,0.0,0.0,5.0,0.4700393500965194,,
R4,Trending_RandomWalkDrift,0.9932836286158843,0.9270003781194393,0.9860549940914202,0.8219486507457495,0.0,None,250,,,500,,,0.0,0.0,1.3579943602733668,,,0.2196834208770551
R1,Composite,0.9966678098097164,0.9817678446332567,0.9997499994974428,0.9986254632745706,0.9255523926189542,12,12,12.0,24.0,500,-0.28802994237368396,2.1020286769528532e-05,24.161157416059254,6.256475661966621,0.8951301887355222,,,
R2,Seasonal,0.7234862683729869,0.9079136871591778,0.9085965676348686,0.9904703863410755,0.9047424582146052,12,12,12.0,24.0,500,0.0,0.0,13.60957164327277,8.329672491928072,1.5110907883980371,,,
R3,Stationary_WN,0.2409589368388303,0.15463639982562416,0.512224796635346,0.1820192923750792,0.16041023024660594,None,2,,,500,0.0,0.0,0.0,0.0,14.293665495606373,,,
R4,Trending_ExponentialGrowth,0.9974870592013718,0.19027804654521419,0.9983466417430713,0.3126975568283761,0.33686129639521945,None,24,,,500,,,0.0,0.0,1.2888317032733863,,,
R1,Composite,0.9990013899363472,0.9704685484085535,0.999903332001083,0.9971212145818216,0.9036119714478796,24,24,24.0,48.0,500,0.39111527232863674,-2.986475583203804e-05,13.832302622309548,4.1320000273516815,0.8321838268645597,,,
R2,Seasonal,0.7108505458475608,0.9423749675605717,0.9882695580715198,0.9994390999348864,0.9906992206380165,24,24,24.0,48.0,500,0.0,0.0,25.042704732620393,11.717512380437858,0.6121016744001444,,,
R3,Stationary_WN,0.12422429434642457,0.152818110485201,0.3740751853352188,0.21306371872248464,0.25754556508536275,None,3,,,500,0.0,0.0,0.0,0.0,8.475846624477796,,,
R4,Trending_ExponentialGrowth,0.9979878121541447,0.27715923171297063,0.998757381898651,0.47116761231050475,0.378435807052813,None,24,,,500,,,0.0,0.0,1.27096519022082,,,
R1,Composite,0.992135849329615,0.9659346377950488,0.9992896893517206,0.9968858960882329,0.9113319790286781,12,12,12.0,24.0,500,-0.19496670207388517,-2.5964955170035803e-05,20.45990781501021,7.2193787119477975,1.2778031519188722,,,
R2,Seasonal,0.7420661505678037,0.9729868912784516,0.953505187475713,0.9986343132554228,0.9505557345722236,12,12,12.0,24.0,500,0.0,0.0,23.77831356139479,7.822225749617039,0.8612552807452754,,,
R3,Stationary_WN,0.2348150442374276,0.15103265310668113,0.462736858553767,0.24080040259183821,0.3416036165907429,None,3,,,500,0.0,0.0,0.0,0.0,11.614912262622482,,,
R4,Trending_ExponentialGrowth,0.9962865660889086,0.2574310447823567,0.9975777553877415,0.37817452681336083,0.339628810235196,None,24,,,500,,,0.0,0.0,1.4278749024707929,,,
R1,Composite,0.9988535960254785,0.9907958532210206,0.9995838289972588,0.9966497648294729,0.6368846135900287,36,36,36.0,72.0,500,-0.29174764986124646,-4.724623545512326e-05,22.764845398363736,2.6467133512812513,1.310598241721451,,,
R2,Seasonal,0.7190417248140923,0.8503445852419194,0.9869808860996102,0.9981015705370703,0.9891588964494732,36,36,36.0,72.0,500,0.0,0.0,14.79950962318993,11.769317221847558,0.6674468633557062,,,
R3,Stationary_WN,0.19114471196730287,0.11429150745493755,0.5051033839791341,0.14810389940373403,0.23888213112471457,None,2,,,500,0.0,0.0,0.0,0.0,5.48284673293174,,,
R4,Trending_ExponentialGrowth,0.9842338119233068,0.22108847456191327,0.9892268048960177,0.35273517861990966,0.32666359147154467,None,24,,,500,,,0.0,0.0,0.9277787664655739,,,
R1,Composite,0.9990738014820524,0.9948686831792041,0.9998992776590503,0.9994409703272669,0.8915040691780713,36,36,36.0,72.0,500,0.23847210263144178,-2.116901082480799e-05,19.666601736079944,2.4549472256064995,0.5130869456819247,,,
R2,Seasonal,0.6712791217343673,0.9158927269687369,0.8580621537597225,0.990890905869878,0.9003377350661426,36,36,36.0,72.0,500,0.0,0.0,20.41082051140762,10.735567809759772,1.9932830356181475,,,
R3,Stationary_AR,0.006305342061003971,0.28818612367546037,0.06584351418891177,0.546351965194654,0.6165229107225544,None,71,,,500,0.0,0.0,0.0,0.0,5.0,0.5991579322175666,,
R4,Trending_ExponentialGrowth,0.9994504936021856,0.18324793978593856,0.9996515396270921,0.30878222569137526,0.36186980895209586,None,24,,,500,,,0.0,0.0,0.500501499551676,,,
R1,Composite,0.9884116654957236,0.9792310619955973,0.9990655223164268,0.9983509584643009,0.9220687748321005,12,12,12.0,24.0,500,0.12870137062203868,-4.82040959252329e-05,15.994368693941048,4.4068507327366975,0.781990877898579,,,
R2,Seasonal,0.6986116565644538,0.9777670374500114,0.8475768540767872,0.9966588285807542,0.8518557760323171,12,12,12.0,24.0,500,0.0,0.0,28.600355550668464,7.627086497922123,1.8540385406836974,,,
R3,Stationary_WN,0.0,0.2018798792216383,0.0849773422011223,0.3540571385028354,0.31842970230204937,None,36,,,500,0.0,0.0,0.0,0.0,11.981490505316962,,,
R4,Trending_ExponentialGrowth,0.9979678818630943,0.2929125596034693,0.9986996178836258,0.3929566543535602,0.35807279580297446,None,24,,,500,,,0.0,0.0,1.2379266952173544,,,
R1,Composite,0.9986119707646286,0.9838155667325906,0.9998703502063799,0.9984056367770392,0.9067853513388779,48,100,48.0,96.0,500,-0.19950369774785565,-1.356357312082576e-05,9.088789069214718,7.826173824742746,0.5684823499353241,,,
R2,Seasonal,0.655204658613378,0.8437234299318965,0.8973436709906366,0.9842999596828529,0.9181007119011643,48,50,48.0,96.0,500,0.0,0.0,10.05374703240995,7.425258068826413,1.333624580165103,,,
R3,Stationary_AR,0.2176492569133538,0.300550170387075,0.2589946263939501,0.5482371024043039,0.6224399163915861,None,26,,,500,0.0,0.0,0.0,0.0,5.0,0.628965429497371,,
R4,Trending_ExponentialGrowth,0.999151551308407,0.283225825093569,0.9994621910358802,0.4330728302918452,0.36071312230785524,None,24,,,500,,,0.0,0.0,0.6512139884687332,,,
R1,Composite,0.9974333000999057,0.9471373535279185,0.9995579656311816,0.9907040096957852,0.8291059288328768,12,12,12.0,24.0,500,0.29640322001914254,1.0464884671642407e-05,13.184640865218995,5.483555535471591,1.3378899337283614,,,
R2,Seasonal,0.03964228821085514,0.9922536743062544,0.1443640920571918,0.9947650243425384,0.3249571086259253,12,24,12.0,24.0,500,0.0,0.0,10.376736856203827,9.571579641132963,1.0455975132343935,,,
R3,Stationary_WN,0.20245098533187367,0.13098711629485238,0.4765585357194314,0.19354555394655826,0.26091453117392793,None,3,,,500,0.0,0.0,0.0,0.0,7.37189034647967,,,
R4,Trending_RandomWalkDrift,0.9877030473472722,0.5776120525503454,0.9984907691507899,0.92464553923274,0.8773518803356237,None,167,,,500,,,0.0,0.0,0.8171503057783795,,,-0.31048958928043635
R1,Composite,0.997836256889679,0.9521876289585814,0.9996990942326839,0.9924808721091279,0.8615375702346943,48,50,48.0,96.0,500,-0.3892153275139624,2.4479165382302993e-05,15.924219953909128,4.783293733710677,1.3028525321293696,,,
R2,Seasonal,0.6348425984817074,0.9396154873098949,0.909370823848934,0.9955878684015811,0.9356986432060016,48,50,48.0,96.0,500,0.0,0.0,27.937740049963185,11.28062021062614,1.752599492486766,,,
R3,Stationary_WN,0.132680239928888,0.1861618938793531,0.3680323945234636,0.296358956960489,0.2778456712278855,None,4,,,500,0.0,0.0,0.0,0.0,10.75327576235038,,,
R4,Trending_RandomWalkDrift,0.9896705804622343,0.7465543406751204,0.9825707299328708,0.7181942363366398,0.0,None,250,,,500,,,0.0,0.0,0.7872612723097845,,,-0.1757244658427024
R1,Composite,0.9985620912587722,0.9861353295088793,0.999812282524694,0.9981698039021353,0.8698318109250076,36,36,36.0,72.0,500,-0.34917570796263886,-1.6255650687026774e-05,23.308969262758737,4.52753745468652,1.1333743165180132,,,
R2,Seasonal,0.6817977187965976,0.9665955685088202,0.8878185790550945,0.997155498450669,0.9178112850972113,36,36,36.0,72.0,500,0.0,0.0,29.461427649797347,9.717358581554095,1.6335245112636991,,,
R3,Stationary_WN,0.23888940952515092,0.10278515207559114,0.546629675654742,0.1480636339579171,0.3159022087737611,None,2,,,500,0.0,0.0,0.0,0.0,8.510736244035575,,,
R4,Trending_RandomWalkDrift,0.9917536870437419,0.8151212958589718,0.9931993337830571,0.8664230501130311,0.2313482932739307,None,250,,,500,,,0.0,0.0,0.8767892852573559,,,0.3878966419132991
R1,Composite,0.9922729100473813,0.9438964729568566,0.9978068840903945,0.9823355543494698,0.7170611445381735,48,50,48.0,96.0,500,0.14017005289834736,-2.9194527000853383e-05,9.328132560960766,2.861282941917595,1.2609941525215929,,,
R2,Seasonal,0.012645790147890135,0.9735838481957827,0.07273040480920323,0.9906709694927599,0.6635525779624359,48,100,48.0,96.0,500,0.0,0.0,12.204924055117026,11.286376151088094,1.6191128047027903,,,
R3,Stationary_AR,0.27883597432930407,0.34746816198646135,0.43499831781612064,0.536135855320997,0.6052573753988281,None,17,,,500,0.0,0.0,0.0,0.0,5.0,0.618345774594756,,
R4,Trending_MeanShift,0.9998168601614539,0.9992710519805051,0.9998210531425412,0.9992874810643144,0.021484805468833912,None,250,,,500,,,0.0,0.0,0.9905139684168139,,250.0,
R1,Composite,0.9916529731697251,0.9801317050505794,0.999592152871665,0.9990241062315982,0.9519523788156544,36,36,36.0,72.0,500,-0.13946273768999626,1.0990266889560299e-05,17.94613467589727,4.636690061296786,0.5924648674012306,,,
R2,Seasonal,0.7096501297135038,0.9530562466125717,0.9654443089664361,0.9986351463168796,0.9721682736633694,36,36,36.0,72.0,500,0.0,0.0,17.574302534240672,7.268581624179281,0.7053698224023156,,,
R3,Stationary_AR,0.21404530630749263,0.2948942656422303,0.509757130635823,0.6902489274493671,0.7470224294348757,None,36,,,500,0.0,0.0,0.0,0.0,5.0,0.6790510439563966,,
R4,Trending_MeanShift,0.9999809532149853,0.9999238269977143,0.9999060366400844,0.9996263643601979,0.0,None,250,,,500,,,0.0,0.0,0.8235984462395833,,250.0,
R1,Composite,0.9988433015507039,0.9863723494528881,0.9996261696075271,0.9955988743154855,0.6768275714263756,12,12,12.0,24.0,500,-0.35690056580748974,-4.3033477561491145e-05,22.43703626995897,3.669682716383115,1.4614012076624654,,,
R2,Seasonal,0.6412477362715763,0.953170238041453,0.676898758419719,0.9863791818104815,0.715813865844853,12,12,12.0,24.0,500,0.0,0.0,14.960339726692798,5.183733628179498,1.9111768735743677,,,
R3,Stationary_WN,0.13000645626029517,0.11639474825139706,0.4031485662130454,0.19493853600359234,0.30065651858542086,None,4,,,500,0.0,0.0,0.0,0.0,11.821877394896484,,,
R4,Trending_ExponentialGrowth,0.9911076949930642,0.2392728949899312,0.994508837108892,0.391278370098304,0.3700640166751449,None,24,,,500,,,0.0,0.0,1.1431911206430332,,,
R1,Composite,0.9875132717570406,0.8357691598578479,0.9996860134571562,0.9953241933540818,0.9755206161335824,24,24,24.0,48.0,500,-0.1548450380912737,-3.75001314016721e-05,8.82716412964212,7.288127170382925,0.6754485627746926,,,
R2,Seasonal,0.683772520935173,0.9611375115894759,0.8954837706718861,0.9968870217467677,0.9216264066712304,24,24,24.0,48.0,500,0.0,0.0,23.905092277930535,8.551935652623252,1.4149814677780153,,,
R3,Stationary_AR,0.0302046417486882,0.6352854013088848,0.0,0.0,0.0,None,167,,,500,0.0,0.0,0.0,0.0,5.0,0.6777969040631686,,
R4,Trending_ExponentialGrowth,0.9816931646583924,0.22622701762824837,0.9871252714700501,0.3294244441891556,0.30234729882099776,None,24,,,500,,,0.0,0.0,1.0915283443015573,,,
R1,Composite,0.994081701943745,0.9830318098782325,0.999734221542721,0.9992394981239959,0.9559304519100265,36,36,36.0,72.0,500,0.2113851905817209,-3.81627459315164e-05,23.07138324816714,5.5996610870929615,0.6792333924705272,,,
R2,Seasonal,0.7116490900816854,0.9492737160324819,0.9528156108782144,0.9978864123862705,0.9605652863754492,36,36,36.0,72.0,500,0.0,0.0,22.880274824969327,9.814242390371579,1.0914127025442732,,,
R3,Stationary_WN,0.07395538466982277,0.198414155792349,0.311914843762358,0.31695913007901333,0.34998537477036595,None,5,,,500,0.0,0.0,0.0,0.0,10.96679052711088,,,
R4,Trending_MeanShift,0.9999300844062803,0.9997198577612854,0.9995149213471101,0.9980444440071939,0.0,None,250,,,500,,,0.0,0.0,1.2564269089312183,,250.0,
R1,Composite,0.9978791365118063,0.9584298786323635,0.9995164447483758,0.9893882493574349,0.7737250103638851,48,50,48.0,96.0,500,-0.26238614696489604,-3.202571231084536e-05,12.495118972775467,2.50358400120766,1.1490629952602103,,,
R2,Seasonal,0.5001187552719102,0.9825537752408776,0.8768051724177657,0.9990228277187133,0.9495243527517725,48,50,48.0,96.0,500,0.0,0.0,28.52624011475578,4.977268198104598,0.8014444036872237,,,
R3,Stationary_WN,0.26401945052984865,0.16441210699883568,0.45959918457543236,0.19171386200660634,0.2533822443395747,None,3,,,500,0.0,0.0,0.0,0.0,6.608910859406474,,,
R4,Trending_RandomWalkDrift,0.9850444320328994,0.2515557416772063,0.9989664018408105,0.9172512022722389,0.9297898520655595,None,100,,,500,,,0.0,0.0,0.9983109423742386,,,0.2810541307838811
R1,Composite,0.9688807737165638,0.8770047591522784,0.9979816810072311,0.9911031921896014,0.9394592723514916,48,50,48.0,96.0,500,0.12890197884500132,-3.5546350261112576e-05,11.624435132471863,7.353102619883178,1.1061505684441788,,,
R2,Seasonal,0.5526171846099803,0.9169438135960843,0.7050720565232325,0.9835792943683129,0.8279362733189513,48,50,48.0,96.0,500,0.0,0.0,11.39597933502551,4.8736043022241695,1.443743737151059,,,
R3,Stationary_WN,0.08155910577783743,0.2965610124371747,0.14857475476974902,0.41045873600364025,0.34626382586939697,None,16,,,500,0.0,0.0,0.0,0.0,13.228822341719589,,,
R4,Trending_RandomWalkDrift,0.9953225470962734,0.9136974574999295,0.39318576815877915,0.2903513868167611,0.0,None,250,,,500,,,0.0,0.0,0.6437937958017439,,,0.24476860444808946
R1,Composite,0.9980153227116426,0.9900739139068293,0.9995428783530785,0.9977306264030481,0.77130830624011,24,24,24.0,48.0,500,0.27618883446662595,-2.3422316871508125e-05,24.039172521643803,3.5448167422003616,1.310518880637077,,,
R2,Seasonal,0.6967655411930144,0.8756106038567039,0.9430220352123213,0.9939613820433537,0.9563952122289066,24,24,24.0,48.0,500,0.0,0.0,11.185309560934613,7.703952388182878,0.9769892144784034,,,
R3,Stationary_WN,0.09498548908705029,0.11542494320965346,0.41163775121627943,0.20239468345480305,0.3695976507526225,None,3,,,500,0.0,0.0,0.0,0.0,9.01450371285871,,,
R4,Trending_MeanShift,0.9999593380496336,0.9998366325132384,0.9996544855640817,0.9985547920373552,0.0,None,250,,,500,,,0.0,0.0,1.449795801229698,,250.0,
R1,Composite,0.9985687953401561,0.9784204262770017,0.9997248678468933,0.9953800859511058,0.8082698874227345,48,50,48.0,96.0,500,-0.2753891516891248,-1.8180540251278954e-05,14.63000029922291,2.2955188212171977,0.9319345361012137,,,
R2,Seasonal,0.5185992549631131,0.9121201683974811,0.5476392044661277,0.9750908111710915,0.7514977524344439,48,50,48.0,96.0,500,0.0,0.0,12.202298207040878,5.095359489698096,1.8161260092508007,,,
R3,Stationary_AR,0.0395990195639222,0.20317012827695247,0.024631064609220932,0.5067880072769642,0.6489459905040207,None,71,,,500,0.0,0.0,0.0,0.0,5.0,0.6196439399748321,,
R4,Trending_MeanShift,0.9999620876005871,0.9998476345250866,0.9994492772784099,0.9978540298510632,0.0,None,250,,,500,,,0.0,0.0,0.9856069052881069,,250.0,
R1,Composite,0.9932362844899659,0.9172537959587364,0.998975389222548,0.9869957464244823,0.8514254568292956,36,36,36.0,72.0,500,0.1983360352657823,-1.285485426253699e-05,10.787848318038659,5.2794264609920285,1.2971654192861186,,,
R2,Seasonal,0.7117200046533139,0.8189495362521272,0.9685917655070044,0.9943991964369711,0.9745092663502416,36,36,36.0,72.0,500,0.0,0.0,11.246211660098556,9.89600800284666,0.9373359223838604,,,
R3,Stationary_WN,0.05275467619507257,0.19064976032119563,0.06649670660935891,0.3655967595612605,0.34877661231492907,None,26,,,500,0.0,0.0,0.0,0.0,7.40970253882915,,,
R4,Trending_RandomWalkDrift,0.9799905413710042,0.172633418443359,0.9959379008895652,0.526684893480359,0.8019295765871866,None,24,,,500,,,0.0,0.0,0.7115181403626968,,,-0.15110332948055769
R1,Composite,0.9980944237263222,0.9141717760100976,0.9999462740916082,0.9973727247987021,0.9719220704329615,36,36,36.0,72.0,500,-0.39750304550442006,-1.7013528842567944e-05,11.814135407092245,6.809973342522978,0.6137993979895296,,,
R2,Seasonal,0.5895385467339644,0.9811025792364038,0.637004466439953,0.9952966174365897,0.756187171657672,36,36,36.0,72.0,500,0.0,0.0,20.038575997185077,4.158868163472078,1.3599743107024909,,,
R3,Stationary_WN,0.21510840941731202,0.2086596096695692,0.3835241109570854,0.2634577502854034,0.23701231767014197,None,3,,,500,0.0,0.0,0.0,0.0,6.042685041927307,,,
R4,Trending_ExponentialGrowth,0.995952486587961,0.2823323432989625,0.997531769985526,0.44003545849965686,0.3866480977111406,None,24,,,500,,,0.0,0.0,1.4899508297088158,,,
R1,Composite,0.9949397222273584,0.9899586469348995,0.9982060228603654,0.9965272869653548,0.6492763381490261,24,24,24.0,48.0,500,0.1609944755078853,-1.1505127987640572e-05,22.54197719056796,2.73759718050055,1.3782563469555638,,,
R2,Seasonal,0.7069970408238635,0.856192293416858,0.9718981576712814,0.9964190910917643,0.9780378594092509,24,24,24.0,48.0,500,0.0,0.0,13.069848688078531,10.052202669308816,0.7804334701260008,,,
R3,Stationary_WN,0.2852995391044293,0.14450799899542255,0.5297542803848756,0.1835911434805645,0.22476514808493575,None,2,,,500,0.0,0.0,0.0,0.0,8.486797837145723,,,
R4,Trending_ExponentialGrowth,0.9964839005704218,0.17156700199999908,0.9978735991922866,0.3593897099154115,0.3910055059981311,None,24,,,500,,,0.0,0.0,1.0998255137865558,,,
R1,Composite,0.9975207030168552,0.9705714242270149,0.9999352847757034,0.999215177761215,0.9741216308233019,36,36,36.0,72.0,500,0.316949198220494,2.7845399947318443e-05,19.301118107427406,6.370963692770099,0.543011220828603,,,
R2,Seasonal,0.7111666033644957,0.9446969352151943,0.9594836487702595,0.9980910290619388,0.9673251590596372,36,36,36.0,72.0,500,0.0,0.0,11.392207845684844,5.206361565999319,0.5772459390694217,,,
R3,Stationary_WN,0.1999002630764689,0.12923500043982672,0.4508025001716357,0.23018766413016123,0.4056200356171381,None,3,,,500,0.0,0.0,0.0,0.0,5.646096984700283,,,
R4,Trending_RandomWalkDrift,0.9966326065046808,0.94386751610325,0.9977278317048126,0.9632226409257006,0.3322818379848568,None,250,,,500,,,0.0,0.0,0.7383690727238013,,,0.11290703544126157
R1,Composite,0.9939343510795822,0.9774579644119361,0.9990700842280478,0.9965455153335939,0.847939874723962,24,24,24.0,48.0,500,-0.23499904452180423,3.273459525505139e-05,22.85529993662655,5.463319807576866,1.4077492837064693,,,
R2,Seasonal,0.6397706799359701,0.9804454373200616,0.7810207496305616,0.9969592207294306,0.8458173765220047,24,24,24.0,48.0,500,0.0,0.0,28.831311349162355,6.402911701213135,1.670911252003409,,,
R3,Stationary_WN,0.17998940428902033,0.20362274241505351,0.44694930709909175,0.3059558276234302,0.3442446792031836,None,3,,,500,0.0,0.0,0.0,0.0,6.244870530570221,,,
R4,Trending_ExponentialGrowth,0.993529990564041,0.10777028523048371,0.996277185830467,0.3190030413965269,0.42170396033648994,None,24,,,500,,,0.0,0.0,1.12470166121691,,,
R1,Composite,0.9918949308810958,0.8982428802221232,0.9996267684217541,0.9945446299046014,0.9546957124797967,48,50,48.0,96.0,500,0.23224679242853524,3.383114124535143e-05,13.771925455777321,7.804799632342147,1.1246487983673714,,,
R2,Seasonal,0.3183980289623809,0.9691405742153198,0.28326133747095983,0.9899660240369708,0.7087492395565977,48,50,48.0,96.0,500,0.0,0.0,23.925594330955732,4.092671231450994,1.777256749351081,,,
R3,Stationary_WN,0.10453851229711708,0.19939480820581845,0.23109199244820855,0.33789806731055505,0.32826932566878186,None,8,,,500,0.0,0.0,0.0,0.0,12.055851826448839,,,
R4,Trending_MeanShift,0.999969499539707,0.9998775540068534,0.9999657865423034,0.9998635770429838,0.0,None,250,,,500,,,0.0,0.0,0.9022259334981937,,250.0,
R1,Composite,0.9837730954392541,0.9514879201474422,0.995182564182489,0.9857433101851376,0.7090005495948375,24,24,24.0,48.0,500,0.11552726385043365,-4.917886763715898e-05,10.506246721359012,3.231653960019271,1.3669515560433347,,,
R2,Seasonal,0.6913125261239648,0.9515125977355464,0.9268534655439186,0.99726804571264,0.9455258678334375,24,24,24.0,48.0,500,0.0,0.0,17.788234771070922,7.254116793715463,0.8933817188216482,,,
R3,Stationary_WN,0.17961375393299162,0.05681156481136029,0.4802127321135118,0.09005132779220637,0.3095351464848909,None,2,,,500,0.0,0.0,0.0,0.0,13.580598020729619,,,
R4,Trending_ExponentialGrowth,0.9985817151920049,0.23996663162282061,0.9989721898418106,0.34318630932662,0.2687969389794286,None,24,,,500,,,0.0,0.0,1.1720460748573465,,,
R1,Composite,0.9989965896549828,0.9283802864707645,0.9995979007120819,0.9682056820178758,0.5993156879076473,48,50,48.0,96.0,500,-0.3955962120311928,2.7074432333361885e-05,8.580957660965176,2.318535612640366,1.4807358061838682,,,
R2,Seasonal,0.5480834902808255,0.9257529250242003,0.6764083836669125,0.9816786470039748,0.7798932061008984,48,50,48.0,96.0,500,0.0,0.0,13.004474097927156,5.369178292988805,1.8838350393391698,,,
R3,Stationary_AR,0.16885783391626874,0.28971546890010047,0.31162851007390524,0.5043673699659716,0.5615937710720444,None,20,,,500,0.0,0.0,0.0,0.0,5.0,0.4810671308801547,,
R4,Trending_RandomWalkDrift,0.9856912940372674,0.8960230880869751,0.9811877685550334,0.8865808232456569,0.0,None,250,,,500,,,0.0,0.0,0.620736830192174,,,0.26452658498040116
R1,Composite,0.9991151423470309,0.9848412718004321,0.9997434557388953,0.9955255261017475,0.709909265179786,36,36,36.0,72.0,500,0.34066338606978425,1.9556759032226253e-05,17.085505821013157,2.6523814197282283,1.1931277165086458,,,
R2,Seasonal,0.6197695814539681,0.9786562363845196,0.7127987783449712,0.9958828244952079,0.8094636073043987,36,36,36.0,72.0,500,0.0,0.0,29.72057932411762,6.941222435535499,1.9579707507236221,,,
R3,Stationary_WN,0.22235944741139135,0.08375284688359963,0.5292284704875678,0.1111291991703297,0.2425448798503097,None,2,,,500,0.0,0.0,0.0,0.0,10.396724687843072,,,
R4,Trending_MeanShift,0.9999163361547568,0.9996658290984354,0.9999290750205045,0.9997162923506575,0.152852061717749,None,250,,,500,,,0.0,0.0,1.1150415392116266,,250.0,
R1,Composite,0.9987745638669568,0.9776220093822808,0.9997960160867534,0.9958732666913622,0.8335649244069381,48,50,48.0,96.0,500,0.3086115574401313,-3.479994232938587e-05,13.718534260749452,2.5257566791982535,0.7715108615919363,,,
R2,Seasonal,0.6352511510387244,0.968781548392728,0.956211344847335,0.9989670531315218,0.9700627424713859,48,50,48.0,96.0,500,0.0,0.0,19.27830847135224,5.657169434658538,0.6730607251525349,,,
R3,Stationary_AR,0.11156975254074664,0.20485018413683553,0.1129685458747397,0.34479397877900997,0.45678804640402104,None,36,,,500,0.0,0.0,0.0,0.0,5.0,0.5180593321320339,,
R4,Trending_MeanShift,0.9998952373834323,0.9995815546192255,0.9998797469195434,0.9995197006692583,0.0,None,250,,,500,,,0.0,0.0,1.1271353176940178,,250.0,
R1,Composite,0.9821067891789311,0.9756680665194472,0.9990338947354321,0.9986127360324291,0.9478605232254946,48,50,48.0,96.0,500,-0.12206909861626629,-4.370803075684722e-05,24.706172801671094,6.161784093903281,0.9610768488503915,,,
R2,Seasonal,0.5442299069893868,0.9801541205387304,0.8196887824324139,0.9978849547085158,0.9024359500388256,48,50,48.0,96.0,500,0.0,0.0,24.540156198272044,4.725111893595307,1.2378222044759586,,,
R3,Stationary_WN,0.010227743644938836,0.09690034433049555,0.2807902631929633,0.24702130163769198,0.34021955280005367,None,6,,,500,0.0,0.0,0.0,0.0,11.630381640181366,,,
R4,Trending_RandomWalkDrift,0.9995277002980361,0.9378495855761506,0.9992998952056329,0.9120491023505933,0.0,None,250,,,500,,,0.0,0.0,0.9487523748707504,,,0.44946035322038125
R1,Composite,0.9971045882796292,0.9714808355109333,0.9999039534057328,0.9990404315184803,0.9671830584492962,12,12,12.0,24.0,500,0.257382906368011,-1.5000789692630449e-05,16.03429571277254,5.4259001905387345,0.5563620597229109,,,
R2,Seasonal,0.7391139197146366,0.9615797231061456,0.9539953344277291,0.9980463558869999,0.9509110515540293,12,12,12.0,24.0,500,0.0,0.0,25.409402647988852,9.8409665587667,1.3313395319701682,,,
R3,Stationary_AR,0.16639692063432376,0.16751416536289787,0.3513738356833891,0.412677316099031,0.6639006922616677,None,16,,,500,0.0,0.0,0.0,0.0,5.0,0.6070632402961103,,
R4,Trending_RandomWalkDrift,0.9966124842305892,0.2476037171587946,0.9992507010873614,0.5743474796242057,0.7819142410733835,None,24,,,500,,,0.0,0.0,0.605658843907976,,,0.1664426003074028
R1,Composite,0.9702976865244004,0.89680821743713,0.9964309462320995,0.9875924245375489,0.8886478947633669,24,24,24.0,48.0,500,0.10834486673824868,-1.3304905306684734e-05,10.953585143369025,6.378943147181398,1.3242646725158926,,,
R2,Seasonal,0.6897769032373968,0.9643745906490765,0.9316267943599326,0.9981346384876008,0.9488588119198057,24,24,24.0,48.0,500,0.0,0.0,19.185327614185155,6.679975402909263,0.9313413015035827,,,
R3,Stationary_AR,0.08795036076587837,0.2776648225195625,0.11041465496236014,0.5409394057812,0.6248632700701677,None,33,,,500,0.0,0.0,0.0,0.0,5.0,0.557948643797703,,
R4,Trending_MeanShift,0.9999407204444976,0.999762951411928,0.9996529994070356,0.9986010003614563,0.0,None,250,,,500,,,0.0,0.0,0.8427023011146751,,250.0,
R1,Composite,0.9993667328603489,0.9916714964175886,0.9998201310707561,0.997642974596135,0.7164813973005334,24,24,24.0,48.0,500,0.3318873491599572,2.954051595578426e-05,19.47029662692045,2.2895687313562716,0.9081119836224782,,,
R2,Seasonal,0.6823886420914579,0.9144970349010196,0.8999487636958917,0.9930633528629003,0.9243149262422238,24,24,24.0,48.0,500,0.0,0.0,16.9202311419335,9.370199796119504,1.5836219816946875,,,
R3,Stationary_WN,0.0,0.2900469793458802,0.026005548439709703,0.5278784883519801,0.3925623458977614,None,83,,,500,0.0,0.0,0.0,0.0,10.157814057300108,,,
R4,Trending_RandomWalkDrift,0.9797164924483571,0.19946334575579638,0.9992794977394976,0.9761069322043925,0.9683400477686481,None,100,,,500,,,0.0,0.0,0.8419055008338557,,,0.23980562329209643
R1,Composite,0.9898855325143586,0.9892324457150896,0.9995034013623317,0.9994853040859459,0.9523862157715248,24,24,24.0,48.0,500,0.1032366324382864,1.6021867182113872e-05,22.272462481564745,4.254067674629677,0.5180667122666417,,,
R2,Seasonal,0.6729976778992406,0.9355890088536224,0.8844786821856849,0.9944470296448251,0.9175599221650824,24,24,24.0,48.0,500,0.0,0.0,19.31118922729148,8.813237990533032,1.623343469129113,,,
R3,Stationary_AR,0.14874678052954204,0.2099707771555951,0.15478020447627272,0.4970459431426223,0.6568740093609167,None,23,,,500,0.0,0.0,0.0,0.0,5.0,0.551609655696977,,
R4,Trending_ExponentialGrowth,0.9980546432945147,0.23304233469367042,0.9986336898695718,0.3783347647608293,0.29654757843451374,None,24,,,500,,,0.0,0.0,1.1732068557857134,,,
R1,Composite,0.9961972789813022,0.9733890403888914,0.999886219650716,0.9991956594412227,0.9703023738325309,24,24,24.0,48.0,500,-0.25303437740433343,-1.80255959468673e-05,19.84243351499046,6.127509854239437,0.6023077806201754,,,
R2,Seasonal,0.6977908213184357,0.9804452300714951,0.9470988112520435,0.9992112942854953,0.9601422724493464,24,24,24.0,48.0,500,0.0,0.0,25.679482609359674,6.652135582829014,0.8492851664456997,,,
R3,Stationary_AR,0.03526772578992232,0.2973899645693149,0.06804387186620076,0.4363636053792206,0.5336981778302123,None,42,,,500,0.0,0.0,0.0,0.0,5.0,0.48702226822137246,,
R4,Trending_ExponentialGrowth,0.9966579876442972,0.1996909005755947,0.9977662046662982,0.3330677575209262,0.3300305597069092,None,24,,,500,,,0.0,0.0,0.5504115744597003,,,
R1,Composite,0.982393474275907,0.9467523089851828,0.9978631594842136,0.9929641302308161,0.8825074458166051,48,50,48.0,96.0,500,0.1335537688066242,4.462692939535868e-05,18.303379193699037,6.782486830379359,1.434743743079638,,,
R2,Seasonal,0.6564137996894432,0.9494548045192471,0.9783953622784883,0.9990985201460209,0.9841148527297738,48,50,48.0,96.0,500,0.0,0.0,18.455134363654874,7.160087881212629,0.6130117175670942,,,
R3,Stationary_AR,0.13493010057523358,0.2548700464805652,0.358097877374598,0.5394706080692082,0.7100235038541811,None,22,,,500,0.0,0.0,0.0,0.0,5.0,0.6705402761516183,,
R4,Trending_RandomWalkDrift,0.9766216421064625,0.07661884264226193,0.9974917024177609,0.6922267107054134,0.8969278722159437,None,24,,,500,,,0.0,0.0,0.6565197001176936,,,-0.3062663363686289
R1,Composite,0.9970759579951334,0.9828228773881156,0.9990008762918482,0.9941341419186582,0.6593916314047701,12,12,12.0,24.0,500,0.2517313199608123,1.0627119517813908e-05,21.433313135319743,3.2361009986735647,1.4753674677666342,,,
R2,Seasonal,0.7510994014157009,0.9715754830550324,0.9766298586595363,0.9992496196041816,0.9742182653100467,12,12,12.0,24.0,500,0.0,0.0,26.433526853057113,9.024834445119982,0.7280912485075,,,
R3,Stationary_WN,0.22456079992538758,0.17340937395761646,0.4163818140480344,0.2450099933152311,0.2959671333115178,None,3,,,500,0.0,0.0,0.0,0.0,12.77033211758964,,,
R4,Trending_RandomWalkDrift,0.9797923974376697,0.4445839952202252,0.9990785744088078,0.9627117794953509,0.954158216144428,None,125,,,500,,,0.0,0.0,1.1051110993661402,,,0.25259579705207746
R1,Composite,0.9902583788932943,0.9726721939956773,0.9995155826640383,0.9985157583486335,0.9512350021707004,48,50,48.0,96.0,500,-0.191890734995059,-1.8992568913695746e-05,23.98183065780008,6.056801235217041,0.9202624744428253,,,
R2,Seasonal,0.3873861263267009,0.9546865059201358,0.4853012324569913,0.9867247426590525,0.7424057871162475,48,50,48.0,96.0,500,0.0,0.0,17.373656712676162,4.052647671925107,1.5854242980729651,,,
R3,Stationary_WN,0.10564493549865717,0.22289646963975807,0.25204840545005747,0.3308771500186799,0.3210304065273293,None,5,,,500,0.0,0.0,0.0,0.0,12.435530795686413,,,
R4,Trending_MeanShift,0.9997420208795142,0.9989684661119826,0.9991847897202327,0.9968630493497072,0.0,None,250,,,500,,,0.0,0.0,1.4841384664827904,,250.0,
R1,Composite,0.9906779146596882,0.9516014901481923,0.9990862372512392,0.9951282731521461,0.9040359750257626,36,36,36.0,72.0,500,-0.20718524960190765,2.1226409967721913e-05,17.528150845103198,7.0837506663389895,1.2950408897236678,,,
R2,Seasonal,0.6813997095502733,0.9650416157988162,0.897371993977629,0.9972541728948324,0.923980465340252,36,36,36.0,72.0,500,0.0,0.0,21.036024956067802,6.989458786004837,1.2831407730629905,,,
R3,Stationary_WN,0.1725657419763733,0.2413098784808413,0.3536484664399233,0.33323554201397454,0.31762842283888737,None,4,,,500,0.0,0.0,0.0,0.0,14.024233247976104,,,
R4,Trending_MeanShift,0.9999654621982559,0.9998621278411908,0.9997807120944873,0.9991471904470869,0.0,None,250,,,500,,,0.0,0.0,0.7927394308270956,,250.0,
R1,Composite,0.9991821686135848,0.9900563884973181,0.9997351472847152,0.9967793033554283,0.677284249366722,36,36,36.0,72.0,500,-0.39991315611871014,-2.0557629068675853e-05,23.83065895954,2.6929918819135086,1.3794992761608422,,,
R2,Seasonal,0.6976407789065893,0.8906859506834873,0.9256249137280889,0.9929970470816885,0.9423677514344808,36,36,36.0,72.0,500,0.0,0.0,16.005114138610878,10.154082030289757,1.3781317668598563,,,
R3,Stationary_AR,0.016098411394805945,0.2530803746691719,0.04226784949309903,0.6098999062632449,0.6509470122492378,None,71,,,500,0.0,0.0,0.0,0.0,5.0,0.6182352247581635,,
R4,Trending_RandomWalkDrift,0.9904488631726537,0.5662906280367905,0.996209642245414,0.8283676334747537,0.5950025351087245,None,250,,,500,,,0.0,0.0,1.361823404734595,,,-0.4612797311136049
R1,Composite,0.9762707835396182,0.9231343968457035,0.998350563111686,0.9941814244223621,0.9341404838653279,48,50,48.0,96.0,500,-0.10488583740868726,-3.22227535960164e-05,13.136472970188237,6.369459828576279,1.0515638585372107,,,
R2,Seasonal,0.6176410651228972,0.9406740811518581,0.8660767121211693,0.9935835679440851,0.9050077649594154,48,50,48.0,96.0,500,0.0,0.0,13.46612626777284,5.279975655829537,1.097603437166411,,,
R3,Stationary_AR,0.13655434268265854,0.34105351991082955,0.20957169566549205,0.5161497005868565,0.6105880472174414,None,31,,,500,0.0,0.0,0.0,0.0,5.0,0.617900730362609,,
R4,Trending_ExponentialGrowth,0.9945317373993634,0.2841711601140413,0.9959938281309674,0.3474976241238853,0.2621530964534492,None,24,,,500,,,0.0,0.0,0.9591369100833324,,,
R1,Composite,0.9759208502419505,0.9520167880987275,0.9993675038216974,0.9986605181190692,0.9750920356275186,48,50,48.0,96.0,500,0.12296716313988892,-2.227862954054413e-05,16.762572707401304,6.329904547406525,0.6677309738042401,,,
R2,Seasonal,0.03306716852176894,0.9793773154715796,0.04625806515095887,0.9943167102950007,0.7337764278007961,48,100,48.0,96.0,500,0.0,0.0,11.17454441137398,9.351901044965949,0.9636597985152373,,,
R3,Stationary_WN,0.07900734444407753,0.1526431254152758,0.15328434427874282,0.30422835308700724,0.3277271068650345,None,11,,,500,0.0,0.0,0.0,0.0,7.444821105268934,,,
R4,Trending_ExponentialGrowth,0.9994884374935008,0.23946164633658906,0.9996672875623177,0.3779313806047573,0.34436182557874784,None,24,,,500,,,0.0,0.0,0.5571902355686185,,,
R1,Composite,0.9949625649963417,0.9545517541169081,0.9991824121728833,0.9924611166167997,0.8400671993396175,12,12,12.0,24.0,500,0.243619971191375,-3.1319683344510774e-05,15.261194935394645,5.9390959287345675,1.4196541026820801,,,
R2,Seasonal,0.7484623061426325,0.9739653818693792,0.98091263595399,0.9994582997009888,0.9796656632306893,12,12,12.0,24.0,500,0.0,0.0,28.10267376656663,9.11582812518266,0.7605082945852082,,,
R3,Stationary_WN,0.04415335128230091,0.3266236719555742,0.03732811093006094,0.4390060512470373,0.33230505671198707,None,42,,,500,0.0,0.0,0.0,0.0,9.44989766021084,,,
R4,Trending_MeanShift,0.999966030793269,0.9998641661331266,0.9999173830975171,0.9996688939372673,0.0,None,250,,,500,,,0.0,0.0,0.8221600208903125,,250.0,
R1,Composite,0.9955546711299342,0.9363742425546547,0.9998385674679762,0.9974068378287955,0.9640423721807988,48,50,48.0,96.0,500,-0.25818010934960256,1.2916482070854963e-05,13.0085520905833,5.762902406583259,0.7051750794730939,,,
R2,Seasonal,0.6621026154691381,0.9335911726248252,0.9684521960353144,0.9981981667272383,0.9762024121777798,48,50,48.0,96.0,500,0.0,0.0,22.281390850813153,10.23855265993042,1.0122182271061129,,,
R3,Stationary_WN,0.16419073647917637,0.12858748855494118,0.4042428572125659,0.21327641085083715,0.27969591397989324,None,3,,,500,0.0,0.0,0.0,0.0,8.1261970348407,,,
R4,Trending_ExponentialGrowth,0.9926135809966651,0.19138257384711366,0.9948862130225523,0.3134143355726392,0.30012254102824,None,24,,,500,,,0.0,0.0,1.461249111396202,,,
R1,Composite,0.9951140923643754,0.9737040165690108,0.9997729347512934,0.9987651155063116,0.9542161387606134,36,36,36.0,72.0,500,0.19606709224941937,2.2245216163611087e-05,18.039502237912743,5.411279615238992,0.6419788515452474,,,
R2,Seasonal,0.682417311673428,0.9718165088675006,0.8697705093859276,0.9970614317791658,0.898535502190009,36,36,36.0,72.0,500,0.0,0.0,27.24517136175578,8.199306235028807,1.5371616503470162,,,
R3,Stationary_AR,0.25024251676256903,0.24202883546559595,0.3928583104982609,0.5417668664669921,0.6486850276396952,None,15,,,500,0.0,0.0,0.0,0.0,5.0,0.6065372565508143,,
R4,Trending_RandomWalkDrift,0.9988259542346473,0.9593253082965935,0.9939167842183946,0.8337707871875764,0.0,None,250,,,500,,,0.0,0.0,1.2310204563459797,,,0.4666228790943927
R1,Composite,0.9958461600681229,0.934070981532513,0.9996023506853411,0.9933607837225726,0.9050802438269683,36,36,36.0,72.0,500,-0.22956782260663253,-3.836950222223377e-05,12.404205271388125,5.936337510580329,1.350644682645668,,,
R2,Seasonal,0.7192145125896199,0.8826972417076668,0.9854112187975033,0.9983755638442924,0.9877274508557465,36,36,36.0,72.0,500,0.0,0.0,13.48962268405318,9.421801288205412,0.5467358591573825,,,
R3,Stationary_AR,0.17061013101176392,0.3887900090625491,0.3032802324776165,0.6500004603822715,0.6591479939334635,None,42,,,500,0.0,0.0,0.0,0.0,5.0,0.6143500841303492,,
R4,Trending_MeanShift,0.999983853313303,0.9999352881220633,0.9998224027616184,0.9993067959937493,0.0,None,250,,,500,,,0.0,0.0,0.6229713224182037,,250.0,
R1,Composite,0.9829438611694663,0.916166192988355,0.9987372932179066,0.9935240578031705,0.9288030751196674,36,36,36.0,72.0,500,-0.1668605702955584,4.4635834426147456e-05,13.09857648705797,7.168003452340776,1.1313070749523142,,,
R2,Seasonal,0.6314904383561467,0.9555403953970877,0.7336767733348221,0.9914671871539946,0.8132971698709565,36,36,36.0,72.0,500,0.0,0.0,16.74902799898301,5.769723543526634,1.726368246054898,,,
R3,Stationary_WN,0.09231824099584773,0.28595257552550213,0.16723244609232168,0.43256667711841423,0.37427898202730725,None,9,,,500,0.0,0.0,0.0,0.0,10.015228701936174,,,
R4,Trending_RandomWalkDrift,0.9774199774186128,0.1521572937946123,0.9976364443604535,0.7639344054269576,0.9010539343094068,None,24,,,500,,,0.0,0.0,0.5991081325851568,,,0.1476593278829834
R1,Composite,0.9934325787319631,0.9788270519455158,0.9989032948501038,0.9964102759281899,0.8355441688998669,36,36,36.0,72.0,500,0.2039934126515269,-3.969795718225487e-05,20.92455631828839,4.881181818414804,1.3143101854249792,,,
R2,Seasonal,0.6704740289510227,0.9675056245174717,0.8509344332751219,0.9961899084278164,0.8865726133112442,36,36,36.0,72.0,500,0.0,0.0,20.681969492166573,6.3237214063301295,1.338696456073547,,,
R3,Stationary_WN,0.2576817107762529,0.09529933538064328,0.4946676953666368,0.10854628121115628,0.13612704679701848,None,2,,,500,0.0,0.0,0.0,0.0,11.126972887673265,,,
R4,Trending_ExponentialGrowth,0.9969932987652761,0.2645553984953002,0.9979285775956487,0.3469609798050963,0.3100065045384828,None,24,,,500,,,0.0,0.0,1.4943273797865237,,,
R1,Composite,0.9979201821322411,0.9382717336719403,0.9998626864486264,0.9957027226989266,0.9342802894993317,12,12,12.0,24.0,500,-0.20306463989280277,-4.5386481360470386e-05,8.196483902459217,4.133516689402503,0.5694750530175209,,,
R2,Seasonal,0.05230244940499029,0.9983375881860044,0.051143121300447625,0.9988557956521994,0.31608569966119515,12,24,12.0,24.0,500,0.0,0.0,10.941231748310635,10.168326688265884,0.5003091389190504,,,
R3,Stationary_AR,0.020461671885369737,0.34628983601926333,0.0446573053870889,0.674848678466168,0.6606611041867305,None,100,,,500,0.0,0.0,0.0,0.0,5.0,0.5860545170717387,,
R4,Trending_ExponentialGrowth,0.9961989448281966,0.2300818825309081,0.9976511617662563,0.4454305944043072,0.38248554567181503,None,24,,,500,,,0.0,0.0,0.637384838934359,,,
R1,Composite,0.9985467619923186,0.9746262892756653,0.9998470773595993,0.9972706609306093,0.8952051762769487,36,36,36.0,72.0,500,-0.3570741451429372,-4.227105269333276e-05,18.337971395910223,5.123906046752208,1.023772068255857,,,
R2,Seasonal,0.6526591444440178,0.9866503303944915,0.8020640671496431,0.9979951441947729,0.8507778339834409,36,36,36.0,72.0,500,0.0,0.0,29.161225396127783,5.558012809577741,1.292869375174797,,,
R3,Stationary_AR,0.07334518964186576,0.23586311917931935,0.12376449352848484,0.5525729437569687,0.6346025910596655,None,62,,,500,0.0,0.0,0.0,0.0,5.0,0.5672507427427751,,
R4,Trending_MeanShift,0.9998820119401524,0.9995328900833429,0.9997922252776594,0.9991848012275221,0.0,None,250,,,500,,,0.0,0.0,1.2239502627274044,,250.0,
R1,Composite,0.9984517539675382,0.9830309657840737,0.9998015790371707,0.9978011544553803,0.8721911339436028,12,12,12.0,24.0,500,-0.3482864501931803,3.489314093180976e-05,20.280019404460752,4.792912487882058,0.9887869883802443,,,
R2,Seasonal,0.7533011029081191,0.9813353964814404,0.9844080242787936,0.9996734125578708,0.9827919407162022,12,12,12.0,24.0,500,0.0,0.0,29.958907443905943,8.256626748902043,0.5506948655864538,,,
R3,Stationary_AR,0.12047700268887407,0.22385556172970844,0.22107731092183747,0.47068555211975505,0.6587175864730092,None,31,,,500,0.0,0.0,0.0,0.0,5.0,0.5856636306360309,,
R4,Trending_MeanShift,0.9999611674507253,0.9998450020430062,0.9999606590899364,0.9998444807589382,0.0,None,250,,,500,,,0.0,0.0,0.575165515289038,,250.0,
R1,Composite,0.9959124567260556,0.9536106651770542,0.999629270579187,0.9952997671260241,0.9099402430056177,48,50,48.0,96.0,500,0.24493729178426854,4.937613846340495e-05,16.04334095345297,5.449055079121907,1.1340922695099613,,,
R2,Seasonal,0.3936923316428379,0.8964373789674914,0.5145405994228128,0.9740483895181913,0.7869353827101689,48,50,48.0,96.0,500,0.0,0.0,12.340061663673492,4.554041229798824,1.7256737069093857,,,
R3,Stationary_WN,0.07928034814338658,0.06719181178830702,0.4035684421808927,0.10626948430879735,0.24697448898665708,None,3,,,500,0.0,0.0,0.0,0.0,11.135573605639266,,,
R4,Trending_MeanShift,0.9998082174532065,0.9992318633214416,0.9901220283381548,0.9491163933391219,0.0,None,250,,,500,,,0.0,0.0,1.29971047629012,,250.0,
R1,Composite,0.9876111781572408,0.9196126045714588,0.9994177680366665,0.9960447403764817,0.9546779320901531,36,36,36.0,72.0,500,0.13279704899952574,1.96047695198867e-05,11.117571298445736,6.033608236094431,0.8328668944732321,,,
R2,Seasonal,0.702292147613252,0.9236324970791108,0.9357129070538923,0.9956951673796296,0.9477431084969165,36,36,36.0,72.0,500,0.0,0.0,15.125825881414123,7.958972916906943,1.0783206894276793,,,
R3,Stationary_AR,0.04322460413230833,0.8819260162448649,0.0007583865436130433,0.7207244170503347,0.0,None,250,,,500,0.0,0.0,0.0,0.0,5.0,0.46737527773892934,,
R4,Trending_RandomWalkDrift,0.9982165768591824,0.8304410976377443,0.9983415436094236,0.8289533631359742,0.03366334375197644,None,250,,,500,,,0.0,0.0,0.7150295203079162,,,-0.3476846129052491
R1,Composite,0.9868725352041701,0.9629324103327127,0.9953678212817996,0.9867568680697196,0.6533300057326881,12,12,12.0,24.0,500,-0.13329263829762125,4.7499077750446896e-05,13.334529396023951,3.3793972844607083,1.3777289930472514,,,
R2,Seasonal,0.729371367758209,0.9719424307786875,0.9215046524647009,0.9976267876392669,0.9174583806991212,12,12,12.0,24.0,500,0.0,0.0,22.01672707401775,7.054652477931895,1.2045045827960204,,,
R3,Stationary_WN,0.30100595324795476,0.10185805031327966,0.492956108026676,0.15066172768454078,0.25895040300837824,None,2,,,500,0.0,0.0,0.0,0.0,8.928122587744056,,,
R4,Trending_ExponentialGrowth,0.9924294191305919,0.32224985169901965,0.9946177807952791,0.41046856170102386,0.2915143951394187,None,24,,,500,,,0.0,0.0,0.7949904848046099,,,
R1,Composite,0.9982952821397738,0.9612691196146229,0.9997092455113267,0.9932705955226442,0.8303681162203765,12,12,12.0,24.0,500,0.34403201251914606,4.4405654000542936e-05,15.43742410472144,5.073607452093935,1.4666215933791988,,,
R2,Seasonal,0.7467248710193014,0.9754674583989481,0.9663474869179975,0.9990777380911439,0.9632228369612654,12,12,12.0,24.0,500,0.0,0.0,28.25659793180926,8.731295652414966,0.8942003538206771,,,
R3,Stationary_WN,0.041934097236489,0.15429036931248052,0.16251701279366226,0.3758040399506055,0.36071674801681686,None,14,,,500,0.0,0.0,0.0,0.0,9.10675081754228,,,
R4,Trending_RandomWalkDrift,0.9929082433152232,0.8403256908093135,0.27914908773987,0.14561073317897844,0.0,None,167,,,500,,,0.0,0.0,1.0889796558328122,,,0.2895999802121983
R1,Composite,0.9932906477001059,0.9827857341012971,0.9991860942830437,0.9979204432332257,0.8804470841044584,12,12,12.0,24.0,500,-0.1676941605794518,-2.6688399989391577e-05,23.37849847232073,5.466815811665455,1.1632150644288335,,,
R2,Seasonal,0.673250457269278,0.8959298068871857,0.7803560478383308,0.9777017642199377,0.8029403495928281,12,12,12.0,24.0,500,0.0,0.0,11.083834044317001,6.359521791416828,1.870051117718416,,,
R3,Stationary_WN,0.12048477085219711,0.17403018077165455,0.30903759642726203,0.28860808351876566,0.27758055431870143,None,5,,,500,0.0,0.0,0.0,0.0,10.603047200257288,,,
R4,Trending_MeanShift,0.999839272916105,0.9993602559301635,0.9995739391892864,0.9983396984095027,0.0,None,250,,,500,,,0.0,0.0,0.9692338335137907,,250.0,
R1,Composite,0.986113660183079,0.98863195968085,0.9975934633895491,0.9980801035027129,0.8315566218078799,36,36,36.0,72.0,500,-0.11601020705453256,4.076420844470642e-05,21.984432234035985,3.7665529415637202,0.9680581042600725,,,
R2,Seasonal,0.7144283541492951,0.9851693842606773,0.9757113124051575,0.9996953594769451,0.9797492427058266,36,36,36.0,72.0,500,0.0,0.0,29.675098875655408,6.812746608472782,0.5841268846214609,,,
R3,Stationary_AR,0.16733944525932087,0.2777016187438114,0.23497500746480882,0.40474078419475523,0.5137741434454824,None,16,,,500,0.0,0.0,0.0,0.0,5.0,0.45098961864023906,,
R4,Trending_MeanShift,0.9999688906633859,0.9998761008375163,0.9999406063336852,0.9997636707393426,0.0,None,250,,,500,,,0.0,0.0,0.7499216303780315,,250.0,
R1,Composite,0.9956283475134481,0.9733157972388944,0.9995992850900113,0.997529832311077,0.9095298581145402,12,12,12.0,24.0,500,0.18235767396172875,4.8491439984243904e-05,16.78665879550432,5.160583758648667,0.9271162308645017,,,
R2,Seasonal,0.7435145661563434,0.9269015982590784,0.9632578107200124,0.9969208770676097,0.9605075087564657,12,12,12.0,24.0,500,0.0,0.0,15.221754193681246,8.379284831086697,0.9675893024390807,,,
R3,Stationary_WN,0.12009974052588146,0.2303283401956735,0.20576842853208444,0.27855101600732124,0.22712143414394936,None,8,,,500,0.0,0.0,0.0,0.0,13.964631526845789,,,
R4,Trending_ExponentialGrowth,0.9991382925827959,0.2453316962161235,0.9994561756900351,0.36659227089158297,0.36520569752014953,None,24,,,500,,,0.0,0.0,0.509649002910272,,,
R1,Composite,0.9913157315395745,0.9753313823942485,0.9995479554352676,0.9987152725330725,0.9487492639135274,24,24,24.0,48.0,500,-0.16053753642161306,-3.165310379806635e-05,21.11250372253807,6.012106064923829,0.8020263753163941,,,
R2,Seasonal,0.6958236909056823,0.8756512852776617,0.9434414405594375,0.9941120735095256,0.9573382716093316,24,24,24.0,48.0,500,0.0,0.0,16.325756182658644,11.38516641878975,1.407076738277881,,,
R3,Stationary_AR,0.05438543300264864,0.9202167189737974,0.007686140720173484,0.8691170179205696,0.0,None,250,,,500,0.0,0.0,0.0,0.0,5.0,0.44577232442438935,,
R4,Trending_MeanShift,0.9999405650372276,0.9997629755144614,0.999900947820983,0.999602917994896,0.0,None,250,,,500,,,0.0,0.0,1.3499680545878023,,250.0,
R1,Composite,0.9978169012627658,0.9440717171365379,0.9999337796983153,0.9982318341847476,0.9697559126655052,24,24,24.0,48.0,500,-0.3558973104784059,-1.4672151447026108e-05,14.064113352810018,6.339386254724311,0.585857742165041,,,
R2,Seasonal,0.6758305819132118,0.9555626940070849,0.8728889064692735,0.9956791634654266,0.9052439037730128,24,24,24.0,48.0,500,0.0,0.0,28.230706175019105,10.515746776739256,1.9914898627710764,,,
R3,Stationary_AR,0.10923205918751633,0.3378905891932843,0.22513955256543383,0.6276919794960547,0.6901366752626472,None,71,,,500,0.0,0.0,0.0,0.0,5.0,0.6767422365176444,,
R4,Trending_ExponentialGrowth,0.9991374823880925,0.1700894364395944,0.9995294442413889,0.4066946317951603,0.4476768553096513,None,24,,,500,,,0.0,0.0,0.920129595756258,,,
R1,Composite,0.998032441718928,0.9871401507776014,0.999899724341582,0.9993385417073365,0.9492373794917445,36,36,36.0,72.0,500,-0.28340506620319444,2.338064060653966e-05,21.63931205488081,4.499869101010865,0.5540190768800201,,,
R2,Seasonal,0.7009718967676428,0.8916651956752906,0.9394163456355045,0.9941417283430655,0.9516105987423485,36,36,36.0,72.0,500,0.0,0.0,11.70579229707899,7.484755211764801,0.927424386856089,,,
R3,Stationary_AR,0.19824957217548478,0.3219072887275439,0.37708824403402064,0.6053752180568998,0.697755824336253,None,24,,,500,0.0,0.0,0.0,0.0,5.0,0.5840564776189426,,
R4,Trending_ExponentialGrowth,0.9936829335312292,0.26003970145609,0.9964548346387446,0.46311008597632664,0.44030258810546163,None,24,,,500,,,0.0,0.0,0.8167726434066458,,,
R1,Composite,0.9869428674597035,0.9803761995764995,0.9996077929287716,0.9994253017666611,0.971230753286888,12,12,12.0,24.0,500,0.1508889319606713,-2.812175565434154e-05,23.095784233188116,6.497131362881899,0.5583170140303356,,,
R2,Seasonal,0.7357452753555774,0.9071141313155823,0.9311275452203689,0.9922941494835809,0.9239427246580925,12,12,12.0,24.0,500,0.0,0.0,13.130874939944036,8.01075783113771,1.276392734883837,,,
R3,Stationary_AR,0.1689887941353081,0.2192141330655778,0.2502908533573611,0.4157641122210486,0.5405923606049866,None,9,,,500,0.0,0.0,0.0,0.0,5.0,0.4373263843647326,,
R4,Trending_RandomWalkDrift,0.9975156852977083,0.0,0.999792758487079,0.790886798899046,0.9151267658378718,None,24,,,500,,,0.0,0.0,1.19948072828487,,,-0.4355630976962883
R1,Composite,0.9971893952582291,0.9745445049163607,0.9996473982962812,0.9968007723035769,0.8755251536232689,24,24,24.0,48.0,500,0.32063374724002025,2.1989582835095598e-05,22.18340716761468,5.973294558070878,1.2732757474089396,,,
R2,Seasonal,0.6535549338269439,0.9750978940700343,0.802537100405776,0.9962416397887222,0.8511637105362122,24,24,24.0,48.0,500,0.0,0.0,19.575492040062578,5.174726815045009,1.331708460906326,,,
R3,Stationary_AR,0.1100934072876878,0.2646078544887034,0.17773410516651877,0.5000893791351952,0.6029092058282726,None,24,,,500,0.0,0.0,0.0,0.0,5.0,0.6270871765026601,,
R4,Trending_MeanShift,0.9999359336546909,0.9997440225284531,0.9999520342689666,0.9998081273122058,0.2510181467624768,None,250,,,500,,,0.0,0.0,0.6016486306629919,,250.0,
R1,Composite,0.9969925158997216,0.9753706224998233,0.9998315005245811,0.9986057963616188,0.9442580635198449,24,24,24.0,48.0,500,-0.29954460159777335,-3.2471420622806064e-05,21.989859625824746,6.4836092136700625,0.8378444206881787,,,
R2,Seasonal,0.6911291967042783,0.9603162748044939,0.9149169836993674,0.9973522100671218,0.9347072732525727,24,24,24.0,48.0,500,0.0,0.0,28.43440048285308,10.3790426624979,1.5140936265241398,,,
R3,Stationary_WN,0.10148389920422507,0.20153244228853706,0.2867323356103819,0.33429869025096415,0.3518185390829762,None,6,,,500,0.0,0.0,0.0,0.0,10.127941487992663,,,
R4,Trending_RandomWalkDrift,0.9969037822376413,0.16245642215174538,0.9995666212579237,0.5841423514382722,0.860726246697783,None,24,,,500,,,0.0,0.0,0.8556342487615027,,,0.39091379093859524
R1,Composite,0.9891878468686124,0.9714649912501054,0.9995188303376771,0.9987391240075484,0.9569154262162007,36,36,36.0,72.0,500,0.1840020353915823,-1.6996758772369796e-05,21.96893903628365,6.897366535099468,0.8561321037239434,,,
R2,Seasonal,0.6952804017367977,0.9205964601339707,0.9258789009646642,0.9950131842929713,0.9419341844723114,36,36,36.0,72.0,500,0.0,0.0,19.868026095422543,10.837639966528888,1.6956757900018415,,,
R3,Stationary_AR,0.03536955510712403,0.2801086032146495,0.044010727232338676,0.5924811043074142,0.6030887174944596,None,100,,,500,0.0,0.0,0.0,0.0,5.0,0.44719867435129884,,
R4,Trending_RandomWalkDrift,0.9922844027033454,0.9421140628166311,0.899636120969733,0.3435647121530987,0.0,None,250,,,500,,,0.0,0.0,1.4126909792662339,,,0.23506194957777324
R1,Composite,0.9963676341463701,0.9749281563129143,0.9997136733432084,0.9980094719853625,0.9220608077163251,12,12,12.0,24.0,500,0.22772823739005216,3.534509144833401e-05,18.914746190249346,5.633937331013817,0.9647374939605213,,,
R2,Seasonal,0.7045767020165794,0.9658754044065418,0.8573792670030108,0.9951733120495678,0.8616801559282462,12,12,12.0,24.0,500,0.0,0.0,21.715015033118387,7.262163892365412,1.6500259766378633,,,
R3,Stationary_AR,0.13809624947772803,0.2573140478586252,0.21412366316822362,0.4597455521566983,0.5541706193587362,None,23,,,500,0.0,0.0,0.0,0.0,5.0,0.5045311185469913,,
R4,Trending_ExponentialGrowth,0.9910938417243712,0.27548209276884106,0.9932580011935621,0.3534287402900933,0.2479081406797018,None,24,,,500,,,0.0,0.0,1.386066299467155,,,
R1,Composite,0.9960421482198744,0.9282651534658974,0.9998236035422706,0.9966594778078948,0.9560502117828704,24,24,24.0,48.0,500,0.2357390427021183,-1.6186020049175767e-05,10.458846596171897,5.341480538090003,0.6404816581720404,,,
R2,Seasonal,0.7041776169895029,0.9559491480247001,0.9663881673855479,0.9988188300058121,0.974026569222815,24,24,24.0,48.0,500,0.0,0.0,27.20585178836073,10.802302483670786,1.0211304035293447,,,
R3,Stationary_WN,0.31361618471201225,0.1241287500709658,0.5630893353506379,0.16985722035497686,0.2774199550674815,None,2,,,500,0.0,0.0,0.0,0.0,12.384696925765056,,,
R4,Trending_ExponentialGrowth,0.9970241264444406,0.31914980276571037,0.9981587947299408,0.43459664280305454,0.3759399580088981,None,24,,,500,,,0.0,0.0,0.9860850702354151,,,
R1,Composite,0.9947591379577002,0.9810814775327041,0.998710091900668,0.9953332811635408,0.7564060611191936,36,36,36.0,72.0,500,-0.15483731682512403,-4.779193422687208e-05,19.258626501436794,3.977060177970979,1.3384243174254784,,,
R2,Seasonal,0.717096673873848,0.9240856558126584,0.9731107527123407,0.9981452266729736,0.9773504278402052,36,36,36.0,72.0,500,0.0,0.0,12.661908975332217,6.907923865138948,0.5570907301679701,,,
R3,Stationary_AR,0.20573745898330453,0.2366463977238875,0.26740070544764694,0.3770892082907583,0.5402451925948561,None,14,,,500,0.0,0.0,0.0,0.0,5.0,0.47137858533606225,,
R4,Trending_ExponentialGrowth,0.9989526327830371,0.22747047160258094,0.9993826775070628,0.35031662203852876,0.4086339208404064,None,24,,,500,,,0.0,0.0,1.0539242117231762,,,
R1,Composite,0.9585482057394089,0.9689842244939318,0.9978302788382575,0.9983644849683918,0.9520722308629255,48,50,48.0,96.0,500,-0.11685482849371401,4.387244611705604e-05,22.34838264135879,6.40701402735789,1.0192016467658578,,,
R2,Seasonal,0.6719653126934063,0.9265692999650038,0.9797485465005829,0.9986603678885032,0.984124661889868,48,50,48.0,96.0,500,0.0,0.0,22.92550918677702,11.360315088198265,0.8619146876618672,,,
R3,Stationary_WN,0.16835456941763494,0.17738403847170015,0.32438306635579417,0.2679525911204911,0.3200547047707549,None,4,,,500,0.0,0.0,0.0,0.0,6.163147144818188,,,
R4,Trending_RandomWalkDrift,0.9949182876523733,0.7286715830980703,0.6784252500945149,0.2266209697278332,0.0,None,250,,,500,,,0.0,0.0,1.353242355338324,,,-0.4321652651573249
R1,Composite,0.9984960044887878,0.9670701836207845,0.9999275893303601,0.9982362053876627,0.9520340033537297,48,50,48.0,96.0,500,0.32665745444544847,4.929797735655951e-05,15.13924188970868,4.376803941540574,0.5484876225199394,,,
R2,Seasonal,0.011734197270911628,0.9505932761861089,0.031214131507216414,0.9796780820974059,0.6112922833488568,48,100,48.0,96.0,500,0.0,0.0,10.391681185872148,7.340086652684838,1.6685574272517316,,,
R3,Stationary_AR,0.01219938049419278,0.7473682577625989,0.008750882712270092,0.8228004598398123,0.35787715533246167,None,250,,,500,0.0,0.0,0.0,0.0,5.0,0.5665261851111363,,
R4,Trending_RandomWalkDrift,0.9981061280772139,0.01510939055602023,0.9997546949494759,0.5718619684920316,0.8706157750936752,None,24,,,500,,,0.0,0.0,1.1024675669599375,,,0.3732467477518394
R1,Composite,0.996029778968106,0.9856605861055353,0.9996360742364699,0.9986887323934429,0.909563290845504,12,12,12.0,24.0,500,0.17378249640387727,2.7596960744606007e-05,20.129788901502124,4.532206846278459,0.8276897250035418,,,
R2,Seasonal,0.04808405465793231,0.9924037066625125,0.15955837764012915,0.9950389241650424,0.3455088543122813,12,24,12.0,24.0,500,0.0,0.0,11.83602105896395,11.37071170180512,1.1624610791031291,,,
R3,Stationary_WN,0.1690769744766515,0.1385905099785223,0.41880628577582735,0.2192441804229317,0.3564744550361759,None,3,,,500,0.0,0.0,0.0,0.0,12.879758483738485,,,
R4,Trending_ExponentialGrowth,0.9806158693351662,0.23688876377666124,0.9869516126138252,0.33069239421958685,0.3201399005447476,None,24,,,500,,,0.0,0.0,1.1183582066503472,,,
R1,Composite,0.9898994805057891,0.8585663586353003,0.999679450490049,0.9946015674974278,0.9689342267332284,48,50,48.0,96.0,500,0.16784009074973788,3.690096096272332e-05,9.53241893744086,6.844702647030303,0.8304476800027062,,,
R2,Seasonal,0.612732544077744,0.9555030090509917,0.8859107916551464,0.996282100177415,0.9252522952851782,48,50,48.0,96.0,500,0.0,0.0,29.641943990618795,9.818705869342303,1.8219404527228187,,,
R3,Stationary_WN,0.34605731668247686,0.12634154419774601,0.599238092305996,0.15630872847357313,0.19858897213096172,None,2,,,500,0.0,0.0,0.0,0.0,12.051455601716778,,,
R4,Trending_RandomWalkDrift,0.9956350259590081,0.09802135494686282,0.9996925508988428,0.7345981731150327,0.9299322356849434,None,24,,,500,,,0.0,0.0,1.2636501177466382,,,0.36348225277059776
R1,Composite,0.972904096201415,0.9449756491688622,0.9984328013698854,0.9966104642036956,0.9452356011212997,48,50,48.0,96.0,500,0.12698781281584245,1.2764741932326152e-05,19.59711120186339,7.651020168937747,1.2203020286612478,,,
R2,Seasonal,0.6712709265404257,0.9133370905170306,0.9863503487056343,0.9989288227285817,0.9894069658146717,48,50,48.0,96.0,500,0.0,0.0,15.506526441139759,8.28240539121791,0.504587337160772,,,
R3,Stationary_AR,0.1513129506901174,0.23801630278366503,0.23942286604174834,0.4708471353202015,0.608853579972152,None,17,,,500,0.0,0.0,0.0,0.0,5.0,0.5356567618471673,,
R4,Trending_ExponentialGrowth,0.9950395950481822,0.2215793714260319,0.9966294578081736,0.3042579978588529,0.31409262260722726,None,24,,,500,,,0.0,0.0,1.006548431113635,,,
R1,Composite,0.999314943708553,0.9921866376742131,0.9998997169501859,0.9988481638526191,0.8537363974294484,12,12,12.0,24.0,500,-0.30666405141315567,-1.461170193889009e-05,18.919518328586808,2.9477297368098236,0.6453661584203825,,,
R2,Seasonal,0.7479652773292451,0.9793454683247643,0.9734803664365073,0.9993953708760025,0.971282417199832,12,12,12.0,24.0,500,0.0,0.0,19.964404557928486,5.7252405042263925,0.5126241411465313,,,
R3,Stationary_AR,0.0670110282835722,0.2592782732859965,0.07398231843844638,0.5441980435671212,0.647626946456115,None,38,,,500,0.0,0.0,0.0,0.0,5.0,0.60371196324544,,
R4,Trending_MeanShift,0.9998864808747533,0.999545671151736,0.9998906221724935,0.999567212564083,0.040677849704404245,None,250,,,500,,,0.0,0.0,1.2597813830889757,,250.0,
R1,Composite,0.9980608074962556,0.9794713924627637,0.9997567527590492,0.9974040611331519,0.8752128710987767,36,36,36.0,72.0,500,0.24700445567045948,2.3876699667444512e-05,16.056679121803455,3.980955084424533,0.8707951023362899,,,
R2,Seasonal,0.6889532509964654,0.9556358969555548,0.909372985087471,0.996740255907308,0.9293191470397855,36,36,36.0,72.0,500,0.0,0.0,24.998714400455484,9.634528165347561,1.7035105726389292,,,
R3,Stationary_WN,0.28643758282137355,0.18432582095339745,0.5265826931596651,0.23854133066366867,0.25461164969982863,None,2,,,500,0.0,0.0,0.0,0.0,13.39544344607443,,,
R4,Trending_ExponentialGrowth,0.997374770108311,0.236977172716207,0.9985443076635524,0.4051038070534603,0.44196393044287363,None,24,,,500,,,0.0,0.0,1.1315025450158718,,,
R1,Composite,0.9993995408134664,0.9771540675561652,0.9999337818374745,0.9974420539524838,0.8899695826963312,12,12,12.0,24.0,500,0.30876533678649865,-2.8562736054954415e-05,9.635706756869034,2.6649889441143624,0.5229589937413736,,,
R2,Seasonal,0.5878916384587527,0.9813629842490691,0.5754667258836721,0.9935078484911118,0.6550812536341797,12,12,12.0,24.0,500,0.0,0.0,25.159447367682905,4.852366598215821,1.9688459876666107,,,
R3,Stationary_AR,0.24528764585428908,0.23878290755560327,0.3082948768087599,0.4383008966262003,0.5829695643773665,None,14,,,500,0.0,0.0,0.0,0.0,5.0,0.5820888947064241,,
R4,Trending_ExponentialGrowth,0.9941960595344982,0.20627703307701672,0.9956641831646942,0.36133486298633577,0.25359907373753066,None,24,,,500,,,0.0,0.0,1.052411479444926,,,
R1,Composite,0.9953267930383504,0.888297682288226,0.9993854917043595,0.9827312478848158,0.8696632294246767,48,50,48.0,96.0,500,-0.2620608692460049,-1.1294375513883198e-05,10.432815554954542,5.652330295582742,1.2546260882195783,,,
R2,Seasonal,0.5216135327141308,0.9761347240803634,0.8141397517523388,0.9977367539413763,0.9142566203719475,48,50,48.0,96.0,500,0.0,0.0,26.49447890638808,5.606527075721931,1.1254167907282717,,,
R3,Stationary_AR,0.2815321978599735,0.32318390822885557,0.34193714032714895,0.3975797389236728,0.3691728255094505,None,8,,,500,0.0,0.0,0.0,0.0,5.0,0.4080330172987569,,
R4,Trending_MeanShift,0.9999899702153089,0.9999598466351313,0.9999779098264432,0.9999112730038084,0.0,None,250,,,500,,,0.0,0.0,0.590531405086119,,250.0,
R1,Composite,0.998737104549367,0.9797974109543907,0.999705675423799,0.9948251201377674,0.766565295272637,48,50,48.0,96.0,500,0.31008893823765193,2.1751681109002077e-05,16.241301339351608,2.032111095584301,1.168979470660894,,,
R2,Seasonal,0.6329546598083372,0.958526827033366,0.9586802151798494,0.99874331201237,0.9728420694542742,48,50,48.0,96.0,500,0.0,0.0,20.749285246355353,7.036878931866943,0.7392665084109822,,,
R3,Stationary_AR,0.21788379105537803,0.28050563354122904,0.32948254324897597,0.4925578638930723,0.5635094171280861,None,13,,,500,0.0,0.0,0.0,0.0,5.0,0.48564771403820955,,
R4,Trending_MeanShift,0.999966329862573,0.9998654469041406,0.9999607839490655,0.9998435175891126,0.0,None,250,,,500,,,0.0,0.0,0.8672578737384741,,250.0,
R1,Composite,0.9969385303030863,0.9413185849988737,0.9997704757726861,0.9953807279332358,0.9254643461257721,12,12,12.0,24.0,500,-0.311032013399949,-1.6956057710143032e-05,14.659575613238411,6.8071532339524925,1.1220829353310187,,,
R2,Seasonal,0.7278455631700536,0.9580973520215958,0.9220471837286747,0.9966163935087166,0.9220774822453608,12,12,12.0,24.0,500,0.0,0.0,12.17064482338894,4.887373583036299,0.7781876524394103,,,
R3,Stationary_WN,0.15962747935985788,0.05879909481908685,0.49547208563816947,0.07596191378169692,0.23585645427746516,None,2,,,500,0.0,0.0,0.0,0.0,5.1855302173635,,,
R4,Trending_ExponentialGrowth,0.9902416333648236,0.20960280279983756,0.9940487233906796,0.3490021380790511,0.38829116126692,None,24,,,500,,,0.0,0.0,0.8573172412454975,,,
R1,Composite,0.9974637497746968,0.884682056657621,0.9997083939040223,0.985671012249445,0.8860548834534117,24,24,24.0,48.0,500,0.36039511749610265,-3.959175007780011e-05,9.476034461252349,5.745085233258936,1.3267054569589853,,,
R2,Seasonal,0.693172993626423,0.8660192660168249,0.9308829433740978,0.9921083440018618,0.94711228516699,24,24,24.0,48.0,500,0.0,0.0,15.536300943247593,11.181685111918604,1.6123815959447845,,,
R3,Stationary_AR,0.11921698980723405,0.6416868725831198,0.10678603225717398,0.6837238090666087,0.0,None,250,,,500,0.0,0.0,0.0,0.0,5.0,0.592001903852374,,
R4,Trending_RandomWalkDrift,0.9695455240179107,0.21080484690083146,0.9960884634618666,0.7028419504565853,0.8814284121200149,None,24,,,500,,,0.0,0.0,0.9003312033754532,,,0.1373459918062345
R1,Composite,0.999714131791651,0.9930896790460546,0.9999303251287505,0.9983072280222568,0.7565698793407452,12,12,12.0,24.0,500,0.3803530642309013,2.84336444256056e-05,16.255649845658787,2.0821975066373573,0.7413321388386888,,,
R2,Seasonal,0.5900205023906416,0.9890114449014376,0.6136206499125894,0.9968252563785088,0.7147783674554662,12,12,12.0,24.0,500,0.0,0.0,27.12668654880328,4.04991638336141,1.5661019506405087,,,
R3,Stationary_WN,0.2834589212735036,0.11671761344105236,0.5357816536729039,0.1639526853853025,0.2829539565806066,None,2,,,500,0.0,0.0,0.0,0.0,6.849692366825606,,,
R4,Trending_RandomWalkDrift,0.9913134960390559,0.05539068601814867,0.9988142283680206,0.5719797213822849,0.8672867851225406,None,24,,,500,,,0.0,0.0,1.3815183614318776,,,0.1118437698405109
R1,Composite,0.9967279235728596,0.9771377093047349,0.9998134593188263,0.9986899142000605,0.943635219082009,12,12,12.0,24.0,500,0.3365035484322755,-4.7796689899006495e-05,23.902579787844388,7.0394411326275055,0.9054105932159454,,,
R2,Seasonal,0.7498154594734476,0.9829795475719708,0.9810565936632064,0.9996439642561321,0.9794040193590224,12,12,12.0,24.0,500,0.0,0.0,24.626847208420894,6.396107802197754,0.508642504333936,,,
R3,Stationary_AR,0.06430026598949934,0.2435908699309498,0.11987337034077783,0.4196887627120105,0.6387347549412907,None,31,,,500,0.0,0.0,0.0,0.0,5.0,0.44335964952616547,,
R4,Trending_ExponentialGrowth,0.9959016723870541,0.2633399549356715,0.9970749085439864,0.36820364251887017,0.2816332819265004,None,24,,,500,,,0.0,0.0,1.1442710445123954,,,
R1,Composite,0.9994723435450386,0.9936247102331839,0.999940251015354,0.9992801731746094,0.8870811656662978,24,24,24.0,48.0,500,0.3019697393454887,-1.0475833050747037e-05,17.315009510239257,2.3036619605965267,0.5051409632638666,,,
R2,Seasonal,0.7044961943750894,0.9581578495039103,0.971375962611535,0.9990498237212727,0.9779754564946123,24,24,24.0,48.0,500,0.0,0.0,20.335472725147707,7.935101396297633,0.6795091167442293,,,
R3,Stationary_WN,0.16305565220926477,0.16320250532237102,0.41632589802839104,0.22039675847966433,0.27027523638710527,None,3,,,500,0.0,0.0,0.0,0.0,13.062333539989783,,,
R4,Trending_ExponentialGrowth,0.9897793019723183,0.29923849989805074,0.9940976155047309,0.4774761510516582,0.4227472559446481,None,24,,,500,,,0.0,0.0,1.2240691196169027,,,
R1,Composite,0.9963673245909493,0.9776326470695571,0.9991435763982477,0.9948081140794712,0.7668186234215604,24,24,24.0,48.0,500,0.24119867921552487,-3.937830222363407e-05,17.98179076133698,3.7592127305654173,1.4169471046539392,,,
R2,Seasonal,0.7017694107496749,0.9356825236124304,0.9667371683458201,0.998268277902761,0.9744312571094247,24,24,24.0,48.0,500,0.0,0.0,22.276832228588866,10.872717882238122,1.0874204081727563,,,
R3,Stationary_AR,0.03644610513821511,0.29407532944900894,0.10790215110321877,0.6520402477119053,0.7111043234303076,None,71,,,500,0.0,0.0,0.0,0.0,5.0,0.6411729408456175,,
R4,Trending_ExponentialGrowth,0.9958771626790247,0.2457395665371247,0.9973940934444853,0.3777793634671496,0.3616261450028919,None,24,,,500,,,0.0,0.0,0.8428405496856045,,,
R1,Composite,0.9962464539508135,0.9494752765972163,0.9998671391451366,0.9981648128134947,0.9650821776104798,24,24,24.0,48.0,500,0.30252021084085745,3.612229669213416e-05,17.249978526711395,7.3572710033514435,0.7872040046291998,,,
R2,Seasonal,0.7056743965320178,0.9623366831843081,0.9696353394300673,0.9990919602934416,0.976544401629353,24,24,24.0,48.0,500,0.0,0.0,24.318764843952714,9.025718134777316,0.8004378876817735,,,
R3,Stationary_WN,0.011618844226886749,0.17584191541151317,0.02087576577109307,0.30003583093890973,0.30972762651737673,None,62,,,500,0.0,0.0,0.0,0.0,6.779098957025025,,,
R4,Trending_ExponentialGrowth,0.9976471390281418,0.269783991517886,0.9982259758802682,0.3530415477159692,0.24184028801025814,None,24,,,500,,,0.0,0.0,0.9098219511784489,,,
R1,Composite,0.9974363514073613,0.9525672176312531,0.9997167737718536,0.9945755689583129,0.8899178306624667,12,12,12.0,24.0,500,-0.37052776296512946,-2.3719658308659403e-05,17.667114050536398,7.2641018529606,1.45064555207518,,,
R2,Seasonal,0.725795616437966,0.8685686016382128,0.9210841028439528,0.9882668050383918,0.920818850026262,12,12,12.0,24.0,500,0.0,0.0,14.567445470451737,10.405259631167297,1.8711378490988557,,,
R3,Stationary_AR,0.06558533425495472,0.25856087492056545,0.08834077222205505,0.43344811585127585,0.5058263993536672,None,29,,,500,0.0,0.0,0.0,0.0,5.0,0.412559565112483,,
R4,Trending_RandomWalkDrift,0.9956079775251873,0.5561784173372322,0.9990025234476452,0.9196640418449699,0.785071815411222,None,250,,,500,,,0.0,0.0,1.0349942466924316,,,-0.367450745304599
R1,Composite,0.9966619349949118,0.9735577743451821,0.99979319427735,0.9981933329767751,0.9383258889670631,48,50,48.0,96.0,500,0.2401660130798964,-4.1908532006968345e-05,15.798461417698896,3.8904159674882046,0.6608242889166435,,,
R2,Seasonal,0.6744423194009525,0.9205278494036209,0.9895140249712094,0.9992388835576448,0.9917049089435896,48,50,48.0,96.0,500,0.0,0.0,20.385305127054174,10.51628906036072,0.5093286043305868,,,
R3,Stationary_AR,0.19477540594270226,0.25087255084695326,0.3071800162714132,0.46428553072509837,0.5717787622979669,None,26,,,500,0.0,0.0,0.0,0.0,5.0,0.5231520825661183,,
R4,Trending_ExponentialGrowth,0.9991353192790039,0.17456274771141522,0.9994565604063844,0.3417468112690868,0.36451968930309697,None,24,,,500,,,0.0,0.0,0.6071571169717715,,,
R1,Composite,0.9982378223498458,0.9237751124541824,0.9995128485758199,0.9784167619237998,0.7236239518102565,24,24,24.0,48.0,500,-0.2851524169618536,2.8527422618384793e-05,8.110645293643424,2.848892536855196,1.218525936769896,,,
R2,Seasonal,0.6832080104235383,0.9494600411978159,0.91202250325747,0.9966365127624807,0.9358368208827228,24,24,24.0,48.0,500,0.0,0.0,20.264518166447417,8.343074799510994,1.3071959461173457,,,
R3,Stationary_WN,0.1936671039885992,0.1334391000118217,0.5044675492832974,0.15795121716388527,0.2416795585503283,None,2,,,500,0.0,0.0,0.0,0.0,6.322043982571074,,,
R4,Trending_RandomWalkDrift,0.9955122338350125,0.1446227676014561,0.9993633501128578,0.728515116617148,0.8581191644078691,None,24,,,500,,,0.0,0.0,0.7134283050137727,,,0.34822420297037404
R1,Composite,0.997134477868362,0.9824775257984101,0.9992949211902646,0.9956870483599756,0.7560646285398466,12,12,12.0,24.0,500,0.24915881395153544,1.4788666318386939e-05,21.32866093202406,4.476552836456814,1.4354206268363185,,,
R2,Seasonal,0.7381346545220763,0.9502990986978836,0.9366282520412214,0.9964579150025868,0.931796882538891,12,12,12.0,24.0,500,0.0,0.0,24.555919744535885,10.72131898758645,1.4876604063069578,,,
R3,Stationary_AR,0.10975758169399097,0.30295311033000194,0.2756104895133079,0.5230231689348731,0.5922154221565372,None,24,,,500,0.0,0.0,0.0,0.0,5.0,0.43373750358993435,,
R4,Trending_MeanShift,0.9999080778942038,0.9996324889907832,0.9998641584283726,0.9994544086180323,0.0,None,250,,,500,,,0.0,0.0,1.336757514927756,,250.0,
R1,Composite,0.9980858661306227,0.9788548744756361,0.9998149514239038,0.9979210905503053,0.9035469076425511,36,36,36.0,72.0,500,-0.3752544170774763,-2.5243537170773027e-05,23.63970112684079,6.129013430953925,1.1267505043984452,,,
R2,Seasonal,0.7015203159186283,0.9709193864981314,0.9497080485036583,0.9988110233157373,0.9602784940044344,36,36,36.0,72.0,500,0.0,0.0,23.848385089666564,7.492098832028084,0.9810673391720645,,,
R3,Stationary_WN,0.07491266361851756,0.16237605610156092,0.14491770990307717,0.20957873508430236,0.25487838433298404,None,11,,,500,0.0,0.0,0.0,0.0,10.039171548901445,,,
R4,Trending_RandomWalkDrift,0.9972596572903595,0.789175609216497,0.9992317376060101,0.9450689149263332,0.7313077904384109,None,250,,,500,,,0.0,0.0,1.1992956570979212,,,-0.40695502592286426
R1,Composite,0.9734866767139172,0.9319307803970006,0.9973030754371215,0.9931194848800212,0.9048318872665055,12,12,12.0,24.0,500,-0.13631829510203142,3.870135191806791e-05,15.13433394152929,7.623560329908454,1.464012714833372,,,
R2,Seasonal,0.7499860445260094,0.9592479496510797,0.9744841987128577,0.9988144498840251,0.9719375661421495,12,12,12.0,24.0,500,0.0,0.0,22.200251087651196,9.084555990547429,0.7673250308802366,,,
R3,Stationary_AR,0.12319393167280224,0.20574053655398372,0.18950313682478626,0.44701996748144,0.6077315307743301,None,22,,,500,0.0,0.0,0.0,0.0,5.0,0.5387899838532425,,
R4,Trending_MeanShift,0.9999280671752748,0.9997131129248007,0.9998633098301973,0.9994478847663074,0.0,None,250,,,500,,,0.0,0.0,0.8273845423275401,,250.0,
R1,Composite,0.9983013559490425,0.9831572720502445,0.9998600608402328,0.998454235133922,0.9179750095513354,48,50,48.0,96.0,500,0.3140525176356149,2.1699871448286234e-05,20.923545115613145,2.8646964395844012,0.572235299172012,,,
R2,Seasonal,0.4015211095184532,0.9749573361390117,0.5968732062239279,0.9958892449611765,0.8551853733617025,48,50,48.0,96.0,500,0.0,0.0,23.278948188785435,4.103803180154171,1.3960086887581058,,,
R3,Stationary_AR,0.1835896158822864,0.2984683574868353,0.2582111252366728,0.466003310581401,0.4831656545368941,None,21,,,500,0.0,0.0,0.0,0.0,5.0,0.46038655375799353,,
R4,Trending_MeanShift,0.9999870713780803,0.9999482114940796,0.9999876218262985,0.9999505276577008,0.043433137970684266,None,250,,,500,,,0.0,0.0,0.6571630517893322,,250.0,
R1,Composite,0.9978859626550344,0.9055672537286368,0.999791527307209,0.9891763563774749,0.9017989254354967,48,50,48.0,96.0,500,-0.3767389917270144,2.349274215839723e-05,10.437586583652472,5.651589128845648,1.035438060261824,,,
R2,Seasonal,0.6240636609237655,0.8930546299033717,0.8770044278305431,0.9893677080949009,0.9159299615581461,48,50,48.0,96.0,500,0.0,0.0,14.28006754133535,8.03985409088666,1.6502089134255067,,,
R3,Stationary_WN,0.23148934434665513,0.11938239872024281,0.48239826598905977,0.1458785065244177,0.16415379757357462,None,2,,,500,0.0,0.0,0.0,0.0,12.37914291421006,,,
R4,Trending_MeanShift,0.9999647884352647,0.9998599684327061,0.9998934857020051,0.9995800271633339,0.0,None,250,,,500,,,0.0,0.0,0.8030203132862924,,250.0,
R1,Composite,0.9981586943303546,0.9624974544170221,0.9993634423550558,0.9866764839436883,0.6540346557452568,12,12,12.0,24.0,500,0.2919037658810072,-4.330949294944637e-05,12.238432893095062,2.84579135788289,1.3822590793453169,,,
R2,Seasonal,0.7164505434447999,0.9671682928826957,0.8896532765764731,0.996234964706547,0.8893657425606194,12,12,12.0,24.0,500,0.0,0.0,27.579814350622737,9.268540561168637,1.752525687033264,,,
R3,Stationary_WN,0.07087811027657842,0.24944142769677569,0.22941543205734694,0.35289426116202294,0.32784610516685,None,11,,,500,0.0,0.0,0.0,0.0,12.820806759245382,,,
R4,Trending_MeanShift,0.9999196644230796,0.9996762298193728,0.9998894413558381,0.9995526726316221,0.0,None,250,,,500,,,0.0,0.0,0.8551420318780989,,250.0,
R1,Composite,0.9860730073717828,0.9531916927295152,0.999772537291052,0.9991699162363397,0.9841356071443973,48,50,48.0,96.0,500,0.1587342365145385,3.3219357247546e-05,19.867351331361977,7.549902186608822,0.6132709131455414,,,
R2,Seasonal,0.5116202118499609,0.9584324692057239,0.7065029461524692,0.9929599895345799,0.8522677292945451,48,50,48.0,96.0,500,0.0,0.0,26.19735195153401,7.236431451643236,1.984094581348308,,,
R3,Stationary_WN,0.22647944260273356,0.09330538668315946,0.5436682000158473,0.1321932398367528,0.2902352318531818,None,2,,,500,0.0,0.0,0.0,0.0,6.12005354199709,,,
R4,Trending_RandomWalkDrift,0.9963832270273277,0.10021839441407843,0.9995781270019884,0.7100214865072407,0.8845477586983198,None,24,,,500,,,0.0,0.0,0.5885041898935887,,,-0.3138888592103083
R1,Composite,0.996124037673985,0.9746908213476251,0.9989862746493259,0.9933845969430795,0.7412940430759021,12,12,12.0,24.0,500,0.2221310446164823,-3.460862581067582e-05,16.21046495036325,3.938293411916106,1.4843707431128161,,,
R2,Seasonal,0.7146953838756916,0.9817486442012803,0.8905144575268681,0.997993023901066,0.8914742153317912,12,12,12.0,24.0,500,0.0,0.0,28.99719345540978,7.230628959066208,1.4813142133353367,,,
R3,Stationary_AR,0.13162004712475706,0.3137002658503102,0.20873037325327537,0.575259004931922,0.647041311141664,None,36,,,500,0.0,0.0,0.0,0.0,5.0,0.47548434491943015,,
R4,Trending_ExponentialGrowth,0.9931423577102559,0.20577268668751036,0.995705991676041,0.37750050328725215,0.36977499402611214,None,24,,,500,,,0.0,0.0,1.483267270857604,,,
R1,Composite,0.9947627318235892,0.955332547995809,0.9993355511151184,0.9941404376702273,0.8747553215147515,36,36,36.0,72.0,500,0.21954040586146167,3.691041751487517e-05,16.090102039097125,6.0034670496953275,1.400213515116344,,,
R2,Seasonal,0.7180809132498057,0.9389939455071283,0.981309192824576,0.9989875251935102,0.984408047106796,36,36,36.0,72.0,500,0.0,0.0,20.445839809480155,9.948819736855256,0.6878236935451881,,,
R3,Stationary_AR,0.06245806015176514,0.3784030372506273,0.14015397258700601,0.619074625402892,0.6600589385726333,None,56,,,500,0.0,0.0,0.0,0.0,5.0,0.6728306923463567,,
R4,Trending_RandomWalkDrift,0.9970349335861429,0.9662088165073405,0.9966297114938547,0.960894410609804,0.0,None,250,,,500,,,0.0,0.0,0.5132081004945704,,,0.30564948347023907
R1,Composite,0.9982634406745072,0.965790441729669,0.9997911900039779,0.9957666753474561,0.8801315433898531,36,36,36.0,72.0,500,-0.3204975520364338,4.025460628251895e-05,13.539215721072964,4.39989288536806,0.9495299338147358,,,
R2,Seasonal,0.694882064241342,0.9551772371213315,0.908077125999893,0.9965900852962282,0.9271385287755045,36,36,36.0,72.0,500,0.0,0.0,22.272698776371254,8.7160869300725,1.451447889137446,,,
R3,Stationary_WN,0.13174161325768963,0.1663391450821743,0.25812047283109285,0.245142632986449,0.20423601194927232,None,6,,,500,0.0,0.0,0.0,0.0,13.153511913955683,,,
R4,Trending_MeanShift,0.9998709068553445,0.9994841815952994,0.999214991887539,0.9971055847409432,0.0,None,250,,,500,,,0.0,0.0,1.4071412412900417,,250.0,
R1,Composite,0.9978591899347844,0.9745192431662296,0.9997065002895892,0.996474877145649,0.8632513318166023,24,24,24.0,48.0,500,-0.3204919096878725,-2.5546599308337544e-05,19.297368526555296,5.185454757273503,1.2863989723902736,,,
R2,Seasonal,0.687594808312886,0.8439743294825327,0.9087324432937343,0.987386235722522,0.9295502986632593,24,24,24.0,48.0,500,0.0,0.0,10.526801955982531,8.101097485790916,1.4129743191906359,,,
R3,Stationary_WN,0.10117436605166885,0.21222151334715822,0.24110545669043382,0.3195908841048677,0.28180327159802676,None,7,,,500,0.0,0.0,0.0,0.0,14.047191532972338,,,
R4,Trending_ExponentialGrowth,0.9964531900691022,0.2314354042542336,0.9975255822906012,0.35254208328663805,0.29858846276154705,None,24,,,500,,,0.0,0.0,0.8876492764946893,,,
R1,Composite,0.9993451206332294,0.9917533890743165,0.9998473446171641,0.9980865240434532,0.7672126526888008,12,12,12.0,24.0,500,0.3770579709236128,2.9249093416518076e-05,22.480172528000157,3.201466932990315,1.0150099432856887,,,
R2,Seasonal,0.7408612777517225,0.9652004887643961,0.9558001752656794,0.9983335828603739,0.9536190232390308,12,12,12.0,24.0,500,0.0,0.0,27.799054334921664,10.284047258475137,1.2724355092215676,,,
R3,Stationary_WN,0.0734874878834405,0.3298524638534568,0.09519598073216651,0.42154391204011643,0.27716190535201146,None,23,,,500,0.0,0.0,0.0,0.0,8.713936907454089,,,
R4,Trending_RandomWalkDrift,0.9967124883307173,0.013198550753794613,0.9996378764281605,0.6039988162812311,0.8933516112657962,None,24,,,500,,,0.0,0.0,1.2079677756461995,,,-0.4690108550418485
R1,Composite,0.9965698111020582,0.9631680407978596,0.999610946600825,0.9953730092325237,0.8873361678037502,48,50,48.0,96.0,500,0.25872720307631014,2.7421156880804626e-05,16.692136048748154,4.824570624672145,1.0584935057470313,,,
R2,Seasonal,0.5552474505659082,0.9551582203230045,0.7489175443309868,0.9929065631005838,0.8580763572604925,48,50,48.0,96.0,500,0.0,0.0,21.2707620751236,6.538373807098001,1.9348808000713764,,,
R3,Stationary_AR,0.05448490819803997,0.8756306563809787,0.004579711427825539,0.867671466651209,0.0,None,250,,,500,0.0,0.0,0.0,0.0,5.0,0.6643916390441941,,
R4,Trending_ExponentialGrowth,0.9986900169455373,0.3053277322400727,0.9991540484070968,0.39364696255450893,0.35055359066371705,None,24,,,500,,,0.0,0.0,1.3549059503251186,,,
R1,Composite,0.974126780814685,0.9527839046768056,0.9952472777275934,0.9914761736071152,0.8259670764409454,12,12,12.0,24.0,500,-0.11603287774018461,3.602519313663105e-05,15.164493106159568,5.830856872518889,1.42824200503679,,,
R2,Seasonal,0.7207484576574323,0.9115738265350641,0.8918762691653672,0.9898212316587924,0.8930888753500786,12,12,12.0,24.0,500,0.0,0.0,16.349357154472766,9.53946137171586,1.8709175559285236,,,
R3,Stationary_AR,0.08350858554436802,0.8995317011655215,0.05926399049621012,0.8885558540966123,0.0,None,250,,,500,0.0,0.0,0.0,0.0,5.0,0.4236361749905194,,
R4,Trending_RandomWalkDrift,0.9955252568128923,0.15841693117902567,0.9995715605425234,0.7027525217492523,0.90571044621809,None,24,,,500,,,0.0,0.0,1.2628094261902352,,,-0.3298822474548858
R1,Composite,0.9982474938136849,0.9790640318153312,0.9998492129270129,0.998000382466699,0.9140551035989679,48,50,48.0,96.0,500,-0.38041695219878124,-3.699995790943809e-05,23.05592109657845,4.233393965781648,0.8764819542073056,,,
R2,Seasonal,0.42327590366954215,0.974428775301493,0.6200759065545545,0.9953993421638133,0.8403051601122542,48,50,48.0,96.0,500,0.0,0.0,24.107366672820213,4.443816448727904,1.4446452802615484,,,
R3,Stationary_AR,0.22718945359646814,0.28480295003265443,0.2284500874374451,0.39848002488365886,0.4791832430281957,None,10,,,500,0.0,0.0,0.0,0.0,5.0,0.5358006112723519,,
R4,Trending_ExponentialGrowth,0.9810745161083223,0.17313958231500481,0.9872672904426065,0.3084808748763658,0.3263754671212846,None,24,,,500,,,0.0,0.0,1.343807702915436,,,
R1,Composite,0.9901058126215282,0.9753880864500676,0.9994749476690041,0.9986862853882745,0.9481892693849735,36,36,36.0,72.0,500,-0.20942512421805204,3.90689934897658e-05,24.707607810219532,7.257199664921067,0.9930828054008326,,,
R2,Seasonal,0.7066678720220445,0.9516434369397754,0.9422845481222913,0.9975739746486147,0.952160421786843,36,36,36.0,72.0,500,0.0,0.0,19.566435136392165,8.129321158797229,1.0760253002889162,,,
R3,Stationary_AR,0.14649892819584265,0.19810325814093455,0.2942689690810998,0.3648925348550883,0.5577093836498813,None,21,,,500,0.0,0.0,0.0,0.0,5.0,0.4790931405841299,,
R4,Trending_ExponentialGrowth,0.9995206564110172,0.16768838157141652,0.9997636680018127,0.4371984379804189,0.5015578696721912,None,24,,,500,,,0.0,0.0,0.6529059625189392,,,
R1,Composite,0.9959120105319427,0.9509695436855492,0.9998810211823806,0.998520398664583,0.9712540870301982,36,36,36.0,72.0,500,0.29704600044963847,4.601306890303171e-05,18.461658881637277,7.931480052856591,0.7399852513092935,,,
R2,Seasonal,0.7119521739101031,0.960029433386713,0.9661833701682945,0.9988454354127458,0.9723174673334045,36,36,36.0,72.0,500,0.0,0.0,17.332048789418547,6.615256199689343,0.578296412556891,,,
R3,Stationary_AR,0.2283094023675165,0.20604532102350837,0.4520715868161209,0.536053205029018,0.6618829229074021,None,28,,,500,0.0,0.0,0.0,0.0,5.0,0.6347272138322423,,
R4,Trending_ExponentialGrowth,0.9796260212061993,0.20334323685265998,0.9861233795862917,0.3203300249363368,0.30792814781489186,None,24,,,500,,,0.0,0.0,1.0255530803488373,,,
R1,Composite,0.9803288559201172,0.8655554565168728,0.998783026574795,0.9909601288766765,0.9409923170718844,36,36,36.0,72.0,500,-0.14505543189635925,3.161814740316726e-05,9.664402423585267,6.981622503751552,1.0879499085554456,,,
R2,Seasonal,0.7029653535155358,0.9797612245429654,0.9393904796263577,0.9989976522631516,0.9514771430801069,36,36,36.0,72.0,500,0.0,0.0,25.530116951306937,6.812676682392888,0.89446995811666,,,
R3,Stationary_AR,0.20923944602657496,0.16203871217333987,0.4116332838488428,0.4752178616664392,0.6093468782314247,None,14,,,500,0.0,0.0,0.0,0.0,5.0,0.48917997853091605,,
R4,Trending_MeanShift,0.9998981235063853,0.9995951284952669,0.9998658964671016,0.9994635360128894,0.0,None,250,,,500,,,0.0,0.0,1.068577655021881,,250.0,
R1,Composite,0.9931436533380701,0.985398346704314,0.9988713441009306,0.9973530193721207,0.8360010252550999,48,50,48.0,96.0,500,-0.16410383896269742,3.991319948217778e-05,20.07458316480433,2.0739723473036458,0.8937854262002598,,,
R2,Seasonal,0.5859647480529857,0.9379645709194712,0.8165621884944527,0.9916415661739149,0.8820129043241719,48,50,48.0,96.0,500,0.0,0.0,15.654761172101193,5.826033845757899,1.6103024036159073,,,
R3,Stationary_AR,0.0017744868835146699,0.8197893410653008,0.0019078719082261664,0.02627676574875304,0.0,None,250,,,500,0.0,0.0,0.0,0.0,5.0,0.5530517681800753,,
R4,Trending_MeanShift,0.9999713207177136,0.9998857365898357,0.9999754607392877,0.9999022799900591,0.14413220507391467,None,250,,,500,,,0.0,0.0,0.8741879439753167,,250.0,
R1,Composite,0.9967770016563207,0.9410172842926756,0.9997564359007938,0.9949776967470092,0.9248939169150936,48,50,48.0,96.0,500,-0.2671274452818222,1.4067251792471162e-05,11.942018845226194,4.808491686540204,0.8616275023443175,,,
R2,Seasonal,0.507342038487091,0.980864378906334,0.7107162282581514,0.996859733569065,0.850638002746278,48,50,48.0,96.0,500,0.0,0.0,26.140061766680695,4.966485923943472,1.4661820797090996,,,
R3,Stationary_WN,0.2453751008789079,0.13086169676075676,0.4032574211782871,0.17090692844115862,0.18833107834443796,None,3,,,500,0.0,0.0,0.0,0.0,5.774562260285608,,,
R4,Trending_ExponentialGrowth,0.9994802661663995,0.28099838643500774,0.9997088285168888,0.42013163046123747,0.43505785489779747,None,24,,,500,,,0.0,0.0,0.6046304671069571,,,
R1,Composite,0.9982339343430776,0.9131361477349093,0.9999589468142603,0.9978023944994205,0.9768768205622621,36,36,36.0,72.0,500,0.38697047919030425,4.911028688726097e-05,11.432982205892856,6.721661601866904,0.5506320641337907,,,
R2,Seasonal,0.7201168887751275,0.8371228990763407,0.9888665226502105,0.9981898602051633,0.9906788028540227,36,36,36.0,72.0,500,0.0,0.0,13.621116626641996,11.504066412912612,0.5697746729700753,,,
R3,Stationary_AR,0.13252270579434355,0.22953990260643786,0.22518912023081905,0.578706816271682,0.6821289837607531,None,19,,,500,0.0,0.0,0.0,0.0,5.0,0.5515578756396502,,
R4,Trending_ExponentialGrowth,0.9986626036897281,0.21910650304893997,0.9992127144528336,0.4202676515805712,0.4035893085054064,None,24,,,500,,,0.0,0.0,1.1644998017458388,,,
R1,Composite,0.9834332699803988,0.913020076709539,0.9974523281621679,0.9864251174513217,0.8529699268821306,12,12,12.0,24.0,500,0.103936298386028,2.881131306568292e-05,10.408018076060314,5.556621111886116,1.3265955668135525,,,
R2,Seasonal,0.7253706292752771,0.9056015490540108,0.9158524525846466,0.9911114580906083,0.913660151441759,12,12,12.0,24.0,500,0.0,0.0,15.641006656304144,9.270182625900391,1.5901199204353293,,,
R3,Stationary_WN,0.14162108572901955,0.15142750584604514,0.3603132879145421,0.26942790481040213,0.3887634592829303,None,4,,,500,0.0,0.0,0.0,0.0,10.480947638121895,,,
R4,Trending_MeanShift,0.999970972287153,0.9998839481884823,0.9998517861960787,0.999425080101232,0.0,None,250,,,500,,,0.0,0.0,1.2022027226679546,,250.0,
R1,Composite,0.9968109394925507,0.946793798010831,0.9997074866212857,0.99495906338932,0.9087367116662367,24,24,24.0,48.0,500,-0.1728481160841393,-4.95459036168697e-05,9.415032546273086,3.921113705487599,0.6992319747756967,,,
R2,Seasonal,0.6745066606751653,0.9452781738631748,0.8867594876890963,0.9953525154652481,0.9179336760607183,24,24,24.0,48.0,500,0.0,0.0,25.851901314257205,10.813461983512031,1.9319599265547434,,,
R3,Stationary_AR,0.10027619197527438,0.3033496369884484,0.2169170215461963,0.4995283721459324,0.5217195010969137,None,42,,,500,0.0,0.0,0.0,0.0,5.0,0.6193271547382635,,
R4,Trending_MeanShift,0.9998929112956108,0.9995731175859686,0.9992420249228914,0.9970024374579146,0.0,None,250,,,500,,,0.0,0.0,1.3474553599418146,,250.0,
R1,Composite,0.9953005909801476,0.9902499426959032,0.9995470282387027,0.9990642695665586,0.9049226354373308,36,36,36.0,72.0,500,0.13760021614043627,-2.396570027874854e-05,17.675362023131026,3.1123165301644966,0.6449793418873144,,,
R2,Seasonal,0.7141448334588789,0.9839595463422905,0.9764211264805512,0.9996820257081193,0.9805163048318788,36,36,36.0,72.0,500,0.0,0.0,29.967256844937523,7.2184727561320505,0.6167350349175367,,,
R3,Stationary_WN,0.17676512933156785,0.2077579063998356,0.3273939232682921,0.33347705079709145,0.3542928858758384,None,5,,,500,0.0,0.0,0.0,0.0,10.299780222966628,,,
R4,Trending_MeanShift,0.9999147686438888,0.9996596496836688,0.9991117630999319,0.9967082733695661,0.0,None,250,,,500,,,0.0,0.0,0.9492257132188956,,250.0,
R1,Composite,0.9948258027308289,0.9576718590554902,0.9996062846778785,0.9967402385875334,0.9247690845367894,24,24,24.0,48.0,500,-0.22486349346158963,3.675350844957796e-05,14.394722914994208,5.428514291442006,0.8641865755008181,,,
R2,Seasonal,0.7007741429964756,0.9710904224330102,0.9563901564610124,0.9990128450881772,0.9664688322552447,24,24,24.0,48.0,500,0.0,0.0,19.411512921855028,6.238210477049794,0.7387083081956272,,,
R3,Stationary_WN,0.006919571343648179,0.2544832832913363,0.010705808140104911,0.49334716645191534,0.38106304971149807,None,100,,,500,0.0,0.0,0.0,0.0,10.64995120797642,,,
R4,Trending_ExponentialGrowth,0.9978144192406725,0.24151915692329473,0.9985357453605175,0.3641822447135359,0.32038717674370176,None,24,,,500,,,0.0,0.0,1.1038836427685268,,,
R1,Composite,0.9954854491741392,0.938026659708595,0.9996338239007619,0.9942944676977731,0.9199446057203602,48,50,48.0,96.0,500,-0.18376626724855516,-2.7094396216877357e-05,10.36838253171518,3.986137195101011,0.7894830007521939,,,
R2,Seasonal,0.6447278833869197,0.9229313564311825,0.9019749272312153,0.9935463821872017,0.9273944235997948,48,50,48.0,96.0,500,0.0,0.0,20.03267081570737,9.492718891793343,1.6744225092908491,,,
R3,Stationary_WN,0.12474538563289994,0.1886983834735957,0.2001533457724447,0.2964860269654157,0.3105478074584338,None,9,,,500,0.0,0.0,0.0,0.0,8.658202963354167,,,
R4,Trending_RandomWalkDrift,0.9908871455371673,0.11464235624698493,0.9994687429734854,0.7312241405194988,0.9416513867083772,None,24,,,500,,,0.0,0.0,0.668963825633686,,,0.33488047618468336
R1,Composite,0.9802632019552243,0.853217071339879,0.9971388045978715,0.9773791725852667,0.861926758578831,24,24,24.0,48.0,500,0.14515694637386864,-4.9895473469283415e-05,8.545667231453175,5.796155335380749,1.4725241753182483,,,
R2,Seasonal,0.6777296687352694,0.9383341627915384,0.9044894242047674,0.9955460768639284,0.9309057545636852,24,24,24.0,48.0,500,0.0,0.0,25.085094075193027,11.37069027101078,1.9092261489308644,,,
R3,Stationary_AR,0.08808030548983048,0.2627997293324552,0.16999408367032287,0.4944306431931418,0.6384410518423216,None,56,,,500,0.0,0.0,0.0,0.0,5.0,0.6092273614564494,,
R4,Trending_RandomWalkDrift,0.9759036990006991,0.15230025169406114,0.9980045997531438,0.7104992565090777,0.9203696333433738,None,24,,,500,,,0.0,0.0,1.0720834649035935,,,-0.19387162116687767
R1,Composite,0.9947826710108427,0.9925848572223022,0.9985905875352943,0.9979884547117526,0.73114367923381,12,12,12.0,24.0,500,0.11708629129347445,-4.157945676935035e-05,16.625370076019554,2.0724517804977722,0.7442761409436204,,,
R2,Seasonal,0.7228463544077123,0.9763296730642157,0.8953972512194044,0.9974712147347836,0.8950529011808277,12,12,12.0,24.0,500,0.0,0.0,23.813230913239565,6.8994128495994484,1.1864361336180693,,,
R3,Stationary_WN,0.30249966841746057,0.1669405164161436,0.5525184831349336,0.22412086140865362,0.29220232063610485,None,2,,,500,0.0,0.0,0.0,0.0,5.620009504955748,,,
R4,Trending_ExponentialGrowth,0.9984374104301,0.27243249812859216,0.998913060136021,0.3957012618771687,0.2968454130967051,None,24,,,500,,,0.0,0.0,0.9692668788191671,,,
R1,Composite,0.998066864844165,0.9353479111688013,0.9991476318465269,0.9706330424074857,0.5598949855125808,36,36,36.0,72.0,500,0.23435996474922213,3.4308778563637406e-05,8.37023323414432,2.129794511332671,1.369904635534081,,,
R2,Seasonal,0.713816546231025,0.8368809088924773,0.9750013938869811,0.9960147317458518,0.9795230293664028,36,36,36.0,72.0,500,0.0,0.0,11.413738301296469,9.633204366458317,0.7285859093481984,,,
R3,Stationary_WN,0.08468251029334106,0.20625720625569177,0.3220911699209025,0.3160684256176305,0.3009774535701266,None,5,,,500,0.0,0.0,0.0,0.0,12.044949129067284,,,
R4,Trending_ExponentialGrowth,0.9962267169257923,0.20574125136393362,0.9975325804552986,0.3550519668050278,0.3427327885698802,None,24,,,500,,,0.0,0.0,1.2456825479259184,,,
R1,Composite,0.9976947428886861,0.9840493568922088,0.999529111978263,0.9967815210529534,0.7970755078579247,24,24,24.0,48.0,500,0.3110143266390072,-4.73725974609457e-05,22.10227220657185,4.072208467270117,1.4794951708733373,,,
R2,Seasonal,0.7024487800777303,0.8862403972063206,0.9544548251484836,0.9955329465600754,0.9643909798949174,24,24,24.0,48.0,500,0.0,0.0,17.96555402660622,11.995818189071954,1.3188482455893022,,,
R3,Stationary_AR,0.013502072219110373,0.21423026393857192,0.018849096419456646,0.6103007737910582,0.6431696743743109,None,83,,,500,0.0,0.0,0.0,0.0,5.0,0.5240994238165844,,
R4,Trending_MeanShift,0.9999607262795416,0.9998430065551902,0.9999631697335399,0.99985295574394,0.06337570402577386,None,250,,,500,,,0.0,0.0,0.8310191669089433,,250.0,
R1,Composite,0.998220949432097,0.8747639941529732,0.9999543736708792,0.996142671147866,0.974476945784466,48,50,48.0,96.0,500,-0.36950646409538745,-3.752568238948917e-05,8.738723221683292,5.844952879494143,0.5312046776898511,,,
R2,Seasonal,0.5014292209863561,0.9151707845721113,0.6615303256359768,0.9818916248487474,0.8144449966880022,48,50,48.0,96.0,500,0.0,0.0,14.8279330823462,5.886215395948258,1.6854867229282977,,,
R3,Stationary_AR,0.10758859113094743,0.27091536859895193,0.1831607613870645,0.43980870219717816,0.4964920165552297,None,29,,,500,0.0,0.0,0.0,0.0,5.0,0.47264045369526797,,
R4,Trending_MeanShift,0.9999650172899872,0.9998606696867264,0.9999369230305524,0.9997495512682257,0.0,None,250,,,500,,,0.0,0.0,0.7781853174537594,,250.0,
R1,Composite,0.9978443171025964,0.986020419142606,0.9994295552318877,0.9962594056472472,0.736131424804652,36,36,36.0,72.0,500,-0.3151586717287028,1.9928986187452464e-05,24.368951712259268,3.8553122937422164,1.3893335697763418,,,
R2,Seasonal,0.5195236916442367,0.9514364409115158,0.4740985345870754,0.983589834763715,0.6666897985994344,36,36,36.0,72.0,500,0.0,0.0,15.026351668362306,4.4774119969242445,1.8861140863071955,,,
R3,Stationary_WN,0.05045959697734137,0.29610921103967613,0.1236081912331709,0.4229274262442416,0.3466271191489815,None,20,,,500,0.0,0.0,0.0,0.0,14.092405335391264,,,
R4,Trending_ExponentialGrowth,0.9986677872949332,0.15539396877192035,0.9992807628242553,0.38112136451484857,0.45243017792189777,None,24,,,500,,,0.0,0.0,0.694489898049893,,,
R1,Composite,0.9976060487852917,0.9573999544745724,0.9996669673942256,0.9934000723194334,0.8615355435867476,48,50,48.0,96.0,500,-0.3544925936505704,-4.393589240341553e-05,17.742401852161173,4.9690985938170655,1.3149271433393284,,,
R2,Seasonal,0.5797044819064516,0.9818766535559313,0.9531075734264476,0.9994981768106775,0.9746791884904402,48,50,48.0,96.0,500,0.0,0.0,23.948964991206882,4.86019717060897,0.5137461142903301,,,
R3,Stationary_AR,0.025818518868826357,0.2854762325465373,0.05758166106821627,0.5464836344334901,0.6052457400937807,None,83,,,500,0.0,0.0,0.0,0.0,5.0,0.5894962918054739,,
R4,Trending_ExponentialGrowth,0.9993081438619401,0.30733878489848787,0.9995905052577855,0.44464877426555394,0.40566691852452985,None,24,,,500,,,0.0,0.0,0.5747715732510503,,,
R1,Composite,0.9779380959426957,0.9150385118692284,0.9992446554894111,0.9970328666560299,0.9673883011773158,24,24,24.0,48.0,500,-0.12349508226791107,-1.837235299954864e-05,13.440564709557492,7.561213344600826,0.8299968559672012,,,
R2,Seasonal,0.5412151567473897,0.9746374479524447,0.5458076974971833,0.993249455613622,0.7326601633691756,24,24,24.0,48.0,500,0.0,0.0,22.139353542776107,4.865691987925674,1.831884665559698,,,
R3,Stationary_WN,0.04202182822994727,0.13533689031949814,0.22405676052228352,0.259018419666177,0.3513379853894134,None,6,,,500,0.0,0.0,0.0,0.0,11.307551647847784,,,
R4,Trending_ExponentialGrowth,0.9981741448646079,0.25731952780686573,0.9988163931754662,0.3678950299646515,0.34670703231019917,None,24,,,500,,,0.0,0.0,0.9132099220079963,,,
R1,Composite,0.9917573774356736,0.9138198096733738,0.999815931611329,0.9979619202309002,0.978045520383881,24,24,24.0,48.0,500,-0.1904350415375696,-3.1871315175254886e-05,12.368300034610835,7.068803291484825,0.612866457772527,,,
R2,Seasonal,0.7062517660873654,0.977031624507443,0.9778417494875243,0.9995990427006844,0.98281888480317,24,24,24.0,48.0,500,0.0,0.0,25.43122425369974,7.255451291418566,0.5421814301727983,,,
R3,Stationary_WN,0.19372478295779594,0.23871897833856526,0.33856607251525483,0.3175806427696354,0.3022379092052877,None,4,,,500,0.0,0.0,0.0,0.0,10.673909580866532,,,
R4,Trending_RandomWalkDrift,0.995407664130872,0.11766376185456406,0.9994435141707705,0.671539358214562,0.8801782901393777,None,24,,,500,,,0.0,0.0,1.4735933710101508,,,0.4092280236609377
R1,Composite,0.9918792538045633,0.9873004684165287,0.998617634078439,0.9978614040649312,0.8330956442548539,12,12,12.0,24.0,500,-0.15234634483097254,4.658327215108804e-05,21.10506753422591,4.0044900808606325,1.2018353872501517,,,
R2,Seasonal,0.7170492625850995,0.9001129865750394,0.8888078775576883,0.9876438450828399,0.886696655529867,12,12,12.0,24.0,500,0.0,0.0,13.87390689041844,8.370466055196314,1.6280926500867623,,,
R3,Stationary_AR,0.3040553589716818,0.3632893703725656,0.5054732025164285,0.6665380742902189,0.702532054830012,None,36,,,500,0.0,0.0,0.0,0.0,5.0,0.6925305532014194,,
R4,Trending_MeanShift,0.9998971058047236,0.9995912165051364,0.9917795819402636,0.9715608947900495,0.0,None,250,,,500,,,0.0,0.0,1.060121504183882,,250.0,
R1,Composite,0.9984826363835343,0.9882697240969367,0.9997687831478486,0.9982090269499327,0.8482866412511183,24,24,24.0,48.0,500,0.3372576120085976,-1.8507616639436687e-05,23.91228673358874,4.022191682547664,1.0179389751443546,,,
R2,Seasonal,0.5192152120855611,0.9754540283160265,0.4693296892203397,0.9922470621857221,0.6900848843271379,24,24,24.0,48.0,500,0.0,0.0,20.19444246261468,4.075382089237268,1.787246932743677,,,
R3,Stationary_WN,0.08623333070215089,0.2690725323615353,0.13437251682379237,0.3617298970984747,0.2582349050994579,None,8,,,500,0.0,0.0,0.0,0.0,12.37929597118023,,,
R4,Trending_RandomWalkDrift,0.9948200066817523,0.15529289952499103,0.9993794619510903,0.7239841352299026,0.8819298708780943,None,24,,,500,,,0.0,0.0,0.9023343248304898,,,-0.2572641464614642
R1,Composite,0.9994080676570061,0.9689550038673822,0.9997327515953722,0.9850539995444765,0.549055426631285,48,100,48.0,96.0,500,0.3967282345808394,2.8162736523423223e-05,8.270981011717225,7.652204724298251,1.2689283399321996,,,
R2,Seasonal,0.6530570967745837,0.957686543634148,0.9618279335642492,0.9986994414282452,0.9724210387316198,48,50,48.0,96.0,500,0.0,0.0,17.231972318655668,6.139810335066958,0.6154170125698479,,,
R3,Stationary_AR,0.02685305471133803,0.2733241444236334,0.14643701650558805,0.5326356444241527,0.6310584798663851,None,42,,,500,0.0,0.0,0.0,0.0,5.0,0.5311072900972704,,
R4,Trending_RandomWalkDrift,0.9698796445633128,0.07953327060110782,0.9956403041065958,0.42545490970732447,0.861920645216671,None,24,,,500,,,0.0,0.0,0.9780416235470487,,,-0.10734934447199357
R1,Composite,0.9986694315008978,0.9712355014345676,0.9997314446560441,0.9934628648571247,0.7986737785904824,48,50,48.0,96.0,500,-0.28163550522130365,2.6752297245619954e-05,11.453568591376495,2.2253540089954478,0.817987714578834,,,
R2,Seasonal,0.6024924224624826,0.9612295117457705,0.8503145284512658,0.9959211747009402,0.9044672154441797,48,50,48.0,96.0,500,0.0,0.0,20.328378620019485,6.229538038207123,1.5368629464918178,,,
R3,Stationary_AR,0.10681011412722452,0.2479105399023197,0.1800411669056181,0.488134405115878,0.5568014157225679,None,36,,,500,0.0,0.0,0.0,0.0,5.0,0.5517208570029905,,
R4,Trending_ExponentialGrowth,0.9993122678948126,0.21521850967788303,0.9995768324249512,0.3668886924362187,0.38198277882563014,None,24,,,500,,,0.0,0.0,0.5204901843618265,,,
R1,Composite,0.9896228947524969,0.9778103690935364,0.9986617964074775,0.9971850307508703,0.8747342224906678,12,12,12.0,24.0,500,0.16870717545033204,1.758375819392293e-05,24.62468599234901,6.600875573844355,1.4562139032413448,,,
R2,Seasonal,0.7434324829807797,0.9819653971507424,0.969000532739756,0.9994104598673256,0.9678522057467406,12,12,12.0,24.0,500,0.0,0.0,23.706454492971517,6.348672072342855,0.666887397312169,,,
R3,Stationary_AR,0.17010717719453294,0.26464589501355384,0.23191207460359786,0.42149965133025125,0.5048643478617089,None,14,,,500,0.0,0.0,0.0,0.0,5.0,0.44625557349380524,,
R4,Trending_RandomWalkDrift,0.9243073303068047,0.8653984593827828,0.9773698399481832,0.9555360745766057,0.7083826202862498,None,250,,,500,,,0.0,0.0,1.0924263336056295,,,-0.15699770947824143
R1,Composite,0.9995692449170018,0.9927277377721331,0.9999610596865155,0.9993394683127563,0.9097427110405691,36,36,36.0,72.0,500,0.3922679153662224,-1.743299730554636e-05,18.97017315022306,2.850787442403918,0.5520198763425915,,,
R2,Seasonal,0.6439143001881422,0.9842124452955572,0.7760986853910334,0.9974958182740187,0.8432753232235661,36,36,36.0,72.0,500,0.0,0.0,19.458818937859238,4.042714324453069,0.994934416635723,,,
R3,Stationary_WN,0.21707214025844135,0.13746796566395647,0.511085391244841,0.180983497480664,0.2749795505707431,None,2,,,500,0.0,0.0,0.0,0.0,10.21294612239282,,,
R4,Trending_MeanShift,0.9999853391214877,0.99994140201958,0.9999842630098046,0.9999369771670213,0.0,None,250,,,500,,,0.0,0.0,0.7253827335331704,,250.0,
R1,Composite,0.9972847429936509,0.9785738958399567,0.9996146847525641,0.9969018293980022,0.8585438000243071,36,36,36.0,72.0,500,-0.2814960370622409,2.593582001881222e-05,19.446786124940996,4.647738145472508,1.175861568873386,,,
R2,Seasonal,0.7202928511674636,0.9145333635749916,0.9862134270649225,0.9989166534120798,0.9884111006870843,36,36,36.0,72.0,500,0.0,0.0,15.483640713334966,9.063150728489475,0.5129205128700782,,,
R3,Stationary_AR,0.06135008912399886,0.2135451836637391,0.09452025179517232,0.4737835783054979,0.5845338237048465,None,38,,,500,0.0,0.0,0.0,0.0,5.0,0.4696480373619027,,
R4,Trending_MeanShift,0.9999815384601288,0.9999262987309837,0.9998514596483337,0.9993924262617702,0.0,None,250,,,500,,,0.0,0.0,0.7121088347455369,,250.0,
R1,Composite,0.9920872706942616,0.9582009588373115,0.9964919491834524,0.9808576923639281,0.5571451627703558,24,24,24.0,48.0,500,-0.12814967175199463,1.1746772726836428e-05,10.656806991690933,2.2503680196671416,1.3314679529688476,,,
R2,Seasonal,0.630350951364643,0.9391899350040991,0.7601694830132929,0.9897394472186075,0.8372620285546306,24,24,24.0,48.0,500,0.0,0.0,10.540446230600786,4.2475195439991875,1.1029111282194362,,,
R3,Stationary_WN,0.2242515922215902,0.18555574916821604,0.42127197647691295,0.2726171921820495,0.34741626071872145,None,3,,,500,0.0,0.0,0.0,0.0,7.412915960332958,,,
R4,Trending_ExponentialGrowth,0.9988343837718285,0.27437191411209105,0.9993129568465897,0.3948824416125537,0.40706978710583686,None,24,,,500,,,0.0,0.0,1.3620793983828878,,,
R1,Composite,0.9981088525999947,0.8821683087597734,0.9998437993291058,0.9890474199801558,0.9178411755991133,36,36,36.0,72.0,500,0.39493031041843973,-1.1481583746064677e-05,9.37758626048948,6.179601225865176,1.0550541704909397,,,
R2,Seasonal,0.7013985718634612,0.9915679975927151,0.9236504165518419,0.9994686559365182,0.9375184084711806,36,36,36.0,72.0,500,0.0,0.0,27.577522249293445,4.676532375628498,0.6155430953526086,,,
R3,Stationary_WN,0.1812898382229996,0.08748200101552794,0.5113562165099248,0.12223854876667983,0.2831724070157783,None,2,,,500,0.0,0.0,0.0,0.0,9.018179375910908,,,
R4,Trending_ExponentialGrowth,0.997319164806352,0.20150019046767675,0.9983274455204507,0.3983369709705403,0.3718005332565252,None,24,,,500,,,0.0,0.0,1.483100673297077,,,
R1,Composite,0.9982880238530164,0.9839573822302552,0.9997524707441867,0.9976750693142193,0.8563384405968457,12,12,12.0,24.0,500,0.3360175166704381,-2.060183089649665e-05,21.580565926506686,4.934213116853067,1.0627036382778319,,,
R2,Seasonal,0.75604012610642,0.952995819783906,0.9916337730366678,0.9995450924112138,0.9907217600283811,12,12,12.0,24.0,500,0.0,0.0,25.834332465720493,11.567556121051119,0.542526067546113,,,
R3,Stationary_WN,0.173468483427358,0.2384881878919487,0.31181142505683546,0.3345920449943053,0.2628593628158368,None,5,,,500,0.0,0.0,0.0,0.0,10.42343074013018,,,
R4,Trending_ExponentialGrowth,0.9961061117606036,0.2517321457940972,0.9975529237637599,0.35944549279069293,0.3719595148379422,None,24,,,500,,,0.0,0.0,1.0102375669340706,,,
R1,Composite,0.9856408844981167,0.967622309299276,0.9989355523579853,0.9976064541543248,0.9283908073513474,36,36,36.0,72.0,500,-0.15991361392626738,2.4853518220415386e-05,20.34353060005146,6.6958771032860325,1.018417110090963,,,
R2,Seasonal,0.5519863763506969,0.9021094946042592,0.5917885244416938,0.9742096120898233,0.7588587784258551,36,36,36.0,72.0,500,0.0,0.0,11.514475004268764,5.165261371182124,1.9422806839198246,,,
R3,Stationary_WN,0.09231533643881118,0.12158700546510892,0.43611564892011145,0.2228966882558343,0.4119180267566682,None,3,,,500,0.0,0.0,0.0,0.0,12.272010459019103,,,
R4,Trending_MeanShift,0.9999668228971279,0.9998680938197141,0.9991865383323735,0.9966030839647829,0.0,None,250,,,500,,,0.0,0.0,0.7373915821785385,,250.0,
R1,Composite,0.9996795454286712,0.9909836752531975,0.9999238093371743,0.9978486150307836,0.7620756144258609,12,12,12.0,24.0,500,-0.37342995428254333,1.703127595840859e-05,13.90929824952823,2.059246863205636,0.633043363586956,,,
R2,Seasonal,0.7198158984519885,0.8661072319475104,0.9123957380612902,0.9866561118533405,0.9126640127281123,12,12,12.0,24.0,500,0.0,0.0,15.414284436129872,11.05566126940898,1.9047583120060438,,,
R3,Stationary_WN,0.1672974933416992,0.1041629834158615,0.4868911941332694,0.1446946690266131,0.2723292632096562,None,2,,,500,0.0,0.0,0.0,0.0,13.988709545609986,,,
R4,Trending_RandomWalkDrift,0.9909256590937155,0.18069360785375221,0.9989365275003457,0.6507145878775993,0.8856036146703417,None,24,,,500,,,0.0,0.0,0.8982101267894539,,,0.3791629290768279
R1,Composite,0.996108876990446,0.8871745815385128,0.9996410771070467,0.9888174875765623,0.908926802220903,24,24,24.0,48.0,500,0.26984045137984447,2.3321100179513484e-05,9.949305851884567,6.345987756266231,1.2717395567041456,,,
R2,Seasonal,0.6900204112523747,0.985565585236762,0.9052993859818099,0.9989185202313551,0.9255200982342588,24,24,24.0,48.0,500,0.0,0.0,24.40729668344576,5.320586853117503,0.807069745840479,,,
R3,Stationary_WN,0.08421810974271626,0.14807862260816818,0.21617723875551065,0.28402029781333715,0.3633371078558839,None,7,,,500,0.0,0.0,0.0,0.0,14.046576497938894,,,
R4,Trending_RandomWalkDrift,0.9981199788937096,0.22459341399130917,0.9997509320839871,0.7869035011719782,0.8683537953084205,None,24,,,500,,,0.0,0.0,0.9860924656823888,,,0.4472347140409233
R1,Composite,0.9613480766238026,0.9474279805922464,0.9995176966134104,0.9993236735843215,0.988568450388823,48,50,48.0,96.0,500,0.11112192744386666,-1.7978696024992893e-05,19.04615284382802,7.688963976507699,0.5001470433570189,,,
R2,Seasonal,0.6770787103774761,0.918322712549858,0.9898169822418191,0.9992213254235269,0.9918026272107018,48,50,48.0,96.0,500,0.0,0.0,20.57866505387201,10.734419145584763,0.5839480345494115,,,
R3,Stationary_WN,0.024025938599279817,0.23572386538767431,0.06727731089595179,0.3607156940708873,0.3349727889683335,None,28,,,500,0.0,0.0,0.0,0.0,13.407589213970278,,,
R4,Trending_ExponentialGrowth,0.9988378814019698,0.27101911332814466,0.9993828631438845,0.4578903534409391,0.4610086871503981,None,24,,,500,,,0.0,0.0,1.0879730788490152,,,
R1,Composite,0.9928674399240425,0.9358204339978334,0.9994356177083968,0.994254714515877,0.9220485847297979,48,50,48.0,96.0,500,0.24292374509123477,-3.691340388229229e-05,15.146179678257678,6.3203033587565765,1.2446683601136939,,,
R2,Seasonal,0.6476578679011437,0.9470097564666798,0.9634579156526234,0.9984489907738686,0.9741381052062296,48,50,48.0,96.0,500,0.0,0.0,20.572308240104487,8.115827242952282,0.8126977910203745,,,
R3,Stationary_WN,0.09944145031631468,0.22767272556057339,0.24650251897867004,0.3143016864555991,0.28665958181033047,None,6,,,500,0.0,0.0,0.0,0.0,13.925461065156245,,,
R4,Trending_RandomWalkDrift,0.9969801259197664,0.9057607189245943,0.9975830099757256,0.9261659433367497,0.1861232698414702,None,250,,,500,,,0.0,0.0,1.0463123137982846,,,0.41546499077338217
R1,Composite,0.9954191503923828,0.9789816951144545,0.9990297252927859,0.9955469041690529,0.7908665568944451,24,24,24.0,48.0,500,0.18023289172856527,4.782632280371448e-05,19.24072231238344,4.214343537941801,1.2785571242819695,,,
R2,Seasonal,0.6727058959225178,0.9322704033560436,0.8699632437509508,0.9933232858600574,0.9059487069101182,24,24,24.0,48.0,500,0.0,0.0,16.771699995104658,7.73594436535446,1.2882119155060785,,,
R3,Stationary_WN,0.028108364556282073,0.1846718423285535,0.1553939485157484,0.29254154557071066,0.3497595746878913,None,13,,,500,0.0,0.0,0.0,0.0,14.312718571321023,,,
R4,Trending_RandomWalkDrift,0.9900685712691296,0.35370729619551355,0.9994978850447869,0.95262068089097,0.9515725061461334,None,100,,,500,,,0.0,0.0,1.2115653571274294,,,-0.33541914090823355
R1,Composite,0.9987394995459239,0.9928977027095595,0.9998879161184997,0.9993673098373689,0.9112239038457336,12,12,12.0,24.0,500,-0.2655658316390819,-2.5263848764126648e-05,23.92394859720962,3.71597669343313,0.637748214330251,,,
R2,Seasonal,0.7164266018441918,0.9720422649095841,0.8848108115881838,0.9967597541734049,0.8866643848174733,12,12,12.0,24.0,500,0.0,0.0,18.0904592621436,5.679053033291963,1.1020733905414282,,,
R3,Stationary_WN,0.0205838527190344,0.22428228869196531,0.08909251296697662,0.37381631313515584,0.430952104132857,None,19,,,500,0.0,0.0,0.0,0.0,5.8011777127483075,,,
R4,Trending_MeanShift,0.9999499019851874,0.9998002485604226,0.999905165893815,0.9996174745806492,0.0,None,250,,,500,,,0.0,0.0,0.6839465301547362,,250.0,
R1,Composite,0.9945687139512134,0.954742482849643,0.9996563364874053,0.9970892844330258,0.9378078325822613,12,12,12.0,24.0,500,0.2403854292443294,3.483552055745206e-05,17.953670838431805,7.323870350552154,1.1439021696190195,,,
R2,Seasonal,0.7386260455650584,0.96397840742415,0.9542231774433758,0.9982084248318391,0.9515561786174285,12,12,12.0,24.0,500,0.0,0.0,17.051417229907116,6.333833264027599,0.8562150235776637,,,
R3,Stationary_AR,0.1740201971321964,0.36326002712916283,0.23674655634612063,0.4548745122514787,0.4265216140150849,None,16,,,500,0.0,0.0,0.0,0.0,5.0,0.42063994317895304,,
R4,Trending_RandomWalkDrift,0.996890905427783,0.008987580616616198,0.9997465978492323,0.6437141460765858,0.9197436044611765,None,24,,,500,,,0.0,0.0,1.4162184917182,,,0.4797915485664368
R1,Composite,0.9969972871896673,0.9765758565278874,0.9999215797728621,0.9993329011345641,0.9740491037799235,48,50,48.0,96.0,500,-0.26112731283721335,-4.156071921370276e-05,20.146318546588862,4.900075471710401,0.5690274334808689,,,
R2,Seasonal,0.5448367205132554,0.9799481745655507,0.8935109863815751,0.9988578224909502,0.9486301689679542,48,50,48.0,96.0,500,0.0,0.0,23.562535669964674,4.767851772411408,0.787985822838553,,,
R3,Stationary_AR,0.14515145549675645,0.30412120736888293,0.22766781409495562,0.5601911846683576,0.5758984908142009,None,19,,,500,0.0,0.0,0.0,0.0,5.0,0.46013721685787895,,
R4,Trending_ExponentialGrowth,0.9706178672416823,0.23430463812513969,0.9833323801575787,0.41887791754320947,0.4401842480330609,None,24,,,500,,,0.0,0.0,1.1849232633470326,,,
R1,Composite,0.9973385470906773,0.8676499939980306,0.9999318498647529,0.9961565491536322,0.974615732079537,36,36,36.0,72.0,500,0.3151711800441965,-2.9287151926568283e-05,8.022738079129418,5.930408950560156,0.5898914880770291,,,
R2,Seasonal,0.6852228567725088,0.9735224696242187,0.8920193325966002,0.9977622814232792,0.9175257385634209,36,36,36.0,72.0,500,0.0,0.0,24.441466978579882,7.118714804286749,1.3755062169330583,,,
R3,Stationary_WN,0.1572411729983032,0.1982070585315736,0.3393730231682497,0.27306730983998373,0.311540980931448,None,4,,,500,0.0,0.0,0.0,0.0,13.499488210443666,,,
R4,Trending_RandomWalkDrift,0.7760158054684256,0.36352839569850925,0.1388855183391412,0.043948629707184605,0.0,None,167,,,500,,,0.0,0.0,1.1979497959617418,,,-0.18958853622273494
R1,Composite,0.997676930710676,0.9855845596486006,0.9991236919730351,0.9945184117603988,0.6238755422151703,12,12,12.0,24.0,500,-0.18839181107328964,2.4984417006191856e-05,14.324230620500419,2.083990440201295,1.1069667137325654,,,
R2,Seasonal,0.6816174175615964,0.9805803529312079,0.8213866210881657,0.9968601646171124,0.8388523248774816,12,12,12.0,24.0,500,0.0,0.0,28.29595596228684,6.696453770096338,1.7741273032216376,,,
R3,Stationary_AR,0.15305546179515572,0.1057027538775287,0.2994699400384898,0.3593315217605766,0.6202976693493594,None,18,,,500,0.0,0.0,0.0,0.0,5.0,0.5987426716707438,,
R4,Trending_ExponentialGrowth,0.9856896380805807,0.17556717318570836,0.9908708174564699,0.322844969359784,0.36270658925776156,None,24,,,500,,,0.0,0.0,0.97978307999416,,,
R1,Composite,0.9966548916318146,0.9407616169295685,0.9996596499561918,0.9937409848144559,0.8992103580751926,12,12,12.0,24.0,500,0.288716627154175,-3.192980216811707e-05,12.891554073382672,6.027173622155374,0.9838898886731949,,,
R2,Seasonal,0.7037159379935221,0.9565723279036883,0.8578281706521279,0.9937894842564345,0.8624076962218544,12,12,12.0,24.0,500,0.0,0.0,20.19975516060275,7.602608901402877,1.6846661751638445,,,
R3,Stationary_WN,0.018872012083569367,0.23413816003019283,0.053975239509264084,0.42438820939448985,0.4242988647065372,None,36,,,500,0.0,0.0,0.0,0.0,5.197531085991823,,,
R4,Trending_ExponentialGrowth,0.9971476508405166,0.2917169595713469,0.998190600928737,0.41143233626684617,0.3626944041141942,None,24,,,500,,,0.0,0.0,0.9267120806989837,,,
R1,Composite,0.9965449248565784,0.9627273460407173,0.9995700425213078,0.9952582400856618,0.8764491931072447,12,12,12.0,24.0,500,-0.27758345828628916,1.8994737299232804e-05,16.398996960988697,5.829069300599832,1.1778226776432361,,,
R2,Seasonal,0.719078786436675,0.9921490578339012,0.8844993657017699,0.9990765071134203,0.882862158840999,12,12,12.0,24.0,500,0.0,0.0,29.062817524297103,4.671383723904125,0.883666753368429,,,
R3,Stationary_AR,0.22826843404893804,0.295019692472026,0.34004585683970234,0.5538859262112532,0.5831097665116287,None,26,,,500,0.0,0.0,0.0,0.0,5.0,0.6518098333836223,,
R4,Trending_RandomWalkDrift,0.9804870326076377,0.43060546370405006,0.9980214545254297,0.9360373178830614,0.8984873729429018,None,125,,,500,,,0.0,0.0,0.7786269288015122,,,0.224591766028956
R1,Composite,0.9990806210185124,0.9723129648574849,0.9997986849355187,0.9938565966017755,0.7815172737759075,24,24,24.0,48.0,500,0.319218950037481,-4.788025665357674e-05,10.74136267048425,2.8388346207111574,0.8647926730174329,,,
R2,Seasonal,0.6997660911897147,0.9449949619100948,0.9510544652908113,0.9978194188303079,0.9619688324425842,24,24,24.0,48.0,500,0.0,0.0,23.031797843977465,10.345604699648948,1.2025165164399247,,,
R3,Stationary_AR,0.18149971070689908,0.31405074461686366,0.313539155030102,0.5741559971694151,0.660994330985354,None,17,,,500,0.0,0.0,0.0,0.0,5.0,0.5010703359288453,,
R4,Trending_MeanShift,0.9999554280037047,0.9998227525649207,0.999952247544842,0.9998104659934612,0.0,None,250,,,500,,,0.0,0.0,0.7652185375177298,,250.0,
R1,Composite,0.996607011341904,0.9822010670696074,0.9996177320216995,0.9979896660207724,0.8886170188499289,12,12,12.0,24.0,500,0.271012815175668,2.2487790539528198e-05,24.983729878407495,6.254942914097618,1.2292129599495838,,,
R2,Seasonal,0.7462043131906397,0.9613285844222287,0.9648167717614697,0.9984865478557254,0.9622294766361973,12,12,12.0,24.0,500,0.0,0.0,26.200494011273218,10.3725541637696,1.0764122797129465,,,
R3,Stationary_WN,0.24278071274495172,0.08512177928653464,0.5452712752542527,0.11146248320944485,0.27232491714244356,None,2,,,500,0.0,0.0,0.0,0.0,9.619356850567613,,,
R4,Trending_ExponentialGrowth,0.9996704490094749,0.23464052388958467,0.999855069727775,0.5696372774934784,0.5549978568414156,None,24,,,500,,,0.0,0.0,0.5317784543633473,,,
R1,Composite,0.9844431437347441,0.916985106496771,0.9979773445323198,0.9877977404854001,0.8734018728971948,48,50,48.0,96.0,500,0.12060099239144462,3.540946108090822e-05,12.164784602390919,5.6660062871868355,1.3894221494724261,,,
R2,Seasonal,0.6325682369521537,0.8747449306344307,0.8445314685677423,0.9822825316637531,0.8798493253992389,48,50,48.0,96.0,500,0.0,0.0,13.758427479307178,8.447067338520256,1.9077772667261024,,,
R3,Stationary_AR,0.037549188510784925,0.5074646572093214,0.04551913994176282,0.012641493333243381,0.0,None,167,,,500,0.0,0.0,0.0,0.0,5.0,0.6504315521019787,,
R4,Trending_MeanShift,0.999961445922184,0.9998454889373033,0.9999616496102683,0.9998465881069966,0.005346550160052255,None,250,,,500,,,0.0,0.0,0.8637557312234714,,250.0,
R1,Composite,0.9942218002554927,0.9601003130202695,0.9989069362096715,0.9914145642080514,0.8129732585926919,48,50,48.0,96.0,500,0.24465610363427076,-2.0246068187089597e-05,18.138075235577013,4.035041616356388,1.32156062863691,,,
R2,Seasonal,0.6720707173231995,0.8783797534307916,0.9508369762704245,0.9940538660929484,0.9593108064617941,48,50,48.0,96.0,500,0.0,0.0,12.403404834318927,8.007628640109827,0.9531904208715662,,,
R3,Stationary_WN,0.21811398451442643,0.1114626813991868,0.5069180511597289,0.14891063403559546,0.25142270638341035,None,2,,,500,0.0,0.0,0.0,0.0,6.957520081229628,,,
R4,Trending_ExponentialGrowth,0.9975607341647541,0.30606007328568186,0.9984783384091203,0.4189953585082139,0.37244777484896496,None,24,,,500,,,0.0,0.0,1.3179204785968772,,,
R1,Composite,0.997190686320126,0.9310596846077751,0.9991362588656886,0.978236335666895,0.6931592906252031,24,24,24.0,48.0,500,-0.2381855653500601,2.586321008605484e-05,8.866948132050455,3.404832124557154,1.2185117106160095,,,
R2,Seasonal,0.6986502936021084,0.9725686760223666,0.949464726783291,0.9989072806342144,0.9608659689525487,24,24,24.0,48.0,500,0.0,0.0,15.904617091487063,4.8781114231136495,0.5824539283731663,,,
R3,Stationary_AR,0.1349345764033255,0.33338560134615125,0.21493136528305234,0.6106039994586042,0.6568202581995226,None,29,,,500,0.0,0.0,0.0,0.0,5.0,0.6814216804278381,,
R4,Trending_MeanShift,0.9999752825895237,0.9999012151290464,0.9764469793482601,0.8356461661461567,0.0,None,250,,,500,,,0.0,0.0,0.5893360905606869,,250.0,
R1,Composite,0.9942605462880463,0.9887329060055303,0.9992695095748416,0.9985765192020468,0.8747760521076976,36,36,36.0,72.0,500,0.16865759104502404,-4.5655949230378384e-05,21.29969151365613,3.892378329144981,0.8641830603471388,,,
R2,Seasonal,0.7139454622174779,0.8400504926579726,0.9700883654319264,0.9953834794090328,0.9755400451770219,36,36,36.0,72.0,500,0.0,0.0,14.464602881235498,11.883779861663651,1.0352026495111128,,,
R3,Stationary_AR,0.07231835805680198,0.33915814459654003,0.12427935348290586,0.5234588452905253,0.5337569478588061,None,56,,,500,0.0,0.0,0.0,0.0,5.0,0.4691649352001851,,
R4,Trending_ExponentialGrowth,0.9829114053104153,0.192881315513995,0.9873115193813624,0.332893948563709,0.27294470800345927,None,24,,,500,,,0.0,0.0,1.3004392694596625,,,
R1,Composite,0.9972956525347595,0.9773603143815883,0.9997001140804879,0.9974513166775658,0.8896816228882649,12,12,12.0,24.0,500,-0.20326952689973968,-2.1000383236193447e-05,15.060634846742772,4.128921192166649,0.8645654738628828,,,
R2,Seasonal,0.6991873323268942,0.9755496447260642,0.8361218480816398,0.9957605225698118,0.8307117842692293,12,12,12.0,24.0,500,0.0,0.0,28.594801485529324,7.769128284127943,1.9956912185225992,,,
R3,Stationary_AR,0.11010529615157982,0.3343480915278412,0.23117542647400002,0.5317132570416296,0.6264448617621996,None,45,,,500,0.0,0.0,0.0,0.0,5.0,0.49433044684188293,,
R4,Trending_MeanShift,0.9999189360954632,0.9996774422251029,0.9999258142370956,0.9997009276753092,0.08409696993025062,None,250,,,500,,,0.0,0.0,0.8953832054064105,,250.0,
R1,Composite,0.9959721890269081,0.9017388103545956,0.999685222472537,0.9909912974264694,0.9223244060563379,48,50,48.0,96.0,500,0.2939439430736417,1.0495126326429967e-05,11.943858923303697,6.440069202602447,1.1371279488435375,,,
R2,Seasonal,0.6767318619835647,0.9059463764110304,0.9765281950644729,0.9979424558380204,0.9813154252213335,48,50,48.0,96.0,500,0.0,0.0,12.727622503553508,7.226969583731464,0.6044054430801777,,,
R3,Stationary_AR,0.027909362203316967,0.4215930843539566,0.10098488697150254,0.7791955967984483,0.6874266476889498,None,125,,,500,0.0,0.0,0.0,0.0,5.0,0.6263879288838238,,
R4,Trending_ExponentialGrowth,0.9615206272238483,0.18342409146596783,0.9749485673647141,0.3576729058200696,0.336740143724653,None,24,,,500,,,0.0,0.0,1.2158062954328366,,,
R1,Composite,0.9888691859679019,0.9889469721850714,0.9991138054145453,0.9990409575540445,0.9208474435620407,48,50,48.0,96.0,500,-0.10148535800798816,-2.1825736331884712e-05,22.71800215991602,2.355594151078007,0.595673019861912,,,
R2,Seasonal,0.6176624924772628,0.9725917729126347,0.9577050494813002,0.9991944934119731,0.9733618888863041,48,50,48.0,96.0,500,0.0,0.0,28.487326565491628,7.510148575158117,0.786894448458052,,,
R3,Stationary_WN,0.12455033232157187,0.19488995386377328,0.22428953905153082,0.2765220905182417,0.2505708332488953,None,6,,,500,0.0,0.0,0.0,0.0,14.74194868532139,,,
R4,Trending_MeanShift,0.999954245005926,0.9998159680690263,0.9998829350968816,0.9995222452602569,0.0,None,250,,,500,,,0.0,0.0,0.9375900646439567,,250.0,
R1,Composite,0.9877955945078306,0.9058719275031175,0.9990364839150602,0.9921728740095744,0.9236338572352943,12,12,12.0,24.0,500,-0.1796445002242658,4.9492732775351885e-05,11.125547964682037,6.816483437125477,1.0467199612156732,,,
R2,Seasonal,0.7102897156444352,0.9700195944774008,0.8843074996195317,0.9965201219497923,0.8869071249017223,12,12,12.0,24.0,500,0.0,0.0,16.411877774482196,5.282690908158666,1.1143026022349132,,,
R3,Stationary_AR,0.0403213169690978,0.2934106102496059,0.15917186912456371,0.735498226689477,0.6529268466538135,None,125,,,500,0.0,0.0,0.0,0.0,5.0,0.4751778378718752,,
R4,Trending_RandomWalkDrift,0.9486664885245747,0.4213474483051233,0.942578667791223,0.5513898429656876,0.0,None,250,,,500,,,0.0,0.0,1.1086476141665704,,,-0.21299157697771567
R1,Composite,0.9980231847275125,0.9786340323446946,0.9999280784305689,0.9992100195001621,0.9637602831085377,36,36,36.0,72.0,500,-0.35912243287039947,-2.7069619036450438e-05,22.99699645307778,6.268859088729191,0.6954885926976899,,,
R2,Seasonal,0.7078500250806672,0.9653425381612866,0.9548896331012072,0.9986843997889657,0.9632463317788111,36,36,36.0,72.0,500,0.0,0.0,21.980303832463278,7.669739599231994,0.8787245644235127,,,
R3,Stationary_WN,0.2387908429534924,0.11281044657785877,0.523666127539424,0.1483517019117191,0.2441803919957084,None,2,,,500,0.0,0.0,0.0,0.0,10.930675541620282,,,
R4,Trending_RandomWalkDrift,0.9936350250108748,0.1313323429380483,0.9990143413576928,0.5998757436789386,0.8471213934365993,None,24,,,500,,,0.0,0.0,1.4181282771581039,,,-0.46279029808942174
R1,Composite,0.9985324804263304,0.9757016196565387,0.9998427655876716,0.997365656584011,0.8933502755048481,36,36,36.0,72.0,500,0.315029256882875,2.4795344818156672e-05,16.178459852687933,4.379925971798546,0.8479315759388992,,,
R2,Seasonal,0.7103934606789952,0.9579665559160466,0.9588575028451887,0.9985054835385266,0.9659178415325199,36,36,36.0,72.0,500,0.0,0.0,18.58708087421249,7.216348448995813,0.7375923278116181,,,
R3,Stationary_AR,0.23467363779586403,0.2942488259065821,0.3963342965368344,0.45379963919030586,0.5799019681869841,None,21,,,500,0.0,0.0,0.0,0.0,5.0,0.6083862405700631,,
R4,Trending_ExponentialGrowth,0.9995603677710115,0.2355021671477685,0.9997262593919388,0.39164764117022766,0.3715639518067898,None,24,,,500,,,0.0,0.0,0.5859515653855997,,,
R1,Composite,0.9965920930623141,0.8407585178496848,0.9997228236864264,0.9851306037750603,0.9192982622710788,12,12,12.0,24.0,500,-0.3023244796193969,-1.805185799003618e-05,8.521637475563885,6.9110533155452165,1.0813044110489636,,,
R2,Seasonal,0.7217368009823358,0.9677839118353972,0.9053349595857203,0.9968347236687753,0.9046864079931577,12,12,12.0,24.0,500,0.0,0.0,27.28508010021376,9.077197584435584,1.648885173590152,,,
R3,Stationary_WN,0.2644974421831007,0.12772642417459812,0.5379138375632504,0.18613788878671889,0.3186634269495898,None,2,,,500,0.0,0.0,0.0,0.0,9.806116279469794,,,
R4,Trending_RandomWalkDrift,0.996528778787155,0.11929939047288907,0.999618208668401,0.6656890669353678,0.8918652823114926,None,24,,,500,,,0.0,0.0,0.9489433661765988,,,-0.34742103142910863
R1,Composite,0.9989687614928369,0.9681217190767173,0.9999028111932653,0.9969156369840785,0.9060852921647645,12,12,12.0,24.0,500,0.3669193741129807,-1.9435008160132285e-05,12.87776274562312,4.38320833769996,0.719281941217401,,,
R2,Seasonal,0.6509103375555743,0.981273424773792,0.7372763588890331,0.995654986709409,0.7719641701915554,12,12,12.0,24.0,500,0.0,0.0,27.69716254463589,6.266452521735826,1.8110039192059735,,,
R3,Stationary_WN,0.1401459833951525,0.08438660501301865,0.35317245348384063,0.16276249651016927,0.32123383052103327,None,3,,,500,0.0,0.0,0.0,0.0,9.558598847049408,,,
R4,Trending_MeanShift,0.9999852173126914,0.9999409758888979,0.9999833196561569,0.9999332424291046,0.0,None,250,,,500,,,0.0,0.0,0.5186915664596932,,250.0,
R1,Composite,0.9983509325099225,0.9585431403765893,0.9999006070923214,0.9974074443338987,0.9400393124616795,36,36,36.0,72.0,500,0.31637330957984144,1.8903055805477168e-05,12.916732787284928,4.8226945403476025,0.6894838542859708,,,
R2,Seasonal,0.7100393552636666,0.861972435981889,0.9563265635998246,0.9942225615761561,0.9635763485513836,36,36,36.0,72.0,500,0.0,0.0,11.721226692853993,8.686533780798552,1.0427286506417288,,,
R3,Stationary_WN,0.227001681876712,0.1438436386588977,0.45639852215482657,0.19668195021411128,0.28640544155591907,None,3,,,500,0.0,0.0,0.0,0.0,5.921164339829587,,,
R4,Trending_RandomWalkDrift,0.9983863589917004,0.13260749407914874,0.999756271022169,0.5719939293948655,0.8501265005957468,None,24,,,500,,,0.0,0.0,1.3465126497356645,,,-0.3595595098806935
R1,Composite,0.9944181745712355,0.9175427671380401,0.9988192990683994,0.9822095187375931,0.7916998233718324,24,24,24.0,48.0,500,0.20499766299515823,-1.4364821653923854e-05,10.091910407038617,4.595718333697077,1.3406967711520543,,,
R2,Seasonal,0.5545945812636346,0.9663011684080428,0.5940343521708256,0.991912511264151,0.7627254256504022,24,24,24.0,48.0,500,0.0,0.0,19.76115779098852,5.054922662148927,1.95350133992156,,,
R3,Stationary_AR,0.16590481877706187,0.3096817662134649,0.14912971427377897,0.3986779306415664,0.4735768022347797,None,15,,,500,0.0,0.0,0.0,0.0,5.0,0.4483349621725484,,
R4,Trending_ExponentialGrowth,0.981874859883349,0.19295232975243737,0.9890573028347114,0.37643228048452115,0.4019850979493521,None,24,,,500,,,0.0,0.0,0.8160389620009639,,,
R1,Composite,0.9991563254412154,0.9876890977587613,0.9997131714171897,0.995805827037411,0.6609162991435753,24,24,24.0,48.0,500,-0.2985809501869864,-1.6769937316320285e-05,16.120401377114874,2.321634693907449,1.113307614133538,,,
R2,Seasonal,0.7088898495923364,0.8762137940394318,0.9761749580829889,0.9974407749576929,0.981478144002232,24,24,24.0,48.0,500,0.0,0.0,13.589339657865274,9.582120538224526,0.7277814636593927,,,
R3,Stationary_WN,0.023134581895739914,0.24484918589806448,0.027293319690482876,0.4630158145303963,0.33294900190403875,None,71,,,500,0.0,0.0,0.0,0.0,8.59729936451517,,,
R4,Trending_ExponentialGrowth,0.9824688446777743,0.23120478427977664,0.9884591709409362,0.35589532122492606,0.3531424761991403,None,24,,,500,,,0.0,0.0,1.3436743890391964,,,
R1,Composite,0.9847157348411533,0.8992470289438745,0.9990660042343085,0.9935844080629327,0.941781949989249,12,12,12.0,24.0,500,0.1482501805421257,-2.3179137319504125e-05,10.52289042148393,6.7774369211238215,0.908610888526561,,,
R2,Seasonal,0.7458766798055523,0.9606748150255298,0.9696178126606891,0.9986807757510046,0.9676734894378969,12,12,12.0,24.0,500,0.0,0.0,19.29905273891816,7.694234292645953,0.7797567039520623,,,
R3,Stationary_WN,0.11794097627644107,0.11550786146525771,0.3939938334604802,0.2015304359320771,0.3937579307584993,None,3,,,500,0.0,0.0,0.0,0.0,5.126489810190625,,,
R4,Trending_MeanShift,0.999920915858741,0.9996826516728402,0.9999215968122621,0.9996825773943605,0.009526943830614254,None,250,,,500,,,0.0,0.0,0.96844630460944,,250.0,
R1,Composite,0.9983028047523496,0.978360412499782,0.9999382519479234,0.9992017454961263,0.9637613750582354,12,12,12.0,24.0,500,-0.3934713263692744,-4.878837176122291e-05,23.733818280873834,6.982458083796686,0.6657506535190432,,,
R2,Seasonal,0.7455874463115313,0.950863138015704,0.9683516466446874,0.9982815538607172,0.9665955005944213,12,12,12.0,24.0,500,0.0,0.0,25.455067462380107,11.443930577891184,1.123539937322866,,,
R3,Stationary_WN,0.2040825669504902,0.18295124215687442,0.46904447273945304,0.24769990575089018,0.29630599720666795,None,3,,,500,0.0,0.0,0.0,0.0,12.057175057782942,,,
R4,Trending_RandomWalkDrift,0.9986281351536505,0.9836448695312675,0.9973025176520908,0.9687045775027667,0.0,None,250,,,500,,,0.0,0.0,1.330306039659181,,,0.3286543908064801
R1,Composite,0.999482077603264,0.9943538657199373,0.9999343862045195,0.9992808655836066,0.8734657812564959,36,36,36.0,72.0,500,0.35160507446112543,4.2999260284995325e-05,22.921349518479836,2.9120546382222208,0.6800115180411163,,,
R2,Seasonal,0.613638874843001,0.9849787327311821,0.7120884481178203,0.9970711308335802,0.8068104482323936,36,36,36.0,72.0,500,0.0,0.0,29.080174898889105,5.380448726006677,1.6337617071301225,,,
R3,Stationary_AR,0.07776976806279834,0.3791844688574759,0.09324887595946896,0.6101686583730218,0.5590616691435556,None,45,,,500,0.0,0.0,0.0,0.0,5.0,0.6592751699883667,,
R4,Trending_RandomWalkDrift,0.9762831178447501,0.1938928906887133,0.9974209354381403,0.7292352746562233,0.895724827345109,None,24,,,500,,,0.0,0.0,1.2556385282570441,,,0.11155943895858776
R1,Composite,0.9953980282861491,0.9862320925846496,0.9992078741277263,0.9976328299340597,0.8291028512845606,12,12,12.0,24.0,500,-0.20207957268407142,1.022777249857806e-05,23.206940374506715,4.6365342521918205,1.1616160704698473,,,
R2,Seasonal,0.6779670818626823,0.9842315939199617,0.7994196966627543,0.9970850420854362,0.8181561107584121,12,12,12.0,24.0,500,0.0,0.0,27.630550138794728,6.060021769942044,1.445881758977679,,,
R3,Stationary_AR,0.33654092004421066,0.3330542256661184,0.43731528175364,0.6014021316731766,0.6363992325979164,None,20,,,500,0.0,0.0,0.0,0.0,5.0,0.5827778739966485,,
R4,Trending_RandomWalkDrift,0.965071038014629,0.904791231710055,0.8678547017052316,0.6950959256136011,0.0,None,250,,,500,,,0.0,0.0,1.3361472482278889,,,0.30050787675796475
R1,Composite,0.9847608425490523,0.982608489787856,0.9983050781834047,0.9981316158652032,0.8934692182935936,24,24,24.0,48.0,500,0.11379458676801818,-4.484145627430197e-05,17.764359006717953,4.1152699009699845,0.7889066243476092,,,
R2,Seasonal,0.49039636759378635,0.9691182581958798,0.46904594418264633,0.9904397624543911,0.6875203850620033,24,24,24.0,48.0,500,0.0,0.0,19.72833809905918,4.486476384215676,1.9160159215665433,,,
R3,Stationary_AR,0.00718274872776814,0.5097899102417479,0.016678653107623287,0.743462896541445,0.4861024450414555,None,167,,,500,0.0,0.0,0.0,0.0,5.0,0.5200771494201069,,
R4,Trending_RandomWalkDrift,0.9941754822772957,0.6977628809331267,0.8073793540942173,0.0,0.0,None,167,,,500,,,0.0,0.0,1.3926737532688143,,,-0.361087491534979
R1,Composite,0.997979478492579,0.9688782754696791,0.999694466342943,0.9951592401455853,0.8491995588666729,36,36,36.0,72.0,500,-0.35039726029576657,-3.2499794872076486e-05,18.83386680721818,5.582639797740031,1.3361910750506325,,,
R2,Seasonal,0.7187098237719458,0.8279279157189872,0.9823420648059921,0.9969418313317621,0.9852003192729697,36,36,36.0,72.0,500,0.0,0.0,13.059636528422462,11.378297669563617,0.7492104453649227,,,
R3,Stationary_WN,0.09819375231182159,0.2501433037014631,0.23270581148053193,0.3561389010483824,0.26998589620972213,None,8,,,500,0.0,0.0,0.0,0.0,7.79509811418345,,,
R4,Trending_ExponentialGrowth,0.9995327498248133,0.1968650025199088,0.9997310448169444,0.34592693321674206,0.4172877149173424,None,24,,,500,,,0.0,0.0,0.6087111650792777,,,
R1,Composite,0.9974071088968095,0.9823469598811913,0.9994760374384245,0.9963740446734177,0.7995707216457151,36,36,36.0,72.0,500,0.12803863146093547,3.6460768777025255e-05,11.276298191213966,2.4489286900799683,0.6636065809165069,,,
R2,Seasonal,0.5833839737974087,0.9719096511062996,0.6771198357054462,0.9940592557470763,0.7942899841034042,36,36,36.0,72.0,500,0.0,0.0,20.872794080987426,5.204729791137319,1.6725663055735203,,,
R3,Stationary_AR,0.08519779774600533,0.3369510131642466,0.1725389737386983,0.5679517766389928,0.6359973191483022,None,31,,,500,0.0,0.0,0.0,0.0,5.0,0.4588173463615135,,
R4,Trending_ExponentialGrowth,0.9683816824892174,0.15274799456124377,0.9762152007307389,0.2633477186114056,0.2642961889705341,None,24,,,500,,,0.0,0.0,1.1442704906482084,,,
R1,Composite,0.9976727451621435,0.9283137019658978,0.9998188468183355,0.99402933125768,0.9224817194818904,36,36,36.0,72.0,500,-0.3649410646984498,3.876565425070612e-05,12.304742689572286,6.119920948200181,0.9814103872782339,,,
R2,Seasonal,0.009815088269690131,0.9849942585500063,0.024000945819296238,0.9900977856931916,0.35968064106739606,36,71,36.0,72.0,500,0.0,0.0,10.124784693322935,10.329041772323912,1.4029506558495344,,,
R3,Stationary_WN,0.2029844175306733,0.07559344356834219,0.5034284694821143,0.09840554504804966,0.22489002060569085,None,2,,,500,0.0,0.0,0.0,0.0,9.616520539048079,,,
R4,Trending_ExponentialGrowth,0.9966267971628348,0.23941483496039961,0.9979824028009486,0.39516776811016274,0.3994809667075633,None,24,,,500,,,0.0,0.0,0.5747726465094749,,,
R1,Composite,0.9958201087378213,0.9855064124325135,0.9996217149344175,0.9986891405264019,0.9105615727594696,12,12,12.0,24.0,500,0.21627442221862753,2.5511803949415612e-05,24.95303102196998,5.7345963584673285,1.0223883237193214,,,
R2,Seasonal,0.7305816619533378,0.9567513533106109,0.9237559574986048,0.9964404397684737,0.9207399630016296,12,12,12.0,24.0,500,0.0,0.0,17.370614280090948,6.940001327788154,1.0446914320167873,,,
R3,Stationary_AR,0.3363466287432575,0.20320095876639088,0.474412519344921,0.32700542520663856,0.4797602089705971,None,5,,,500,0.0,0.0,0.0,0.0,5.0,0.42444422613626115,,
R4,Trending_ExponentialGrowth,0.9972026164957621,0.2217149008672893,0.9982607246892607,0.3630039779490156,0.3722882256005021,None,24,,,500,,,0.0,0.0,0.608148255977873,,,
R1,Composite,0.9966330244120503,0.9715546584498369,0.9995740965486031,0.9963521986415718,0.8740683306710778,24,24,24.0,48.0,500,-0.27131338671872207,-3.217918993220367e-05,19.790643552922592,5.636359381748328,1.3751650082762548,,,
R2,Seasonal,0.7040050791008436,0.9622293110555293,0.9632351610247764,0.9988902038042257,0.9714110284897002,24,24,24.0,48.0,500,0.0,0.0,17.503561815023723,6.505827568569757,0.7010338019304201,,,
R3,Stationary_WN,0.2134198939072114,0.14110460541509495,0.5226282541217706,0.19059915757142587,0.2821806768517262,None,2,,,500,0.0,0.0,0.0,0.0,5.210674767929428,,,
R4,Trending_ExponentialGrowth,0.9995331730302913,0.2695400084660723,0.9996756894752756,0.39833292670658504,0.30076763364070047,None,24,,,500,,,0.0,0.0,0.5852403077518505,,,
R1,Composite,0.9877056590720946,0.8788173679426418,0.999435406944625,0.9939505760947724,0.9558941657231133,12,12,12.0,24.0,500,0.12168017049861832,3.4291979208155405e-05,8.630943151645587,6.196369657445025,0.6814200936168943,,,
R2,Seasonal,0.7483139983268556,0.9463392946116751,0.9743860193426348,0.9984465472698106,0.9724947108478474,12,12,12.0,24.0,500,0.0,0.0,24.377209630647545,11.353999358481133,0.9950482272525771,,,
R3,Stationary_WN,0.10379782294174622,0.17517761394218756,0.233532144488938,0.24698209600024346,0.2858775824429053,None,6,,,500,0.0,0.0,0.0,0.0,14.445033156284294,,,
R4,Trending_RandomWalkDrift,0.9975290113979981,0.07919356849911241,0.9997076978203168,0.6451927495620953,0.8808358194615094,None,24,,,500,,,0.0,0.0,0.5862286553683521,,,-0.47837801281431735
R1,Composite,0.9988240577881502,0.9845530956261277,0.9999030552207215,0.9987172961113665,0.917649665688016,24,24,24.0,48.0,500,-0.3525362220937548,-2.3199762773009234e-05,20.15581936177105,4.468683396996012,0.8248807017349329,,,
R2,Seasonal,0.6940446838090744,0.9884244002960748,0.9411594967211394,0.9994836088223908,0.9556746888052798,24,24,24.0,48.0,500,0.0,0.0,27.165662433369246,5.362869027235691,0.6652014131395914,,,
R3,Stationary_AR,0.12022399745966494,0.2697191872102359,0.16212420782091408,0.5658425665637443,0.7159410928399073,None,38,,,500,0.0,0.0,0.0,0.0,5.0,0.5466365313140757,,
R4,Trending_MeanShift,0.9999822771191164,0.9999290862643245,0.9997937538478089,0.9991962444914977,0.0,None,250,,,500,,,0.0,0.0,0.5628822204763516,,250.0,
R1,Composite,0.9990000382145531,0.9824785481900035,0.999943129757393,0.9989917077155146,0.943366971974203,36,36,36.0,72.0,500,0.3819710551488569,-1.1663862243450291e-05,18.18644779278287,4.380608113054748,0.5895323597928099,,,
R2,Seasonal,0.7002703210622458,0.9039018367907498,0.9327677262395446,0.9943616588310339,0.9471461663404689,36,36,36.0,72.0,500,0.0,0.0,16.692982490390868,9.809677063054338,1.320577802698912,,,
R3,Stationary_WN,0.11229863112413052,0.10622865978035156,0.30215827374006865,0.17390411378851212,0.26312465988713396,None,4,,,500,0.0,0.0,0.0,0.0,14.470430296079584,,,
R4,Trending_MeanShift,0.9999725432777749,0.9998900425014169,0.9999777533325758,0.9999109510371291,0.19046174921356673,None,250,,,500,,,0.0,0.0,0.6175336281315132,,250.0,
R1,Composite,0.9962719301901863,0.9729437941269894,0.9999087590107913,0.9992764117055426,0.9757262342987214,48,50,48.0,96.0,500,-0.3243815823042149,-2.4270430877114813e-05,24.918786277544406,6.71274593863664,0.6595997876379769,,,
R2,Seasonal,0.5845864760932086,0.9845678141302298,0.9671923594626073,0.9997042782477968,0.9823789299839951,48,50,48.0,96.0,500,0.0,0.0,29.897036871919447,5.626313814134762,0.5213630759152702,,,
R3,Stationary_WN,0.10400386709116316,0.2738483435811334,0.191059057116444,0.38234469672085747,0.3408509150910731,None,10,,,500,0.0,0.0,0.0,0.0,9.538786859653445,,,
R4,Trending_ExponentialGrowth,0.9983400225240897,0.20520107990038516,0.9988665396668468,0.35299924897500845,0.307815104454089,None,24,,,500,,,0.0,0.0,1.4720240195830325,,,
R1,Composite,0.997283248356836,0.9794420589810885,0.9993363604637123,0.9949701719228483,0.7567893380997153,36,36,36.0,72.0,500,0.2640279890164061,-4.477660499242291e-05,17.808019995349355,3.1913143487338598,1.1686081408981157,,,
R2,Seasonal,0.6039939958924398,0.9495633666898825,0.6394463500792146,0.9877402460874666,0.7667039993099869,36,36,36.0,72.0,500,0.0,0.0,18.083548727790948,6.240375521926369,1.982219802221578,,,
R3,Stationary_WN,0.08654208950239617,0.1682407045974741,0.2751399858130106,0.29457633083163826,0.2624679378821644,None,6,,,500,0.0,0.0,0.0,0.0,8.725104516857957,,,
R4,Trending_RandomWalkDrift,0.9773381262527078,0.21030645788764923,0.9962992724672716,0.6956154295201213,0.8432338115589834,None,24,,,500,,,0.0,0.0,0.556366741962277,,,-0.18293192759032292
R1,Composite,0.9990404937140656,0.920429380974954,0.9999166453570754,0.9925771816770459,0.9132906139396127,12,12,12.0,24.0,500,-0.3839843363165685,-2.1477634437010395e-05,8.460063034249494,4.733987211974462,0.7962781674795438,,,
R2,Seasonal,0.5814968198861457,0.9114349793543227,0.5704695851899393,0.9682492280335107,0.6574936717483799,12,12,12.0,24.0,500,0.0,0.0,10.36240979224601,4.567438165967967,1.9189575233622265,,,
R3,Stationary_WN,0.18288274366065904,0.14796464508381124,0.36687051176391827,0.2205158478802206,0.30282670724633387,None,4,,,500,0.0,0.0,0.0,0.0,7.606535601684548,,,
R4,Trending_RandomWalkDrift,0.8884920679449623,0.35336509033318164,0.990722791270886,0.9352825355895825,0.9301588094643621,None,71,,,500,,,0.0,0.0,1.2660547297144744,,,-0.19740769837045
R1,Composite,0.9982579729761758,0.9862661700683228,0.999801176439604,0.9984345126958082,0.8861930695950672,24,24,24.0,48.0,500,-0.2892346897502224,3.3527431512283173e-05,19.614272905814087,3.6543824060830765,0.8773119280605594,,,
R2,Seasonal,0.7036718508350632,0.9398731835273753,0.9588828313239955,0.9979814329217462,0.9679990219021437,24,24,24.0,48.0,500,0.0,0.0,14.317873689468046,6.701130339144546,0.6642867934018339,,,
R3,Stationary_WN,0.2515115999450568,0.21340158700676692,0.48004982770092575,0.28678760679991866,0.29850357294257435,None,3,,,500,0.0,0.0,0.0,0.0,11.445388872372003,,,
R4,Trending_RandomWalkDrift,0.9931171815728699,0.9673019974389918,0.9592269134968434,0.8567578422721556,0.0,None,250,,,500,,,0.0,0.0,1.1480173674043428,,,0.37769723304619307
R1,Composite,0.9959945982383248,0.9306290385902956,0.9995028363934116,0.991118185848012,0.8775703721808046,24,24,24.0,48.0,500,0.18704225072109604,4.784065795030095e-05,10.012860166153327,4.7010916359417525,0.9973797627226577,,,
R2,Seasonal,0.7098518997099406,0.9643501163411701,0.9835470549960337,0.9995227493162792,0.9869607962321999,24,24,24.0,48.0,500,0.0,0.0,24.25709404722151,8.830936818584284,0.6303545937718613,,,
R3,Stationary_WN,0.13777429847523404,0.24616647682685444,0.19787201072831329,0.3197923414968791,0.26673848628185026,None,6,,,500,0.0,0.0,0.0,0.0,8.656364076294166,,,
R4,Trending_RandomWalkDrift,0.9878216812427701,0.08466224682027745,0.998812288503917,0.6812280251600347,0.9030397248701947,None,24,,,500,,,0.0,0.0,0.9916472636540109,,,-0.2809535626366142
R1,Composite,0.9971016590344237,0.9895101187041929,0.9994283774937609,0.9979286731180482,0.8047137291350234,36,36,36.0,72.0,500,0.2052675573922006,2.2483483755625874e-05,23.048818655061368,3.8150064054320865,1.0467371284700524,,,
R2,Seasonal,0.6625990797137429,0.9323789742608748,0.8671273846603772,0.9933357086386112,0.9071922012852985,36,36,36.0,72.0,500,0.0,0.0,18.087278927779664,8.538310608137223,1.770106651962569,,,
R3,Stationary_AR,0.07295223247321536,0.3301216308124475,0.0846102996469098,0.502521086890251,0.4382677782204345,None,42,,,500,0.0,0.0,0.0,0.0,5.0,0.42678873134950635,,
R4,Trending_RandomWalkDrift,0.9944380586834914,0.692028078385654,0.9821274686368436,0.20306777353964167,0.0,None,167,,,500,,,0.0,0.0,1.3648283916126436,,,0.4908879567915908
R1,Composite,0.9970376066412022,0.9763866831421466,0.9997527806549312,0.9980172514402801,0.9173140298750092,24,24,24.0,48.0,500,0.31801231976948685,1.3884839712023576e-05,23.25103802029799,6.179098760425803,1.2627657901995248,,,
R2,Seasonal,0.6823984731336548,0.9563390082771122,0.8832230095373993,0.9961521240798287,0.913691594146437,24,24,24.0,48.0,500,0.0,0.0,25.349440168687135,9.568624824223793,1.518143922505306,,,
R3,Stationary_WN,0.14327979670163038,0.24826446104533118,0.25148441542556377,0.3338969106282713,0.2631624891989015,None,6,,,500,0.0,0.0,0.0,0.0,14.609018584240118,,,
R4,Trending_ExponentialGrowth,0.9905093427125131,0.19031908695746003,0.9943037395162903,0.3032544152958817,0.3994869569478823,None,24,,,500,,,0.0,0.0,1.1946699800882987,,,
R1,Composite,0.998433362926206,0.9866542196994073,0.999895761317054,0.9991082446647414,0.9335973779954027,24,24,24.0,48.0,500,-0.3562148540731296,-1.0963184630227302e-05,24.969053222766792,5.142875624583662,0.8160970547525136,,,
R2,Seasonal,0.6692146514694678,0.9658162461249704,0.8713128761137845,0.9968113363528028,0.9083609203060847,24,24,24.0,48.0,500,0.0,0.0,29.889405516106947,9.92200965655694,1.870252521035411,,,
R3,Stationary_AR,0.005140808497170357,0.5417430715601665,0.014213119492084259,0.8294870778315425,0.6293051040541582,None,167,,,500,0.0,0.0,0.0,0.0,5.0,0.49161109865484337,,
R4,Trending_ExponentialGrowth,0.9535901968826349,0.19833858577729746,0.9735331169429665,0.367100632601424,0.43629992992465205,None,24,,,500,,,0.0,0.0,1.435907325932717,,,
R1,Composite,0.9967846143904031,0.9336119207147439,0.9998361989413911,0.996448167694623,0.9496349955487355,12,12,12.0,24.0,500,0.2871820586127038,2.872135621949193e-05,13.069895274048385,6.68728112263753,0.8551725303738618,,,
R2,Seasonal,0.7519561366198694,0.9765107223197311,0.982435339522032,0.9995343808688283,0.980521029818296,12,12,12.0,24.0,500,0.0,0.0,23.923953501103767,7.382993346894897,0.5262356235542305,,,
R3,Stationary_WN,0.1308986966967165,0.05448608789839737,0.4472811591186192,0.10202195597703656,0.3197129094494269,None,3,,,500,0.0,0.0,0.0,0.0,6.906482671869521,,,
R4,Trending_RandomWalkDrift,0.9637601101496547,0.25557450993765807,0.993703743846095,0.7189832693425904,0.8364159488543805,None,24,,,500,,,0.0,0.0,1.1397458905077733,,,-0.13457126050656415
R1,Composite,0.9830218402338473,0.9860352688734658,0.9965930064878108,0.9972876959918899,0.8083977028837267,12,12,12.0,24.0,500,0.11731122875645422,-3.5054053123386475e-05,22.876579868474096,4.684440324713437,1.1919428241582404,,,
R2,Seasonal,0.5943983044613945,0.9319122189639523,0.6246831465107854,0.9794832019231455,0.7112712182116362,12,12,12.0,24.0,500,0.0,0.0,10.543643684092824,4.034838316399775,1.6852222241179013,,,
R3,Stationary_AR,0.1042497275844908,0.32446037539188655,0.19394850306455447,0.5134667250772205,0.5435464802780936,None,31,,,500,0.0,0.0,0.0,0.0,5.0,0.4321056553107785,,
R4,Trending_RandomWalkDrift,0.9529028137092288,0.010824782841515446,0.9962543911448609,0.675848822499704,0.9317620229925716,None,24,,,500,,,0.0,0.0,1.2750794419360467,,,-0.20380404573276012
R1,Composite,0.9957443084128512,0.9377495121825479,0.9997117577825199,0.9956274133528189,0.9326635724375322,24,24,24.0,48.0,500,-0.1800335629464982,4.316166778624046e-05,8.084046138150594,3.6784996833711014,0.6047628285645403,,,
R2,Seasonal,0.6179714047281557,0.9849500677759983,0.7325322355187105,0.9973848543693309,0.8261685265403538,24,24,24.0,48.0,500,0.0,0.0,27.74237073351437,5.419703586519806,1.4832930697317948,,,
R3,Stationary_AR,0.11811940338222138,0.2488960209834219,0.13797620818313527,0.4848208994317946,0.5437658953621385,None,22,,,500,0.0,0.0,0.0,0.0,5.0,0.46302465866712395,,
R4,Trending_ExponentialGrowth,0.9996832516873307,0.2112363124373433,0.9998516698232516,0.4283944797174375,0.5254986388810885,None,24,,,500,,,0.0,0.0,0.5407245921017604,,,
R1,Composite,0.9785794598899684,0.8714872550820729,0.9995088919301772,0.9968613851966485,0.9782210952739978,24,24,24.0,48.0,500,-0.14736729658562892,1.8942731654575368e-05,10.850217409696427,7.763174810837044,0.6667590435799337,,,
R2,Seasonal,0.6535070397881675,0.9659948926118725,0.8311925074444884,0.9959643632616748,0.8834504868990108,24,24,24.0,48.0,500,0.0,0.0,23.522368684373415,7.532976401598245,1.5574010042346342,,,
R3,Stationary_WN,0.19662212998264317,0.1095212222305485,0.5133044338739863,0.13985746825652612,0.2149458440902321,None,2,,,500,0.0,0.0,0.0,0.0,7.495403234899386,,,
R4,Trending_MeanShift,0.9999082557356841,0.9996326974677823,0.999913920949133,0.9996572291170238,0.06355906481697715,None,250,,,500,,,0.0,0.0,1.0628962889558136,,250.0,
R1,Composite,0.9948779982345285,0.9790060259465815,0.9988150074644441,0.9948756004799434,0.766588634426672,48,100,48.0,96.0,500,0.12135183712075112,-2.1911472854356593e-05,8.767128340469188,6.4967819831362945,0.6389734423935032,,,
R2,Seasonal,0.47774612013880124,0.9797812462508484,0.8609201470864172,0.998613238901961,0.9382036952063392,48,50,48.0,96.0,500,0.0,0.0,29.856625270032616,5.503557562263383,0.8771386943076287,,,
R3,Stationary_AR,0.018521791405954002,0.35301618453405925,0.02921061516855894,0.6385587338150776,0.551267110189309,None,125,,,500,0.0,0.0,0.0,0.0,5.0,0.42192631164089595,,
R4,Trending_ExponentialGrowth,0.9983647849242138,0.2802445653490282,0.9988956638606655,0.38484990244993245,0.31872089303779905,None,24,,,500,,,0.0,0.0,1.2948536973280311,,,
R1,Composite,0.9910117511367595,0.9816810287951635,0.9978563392925408,0.9956508482825438,0.7663635777680216,36,36,36.0,72.0,500,0.1020028055486793,3.88399503334655e-05,17.242423674263524,3.4128977781441625,1.1304903829471922,,,
R2,Seasonal,0.6899165201025392,0.8921037107722404,0.8937499382752727,0.9898557794166617,0.9144111885708368,36,36,36.0,72.0,500,0.0,0.0,13.036669318555244,8.033343981031102,1.4192331755672063,,,
R3,Stationary_AR,0.14649612904304377,0.26541293386592457,0.2897228606147789,0.39456674109102996,0.4806787232066446,None,16,,,500,0.0,0.0,0.0,0.0,5.0,0.5355758307363168,,
R4,Trending_MeanShift,0.9997915238623211,0.9991746243429163,0.9998705357781609,0.9994816594252837,0.3776967360034611,None,250,,,500,,,0.0,0.0,1.3124711603290091,,250.0,
R1,Composite,0.9983338602372657,0.9901736145065378,0.9996294860551391,0.9978195498001823,0.7790647771505111,24,24,24.0,48.0,500,0.21561577645598112,-3.45619168124919e-05,16.554097086651858,2.4756420779071258,0.7639422282205592,,,
R2,Seasonal,0.5686654599900848,0.9880138172641046,0.6013559087008346,0.9970459856143818,0.7528766994601661,24,24,24.0,48.0,500,0.0,0.0,29.546147329619146,4.6144893990828235,1.5896129165326047,,,
R3,Stationary_WN,0.07968563416345409,0.21885994952843413,0.17927690068500457,0.30103712265252647,0.24766653842251152,None,8,,,500,0.0,0.0,0.0,0.0,8.176834252023793,,,
R4,Trending_MeanShift,0.9998476521216195,0.9993904816983321,0.9998747032755935,0.9994957289033467,0.17634208956084407,None,250,,,500,,,0.0,0.0,1.065868479381426,,250.0,
R1,Composite,0.9979275120577328,0.962611449843987,0.999644178530789,0.9929243211015827,0.829115457582496,48,50,48.0,96.0,500,-0.2728497775106339,-3.074534519960889e-05,13.330854762743058,3.666551587946775,1.0186520315505332,,,
R2,Seasonal,0.6389463524008109,0.9682702379815677,0.9587622904988382,0.9990083214458739,0.971681328389889,48,50,48.0,96.0,500,0.0,0.0,29.607726491773423,8.720311905136336,0.9187858070898938,,,
R3,Stationary_AR,0.07897399997293397,0.3079235280923104,0.13694859466157516,0.5927012884012456,0.6130779241165725,None,45,,,500,0.0,0.0,0.0,0.0,5.0,0.49078001637093677,,
R4,Trending_MeanShift,0.9997328820193898,0.9989325680186275,0.9987128868907256,0.9951859694652324,0.0,None,250,,,500,,,0.0,0.0,1.1972428624783706,,250.0,
R1,Composite,0.9981944978763685,0.9864263156978795,0.9997136517945671,0.9978328805490835,0.8416032957013813,12,12,12.0,24.0,500,-0.34280396409078007,2.8681419352412752e-05,24.427034737434376,4.94545053917028,1.2189171577388738,,,
R2,Seasonal,0.7455383367068471,0.9812418305875928,0.9635726919603889,0.9992616875353586,0.9612278887424428,12,12,12.0,24.0,500,0.0,0.0,23.26000086728387,6.435272746008579,0.6368263929812424,,,
R3,Stationary_AR,0.08324069614207696,0.30170691683303597,0.14766991463805745,0.6717645982443932,0.7753662535183236,None,56,,,500,0.0,0.0,0.0,0.0,5.0,0.6610856887544804,,
R4,Trending_MeanShift,0.9997705621734747,0.9990880977593174,0.9997397293717256,0.9989605748256022,0.0,None,250,,,500,,,0.0,0.0,1.280410603815694,,250.0,
R1,Composite,0.9951676889485995,0.9590054216397483,0.9989570260144418,0.9908893111194351,0.7856086863538563,36,36,36.0,72.0,500,0.19127211882270034,4.780048303073921e-05,14.563998345711685,4.692899660750864,1.4294524391650456,,,
R2,Seasonal,0.7188981402204262,0.9238148173707279,0.9849900246408289,0.9989688668139128,0.9874853774897124,36,36,36.0,72.0,500,0.0,0.0,21.705626202170222,11.8040095949341,0.6705791341142469,,,
R3,Stationary_AR,0.26210923325029045,0.26370550919226265,0.36919326440954736,0.42120376720534747,0.5089266217508885,None,11,,,500,0.0,0.0,0.0,0.0,5.0,0.5436122388989592,,
R4,Trending_RandomWalkDrift,0.9891843099763536,0.2645826356592774,0.9982709997034374,0.6651926466378155,0.8380346031521098,None,24,,,500,,,0.0,0.0,0.850325320343648,,,-0.3301879848465637
R1,Composite,0.9989836647595234,0.9947594272036386,0.9996529542213685,0.9982026364923247,0.6584447362127208,12,12,12.0,24.0,500,-0.20908268510379113,-4.8226547830294755e-05,20.98723579615381,2.11526991477195,0.8883718398051591,,,
R2,Seasonal,0.7381101749822276,0.9610912498400388,0.9486047358957315,0.9977983051533408,0.9455123843980404,12,12,12.0,24.0,500,0.0,0.0,23.881705725001382,9.205242482149576,1.2315176168777233,,,
R3,Stationary_AR,0.018718898565076802,0.361363404728141,0.06325461372728203,0.7331845475425511,0.7217087692223774,None,83,,,500,0.0,0.0,0.0,0.0,5.0,0.6421009115032484,,
R4,Trending_MeanShift,0.9999828903755158,0.9999317662025095,0.9999154324438864,0.9996576816213099,0.0,None,250,,,500,,,0.0,0.0,0.6808255094570455,,250.0,
R1,Composite,0.9981055990537906,0.9172886629712453,0.999692212073616,0.9857238289619215,0.8378157080551571,12,12,12.0,24.0,500,-0.3064920111687988,4.850099308077924e-05,8.367065619151315,4.128893040929689,1.0639766170974467,,,
R2,Seasonal,0.7497890611831624,0.9071959173713545,0.9787860930510802,0.997668614882429,0.9769467311477685,12,12,12.0,24.0,500,0.0,0.0,18.741476095247418,11.952181763547252,0.9043789386970188,,,
R3,Stationary_AR,0.16018408964729547,0.28008608524710255,0.277146510107695,0.5590790188219814,0.6160400908639424,None,38,,,500,0.0,0.0,0.0,0.0,5.0,0.685927183285262,,
R4,Trending_MeanShift,0.9999272000286169,0.9997105311168822,0.9994397816166334,0.9977289748971445,0.0,None,250,,,500,,,0.0,0.0,1.1875370340982991,,250.0,
R1,Composite,0.9981418043888808,0.8953661184944687,0.9997206333076141,0.9832805210318095,0.8502766620184382,24,24,24.0,48.0,500,-0.3844820574599991,-4.7091743071601666e-05,10.241324768917274,5.601516674806998,1.4436140775846429,,,
R2,Seasonal,0.7044951294617543,0.8868973688598315,0.9642570254522264,0.9965416185277375,0.9721963322609339,24,24,24.0,48.0,500,0.0,0.0,16.498839346997542,11.025980772823644,1.0511262390215204,,,
R3,Stationary_AR,0.08402657586308582,0.2619842216141228,0.17529472380034006,0.6337101672311729,0.6686341241938649,None,45,,,500,0.0,0.0,0.0,0.0,5.0,0.6831984287280137,,
R4,Trending_MeanShift,0.9999669742819304,0.9998677484096413,0.999827998236604,0.9993086078390416,0.0,None,250,,,500,,,0.0,0.0,1.128612195349826,,250.0,
R1,Composite,0.9928928511821429,0.9493401366163733,0.9996294575866806,0.997289971648864,0.9489899326737777,36,36,36.0,72.0,500,0.2576519185824884,-1.2221911403592205e-05,18.87183318388987,7.970856158340553,1.105614051281989,,,
R2,Seasonal,0.7060235385664864,0.982680197410324,0.9525250766251515,0.999325450252334,0.9617473454584164,36,36,36.0,72.0,500,0.0,0.0,21.923210322189924,5.4803530136906655,0.5873470746591161,,,
R3,Stationary_WN,0.29537119578869453,0.1211756429632792,0.5075467808628744,0.13350188825600606,0.12553325884102962,None,2,,,500,0.0,0.0,0.0,0.0,13.859273950713165,,,
R4,Trending_MeanShift,0.9999646799439031,0.9998593220302726,0.9996785023242588,0.9987590129041485,0.0,None,250,,,500,,,0.0,0.0,1.1727060490472616,,250.0,
R1,Composite,0.992119304566298,0.9726312607249018,0.9991275182269228,0.9969855355856672,0.8919042672862371,12,12,12.0,24.0,500,0.18169958239413272,-2.195248629704225e-05,18.661262118501206,5.717591832017931,1.1636218480317617,,,
R2,Seasonal,0.7458490686688058,0.9276605233262891,0.9614504331807155,0.9966663905091543,0.9569591218131801,12,12,12.0,24.0,500,0.0,0.0,12.332637725710203,6.853782008880872,0.6842588576080679,,,
R3,Stationary_AR,0.03198271880233261,0.2690420381257411,0.07527486864994315,0.5727239982726252,0.557525520315818,None,100,,,500,0.0,0.0,0.0,0.0,5.0,0.527630104758023,,
R4,Trending_RandomWalkDrift,0.9796365647245545,0.5836069896299136,0.99882277791549,0.9444021435411076,0.9352917608182866,None,250,,,500,,,0.0,0.0,0.5449524546054509,,,-0.33565629698577903
R1,Composite,0.9946130023040834,0.9557014558838614,0.9997917735210067,0.9982488281079954,0.96173316975851,24,24,24.0,48.0,500,-0.18735819204296447,-4.920828544740156e-05,14.689193982892611,5.730000638454085,0.6185584085874283,,,
R2,Seasonal,0.5822629618148485,0.922142350866673,0.6156335912608686,0.9799889035082632,0.7523381512492451,24,24,24.0,48.0,500,0.0,0.0,10.213032688568614,4.235131100530376,1.4111434215432672,,,
R3,Stationary_WN,0.21966348539002478,0.19620142547797492,0.4374714338939938,0.2725962485749268,0.30385637102058494,None,4,,,500,0.0,0.0,0.0,0.0,11.809980037553613,,,
R4,Trending_RandomWalkDrift,0.9945340426420276,0.039547563143505715,0.9993835103403914,0.7254792043283734,0.8868947087514181,None,24,,,500,,,0.0,0.0,1.030787482326946,,,0.29766314592412
R1,Composite,0.9971331431274543,0.8848556733692315,0.9998205741263562,0.9914491925115829,0.9378735628888796,48,50,48.0,96.0,500,-0.31185517878359925,-4.5229572054239235e-05,10.03597303706083,6.107699300923574,0.9748940037810905,,,
R2,Seasonal,0.6536920593033462,0.9595177575967689,0.9835168760200675,0.9994687571888988,0.9882221569049106,48,50,48.0,96.0,500,0.0,0.0,26.394638155056583,9.168976651925586,0.5656239257911397,,,
R3,Stationary_WN,0.18440614116901266,0.2033313072769687,0.3390601653212071,0.3424614381755261,0.35715411250898854,None,4,,,500,0.0,0.0,0.0,0.0,10.296568709382427,,,
R4,Trending_ExponentialGrowth,0.9996548772239456,0.2249185504057798,0.9998171063844905,0.4031585293071327,0.4653562968916818,None,24,,,500,,,0.0,0.0,0.6922197520319318,,,
R1,Composite,0.9984126561421454,0.9818566828442254,0.9999516854109342,0.9994422941273631,0.9696657024165221,12,12,12.0,24.0,500,-0.3824508554744478,3.416699719080644e-05,21.99203259424924,5.866270344444573,0.5327394758098516,,,
R2,Seasonal,0.5991834924942814,0.9394013775133061,0.6328137274796304,0.9811868714489463,0.7049720433991044,12,12,12.0,24.0,500,0.0,0.0,13.772512856325445,4.82956884351796,1.9869412292320847,,,
R3,Stationary_AR,0.3215019124898153,0.29020521991113557,0.41708994226118234,0.5110564991469213,0.5514161454903612,None,10,,,500,0.0,0.0,0.0,0.0,5.0,0.4829859206391931,,
R4,Trending_RandomWalkDrift,0.9985708709404958,0.1673232309696091,0.9998042582116841,0.7017502288784938,0.8633027046153691,None,24,,,500,,,0.0,0.0,1.4350647342163307,,,-0.4894148250496807
R1,Composite,0.9956345882831555,0.9881619809402972,0.9992436670070849,0.9979575055707759,0.8288724615126806,12,12,12.0,24.0,500,0.12462886420557885,-2.747223943000488e-05,13.689615701417917,2.627584397160681,0.6310724586937829,,,
R2,Seasonal,0.7344136622842228,0.851135548156867,0.9341548358272834,0.9885770205135469,0.9328643060105092,12,12,12.0,24.0,500,0.0,0.0,12.02082983755578,9.508447608351672,1.2734975012793828,,,
R3,Stationary_AR,0.13246724048465797,0.30168456746065997,0.20704472345174008,0.5094257761188523,0.5578330326713632,None,24,,,500,0.0,0.0,0.0,0.0,5.0,0.4915584081977568,,
R4,Trending_ExponentialGrowth,0.9833322733489335,0.23382272229114465,0.9884269728666284,0.33671018997701574,0.31441544790763876,None,24,,,500,,,0.0,0.0,0.9745683241391542,,,
R1,Composite,0.9904333495826309,0.9628282182439122,0.9990185369854546,0.9958165004296383,0.899340932834824,48,50,48.0,96.0,500,0.18174494416140385,-2.820289472572502e-05,17.479323303337118,5.070671127963807,1.1126043745708305,,,
R2,Seasonal,0.6403109584200469,0.9302350648411398,0.9176099254911,0.9952203974821432,0.9400003216303728,48,50,48.0,96.0,500,0.0,0.0,22.32287871056012,10.006623501409827,1.7019542244347148,,,
R3,Stationary_AR,0.0687335331069786,0.3580292290034667,0.24384065462550308,0.6544316525759766,0.6763242928931206,None,50,,,500,0.0,0.0,0.0,0.0,5.0,0.6287556134473259,,
R4,Trending_RandomWalkDrift,0.9676883655544387,0.7660907960216333,0.9543278886856539,0.8461534869154507,0.0,None,250,,,500,,,0.0,0.0,1.0812739099637882,,,0.1866115381482851
R1,Composite,0.9964245697206894,0.9886523997100894,0.9995128619166654,0.9984650662360608,0.8650838940649396,12,12,12.0,24.0,500,0.19565299106450906,1.2754603719740853e-05,23.177624422981083,4.257805695774859,1.154277529087795,,,
R2,Seasonal,0.7427087208265569,0.9728688052418519,0.9587841852988631,0.998758428350003,0.9552326416653507,12,12,12.0,24.0,500,0.0,0.0,24.46933701202199,7.983611927328646,0.9465004406988273,,,
R3,Stationary_WN,0.07384490094814311,0.26574441497395407,0.12782371500245393,0.4582044755698428,0.3449743408964967,None,31,,,500,0.0,0.0,0.0,0.0,8.113398377269561,,,
R4,Trending_MeanShift,0.9999345063766952,0.9997386627565211,0.9999244519259574,0.9996978570676363,0.0,None,250,,,500,,,0.0,0.0,1.178983461050168,,250.0,
R1,Composite,0.9963369213629181,0.9812555784442409,0.9996695996944115,0.9981022951628341,0.9101239051398075,48,50,48.0,96.0,500,-0.22484657474266037,-3.31733938349141e-05,21.392336826429112,3.081617145985132,0.7142814899797815,,,
R2,Seasonal,0.6194110535252659,0.968030902187747,0.9289015064805467,0.9984141251377185,0.9550914665095379,48,50,48.0,96.0,500,0.0,0.0,24.277065164996927,7.050888490493178,0.922002426248111,,,
R3,Stationary_AR,0.020898381039782143,0.1900461942066819,0.0079997865178989,0.4348175248056586,0.5255102662877267,None,71,,,500,0.0,0.0,0.0,0.0,5.0,0.4243157470029584,,
R4,Trending_MeanShift,0.9999852786883067,0.9999412509078436,0.9998227672696368,0.9992939289826811,0.0,None,250,,,500,,,0.0,0.0,0.5361492654796196,,250.0,
R1,Composite,0.9954140432126574,0.9387855570517183,0.9990593748807768,0.987161765529858,0.7973329551919235,24,24,24.0,48.0,500,0.24614844972408265,-2.4746457287955234e-05,12.561190045428472,4.82615246919742,1.4116440063122835,,,
R2,Seasonal,0.7001392057403877,0.9292914673423037,0.9432119869395672,0.9967398113336469,0.9562494290347372,24,24,24.0,48.0,500,0.0,0.0,17.030195929899193,8.572423053435623,0.989766260489261,,,
R3,Stationary_WN,0.10826293105046114,0.34430368219622254,0.17436880922653997,0.4338313497213586,0.325814554079905,None,11,,,500,0.0,0.0,0.0,0.0,10.030598549645596,,,
R4,Trending_MeanShift,0.9999877868344711,0.9999510801017681,0.9999665050801053,0.9998649681040838,0.0,None,250,,,500,,,0.0,0.0,0.7245235700256214,,250.0,
R1,Composite,0.9877099422100005,0.988108662223992,0.9963577927092043,0.9965073903234339,0.7079548330201112,36,36,36.0,72.0,500,-0.13036486712297138,3.215027646001291e-05,23.941149947074635,3.691583195740263,1.44985628361706,,,
R2,Seasonal,0.6885276830696225,0.9678473440374327,0.9049237596771641,0.9976245018356585,0.9283733698381368,36,36,36.0,72.0,500,0.0,0.0,24.386531488505604,8.015881673075942,1.2515612688651168,,,
R3,Stationary_WN,0.10290746694033404,0.22708788928585533,0.2878136082940086,0.36965313211537376,0.31582026241986505,None,6,,,500,0.0,0.0,0.0,0.0,14.48446020682565,,,
R4,Trending_RandomWalkDrift,0.9930957391113207,0.07987848681281706,0.9987769752513719,0.43083957299789777,0.8210781227258124,None,24,,,500,,,0.0,0.0,1.0165304939346664,,,0.40407221839303975
R1,Composite,0.9984734998798324,0.937266415829209,0.9999129454228673,0.9962175243449227,0.9432465602946987,36,36,36.0,72.0,500,0.38337599669333144,-1.1430214213975259e-05,11.629421571885212,5.358083407312943,0.8109873846258141,,,
R2,Seasonal,0.7115689354171308,0.969498310104233,0.9609824241683652,0.9989880654730725,0.9678761490760879,36,36,36.0,72.0,500,0.0,0.0,24.842613844658434,8.225086617907017,0.8534784136309141,,,
R3,Stationary_AR,0.12137106820330201,0.23200808887566038,0.21580417150497955,0.3927586797020215,0.4747960236745965,None,17,,,500,0.0,0.0,0.0,0.0,5.0,0.46706893029523966,,
R4,Trending_RandomWalkDrift,0.9962383778290342,0.20161449810375776,0.9994281594914779,0.6589853769479215,0.8488974376327681,None,24,,,500,,,0.0,0.0,1.439045027708418,,,-0.25001571486083274
R1,Composite,0.9980739834820576,0.9771058161385389,0.9994844181008063,0.9932532193209049,0.7338647978040026,48,50,48.0,96.0,500,0.29211000231493134,-4.776846155032876e-05,15.762542211233878,2.03566340151084,1.0835964706331453,,,
R2,Seasonal,0.6610643258230171,0.8481568049739855,0.9356156217763625,0.9904666211290662,0.9496939299471459,48,50,48.0,96.0,500,0.0,0.0,13.18627196224923,9.579269760210348,1.3387035293403438,,,
R3,Stationary_WN,0.2410094048135315,0.11335325691037779,0.5089092905944106,0.15398100676495308,0.24439841973871035,None,2,,,500,0.0,0.0,0.0,0.0,5.2404027967337345,,,
R4,Trending_MeanShift,0.9997588045395308,0.9990599308614789,0.9988218503275011,0.9955442118145476,0.0,None,250,,,500,,,0.0,0.0,1.3448064231138193,,250.0,
R1,Composite,0.9989029620491577,0.9784682074064893,0.9998363812711184,0.9967453769308502,0.8511398858843717,12,12,12.0,24.0,500,-0.3460210670436316,4.8116736328456376e-05,14.72472926233885,3.7673359648227542,0.8951327027334683,,,
R2,Seasonal,0.7366785511798357,0.9891716330419307,0.9428478744757882,0.9993587226879356,0.9413700926945219,12,12,12.0,24.0,500,0.0,0.0,22.265517622189737,4.458341641790544,0.5773755244473127,,,
R3,Stationary_WN,0.1556614063839855,0.1573898916648615,0.433836901543738,0.22134688794335566,0.29396466718018366,None,3,,,500,0.0,0.0,0.0,0.0,7.50120555340777,,,
R4,Trending_MeanShift,0.9999790934381796,0.9999162286034806,0.9999720412180778,0.9998875827415087,0.0,None,250,,,500,,,0.0,0.0,0.5355458106316434,,250.0,
R1,Composite,0.9973745341237725,0.990009715462396,0.9994079817397912,0.9977360335524201,0.7757799723145561,36,36,36.0,72.0,500,-0.224188441215922,2.107153256477915e-05,22.315840459871204,3.319760133236135,1.087797887405472,,,
R2,Seasonal,0.7182395094303653,0.8904543305957399,0.981605561692964,0.9981238312234564,0.984702891948235,36,36,36.0,72.0,500,0.0,0.0,15.265260163673206,10.226779409479228,0.6759114074942973,,,
R3,Stationary_WN,0.07752916002889731,0.26689821009333714,0.12172812409090794,0.43923905651798534,0.36052230680300035,None,11,,,500,0.0,0.0,0.0,0.0,14.579104525334479,,,
R4,Trending_ExponentialGrowth,0.9988919719210567,0.32716509130993243,0.9993146999505196,0.4665466592041102,0.3777428036740943,None,24,,,500,,,0.0,0.0,1.228254161343175,,,
R1,Composite,0.9953377085110854,0.9515536866498555,0.9994896076129977,0.9945282051283805,0.8915418440048655,12,12,12.0,24.0,500,-0.19000929811430411,-4.456520443558952e-05,13.216456857620798,5.373266119352974,1.03359182404703,,,
R2,Seasonal,0.5175381569008457,0.9467367985059604,0.5267078604528941,0.9829667844646399,0.6840850859715873,12,12,12.0,24.0,500,0.0,0.0,15.20314930567877,4.394510701818976,1.96051828104349,,,
R3,Stationary_AR,0.20458556446618448,0.3039692164052368,0.4062669103808668,0.5880282998708639,0.6501842416132857,None,20,,,500,0.0,0.0,0.0,0.0,5.0,0.6770942411270422,,
R4,Trending_ExponentialGrowth,0.9704363949947311,0.31690057003099836,0.9793605246964874,0.412175262448475,0.3069691359662905,None,24,,,500,,,0.0,0.0,1.415570764764175,,,
R1,Composite,0.9985602664433095,0.9814434069291628,0.9998573678773937,0.9981487186791627,0.901375364289589,24,24,24.0,48.0,500,0.28612789670070965,-3.8867650009649966e-05,14.880648535483946,3.6179316524906167,0.691217713358905,,,
R2,Seasonal,0.6523039445574165,0.9396550052650895,0.8049090605411782,0.9911343524202202,0.8585999036867776,24,24,24.0,48.0,500,0.0,0.0,17.672517754470633,7.190104591870808,1.8228096353974754,,,
R3,Stationary_WN,0.14324263015760974,0.18696082735325825,0.4376739721835212,0.26510419531928986,0.2875910795905353,None,3,,,500,0.0,0.0,0.0,0.0,8.166484619801908,,,
R4,Trending_MeanShift,0.9999727267007776,0.9998908267541922,0.9998061392437182,0.9992070272882305,0.0,None,250,,,500,,,0.0,0.0,0.6817896380824507,,250.0,
R1,Composite,0.9979196142691684,0.9685635970245486,0.9998748845256518,0.9980764325508996,0.9402649812934732,12,12,12.0,24.0,500,0.3890194973706219,2.5813942203027538e-05,20.847976274512977,7.195733652415828,0.9969922099264241,,,
R2,Seasonal,0.7452313233364531,0.9636733604650971,0.9657544085816152,0.9986065211730012,0.962898786999668,12,12,12.0,24.0,500,0.0,0.0,25.102995282851083,9.54429536374969,1.0176293733653927,,,
R3,Stationary_WN,0.21569788219659491,0.13026041146098832,0.5016307621245176,0.16656571535257547,0.23483481741522705,None,2,,,500,0.0,0.0,0.0,0.0,6.383926943915938,,,
R4,Trending_MeanShift,0.999836997287325,0.9993503471509729,0.9997713707139689,0.9990909159359147,0.0,None,250,,,500,,,0.0,0.0,1.107374993867983,,250.0,
R1,Composite,0.9956063135000415,0.9559786150672905,0.9992159621162106,0.9913728222092214,0.8236431666570514,48,50,48.0,96.0,500,-0.1946072937613331,-2.064487339263246e-05,12.776958935748636,3.7489336097625716,1.2196744031016014,,,
R2,Seasonal,0.6670793059057687,0.9109222116313473,0.9755782760730232,0.9980261170967732,0.981138390583565,48,50,48.0,96.0,500,0.0,0.0,16.117750786876584,8.81597983205275,0.8078406893115924,,,
R3,Stationary_WN,0.13096651646100266,0.09859447341717797,0.4996315118116538,0.13652776601597183,0.26647760709414847,None,2,,,500,0.0,0.0,0.0,0.0,12.98736797487392,,,
R4,Trending_MeanShift,0.9999546711684644,0.9998189080074293,0.9999493795388479,0.9997983882753594,0.0,None,250,,,500,,,0.0,0.0,1.071703460157084,,250.0,
R1,Composite,0.996631875171217,0.9391777874261904,0.9999074697112915,0.9981101632510617,0.9727140835935578,48,50,48.0,96.0,500,0.2745033967444964,-2.837449802954776e-05,12.291216643655307,5.302558873585766,0.5517572337141761,,,
R2,Seasonal,0.5316967628653981,0.9722846475495539,0.7751390271149604,0.9966718080034476,0.8918195198731683,48,50,48.0,96.0,500,0.0,0.0,24.923559443580437,5.771462994897639,1.2829339109746039,,,
R3,Stationary_AR,0.151328281164525,0.2964220948783236,0.23084136697872715,0.49873877092387264,0.5532547094750033,None,26,,,500,0.0,0.0,0.0,0.0,5.0,0.6347935136699526,,
R4,Trending_ExponentialGrowth,0.979474558140963,0.2518088679233397,0.984641443250219,0.3883241184104711,0.2501387544315007,None,24,,,500,,,0.0,0.0,0.919003964577176,,,
R1,Composite,0.9979830121264186,0.9925365304408095,0.9998487805816055,0.9994415097956592,0.9255198666425826,12,12,12.0,24.0,500,0.21320362758499395,1.4486504719541423e-05,23.35423440401958,3.8012329980202337,0.607565985768553,,,
R2,Seasonal,0.7479859353193616,0.8990141727637991,0.9766214880219313,0.9971993721238491,0.9748013969332711,12,12,12.0,24.0,500,0.0,0.0,11.80680399872546,7.922966698381653,0.7041837244924787,,,
R3,Stationary_AR,0.08376168589258404,0.2968879270557877,0.20299864176739324,0.6374073484831009,0.6805359808911852,None,36,,,500,0.0,0.0,0.0,0.0,5.0,0.6301370018261887,,
R4,Trending_MeanShift,0.9999513141254739,0.9998049232740324,0.9999522113969683,0.9998085531711414,0.018575155312526737,None,250,,,500,,,0.0,0.0,0.9482223661336135,,250.0,
R1,Composite,0.9983091694587615,0.9655948801454671,0.9995358328655524,0.9905184557005025,0.7274572892606617,12,12,12.0,24.0,500,0.3379269836285562,-3.309412830585415e-05,14.195939143778332,3.7136708511137826,1.46567486033044,,,
R2,Seasonal,0.7302093582454197,0.9687498014604352,0.9360261717040794,0.9979301943184959,0.9354287524560614,12,12,12.0,24.0,500,0.0,0.0,23.795088168549142,8.121005864496048,1.2065525693609473,,,
R3,Stationary_WN,0.22217385889815755,0.08935477613344478,0.5380643568951746,0.11978796783509216,0.27421807909089546,None,2,,,500,0.0,0.0,0.0,0.0,10.241028540144775,,,
R4,Trending_MeanShift,0.9999617071049465,0.9998466127994358,0.9999643277075317,0.999857103509935,0.06709613329006203,None,250,,,500,,,0.0,0.0,1.0455036631846157,,250.0,
R1,Composite,0.9920413046875245,0.9064438009540843,0.9982874616657793,0.9786197582772771,0.7881960501548813,36,36,36.0,72.0,500,-0.1563595764706374,-3.603556942727956e-05,10.056538429272159,4.906105064217852,1.4761679104774534,,,
R2,Seasonal,0.7093550594971983,0.9785537210950515,0.9615101372712352,0.9993245391790795,0.9692002506398859,36,36,36.0,72.0,500,0.0,0.0,20.246026410010742,5.599436419774077,0.552656422698833,,,
R3,Stationary_WN,0.25097610404453596,0.10608222186670058,0.49910130868344205,0.14580834092785788,0.30530568341904707,None,2,,,500,0.0,0.0,0.0,0.0,9.759455805577968,,,
R4,Trending_ExponentialGrowth,0.9984772315398621,0.17923629117751394,0.999085301531617,0.339938069127926,0.3938402628870572,None,24,,,500,,,0.0,0.0,1.33531696714512,,,
R1,Composite,0.9975043872177982,0.9806096682491631,0.9998144971300278,0.9984074748959154,0.9259977814820282,48,50,48.0,96.0,500,0.2755752594790382,1.2999671782215187e-05,20.65474571788949,3.8163846064649976,0.7188195923449396,,,
R2,Seasonal,0.6728980104954838,0.919584591661241,0.9711012348342561,0.997840592839144,0.9767698730969647,48,50,48.0,96.0,500,0.0,0.0,22.118566166156917,11.286466336510259,1.1456905667323385,,,
R3,Stationary_AR,0.016030680986199197,0.43813045365283887,0.018075144519762665,0.0,0.0,None,167,,,500,0.0,0.0,0.0,0.0,5.0,0.4424905065446025,,
R4,Trending_MeanShift,0.9999524597833662,0.9998102916309725,0.9998631814798321,0.9994536287227155,0.0,None,250,,,500,,,0.0,0.0,0.8004753723758027,,250.0,
R1,Composite,0.9820762471624294,0.9622231010627414,0.9992193217029938,0.9983650075410903,0.9583359825718878,36,36,36.0,72.0,500,-0.14294762002287575,-1.8363236525610672e-05,21.668462760762544,7.981883050515233,0.8869168282615374,,,
R2,Seasonal,0.6924989875765744,0.9663694552613187,0.9166210646619518,0.9977803079535261,0.935911764100739,36,36,36.0,72.0,500,0.0,0.0,29.97498595716094,10.117008218006552,1.4369067044808126,,,
R3,Stationary_WN,0.10484917101626645,0.17775290685728973,0.33996073304895336,0.24750097927358372,0.2826232549506983,None,4,,,500,0.0,0.0,0.0,0.0,14.638315386725711,,,
R4,Trending_MeanShift,0.9999189760441743,0.9996767842228889,0.99988286024355,0.9995316684545102,0.0,None,250,,,500,,,0.0,0.0,1.119576466144745,,250.0,
R1,Composite,0.995465373210072,0.9703398144817916,0.9990942458444687,0.9941206867621913,0.8031350609169347,24,24,24.0,48.0,500,0.12519237507571726,-1.8902338721637882e-05,9.110603090974559,2.434008878920664,0.77769351337208,,,
R2,Seasonal,0.6998339695807897,0.9088329141781772,0.9510663845021964,0.9963432021076352,0.9625522866128929,24,24,24.0,48.0,500,0.0,0.0,14.950067647149766,8.716731218513651,0.9856171949987851,,,
R3,Stationary_WN,0.23922869792277723,0.12220072019899941,0.5257150162149481,0.14803416660156155,0.20474546200923938,None,2,,,500,0.0,0.0,0.0,0.0,6.332617949686684,,,
R4,Trending_MeanShift,0.9999665836778935,0.9998660307987773,0.9999430271825962,0.9997713856684449,0.0,None,250,,,500,,,0.0,0.0,1.1350667231162808,,250.0,
R1,Composite,0.9667206115582436,0.866017426466853,0.9993318896157677,0.9972830582442728,0.9819402255164428,24,24,24.0,48.0,500,0.1160931098894355,-3.4314155605850285e-05,9.834135510929466,7.34826997244852,0.5333660603600342,,,
R2,Seasonal,0.6718965166856189,0.971692251463256,0.861889694914474,0.9971428082143381,0.9005362940273289,24,24,24.0,48.0,500,0.0,0.0,22.66456034226571,6.55985891424868,1.3244969810986975,,,
R3,Stationary_WN,0.13026364135005786,0.17355445979007633,0.2422860102293014,0.2923585023460895,0.33145746268849896,None,6,,,500,0.0,0.0,0.0,0.0,11.164010947927927,,,
R4,Trending_MeanShift,0.9998942069394933,0.9995747672873765,0.9998864634324641,0.9995453626093443,0.0,None,250,,,500,,,0.0,0.0,1.2163713389587179,,250.0,
R1,Composite,0.998387630631886,0.9459536561368506,0.9997019687663115,0.989651598910789,0.8152482478214089,24,24,24.0,48.0,500,-0.314374808105502,-2.645322623345928e-05,11.0548865544094,4.1066660853761485,1.2913146656216257,,,
R2,Seasonal,0.6999569426154337,0.9585937559217488,0.9363408081211544,0.9978964404991784,0.9505889033708489,24,24,24.0,48.0,500,0.0,0.0,20.3230386681281,7.708533015164507,0.9522741953614264,,,
R3,Stationary_AR,0.1263753614967319,0.2859045441363278,0.1490898918523038,0.5372071920206247,0.5844303067390707,None,45,,,500,0.0,0.0,0.0,0.0,5.0,0.42973881212373793,,
R4,Trending_MeanShift,0.9999258277124875,0.9997030002162434,0.9989908496533334,0.9956658678240167,0.0,None,250,,,500,,,0.0,0.0,0.7359043405578823,,250.0,
R1,Composite,0.9989254468992242,0.988448779084147,0.9998503468779009,0.9983765379448601,0.8609333098111033,12,12,12.0,24.0,500,-0.3925434648459961,-1.738523239501359e-05,24.930358642347556,4.800255852711871,1.0570450575250327,,,
R2,Seasonal,0.6082990352436034,0.9872802131552186,0.6297957661986098,0.9959995495094995,0.6888445206461938,12,12,12.0,24.0,500,0.0,0.0,29.76765272917576,4.6521034896544995,1.916098047404986,,,
R3,Stationary_WN,0.13630673988685216,0.3072976010823609,0.22031533138129833,0.38570255733101044,0.2415663455789494,None,6,,,500,0.0,0.0,0.0,0.0,12.363882334792777,,,
R4,Trending_MeanShift,0.9997928937401827,0.9991865994187231,0.9959626085240035,0.9832906130845023,0.0,None,250,,,500,,,0.0,0.0,1.461756166931465,,250.0,
R1,Composite,0.9991841987134692,0.9891737766170617,0.9998224645278584,0.9976316454991214,0.7830535285614503,12,12,12.0,24.0,500,0.29594830488816676,-1.7417840164097435e-05,16.07839350300501,2.84786315548378,0.8741527661560434,,,
R2,Seasonal,0.7228924444460295,0.9565740994779071,0.9043875597964058,0.9957086841097152,0.9045050750521051,12,12,12.0,24.0,500,0.0,0.0,23.608710288097907,9.353420239310942,1.5498069059567077,,,
R3,Stationary_AR,0.26944255910368964,0.24274784424139373,0.42058119212225964,0.4066990036911984,0.546352179297237,None,10,,,500,0.0,0.0,0.0,0.0,5.0,0.5169049048467378,,
R4,Trending_RandomWalkDrift,0.9803822975256291,0.003421549611431818,0.9981974757823542,0.6374917295956837,0.9105510095491988,None,24,,,500,,,0.0,0.0,0.9544062694199474,,,0.21447434133035603
R1,Composite,0.9980239007304487,0.9851183310851475,0.9998880575569072,0.9991485804233545,0.9435612847865084,36,36,36.0,72.0,500,-0.2594688115816331,3.910971443246815e-05,17.79887805626877,3.95839542620811,0.5635899303175491,,,
R2,Seasonal,0.6604552331625587,0.9619039068608499,0.8311001537078857,0.9951474451143857,0.8769359797747791,36,36,36.0,72.0,500,0.0,0.0,17.39023877567367,5.959220804426355,1.2973110884081342,,,
R3,Stationary_WN,0.11772298906454925,0.16060531592284122,0.25326843377616803,0.2857370699739882,0.2882977361993958,None,6,,,500,0.0,0.0,0.0,0.0,7.72314173692607,,,
R4,Trending_MeanShift,0.9999581625968417,0.9998332907924143,0.9999429471975857,0.9997722377604734,0.0,None,250,,,500,,,0.0,0.0,0.8861628567249237,,250.0,
R1,Composite,0.9866138862217981,0.9778803551570756,0.9970318828242672,0.9951691425334905,0.7828097697608523,24,24,24.0,48.0,500,0.11609331427468184,3.479982793484151e-05,21.147946463939636,4.502390298522631,1.4928188142084828,,,
R2,Seasonal,0.6593685862975723,0.9238549246657102,0.8418467697945508,0.9909968924869865,0.8878184240070913,24,24,24.0,48.0,500,0.0,0.0,13.55385478114988,6.656098802738787,1.5076350669094523,,,
R3,Stationary_AR,0.08931792134781369,0.1664175777181296,0.20299489096695855,0.3835749746466651,0.5156615804996287,None,26,,,500,0.0,0.0,0.0,0.0,5.0,0.4025037884195004,,
R4,Trending_ExponentialGrowth,0.9954184521072514,0.2528968781708114,0.9969541867861664,0.3779891269027287,0.33244575039449575,None,24,,,500,,,0.0,0.0,1.0469162550373758,,,
R1,Composite,0.997412120795372,0.9384770797844829,0.999737162531548,0.9934437835552397,0.8989651689075182,12,12,12.0,24.0,500,-0.3562764562109494,2.541222114071414e-05,13.981733429224764,6.77469895338773,1.2112839904518635,,,
R2,Seasonal,0.7237613274574364,0.8882650311991221,0.9106852299983239,0.9889505781303696,0.910704802087156,12,12,12.0,24.0,500,0.0,0.0,15.470262551801923,10.36009672048719,1.7677097213313113,,,
R3,Stationary_AR,0.06935451074287957,0.2415024957352755,0.18864626697430797,0.6610841700326702,0.74505068140297,None,83,,,500,0.0,0.0,0.0,0.0,5.0,0.6719481079689411,,
R4,Trending_MeanShift,0.9999060065190989,0.9996243263907235,0.9996750382049382,0.9986715289659956,0.0,None,250,,,500,,,0.0,0.0,1.0786528345477961,,250.0,
R1,Composite,0.9983769502569128,0.983175791904081,0.9996709906123485,0.9966070941115706,0.7977634229108045,24,24,24.0,48.0,500,-0.32176126889569756,-3.1187018865094055e-05,20.951989487666545,4.2115766546062225,1.2396798989544762,,,
R2,Seasonal,0.6543015790348665,0.974981498972569,0.8032338737832901,0.9965366224583544,0.8630134574195855,24,24,24.0,48.0,500,0.0,0.0,21.580297776737012,5.689561655708475,1.346868989370015,,,
R3,Stationary_WN,0.13467301174855706,0.21847736694208908,0.19089377730581814,0.31468240734880826,0.3076478399011897,None,9,,,500,0.0,0.0,0.0,0.0,13.866304391413792,,,
R4,Trending_RandomWalkDrift,0.9956114024811542,0.21248862184990458,0.9992577704780089,0.6562280818997973,0.8306089261212681,None,24,,,500,,,0.0,0.0,0.8571206084989706,,,-0.3126920636423616
R1,Composite,0.9931701340477737,0.9065150546883413,0.9991951789628737,0.9884230912050896,0.8833799929205287,24,24,24.0,48.0,500,-0.22517745884313176,4.737194410039885e-05,10.39469110353379,5.601871998878126,1.314761671231501,,,
R2,Seasonal,0.6752820432444363,0.946143404810603,0.880244669484372,0.9951964262537063,0.9134458054133351,24,24,24.0,48.0,500,0.0,0.0,15.857694993475507,6.629136312290743,1.239767905515773,,,
R3,Stationary_WN,0.08685295324405595,0.2127994931344077,0.16064088038426516,0.36168826205449955,0.33152786504379395,None,9,,,500,0.0,0.0,0.0,0.0,11.535027569007054,,,
R4,Trending_MeanShift,0.9999588436584362,0.9998346959718825,0.9974139489243131,0.989537033169583,0.0,None,250,,,500,,,0.0,0.0,0.82099168493812,,250.0,
R1,Composite,0.9949350879987571,0.96955232736539,0.9993249154544654,0.9959030381592754,0.8688569969915831,36,36,36.0,72.0,500,0.2783511840492433,-4.623786655570975e-05,20.957831258807513,6.320343935877671,1.4291071850395758,,,
R2,Seasonal,0.7037658570842593,0.9697332488792194,0.9459765769768687,0.9986694431158349,0.9573605543931849,36,36,36.0,72.0,500,0.0,0.0,27.05923157666033,8.772234010665425,1.098314049390276,,,
R3,Stationary_AR,0.20912143005945627,0.33938294573456884,0.4459489615121779,0.6821890638662564,0.7166592395744418,None,38,,,500,0.0,0.0,0.0,0.0,5.0,0.676897999583936,,
R4,Trending_RandomWalkDrift,0.9986158097756618,0.1751677828022533,0.9998038544384562,0.7050675727708343,0.8595629571244484,None,24,,,500,,,0.0,0.0,0.8939836855081029,,,0.4718842299694467
R1,Composite,0.9963958316895583,0.979399887170546,0.9995915214928206,0.9974770788446407,0.8875476703302076,48,50,48.0,96.0,500,0.16528838089313028,-2.047246371809219e-05,13.221522763852011,2.598914746361693,0.6910589189925028,,,
R2,Seasonal,0.5133301235090236,0.9249004344373524,0.616493382013487,0.9805617478065336,0.7798251551470514,48,50,48.0,96.0,500,0.0,0.0,12.05451103506187,4.557499172013572,1.5819686945366689,,,
R3,Stationary_WN,0.03513253895148083,0.1865824414222652,0.113904491385868,0.4019239282304644,0.3273752708007929,None,15,,,500,0.0,0.0,0.0,0.0,9.762259387527834,,,
R4,Trending_ExponentialGrowth,0.968041993542416,0.18440699520510495,0.9789756047538531,0.33384178083975646,0.34899339053539524,None,24,,,500,,,0.0,0.0,1.2320975102092784,,,
R1,Composite,0.9977823115142362,0.9574475204768748,0.9999505428320399,0.9989464796533072,0.9777962145341985,48,50,48.0,96.0,500,0.35710199720870517,2.8599170966045447e-05,17.080704278261095,6.016045616949869,0.5276718826862319,,,
R2,Seasonal,0.6169955847784788,0.9490737328274012,0.9033293735832518,0.9962299170773543,0.9347434363650723,48,50,48.0,96.0,500,0.0,0.0,18.089402999069705,6.637412575691841,1.1545765171568527,,,
R3,Stationary_WN,0.24912307619348595,0.11271313219263701,0.5330760737470294,0.15376382480674133,0.27365124192233026,None,2,,,500,0.0,0.0,0.0,0.0,6.08352580446835,,,
R4,Trending_MeanShift,0.9999554714013602,0.9998218338420312,0.9999031242831213,0.9996105927166739,0.0,None,250,,,500,,,0.0,0.0,1.0318360683611196,,250.0,
R1,Composite,0.9835135088354734,0.9386844194827657,0.9982303526373074,0.9933219560904664,0.8967164764396398,12,12,12.0,24.0,500,-0.15915396909438215,4.827319558699886e-05,14.198973521266272,6.705529253895771,1.2615374658715017,,,
R2,Seasonal,0.7350478494095216,0.9307120665083268,0.9357693021950959,0.9950973820003779,0.933094715555192,12,12,12.0,24.0,500,0.0,0.0,17.03400197874842,8.898095820249443,1.3040617813316817,,,
R3,Stationary_WN,0.13960327930911653,0.1706848002464585,0.2800657984609618,0.27900078481302515,0.3761974460632158,None,5,,,500,0.0,0.0,0.0,0.0,6.72513325022985,,,
R4,Trending_MeanShift,0.9999289754004358,0.999716246469502,0.9999454880776839,0.9997821904111194,0.23218633763379493,None,250,,,500,,,0.0,0.0,1.484718164936576,,250.0,
R1,Composite,0.9971651116079382,0.983437251554087,0.9996006397102575,0.997408440412221,0.8596621366199944,48,50,48.0,96.0,500,-0.2326069979183979,-2.851865204563028e-05,20.48316900141458,2.95794690620838,0.8674372819735576,,,
R2,Seasonal,0.012208493931170739,0.9719340386400008,0.061618822744267,0.9903140122355918,0.6702328060786811,48,100,48.0,96.0,500,0.0,0.0,14.853956129330514,11.470552559652152,1.8746416371484074,,,
R3,Stationary_AR,0.15227164955777084,0.34194101928636944,0.2311398673320706,0.540629465615722,0.5806750343096516,None,22,,,500,0.0,0.0,0.0,0.0,5.0,0.41812611789274245,,
R4,Trending_RandomWalkDrift,0.9986770289122372,0.9640527493428132,0.9947779403724982,0.8245559791244955,0.0,None,250,,,500,,,0.0,0.0,1.3747252960097092,,,0.23819277113849277
R1,Composite,0.9965043743373141,0.963614387501067,0.9995034508868174,0.9943891754040407,0.8590861258019902,48,50,48.0,96.0,500,-0.2661224801185486,3.113061959554266e-05,15.466850995052802,4.154616159825266,1.2826731078145244,,,
R2,Seasonal,0.6316756349099744,0.9285301062566674,0.8949002701168001,0.9938801475864723,0.9245470849237318,48,50,48.0,96.0,500,0.0,0.0,14.92937285086965,6.693722621679713,1.1843646973114152,,,
R3,Stationary_WN,0.09143693345750503,0.13455401001731626,0.310281698292733,0.2155106359101211,0.3307683484047724,None,5,,,500,0.0,0.0,0.0,0.0,13.702251446310392,,,
R4,Trending_MeanShift,0.9999668131195878,0.9998674711596502,0.9999677572235635,0.9998708330506764,0.027959816873969645,None,250,,,500,,,0.0,0.0,0.5458098400069608,,250.0,
R1,Composite,0.9986044126955267,0.9853587389571968,0.999936730947062,0.999330958741125,0.9548266709012923,12,12,12.0,24.0,500,-0.3487170526518658,-4.5057946841368696e-05,23.295979045689343,5.528776058019043,0.6278551012330899,,,
R2,Seasonal,0.033870864388167,0.996562817142447,0.06317607462653374,0.9975216539485746,0.2827244294526263,12,24,12.0,24.0,500,0.0,0.0,10.641941592231635,11.353717227248808,0.7249547918524228,,,
R3,Stationary_AR,0.056115210946896754,0.20873891259876642,0.07178643778906513,0.39103660261157025,0.538290138611877,None,29,,,500,0.0,0.0,0.0,0.0,5.0,0.45394649791562225,,
R4,Trending_RandomWalkDrift,0.8705605585222722,0.31405887463456295,0.9970009880364692,0.9883134406312499,0.9796301848487738,None,125,,,500,,,0.0,0.0,0.8230992828142975,,,-0.15879571424932648
R1,Composite,0.9866875987009759,0.9762412588267149,0.9960569718941789,0.9926843375824126,0.7101626022477021,48,50,48.0,96.0,500,-0.1400675744357254,4.727299805877655e-05,17.576283407426157,2.3049729773065,1.4246140221943429,,,
R2,Seasonal,0.5222045820248842,0.9470785331727765,0.726123226473586,0.9913974545950385,0.8596226968112337,48,50,48.0,96.0,500,0.0,0.0,21.2953316896446,6.929671763422483,1.5985175808297454,,,
R3,Stationary_WN,0.23267000435466134,0.15458493379200333,0.4897993258946681,0.18906032649381277,0.19967621010327385,None,2,,,500,0.0,0.0,0.0,0.0,10.654493562303998,,,
R4,Trending_MeanShift,0.9998208006829311,0.9992866917590899,0.9998390711413451,0.9993612573632631,0.10066006620786139,None,250,,,500,,,0.0,0.0,0.892601753233664,,250.0,
R1,Composite,0.9948481960772141,0.9142517340031563,0.9996247080441304,0.9934487407377012,0.9281873353228873,24,24,24.0,48.0,500,0.2617179405307862,4.179460095981463e-05,13.389319913254777,7.3305034264476,1.1513237993465049,,,
R2,Seasonal,0.48941538748002145,0.9818522772108393,0.4681320342823261,0.9948129890649332,0.7179683196623465,24,24,24.0,48.0,500,0.0,0.0,27.55044401326691,4.612356087600633,1.9571912017275526,,,
R3,Stationary_AR,0.14237911903963574,0.30345465530804605,0.21019580003592941,0.5733868318963997,0.6222130296290218,None,33,,,500,0.0,0.0,0.0,0.0,5.0,0.5951586132117457,,
R4,Trending_RandomWalkDrift,0.9911450063925942,0.6345073096735419,0.9945584629019413,0.8295228987899578,0.43348332259338673,None,250,,,500,,,0.0,0.0,1.0989664067369653,,,-0.2608275684386503
R1,Composite,0.9988659164229798,0.9822234159571945,0.9997555598524245,0.996129584301113,0.7840665157127189,36,36,36.0,72.0,500,-0.34604025366979385,3.920064443841748e-05,16.748843030281975,3.189734442831244,1.090534842834452,,,
R2,Seasonal,0.6514807010277945,0.9538456073498013,0.8071794812249395,0.9934113112102643,0.862275597956333,36,36,36.0,72.0,500,0.0,0.0,20.74386161231977,7.529094006998369,1.6644618021542235,,,
R3,Stationary_WN,0.2678419605099631,0.1690460638162512,0.5153257247825633,0.20484049393139714,0.19745090535281296,None,2,,,500,0.0,0.0,0.0,0.0,14.072239226379613,,,
R4,Trending_MeanShift,0.999974587252267,0.9998986966799718,0.999967512547112,0.9998708617540281,0.0,None,250,,,500,,,0.0,0.0,1.3692644972178054,,250.0,
R1,Composite,0.9989636893838127,0.9757911312362387,0.9996655192587883,0.9918520675994589,0.676980902131241,48,100,48.0,96.0,500,0.3194890786392861,-4.7144331689029495e-05,9.229815559405814,7.841167332679542,1.1199890348113868,,,
R2,Seasonal,0.5555735250005531,0.9828525753926568,0.8957241443062274,0.9989879654627172,0.9461130463742041,48,50,48.0,96.0,500,0.0,0.0,28.682772402666224,5.367308897707376,0.9531350504804057,,,
R3,Stationary_AR,0.0,0.2609928870982575,0.03977047635492925,0.6786705009684375,0.6111112949992504,None,125,,,500,0.0,0.0,0.0,0.0,5.0,0.48310227137564105,,
R4,Trending_RandomWalkDrift,0.9992860052190171,0.9092763626543454,0.9995886164089423,0.9462086975375736,0.4218243229070008,None,250,,,500,,,0.0,0.0,0.6545077324136278,,,0.46934390669348103
R1,Composite,0.9955290728971452,0.9202361447813803,0.9998922952968136,0.9978024488713252,0.9761798761247924,48,50,48.0,96.0,500,-0.247685911966462,-1.2022663844651495e-05,11.645190566900197,5.927177102234239,0.5723682111456454,,,
R2,Seasonal,0.518457905510431,0.8906222159849342,0.652725439142166,0.9744606359471389,0.8032714234866284,48,50,48.0,96.0,500,0.0,0.0,10.061852123607595,4.795927259800048,1.621230305060476,,,
R3,Stationary_WN,0.25771334330542806,0.13528371629494573,0.5456419492520991,0.17598229524851872,0.2451053168969094,None,2,,,500,0.0,0.0,0.0,0.0,10.856549714714212,,,
R4,Trending_ExponentialGrowth,0.9897134544911506,0.2781634047481547,0.9933060107866003,0.3899409305721512,0.35697046246705044,None,24,,,500,,,0.0,0.0,1.1047541948907287,,,
R1,Composite,0.9955724507711866,0.9856522018158049,0.9986011832776561,0.9955482139038132,0.6874460434048403,24,24,24.0,48.0,500,0.15793801102538174,4.067506416846088e-05,20.340533086711414,2.815274500161749,1.3307269834477589,,,
R2,Seasonal,0.6906505711723459,0.9732522081470814,0.9191265502017585,0.9983182842205031,0.9381194580481264,24,24,24.0,48.0,500,0.0,0.0,22.942181237088278,6.824350309587678,1.0365175984049912,,,
R3,Stationary_WN,0.16621684534958714,0.1479543658470509,0.45422203211027323,0.22591698106213232,0.3233330105063834,None,3,,,500,0.0,0.0,0.0,0.0,12.3882469790223,,,
R4,Trending_MeanShift,0.9998693519755447,0.9994792433152155,0.9999021201823675,0.9996081518758788,0.25012577183105955,None,250,,,500,,,0.0,0.0,1.402986273929284,,250.0,
R1,Composite,0.9952457486168756,0.9526758412267018,0.999876468131489,0.9987287712253409,0.9743187513196473,12,12,12.0,24.0,500,-0.26103204933379237,2.6307339022019094e-05,15.850571348779532,6.959953774629472,0.5638793652389898,,,
R2,Seasonal,0.6781074232540003,0.9902881578329021,0.7928657934108301,0.998178198209021,0.8141136726702359,12,12,12.0,24.0,500,0.0,0.0,25.155944703276866,4.189173061365725,1.171240308974165,,,
R3,Stationary_AR,0.029955935011999002,0.5372036447859241,0.0,0.0018740595157661355,0.0,None,167,,,500,0.0,0.0,0.0,0.0,5.0,0.6125998314319965,,
R4,Trending_ExponentialGrowth,0.9903624507346878,0.28904017014644934,0.9931899546261268,0.36743295945149557,0.2888146514275254,None,24,,,500,,,0.0,0.0,1.1974700784150394,,,
R1,Composite,0.9974246064255191,0.9619075342261113,0.9995851154260258,0.9931606759218646,0.8397674273379575,48,50,48.0,96.0,500,-0.29475976861347153,-4.461079228099124e-05,16.122959923319193,4.2752650470274345,1.4341466103636695,,,
R2,Seasonal,0.5599473804798342,0.9522029358134774,0.7845413928758905,0.9933026922177384,0.8778419240493943,48,50,48.0,96.0,500,0.0,0.0,14.377121924924905,4.555748795180342,1.1607396563866987,,,
R3,Stationary_AR,0.2994391563079457,0.32285468843192133,0.5450749472412966,0.6502846939341742,0.7317865378132995,None,22,,,500,0.0,0.0,0.0,0.0,5.0,0.693622989889292,,
R4,Trending_RandomWalkDrift,0.9948832353969248,0.1256708440584171,0.9991091607993876,0.5407922947304564,0.8285456679312377,None,24,,,500,,,0.0,0.0,1.2992684786191036,,,-0.23904053849360826
R1,Composite,0.9954855893543207,0.9800939432374104,0.998953151458343,0.9954291640062136,0.7702631651562338,24,24,24.0,48.0,500,0.1831769817802426,1.9741937697570104e-05,18.511712951745757,4.035264401468922,1.434254688957068,,,
R2,Seasonal,0.7091511409327671,0.8242342132369043,0.9795299336843231,0.9966903943524545,0.9839437091135367,24,24,24.0,48.0,500,0.0,0.0,12.296186898489553,10.844174902964394,0.6542542112210865,,,
R3,Stationary_AR,0.014753796917849171,0.5323052284398877,0.0,0.17737447294096342,0.0,None,167,,,500,0.0,0.0,0.0,0.0,5.0,0.5181396914347257,,
R4,Trending_RandomWalkDrift,0.9820692669070843,0.09313887203175797,0.9974809387486118,0.6514405589539711,0.8628531665227408,None,24,,,500,,,0.0,0.0,1.0551015938758166,,,-0.24184656080184153
R1,Composite,0.9992407453754302,0.9914487009149348,0.9999450418341066,0.9993771296649228,0.9278248116480119,36,36,36.0,72.0,500,0.37087633205571857,-1.8944604773291966e-05,21.870324128297764,3.7239304164918954,0.6318096732421967,,,
R2,Seasonal,0.7102289420463339,0.892817840748902,0.9583411710145442,0.9959328280094675,0.9657314964666529,36,36,36.0,72.0,500,0.0,0.0,14.286068884404317,9.191607686140511,0.970303245711664,,,
R3,Stationary_AR,0.17449319229145333,0.19133214341264848,0.2418393461382774,0.33652098830710375,0.5152662093859428,None,9,,,500,0.0,0.0,0.0,0.0,5.0,0.421716367857475,,
R4,Trending_MeanShift,0.9999727695292753,0.9998908721636832,0.9999739065676116,0.9998955393335659,0.04269167030119447,None,250,,,500,,,0.0,0.0,0.5915995044516561,,250.0,
R1,Composite,0.9990602375733507,0.9609958446482639,0.9999321062440532,0.9970630388533207,0.9278587591936833,36,36,36.0,72.0,500,-0.3902297104552839,2.1232325857686004e-05,11.876407623502267,4.295342731549489,0.7001534178791281,,,
R2,Seasonal,0.6972430626279197,0.8991075130404994,0.9134822320543344,0.9923220984903364,0.9307272998423309,36,36,36.0,72.0,500,0.0,0.0,14.706534955240137,8.836205005817334,1.3790897913347848,,,
R3,Stationary_WN,0.09989725497251856,0.22339426659794914,0.12158627278929224,0.36307656706519353,0.31163151383033827,None,12,,,500,0.0,0.0,0.0,0.0,9.877264035793836,,,
R4,Trending_ExponentialGrowth,0.9994387015810136,0.24358838359445856,0.9996865233256326,0.41854253775885164,0.4362489336253006,None,24,,,500,,,0.0,0.0,0.8920173437125805,,,
R1,Composite,0.9984391410431307,0.9821621399016643,0.9998468021760121,0.9982382903278657,0.9020379029385222,24,24,24.0,48.0,500,-0.3452180864559966,-2.9216637737715833e-05,21.48739278096626,4.943679335136385,0.9694474758184447,,,
R2,Seasonal,0.6276287480106809,0.9719214754388836,0.7441224199430885,0.9949557039208483,0.8237314870269399,24,24,24.0,48.0,500,0.0,0.0,20.012253631697188,5.323666677546386,1.5828748177774412,,,
R3,Stationary_AR,0.1996724902990411,0.24211379947920963,0.3700773738223183,0.5006617735378679,0.5929464868778913,None,16,,,500,0.0,0.0,0.0,0.0,5.0,0.43753681248221016,,
R4,Trending_MeanShift,0.9999122129164533,0.9996490892130663,0.9998326813404586,0.999337960723849,0.0,None,250,,,500,,,0.0,0.0,1.2582887778016576,,250.0,
R1,Composite,0.9898913852760681,0.9538608898266357,0.9997248264226503,0.9987328252325656,0.9736745696016237,12,12,12.0,24.0,500,0.1513504008338328,1.2314053170452547e-05,14.924912451252972,6.470790321220201,0.5361803391834116,,,
R2,Seasonal,0.7255539922087153,0.9710380053297214,0.9163637639146155,0.9975179627177165,0.9160215815678441,12,12,12.0,24.0,500,0.0,0.0,22.00939166985593,6.971347199758379,1.3024750712454625,,,
R3,Stationary_AR,0.17058400944078733,0.22527133575229452,0.3271093380070701,0.36456766866902335,0.4869641555533082,None,14,,,500,0.0,0.0,0.0,0.0,5.0,0.40755482079376454,,
R4,Trending_ExponentialGrowth,0.9862825655616175,0.2096381987234659,0.990533295653983,0.36321459898789954,0.3159757602880727,None,24,,,500,,,0.0,0.0,1.2992436631539033,,,
R1,Composite,0.9787851352922972,0.9733782134042696,0.9977671249233219,0.9972638634888408,0.899667430737932,36,36,36.0,72.0,500,-0.11308761959303243,-2.627470081772094e-05,23.57755860376819,6.857197677087644,1.3194945386473393,,,
R2,Seasonal,0.5807599347872725,0.9907852126315337,0.637829964265983,0.9978815726203935,0.7702482026818394,36,36,36.0,72.0,500,0.0,0.0,28.42056658843281,4.015799490646185,1.3335274331835103,,,
R3,Stationary_WN,0.05677006657734507,0.1467535890137749,0.18956503285819448,0.2561029643387487,0.27811493010038446,None,8,,,500,0.0,0.0,0.0,0.0,8.33085187232657,,,
R4,Trending_ExponentialGrowth,0.9961434714983957,0.14702602094531714,0.9976418880857818,0.35378947655736737,0.39024258229214603,None,24,,,500,,,0.0,0.0,0.7900492639563381,,,
R1,Composite,0.9965262703594484,0.9515502128859586,0.9996616751218989,0.9950975529544043,0.9034329617983767,36,36,36.0,72.0,500,-0.21734397999292285,-2.350575328428869e-05,12.219575939484155,4.861430144921368,0.9817714038064405,,,
R2,Seasonal,0.7191791023911905,0.967922124079519,0.9830505311163712,0.9995275943906864,0.9857383319151475,36,36,36.0,72.0,500,0.0,0.0,24.68071054107054,8.636457259327951,0.5573174988009396,,,
R3,Stationary_WN,0.01842988862570638,0.28509343740328363,0.049075264730653156,0.4248623583953889,0.3634900834879936,None,36,,,500,0.0,0.0,0.0,0.0,7.025212310758755,,,
R4,Trending_RandomWalkDrift,0.9986011575770377,0.10446580228002322,0.999822640774503,0.769728175124026,0.872484328081311,None,24,,,500,,,0.0,0.0,1.381065497738783,,,0.3559654315242313
R1,Composite,0.9935144381297566,0.9757286859812386,0.9992423978956032,0.9971596257406197,0.8848125165722427,12,12,12.0,24.0,500,-0.2183474326840769,-2.976130684122299e-05,24.72531743044332,7.130088623002133,1.495129782281634,,,
R2,Seasonal,0.7394400678883639,0.9803250100276109,0.9584803499248263,0.9991342273666082,0.9567016594456224,12,12,12.0,24.0,500,0.0,0.0,20.195279377714677,5.549808238977774,0.6764264326993429,,,
R3,Stationary_AR,0.14576686605749167,0.24831307220365795,0.3448765237898629,0.6377927517202421,0.7228400021388846,None,50,,,500,0.0,0.0,0.0,0.0,5.0,0.6816377809676937,,
R4,Trending_RandomWalkDrift,0.9931724123736096,0.0,0.9989414835904055,0.20386314250250626,0.8455746235084765,None,24,,,500,,,0.0,0.0,0.6970509305142639,,,-0.2936874741826244
R1,Composite,0.9976122459258561,0.9823995486144493,0.9997746984571233,0.9983391593416704,0.9064260950361208,24,24,24.0,48.0,500,0.2922275480721125,-3.910459161603445e-05,20.333412231826124,4.620372323336031,0.9285662702318522,,,
R2,Seasonal,0.6922844556335779,0.9067966095464041,0.9191987259501913,0.9938659512959296,0.9387755840592447,24,24,24.0,48.0,500,0.0,0.0,16.83661516613641,9.697209760356012,1.5307380633108538,,,
R3,Stationary_AR,0.045973748870215214,0.23814428106650165,0.043202902114521824,0.6131058967468966,0.6746236428591107,None,62,,,500,0.0,0.0,0.0,0.0,5.0,0.6695147073827092,,
R4,Trending_RandomWalkDrift,0.0,0.8517824543882562,0.0,0.8914443809963476,0.2543935305948938,None,250,,,500,,,0.0,0.0,1.0768877154022984,,,-0.1065054706842513
R1,Composite,0.9969154970952375,0.9651748943558115,0.9998841613628121,0.9986581827329861,0.9627954911384577,36,36,36.0,72.0,500,0.23623587737119486,1.6365474081345988e-05,14.640675423068254,5.202198773869165,0.5641871776170441,,,
R2,Seasonal,0.6775943625481028,0.8460203339593192,0.8578769221109487,0.9809175629851907,0.8935138299565049,36,36,36.0,72.0,500,0.0,0.0,10.222455118059715,7.5504765829131255,1.4269168015539724,,,
R3,Stationary_WN,0.08070708731752019,0.12917219423167614,0.23067108693449168,0.1925804030211753,0.3209671115061541,None,6,,,500,0.0,0.0,0.0,0.0,13.029672062699971,,,
R4,Trending_RandomWalkDrift,0.9918310104622267,0.9140479348729162,0.8945950635475085,0.09366696794532825,0.0,None,250,,,500,,,0.0,0.0,1.3501575002681097,,,0.23384395028823357
R1,Composite,0.9991035921818702,0.9691546036391069,0.999934813139935,0.9975211780810999,0.9274083723952693,48,50,48.0,96.0,500,0.3345886219885798,-1.2387857156103511e-05,11.295975240705188,3.003344858104768,0.5649311559545193,,,
R2,Seasonal,0.522946439438343,0.8922532317531118,0.6683228607345599,0.9750371753362385,0.8078770161648038,48,50,48.0,96.0,500,0.0,0.0,10.044574017270172,4.492978697819231,1.6285310994742876,,,
R3,Stationary_AR,0.07453671151537589,0.3540144293396975,0.08524246760098131,0.6705728646146072,0.7023165093177299,None,62,,,500,0.0,0.0,0.0,0.0,5.0,0.6160043049376338,,
R4,Trending_RandomWalkDrift,0.9693662943702251,0.03051175898236691,0.996391351197841,0.7272024110251794,0.8925187855779916,None,24,,,500,,,0.0,0.0,0.8321874021692947,,,0.24522245057979108
R1,Composite,0.9962801344615595,0.9885833435869602,0.999268894205215,0.9977498053689279,0.8052680810296204,12,12,12.0,24.0,500,0.22699854732739022,-4.69608927086707e-05,23.66715964042622,4.161618409268041,1.258660860271318,,,
R2,Seasonal,0.7218008856887523,0.8790195042516653,0.9049214572197353,0.9873408866844607,0.9054535732512893,12,12,12.0,24.0,500,0.0,0.0,10.077264444119098,6.969866528189991,1.420020936603843,,,
R3,Stationary_WN,0.1139219414319338,0.1769805982109387,0.3766537974331996,0.2578658378066786,0.35208629280281367,None,4,,,500,0.0,0.0,0.0,0.0,7.501724839122566,,,
R4,Trending_RandomWalkDrift,0.9916110296830065,0.5463481178530558,0.9937745061217466,0.6965071366168323,0.2671671364774637,None,167,,,500,,,0.0,0.0,1.4574331231150914,,,0.3804043605325509
R1,Composite,0.9962003812521351,0.9383818934731982,0.9994369615487079,0.9903736684800126,0.8526462400012992,36,36,36.0,72.0,500,-0.31260559281986167,2.751269587293455e-05,14.618679117727122,6.124401938142063,1.4690075215850915,,,
R2,Seasonal,0.6633482663477391,0.9383531572987458,0.8374463634322225,0.9923217069105971,0.8818274104360064,36,36,36.0,72.0,500,0.0,0.0,17.977777536583872,7.931924598787309,1.7480202657094883,,,
R3,Stationary_AR,0.05292101001210703,0.2762404757085287,0.05896596311363378,0.5213798814929735,0.566566610321595,None,56,,,500,0.0,0.0,0.0,0.0,5.0,0.42492262350843935,,
R4,Trending_MeanShift,0.999806629986278,0.9992202322343952,0.9994051467628314,0.9975354252991905,0.0,None,250,,,500,,,0.0,0.0,1.1994506868323938,,250.0,
R1,Composite,0.9967418697643675,0.9704599375727773,0.9995961713153472,0.9962585569555886,0.8769497548519395,36,36,36.0,72.0,500,0.2735006509635355,-4.4666949444702765e-05,16.785099848758435,5.060900261115125,1.2079533180058686,,,
R2,Seasonal,0.7039106543975717,0.9407470299928631,0.9508498343403391,0.9975462972556,0.9610256881613572,36,36,36.0,72.0,500,0.0,0.0,19.9376852261204,9.204673614551474,1.1190609475161297,,,
R3,Stationary_AR,0.016316151640588195,0.26946190767335465,0.01736741726415303,0.46089880044566356,0.5319009801079082,None,100,,,500,0.0,0.0,0.0,0.0,5.0,0.4644648212326296,,
R4,Trending_MeanShift,0.9999824688617458,0.9999300244943446,0.9999883603617873,0.9999535121379409,0.3358901562338378,None,250,,,500,,,0.0,0.0,0.7440844877186643,,250.0,
R1,Composite,0.9917731611341691,0.9788324186470092,0.9996758351966588,0.9990875800025402,0.9613152942990839,48,50,48.0,96.0,500,0.17357523049529053,1.918923558163374e-05,23.430254195625842,4.862780526987949,0.7239874269061205,,,
R2,Seasonal,0.6460786514535345,0.8494923144448829,0.9131024199086945,0.9875938056332667,0.9344613482182282,48,50,48.0,96.0,500,0.0,0.0,14.399821802250834,10.096445083616555,1.7222790134145813,,,
R3,Stationary_WN,0.17290191266638133,0.14888150963261348,0.35819584362481827,0.2275146437234823,0.3089963031172378,None,4,,,500,0.0,0.0,0.0,0.0,8.342923051992368,,,
R4,Trending_RandomWalkDrift,0.9955593478282121,0.9750969227953149,0.8195005111633407,0.350266390646093,0.0,None,250,,,500,,,0.0,0.0,1.3547847035927478,,,0.20468317662457192
R1,Composite,0.999129194120097,0.9825869518198744,0.999870548080724,0.9971331707365703,0.8514634586271341,48,50,48.0,96.0,500,0.288490340783671,4.852544417239038e-05,14.183999035136388,2.1051187180746123,0.6554700619228837,,,
R2,Seasonal,0.6390443525332734,0.9312308619951568,0.8824585155978051,0.9930862608062485,0.9116657161314778,48,50,48.0,96.0,500,0.0,0.0,16.83893902270578,7.372809163044631,1.4441694028091496,,,
R3,Stationary_WN,0.05966189792709342,0.23045388456198035,0.09956606553107139,0.3355122822458507,0.30969408434792567,None,33,,,500,0.0,0.0,0.0,0.0,9.351767340094096,,,
R4,Trending_MeanShift,0.999920010335775,0.9996802336091606,0.9999114354136318,0.9996442235822394,0.0,None,250,,,500,,,0.0,0.0,1.1631006985010923,,250.0,
R1,Composite,0.9972069036726481,0.9789177662115189,0.9991731196503287,0.9937269576241551,0.7062646930710381,12,12,12.0,24.0,500,0.21886465912403927,1.7043249999616894e-05,16.820755036396136,3.8865010269752602,1.434318887383359,,,
R2,Seasonal,0.7123790742566507,0.9324522132919822,0.8753128599438915,0.9911566254737592,0.876013153382035,12,12,12.0,24.0,500,0.0,0.0,11.621373001431682,5.559188000024231,1.0684955470352828,,,
R3,Stationary_AR,0.06903249867760552,0.2982065246868879,0.21033958963107746,0.44038036764468713,0.46649401547604097,None,22,,,500,0.0,0.0,0.0,0.0,5.0,0.4452163303552152,,
R4,Trending_ExponentialGrowth,0.9947711992236626,0.1967452193784731,0.9964300771605555,0.3888512519722064,0.30687585964487074,None,24,,,500,,,0.0,0.0,0.5160441280658481,,,
R1,Composite,0.9972762757490973,0.8524772185018379,0.999803931595381,0.9877574990573297,0.9286031406440604,36,36,36.0,72.0,500,0.3115423757049881,2.8923032381274204e-05,8.288099174280099,6.358560400445151,1.07790430593308,,,
R2,Seasonal,0.6980234034507744,0.9372638001675003,0.9162733723055112,0.9956156670274817,0.9341357822180525,36,36,36.0,72.0,500,0.0,0.0,10.488001201801392,4.994914450643798,0.7134312614734459,,,
R3,Stationary_WN,0.041552002948032185,0.2595882472353841,0.10994858235145111,0.36987947185910197,0.3092339583485534,None,21,,,500,0.0,0.0,0.0,0.0,12.784969845687082,,,
R4,Trending_MeanShift,0.9999165715157802,0.9996655225379045,0.9998723651445992,0.9994952234307403,0.0,None,250,,,500,,,0.0,0.0,1.2933356201125052,,250.0,
R1,Composite,0.995794432099109,0.9388260187973021,0.9997326877397379,0.9959499000722629,0.9368572312205321,24,24,24.0,48.0,500,-0.33814764399522396,2.3765252371767558e-05,16.700895698940293,7.707278929659589,1.1883975595607392,,,
R2,Seasonal,0.675215583709901,0.9879807228451198,0.873416151894478,0.9988660787588535,0.905987231045402,24,24,24.0,48.0,500,0.0,0.0,28.354696654653964,5.3904979249469145,1.0561587755266535,,,
R3,Stationary_WN,0.07551678480475998,0.15916905430483685,0.2067485499367907,0.287429099020329,0.3250456743966065,None,7,,,500,0.0,0.0,0.0,0.0,10.67914815614245,,,
R4,Trending_ExponentialGrowth,0.9990146226119332,0.2807359630816797,0.9993683247950984,0.43011355672866314,0.35396827731706915,None,24,,,500,,,0.0,0.0,1.191502351851522,,,
R1,Composite,0.996908296275036,0.96367435573246,0.9997523058077482,0.9967959154864208,0.9203537324385501,48,50,48.0,96.0,500,-0.24303752289212097,3.37831967160488e-05,13.123438544871824,3.911238164803596,0.7139209911623917,,,
R2,Seasonal,0.6399221981042892,0.9546482029864694,0.9500939369793089,0.9982277514835447,0.9652090469407482,48,50,48.0,96.0,500,0.0,0.0,28.751309968425435,10.415497573546183,1.3005808316395568,,,
R3,Stationary_WN,0.16589006087482716,0.09131800523274014,0.47982347259816294,0.11946900370062563,0.21500516095745958,None,2,,,500,0.0,0.0,0.0,0.0,12.438958178112703,,,
R4,Trending_MeanShift,0.9999526003859074,0.9998102377460909,0.9991795853648181,0.9965188273941508,0.0,None,250,,,500,,,0.0,0.0,0.8194522792694731,,250.0,
R1,Composite,0.9833531679383147,0.9262917943233748,0.9985569475290244,0.9934130919473916,0.9164789576747155,36,36,36.0,72.0,500,-0.1580816156828611,2.8458385467320766e-05,13.850967752905518,6.7439579123927835,1.253925760467229,,,
R2,Seasonal,0.7134744644960116,0.9824259526477385,0.9651893816137969,0.999483131213396,0.971105283355634,36,36,36.0,72.0,500,0.0,0.0,27.05820754360649,6.810613221246837,0.6328458938369679,,,
R3,Stationary_WN,0.018321755515228744,0.25965653262429234,0.05674110917404551,0.4202853653015657,0.3461448914654217,None,38,,,500,0.0,0.0,0.0,0.0,10.46576155650553,,,
R4,Trending_RandomWalkDrift,0.9927805920634921,0.8040833876367433,0.9981505324934934,0.9530288876246468,0.7572044554492825,None,250,,,500,,,0.0,0.0,0.5758876415961067,,,-0.389928293009721
R1,Composite,0.9971244189652383,0.9735343644714347,0.9998652668957648,0.9987350178063328,0.953437538915721,36,36,36.0,72.0,500,-0.35591087233754815,-1.4854375692747759e-05,24.25633793298417,7.453376933636291,0.8747402058122581,,,
R2,Seasonal,0.675632178844231,0.943305875930519,0.8618619862402991,0.9938709411785114,0.8965727786600662,36,36,36.0,72.0,500,0.0,0.0,17.662422954389264,7.274652975366195,1.5135253966052074,,,
R3,Stationary_AR,0.1732464528330232,0.22721836639293247,0.2229828283616202,0.3714442831222283,0.5517282355240303,None,17,,,500,0.0,0.0,0.0,0.0,5.0,0.5751482791838372,,
R4,Trending_ExponentialGrowth,0.998022978766246,0.2419423112447483,0.9987403834754686,0.3866510896855855,0.3574057994400718,None,24,,,500,,,0.0,0.0,0.597107844210232,,,
R1,Composite,0.9941994554087404,0.9061401845258646,0.9995692323143702,0.9920123746693118,0.9267109874469814,48,50,48.0,96.0,500,-0.27311520085663515,1.8904160634851897e-05,12.657019845516896,6.630943954244909,1.1779640570499108,,,
R2,Seasonal,0.6744771414586321,0.9272243610080464,0.9882542665022346,0.999215251210621,0.9906282139652954,48,50,48.0,96.0,500,0.0,0.0,21.35181019942644,10.430199535494477,0.6278785290027189,,,
R3,Stationary_WN,0.06370312316032734,0.16457356413465973,0.15878446922863376,0.26867372385264743,0.32415453248963,None,8,,,500,0.0,0.0,0.0,0.0,5.356469156333855,,,
R4,Trending_RandomWalkDrift,0.9950305112239389,0.8508604714660724,0.9799708474525427,0.4155564376334624,0.0,None,250,,,500,,,0.0,0.0,0.964601190211943,,,-0.24944286761617326
R1,Composite,0.9949524975666257,0.8818499129827411,0.9997178012863872,0.9921984469717707,0.9447438765768925,48,50,48.0,96.0,500,-0.25594520049559,2.079901950599548e-05,9.624082744678761,5.867641743074847,0.9409264162579504,,,
R2,Seasonal,0.6343393531954887,0.9552648223898356,0.9423402736712436,0.9980075671100574,0.9600272653817621,48,50,48.0,96.0,500,0.0,0.0,24.243246639250422,8.593804610963547,1.1628561939026294,,,
R3,Stationary_AR,0.06593934491798992,0.28640249370700743,0.12328074165486558,0.5865118804198565,0.6284232887253826,None,56,,,500,0.0,0.0,0.0,0.0,5.0,0.5672478798964754,,
R4,Trending_MeanShift,0.999929639872797,0.9997185556925097,0.9999043075315359,0.9996168516071,0.0,None,250,,,500,,,0.0,0.0,0.7226070028586136,,250.0,
R1,Composite,0.9993610274356388,0.9934330734313666,0.9998427999590731,0.9983829644000541,0.7539896829381478,12,12,12.0,24.0,500,-0.35540666161725976,2.503664722938985e-05,21.787321305665486,2.7343815889163054,0.9996946200703541,,,
R2,Seasonal,0.6033677090673851,0.9885198102817164,0.6204087367379032,0.9961293281049619,0.6659819682335582,12,12,12.0,24.0,500,0.0,0.0,28.48085702646883,4.323838913129684,1.7226667750596703,,,
R3,Stationary_AR,0.07626409415291202,0.22973741640619838,0.1132982038481718,0.3086919516257898,0.4223202981423322,None,22,,,500,0.0,0.0,0.0,0.0,5.0,0.4034030463100189,,
R4,Trending_MeanShift,0.9998339740100008,0.9993358188411923,0.9835304618161382,0.9551369959101207,0.0,None,250,,,500,,,0.0,0.0,1.4352706672834676,,250.0,
R1,Composite,0.9984075263363367,0.9446951820273625,0.9999141511686012,0.9966598813776701,0.9462314699965683,48,50,48.0,96.0,500,0.3254044238613444,4.789721424448129e-05,11.765720687696327,4.709894623808663,0.6699051165797911,,,
R2,Seasonal,0.607483559638782,0.9714225255120447,0.948780155078557,0.9990267088979582,0.9691526998551062,48,50,48.0,96.0,500,0.0,0.0,23.678396337883655,6.321655195582633,0.6935542909768524,,,
R3,Stationary_WN,0.2750322558963927,0.1349422279175968,0.5689205354998033,0.18375940384173872,0.2820213355304204,None,2,,,500,0.0,0.0,0.0,0.0,14.88188775645549,,,
R4,Trending_MeanShift,0.9998607663075598,0.9994431204447942,0.9997725572241513,0.9990969972936016,0.0,None,250,,,500,,,0.0,0.0,1.3883114034271007,,250.0,
R1,Composite,0.9847395052238184,0.9838892514202485,0.9985291834569214,0.9984742430541034,0.906421390634166,24,24,24.0,48.0,500,-0.11337647561927154,-1.519425351365298e-05,24.070722363399916,5.337964850418338,0.9744445630549217,,,
R2,Seasonal,0.7076768137777957,0.9273188768500804,0.9814162516354522,0.9988816008503855,0.9855016510358985,24,24,24.0,48.0,500,0.0,0.0,16.46438479362312,8.618933725473514,0.604220259584114,,,
R3,Stationary_AR,0.16766537580791108,0.27915238715742485,0.21107064930876673,0.47331205382220454,0.5008713986068911,None,18,,,500,0.0,0.0,0.0,0.0,5.0,0.4132567947520835,,
R4,Trending_RandomWalkDrift,0.992285112131018,0.20409758647475595,0.9991535348425518,0.6963923689926206,0.8934171772835455,None,24,,,500,,,0.0,0.0,0.8385799471460188,,,-0.1661182110049707
R1,Composite,0.9967780934572248,0.92335344234795,0.9995027651070006,0.986469161538028,0.846732073705722,48,50,48.0,96.0,500,-0.2938717399541865,-4.905012126815764e-05,12.56885445094392,5.176564069777648,1.440419411786607,,,
R2,Seasonal,0.6791301826295808,0.9176768825720558,0.9890251946787817,0.999141045176844,0.9909948901643536,48,50,48.0,96.0,500,0.0,0.0,21.15627554375598,11.154832585303033,0.5907095783035899,,,
R3,Stationary_AR,0.06332307395781189,0.260369455487641,0.10216101424328106,0.5012940833004811,0.5660598641336047,None,33,,,500,0.0,0.0,0.0,0.0,5.0,0.4224758259745667,,
R4,Trending_ExponentialGrowth,0.9885538098213082,0.14588843774232896,0.9925887503445787,0.34081272236284144,0.34974470811920244,None,24,,,500,,,0.0,0.0,0.9295720513641519,,,
R1,Composite,0.9970928542590309,0.9902515345437717,0.9994100018533397,0.9980163170511258,0.7980584658273188,36,36,36.0,72.0,500,0.1485840751476762,4.820324032286454e-05,19.242366566736948,2.8852344284156324,0.8583606463645426,,,
R2,Seasonal,0.4932029113599218,0.9622941846802311,0.4796373664856227,0.9888259435435065,0.7167385772115292,36,36,36.0,72.0,500,0.0,0.0,17.827685394039975,4.776279661947703,1.9879851499589942,,,
R3,Stationary_WN,0.06768324030624717,0.27132241703291315,0.18427847339806214,0.3439566567960497,0.2683656801018627,None,11,,,500,0.0,0.0,0.0,0.0,9.084313969471413,,,
R4,Trending_RandomWalkDrift,0.9971376598898435,0.2355839752404254,0.9996542923570749,0.8208638461401517,0.8813925455547456,None,24,,,500,,,0.0,0.0,0.8953624781025885,,,0.3286806209066589
R1,Composite,0.9966338591165008,0.9548255753240159,0.9999339137986423,0.9990838875086946,0.9805205410582554,12,12,12.0,24.0,500,-0.31787361230527544,-1.0324765173030582e-05,17.70334167118303,7.6483067870312915,0.6071342991708063,,,
R2,Seasonal,0.7416963447105975,0.8861737033128534,0.962345143602408,0.9950107646754823,0.9606483069456487,12,12,12.0,24.0,500,0.0,0.0,13.194880659053151,9.419823707040491,1.0023430121926833,,,
R3,Stationary_WN,0.15480565450968897,0.24108519922194427,0.24606912390866165,0.34532393404082895,0.2092806183483764,None,6,,,500,0.0,0.0,0.0,0.0,9.75247095144928,,,
R4,Trending_ExponentialGrowth,0.9996735853236524,0.09535437310567807,0.9998362178701448,0.4053984383646373,0.4926417144226575,None,24,,,500,,,0.0,0.0,0.618634533998925,,,
R1,Composite,0.9982259921685901,0.958150111520103,0.9999278544632565,0.9981134764346835,0.959462482700445,48,50,48.0,96.0,500,0.3914229518693617,-3.446796247727611e-05,15.495644232142563,5.310724000082229,0.6344596203983874,,,
R2,Seasonal,0.6374925366353129,0.9614667635647286,0.9494971293344199,0.998507807186487,0.9652657765959003,48,50,48.0,96.0,500,0.0,0.0,28.460275542901584,9.364321357327299,1.0436782577508814,,,
R3,Stationary_WN,0.14375510250746093,0.1805701917755531,0.21495344099167568,0.27752709957496047,0.28799588782835517,None,5,,,500,0.0,0.0,0.0,0.0,8.315011527026368,,,
R4,Trending_MeanShift,0.9999269317738742,0.9997092536221182,0.9999394293192635,0.9997570911612029,0.1686512351871391,None,250,,,500,,,0.0,0.0,1.439270193552506,,250.0,
R1,Composite,0.9597014761896854,0.9749778886815074,0.9964831810508111,0.9980298947907691,0.922748709577018,12,12,12.0,24.0,500,0.11361136348183061,-4.9572240675751836e-05,24.570623561255143,7.497537525118916,1.1054972410206871,,,
R2,Seasonal,0.7528165666273178,0.8895512286475635,0.9881289476990267,0.9983950647170123,0.9869296197263036,12,12,12.0,24.0,500,0.0,0.0,12.936286526966663,9.172301060587555,0.5342641281200021,,,
R3,Stationary_AR,0.13574724406455718,0.21486959297764296,0.18922890705948758,0.4458554286228249,0.5359585051915254,None,28,,,500,0.0,0.0,0.0,0.0,5.0,0.47907081969515486,,
R4,Trending_MeanShift,0.999960167185258,0.9998407769043214,0.9998782238897048,0.9995158172783056,0.0,None,250,,,500,,,0.0,0.0,0.5682637444857636,,250.0,
R1,Composite,0.9938008405195752,0.9784384207489779,0.998249829742336,0.9939726781921072,0.7211136129403696,12,12,12.0,24.0,500,-0.1420961124363681,2.5772196994356134e-05,14.190057957546582,3.192091825172131,1.1319837489435562,,,
R2,Seasonal,0.7402230768392518,0.9942310795783713,0.9521719230232335,0.9997092916902667,0.9496801754627072,12,12,12.0,24.0,500,0.0,0.0,27.485725611425448,4.030612808236821,0.5143638869367456,,,
R3,Stationary_AR,0.14024324383157427,0.1376075904139452,0.19559866969034734,0.3957352469904206,0.6341581577706715,None,24,,,500,0.0,0.0,0.0,0.0,5.0,0.591965816274693,,
R4,Trending_RandomWalkDrift,0.9693256951130739,0.26702305559249995,0.9990394151353185,0.9783285043583849,0.9709422097239426,None,125,,,500,,,0.0,0.0,1.4101876063144476,,,0.2516034876626368
R1,Composite,0.9959404441453579,0.9442278245820749,0.998438954101057,0.9778660471261313,0.6164154459640285,24,24,24.0,48.0,500,-0.14495657127212125,-3.3799246907690785e-05,8.545045792398886,2.258993481174692,1.4734748534338138,,,
R2,Seasonal,0.6862902039959633,0.9541210915297094,0.9103563410838578,0.9968699005625822,0.9336322121846634,24,24,24.0,48.0,500,0.0,0.0,17.907199785253994,7.016634328848802,1.095040280703175,,,
R3,Stationary_AR,0.16114372694362267,0.30937431806280946,0.24327548596959847,0.48937419864632925,0.5432227781858597,None,26,,,500,0.0,0.0,0.0,0.0,5.0,0.5409187035682506,,
R4,Trending_MeanShift,0.9999522534170786,0.9998094015425146,0.9994388924209175,0.9976750243376499,0.0,None,250,,,500,,,0.0,0.0,1.1126253109544206,,250.0,
R1,Composite,0.998970331960102,0.9655244988176642,0.9999490028514245,0.9981045438375064,0.9505713561596447,48,50,48.0,96.0,500,-0.36943522648033045,-2.305455667778245e-05,13.131310996369464,3.8204050968999668,0.5969369847027138,,,
R2,Seasonal,0.6810876399017727,0.8613966413353068,0.9740935246141612,0.9962965486378083,0.9782615657280297,48,50,48.0,96.0,500,0.0,0.0,16.551537059212258,11.547994719936863,0.9890296644950022,,,
R3,Stationary_AR,0.10349327311173162,0.25198285243844043,0.2156581331188927,0.4826248906728088,0.5876744359923971,None,18,,,500,0.0,0.0,0.0,0.0,5.0,0.40431473022255776,,
R4,Trending_RandomWalkDrift,0.9839686124097692,0.959645949788632,0.8346278342846442,0.6461131107792202,0.0,None,250,,,500,,,0.0,0.0,1.4500730217936744,,,-0.18751114918865985
R1,Composite,0.9963459241151964,0.9597123226589446,0.9997243206432675,0.996883922148707,0.9254785835306025,12,12,12.0,24.0,500,0.31205915556575037,-4.5207303311133394e-05,17.439573007334594,6.803749636365428,1.142752451397112,,,
R2,Seasonal,0.718210415102487,0.9250517138125647,0.9048717328159399,0.9926831554403944,0.9087347251688878,12,12,12.0,24.0,500,0.0,0.0,20.160719452782104,10.653344140169065,1.8869093519093636,,,
R3,Stationary_AR,0.30311156614983537,0.3309696884333252,0.3525568402366892,0.560071456426153,0.604905814362525,None,17,,,500,0.0,0.0,0.0,0.0,5.0,0.6375361041605001,,
R4,Trending_MeanShift,0.9999793952462221,0.9999177049085641,0.999978660378347,0.999915046809995,0.0,None,250,,,500,,,0.0,0.0,0.5239700902224688,,250.0,
R1,Composite,0.9913616330360085,0.9464183109865271,0.9997748982482734,0.9984527627162321,0.974387106059971,48,50,48.0,96.0,500,0.2232246401673661,2.019226125896806e-05,19.050217521433794,7.659124027274839,0.7860534510507636,,,
R2,Seasonal,0.6540963054833251,0.923944984595105,0.942635584628543,0.996289080332443,0.9577653027154154,48,50,48.0,96.0,500,0.0,0.0,23.262154657028894,11.16800918767931,1.5534496236415616,,,
R3,Stationary_WN,0.24376296682334953,0.16056086278438764,0.42455892955030017,0.22643742217963125,0.3122329261742146,None,3,,,500,0.0,0.0,0.0,0.0,11.221007153417418,,,
R4,Trending_RandomWalkDrift,0.9990631207751298,0.2524387398709794,0.9998500180438591,0.7135269626364545,0.8410461652713599,None,24,,,500,,,0.0,0.0,0.970982656641192,,,-0.49670696075730014
R1,Composite,0.9980644576467462,0.9911597117445181,0.9996404843402801,0.9983576847652874,0.8144224432398901,36,36,36.0,72.0,500,-0.2644609320757914,1.1838689383780575e-05,24.65641148332026,3.7602771670891375,1.0513342281954312,,,
R2,Seasonal,0.7008052728356118,0.882686446103644,0.9336029832551155,0.9929909918981431,0.9469684171397712,36,36,36.0,72.0,500,0.0,0.0,18.125015389869688,11.92848805791624,1.6949065327130963,,,
R3,Stationary_WN,0.05585891195448489,0.17583361846924406,0.15359607927752994,0.35603733734620846,0.3512883750597614,None,14,,,500,0.0,0.0,0.0,0.0,5.959610111607402,,,
R4,Trending_RandomWalkDrift,0.9903428538001082,0.7496178668752704,0.760838927306138,0.36658137248215794,0.0,None,167,,,500,,,0.0,0.0,0.5139512462197653,,,0.40182248130060794
R1,Composite,0.9974671838093646,0.9691603890316173,0.9996288595096189,0.9954192707600308,0.8547945098174947,12,12,12.0,24.0,500,0.37698885254134806,-4.751054935328353e-05,20.183204551266783,6.481053209537053,1.4025762315605192,,,
R2,Seasonal,0.7293920551042885,0.954851263850414,0.9209588079201396,0.9962107548700856,0.919440893464084,12,12,12.0,24.0,500,0.0,0.0,23.730866658820013,9.857471085914476,1.540195256174179,,,
R3,Stationary_AR,0.2589260038659964,0.2951031579008464,0.36032543412299833,0.5323304310233123,0.6598166272446737,None,16,,,500,0.0,0.0,0.0,0.0,5.0,0.5777462722734613,,
R4,Trending_MeanShift,0.999968853466021,0.9998755278068073,0.999857886833643,0.9994217169194204,0.0,None,250,,,500,,,0.0,0.0,0.7363231872237004,,250.0,
R1,Composite,0.9865713102244194,0.97861520427933,0.9996095974049306,0.9993322139393768,0.9716417562240691,48,50,48.0,96.0,500,-0.1693209604792073,2.721275997409428e-05,24.71162882895809,5.481034772302773,0.6245194523696919,,,
R2,Seasonal,0.5719706472190234,0.9583325205391967,0.8009819947299592,0.9942410823835173,0.8770698624737765,48,50,48.0,96.0,500,0.0,0.0,24.454196803699624,7.454753171139914,1.7078406749503294,,,
R3,Stationary_AR,0.143057661076619,0.28928451506857344,0.3310261983843156,0.5825779088475604,0.6749457741138718,None,28,,,500,0.0,0.0,0.0,0.0,5.0,0.5478245503758129,,
R4,Trending_RandomWalkDrift,0.9985672626236124,0.8473426356382613,0.9926925287186912,0.645785078203605,0.0,None,250,,,500,,,0.0,0.0,0.9085729504518899,,,-0.4489216624317778
R1,Composite,0.9954920181564456,0.9494592929066785,0.9997883581320819,0.9975635512771046,0.9535409011532971,12,12,12.0,24.0,500,-0.20141718210599652,4.032709279530795e-05,10.822171918424454,4.882822468377652,0.6083460270124612,,,
R2,Seasonal,0.7395976004320213,0.9516056072192209,0.945041527788655,0.9970552785786445,0.9417410619276707,12,12,12.0,24.0,500,0.0,0.0,27.83078342146138,11.966528505689736,1.570844773112157,,,
R3,Stationary_AR,0.008979648040908339,0.23701537382699034,0.016428871408713297,0.6513894136635543,0.6121892853782965,None,125,,,500,0.0,0.0,0.0,0.0,5.0,0.4104454864104066,,
R4,Trending_MeanShift,0.9999083070651632,0.9996333896553748,0.999849925481264,0.9993896333548189,0.0,None,250,,,500,,,0.0,0.0,1.2968406474125809,,250.0,
R1,Composite,0.9983410237628338,0.9856829789281203,0.9998389607674476,0.9986046451826012,0.9031911075752128,12,12,12.0,24.0,500,-0.2742323343746545,4.864257808991651e-05,17.315086380892176,3.8770219518954256,0.6753665915365946,,,
R2,Seasonal,0.7353794062341472,0.9289654596869297,0.9318119875759988,0.9944893128932206,0.926957366048236,12,12,12.0,24.0,500,0.0,0.0,22.49639125022656,11.853807194468942,1.7997920870604642,,,
R3,Stationary_AR,0.08958215431091499,0.5283712059619152,0.0,0.12897533588252652,0.0,None,167,,,500,0.0,0.0,0.0,0.0,5.0,0.5263670996623271,,
R4,Trending_RandomWalkDrift,0.9860388461403726,0.6307483267604325,0.7200199597799191,0.15796092131111594,0.0,None,167,,,500,,,0.0,0.0,0.5533669879222259,,,0.3049939196291922
R1,Composite,0.9959155082865612,0.9440492446106782,0.9993222721448208,0.9903818201802005,0.8352746161853862,12,12,12.0,24.0,500,-0.2256482497395009,-1.9883220154969893e-05,12.713804164829497,5.350663914853063,1.2471176303811335,,,
R2,Seasonal,0.03732591511457539,0.994562645610922,0.0680644935774557,0.9961450042792318,0.2841593742667785,12,24,12.0,24.0,500,0.0,0.0,11.475775814873925,10.908927893348586,0.9792862482630686,,,
R3,Stationary_WN,0.10912320826419442,0.26278333249343644,0.20047587805750655,0.40343905333571595,0.3371541869753093,None,12,,,500,0.0,0.0,0.0,0.0,9.711389923328081,,,
R4,Trending_RandomWalkDrift,0.9955765916115702,0.21465366885632897,0.9996098489035192,0.7483846118616906,0.9129774551658335,None,24,,,500,,,0.0,0.0,1.353196539936123,,,0.2925958764581237
R1,Composite,0.9788241709704829,0.9658667022041193,0.9993040370149088,0.9989072900302067,0.9687598989544722,24,24,24.0,48.0,500,-0.11519985207891165,-4.077920049642129e-05,21.89043542625835,7.614751732553017,0.7706211599310129,,,
R2,Seasonal,0.6327276349784153,0.9724012502867851,0.745443924437847,0.9951639167049076,0.8264251975082796,24,24,24.0,48.0,500,0.0,0.0,23.663200017077752,6.492265200091792,1.7079099308727363,,,
R3,Stationary_AR,0.11795565140679731,0.25343242570334656,0.21426615412283334,0.4722175425324736,0.5407332132859979,None,16,,,500,0.0,0.0,0.0,0.0,5.0,0.4055917880443339,,
R4,Trending_MeanShift,0.9998759026383781,0.9995107034790743,0.9393392658400894,0.8947206842187113,0.0,None,250,,,500,,,0.0,0.0,0.9193931122991552,,250.0,
R1,Composite,0.9956934859547149,0.9762615494641521,0.9984388657750999,0.9913417394948554,0.6411081112366319,36,36,36.0,72.0,500,0.1587182403854702,-2.2117045759502902e-05,12.523200798101769,2.4301825915496753,1.155096142852296,,,
R2,Seasonal,0.6638895445070634,0.8913447071308678,0.8397547772991929,0.9859407049940783,0.8847333902453024,36,36,36.0,72.0,500,0.0,0.0,13.061159622962668,8.03261336428565,1.6890697429279893,,,
R3,Stationary_AR,0.008391459193692441,0.7897381138649564,0.0,0.34306255334579716,0.0,None,250,,,500,0.0,0.0,0.0,0.0,5.0,0.4323224792221686,,
R4,Trending_MeanShift,0.9997881879711592,0.9991558462437028,0.9985447849468714,0.9939218014003504,0.0,None,250,,,500,,,0.0,0.0,1.22119994790539,,250.0,
R1,Composite,0.9937283751364637,0.9144816021318111,0.9988084755689934,0.9827665388253283,0.8122346659324884,36,36,36.0,72.0,500,-0.15086582192679662,-1.8333130765354405e-05,8.453132593003147,4.040228541612608,1.2037751517067323,,,
R2,Seasonal,0.6885803244630011,0.9472925452403838,0.8806232976324694,0.9947267595589389,0.9045755790966027,36,36,36.0,72.0,500,0.0,0.0,26.382982445827775,11.1968232380828,1.9107334834852174,,,
R3,Stationary_WN,0.14358452472135164,0.07192689900207827,0.4761223231510664,0.08942494376239585,0.1757068731415118,None,2,,,500,0.0,0.0,0.0,0.0,14.675296468677894,,,
R4,Trending_MeanShift,0.9999768058342894,0.9999070740797946,0.9999712425732314,0.9998845448299931,0.0,None,250,,,500,,,0.0,0.0,0.8258250861079866,,250.0,
R1,Composite,0.9986508458704277,0.9926133447346919,0.9998563115969022,0.9992160911806391,0.8940843516563958,24,24,24.0,48.0,500,0.24245918562877344,4.354198202095834e-05,22.98617878520544,3.359707068013712,0.6588518323332032,,,
R2,Seasonal,0.5673224213353959,0.966281723797857,0.6064111282482669,0.9921386558393978,0.7675034004619244,24,24,24.0,48.0,500,0.0,0.0,17.337376658518053,4.413925769639248,1.5813075138431305,,,
R3,Stationary_AR,0.25462078967838897,0.29934716609713574,0.41313912612532666,0.4603069910846783,0.6236607078798316,None,15,,,500,0.0,0.0,0.0,0.0,5.0,0.6130849409743824,,
R4,Trending_MeanShift,0.999995006825263,0.9999800646280116,0.9999791435955846,0.9999164951219857,0.0,None,250,,,500,,,0.0,0.0,0.5351843523151458,,250.0,
R1,Composite,0.994168304382419,0.9475295097200971,0.9993777328175502,0.9937562105866025,0.8944266111847128,48,50,48.0,96.0,500,0.246381738959463,-4.6093488109794934e-05,14.979199800263556,5.539429485891896,1.1836763903278138,,,
R2,Seasonal,0.6521693564981985,0.8756747296757553,0.9143673963854004,0.9904707245479732,0.9357873858870716,48,50,48.0,96.0,500,0.0,0.0,10.254914178300481,6.6567467336005395,1.2022965422400023,,,
R3,Stationary_AR,0.19826070989823086,0.2353339370713966,0.26330368296685513,0.48643339225530347,0.6630491904802926,None,24,,,500,0.0,0.0,0.0,0.0,5.0,0.671584496879341,,
R4,Trending_MeanShift,0.9999797665402804,0.9999191730068541,0.9999758419511365,0.9999036731121911,0.0,None,250,,,500,,,0.0,0.0,0.9269281834623259,,250.0,
R1,Composite,0.9923572898707724,0.9473726746970279,0.9993904058985517,0.9953558998335104,0.9214589150051533,48,50,48.0,96.0,500,-0.25303265409272047,3.5962160128699667e-05,17.734731954589215,6.664437026812523,1.3036234415420047,,,
R2,Seasonal,0.6694326764284535,0.927354220457598,0.974430721056404,0.9983232589085533,0.9798843237376363,48,50,48.0,96.0,500,0.0,0.0,22.016744989882366,10.537557039825119,1.1218865058384688,,,
R3,Stationary_WN,0.19404004897658866,0.24120168289509136,0.3534984893745514,0.3156332705298096,0.23359155231188944,None,4,,,500,0.0,0.0,0.0,0.0,9.21548504656211,,,
R4,Trending_RandomWalkDrift,0.9941699460696853,0.08648829449863393,0.9995182958054535,0.8187521860806912,0.916034367590301,None,24,,,500,,,0.0,0.0,1.0703555567163716,,,-0.1467719178901936
R1,Composite,0.9938380711347693,0.9749696009137798,0.9996820503694763,0.9987066805892546,0.9489955612735621,24,24,24.0,48.0,500,-0.20366853745886104,3.1752519644562356e-05,18.807499400230355,5.457588618420226,0.7719299726430248,,,
R2,Seasonal,0.6556391406574407,0.9464190917909672,0.8217876018121776,0.9929111081341897,0.8723150438044779,24,24,24.0,48.0,500,0.0,0.0,12.09289009967125,4.81754922349949,1.222087142041739,,,
R3,Stationary_AR,0.1372820797151323,0.27540518809064873,0.3171212428731347,0.4904932252147908,0.6079679419692304,None,62,,,500,0.0,0.0,0.0,0.0,5.0,0.6429150518474076,,
R4,Trending_ExponentialGrowth,0.9950722430178705,0.2100219445964483,0.9966281875015909,0.3600488898464187,0.31304216386752937,None,24,,,500,,,0.0,0.0,1.38988902657441,,,
R1,Composite,0.9966854257509844,0.9801198288006704,0.9992119550886288,0.9952969759677524,0.7641966160836237,12,12,12.0,24.0,500,-0.24571252137886626,-1.0587524627461896e-05,20.941044860311504,4.656158242303346,1.45374642089323,,,
R2,Seasonal,0.7454236366674641,0.8813320485200832,0.9724532826840762,0.996174376817866,0.971256813682952,12,12,12.0,24.0,500,0.0,0.0,11.977756369277014,8.62914745144388,0.8455201835897737,,,
R3,Stationary_WN,0.20159346468965444,0.14674248372248966,0.44084600413115504,0.19383559366675873,0.26931101479634645,None,3,,,500,0.0,0.0,0.0,0.0,9.865875890000897,,,
R4,Trending_ExponentialGrowth,0.9975951808220724,0.1711160879139877,0.9982333069920385,0.2650413058477178,0.25728030359405785,None,24,,,500,,,0.0,0.0,0.9404875133349594,,,
R1,Composite,0.9996001790574972,0.9954311015032837,0.9999508558353496,0.999440072918003,0.8772877358985225,24,24,24.0,48.0,500,0.39341560857537317,-4.3756651070182494e-05,22.342642216375612,2.3902107691328043,0.5440804512864114,,,
R2,Seasonal,0.6986011238109242,0.9859466688981043,0.9472116300304718,0.9994459382026942,0.9608037466182743,24,24,24.0,48.0,500,0.0,0.0,23.612119313913915,5.060374648264155,0.5468537749785387,,,
R3,Stationary_AR,0.0766596231115173,0.2178426562934701,0.15157175825730018,0.41510113667884796,0.5202137071555726,None,38,,,500,0.0,0.0,0.0,0.0,5.0,0.4166060292406938,,
R4,Trending_ExponentialGrowth,0.997003169624008,0.2535762978604571,0.9979361376598386,0.34995353127284745,0.30877009564073465,None,24,,,500,,,0.0,0.0,1.3341192484348845,,,
R1,Composite,0.9954126739537434,0.9625562439047437,0.9994843528710777,0.9957206040921965,0.8885418624139946,12,12,12.0,24.0,500,-0.1808119435347942,-1.1839637222215235e-05,13.199612549684518,4.818455005377468,0.8877939487854212,,,
R2,Seasonal,0.7464816367316989,0.9731331843942672,0.9658512354595105,0.9989819927136298,0.962886927550903,12,12,12.0,24.0,500,0.0,0.0,27.946777533648838,9.144461812129414,0.9210790983717594,,,
R3,Stationary_WN,0.07917412872338858,0.13030351115482486,0.4286950427974151,0.18774266142066776,0.29886834021851005,None,3,,,500,0.0,0.0,0.0,0.0,7.545512828981407,,,
R4,Trending_ExponentialGrowth,0.9841064828827731,0.24717124543166336,0.990067992456806,0.4070503268539958,0.37521870382945055,None,24,,,500,,,0.0,0.0,1.139641379898173,,,
R1,Composite,0.9950191424105937,0.9773572401629661,0.9991632268125427,0.9961896784739089,0.8337142019485942,12,12,12.0,24.0,500,-0.19530835244610462,-1.5496806708438398e-05,19.415441430659982,5.089864697538395,1.3544723045766052,,,
R2,Seasonal,0.11424885570948029,0.9858442070013839,0.16879293862513833,0.9904677121019109,0.33555096075516966,12,24,12.0,24.0,500,0.0,0.0,10.452000054988028,10.494248935458263,1.5277958559343234,,,
R3,Stationary_WN,0.21842110070053267,0.18716758642965436,0.476743785680131,0.2835534067763078,0.3664305245347236,None,3,,,500,0.0,0.0,0.0,0.0,6.67093870054758,,,
R4,Trending_MeanShift,0.9998432704427899,0.9993794632502765,0.9998490990003109,0.999400570038712,0.03539781331798153,None,250,,,500,,,0.0,0.0,1.2201843625826259,,250.0,
R1,Composite,0.9991160689271043,0.9166479671934885,0.9998450031566677,0.9845406886829889,0.8248303416485256,12,12,12.0,24.0,500,-0.3886611843805218,-4.5701744992440285e-05,8.319504560094824,4.309061587097761,1.0775722545601656,,,
R2,Seasonal,0.724306123660555,0.8997421120424173,0.8991252826401366,0.9884837448631355,0.8945078412821973,12,12,12.0,24.0,500,0.0,0.0,13.879843180070338,8.53841766362748,1.720339386288454,,,
R3,Stationary_AR,0.07962159914218936,0.24941390583133372,0.1477377163966136,0.5419527015334241,0.601839359881136,None,45,,,500,0.0,0.0,0.0,0.0,5.0,0.5462629551175959,,
R4,Trending_MeanShift,0.9999896115473694,0.9999583771873283,0.9999746937220128,0.9998990043299253,0.0,None,250,,,500,,,0.0,0.0,0.645897372583489,,250.0,
R1,Composite,0.9969709323796717,0.9875062606328854,0.9986616199833862,0.9945185016470292,0.5580161910026306,24,24,24.0,48.0,500,-0.2264501592122496,1.4275095800480014e-05,21.81083145839232,2.0238053253171033,1.4942650380118223,,,
R2,Seasonal,0.6682243128305448,0.9888812815345644,0.8556334075001317,0.9988249259869876,0.8948562137562737,24,24,24.0,48.0,500,0.0,0.0,26.178326643796975,4.70607506107655,0.9734440055896707,,,
R3,Stationary_AR,0.007416425171212326,0.2583234122527055,0.02013927823990247,0.6905329018737312,0.6485094580895105,None,125,,,500,0.0,0.0,0.0,0.0,5.0,0.5012560909314564,,
R4,Trending_ExponentialGrowth,0.9867684525775545,0.27225076292333017,0.9904708289885319,0.4116444895330187,0.2760072913305751,None,24,,,500,,,0.0,0.0,1.2254330822577644,,,
R1,Composite,0.9982521775667152,0.9784710127502728,0.9999138502656009,0.9989235965471861,0.9508782449180869,12,12,12.0,24.0,500,-0.32477316951622304,-4.8706810168200625e-05,20.131121132232508,5.833380167793274,0.6846556977510377,,,
R2,Seasonal,0.7204858896961179,0.8821733500049241,0.8980890476351417,0.9867730227343675,0.8986618862284029,12,12,12.0,24.0,500,0.0,0.0,15.514109699253634,10.408684656305697,1.9333737812010914,,,
R3,Stationary_WN,0.27920530474913297,0.2162358831194573,0.5200981051117024,0.2700527797481832,0.25974373247598626,None,2,,,500,0.0,0.0,0.0,0.0,6.71921479118454,,,
R4,Trending_ExponentialGrowth,0.9989038728240328,0.20048722325532242,0.99932564086446,0.33922759465010843,0.38003878178282946,None,24,,,500,,,0.0,0.0,0.895174812144682,,,
R1,Composite,0.9963732185307475,0.9924370367288368,0.9985683553269816,0.9969956406853332,0.6071104900409119,36,36,36.0,72.0,500,-0.18317231620692503,2.5724018493575133e-05,24.142667328762606,2.2289270505933025,1.3204391868230227,,,
R2,Seasonal,0.6607990094721409,0.9464899415472448,0.821901129752387,0.9928506533073406,0.8719397820552329,36,36,36.0,72.0,500,0.0,0.0,16.612234308158754,6.555915400173442,1.6144666326714214,,,
R3,Stationary_WN,0.13128158534607826,0.1490989890785066,0.3510087437332552,0.26971929691614593,0.30939721993589986,None,4,,,500,0.0,0.0,0.0,0.0,13.371804939727701,,,
R4,Trending_RandomWalkDrift,0.9919968088763712,0.09285765711153893,0.9989623495837874,0.6814822111343541,0.8731174555078233,None,24,,,500,,,0.0,0.0,0.6278864136945191,,,0.13134042611025154
R1,Composite,0.9704593412554712,0.9600944086522543,0.9980572809303955,0.9972313853544141,0.938103556172519,48,50,48.0,96.0,500,0.15022732666694733,-4.40785188738207e-05,23.63108723307205,7.349218791570281,1.238004875847777,,,
R2,Seasonal,0.6525932053230201,0.9295004229427228,0.935610501305003,0.9960213391100002,0.950806646181205,48,50,48.0,96.0,500,0.0,0.0,19.511185353775687,9.16759968532261,1.3364275062981226,,,
R3,Stationary_AR,0.0037420170617692428,0.32456500496674434,0.03670992953675156,0.5188207312826606,0.5165632664104534,None,50,,,500,0.0,0.0,0.0,0.0,5.0,0.47145248816609264,,
R4,Trending_RandomWalkDrift,0.9962681792465669,0.25845513974748546,0.9994948282401387,0.6892851293863285,0.8651145197820014,None,24,,,500,,,0.0,0.0,1.1750947047130194,,,0.15302927771300334
R1,Composite,0.995254498263798,0.9765236783414973,0.9997332674041656,0.9985638189205833,0.9443427635995265,48,50,48.0,96.0,500,-0.19462772913370038,3.977648001083934e-05,15.73039965928624,3.6781474332356536,0.5398418543079798,,,
R2,Seasonal,0.44202502259080934,0.956451871385669,0.5951017071991777,0.9903931012998197,0.807946229558722,48,50,48.0,96.0,500,0.0,0.0,19.551923866404557,5.0032983450908395,1.6672395316584059,,,
R3,Stationary_WN,0.2132591968505756,0.1969951392253526,0.3860741113649899,0.3160497830126905,0.32006559337599194,None,4,,,500,0.0,0.0,0.0,0.0,9.0198896156406,,,
R4,Trending_RandomWalkDrift,0.9958886244781295,0.0689698104276133,0.9995588734546352,0.5860493032083296,0.8935824962402984,None,24,,,500,,,0.0,0.0,0.5021807071278728,,,0.41769010277917773
R1,Composite,0.9925541417116445,0.9026908501288742,0.9982520922842745,0.973089269157859,0.7657811804239278,48,50,48.0,96.0,500,0.1609655116212004,-1.7179136839685622e-05,8.22611027661318,3.56102226724672,1.277976708017666,,,
R2,Seasonal,0.4900053638039371,0.9709597371330724,0.6353686697429886,0.9935455281420112,0.8009808227495647,48,50,48.0,96.0,500,0.0,0.0,24.593967889447235,5.248279274121916,1.9733250071569153,,,
R3,Stationary_WN,0.25297079300503644,0.14998129702737195,0.4519446476318535,0.19070012576342799,0.22372596604586115,None,2,,,500,0.0,0.0,0.0,0.0,14.349739136937515,,,
R4,Trending_MeanShift,0.9998767767389617,0.9995053603601752,0.9996291849024679,0.9985237568246501,0.0,None,250,,,500,,,0.0,0.0,1.2382531335959088,,250.0,
R1,Composite,0.9957426782385407,0.9284775744158583,0.9997915155635553,0.9962863169480678,0.9513823726138171,36,36,36.0,72.0,500,-0.32531362455834056,1.3669722932768893e-05,15.35786912418931,7.848567453579559,1.0580272799568902,,,
R2,Seasonal,0.7188462085927788,0.9818354576234424,0.9835415523891853,0.9997450681656462,0.9862275060827944,36,36,36.0,72.0,500,0.0,0.0,29.738687019227022,7.678857496191622,0.502541009690233,,,
R3,Stationary_WN,0.22143480833712392,0.1527672538532039,0.5418440856754649,0.21130746027401015,0.30127430184463466,None,2,,,500,0.0,0.0,0.0,0.0,11.238487737869319,,,
R4,Trending_ExponentialGrowth,0.9950348778837865,0.3217612639009685,0.996975318795796,0.4693274327650735,0.38880343930707895,None,24,,,500,,,0.0,0.0,0.6145560691171943,,,
R1,Composite,0.9972827602439207,0.9577277089864319,0.9999569949147006,0.9992584888345666,0.9842809329905021,48,50,48.0,96.0,500,-0.35148183042335135,-3.712923667890539e-05,18.518696884823154,6.566349676983529,0.5835158714297753,,,
R2,Seasonal,0.5646461593462435,0.9339659609948898,0.7636922448654961,0.9888743110443572,0.851663950762149,48,50,48.0,96.0,500,0.0,0.0,13.977672625547315,5.313501589309011,1.477343263697149,,,
R3,Stationary_WN,0.27315060184751794,0.11551258626042105,0.4833693821796694,0.1530596006975362,0.2521068325469441,None,2,,,500,0.0,0.0,0.0,0.0,13.657024064458353,,,
R4,Trending_MeanShift,0.9998678171147612,0.999475355042631,0.9991064649475027,0.9966989471715382,0.0,None,250,,,500,,,0.0,0.0,1.1163186761900388,,250.0,
R1,Composite,0.9958027153749983,0.967667862801337,0.9989646472308813,0.9910349930690494,0.7539671775354981,48,50,48.0,96.0,500,0.2136409316297717,4.454681934032209e-05,17.15744090470136,3.233259893647289,1.4848442148847878,,,
R2,Seasonal,0.0,0.9701251453276359,0.06709875852605363,0.9900349542434971,0.6833667772149032,48,100,48.0,96.0,500,0.0,0.0,13.000811409588344,10.131424961525806,1.3980646917789248,,,
R3,Stationary_AR,0.12695163227883555,0.27088053303146387,0.2844078380694308,0.46171134482663256,0.5841884739435493,None,19,,,500,0.0,0.0,0.0,0.0,5.0,0.6071330002173301,,
R4,Trending_MeanShift,0.9999668808070654,0.999867555671928,0.9997359564149599,0.9989624395318283,0.0,None,250,,,500,,,0.0,0.0,0.562937553232989,,250.0,
R1,Composite,0.9978388915763414,0.9670308970841967,0.9998841221769406,0.9980441821681147,0.946589360436895,48,50,48.0,96.0,500,-0.34542369359079517,3.697917274342406e-05,16.648097273388657,4.718192962592916,0.7484929583250591,,,
R2,Seasonal,0.6751118095149742,0.89477766449648,0.9694079181268653,0.9968722051569211,0.9748973533951749,48,50,48.0,96.0,500,0.0,0.0,18.046342442933053,10.776600311655212,1.0637649083085767,,,
R3,Stationary_WN,0.08223558717268364,0.15237871382429768,0.24996598647450252,0.31260902432308557,0.3630467702112149,None,8,,,500,0.0,0.0,0.0,0.0,8.92395007431284,,,
R4,Trending_MeanShift,0.9997733413158174,0.9991019122693136,0.9950452214611574,0.9780356683220257,0.0,None,250,,,500,,,0.0,0.0,1.398137121145285,,250.0,
R1,Composite,0.9975712581011431,0.9789572214874009,0.9999464978516153,0.9995307865976891,0.9781538951330168,36,36,36.0,72.0,500,0.3608162601981376,-4.061106753094402e-05,23.43577162055456,6.4629281523497415,0.5397339272028168,,,
R2,Seasonal,0.694428310399847,0.8768084159598253,0.9051895675537023,0.9895787306776882,0.924490771133967,36,36,36.0,72.0,500,0.0,0.0,16.001049770714072,10.801452310195224,1.8162267809139552,,,
R3,Stationary_AR,0.16354069228761936,0.2316292127068572,0.28722290749387547,0.36479779673225776,0.5212251193686377,None,19,,,500,0.0,0.0,0.0,0.0,5.0,0.47740892377363314,,
R4,Trending_RandomWalkDrift,0.9824412954121043,0.30312716163398257,0.9991118025595928,0.8675134547516311,0.9519499714178528,None,100,,,500,,,0.0,0.0,0.891298052613171,,,0.29406656790406993
R1,Composite,0.9974481917925013,0.8800905012778049,0.9997499537499951,0.9869890387126092,0.9027400928932607,12,12,12.0,24.0,500,0.33676338355964386,3.90867767454706e-05,9.907330692599507,6.857238818851456,1.199923060299826,,,
R2,Seasonal,0.7518739253240152,0.9552843286562563,0.9801250631356261,0.998982175550074,0.9781195809586394,12,12,12.0,24.0,500,0.0,0.0,25.98419471849666,11.138026097306483,0.8332491075669142,,,
R3,Stationary_AR,0.1234098157446335,0.3217275423508523,0.15776212750883645,0.4952866342022011,0.5318665380176787,None,31,,,500,0.0,0.0,0.0,0.0,5.0,0.5355695050445635,,
R4,Trending_RandomWalkDrift,0.9937059128590927,0.0979566736165911,0.9995911580705287,0.8099376680848298,0.9348820488349633,None,24,,,500,,,0.0,0.0,1.4906052011473458,,,0.21257994579821632
R1,Composite,0.9982748493803418,0.9777072439018586,0.9999291629433106,0.9990771970465591,0.9592069959025883,24,24,24.0,48.0,500,0.2979640623660897,-4.64854971770249e-05,15.417232279852117,4.245727681432242,0.5171002903470516,,,
R2,Seasonal,0.6976293999136244,0.957276997791033,0.9434823410701091,0.9980560111909634,0.9558200717162255,24,24,24.0,48.0,500,0.0,0.0,28.751095993330132,11.118388382831531,1.3326205249003282,,,
R3,Stationary_WN,0.19740704363699535,0.22056469262857947,0.2661868685488886,0.3540377795281229,0.42397905774325517,None,5,,,500,0.0,0.0,0.0,0.0,6.074274917893385,,,
R4,Trending_MeanShift,0.9999581263081175,0.9998328408988828,0.9996389961974969,0.9985243886990338,0.0,None,250,,,500,,,0.0,0.0,0.5798966472965913,,250.0,
R1,Composite,0.9922404479019609,0.9640636243754128,0.9978515382514325,0.9899478555832024,0.7255507209910541,24,24,24.0,48.0,500,-0.1322215289908059,-4.480854901870061e-05,14.301585263704638,3.9134482826118875,1.4647978944298967,,,
R2,Seasonal,0.6904114789505007,0.973105934069925,0.9253830030562846,0.9985007955741125,0.9452257565411385,24,24,24.0,48.0,500,0.0,0.0,17.595808151196707,5.2534706163723115,0.7871002054092909,,,
R3,Stationary_WN,0.16431414496254337,0.14963234904058564,0.36107764467733194,0.2778587167980193,0.37038518410907195,None,4,,,500,0.0,0.0,0.0,0.0,13.681950031130542,,,
R4,Trending_MeanShift,0.9999300961631812,0.9997205403922339,0.999905894154193,0.9996268754232328,0.0,None,250,,,500,,,0.0,0.0,1.26661765581638,,250.0,
R1,Composite,0.9977742580217821,0.9939798627119627,0.9994463581738267,0.9985108872049535,0.7522065563633127,12,12,12.0,24.0,500,0.13180583826282416,4.2040154514197936e-05,18.930378073385867,2.1241051536219846,0.7463110791497263,,,
R2,Seasonal,0.7051192746971099,0.9479255525209352,0.8573113200668643,0.9923557287412225,0.8587584300379383,12,12,12.0,24.0,500,0.0,0.0,11.877921338820887,4.854116803825787,1.1158178453073582,,,
R3,Stationary_WN,0.1980608905686434,0.1373123587210281,0.4315016130553283,0.21069814688913147,0.32662074113290795,None,3,,,500,0.0,0.0,0.0,0.0,10.063469475177962,,,
R4,Trending_MeanShift,0.9999595988841097,0.9998388146254374,0.9999382478799793,0.9997535732914344,0.0,None,250,,,500,,,0.0,0.0,1.307271300987252,,250.0,
R1,Composite,0.9747038487336228,0.8122046792501193,0.9973121765495694,0.9780840243637691,0.9004518273042263,24,24,24.0,48.0,500,0.14477221716333827,-4.5941707612695604e-05,8.2815471549264,6.956782948790709,1.4950213525232892,,,
R2,Seasonal,0.7089309242418742,0.8743012116801296,0.9832058368593276,0.99816902394308,0.9869401531802229,24,24,24.0,48.0,500,0.0,0.0,11.195563510817934,8.061920618808928,0.5449098896562896,,,
R3,Stationary_AR,0.10774652974796473,0.3243061039504348,0.144712332490189,0.5766478140082945,0.5591506977113856,None,31,,,500,0.0,0.0,0.0,0.0,5.0,0.5816041629965865,,
R4,Trending_MeanShift,0.9999737905415463,0.9998956555485624,0.9999648241020008,0.9998595040326582,0.0,None,250,,,500,,,0.0,0.0,0.8859256049030281,,250.0,
R1,Composite,0.9979504505253313,0.9738297095969202,0.999391953534208,0.9921243978164049,0.7033982854258143,24,24,24.0,48.0,500,-0.28653082869115454,-4.8193818196744404e-05,17.475667565059,3.4611286682854505,1.469022210216591,,,
R2,Seasonal,0.697560073918472,0.8675396172382693,0.9521157002119295,0.9944984831105721,0.9631943500435806,24,24,24.0,48.0,500,0.0,0.0,13.78793497434511,9.847771972219945,1.1030440685223093,,,
R3,Stationary_WN,0.09499978297369782,0.18379122396589387,0.192310070165295,0.36146757099414883,0.30474477464277183,None,7,,,500,0.0,0.0,0.0,0.0,9.37966265597144,,,
R4,Trending_RandomWalkDrift,0.9927478735780196,0.24881690429036862,0.9991464514041233,0.7475568217782139,0.8845799690487398,None,24,,,500,,,0.0,0.0,1.1469605847893947,,,-0.11233761466987105
R1,Composite,0.9990075045603511,0.9555106514345832,0.9997077178618895,0.9865046327025243,0.7059014564901414,12,12,12.0,24.0,500,0.307092291622887,2.20063154606671e-05,9.429936736587761,2.797600504237725,1.1259866884652683,,,
R2,Seasonal,0.72337236637034,0.948642444635579,0.8997708267729504,0.994384941619181,0.8948847627219781,12,12,12.0,24.0,500,0.0,0.0,13.532973032016159,5.822685362502956,1.0720960735203406,,,
R3,Stationary_AR,0.05472240356768576,0.28150520779198007,0.06659105720346514,0.5252814743552803,0.5815070649726211,None,83,,,500,0.0,0.0,0.0,0.0,5.0,0.6227869588540031,,
R4,Trending_MeanShift,0.9998081756352781,0.999237825372742,0.9997911128753171,0.9991742855867461,0.0,None,250,,,500,,,0.0,0.0,1.4586951515824953,,250.0,
R1,Composite,0.9986589295304238,0.9275536251675647,0.999856644499513,0.9911589673900615,0.8934521689361051,48,50,48.0,96.0,500,-0.3919257478073498,-4.675701970307392e-05,10.995049577409256,4.854879239722621,1.1606051047304433,,,
R2,Seasonal,0.616521516107235,0.9550841632421532,0.9192353742687689,0.9973345700234086,0.9472418690460795,48,50,48.0,96.0,500,0.0,0.0,28.20374494956205,9.719103461464623,1.4770711297784178,,,
R3,Stationary_WN,0.2746124805752269,0.12084008286132342,0.5313616584032756,0.14653661793690875,0.18457160624617575,None,2,,,500,0.0,0.0,0.0,0.0,5.121652552447627,,,
R4,Trending_RandomWalkDrift,0.9915843975483573,0.9559952104325419,0.9817725798922419,0.9134121251174987,0.0,None,250,,,500,,,0.0,0.0,1.1538741375470194,,,0.13978968740073397
R1,Composite,0.9931068440281713,0.9803611666830326,0.9993538540299599,0.9981752280456335,0.9082927901068372,24,24,24.0,48.0,500,0.12404168102890767,4.5413916673034036e-05,17.68740499794823,4.348190154977123,0.8350536601673062,,,
R2,Seasonal,0.7098265636044021,0.9592386422951766,0.9819961852174341,0.9994056317896484,0.9858110428529187,24,24,24.0,48.0,500,0.0,0.0,29.887530050327154,11.631387845100306,0.6800333680925442,,,
R3,Stationary_AR,0.052398003442759244,0.3256648576592087,0.12440955223987793,0.7206745903697611,0.7523539579932603,None,100,,,500,0.0,0.0,0.0,0.0,5.0,0.6789561178178039,,
R4,Trending_ExponentialGrowth,0.9986428740293618,0.24425113092250217,0.9992388250522999,0.3841040413520044,0.4369881150210285,None,24,,,500,,,0.0,0.0,0.780739947292539,,,
R1,Composite,0.9884344919278847,0.9555870126877357,0.9994867746051241,0.9980412065753909,0.957230006376071,24,24,24.0,48.0,500,0.1209044537473967,3.946887618107715e-05,14.526000032114768,5.72848972489938,0.6947625067274492,,,
R2,Seasonal,0.6789061626674819,0.9410103264335219,0.9082028741592246,0.9960127408342834,0.9354538171277095,24,24,24.0,48.0,500,0.0,0.0,21.23823534076295,9.461755901283045,1.4445428163395535,,,
R3,Stationary_AR,0.2648905028160762,0.27358484602263455,0.3392324648885545,0.44114068454158717,0.49232513949314516,None,9,,,500,0.0,0.0,0.0,0.0,5.0,0.48932315164494533,,
R4,Trending_RandomWalkDrift,0.9950726511949656,0.15170687216271128,0.9991456445701477,0.6412539256553211,0.8309538696024167,None,24,,,500,,,0.0,0.0,1.242831514129608,,,0.3645136194640962
R1,Composite,0.9981459099589733,0.9498733256626121,0.9997793240493613,0.9938306764980094,0.8812293673735586,24,24,24.0,48.0,500,-0.2522492689406153,-2.7264459876226457e-05,10.050395892000147,3.9047378685452685,0.9770516968006892,,,
R2,Seasonal,0.7020517166411602,0.9324736489751677,0.96659931307792,0.9982068031352073,0.9747482861693043,24,24,24.0,48.0,500,0.0,0.0,15.819837824670074,7.771952019236177,0.7715658181569257,,,
R3,Stationary_AR,0.019954962272004884,0.2856619046418081,0.038909750328181114,0.6023853950398887,0.5951844230659381,None,100,,,500,0.0,0.0,0.0,0.0,5.0,0.6127613110639706,,
R4,Trending_RandomWalkDrift,0.9940019232185036,0.21844155987858838,0.9993661234198652,0.7789764396132214,0.8964106406489509,None,24,,,500,,,0.0,0.0,1.0146592315362424,,,0.34189923404795547
R1,Composite,0.9988158210920083,0.9819181423996726,0.9999260597063767,0.99885845532347,0.9378321639764624,36,36,36.0,72.0,500,0.3829779130660538,4.9199371456374585e-05,21.102082619945147,5.164908324993194,0.7489761164112181,,,
R2,Seasonal,0.001229400316154039,0.9807844036305857,0.027181951950211447,0.9895884314735073,0.473997946273764,36,71,36.0,72.0,500,0.0,0.0,10.051385213294559,11.55893401033537,1.7155109405020852,,,
R3,Stationary_AR,0.10226640575448798,0.3908762623692176,0.2288188539206678,0.657558684254911,0.6755389431195803,None,45,,,500,0.0,0.0,0.0,0.0,5.0,0.6917174978695144,,
R4,Trending_MeanShift,0.9999888105801893,0.9999552958660144,0.999990968884927,0.9999639211522049,0.1926012878092097,None,250,,,500,,,0.0,0.0,0.541771836499302,,250.0,
R1,Composite,0.9970094733690121,0.9422308632674902,0.9997639864245593,0.9952328369368023,0.9216344467588415,12,12,12.0,24.0,500,-0.2888314604151221,3.875049880829363e-05,12.255829101164718,5.904318661109183,0.8843142970485395,,,
R2,Seasonal,0.6718212799386469,0.8858657634213586,0.8008815355310815,0.9793344748443176,0.8336530546630897,12,12,12.0,24.0,500,0.0,0.0,10.95033413817771,6.750406307802094,1.788870131628747,,,
R3,Stationary_AR,0.25840060857250824,0.2500906227348685,0.4409927134278676,0.5022737654776083,0.5969700335672714,None,16,,,500,0.0,0.0,0.0,0.0,5.0,0.48143009417876886,,
R4,Trending_ExponentialGrowth,0.9822594221366071,0.2648310467676528,0.9879476975278735,0.37711835136137317,0.33133520804610284,None,24,,,500,,,0.0,0.0,1.4411923633938293,,,
R1,Composite,0.9988581751192519,0.9909338733196849,0.9999230781524998,0.9993907984970511,0.9329544333360217,24,24,24.0,48.0,500,0.28745607486190994,2.1002735168482616e-05,21.47406488019208,3.6886511628321905,0.5569681810716011,,,
R2,Seasonal,0.6907732888566825,0.9866716195130774,0.9295390705561593,0.9992980575966259,0.9476793534337865,24,24,24.0,48.0,500,0.0,0.0,29.91951505994895,6.182401645403012,0.8429793921337964,,,
R3,Stationary_WN,0.10109962246443494,0.085759050154952,0.44506670867829634,0.10322227999046485,0.14736169212252892,None,2,,,500,0.0,0.0,0.0,0.0,12.93485979855549,,,
R4,Trending_RandomWalkDrift,0.9983214931847989,0.10379888672580695,0.9998343757258582,0.6859671454220102,0.9020771842211592,None,24,,,500,,,0.0,0.0,0.5214052893049911,,,-0.46466587546177807
R1,Composite,0.9925080227866152,0.962523516912606,0.9971183796657344,0.9841140753681555,0.6158306445570301,48,50,48.0,96.0,500,0.13005800275118742,1.0939064699261653e-05,12.330741917765149,2.062398309956044,1.4534951356462744,,,
R2,Seasonal,0.6682703430353798,0.9055568998518171,0.9531838346693574,0.9959292373492374,0.9631882873209336,48,50,48.0,96.0,500,0.0,0.0,10.391501963047343,5.799203623620146,0.7084356392759757,,,
R3,Stationary_AR,0.027325053278210887,0.2116891148514436,0.06003043189396595,0.457948901482239,0.64918076695732,None,71,,,500,0.0,0.0,0.0,0.0,5.0,0.5148800661090446,,
R4,Trending_RandomWalkDrift,0.9964331667576042,0.41181159231676345,0.9998314278387361,0.9539719377676987,0.953238688095869,None,125,,,500,,,0.0,0.0,1.332840563333472,,,0.48143878330824874
R1,Composite,0.9893297638328161,0.9756401904830989,0.9987615807162394,0.9971882802455784,0.8866756624334116,12,12,12.0,24.0,500,-0.19118055843883264,3.416156638038476e-05,23.842667002880265,6.800583190941761,1.4782267285686572,,,
R2,Seasonal,0.712967463411516,0.9818145289246343,0.8760952225925871,0.9977839820510858,0.8794962628897895,12,12,12.0,24.0,500,0.0,0.0,28.21693896473108,7.039111451132662,1.3965317603128313,,,
R3,Stationary_WN,0.17562252352623398,0.131996074694683,0.4018370823381554,0.21128624310923416,0.31739458134401577,None,3,,,500,0.0,0.0,0.0,0.0,5.000631596951884,,,
R4,Trending_MeanShift,0.9999203994164675,0.9996823058830747,0.999938903999875,0.9997565645193088,0.23385957288176473,None,250,,,500,,,0.0,0.0,0.723315979306248,,250.0,
R1,Composite,0.9989483728343688,0.9908446590779533,0.9997882104726532,0.9981552054643009,0.7990737085739952,12,12,12.0,24.0,500,-0.28161374073115647,-2.8840740890460448e-05,20.480114822290446,3.27902734213996,0.9113034637696231,,,
R2,Seasonal,0.7282478429765333,0.8946211893003863,0.9108258743036894,0.9893050089971339,0.906649700709795,12,12,12.0,24.0,500,0.0,0.0,15.799409795659148,10.103855446917773,1.753837077127717,,,
R3,Stationary_AR,0.0947032399332225,0.3135344504110825,0.12575114554405975,0.5336038122599837,0.585252379168236,None,50,,,500,0.0,0.0,0.0,0.0,5.0,0.44492288017477477,,
R4,Trending_RandomWalkDrift,0.9946614862979489,0.12027689846142242,0.9991309840147812,0.5401547786077674,0.8376498774962884,None,24,,,500,,,0.0,0.0,1.0675204984298887,,,0.33066356392578766
R1,Composite,0.997840809186956,0.8333473707530484,0.9998046466596177,0.9828482788136405,0.9101532652974422,24,24,24.0,48.0,500,0.39370653263099353,1.7265615002870527e-05,8.492367861361735,6.668094557743191,1.234180337005103,,,
R2,Seasonal,0.7015740330172329,0.9516621814385997,0.9554963941440873,0.9982727611711624,0.9655174335606831,24,24,24.0,48.0,500,0.0,0.0,26.727439070192673,11.124895945517764,1.1412892719892878,,,
R3,Stationary_AR,0.2914498515093905,0.2387943983945785,0.43018070420387333,0.45552648009518826,0.5281839516099996,None,9,,,500,0.0,0.0,0.0,0.0,5.0,0.4514527937752734,,
R4,Trending_ExponentialGrowth,0.9973857620414718,0.25665025493767546,0.9983272774081656,0.3819539024146008,0.35791754370242035,None,24,,,500,,,0.0,0.0,0.6419485403059912,,,
R1,Composite,0.9985467949590264,0.9709507650276072,0.999845711894734,0.9968888187175529,0.8941032950476623,24,24,24.0,48.0,500,-0.2857993464880602,4.734969830422919e-05,11.683432213819415,3.4358264949609705,0.7454420785833642,,,
R2,Seasonal,0.6743788289218101,0.9929402579318952,0.8688681351546492,0.9993278503389889,0.9047442526709295,24,24,24.0,48.0,500,0.0,0.0,29.33502374530846,4.288120080464516,0.8352417362678437,,,
R3,Stationary_WN,0.21211327039896688,0.16491399594135092,0.3773311577185008,0.22561592358963178,0.29566323383921933,None,3,,,500,0.0,0.0,0.0,0.0,12.757113650514444,,,
R4,Trending_MeanShift,0.999877114261484,0.9995098501455083,0.998991211081359,0.9959631266880231,0.0,None,250,,,500,,,0.0,0.0,1.0529360734836168,,250.0,
R1,Composite,0.9904760828427983,0.9537556222572816,0.9991236327069888,0.9956918238286487,0.9096576792970534,24,24,24.0,48.0,500,-0.21837811967268186,3.9830067543901566e-05,17.864739262374083,6.860839571585139,1.1705940984382335,,,
R2,Seasonal,0.6966380389733393,0.9106562361618484,0.9464502535807092,0.9961344084308711,0.9596819733747277,24,24,24.0,48.0,500,0.0,0.0,19.624059505174564,11.300154118777762,1.3652679134512054,,,
R3,Stationary_AR,0.08855243372563415,0.24502582479774293,0.09356814196494889,0.40940741085237375,0.5151203978648317,None,18,,,500,0.0,0.0,0.0,0.0,5.0,0.40298001121769245,,
R4,Trending_MeanShift,0.9999837120108802,0.9999350597809439,0.9999743643823443,0.99989778119928,0.0,None,250,,,500,,,0.0,0.0,0.5305124983752908,,250.0,
R1,Composite,0.9971232730097962,0.9831317546998044,0.9992335262977181,0.9951101333092538,0.7339446409572408,48,50,48.0,96.0,500,0.2952520569921471,-2.908831330875898e-05,23.655450867075217,2.798059447276956,1.4879375545999187,,,
R2,Seasonal,0.659249883673655,0.9422274291021557,0.9604814933642455,0.9980545491363537,0.9702499814194919,48,50,48.0,96.0,500,0.0,0.0,25.62278329394634,10.88370042625398,1.1304512581569743,,,
R3,Stationary_AR,0.07364972936485603,0.3118783551800478,0.1653452608079129,0.6420237578424552,0.6937412811845232,None,38,,,500,0.0,0.0,0.0,0.0,5.0,0.6461318392439127,,
R4,Trending_RandomWalkDrift,0.8983692830646995,0.2729903194439398,0.9774412452867901,0.6652281007168817,0.8138002726462652,None,24,,,500,,,0.0,0.0,1.3554339875576171,,,0.11213835947787257
R1,Composite,0.9852712532799246,0.9717773615826922,0.9978057832337263,0.9953322454897665,0.8535121589232392,48,50,48.0,96.0,500,0.13200082689402032,2.2489948853653364e-05,21.346663282323156,4.05581071914912,1.1581621756640574,,,
R2,Seasonal,0.018986702103276465,0.9826110683515666,0.05697192205990864,0.9973840927004607,0.855881580158953,48,100,48.0,96.0,500,0.0,0.0,12.660239440464272,10.863916444050862,0.9185494675902756,,,
R3,Stationary_AR,0.14273577421911732,0.3120397235501019,0.26018231310849216,0.4431280703848771,0.531482225409251,None,28,,,500,0.0,0.0,0.0,0.0,5.0,0.5315239988323895,,
R4,Trending_ExponentialGrowth,0.9965849590490791,0.1427677205208564,0.9977210625181313,0.3034084202857146,0.3226991385660849,None,24,,,500,,,0.0,0.0,1.4228588667201227,,,
R1,Composite,0.9905964179295846,0.9844804704458594,0.9990687907389219,0.9984784865678742,0.9027576513084057,24,24,24.0,48.0,500,-0.14370202730159554,-2.6851739297827246e-05,24.8345374014073,5.372664667540375,1.089318992392645,,,
R2,Seasonal,0.7106476288309956,0.7368010822303256,0.9877844572404445,0.996700466469783,0.990352246953989,24,24,24.0,48.0,500,0.0,0.0,10.40782933552008,11.884404849298239,0.5875016339428922,,,
R3,Stationary_WN,0.15213969277570027,0.12803855614882664,0.4907974610009348,0.20226567122736827,0.3527289472260866,None,3,,,500,0.0,0.0,0.0,0.0,10.502979867487202,,,
R4,Trending_RandomWalkDrift,0.9972803646423434,0.06390217520027242,0.9997616921093175,0.7049114827259396,0.9115698098377251,None,24,,,500,,,0.0,0.0,0.7430746657695249,,,-0.4726757417988626
R1,Composite,0.9804226121665967,0.9486061959382697,0.9994257363627187,0.9983640531357765,0.9718265441188546,48,50,48.0,96.0,500,0.1363018002648039,1.7059831772659853e-05,18.665064939499224,7.232689586352298,0.8016522471536679,,,
R2,Seasonal,0.4771475953937089,0.9884447418744973,0.7558496689869726,0.9987431449736599,0.8999225604746804,48,50,48.0,96.0,500,0.0,0.0,29.742070566182225,4.016761650738591,1.0055440389434112,,,
R3,Stationary_WN,0.1393571773152542,0.15366596972303292,0.2897091880031677,0.2706106215530082,0.18762332763743172,None,5,,,500,0.0,0.0,0.0,0.0,6.710226309378453,,,
R4,Trending_RandomWalkDrift,0.9901649455490473,0.9633149653480277,0.9804802480260318,0.931834755849144,0.0,None,250,,,500,,,0.0,0.0,0.8245070707544978,,,0.12995995937685662
R1,Composite,0.9974299502865909,0.9780018799527331,0.9996288174885503,0.9964564752116366,0.8559426444416665,48,50,48.0,96.0,500,0.33594029601181713,-4.459681839307007e-05,21.701713930546926,3.7554041861705665,1.1160375358934584,,,
R2,Seasonal,0.6157893490987199,0.920381605374215,0.8765149228936173,0.9927285961077107,0.9205834880359854,48,50,48.0,96.0,500,0.0,0.0,17.86904669999055,8.296013091518837,1.633449600022136,,,
R3,Stationary_AR,0.09356296656919005,0.308272962856168,0.18022640673047075,0.49910448715683464,0.5611721992372167,None,24,,,500,0.0,0.0,0.0,0.0,5.0,0.5323073331635073,,
R4,Trending_RandomWalkDrift,0.9965076881617824,0.9404839199630206,0.9855124453651135,0.7949395857999678,0.0,None,250,,,500,,,0.0,0.0,0.5855496423742382,,,0.35158172187520587
R1,Composite,0.9977035894307176,0.974910774158732,0.9996484342085507,0.995701104590018,0.8473172396875659,48,50,48.0,96.0,500,0.30863542183545567,2.3900432349352898e-05,19.55791087140985,3.8646241516305966,1.2446990722353881,,,
R2,Seasonal,0.5401391137490507,0.9527111958094729,0.7693355755460801,0.9929731393012767,0.8707994216938374,48,50,48.0,96.0,500,0.0,0.0,19.01122253338136,5.845345027121285,1.3831166887499418,,,
R3,Stationary_WN,0.08351926980452484,0.16716199917931596,0.1676715250708699,0.29332991576909084,0.2382985598006111,None,8,,,500,0.0,0.0,0.0,0.0,5.151503075609439,,,
R4,Trending_ExponentialGrowth,0.9996002305635341,0.2205040384771857,0.9997948599725609,0.42985134277241077,0.48043135015528815,None,24,,,500,,,0.0,0.0,0.7020005513140724,,,
R1,Composite,0.9990316065018693,0.9945723239688917,0.9998727704515754,0.999285456008991,0.868643993608905,12,12,12.0,24.0,500,-0.21839060148853662,-2.309454281561902e-05,19.801676118282856,2.601122897357137,0.586132556610134,,,
R2,Seasonal,0.7332801898293819,0.9178956415312542,0.922347373652321,0.9928935116502549,0.9190431151601912,12,12,12.0,24.0,500,0.0,0.0,19.211206134301193,10.84117028212911,1.6930037993766922,,,
R3,Stationary_WN,0.14058203574955053,0.13990840763773316,0.4167197992255126,0.22199231269844666,0.28993685955810267,None,4,,,500,0.0,0.0,0.0,0.0,10.684797163339557,,,
R4,Trending_ExponentialGrowth,0.9925485815960242,0.3012539596200986,0.9949178548294275,0.3998237130409674,0.31907366928295267,None,24,,,500,,,0.0,0.0,0.9366316074492896,,,
R1,Composite,0.9960622772406247,0.9130810289688462,0.9994100344546949,0.9858535534332611,0.8512792476775336,36,36,36.0,72.0,500,0.2911064736351034,-3.651792472678512e-05,11.397449369100965,5.9397315789495755,1.3653217848238748,,,
R2,Seasonal,0.6482276351384226,0.9702287352458729,0.7896625157508022,0.9955938823776694,0.8551395142716034,36,36,36.0,72.0,500,0.0,0.0,24.43075611435961,6.922409821263424,1.5737933338118382,,,
R3,Stationary_AR,0.09056539545588493,0.21001357928593223,0.27019990063570465,0.46104487965735363,0.5708150681880246,None,17,,,500,0.0,0.0,0.0,0.0,5.0,0.43481475388301816,,
R4,Trending_ExponentialGrowth,0.9982453463477976,0.2668039912251039,0.9988498995749598,0.4074385292555547,0.3422042989617904,None,24,,,500,,,0.0,0.0,0.6450387145045793,,,
R1,Composite,0.9894645094909204,0.9826541101025629,0.999598675138017,0.999347471858946,0.9630751023535867,36,36,36.0,72.0,500,0.13298093560339252,3.011772626421388e-05,23.58852684708768,5.834190393298665,0.6068157654935726,,,
R2,Seasonal,0.7147338415544503,0.9112199885975291,0.9754293194455117,0.9980295076195114,0.9796771318135369,36,36,36.0,72.0,500,0.0,0.0,16.22412452017477,9.651037129224722,0.7346398332488812,,,
R3,Stationary_WN,0.11299235980181732,0.11197212071038476,0.4113613468989953,0.18459907311008616,0.3772399161690043,None,3,,,500,0.0,0.0,0.0,0.0,5.419191334289801,,,
R4,Trending_MeanShift,0.9999713377754853,0.9998851382146652,0.9999197541076339,0.9996767590709705,0.0,None,250,,,500,,,0.0,0.0,0.6042848643535742,,250.0,
R1,Composite,0.9980024356655011,0.9787431818864712,0.9997874910681998,0.9977323489696677,0.8944261265408224,24,24,24.0,48.0,500,0.2947033569240626,2.5853172754193063e-05,19.024592020509658,4.727537834672146,0.9851823002984545,,,
R2,Seasonal,0.7029007883840095,0.9188601367645299,0.9634482942252521,0.9975971727044086,0.9722316773263946,24,24,24.0,48.0,500,0.0,0.0,15.202436105731255,8.394959123069079,0.8470726255652454,,,
R3,Stationary_AR,0.12010572046581303,0.24276999165903312,0.2284826606555843,0.6631610455858705,0.7527212733343153,None,42,,,500,0.0,0.0,0.0,0.0,5.0,0.6460359263625324,,
R4,Trending_RandomWalkDrift,0.9898691409714084,0.8082040198127705,0.0,0.0,0.0,None,250,,,500,,,0.0,0.0,0.7185057804573791,,,-0.36755265817101834
R1,Composite,0.9900737808619392,0.9417833505931523,0.9990260142918186,0.9929541404506479,0.9035843376675269,48,50,48.0,96.0,500,-0.2984572608667555,-1.4787059754345561e-05,24.917328606651573,6.358612625907465,1.4995353248169123,,,
R2,Seasonal,0.6445714320880707,0.9155839432698687,0.9225023768381186,0.9943868671630769,0.9430163637884393,48,50,48.0,96.0,500,0.0,0.0,22.547420265593708,11.35044988571332,1.7253954360972632,,,
R3,Stationary_AR,0.016342697971685083,0.47346894535025863,0.0012048286993017188,0.14849335631702054,0.0,None,167,,,500,0.0,0.0,0.0,0.0,5.0,0.624058374211306,,
R4,Trending_ExponentialGrowth,0.9983891728050683,0.26846025040985233,0.9991113207100659,0.4177410098148924,0.44477353230811223,None,24,,,500,,,0.0,0.0,0.5763188544514463,,,
R1,Composite,0.9917948058792644,0.9544067494576929,0.9982931255022652,0.9904819273915951,0.7969125872776038,12,12,12.0,24.0,500,0.13767265075547977,3.81050414720214e-05,13.211595835363795,4.688688900483814,1.3776024331085786,,,
R2,Seasonal,0.7141319362769715,0.9477865812193765,0.8796349668221944,0.9937072485074343,0.8844943100167462,12,12,12.0,24.0,500,0.0,0.0,20.203359638442898,8.56566859433616,1.650741600512487,,,
R3,Stationary_AR,0.05373631907687382,0.3054804338534657,0.11780619211692034,0.5290385459226253,0.6230383060885918,None,42,,,500,0.0,0.0,0.0,0.0,5.0,0.498243826109438,,
R4,Trending_MeanShift,0.9997568537093857,0.9990256179894543,0.9998075981242168,0.9992260504154218,0.20826142417672788,None,250,,,500,,,0.0,0.0,1.1780828647289796,,250.0,
R1,Composite,0.9982007562734734,0.9436570953409802,0.999753873724229,0.9918473034587258,0.8636838172199872,12,12,12.0,24.0,500,-0.29680020600410356,4.237380930104053e-05,9.798195237637069,4.369465096161125,0.9743554728813986,,,
R2,Seasonal,0.046551808106041204,0.977550491697226,0.07442255126239006,0.985908297941241,0.3668415907235424,12,24,12.0,24.0,500,0.0,0.0,11.312181231620361,10.873648690375536,1.9384709070621415,,,
R3,Stationary_AR,0.07388613508686637,0.32748682561682774,0.11955260036768578,0.6338371133110495,0.6598228799239618,None,56,,,500,0.0,0.0,0.0,0.0,5.0,0.61903594824631,,
R4,Trending_RandomWalkDrift,0.7953877617129983,0.07411211620697156,0.98861466100455,0.9278911505120795,0.946311259553487,None,83,,,500,,,0.0,0.0,1.3201772323493497,,,0.12243528037887544
R1,Composite,0.9860631866276454,0.96947044825189,0.9982805107973125,0.9962544803995242,0.8798701084432408,24,24,24.0,48.0,500,-0.13143641089777552,-4.6037760888757206e-05,21.166468021324384,6.170486582866235,1.4505690582493598,,,
R2,Seasonal,0.6601804689504818,0.990843273578853,0.8174304645705799,0.9987972494432674,0.8692594487388546,24,24,24.0,48.0,500,0.0,0.0,28.80854497736321,4.572324260919543,1.0877910256280519,,,
R3,Stationary_AR,0.06700334576188316,0.3076867544812827,0.1161118475088333,0.49300611706501785,0.5150914110897415,None,50,,,500,0.0,0.0,0.0,0.0,5.0,0.448232215835849,,
R4,Trending_RandomWalkDrift,0.9977391446682854,0.026215950362422524,0.99971621541662,0.7892213921914155,0.8746123074121865,None,24,,,500,,,0.0,0.0,1.4465878607438247,,,-0.40032685027085
R1,Composite,0.9970004461208365,0.932102704243008,0.9988573583330558,0.9698325083584362,0.6178784273112681,48,50,48.0,96.0,500,0.22969794688206796,-2.994807701576578e-05,8.807283360775834,2.176011250084113,1.3572781991196103,,,
R2,Seasonal,0.5731021377167356,0.9836009810767717,0.938649283974689,0.9994110440005268,0.9671338341025197,48,50,48.0,96.0,500,0.0,0.0,22.799424859652525,4.345568500178237,0.5137546112092173,,,
R3,Stationary_AR,0.3606252088132498,0.18176780574745677,0.4169938763243284,0.2976852561462071,0.4648918345792319,None,7,,,500,0.0,0.0,0.0,0.0,5.0,0.4897698405892492,,
R4,Trending_MeanShift,0.9998805924942428,0.9995249617842681,0.9998469222386366,0.9993804677838092,0.0,None,250,,,500,,,0.0,0.0,1.2629120968325056,,250.0,
R1,Composite,0.9959589539880658,0.9913529331875173,0.9980427502632964,0.9958541338540682,0.5153043668901225,12,12,12.0,24.0,500,-0.1732225047295498,2.347099002510468e-05,22.704173081960587,2.0809098900181695,1.2920949471858703,,,
R2,Seasonal,0.7311035468350038,0.9280703379596082,0.9264732930342244,0.9941835555871135,0.9243378134490041,12,12,12.0,24.0,500,0.0,0.0,15.494285809412837,8.176977093168302,1.2540861715329719,,,
R3,Stationary_WN,0.199319831298706,0.1991494939077526,0.4513832846462318,0.2941753006301048,0.36227155113024145,None,3,,,500,0.0,0.0,0.0,0.0,11.700846270111382,,,
R4,Trending_MeanShift,0.9998591018707852,0.9994359985918734,0.9998881506802896,0.9995542435078991,0.20788144436159928,None,250,,,500,,,0.0,0.0,1.393128771504802,,250.0,
R1,Composite,0.998573242270975,0.9739346571695505,0.9996302511191444,0.9931456550708132,0.7417030322657454,24,24,24.0,48.0,500,0.2602127248882128,-3.733594511164779e-05,11.361165671732675,2.57659739961464,0.9725833357038336,,,
R2,Seasonal,0.6965055861273693,0.9625643374818471,0.9396154263756118,0.9982363186060095,0.9539482413794608,24,24,24.0,48.0,500,0.0,0.0,17.64917798912593,6.380645977299226,0.7065540430979569,,,
R3,Stationary_WN,0.1298223111966903,0.17722878328526837,0.2764014811057035,0.3648107271109121,0.39182719862189197,None,6,,,500,0.0,0.0,0.0,0.0,7.956689673325413,,,
R4,Trending_MeanShift,0.9999357201992787,0.9997432890698017,0.9995651648299795,0.9983380086723793,0.0,None,250,,,500,,,0.0,0.0,1.1721957682553144,,250.0,
R1,Composite,0.9985994682906324,0.9925819134946442,0.9997079721594878,0.9984616907352617,0.7923034420049829,24,24,24.0,48.0,500,0.18464288969827106,4.5335927496973795e-05,18.36357344712439,2.3412740169642436,0.741825759655912,,,
R2,Seasonal,0.6930311785265931,0.9889544611353609,0.9302695317008403,0.9994115338534717,0.9469878213220694,24,24,24.0,48.0,500,0.0,0.0,22.602160063513658,4.282908562916844,0.5634410747767612,,,
R3,Stationary_WN,0.1307436335366876,0.18412853010529595,0.38799368980216764,0.33425109328550506,0.47606851739742206,None,4,,,500,0.0,0.0,0.0,0.0,14.371340037423233,,,
R4,Trending_MeanShift,0.999830800975268,0.9993254852727768,0.9988320959209781,0.9957357917090135,0.0,None,250,,,500,,,0.0,0.0,1.4106851656922785,,250.0,
R1,Composite,0.9934590196154639,0.9807549501703579,0.9993140319738667,0.9978032620511673,0.8963486370667266,48,50,48.0,96.0,500,-0.2274304043695421,4.538889229832195e-05,23.89982549143209,4.488273430970446,1.1546359439834935,,,
R2,Seasonal,0.6308853639966018,0.9239860337760182,0.8856259908003183,0.9930400395275727,0.9205580871006377,48,50,48.0,96.0,500,0.0,0.0,23.162697003509276,10.826332812497752,1.9939634639888428,,,
R3,Stationary_AR,0.25052405716009896,0.24570184025538855,0.44319201242811135,0.41748140221030705,0.566320646018004,None,11,,,500,0.0,0.0,0.0,0.0,5.0,0.5212991869496324,,
R4,Trending_ExponentialGrowth,0.9970554011987147,0.18314283195003134,0.9980978294205649,0.2852300849578152,0.347415145458711,None,24,,,500,,,0.0,0.0,1.2144944552390902,,,
R1,Composite,0.9984201645405947,0.9721733277215884,0.999903981221441,0.998145126819484,0.939343668249153,48,50,48.0,96.0,500,0.3233824096136303,1.610201518917775e-05,15.917501513188066,4.247025639433562,0.7394801875829481,,,
R2,Seasonal,0.6633415708599955,0.9449063620641956,0.9799473413069867,0.9990724273828112,0.9851008365273178,48,50,48.0,96.0,500,0.0,0.0,25.923008361166453,10.763289257847864,0.825006777922451,,,
R3,Stationary_AR,0.020277020883372465,0.21999560540853114,0.00447769038896817,0.6413906499936644,0.6641798101736212,None,100,,,500,0.0,0.0,0.0,0.0,5.0,0.5943289092464425,,
R4,Trending_RandomWalkDrift,0.9624958639579027,0.34516641219768096,0.9984148738054166,0.9558478999927702,0.9605814015410747,None,100,,,500,,,0.0,0.0,0.8376217802881968,,,-0.24688941882217771
R1,Composite,0.9962706592855016,0.9090970963478241,0.9997104785893804,0.9918860912411455,0.9230448698526048,48,50,48.0,96.0,500,-0.3669438178554082,-1.2559498493133026e-05,14.574751169615592,7.2179898937162275,1.4401446335683805,,,
R2,Seasonal,0.6507324837217238,0.8488704894310232,0.8938859105442336,0.9845190830053684,0.9162168283120078,48,50,48.0,96.0,500,0.0,0.0,12.348732056794775,8.679767687828202,1.5500498803625709,,,
R3,Stationary_AR,0.23004565554166978,0.32667045248555726,0.408221821825852,0.5467319778989406,0.659549492858107,None,19,,,500,0.0,0.0,0.0,0.0,5.0,0.5996749351471499,,
R4,Trending_ExponentialGrowth,0.9986053481556617,0.27245040283027344,0.9990944438486464,0.4146980759861466,0.34189762270491586,None,24,,,500,,,0.0,0.0,1.0946985047014537,,,
R1,Composite,0.9995627347561463,0.9947119400942017,0.9999512314356584,0.9994072350568823,0.8885042787315806,36,36,36.0,72.0,500,-0.386414132583328,4.150828479325742e-05,21.41224974726773,2.6212284000984565,0.5762977380604514,,,
R2,Seasonal,0.6965175878740413,0.974612928897233,0.9330375703200423,0.9986320539436333,0.9473662888676446,36,36,36.0,72.0,500,0.0,0.0,20.039305067710618,5.924775707679186,0.8508611761059687,,,
R3,Stationary_WN,0.1593186512729874,0.09652890792994506,0.4997779094011585,0.13778438157363881,0.3348740850308284,None,2,,,500,0.0,0.0,0.0,0.0,6.423948994105499,,,
R4,Trending_MeanShift,0.9997464742552653,0.9989830849964512,0.9993265000695895,0.9973325016913293,0.0,None,250,,,500,,,0.0,0.0,1.3578759706476677,,250.0,
R1,Composite,0.9967699629008959,0.9550387703161529,0.9996318763597214,0.994776148524974,0.8872142422376189,24,24,24.0,48.0,500,0.3320046998887047,-4.3502267414265534e-05,16.645458245587655,5.9994807035271,1.2488743860332971,,,
R2,Seasonal,0.6583738334589722,0.9442966172123649,0.8186133017706754,0.9923170026330298,0.8674381218896436,24,24,24.0,48.0,500,0.0,0.0,19.736617163549095,7.907973950859975,1.9929794280333217,,,
R3,Stationary_WN,0.05019262567747773,0.2813059245714443,0.05281205598922778,0.40749700440918024,0.32388342833947914,None,29,,,500,0.0,0.0,0.0,0.0,8.491676232629489,,,
R4,Trending_ExponentialGrowth,0.9978773253564651,0.24528083711516901,0.9987461142283078,0.4194862981217321,0.4042220004665027,None,24,,,500,,,0.0,0.0,1.4859407815183348,,,
R1,Composite,0.9990171754183682,0.9411463045081166,0.9998294031482906,0.9882146647597065,0.8269547978532894,48,50,48.0,96.0,500,-0.37121045137456243,-1.3439422041618202e-05,9.63750353017131,3.3209890752086393,0.9844337037577234,,,
R2,Seasonal,0.6465407666592979,0.9561261530223232,0.9399539216553175,0.9979239845607599,0.9574557778861874,48,50,48.0,96.0,500,0.0,0.0,25.029140343320762,8.82771462194073,1.201655619946247,,,
R3,Stationary_WN,0.21278643941942155,0.09472269330834149,0.5057157602669868,0.12179761200994643,0.2369348839210289,None,2,,,500,0.0,0.0,0.0,0.0,11.36737693314671,,,
R4,Trending_RandomWalkDrift,0.9801422068497768,0.13752805852589012,0.9971292198084707,0.6155585080502537,0.8583617797069879,None,24,,,500,,,0.0,0.0,1.4070962380929544,,,0.19285521918539833
R1,Composite,0.9958984403440793,0.9727254105454213,0.9999182296710583,0.9994501571672277,0.9802042079336932,24,24,24.0,48.0,500,-0.3229781025730278,1.9027366740203916e-05,24.35553924792542,7.656627210594607,0.6277895481000765,,,
R2,Seasonal,0.7005850830819638,0.9906095605721672,0.9535659061209654,0.9996620966365731,0.9641594452510424,24,24,24.0,48.0,500,0.0,0.0,28.761851833054127,5.112632945703084,0.5872840177480045,,,
R3,Stationary_WN,0.08415153736132619,0.25457852132190373,0.14278404449130155,0.3779782235993807,0.2632503407965203,None,8,,,500,0.0,0.0,0.0,0.0,10.167715220395372,,,
R4,Trending_ExponentialGrowth,0.9914443833995493,0.304633637901494,0.994238371084851,0.40410193001258143,0.3305695189307001,None,24,,,500,,,0.0,0.0,1.2095840658883381,,,
R1,Composite,0.9988245234700676,0.9687214094990779,0.9999330344588961,0.9980409422310134,0.9432160022256608,48,50,48.0,96.0,500,-0.3058660379879935,-3.6263704703466196e-05,12.511066392332626,3.481369824472704,0.5794643765789389,,,
R2,Seasonal,0.6338193816335193,0.9651722511096109,0.9207405378244536,0.9978998015297907,0.945226488743305,48,50,48.0,96.0,500,0.0,0.0,29.407127752370787,8.980773109426398,1.4260335116628544,,,
R3,Stationary_WN,0.20611543956852785,0.07003434218144489,0.48049900687951574,0.09622059524842663,0.26309505109572695,None,2,,,500,0.0,0.0,0.0,0.0,7.17675322513328,,,
R4,Trending_MeanShift,0.999988620934404,0.9999545424856756,0.9999915237494206,0.9999661200545455,0.25458715444666036,None,250,,,500,,,0.0,0.0,0.5836173798366229,,250.0,
R1,Composite,0.9984862122599029,0.980685817945349,0.9998567994798248,0.9981593722894663,0.9054591104655659,24,24,24.0,48.0,500,-0.3263476064926474,4.2548182462990104e-05,17.16391174257752,3.993372304409249,0.8694207745673593,,,
R2,Seasonal,0.6971276759208191,0.9536280628855928,0.9415682052256757,0.9978461770234422,0.9553226533917076,24,24,24.0,48.0,500,0.0,0.0,26.0227237687941,10.736770356679394,1.3674611537208965,,,
R3,Stationary_AR,0.03831735297555683,0.3069669254103329,0.09412477583918544,0.5767028639483831,0.6001590313262017,None,71,,,500,0.0,0.0,0.0,0.0,5.0,0.511606787308746,,
R4,Trending_RandomWalkDrift,0.9914352044781558,0.8536621515721039,0.0,0.05465863402920823,0.0,None,250,,,500,,,0.0,0.0,1.0881374288511263,,,-0.3317790144214552
R1,Composite,0.9988003226319503,0.984915666811411,0.9999049117577413,0.9987934522893892,0.9209946876581012,12,12,12.0,24.0,500,0.3455438923026005,-3.714536111090494e-05,18.683377717782115,4.284298565726498,0.6871749550380654,,,
R2,Seasonal,0.6920079854501024,0.93512617859624,0.8419715626458664,0.990324761761551,0.8580072837499049,12,12,12.0,24.0,500,0.0,0.0,18.471667919346473,8.282269060151302,1.9769063390662376,,,
R3,Stationary_WN,0.03019219818905583,0.1527864416019472,0.10149829960527446,0.3690287002397826,0.3755584037205566,None,19,,,500,0.0,0.0,0.0,0.0,10.210481510347318,,,
R4,Trending_RandomWalkDrift,0.9930570077877626,0.6136579687345828,0.9960805726107673,0.7391307532871547,0.43640830117798357,None,250,,,500,,,0.0,0.0,1.0396933092418816,,,-0.4138308490055007
R1,Composite,0.9922927693738418,0.9895343802926359,0.9967439610770674,0.9956305779444745,0.5791469757895602,24,24,24.0,48.0,500,-0.12845866003664086,2.8316914578008837e-05,19.820702639581,2.1531083052465037,1.2672720715636667,,,
R2,Seasonal,0.7025315921674282,0.9740671324052868,0.9717847436887577,0.9994310061451204,0.97843325820325,24,24,24.0,48.0,500,0.0,0.0,25.02526288398351,7.583109387839457,0.6819679377904528,,,
R3,Stationary_WN,0.1103501999224743,0.10384452740233796,0.4053205306561056,0.16467566437162084,0.29735805006880267,None,3,,,500,0.0,0.0,0.0,0.0,13.669338843231092,,,
R4,Trending_ExponentialGrowth,0.9924518062685467,0.2492117615268611,0.9952664894927845,0.3843864131154018,0.3724458501520055,None,24,,,500,,,0.0,0.0,0.7219267730640049,,,
R1,Composite,0.9977867837284953,0.9216745393875999,0.9999097823990469,0.9966050151510721,0.9595259168484975,12,12,12.0,24.0,500,0.3175413440771815,-4.084502004722432e-05,9.789171421152636,5.621690214605011,0.5715660539166123,,,
R2,Seasonal,0.7054600766157869,0.9839439611584194,0.8539301731794016,0.9977234220638459,0.8598913077774544,12,12,12.0,24.0,500,0.0,0.0,25.75123107336728,5.864491114591853,1.250752066320986,,,
R3,Stationary_WN,0.04945459504266536,0.36133222662776765,0.06966653807487033,0.4749406942234189,0.3509063163105921,None,26,,,500,0.0,0.0,0.0,0.0,7.751170402797581,,,
R4,Trending_RandomWalkDrift,0.4857992609435706,0.8054304720335512,0.6118438325574302,0.9154073087769738,0.6818279652454302,None,250,,,500,,,0.0,0.0,0.7673214950027321,,,-0.12535589453983917
R1,Composite,0.9958163930862683,0.9748662976652998,0.9997159958856124,0.9981351253184867,0.9325684618010833,48,50,48.0,96.0,500,-0.22388151388626004,-3.437686322130699e-05,19.60152749629599,4.6777214720429265,0.8643104514288422,,,
R2,Seasonal,0.6694170057290493,0.9402846083686748,0.9784079957672401,0.9988776654979505,0.983410967981077,48,50,48.0,96.0,500,0.0,0.0,22.932217285560725,10.022470124375985,0.7143769230823547,,,
R3,Stationary_AR,0.0402518814167927,0.47811895256108317,0.03005406454482573,0.7458768846315393,0.5289465713616482,None,167,,,500,0.0,0.0,0.0,0.0,5.0,0.5415410949564907,,
R4,Trending_ExponentialGrowth,0.9992377238356243,0.22941349621306673,0.9995751168670339,0.4497815905099817,0.43620223491348975,None,24,,,500,,,0.0,0.0,1.0654030753347241,,,
R1,Composite,0.9934588416601782,0.9694300071096186,0.999719646778465,0.9985704051132627,0.9576999219943678,48,50,48.0,96.0,500,0.1670215302495243,-1.2577778194834793e-05,15.136096002428491,4.303607588020044,0.5903542365483352,,,
R2,Seasonal,0.43728481942189334,0.9857735072705404,0.7050451168986499,0.9981819575815087,0.8834718606520396,48,50,48.0,96.0,500,0.0,0.0,28.957148362931818,4.246573700233474,1.2135579341927767,,,
R3,Stationary_WN,0.10828287398471637,0.15370080866559965,0.3477953064324901,0.23976130304029208,0.3581535943432146,None,4,,,500,0.0,0.0,0.0,0.0,6.182580733884196,,,
R4,Trending_RandomWalkDrift,0.9972037554153697,0.8410413701548315,0.9978841839843656,0.8966729053040511,0.23850742814984427,None,250,,,500,,,0.0,0.0,0.9566351477679379,,,-0.4686925126714869
R1,Composite,0.9964858870647502,0.9577951209775734,0.9999308726263347,0.9990830020127404,0.9804902405035824,48,50,48.0,96.0,500,-0.2978919674875766,-2.5499021613111306e-05,17.72328319304369,6.218057586603445,0.5415139953455747,,,
R2,Seasonal,0.6343370902304173,0.9169937824538765,0.898111527853186,0.9927111951085513,0.9242882097373327,48,50,48.0,96.0,500,0.0,0.0,21.006788540288472,10.140528060187638,1.937956800513024,,,
R3,Stationary_WN,0.13465110194993557,0.30535745439481043,0.2122588249109989,0.4003018369496052,0.2646084602209914,None,8,,,500,0.0,0.0,0.0,0.0,6.569786809196421,,,
R4,Trending_RandomWalkDrift,0.9967457091674218,0.2989535210100853,0.9995694179610166,0.7673961383899048,0.8681045474311083,None,24,,,500,,,0.0,0.0,1.479630391471682,,,-0.3256489992742296
R1,Composite,0.9989973672985064,0.9870805327342509,0.9996325513709503,0.9951942316870157,0.6348899492574133,12,12,12.0,24.0,500,-0.37669656094021375,-1.8964600710919585e-05,21.840539662077347,2.680911559367302,1.4298328356362209,,,
R2,Seasonal,0.741636650465082,0.8840805103709379,0.962097711133236,0.9948177637376353,0.9600376972982425,12,12,12.0,24.0,500,0.0,0.0,10.986805397517204,7.679552464963942,0.8107102641289535,,,
R3,Stationary_WN,0.2091772040290859,0.07282620193803702,0.5044576324214538,0.10369830420690906,0.2596325221302277,None,2,,,500,0.0,0.0,0.0,0.0,5.677103261097858,,,
R4,Trending_ExponentialGrowth,0.9989162051519289,0.24754381904765232,0.9991462116254168,0.33409950722152004,0.21279578578044034,None,24,,,500,,,0.0,0.0,1.0104077149147421,,,
R1,Composite,0.9773993228428212,0.972661979239059,0.9956780852467404,0.9941449967858192,0.8129061677962295,48,50,48.0,96.0,500,0.12808656828822776,-3.3442019445646485e-05,20.853226102503502,3.2494875915209733,1.3211962861243607,,,
R2,Seasonal,0.6550661217549552,0.937390583517885,0.9505058885206566,0.9973596051202537,0.962822757345223,48,50,48.0,96.0,500,0.0,0.0,20.097101650025092,8.78695588274919,0.9873131278781566,,,
R3,Stationary_WN,0.19005045882695315,0.16796957899881448,0.42841131319718695,0.24983362248730856,0.32827305149536745,None,3,,,500,0.0,0.0,0.0,0.0,8.982038859708075,,,
R4,Trending_RandomWalkDrift,0.9795306597459155,0.3428848997579579,0.9985937857894465,0.9533385553460008,0.9298872412650037,None,100,,,500,,,0.0,0.0,0.6192864429901294,,,-0.1931150875505376
R1,Composite,0.9986516749905995,0.9592806169462019,0.9996494653817602,0.988998637972682,0.7406550442413806,36,36,36.0,72.0,500,-0.38173013993338534,2.363346869861251e-05,13.47832154458393,4.075514328392128,1.4219044789393265,,,
R2,Seasonal,0.6937177064201291,0.8350914536780213,0.8968651182804741,0.983868439890735,0.9167138795909066,36,36,36.0,72.0,500,0.0,0.0,13.540522726785333,10.808471179038232,1.8063107197283048,,,
R3,Stationary_WN,0.09978386238755377,0.2838521072802328,0.16704531873979767,0.3804336854919377,0.27760803155857694,None,15,,,500,0.0,0.0,0.0,0.0,5.978575114977032,,,
R4,Trending_MeanShift,0.9999519318809075,0.999807396684467,0.9998064828710687,0.9992321207596098,0.0,None,250,,,500,,,0.0,0.0,0.9477035445847761,,250.0,
R1,Composite,0.9977683310088301,0.9609756789034153,0.999817994086415,0.9967520267465376,0.9186471545472541,24,24,24.0,48.0,500,-0.3417814173556857,-1.2396158228487361e-05,16.480269865716778,5.807712696310483,0.9693689944290061,,,
R2,Seasonal,0.5491972883098188,0.9797665412252348,0.5566785666262827,0.9947118089263299,0.7383117074494425,24,24,24.0,48.0,500,0.0,0.0,24.703387246460398,4.698524882901771,1.8461878906045341,,,
R3,Stationary_AR,0.02577907248348521,0.4444494802693084,0.0,0.5270948392695751,0.0,None,167,,,500,0.0,0.0,0.0,0.0,5.0,0.43178539730390825,,
R4,Trending_ExponentialGrowth,0.9794454896218338,0.19892716493803042,0.9855251043202653,0.3862538336287211,0.3117248626716349,None,24,,,500,,,0.0,0.0,1.3933514375224543,,,
R1,Composite,0.998867909102073,0.9905523411790639,0.999855381216288,0.9987840985893881,0.8723164862168201,12,12,12.0,24.0,500,-0.20075301389642686,-3.331377895718026e-05,15.252673888083695,2.710772158752101,0.5515257692273732,,,
R2,Seasonal,0.7493954860019967,0.9884151326459634,0.9748889494057672,0.9996778824805084,0.9724385897189403,12,12,12.0,24.0,500,0.0,0.0,29.709634035471154,6.378111699440174,0.5378740474801437,,,
R3,Stationary_AR,0.12568143744908977,0.4124649877333423,0.2573363954901501,0.6577392142078189,0.5900201231857579,None,71,,,500,0.0,0.0,0.0,0.0,5.0,0.6445552127924039,,
R4,Trending_MeanShift,0.9999057456930999,0.999622655552337,0.9998381120433771,0.9993490659855284,0.0,None,250,,,500,,,0.0,0.0,1.470624600174955,,250.0,
R1,Composite,0.9954906263095274,0.891550117468928,0.9998974921642155,0.9972755949631169,0.9774867470481118,36,36,36.0,72.0,500,-0.31516306947903244,3.792519076249829e-05,11.728054188903801,7.785856117306589,0.6151150684042681,,,
R2,Seasonal,0.6897306766310678,0.9364659476566952,0.8997433568938457,0.9945636682063764,0.9193448982627463,36,36,36.0,72.0,500,0.0,0.0,22.191941552904566,10.360763723395262,1.8890193928027283,,,
R3,Stationary_WN,0.25914063991349867,0.15226064307051368,0.5309129579749674,0.2011591338218769,0.26597515486640166,None,2,,,500,0.0,0.0,0.0,0.0,6.187983458340078,,,
R4,Trending_ExponentialGrowth,0.9973147266441806,0.29203997784233415,0.9983027757508968,0.42638784703140553,0.36480751179375126,None,24,,,500,,,0.0,0.0,1.4868003142172275,,,
R1,Composite,0.9870486364470117,0.9745102714438046,0.9996755444961586,0.9993141704390425,0.9755702287910099,48,50,48.0,96.0,500,0.16033800519128802,-4.513594836872478e-05,20.477223870798646,5.173082061006001,0.5525124300559188,,,
R2,Seasonal,0.6729676068770052,0.9355640924901135,0.9895976649791656,0.9994027310926138,0.9918634211965364,48,50,48.0,96.0,500,0.0,0.0,26.145759605529157,11.945186841162812,0.6294611888562214,,,
R3,Stationary_WN,0.06509801688739969,0.28628210784815356,0.15286486063579519,0.39650018308623003,0.3991481277882868,None,13,,,500,0.0,0.0,0.0,0.0,5.781253552671996,,,
R4,Trending_RandomWalkDrift,0.9944726162674218,0.8569474715411111,0.9939993373119419,0.866265592114603,0.0,None,250,,,500,,,0.0,0.0,1.4930098447201772,,,0.3564925463974963
R1,Composite,0.996014657173947,0.9574371756812151,0.9996587363289796,0.9962628360714872,0.9153888755072066,36,36,36.0,72.0,500,0.2974800202269615,-2.673071146807091e-05,17.280954724470067,6.449027705412958,1.294180729842438,,,
R2,Seasonal,0.6846218265936187,0.9749031146611328,0.8994327029996131,0.9980341846730754,0.9235731431155476,36,36,36.0,72.0,500,0.0,0.0,28.787638133265816,8.082059163569962,1.3878540422273775,,,
R3,Stationary_WN,0.18171303528653937,0.096615955846867,0.37707160938274653,0.18139083855364613,0.3014390325393649,None,3,,,500,0.0,0.0,0.0,0.0,12.490280863168621,,,
R4,Trending_MeanShift,0.9998486882854165,0.9994013744055943,0.9998290176841999,0.9993117684796039,0.0,None,250,,,500,,,0.0,0.0,0.7862678530271913,,250.0,
R1,Composite,0.9955046998758655,0.9783336709359912,0.9994750866932933,0.9974852238442846,0.8848940013154049,24,24,24.0,48.0,500,0.20765725493059134,1.1619078224593552e-05,19.627494319893984,4.844355826534869,1.0800000144162256,,,
R2,Seasonal,0.6815420071723184,0.9606432192477155,0.8982982225700141,0.9969387806352653,0.9246239057557679,24,24,24.0,48.0,500,0.0,0.0,23.502322870300397,8.418585181924797,1.430171886038507,,,
R3,Stationary_AR,0.05543736127427168,0.2492823448434074,0.18041363963913626,0.5892663298739612,0.6940767263323271,None,62,,,500,0.0,0.0,0.0,0.0,5.0,0.5072017657811919,,
R4,Trending_MeanShift,0.999884820209026,0.9995394331699385,0.9998549832240456,0.999429321098709,0.0,None,250,,,500,,,0.0,0.0,0.9300406407104148,,250.0,
R1,Composite,0.9981455401575308,0.9841333881343394,0.9996546505360419,0.9969996201768763,0.8143263255850488,12,12,12.0,24.0,500,-0.24152062154345996,-4.128219463460214e-05,18.25726864661733,3.923882726949688,1.0072192849974204,,,
R2,Seasonal,0.7310945138685465,0.941967685685295,0.9289176683031685,0.9955891137374402,0.9276540252151331,12,12,12.0,24.0,500,0.0,0.0,17.901505636959303,8.436174199738634,1.26537866913259,,,
R3,Stationary_WN,0.043920655278275045,0.27151542845560217,0.0713614899616114,0.40974319634894063,0.2937607632907254,None,19,,,500,0.0,0.0,0.0,0.0,6.059633574750666,,,
R4,Trending_MeanShift,0.9999794137631282,0.9999177464349078,0.9998545741535823,0.99941058440125,0.0,None,250,,,500,,,0.0,0.0,0.6405633585632301,,250.0,
R1,Composite,0.9928932849447726,0.8622945785237659,0.9997957091584819,0.995193614435874,0.9717511713045657,48,50,48.0,96.0,500,-0.24023248505837588,-2.830007430590727e-05,10.861024855854682,7.549358270596981,0.8190005317063613,,,
R2,Seasonal,0.6333013818801398,0.8974621973648443,0.8763083421027452,0.9891527789265739,0.9097907271748118,48,50,48.0,96.0,500,0.0,0.0,12.130268554215533,6.608156332085833,1.2485867876444208,,,
R3,Stationary_AR,0.12952728769934163,0.23845885874928763,0.2788181003541632,0.5445820296682047,0.6461483514585935,None,18,,,500,0.0,0.0,0.0,0.0,5.0,0.6256090327260836,,
R4,Trending_ExponentialGrowth,0.9892180040023602,0.228244748754996,0.9923126022329614,0.3515762414930429,0.2866605395904116,None,24,,,500,,,0.0,0.0,1.4394816519648987,,,
R1,Composite,0.9966636485992653,0.900076677554872,0.999900566566474,0.9967295518964554,0.9704165306532203,36,36,36.0,72.0,500,-0.28206927499773404,3.363154270477156e-05,9.433959822354952,5.839970881954136,0.6086112232348353,,,
R2,Seasonal,0.6991994664226338,0.9516895595086704,0.9203979485120503,0.9967921948500421,0.9367028701706436,36,36,36.0,72.0,500,0.0,0.0,19.482721281817845,8.102191703273936,1.2095054984991693,,,
R3,Stationary_WN,0.06670465592251873,0.1062536668434958,0.248879844008567,0.2309155866209447,0.311525302921582,None,5,,,500,0.0,0.0,0.0,0.0,14.800900098066727,,,
R4,Trending_ExponentialGrowth,0.9977577332053968,0.2645147971460211,0.9984359966114846,0.4103161121461988,0.2975196862517375,None,24,,,500,,,0.0,0.0,1.4551842464602898,,,
R1,Composite,0.9933167875382231,0.9819369995920386,0.9989251115276392,0.9967912288620766,0.8400421900204178,48,50,48.0,96.0,500,-0.16577431566599973,-1.978272410663718e-05,21.345918727090393,3.203000773021545,1.053520665942819,,,
R2,Seasonal,0.023519463494761306,0.976764945216101,0.0589737370197273,0.9937806550942537,0.7499752664669519,48,100,48.0,96.0,500,0.0,0.0,15.351253380331052,11.810936943033575,1.5292046591722923,,,
R3,Stationary_AR,0.022848938622031856,0.6965975324046221,0.022591414733185933,0.8566084986762339,0.5193007828064196,None,250,,,500,0.0,0.0,0.0,0.0,5.0,0.4536225704749887,,
R4,Trending_RandomWalkDrift,0.9918045477335088,0.09434580671711768,0.9990387301925198,0.6859194031183842,0.8817328716104429,None,24,,,500,,,0.0,0.0,1.2621007448951798,,,-0.3948437940620354
R1,Composite,0.9968033744920204,0.8926646999173109,0.9999129405315281,0.9965589759219602,0.9729415689963642,48,50,48.0,96.0,500,0.34309391410554346,1.465724040199414e-05,11.779426013608106,7.150225754424002,0.6805980645272368,,,
R2,Seasonal,0.5935385479493931,0.9233404971417648,0.8033571524932308,0.9895405840609642,0.8823707379232056,48,50,48.0,96.0,500,0.0,0.0,17.428379234266195,7.612745522328707,1.9040490233229912,,,
R3,Stationary_WN,0.2881479904724863,0.15535706621802858,0.5474248621818378,0.20688764456541042,0.2647808866609834,None,2,,,500,0.0,0.0,0.0,0.0,13.3964913917032,,,
R4,Trending_MeanShift,0.9998744095852652,0.999497583993747,0.999857782790037,0.9994366042419905,0.0,None,250,,,500,,,0.0,0.0,0.8358427452437724,,250.0,
R1,Composite,0.9991504268747574,0.9702799999899415,0.9998752613689091,0.9955322447620505,0.8536576136706396,12,12,12.0,24.0,500,0.3951276324486075,-3.722266542816918e-05,12.794336294829822,3.8196271958843573,0.980357670183095,,,
R2,Seasonal,0.7546534690272002,0.9220679942754854,0.984416261941767,0.9985285202840518,0.9824790676865838,12,12,12.0,24.0,500,0.0,0.0,18.476847341110705,10.851048426913088,0.5196679812738001,,,
R3,Stationary_WN,0.25636634313057105,0.09293661970371891,0.5247501881382064,0.11566102443545445,0.23608169417485936,None,2,,,500,0.0,0.0,0.0,0.0,8.933384687721682,,,
R4,Trending_ExponentialGrowth,0.9891289076737325,0.24366285211117922,0.992515085601324,0.36756499282920263,0.3114521988070741,None,24,,,500,,,0.0,0.0,0.615054962397657,,,
R1,Composite,0.9960465937139832,0.9744827316494399,0.9996862286722892,0.9977490004286432,0.9211043108860522,48,50,48.0,96.0,500,0.23027006441026432,4.450285201319786e-05,20.201010917953163,4.425069059265718,0.9581200673525769,,,
R2,Seasonal,0.5945569415777934,0.969707254563253,0.9350899439463312,0.9987580064517804,0.9634058454318248,48,50,48.0,96.0,500,0.0,0.0,26.96578866995399,7.315942614641708,0.9522853020878111,,,
R3,Stationary_WN,0.20396907159965982,0.10620006788499481,0.4141821095014345,0.18618518495964853,0.3433569039633654,None,3,,,500,0.0,0.0,0.0,0.0,5.59289387623613,,,
R4,Trending_ExponentialGrowth,0.9994581190215877,0.24149730366772815,0.999666119021946,0.4178900242581479,0.3776626902531771,None,24,,,500,,,0.0,0.0,0.9243831253201472,,,
R1,Composite,0.999047706807937,0.9940783861678105,0.9999004284274021,0.999379459515568,0.8956334965412823,12,12,12.0,24.0,500,-0.28709084450658284,4.462637874048164e-05,21.651964217682025,3.0850475321958837,0.612681402722723,,,
R2,Seasonal,0.6544997718548007,0.9854079105068376,0.7223392166132004,0.9963278400707376,0.751883296055055,12,12,12.0,24.0,500,0.0,0.0,28.626047298360955,5.730617370315029,1.962010808312832,,,
R3,Stationary_WN,0.040884488801281704,0.2788594763496913,0.127760139659565,0.3963052335098035,0.3425359613108063,None,15,,,500,0.0,0.0,0.0,0.0,7.6203059774936825,,,
R4,Trending_MeanShift,0.9997804445630665,0.9991244989416782,0.9997977278072855,0.9991962796400663,0.07935246061194812,None,250,,,500,,,0.0,0.0,1.3794243395162322,,250.0,
R1,Composite,0.999386678653493,0.9788104426377378,0.9999244509372915,0.9973432196731716,0.8770152861814113,12,12,12.0,24.0,500,0.339466782050015,-1.6814617305065407e-05,11.395743475138207,3.0212186321340173,0.6539584561991952,,,
R2,Seasonal,0.7457368208158246,0.9687376226425682,0.9734711594834708,0.9990886702392349,0.971607295802025,12,12,12.0,24.0,500,0.0,0.0,26.505731093246737,9.21462166988624,0.9127320080680622,,,
R3,Stationary_WN,0.13862562905487585,0.175026898574826,0.4458975483084885,0.271948859831845,0.33819237905935706,None,3,,,500,0.0,0.0,0.0,0.0,5.153298587823056,,,
R4,Trending_ExponentialGrowth,0.9950921989417244,0.2170636822152303,0.9970306699454761,0.35915016803932875,0.39400402113485944,None,24,,,500,,,0.0,0.0,1.2282345299104815,,,
R1,Composite,0.9920059635383685,0.9756148893031519,0.9993249910749031,0.9977619297046101,0.9171986975625058,48,50,48.0,96.0,500,-0.19799622194176142,-1.774825834250059e-05,23.585797553255404,5.429432122234716,1.0489273109072323,,,
R2,Seasonal,0.5066586494358294,0.9812256320202808,0.7218578483677407,0.997219978905885,0.8644437151214948,48,50,48.0,96.0,500,0.0,0.0,25.271983867404394,4.3418583734851985,1.3344071057898248,,,
R3,Stationary_AR,0.1084288115553822,0.24495221995495353,0.15949591449582068,0.5571626739831879,0.6965017818393453,None,38,,,500,0.0,0.0,0.0,0.0,5.0,0.6320384300561077,,
R4,Trending_MeanShift,0.999923738526704,0.9996937235784825,0.999951642326028,0.9998064559010131,0.36675189279845544,None,250,,,500,,,0.0,0.0,0.9032398686033007,,250.0,
R1,Composite,0.9943077037028903,0.98637229542565,0.9987830475463645,0.9968319702801132,0.7870713936190793,48,50,48.0,96.0,500,-0.15211315397698216,1.1157144409388722e-05,18.971891602945064,2.0207896565835908,0.8934144784725975,,,
R2,Seasonal,0.6479006964726957,0.9603940798600392,0.9817427806354974,0.9994329221517475,0.9871434144963402,48,50,48.0,96.0,500,0.0,0.0,29.81400122670916,10.103013597171977,0.7179063112944055,,,
R3,Stationary_AR,0.33547835313615937,0.24805516725154053,0.41901689598744307,0.40969986321242335,0.5230522875145063,None,11,,,500,0.0,0.0,0.0,0.0,5.0,0.5059824329331071,,
R4,Trending_MeanShift,0.9999772291577025,0.9999090128326842,0.999719349211088,0.9989032261245917,0.0,None,250,,,500,,,0.0,0.0,0.7597145406243951,,250.0,
R1,Composite,0.9936782072749041,0.9468378351487802,0.9989766914961209,0.9901045803081967,0.8392527755537604,48,50,48.0,96.0,500,-0.27328401424887283,1.6682482778275755e-05,17.993940672291853,5.224265750966626,1.434789204305695,,,
R2,Seasonal,0.47763217258547797,0.9746721273700566,0.7045664677968995,0.99643915344691,0.8737379208382456,48,50,48.0,96.0,500,0.0,0.0,20.93191862003233,4.335245096325769,1.1971309193776694,,,
R3,Stationary_WN,0.06260468211567483,0.2013614036673963,0.21617782385764728,0.34109323385392465,0.34114856734173205,None,6,,,500,0.0,0.0,0.0,0.0,13.292433980941675,,,
R4,Trending_ExponentialGrowth,0.9918857634025972,0.2672202403923647,0.9945448613993333,0.3725722648851929,0.33064783028653055,None,24,,,500,,,0.0,0.0,1.287667515976238,,,
R1,Composite,0.9792833988545275,0.9715405145181917,0.998862704795537,0.9984918343966779,0.9480985618107534,12,12,12.0,24.0,500,-0.13282681918644357,1.5714344344622077e-05,22.533288579259057,7.4147372910854275,0.9419950514196642,,,
R2,Seasonal,0.6652565306851073,0.9643861552588711,0.7715522197480232,0.9926713523250263,0.8009216060961646,12,12,12.0,24.0,500,0.0,0.0,19.666640155325332,6.240896705590496,1.689467702969773,,,
R3,Stationary_AR,0.07538302681874942,0.2647251841057775,0.14590674182366936,0.6244837931133299,0.7224975705068168,None,50,,,500,0.0,0.0,0.0,0.0,5.0,0.6806248794063685,,
R4,Trending_MeanShift,0.9999030217665053,0.9996139633697877,0.9995676702833517,0.9983418639203968,0.0,None,250,,,500,,,0.0,0.0,0.9277349962207385,,250.0,
R1,Composite,0.9976568520655369,0.9849588521642402,0.999352504046726,0.9957964812447891,0.7237496192985051,36,36,36.0,72.0,500,-0.2010445309481062,-2.0171182639988366e-05,16.911767036595506,2.8633723226087233,1.2221722239233883,,,
R2,Seasonal,0.6100464554014836,0.9745786002875744,0.7114902388916736,0.9950067234266342,0.8083552002484664,36,36,36.0,72.0,500,0.0,0.0,25.24312392792967,6.225838891104546,1.920317527787425,,,
R3,Stationary_WN,0.3173627653117985,0.15920308567646657,0.5754972262766909,0.21459560935647093,0.29765374711947923,None,2,,,500,0.0,0.0,0.0,0.0,7.1271190848355115,,,
R4,Trending_MeanShift,0.9999322981710544,0.9997297813708955,0.9999521082725791,0.9998087056635759,0.29240087513756563,None,250,,,500,,,0.0,0.0,1.4694386098604189,,250.0,
R1,Composite,0.994414744672659,0.9723668096689279,0.9994528716612664,0.9972489103073904,0.9031172173419535,12,12,12.0,24.0,500,-0.2078197785822042,2.4190935608743045e-05,18.0136085483177,5.601819577792953,1.0259853363802884,,,
R2,Seasonal,0.6394903390380753,0.9148794069071324,0.6998804547399774,0.9776911311073807,0.7580041483431749,12,12,12.0,24.0,500,0.0,0.0,13.338683031467767,6.046306199414961,1.959996740711201,,,
R3,Stationary_AR,0.14356711416353118,0.2649511727630356,0.14397967843526704,0.45599514426041854,0.5282419047762619,None,23,,,500,0.0,0.0,0.0,0.0,5.0,0.4179352307940591,,
R4,Trending_MeanShift,0.9999701802432346,0.999881037858314,0.9993089989298716,0.9970694171339456,0.0,None,250,,,500,,,0.0,0.0,0.9003025966599422,,250.0,
R1,Composite,0.9968471723817837,0.8507724600308384,0.999552070399105,0.9753097449220235,0.8587089653200244,36,36,36.0,72.0,500,-0.3117272073398298,3.0329632205240097e-05,8.111068378030172,5.598583518498795,1.4812308219547046,,,
R2,Seasonal,0.6894823140031981,0.8399173291195507,0.8892086640876525,0.9836351778221522,0.9129780405953436,36,36,36.0,72.0,500,0.0,0.0,12.378599867316886,9.827152091185244,1.7846104517644954,,,
R3,Stationary_AR,0.06646508676249807,0.34439779507130786,0.15784687735001401,0.5600621874274162,0.6389516979166177,None,28,,,500,0.0,0.0,0.0,0.0,5.0,0.4993980673809344,,
R4,Trending_ExponentialGrowth,0.9858809762732291,0.15419103389818634,0.9905279906933128,0.32740613020797193,0.31797606424319846,None,24,,,500,,,0.0,0.0,1.2184602083189908,,,
R1,Composite,0.9942598638790994,0.9323706991701854,0.999209684275825,0.9893772246871481,0.8632207531777325,48,50,48.0,96.0,500,0.19058358848027174,-1.7693060151948128e-05,10.48546548748751,4.2948300080143875,1.0205315397729948,,,
R2,Seasonal,0.006417178462947426,0.9682102951172132,0.04395038569795473,0.9877435120268597,0.635993064815545,48,100,48.0,96.0,500,0.0,0.0,13.843843898003271,10.92626077191734,1.9576888618391761,,,
R3,Stationary_WN,0.1050942604170827,0.08569863774676756,0.3056782820288684,0.21642870259884184,0.3118938178097965,None,5,,,500,0.0,0.0,0.0,0.0,11.994965228625386,,,
R4,Trending_ExponentialGrowth,0.9817356371256533,0.2740406977342915,0.987545148296603,0.3652873940885458,0.32501057941493194,None,24,,,500,,,0.0,0.0,1.4791804557125112,,,
R1,Composite,0.9975697225302075,0.9372798533157221,0.9997940916338932,0.9944416779064017,0.9156460619959981,12,12,12.0,24.0,500,-0.35021990451732987,-4.856495147393035e-05,14.62912221396286,7.101454020756621,1.132715040753654,,,
R2,Seasonal,0.5675096332423911,0.962638673779989,0.5636183337203233,0.9880249903054059,0.6918512809899878,12,12,12.0,24.0,500,0.0,0.0,16.901973461147513,4.475905999580395,1.8212055610153495,,,
R3,Stationary_AR,0.010845946514246085,0.21881409916047534,0.05259412970789601,0.5764248910478929,0.645451361750268,None,83,,,500,0.0,0.0,0.0,0.0,5.0,0.48148256011584684,,
R4,Trending_RandomWalkDrift,0.9975759019334415,0.30370722425312524,0.9996872016168626,0.720129730585048,0.8724286252674682,None,24,,,500,,,0.0,0.0,1.46250870044754,,,-0.22791019143105973
R1,Composite,0.9874032272597485,0.9154437074147064,0.9996336965703053,0.9974192833594754,0.9719625471300578,36,36,36.0,72.0,500,0.15647111309318104,4.922729317082431e-05,13.84458936975551,7.798716485469419,0.7069948602049528,,,
R2,Seasonal,0.69176635587971,0.9808236828874484,0.9080153327344893,0.9986038428821716,0.9287131945172966,36,36,36.0,72.0,500,0.0,0.0,23.379152816128936,5.8295014671444765,1.0172492637461679,,,
R3,Stationary_AR,0.16445900968014415,0.2946328742420161,0.3492858156162001,0.49766486536191135,0.608166685281412,None,24,,,500,0.0,0.0,0.0,0.0,5.0,0.5639143544818147,,
R4,Trending_RandomWalkDrift,0.9477728314722327,0.1130302216592437,0.9925455339377753,0.6901881242962302,0.8722566467023903,None,24,,,500,,,0.0,0.0,0.9968181907991057,,,-0.15715880911356137
R1,Composite,0.9947492049307749,0.9682283756398888,0.9993443516189976,0.9959902229494316,0.8768124808912552,24,24,24.0,48.0,500,0.24827761215253039,-3.465010189148449e-05,18.99755204441221,5.798115162187341,1.272675571888915,,,
R2,Seasonal,0.6997510377879772,0.8360108925621601,0.9542393369460049,0.9935012316534899,0.965640143650168,24,24,24.0,48.0,500,0.0,0.0,11.891801073735754,9.884369762315718,1.103782165457532,,,
R3,Stationary_WN,0.08434280748230238,0.19593976893241727,0.35297857852477854,0.27613370215010813,0.3270790486071091,None,5,,,500,0.0,0.0,0.0,0.0,11.772086564390433,,,
R4,Trending_RandomWalkDrift,0.9988428742207727,0.9162561544362113,0.9962273174085905,0.7883102134954814,0.0,None,250,,,500,,,0.0,0.0,0.741882425722018,,,0.43043707476361903
R1,Composite,0.9974280700679216,0.96424921120243,0.9996910479284695,0.9956053503523628,0.8804378952427111,12,12,12.0,24.0,500,-0.20374386389274382,2.5932664610929864e-05,10.32780868734234,3.5217721661445744,0.6957114401621087,,,
R2,Seasonal,0.7524696067215815,0.9237355583043656,0.9863767212215975,0.9987786045661521,0.9850600220349753,12,12,12.0,24.0,500,0.0,0.0,18.586892528422027,10.724081715959338,0.6577763833687498,,,
R3,Stationary_WN,0.1731320300811321,0.08497031297190294,0.5123899648620065,0.1405262951754137,0.3570088500854801,None,2,,,500,0.0,0.0,0.0,0.0,10.496538920000301,,,
R4,Trending_MeanShift,0.9999825231576105,0.9999301359528675,0.9999822080747715,0.9999289906664725,0.0,None,250,,,500,,,0.0,0.0,0.7334012020009429,,250.0,
R1,Composite,0.9984020761802819,0.9889390589575507,0.9997211665511618,0.9980506223341663,0.8260741998802583,36,36,36.0,72.0,500,-0.27575323237741217,2.0890438083160793e-05,20.362325569545387,3.431496253946249,0.962698055977507,,,
R2,Seasonal,0.7133128024647901,0.8154782640439471,0.9733706723965161,0.9951059913006737,0.9782033021197479,36,36,36.0,72.0,500,0.0,0.0,10.394337416238589,9.329054318380644,0.7244507675155161,,,
R3,Stationary_AR,0.01596827449678262,0.4135306375392819,0.058109252554862434,0.7961207159017158,0.7034224703808323,None,125,,,500,0.0,0.0,0.0,0.0,5.0,0.6405872920893022,,
R4,Trending_ExponentialGrowth,0.9918977329416581,0.2148543965627342,0.9949799512651838,0.3645219280486528,0.3819365074747014,None,24,,,500,,,0.0,0.0,1.0158523079630788,,,
R1,Composite,0.990538217677749,0.9496818199836002,0.9987452542254097,0.9933268472243894,0.8706352752767615,36,36,36.0,72.0,500,0.106489928790653,4.597192959384205e-05,11.174191056860398,4.297224298603837,0.9152498983586083,,,
R2,Seasonal,0.6753449922247001,0.9301995640768373,0.8253362512701259,0.9900493612365715,0.8657843354351605,36,36,36.0,72.0,500,0.0,0.0,14.096917825411545,6.930782581080123,1.4288839276056118,,,
R3,Stationary_AR,0.10233285846444262,0.30559923844724146,0.21239531400907208,0.6579205475975596,0.7180486957100014,None,45,,,500,0.0,0.0,0.0,0.0,5.0,0.6437105126995408,,
R4,Trending_MeanShift,0.999892327940304,0.9995686469621313,0.9998670703557605,0.9994639586157295,0.0,None,250,,,500,,,0.0,0.0,1.144115604893202,,250.0,
R1,Composite,0.9848648169718617,0.9227193133178557,0.9995005097846874,0.9971660289642822,0.9681267728091525,48,50,48.0,96.0,500,-0.1274832172618504,3.668467024710259e-05,9.54362906416148,4.736936651582451,0.5700548084571839,,,
R2,Seasonal,0.6306871774713168,0.9591012534134823,0.9281848847658578,0.9977865398762358,0.9514331054192643,48,50,48.0,96.0,500,0.0,0.0,27.753762329596444,9.294264901581153,1.453207582009861,,,
R3,Stationary_WN,0.16966825157009435,0.20298286789737896,0.3481645472555488,0.2735056261388481,0.2977768378392861,None,5,,,500,0.0,0.0,0.0,0.0,5.312933756513064,,,
R4,Trending_MeanShift,0.9997842967894428,0.9991428974146347,0.9996469426766461,0.9986281637908917,0.0,None,250,,,500,,,0.0,0.0,1.1661552400679769,,250.0,
R1,Composite,0.9973984692321071,0.9689417951067083,0.999588818957978,0.9945444260044145,0.842151394780229,48,50,48.0,96.0,500,-0.31745488623343854,-2.9909570549823594e-05,19.03121883029624,4.414984267968622,1.3371058582458195,,,
R2,Seasonal,0.45567387676767246,0.9460172264820664,0.5877712131163099,0.9881796479771452,0.8068085805318586,48,50,48.0,96.0,500,0.0,0.0,17.46184091305519,5.001852166455896,1.644622363594961,,,
R3,Stationary_WN,0.09755978586078928,0.18424632736170166,0.14107285622908317,0.3452224761419591,0.29056517451695163,None,11,,,500,0.0,0.0,0.0,0.0,5.6106363583541565,,,
R4,Trending_ExponentialGrowth,0.99897561123256,0.2663147737390905,0.9993242308519291,0.3582675829641295,0.33690555645757836,None,24,,,500,,,0.0,0.0,0.9723188268259284,,,
R1,Composite,0.9977803787057978,0.9673567111084013,0.9999396682322137,0.9990210668507034,0.9729294946809005,48,50,48.0,96.0,500,0.3826578304168804,-3.367578650007458e-05,19.27756168215852,5.782768109516196,0.6002329487978233,,,
R2,Seasonal,0.63456446718996,0.9452556747319579,0.9028528729212769,0.9957354954741271,0.9305209266552881,48,50,48.0,96.0,500,0.0,0.0,13.377314166358527,5.208134190513813,0.8921361113843536,,,
R3,Stationary_WN,0.10034189139638361,0.24221598280695789,0.22412605028764598,0.3539966109091145,0.37926786207762253,None,8,,,500,0.0,0.0,0.0,0.0,13.578565478143696,,,
R4,Trending_ExponentialGrowth,0.9852036333180563,0.2109829939301372,0.9910393309142406,0.39277858206442195,0.3911671343887453,None,24,,,500,,,0.0,0.0,0.795044633158455,,,
R1,Composite,0.9721252713552127,0.9663437841831167,0.9987083087819165,0.9985273871519484,0.9572505933822582,24,24,24.0,48.0,500,0.12500401589632354,-1.889697878157184e-05,22.219689761325785,7.670314723141501,0.9081087815515366,,,
R2,Seasonal,0.6606633054643655,0.9444702475540859,0.8570763404739636,0.9941907413763849,0.8985310283324158,24,24,24.0,48.0,500,0.0,0.0,14.084995398202135,5.590352217709494,1.132778881325766,,,
R3,Stationary_WN,0.2549700531972531,0.1250971680369577,0.43354882819983365,0.15963138869850435,0.31728540888581,None,3,,,500,0.0,0.0,0.0,0.0,5.181137656217455,,,
R4,Trending_ExponentialGrowth,0.9987225211228873,0.30801669023516376,0.9991457265618616,0.4047017495886682,0.3276714703442577,None,24,,,500,,,0.0,0.0,1.3964225758049038,,,
R1,Composite,0.9948421685747187,0.9856532318955445,0.9989822972341655,0.9969436070793306,0.8037804715274426,48,50,48.0,96.0,500,0.19583485366344808,1.4098218724514508e-05,24.65595000903139,3.0034520089839822,1.1995203361316311,,,
R2,Seasonal,0.424195442117687,0.9854329561680106,0.7369978663077852,0.9985400621803935,0.9088552493336931,48,50,48.0,96.0,500,0.0,0.0,29.461845438025232,4.156794531165472,0.8823107915754075,,,
R3,Stationary_WN,0.19062636518233578,0.13246410054302715,0.5454838346926725,0.1837705542728818,0.3137461190464328,None,2,,,500,0.0,0.0,0.0,0.0,12.182417866545222,,,
R4,Trending_RandomWalkDrift,0.9939014957565547,0.06993458793691376,0.9996314853259298,0.6953901474655937,0.9399355362045493,None,24,,,500,,,0.0,0.0,0.7171679392677538,,,0.4528687196835287
R1,Composite,0.9967199437953416,0.982652330395826,0.9996324661697769,0.9980429877280427,0.8887776859831188,36,36,36.0,72.0,500,-0.2554806661920881,-3.5809638276570976e-05,24.161543360649407,5.490210267889052,1.0875612524141105,,,
R2,Seasonal,0.010434818303287074,0.9812807296415532,0.018576508876973152,0.9881671324455188,0.3709449835353056,36,71,36.0,72.0,500,0.0,0.0,10.816418406324894,11.718513517372356,1.6752453498555473,,,
R3,Stationary_WN,0.11518306474537499,0.20415370981486802,0.22748076364676417,0.31898324674062184,0.27495131038465104,None,8,,,500,0.0,0.0,0.0,0.0,13.061818372287059,,,
R4,Trending_RandomWalkDrift,0.9458594917162875,0.7273256062317561,0.6897805013497733,0.12995759113617478,0.0,None,167,,,500,,,0.0,0.0,1.3835874213459596,,,-0.11311069744928624
R1,Composite,0.9974411545328435,0.916246340891923,0.9995681386687307,0.983564552426751,0.8313811559917595,48,50,48.0,96.0,500,0.330710971212012,1.1644239287962282e-05,11.584638272901396,4.927795343883268,1.389143099819158,,,
R2,Seasonal,0.5879378666237287,0.965906187824419,0.8323042459403072,0.9957978318707118,0.8886147390078003,48,50,48.0,96.0,500,0.0,0.0,28.65452088819831,8.026864512324451,1.9175635473146082,,,
R3,Stationary_AR,0.06728614127961496,0.2234257112599386,0.12534021371258897,0.49664031792245555,0.5976304533993064,None,56,,,500,0.0,0.0,0.0,0.0,5.0,0.5003033577753307,,
R4,Trending_ExponentialGrowth,0.9620115272748989,0.2197813172590759,0.9719980646125175,0.31160603629140016,0.2519329149419379,None,24,,,500,,,0.0,0.0,1.2929025340885818,,,
R1,Composite,0.9942618130383992,0.9495219985139831,0.9983753397568869,0.9854770165520953,0.7188146731863732,24,24,24.0,48.0,500,0.16607544526314028,-2.4116676875028118e-05,10.246378667276865,3.2419552891590495,1.238439283772411,,,
R2,Seasonal,0.6825415071149235,0.9716014137939832,0.8905646529996124,0.997633221738032,0.9181866098666676,24,24,24.0,48.0,500,0.0,0.0,18.988936728398908,5.697515395732451,0.9618526418027703,,,
R3,Stationary_WN,0.12187118308209566,0.14103072472245315,0.4384585175691672,0.2209617664968584,0.35766156418988193,None,4,,,500,0.0,0.0,0.0,0.0,13.113892835885995,,,
R4,Trending_RandomWalkDrift,0.7778957802916325,0.9803263259604766,0.32647302042032345,0.8286144225677103,0.0,None,250,,,500,,,0.0,0.0,1.2079970967547724,,,-0.10724808499704884
R1,Composite,0.9987430673781308,0.9806677053283454,0.9994295452468951,0.9912651727416998,0.5468825515913182,12,12,12.0,24.0,500,-0.3054632575312629,1.3659054742916515e-05,15.276613840651274,2.2409751014731585,1.4294305923010824,,,
R2,Seasonal,0.7528263981749677,0.9495738704991975,0.9862773951393771,0.9991935026092686,0.9847466913750237,12,12,12.0,24.0,500,0.0,0.0,20.613797360623117,9.533147138634815,0.6685690597789272,,,
R3,Stationary_WN,0.17717560438313884,0.16428515825585,0.3051142310170182,0.30157506423552727,0.24347959161497124,None,5,,,500,0.0,0.0,0.0,0.0,9.544435230199726,,,
R4,Trending_RandomWalkDrift,0.957311424946127,0.7418423197084476,0.9137100777899771,0.7016760831019624,0.0,None,250,,,500,,,0.0,0.0,0.8414332278766141,,,0.2503245226060341
R1,Composite,0.9979994885611402,0.9815582839245779,0.9996462070347734,0.9964102309042294,0.8240556446324742,48,50,48.0,96.0,500,-0.25523794773536723,2.2780718462080782e-05,16.043880209361944,2.4981433524470056,0.8864137271571718,,,
R2,Seasonal,0.508190948853,0.9163735293796801,0.5935953024490856,0.9782595167289354,0.7732993785115744,48,50,48.0,96.0,500,0.0,0.0,13.476883405822349,5.373417876256668,1.9526051823852004,,,
R3,Stationary_WN,0.050795625636111064,0.23474262524116918,0.09652884731577838,0.36587085965076804,0.2917023382802024,None,19,,,500,0.0,0.0,0.0,0.0,10.98121495174798,,,
R4,Trending_RandomWalkDrift,0.930962748285411,0.8953293433124635,0.9222505493133735,0.8760654945757257,0.0,None,250,,,500,,,0.0,0.0,1.1642137612364953,,,-0.2236891602422112
R1,Composite,0.9918618800361899,0.8812822652092795,0.9995388908889429,0.9926851392581831,0.944305863662191,24,24,24.0,48.0,500,-0.1937333015385388,-4.167715559419812e-05,10.62280991537883,7.0970150400293734,0.9859822706359739,,,
R2,Seasonal,0.6926774617483145,0.9450524432171622,0.934026460036009,0.9971714239637288,0.9504849242103551,24,24,24.0,48.0,500,0.0,0.0,21.773985391103366,9.502160732909399,1.4095941361128268,,,
R3,Stationary_AR,0.1215693772084897,0.3373384665625989,0.21448063247695126,0.6569609034780937,0.7050434408887174,None,42,,,500,0.0,0.0,0.0,0.0,5.0,0.6434116933389104,,
R4,Trending_RandomWalkDrift,0.9939416845892599,0.07202418996674209,0.999042809946105,0.5185018500603955,0.8446616639288826,None,24,,,500,,,0.0,0.0,0.7542748256088936,,,-0.36320276020862874
R1,Composite,0.9968796119570141,0.990995299177747,0.9998488445221145,0.9995636341326166,0.9520056652185738,36,36,36.0,72.0,500,0.1630811024949878,3.631986246778206e-05,21.714412167867444,3.7438095045626794,0.5143625261580328,,,
R2,Seasonal,0.6518112744774189,0.9708844085568821,0.8008363746373325,0.9958860631870116,0.8610292981121963,36,36,36.0,72.0,500,0.0,0.0,21.804599816716234,6.028728191863384,1.6879216239712738,,,
R3,Stationary_AR,0.21897680077747406,0.2501295284216204,0.31631829314992954,0.34765594760000507,0.47080998798131724,None,11,,,500,0.0,0.0,0.0,0.0,5.0,0.46591179341159394,,
R4,Trending_MeanShift,0.9998852036775204,0.9995384916886029,0.9998466721697216,0.99937797790311,0.0,None,250,,,500,,,0.0,0.0,1.1814241317377163,,250.0,
R1,Composite,0.9985845589851472,0.9928306380106702,0.9998739116957909,0.9993607546610923,0.9110263144614027,24,24,24.0,48.0,500,-0.25111240678092994,-4.377928336911162e-05,24.589011487307154,3.642341377715389,0.60624950834933,,,
R2,Seasonal,0.6007482815477829,0.9761252746471276,0.6655618750291483,0.9947260715731424,0.7849171279458813,24,24,24.0,48.0,500,0.0,0.0,25.654048673580693,6.1321908984391005,1.9874946419141724,,,
R3,Stationary_WN,0.2184657430342164,0.1549153613717832,0.4316390105989778,0.2354882661080857,0.28782481271534843,None,3,,,500,0.0,0.0,0.0,0.0,5.251482821120982,,,
R4,Trending_ExponentialGrowth,0.9926233938053167,0.2556004435663446,0.9950025475961086,0.38488857814440536,0.31966033310754227,None,24,,,500,,,0.0,0.0,0.838621409946602,,,
R1,Composite,0.999364172639663,0.992643545094934,0.9999273737863934,0.9991549635626662,0.8860289575591198,36,36,36.0,72.0,500,0.3888738254594538,-1.6409330353089924e-05,22.650272743984505,3.356720620716346,0.7045330127690401,,,
R2,Seasonal,0.626632298169598,0.8910919296387332,0.7661241370244506,0.9817219007567387,0.8456176707040407,36,36,36.0,72.0,500,0.0,0.0,13.260564790531964,7.393252239608127,1.9008238341315824,,,
R3,Stationary_AR,0.07878335520335922,0.2953255941288251,0.23849894980114272,0.5767165445532321,0.6918719910041577,None,50,,,500,0.0,0.0,0.0,0.0,5.0,0.6284423766556744,,
R4,Trending_RandomWalkDrift,0.9960967677918993,0.70182423165541,0.995964862447863,0.6665783314960123,0.0,None,250,,,500,,,0.0,0.0,1.3760723905092225,,,-0.43697278016930463
R1,Composite,0.9964146896808392,0.911787491422922,0.9997207677427543,0.9926375654783133,0.9229438826518362,36,36,36.0,72.0,500,0.378287970268267,-2.634813618506505e-05,14.340844779525172,7.898754660832789,1.3548230689944787,,,
R2,Seasonal,0.6984676583852223,0.8811907260160613,0.930480718990149,0.9926722232913412,0.9451081890185014,36,36,36.0,72.0,500,0.0,0.0,14.356888950036106,9.702834950121883,1.5963527316383637,,,
R3,Stationary_AR,0.274026329334627,0.38173955031036266,0.40041448731349183,0.5918676902507627,0.6433033365530799,None,15,,,500,0.0,0.0,0.0,0.0,5.0,0.664729499943118,,
R4,Trending_MeanShift,0.9999610663443901,0.9998442368173849,0.9999032960999961,0.9996099430467388,0.0,None,250,,,500,,,0.0,0.0,1.3745288205111184,,250.0,
R1,Composite,0.9912641858943164,0.9457900040360174,0.9997987054182343,0.9986221703300106,0.9773922654999241,48,50,48.0,96.0,500,0.21426221815330304,1.2367387117936347e-05,17.979148994247073,7.335500594291336,0.6885509590085274,,,
R2,Seasonal,0.6423800576707976,0.9055988184626019,0.8917870042837304,0.9909033098033209,0.9178499985888628,48,50,48.0,96.0,500,0.0,0.0,19.84529190905683,10.505344471245197,1.8428793357545252,,,
R3,Stationary_AR,0.23179946507934956,0.41473036099665395,0.3262060607966589,0.6062615299402476,0.5881171679014379,None,25,,,500,0.0,0.0,0.0,0.0,5.0,0.5305699089017544,,
R4,Trending_MeanShift,0.9999872427591487,0.9999489550626663,0.9999445758927852,0.9997799436796639,0.0,None,250,,,500,,,0.0,0.0,0.5825629327861366,,250.0,
R1,Composite,0.9974001446228619,0.9542492316320951,0.9999213324244323,0.9984558624062724,0.9698981209399845,48,50,48.0,96.0,500,0.39500400643852196,3.895381270404062e-05,19.774759845430985,7.222925127012817,0.8564012597725035,,,
R2,Seasonal,0.6249628218646242,0.9709193971930535,0.9197380283523529,0.9982639227957216,0.9458110205041398,48,50,48.0,96.0,500,0.0,0.0,23.177130096280663,6.473665668497,0.8891210754039409,,,
R3,Stationary_AR,0.17029166517974204,0.21047913549130004,0.2863889977868883,0.39942797009615993,0.6623925633064112,None,18,,,500,0.0,0.0,0.0,0.0,5.0,0.6405431499240546,,
R4,Trending_RandomWalkDrift,0.9080836210850471,0.9377044471968498,0.45803027278887565,0.29039197350637735,0.0,None,250,,,500,,,0.0,0.0,0.9688427257365385,,,-0.17086279757307332
R1,Composite,0.9987819413486588,0.9919212430712817,0.9996829174619839,0.9979010965138105,0.7403832957392693,24,24,24.0,48.0,500,-0.2532412437865185,4.780645521155873e-05,18.06132235047694,2.299832988120299,0.8116739683183521,,,
R2,Seasonal,0.6948522618725015,0.9770598748975512,0.940393643214798,0.998937909174273,0.9544290569856334,24,24,24.0,48.0,500,0.0,0.0,25.25866617966407,7.000211241148151,0.9036828701613726,,,
R3,Stationary_AR,0.19482890361034455,0.21032605592716047,0.27513825702383765,0.3850743130000208,0.5042638446684498,None,16,,,500,0.0,0.0,0.0,0.0,5.0,0.47671947289569844,,
R4,Trending_RandomWalkDrift,0.8398635701238195,0.0026791162704778992,0.9795122831590367,0.587042288097578,0.899481218776771,None,24,,,500,,,0.0,0.0,0.9325753003048686,,,0.2133972383661135
R1,Composite,0.997993845675401,0.978369000821922,0.9999003451483331,0.9988098067942136,0.9504342996122371,48,50,48.0,96.0,500,-0.37479863492900034,-1.4738483799563588e-05,23.394304523391867,5.000624910935221,0.784508060431849,,,
R2,Seasonal,0.6190424284983564,0.9601346029086256,0.9095745239348267,0.9973753705679745,0.9410475861751444,48,50,48.0,96.0,500,0.0,0.0,16.65672877645914,5.336882885865024,0.9409684122442044,,,
R3,Stationary_AR,0.16280791237422898,0.17011567764241942,0.244228351571403,0.3402739079622329,0.4927455908478433,None,15,,,500,0.0,0.0,0.0,0.0,5.0,0.419693147013833,,
R4,Trending_ExponentialGrowth,0.9814152853931961,0.18330339575092203,0.9880699405987637,0.3309923691984282,0.3552741131105007,None,24,,,500,,,0.0,0.0,1.2281767357553814,,,
R1,Composite,0.9976896762050876,0.9791906556977958,0.999789234201408,0.9980769440694349,0.9094074731334466,36,36,36.0,72.0,500,0.30278109294626754,-4.658310661895658e-05,18.708549786782783,4.785066440394433,0.8766307096959433,,,
R2,Seasonal,0.7037114144516681,0.9045015653048691,0.946033761664964,0.9954971819643864,0.9568834227967858,36,36,36.0,72.0,500,0.0,0.0,17.12310908218955,10.118896294584175,1.1826696047445815,,,
R3,Stationary_AR,0.13532133978556793,0.1671607766356542,0.21509836568611684,0.3303232615265169,0.5743461396987937,None,12,,,500,0.0,0.0,0.0,0.0,5.0,0.472336117388444,,
R4,Trending_ExponentialGrowth,0.997442338379564,0.254846156794571,0.9986062899265508,0.42060333739975164,0.4547595244136047,None,24,,,500,,,0.0,0.0,0.655489676494737,,,
R1,Composite,0.9965882561294936,0.9728452600128217,0.9996269511886747,0.9969776220307097,0.8915808498558649,36,36,36.0,72.0,500,0.34693192246527593,-3.5428937771746704e-05,23.521499231370562,7.088836676555571,1.3587131574640128,,,
R2,Seasonal,0.7107406331093263,0.9416997679652328,0.956927801041672,0.9977776983522426,0.9639280665029055,36,36,36.0,72.0,500,0.0,0.0,18.463625921138426,8.675871934888214,1.0255989243282473,,,
R3,Stationary_WN,0.1775538574899731,0.1468026028679138,0.39832781129925543,0.23028959268567428,0.317122188355617,None,4,,,500,0.0,0.0,0.0,0.0,9.081468704285586,,,
R4,Trending_ExponentialGrowth,0.9959445181243394,0.23845369466007638,0.9970094744915036,0.36108339772749465,0.27167883941788373,None,24,,,500,,,0.0,0.0,0.5354181959426704,,,
R1,Composite,0.9977454157436916,0.9823452229052317,0.9996139259179813,0.9969542639146737,0.8287928330526331,24,24,24.0,48.0,500,-0.33588581429228015,3.6612421883307004e-05,22.84377164462188,4.547820619333451,1.4665483724296076,,,
R2,Seasonal,0.6948385115596108,0.9471665602200883,0.938830102061295,0.9974418899433937,0.9534172147247063,24,24,24.0,48.0,500,0.0,0.0,17.841283057461474,7.556746109899599,1.0500653377352427,,,
R3,Stationary_AR,0.11662878850979708,0.2563807204750348,0.23984107151948109,0.4415877801004966,0.591308391081959,None,23,,,500,0.0,0.0,0.0,0.0,5.0,0.5386116603968162,,
R4,Trending_ExponentialGrowth,0.9938681651838791,0.2237557982489351,0.9955586526861278,0.32959950970787066,0.2780095700407025,None,24,,,500,,,0.0,0.0,1.0953337299047199,,,
R1,Composite,0.9875634314377394,0.9594827348518468,0.9996245113576727,0.9987666429899957,0.9707320943156111,36,36,36.0,72.0,500,-0.14713909259892224,4.24912556461684e-05,14.411988479118445,5.604838524535231,0.5385311261165343,,,
R2,Seasonal,0.01874760279349519,0.9934699690823328,0.03586993676019001,0.996265002817773,0.4334039118354599,36,71,36.0,72.0,500,0.0,0.0,10.167028160819598,11.39005985326228,0.9781165065140831,,,
R3,Stationary_WN,0.18748851449294568,0.23872603213088117,0.37820487084398013,0.3327358853304364,0.27935555877959806,None,4,,,500,0.0,0.0,0.0,0.0,5.632453938034177,,,
R4,Trending_ExponentialGrowth,0.9925732232905093,0.275334129918163,0.9953108649566631,0.4324057107698176,0.3622281442573332,None,24,,,500,,,0.0,0.0,1.031543273653119,,,
R1,Composite,0.9983268485949572,0.9751487208890772,0.9999015248078971,0.9985227953305026,0.9414669023190829,24,24,24.0,48.0,500,0.3434251765458944,-1.935656123789132e-05,17.339346527629218,4.965156179359263,0.7063261437649695,,,
R2,Seasonal,0.6484984851181503,0.9843514476484487,0.7746515326574561,0.9974822768431646,0.8397990938011648,24,24,24.0,48.0,500,0.0,0.0,28.560372237885506,5.988444580520838,1.52308731514391,,,
R3,Stationary_AR,0.006165268236350552,0.3251198069074346,0.022918078189636093,0.6350068127097241,0.623941669975576,None,100,,,500,0.0,0.0,0.0,0.0,5.0,0.5366310146425655,,
R4,Trending_MeanShift,0.9998726907729529,0.9994939739303801,0.9998264967413294,0.9993101256972823,0.0,None,250,,,500,,,0.0,0.0,1.3313968900060607,,250.0,
R1,Composite,0.9869078101248191,0.9428751716564746,0.9985147123435367,0.993468597699753,0.8892796064971926,24,24,24.0,48.0,500,-0.1660578237661507,2.2210989356240283e-05,14.714217479618112,6.170386748372228,1.3502390898320455,,,
R2,Seasonal,0.6058493890165543,0.9903370979490389,0.695443236427702,0.9980129778310045,0.7944005445588654,24,24,24.0,48.0,500,0.0,0.0,29.071161263772428,4.393410591290624,1.3395867996966901,,,
R3,Stationary_WN,0.1977517903400816,0.10240700837288064,0.4834882296390147,0.1285898098045466,0.1972712906233245,None,2,,,500,0.0,0.0,0.0,0.0,6.379963023910193,,,
R4,Trending_RandomWalkDrift,0.9929419938330627,0.6865612934619169,0.9815379179960727,0.6369949440663507,0.0,None,167,,,500,,,0.0,0.0,0.5304821929004706,,,0.3088148941982083
R1,Composite,0.9966178556167907,0.9132795012596652,0.9997078762533764,0.9914149198651334,0.9144420551270224,48,50,48.0,96.0,500,-0.2547680083761383,3.9738012236792876e-05,8.906201238785828,4.1504797861080815,0.7823780533747703,,,
R2,Seasonal,0.5522995250442155,0.9362202966597953,0.7487412815664529,0.9895292870967257,0.855380157639199,48,50,48.0,96.0,500,0.0,0.0,11.57063458567669,4.2888573285711935,1.1700928595106066,,,
R3,Stationary_AR,0.05717973615132177,0.22633839182547433,0.08221697327938104,0.49119239779021084,0.5276579453363957,None,45,,,500,0.0,0.0,0.0,0.0,5.0,0.42167927283243933,,
R4,Trending_RandomWalkDrift,0.985485103769735,0.5633028248265277,0.9891113640327286,0.4635931355930889,0.28220631403756147,None,167,,,500,,,0.0,0.0,1.1184812503032324,,,-0.48424128113415854
R1,Composite,0.9981290323867268,0.9613359779548871,0.9995712251827255,0.9899832186700919,0.7715157472456805,48,50,48.0,96.0,500,-0.34198152662303793,-1.9024996104148434e-05,15.473162118521065,3.5391257218953434,1.2652069769026149,,,
R2,Seasonal,0.5284179397061871,0.9406197795416198,0.7777465548723241,0.9914306496629364,0.8719601727439733,48,50,48.0,96.0,500,0.0,0.0,17.160090048460134,5.912862748682255,1.7199962261596848,,,
R3,Stationary_WN,0.04095891665529228,0.30948512205489986,0.08234250955765399,0.3983536802947667,0.28240789501218866,None,16,,,500,0.0,0.0,0.0,0.0,9.483916863465723,,,
R4,Trending_RandomWalkDrift,0.9970800801941445,0.028198779142557084,0.9996896515765089,0.6897033814883321,0.893974461239762,None,24,,,500,,,0.0,0.0,1.0178424070317114,,,-0.42020624133255924
R1,Composite,0.9936135338467122,0.9891019483174316,0.9973195718048251,0.9953977957490914,0.5811639263875807,12,12,12.0,24.0,500,-0.12966282443651314,1.5893663748239617e-05,18.928194976549275,2.3336963353904534,1.2586556875305186,,,
R2,Seasonal,0.7542498702902551,0.9595862954918151,0.9894668453170848,0.9995129257851673,0.9883948402048071,12,12,12.0,24.0,500,0.0,0.0,27.517083362682598,11.297793150597872,0.6761991994560792,,,
R3,Stationary_AR,0.2303184419230634,0.28315487096468606,0.2976416809421525,0.45635303583249487,0.5351788659888994,None,15,,,500,0.0,0.0,0.0,0.0,5.0,0.44699922903772,,
R4,Trending_MeanShift,0.9995337768494144,0.9981445780004736,0.9993511251962401,0.9973838190069274,0.0,None,250,,,500,,,0.0,0.0,1.4307602026610717,,250.0,
R1,Composite,0.9984761629744515,0.9916586179525441,0.9998911343708126,0.9994051864432667,0.9288932159105401,24,24,24.0,48.0,500,0.25009142115965444,-3.6421050428118017e-05,20.107436048716018,3.2467038301863314,0.5464065037021127,,,
R2,Seasonal,0.6848697170060818,0.976148595015705,0.9118297086082594,0.9984313307990031,0.9351062576194304,24,24,24.0,48.0,500,0.0,0.0,15.153679160847119,4.283894462725314,0.6933084011727575,,,
R3,Stationary_AR,0.1817533630390683,0.2043462288437785,0.3090615328289693,0.48191446504628543,0.6857319036432852,None,24,,,500,0.0,0.0,0.0,0.0,5.0,0.5959389442758601,,
R4,Trending_ExponentialGrowth,0.9956680017379004,0.24077159626739142,0.9974556896694319,0.4004437193553909,0.4094024992950057,None,24,,,500,,,0.0,0.0,1.377752290161128,,,
R1,Composite,0.9957519375158315,0.9590287424783,0.9999010858489146,0.9990146208529769,0.976914920639832,36,36,36.0,72.0,500,-0.2625819254470718,4.683169736746812e-05,15.543924341413113,6.012779027087354,0.521563215877912,,,
R2,Seasonal,0.5805943347062337,0.9604108717004102,0.6091720964710368,0.9895178100590963,0.7386885151847087,36,36,36.0,72.0,500,0.0,0.0,13.86455381572514,4.165325986441226,1.4457495022431999,,,
R3,Stationary_AR,0.15454175293717387,0.2442858882074307,0.22197628663373392,0.446609523843555,0.5763491238579187,None,31,,,500,0.0,0.0,0.0,0.0,5.0,0.5771649913356116,,
R4,Trending_RandomWalkDrift,0.8898702813835907,0.5707072484916718,0.9922740568455278,0.9632715767529636,0.9313949166175199,None,125,,,500,,,0.0,0.0,0.7708733283598408,,,-0.11448786192313905
R1,Composite,0.9849696876587963,0.9761731725316593,0.9983671618424121,0.9974534900056341,0.8945639947083639,24,24,24.0,48.0,500,-0.12584737149855357,-4.950048470965371e-05,24.32819557560564,6.612506299054092,1.285967685727427,,,
R2,Seasonal,0.7073442273457677,0.9693009365433354,0.9707460115949023,0.9992741061046547,0.9768743887239075,24,24,24.0,48.0,500,0.0,0.0,29.635051813925923,9.786378064058836,0.7506587581446054,,,
R3,Stationary_AR,0.044203252748309274,0.31801870520715914,0.09173205519382321,0.612216563874554,0.6829692979850459,None,50,,,500,0.0,0.0,0.0,0.0,5.0,0.6663612118849151,,
R4,Trending_MeanShift,0.9999300023191162,0.9997188724849918,0.9998987898315569,0.9995992935415431,0.0,None,250,,,500,,,0.0,0.0,0.8268603045924328,,250.0,
R1,Composite,0.9870774385165035,0.9748445177023989,0.9990900216272807,0.998257846526543,0.9319997573733618,12,12,12.0,24.0,500,0.16706688236690992,-1.4541848373791267e-05,23.68593555192239,7.287947346533168,1.0035753539315775,,,
R2,Seasonal,0.7439246763794203,0.9121864843441753,0.9493164147975348,0.9946569224191668,0.9433065818431283,12,12,12.0,24.0,500,0.0,0.0,18.045637386558525,11.064926515227322,1.1401758468832508,,,
R3,Stationary_AR,0.2023760844075687,0.24655068516529077,0.3438018186344297,0.4669590420357046,0.610237871097083,None,22,,,500,0.0,0.0,0.0,0.0,5.0,0.6248693211452707,,
R4,Trending_ExponentialGrowth,0.9980599207103231,0.2254974575211306,0.9986436964009328,0.34588858564661906,0.301695024162311,None,24,,,500,,,0.0,0.0,0.7387918481342552,,,
R1,Composite,0.9993757026215527,0.9942387738823779,0.9997804042629858,0.9979817267256984,0.6489629945714535,12,12,12.0,24.0,500,0.3799746304914631,-3.9341549784866865e-05,24.251415886551154,2.3549190254510153,1.0937193638463487,,,
R2,Seasonal,0.7487396310740444,0.9560479652907447,0.9739110830362648,0.9986905615032763,0.9712843367243856,12,12,12.0,24.0,500,0.0,0.0,18.801791090571566,7.973889161965128,0.666289307162576,,,
R3,Stationary_AR,0.16832800537992132,0.20406863047920343,0.2324922201090941,0.3249847491949437,0.4433661818245709,None,14,,,500,0.0,0.0,0.0,0.0,5.0,0.4612309297501097,,
R4,Trending_MeanShift,0.9999681919392037,0.9998730950601364,0.9980434164292492,0.9917376837560835,0.0,None,250,,,500,,,0.0,0.0,0.9366236929889135,,250.0,
R1,Composite,0.9979330990215142,0.9562535005865064,0.9999099741527123,0.9980386656385822,0.9567484078987368,24,24,24.0,48.0,500,0.3761910277560321,3.8533877267369796e-05,16.968158181388723,6.716745325449205,0.7982274620613454,,,
R2,Seasonal,0.6690100028833683,0.9504922004549013,0.854697302629974,0.9944086038708172,0.890385914343951,24,24,24.0,48.0,500,0.0,0.0,20.559568470834076,8.04919968629801,1.576459423578244,,,
R3,Stationary_AR,0.09935467607288384,0.22357089643862305,0.14967900174269244,0.45015721711530987,0.6270200382045592,None,28,,,500,0.0,0.0,0.0,0.0,5.0,0.5297772645680667,,
R4,Trending_ExponentialGrowth,0.9973303004107484,0.20056221558465248,0.9981805061084564,0.3027736377592639,0.31274653939253627,None,24,,,500,,,0.0,0.0,0.7720918499261614,,,
R1,Composite,0.9963891607777711,0.9327545404003824,0.9988770855407426,0.976054844177173,0.6892603913402222,48,50,48.0,96.0,500,0.21743572829590696,-1.1830685001776127e-05,9.671529762168868,2.6084725051195603,1.31687569588628,,,
R2,Seasonal,0.6224985704125289,0.9627943373258033,0.8974748414486916,0.9972480541689358,0.9329670489620078,48,50,48.0,96.0,500,0.0,0.0,28.524913538829693,8.92232376762072,1.4650765694111405,,,
R3,Stationary_WN,0.15371639737571174,0.16927999137622074,0.4086017393486294,0.21563003364809175,0.2338235978033063,None,3,,,500,0.0,0.0,0.0,0.0,10.892822986550811,,,
R4,Trending_RandomWalkDrift,0.9965308402375108,0.2046208491402386,0.9995413660916806,0.7028457944024714,0.8683495799458305,None,24,,,500,,,0.0,0.0,1.190208132210826,,,-0.44694273940800033
R1,Composite,0.9986311711022745,0.9848306649509537,0.9996756114402329,0.9963795990417008,0.7625496664822765,36,36,36.0,72.0,500,-0.3636494011460447,-3.5567934008140016e-05,23.18863789658673,3.9191088557168525,1.445038255761625,,,
R2,Seasonal,0.7029190565861906,0.8350146934070675,0.9335091021737305,0.9894646721739463,0.9460193566576436,36,36,36.0,72.0,500,0.0,0.0,14.432562459735648,11.651094295933303,1.6024441368559725,,,
R3,Stationary_WN,0.18212999954207765,0.25572805203363314,0.23947557385764362,0.35955459476596086,0.2529486217299425,None,5,,,500,0.0,0.0,0.0,0.0,13.575761222300706,,,
R4,Trending_RandomWalkDrift,0.9117539359873551,0.6986862796295155,0.9648254614396921,0.8949083331465862,0.6398924059881056,None,250,,,500,,,0.0,0.0,0.8822571474552705,,,-0.1956936784529964
R1,Composite,0.9991326599274317,0.962470402791012,0.9999169645814235,0.9962879516052036,0.904394616267773,36,36,36.0,72.0,500,-0.3176529578650484,4.2158796846009267e-05,9.055378279954537,3.117378375091911,0.5791751424634282,,,
R2,Seasonal,0.7095180239830297,0.9557230807703103,0.9565954821525168,0.9983581319938767,0.9645089070864474,36,36,36.0,72.0,500,0.0,0.0,23.892090313965703,9.491272409182283,0.9853261193851091,,,
R3,Stationary_WN,0.11133104958419293,0.19704782490274786,0.1624131136662077,0.3018259991893595,0.3228269865611707,None,9,,,500,0.0,0.0,0.0,0.0,5.860213036896839,,,
R4,Trending_MeanShift,0.9999557468595497,0.9998235551778096,0.9999324885540428,0.9997341206113419,0.0,None,250,,,500,,,0.0,0.0,1.091724257824135,,250.0,
R1,Composite,0.9967169006951865,0.8816661612526572,0.9998309799824524,0.9927270805065832,0.9488852224822562,48,50,48.0,96.0,500,0.3148233600157073,1.213394987249311e-05,10.370459289362069,6.534326083813536,0.8805777693661689,,,
R2,Seasonal,0.6120065840046423,0.90207217198276,0.829274592067929,0.9863318122932223,0.8805468340010072,48,50,48.0,96.0,500,0.0,0.0,11.41674204169944,5.853225045460571,1.3401349477271318,,,
R3,Stationary_WN,0.14971824406526746,0.1426635251716647,0.35775775964067813,0.2083137155366821,0.2928527282486867,None,4,,,500,0.0,0.0,0.0,0.0,7.633567787808709,,,
R4,Trending_RandomWalkDrift,0.9893717445467454,0.08827365664053544,0.9987342977734415,0.5861195314869261,0.8838393874577873,None,24,,,500,,,0.0,0.0,1.1601968046121527,,,-0.2536148695676581
R1,Composite,0.9956492345949371,0.9436490937484776,0.9995689236602432,0.9942181128352527,0.9020930640128171,36,36,36.0,72.0,500,0.26991220660415083,2.572697513994039e-05,15.495863113786704,6.462606113859822,1.3917262647464739,,,
R2,Seasonal,0.6431163723993931,0.9221631149006783,0.7496118512499851,0.9845589542777807,0.8158029666327037,36,36,36.0,72.0,500,0.0,0.0,11.904528616859636,5.48731097744079,1.4586532190578017,,,
R3,Stationary_AR,0.03200221107939971,0.6388797766573799,0.0,0.8163723549322702,0.4758478296680172,None,250,,,500,0.0,0.0,0.0,0.0,5.0,0.6046719585751867,,
R4,Trending_MeanShift,0.9999600994513287,0.9998408532332663,0.9999624898017034,0.9998508087441766,0.060617075027078915,None,250,,,500,,,0.0,0.0,0.8209094633949559,,250.0,
R1,Composite,0.9970241906373802,0.9425507952722127,0.9998870460258046,0.997714444067836,0.962404371092641,36,36,36.0,72.0,500,0.3842929866794481,-2.464513193469876e-05,16.830418564051023,7.75376480207213,0.8975874950530947,,,
R2,Seasonal,0.705718587819167,0.9698751909106739,0.9425286117556877,0.998570625244979,0.9539648616262003,36,36,36.0,72.0,500,0.0,0.0,15.922793100298218,5.230624370599764,0.5802585450477893,,,
R3,Stationary_AR,0.029571745663346305,0.2954738228719177,0.05214477199356271,0.5395566786571573,0.5709390309115934,None,71,,,500,0.0,0.0,0.0,0.0,5.0,0.5225308872869444,,
R4,Trending_MeanShift,0.9996821078685536,0.9987245713989779,0.9990785251607611,0.9964395504381258,0.0,None,250,,,500,,,0.0,0.0,1.3358114664024185,,250.0,
R1,Composite,0.9977549221296024,0.9166900614203984,0.9999590499069894,0.9983814761714924,0.981908625618749,24,24,24.0,48.0,500,0.39421444665499616,-4.926264128141293e-05,11.686174225396966,6.706540259544555,0.5177908747564315,,,
R2,Seasonal,0.6902887888141571,0.941921467930768,0.9189431287021509,0.9962523967785942,0.9381772451032251,24,24,24.0,48.0,500,0.0,0.0,20.03705901672469,8.995048160164405,1.3194125483315668,,,
R3,Stationary_WN,0.18771097547859839,0.19167251050404355,0.34622293401735926,0.26817688033152076,0.32159512303226223,None,4,,,500,0.0,0.0,0.0,0.0,6.082879835916942,,,
R4,Trending_ExponentialGrowth,0.9987036377747085,0.2299682478450913,0.9990450318780433,0.3256802965629463,0.2566780410520053,None,24,,,500,,,0.0,0.0,0.660091673550324,,,
R1,Composite,0.9945565896781045,0.9772727468158494,0.9997675999016234,0.9989319522637913,0.9577505457756611,48,50,48.0,96.0,500,0.2692229221511033,-4.975391903292692e-05,24.423693785228973,5.4680573139284325,0.7361445938138285,,,
R2,Seasonal,0.015071290230756706,0.9797283089334828,0.0500222738054491,0.9949075243372374,0.7596117494927477,48,100,48.0,96.0,500,0.0,0.0,11.0178142781726,10.195438316187861,1.0236621653587532,,,
R3,Stationary_WN,0.1918816888919419,0.1685283458587311,0.4087218587430642,0.23015717790635548,0.27845607116755344,None,3,,,500,0.0,0.0,0.0,0.0,10.350416017983836,,,
R4,Trending_ExponentialGrowth,0.97465279734196,0.19715417311840833,0.9838733302472974,0.37197444172943794,0.3557033129958942,None,24,,,500,,,0.0,0.0,1.1030623020498111,,,
R1,Composite,0.993962954918548,0.974349983622752,0.9990916819163705,0.9961282158141037,0.851423506291981,12,12,12.0,24.0,500,-0.21623827154345865,-3.168447687179543e-05,22.81304753224888,6.720463554245955,1.4504702448946234,,,
R2,Seasonal,0.7451414261242868,0.9516545291276292,0.9628210724899291,0.9979732927969888,0.9600285948024273,12,12,12.0,24.0,500,0.0,0.0,19.753195095238596,8.833684767793358,0.938952706216508,,,
R3,Stationary_AR,0.22514935094060307,0.1906465993350216,0.4135920837094259,0.39161528381581157,0.6148751137986448,None,14,,,500,0.0,0.0,0.0,0.0,5.0,0.567382206630255,,
R4,Trending_MeanShift,0.9997647593063339,0.9990690746231079,0.9980815656292498,0.9929101673035495,0.0,None,250,,,500,,,0.0,0.0,1.1786462041212566,,250.0,
R1,Composite,0.9995178135307412,0.9680589566072163,0.9998802043402513,0.9917968262189769,0.7516868363816518,36,36,36.0,72.0,500,-0.38804202983997926,-1.7991932868265563e-05,9.723054473239817,2.5756808670116955,0.884551521653519,,,
R2,Seasonal,0.6232345981106822,0.8791191082290711,0.6964574662140708,0.97144299472025,0.7880403321025868,36,36,36.0,72.0,500,0.0,0.0,10.536480667797806,6.048942574063014,1.83198236667335,,,
R3,Stationary_AR,0.27535030667700466,0.29904056041200766,0.4027938711563026,0.5876311099721537,0.6514217564350309,None,19,,,500,0.0,0.0,0.0,0.0,5.0,0.6358564065078385,,
R4,Trending_MeanShift,0.9998952631168934,0.9995796435132348,0.9999284969830845,0.9997143370960615,0.31809360425350885,None,250,,,500,,,0.0,0.0,0.6799643788782046,,250.0,
R1,Composite,0.9962873645232404,0.8647617374591905,0.9993371559229408,0.9700752766615376,0.8223752157799228,48,50,48.0,96.0,500,0.27279337783434604,-1.732907012399625e-05,8.49980336022711,4.818733123311051,1.3149868487333647,,,
R2,Seasonal,0.0006862089447124964,0.9582363810538155,0.026258830522117638,0.9797934399148951,0.560057841464718,48,100,48.0,96.0,500,0.0,0.0,10.44192139178184,11.832670059005286,1.9079682082997365,,,
R3,Stationary_WN,0.09989447249550165,0.06681457281973513,0.4428710562900606,0.0855850585431962,0.19034420063235524,None,2,,,500,0.0,0.0,0.0,0.0,6.862556710413949,,,
R4,Trending_MeanShift,0.9999791027847229,0.9999165301980217,0.9999778670999381,0.9999118457272554,0.0,None,250,,,500,,,0.0,0.0,0.5109269199267601,,250.0,
R1,Composite,0.9917150164254435,0.9618113371631641,0.9979713711986952,0.989510456711258,0.7586413050453089,48,50,48.0,96.0,500,-0.1833038780913408,3.387066091966597e-05,15.479467004971736,3.388164661181806,1.372830011480327,,,
R2,Seasonal,0.5145269406816784,0.9704043258970853,0.6997908701074161,0.994481666320934,0.8312259423795778,48,50,48.0,96.0,500,0.0,0.0,20.79629502252385,4.680789181502964,1.2699416227139437,,,
R3,Stationary_WN,0.15657175804172518,0.16714946496078054,0.3828996878673966,0.2767313209804273,0.3088196939909088,None,4,,,500,0.0,0.0,0.0,0.0,10.81471277776108,,,
R4,Trending_RandomWalkDrift,0.9970585815075239,0.8786443481441831,0.4273946918325715,0.1796465851494774,0.0,None,250,,,500,,,0.0,0.0,1.0325989560243753,,,0.30791603554657687
R1,Composite,0.9995154365191545,0.9874699102934889,0.9998452278679345,0.9960017737788068,0.6807972528709016,12,12,12.0,24.0,500,-0.3900051999984877,-2.6913383838726677e-05,16.03085027310724,2.41619245099812,1.1079506153752554,,,
R2,Seasonal,0.7463333932619853,0.9549825595746807,0.9669840260820082,0.9983268406435426,0.9643745928301952,12,12,12.0,24.0,500,0.0,0.0,15.851608932489963,6.758227805277164,0.6347270020942297,,,
R3,Stationary_AR,0.06645554480292659,0.2820336219538728,0.15536704410474245,0.5376155977258376,0.584199389995322,None,56,,,500,0.0,0.0,0.0,0.0,5.0,0.4874106787954683,,
R4,Trending_MeanShift,0.9999326483880361,0.9997304195885526,0.9997028494260979,0.998829395862306,0.0,None,250,,,500,,,0.0,0.0,1.2752040563241582,,250.0,
R1,Composite,0.9985108125118556,0.9545877951667039,0.9998892337644287,0.9965438165662291,0.9260379262614734,24,24,24.0,48.0,500,0.39551434520592965,4.934888284960165e-05,15.104843213142658,5.846541857663329,0.9871046972022128,,,
R2,Seasonal,0.7000179742953381,0.9783911887745953,0.9534334793477611,0.999218465481375,0.9643065737164629,24,24,24.0,48.0,500,0.0,0.0,27.421535887551652,7.474291913739641,0.8217844984612496,,,
R3,Stationary_AR,0.00036690332052913277,0.17872157064181582,0.06977483246280136,0.4452161909468201,0.5057055630325538,None,83,,,500,0.0,0.0,0.0,0.0,5.0,0.412805974666624,,
R4,Trending_RandomWalkDrift,0.9862539117099131,0.41036556713025796,0.9987188397464806,0.9345872079070476,0.9069436211919998,None,100,,,500,,,0.0,0.0,1.0589934922629127,,,0.2839402106343794
R1,Composite,0.9979548192180688,0.9907594897007114,0.9996152059631676,0.9982527008115858,0.8127205910357798,36,36,36.0,72.0,500,0.27812017106934306,-3.5472306587475935e-05,24.77437384719269,3.950476246150073,0.9842009381645169,,,
R2,Seasonal,0.6880691515243597,0.9900603673141722,0.8893183064865913,0.9991525925801916,0.9155017138899437,36,36,36.0,72.0,500,0.0,0.0,28.04006856193839,5.049797708131986,0.8643509612824123,,,
R3,Stationary_WN,0.1410853794423359,0.16474692534416668,0.43613567167474243,0.26820413664349874,0.35101747176768383,None,3,,,500,0.0,0.0,0.0,0.0,13.131815521637973,,,
R4,Trending_ExponentialGrowth,0.9979393492597243,0.29402367553665876,0.998778581459267,0.4467113912337063,0.405359234504998,None,24,,,500,,,0.0,0.0,1.472530350022381,,,
R1,Composite,0.9978130844879025,0.9868309887814903,0.9992445142749876,0.9954616494679756,0.6557714336197067,36,36,36.0,72.0,500,0.22600566605643058,2.5829229753490917e-05,19.672719733621975,3.1513637391034237,1.473779042155493,,,
R2,Seasonal,0.6727545625867093,0.9606670051244602,0.8656892338060478,0.9959904121397218,0.9023027700207842,36,36,36.0,72.0,500,0.0,0.0,20.33912037880088,7.183477594610601,1.319566130003548,,,
R3,Stationary_AR,0.0024860847688549237,0.23551950183780146,0.0018836729098308247,0.6584000114612215,0.6126093994271113,None,125,,,500,0.0,0.0,0.0,0.0,5.0,0.5164473018381095,,
R4,Trending_MeanShift,0.9998144227447087,0.999261717667878,0.9997813852925653,0.9991396798412588,0.0,None,250,,,500,,,0.0,0.0,1.0722908814768313,,250.0,
R1,Composite,0.9968757466936978,0.8788184627424602,0.9999315324405679,0.9970390949308985,0.9783124031917781,12,12,12.0,24.0,500,0.3342277905175849,1.2509162738049687e-05,10.434655796124593,7.745542892313702,0.6451459220260943,,,
R2,Seasonal,0.7216260240876136,0.9886395321780087,0.908891476727403,0.9989523875398664,0.9088080058780658,12,12,12.0,24.0,500,0.0,0.0,27.698434189070504,5.49018914592035,0.9355152723998804,,,
R3,Stationary_WN,0.174001054838831,0.28402362170776585,0.3418175888807945,0.36495859227259064,0.2714342975098173,None,5,,,500,0.0,0.0,0.0,0.0,14.873946576264357,,,
R4,Trending_RandomWalkDrift,0.7106654122048036,0.8469825945760238,0.5858219688662087,0.8467936042024926,0.0,None,250,,,500,,,0.0,0.0,0.5988222314981342,,,-0.1485726483962705
R1,Composite,0.9989155544465852,0.9923778232169397,0.9999533502070062,0.999671751483271,0.9570095931017124,24,24,24.0,48.0,500,-0.3171066431879821,-1.3099919822399913e-05,24.743556659644916,3.933503282736411,0.5319189989430572,,,
R2,Seasonal,0.6685039250185214,0.9500509323265156,0.8428460988684483,0.9939403674525682,0.8832193135270585,24,24,24.0,48.0,500,0.0,0.0,22.873268006085702,9.14760806782202,1.867591212722323,,,
R3,Stationary_AR,0.2787245947821223,0.14009383208653692,0.4695203441381981,0.3653137133583054,0.6136749862900728,None,24,,,500,0.0,0.0,0.0,0.0,5.0,0.6325257644431563,,
R4,Trending_ExponentialGrowth,0.9936050732814277,0.2536592766439353,0.9960191617188034,0.4213463197342776,0.3691470888282642,None,24,,,500,,,0.0,0.0,0.8784227753659366,,,
R1,Composite,0.9994785735654252,0.9738942287273035,0.9999213744094058,0.9959986770075054,0.849299416530608,12,12,12.0,24.0,500,-0.38298377692562724,2.402823515218747e-05,10.590658066492624,3.0067808958743116,0.7183486296930763,,,
R2,Seasonal,0.7112665546263749,0.9516739349852619,0.870983211541389,0.993437644990489,0.8699854167157548,12,12,12.0,24.0,500,0.0,0.0,19.937971555932435,8.12797672228225,1.8385733954210721,,,
R3,Stationary_AR,0.0738987373274077,0.2757989254279226,0.14027258457373637,0.5421271435038848,0.6173709515324584,None,45,,,500,0.0,0.0,0.0,0.0,5.0,0.5513713180332802,,
R4,Trending_MeanShift,0.9999406991892009,0.9997632839630732,0.9994129015453559,0.9976743817725813,0.0,None,250,,,500,,,0.0,0.0,0.5807139324580212,,250.0,
R1,Composite,0.9965408402852062,0.9912349414723233,0.9986176429783512,0.9964850724855842,0.6015474165317705,24,24,24.0,48.0,500,-0.20154804394945747,1.088506911711079e-05,24.91851492919641,2.444868712405687,1.4584521658987337,,,
R2,Seasonal,0.6350511735173212,0.9815494832583653,0.7720850142216137,0.9971454203958212,0.8457944478791135,24,24,24.0,48.0,500,0.0,0.0,29.914852345622037,6.5558059517005045,1.8711004766360189,,,
R3,Stationary_AR,0.30821751924756036,0.2582662187344209,0.38254298463576764,0.402534264120037,0.4403931051292733,None,14,,,500,0.0,0.0,0.0,0.0,5.0,0.492113696079235,,
R4,Trending_ExponentialGrowth,0.9947295629092273,0.25559485146719807,0.9965604715377563,0.3604621507507083,0.34142947503910237,None,24,,,500,,,0.0,0.0,1.2683653740317697,,,
R1,Composite,0.9885280967430101,0.9736907075275364,0.9995208732001032,0.9989080558157252,0.9594513766415199,12,12,12.0,24.0,500,-0.128199526530854,1.0339294406672242e-05,16.799147975228163,5.403277330593827,0.6612611849211502,,,
R2,Seasonal,0.5893569689410328,0.9370987608535672,0.6039659672341029,0.980741066360442,0.7045512684398825,12,12,12.0,24.0,500,0.0,0.0,12.398267140363009,4.378089333913424,1.851273748944819,,,
R3,Stationary_AR,0.062306848599572584,0.4649387484769004,0.09823796324753087,0.7652306366275343,0.6839411811852543,None,100,,,500,0.0,0.0,0.0,0.0,5.0,0.682748519369929,,
R4,Trending_ExponentialGrowth,0.9922572245672888,0.24099844935782277,0.9955001028531949,0.4277259427455802,0.4156413774072065,None,24,,,500,,,0.0,0.0,0.9113681236021802,,,
R1,Composite,0.9790502215370281,0.8993655553665156,0.9993847202792112,0.9969242176853533,0.9723466821042283,36,36,36.0,72.0,500,0.11591995433421264,1.668229760462483e-05,11.365473020407284,7.002844305442479,0.7777560936808425,,,
R2,Seasonal,0.7047816928253543,0.9075919295943754,0.944864264077298,0.99556293623843,0.956052978036453,36,36,36.0,72.0,500,0.0,0.0,16.294856044903984,9.645966572859745,1.1197116700768115,,,
R3,Stationary_AR,0.0,0.2608895059431814,0.0015931213591755533,0.7535948294316298,0.706444646667715,None,125,,,500,0.0,0.0,0.0,0.0,5.0,0.544193970791201,,
R4,Trending_ExponentialGrowth,0.9958523274567518,0.15909557520857054,0.9971473327089276,0.3489325284053828,0.30903571217435044,None,24,,,500,,,0.0,0.0,0.6508655769055911,,,
R1,Composite,0.9977446999678888,0.9773088422281779,0.9997067494217533,0.9970133091934296,0.8699888916909437,24,24,24.0,48.0,500,-0.39902338045424124,4.538679560436185e-05,23.80511869465633,6.100898270018638,1.395847217654535,,,
R2,Seasonal,0.6767654727066125,0.9559907076375135,0.8805271329385816,0.9960109250042822,0.9119953517182243,24,24,24.0,48.0,500,0.0,0.0,16.459529095665417,6.1325078095108285,1.141171954818081,,,
R3,Stationary_WN,0.08564955856263257,0.298285899291847,0.1844520746299625,0.424821243809374,0.3336749850998725,None,8,,,500,0.0,0.0,0.0,0.0,13.508655778709569,,,
R4,Trending_MeanShift,0.9998944743692201,0.9995778566813844,0.9998163219562639,0.9992733339184631,0.0,None,250,,,500,,,0.0,0.0,1.1484279730581655,,250.0,
R1,Composite,0.9961267453943837,0.973530491196393,0.9995763832329185,0.9970962007395229,0.8921666512311046,24,24,24.0,48.0,500,0.2822193460241308,-2.4628977659705195e-05,20.793945463258574,5.968291699070255,1.1105598154000988,,,
R2,Seasonal,0.704855396161034,0.9362758598257003,0.9673801949467357,0.9982922551566267,0.974598331660882,24,24,24.0,48.0,500,0.0,0.0,14.205703341185462,6.918828128489937,0.6272237974034768,,,
R3,Stationary_AR,0.20248391360525075,0.31328098705724894,0.30369403388371075,0.48540627333705877,0.5789970078092436,None,22,,,500,0.0,0.0,0.0,0.0,5.0,0.4735006906652762,,
R4,Trending_RandomWalkDrift,0.9786615302909026,0.5925252875644424,0.0,0.09339102314430459,0.0,None,167,,,500,,,0.0,0.0,1.4531474098636004,,,-0.30566704385889537
R1,Composite,0.9844859199644755,0.8402900740225588,0.9985385280267257,0.9829530683618004,0.9091789640375381,36,36,36.0,72.0,500,-0.17916979641994396,3.754313020904509e-05,9.77864822222178,7.394277950278084,1.3551300152018513,,,
R2,Seasonal,0.6792576541247392,0.9579105369959434,0.8779544243944618,0.9958694210508671,0.9058439236046423,36,36,36.0,72.0,500,0.0,0.0,28.473982389057248,10.360368660158137,1.9787997192903046,,,
R3,Stationary_WN,0.08718274647524993,0.2680364993542076,0.12975957009866124,0.3675681572089029,0.2161405010758387,None,10,,,500,0.0,0.0,0.0,0.0,5.272427118740762,,,
R4,Trending_RandomWalkDrift,0.9928012027129821,0.19919619208672057,0.99923550419163,0.7072956564807431,0.8949795019095179,None,24,,,500,,,0.0,0.0,1.497627932400394,,,0.26809890817384274
R1,Composite,0.9900045467078313,0.927790057498699,0.9996601967901018,0.9974540011893013,0.9670720835807493,12,12,12.0,24.0,500,0.11074112463421391,3.3645139786055067e-05,9.499470097067112,5.223743564829194,0.5169599308028193,,,
R2,Seasonal,0.6453526680585704,0.9699001949871797,0.711517494613499,0.9922776861701791,0.7508443305185747,12,12,12.0,24.0,500,0.0,0.0,18.704097540650164,5.080589158847509,1.908527489068023,,,
R3,Stationary_WN,0.03735532566852395,0.31461132234409483,0.05215410146031685,0.4594592449575703,0.3678398276922863,None,31,,,500,0.0,0.0,0.0,0.0,9.175515455768323,,,
R4,Trending_ExponentialGrowth,0.998874713281189,0.15170015731221942,0.9993958928390174,0.3993025636373213,0.4566164963528877,None,24,,,500,,,0.0,0.0,0.756381754548471,,,
R1,Composite,0.9979850731846207,0.9664251546201863,0.9994684595863291,0.9908725491016607,0.7369404550250557,12,12,12.0,24.0,500,-0.32828172443441817,2.8696358985405683e-05,15.21570712950894,4.344611921276241,1.4898202608401319,,,
R2,Seasonal,0.5439491896758355,0.9871289870269041,0.5558664079136189,0.9958241925033293,0.6766395689295244,12,12,12.0,24.0,500,0.0,0.0,29.0434656026309,4.296263869781123,1.9007396270481955,,,
R3,Stationary_WN,0.06235110912189623,0.1566681438229729,0.17193940652462092,0.23851806266537368,0.21890630715261317,None,11,,,500,0.0,0.0,0.0,0.0,13.084426907485621,,,
R4,Trending_ExponentialGrowth,0.9832385309227427,0.23775748950343667,0.9877265934441614,0.32930166169038055,0.2610596303790441,None,24,,,500,,,0.0,0.0,0.8186047600119767,,,
R1,Composite,0.9973160487554942,0.9783098896755661,0.9993651879133911,0.994340791600455,0.762944594558114,48,50,48.0,96.0,500,0.26210200984475196,4.3151706885854675e-05,20.19017810734277,3.5702900093773025,1.3649827623853263,,,
R2,Seasonal,0.5900326425021862,0.868127427908554,0.740730533945887,0.9705066053219481,0.8143834917270515,48,50,48.0,96.0,500,0.0,0.0,10.280652867755434,6.0723961991051985,1.8559843468973622,,,
R3,Stationary_AR,0.0,0.7785533195349649,0.0,0.8598901880224166,0.37003238483184286,None,250,,,500,0.0,0.0,0.0,0.0,5.0,0.49041933058724213,,
R4,Trending_MeanShift,0.999988883426392,0.9999555762025466,0.9999727617158527,0.9998921989661643,0.0,None,250,,,500,,,0.0,0.0,0.6898603611543132,,250.0,
R1,Composite,0.9990130422020124,0.9801883766286762,0.9998878530063712,0.9977172979193223,0.8867325583101954,12,12,12.0,24.0,500,0.38175761721566936,3.915067785710821e-05,18.12638868743242,4.599711190125151,0.8853867030562944,,,
R2,Seasonal,0.6860723464929372,0.9815686354147554,0.7948407419096513,0.9962853852891637,0.8009784785490781,12,12,12.0,24.0,500,0.0,0.0,24.863289974901335,5.678516828649716,1.5772483243088509,,,
R3,Stationary_AR,0.0030111608128871037,0.7599788705826628,0.007088876094272001,0.7031275515625137,0.0,None,250,,,500,0.0,0.0,0.0,0.0,5.0,0.692735707418883,,
R4,Trending_ExponentialGrowth,0.994516787315034,0.2542233283955887,0.9961636205318796,0.33989543825677304,0.3032629340378209,None,24,,,500,,,0.0,0.0,0.6282795617713367,,,
R1,Composite,0.9984155179020152,0.9742802616387318,0.9998035076326975,0.9967640412232704,0.8766146875744483,36,36,36.0,72.0,500,0.30940457689873935,-1.0624282877052012e-05,15.18772055408137,4.281905497259888,0.8280077329776498,,,
R2,Seasonal,0.7026313419704333,0.9475023887803241,0.9404882676314968,0.9974067697091291,0.9530194165456863,36,36,36.0,72.0,500,0.0,0.0,20.11576540746287,8.751482924852953,1.1227134325341432,,,
R3,Stationary_AR,0.16445781693246475,0.2325364889556537,0.3717985220681209,0.4883371157584494,0.7364034617549446,None,26,,,500,0.0,0.0,0.0,0.0,5.0,0.6598916179357082,,
R4,Trending_MeanShift,0.9999857265481933,0.9999429370968164,0.9995731573065217,0.9983209875022273,0.0,None,250,,,500,,,0.0,0.0,0.67911168951677,,250.0,
R1,Composite,0.9975697893871988,0.93386754055796,0.9998817459831939,0.9965724875904558,0.9515741989273581,36,36,36.0,72.0,500,-0.3405680691703369,-3.754254766802373e-05,13.615537951650705,6.792002486155033,0.8155425146068027,,,
R2,Seasonal,0.69447055619808,0.9207562333562603,0.9286004845470479,0.9952884679376602,0.9456944100295461,36,36,36.0,72.0,500,0.0,0.0,19.90529736183338,10.430844915683327,1.5294450286064523,,,
R3,Stationary_AR,0.10393038388231013,0.3152936025897466,0.08543498896315616,0.5022034631405505,0.5309290933217925,None,25,,,500,0.0,0.0,0.0,0.0,5.0,0.41828056069677666,,
R4,Trending_MeanShift,0.9999576599185186,0.9998303086007223,0.9999562740858554,0.9998258948959386,0.0,None,250,,,500,,,0.0,0.0,0.7551880446569122,,250.0,
R1,Composite,0.9967358373929407,0.9611259200043485,0.9991294820412404,0.9894434041975625,0.7348612116741522,24,24,24.0,48.0,500,-0.22010889440949366,-3.193096844447622e-05,13.46349445003003,3.868047336508804,1.3972232505263766,,,
R2,Seasonal,0.7089541455967148,0.892006579740492,0.9776764155454193,0.9978899627006119,0.982220761756159,24,24,24.0,48.0,500,0.0,0.0,15.385774055392575,10.05584827752853,0.755032452986926,,,
R3,Stationary_AR,0.2180353266972216,0.3582970094772068,0.3164916664782409,0.46474247646492384,0.48009551854406307,None,15,,,500,0.0,0.0,0.0,0.0,5.0,0.4446822453199616,,
R4,Trending_MeanShift,0.9999321099444481,0.9997293046391437,0.9999402515925417,0.9997628815420563,0.12156772409242789,None,250,,,500,,,0.0,0.0,0.942785978013088,,250.0,
R1,Composite,0.9970799754915699,0.975721632627554,0.9998966536767802,0.999126906391372,0.9648231465841123,12,12,12.0,24.0,500,-0.28821097195270634,3.2564687006448477e-05,19.186092892664973,5.865762764577591,0.5923908315660056,,,
R2,Seasonal,0.7386366414623092,0.9651350895797994,0.9479194406748586,0.9979802017494145,0.9436657138098021,12,12,12.0,24.0,500,0.0,0.0,29.426648087984905,10.805941255471161,1.4450779532721083,,,
R3,Stationary_AR,0.1315817655953394,0.15592137556918162,0.1940025353463689,0.4312463407233792,0.5648060372886587,None,42,,,500,0.0,0.0,0.0,0.0,5.0,0.4882295385698874,,
R4,Trending_RandomWalkDrift,0.9908090675553054,0.9625436098050772,0.9874107193082715,0.9513163177560465,0.0,None,250,,,500,,,0.0,0.0,1.0101748021079744,,,0.23461959334248816
R1,Composite,0.9987301459358057,0.9863892057546015,0.9997826789280274,0.9976719593301008,0.8297330866638375,24,24,24.0,48.0,500,0.36387029963123385,-2.2181632465837308e-05,21.707487216621608,4.099622934966714,1.1239864061846077,,,
R2,Seasonal,0.6841139378632344,0.9625444466251094,0.8970657024826723,0.9970904331943152,0.9238891344770239,24,24,24.0,48.0,500,0.0,0.0,15.098103550340587,5.264272990645339,0.8465701407609454,,,
R3,Stationary_WN,0.2510497687321722,0.17438918905270928,0.38522056222494805,0.2379078627301522,0.2886362731115937,None,3,,,500,0.0,0.0,0.0,0.0,13.15863663367071,,,
R4,Trending_MeanShift,0.9999551092027764,0.9998209427182175,0.9997208652114988,0.9988897934952339,0.0,None,250,,,500,,,0.0,0.0,0.5647740868095521,,250.0,
R1,Composite,0.9978772384440721,0.9728799600156789,0.9998537806570789,0.9980994683277372,0.9313385504445728,24,24,24.0,48.0,500,-0.33995051285924827,-2.27744698691042e-05,19.649309240224596,5.96030216510878,0.9061097233448445,,,
R2,Seasonal,0.7092924330062642,0.9473605196656446,0.9801154013298252,0.9991354731173618,0.9842379666177173,24,24,24.0,48.0,500,0.0,0.0,26.2977886553122,11.68534211741517,0.8131030239906177,,,
R3,Stationary_AR,0.04570056348851603,0.16931468224242585,0.11663207961974953,0.39099721906060403,0.6068960988159026,None,56,,,500,0.0,0.0,0.0,0.0,5.0,0.5400531858534464,,
R4,Trending_ExponentialGrowth,0.9906879534143324,0.20862485611567705,0.9933466911001106,0.3238165238148559,0.2643747864425613,None,24,,,500,,,0.0,0.0,1.0074596119379615,,,
R1,Composite,0.9967628182263746,0.9638402022959086,0.9997029229499637,0.9966260755986781,0.9086037733525563,24,24,24.0,48.0,500,-0.3970480148560779,3.727637422353758e-05,22.302499607390956,7.588626834668813,1.4723466885125416,,,
R2,Seasonal,0.6977953737303736,0.9506650482690666,0.9407298914032303,0.9976601994369949,0.9542653411778649,24,24,24.0,48.0,500,0.0,0.0,27.434838894677984,11.548074861285972,1.4362972794053654,,,
R3,Stationary_WN,0.2582224849685083,0.09904571429325104,0.5389145899426692,0.14243253559839042,0.27929292313855325,None,2,,,500,0.0,0.0,0.0,0.0,10.70922114550586,,,
R4,Trending_RandomWalkDrift,0.9742014215180134,0.7466964682915507,0.9497796164433145,0.3344290225770463,0.0,None,250,,,500,,,0.0,0.0,0.9380416422104825,,,-0.21305899940133452
R1,Composite,0.9972771196745092,0.9859114900393566,0.9993717635851087,0.9967235548814053,0.7702027514769711,12,12,12.0,24.0,500,-0.20164031748200653,1.5070260440735425e-05,17.294563747343467,3.2767711183130332,1.0489969159160741,,,
R2,Seasonal,0.7210323644310384,0.9127905571764909,0.8928393056914201,0.989810086942174,0.8906057117516398,12,12,12.0,24.0,500,0.0,0.0,12.704021494391625,7.27652804527388,1.3221804068763134,,,
R3,Stationary_WN,0.14582845288770085,0.07553498169450024,0.4279741117092767,0.15587384030623674,0.3497964443146322,None,3,,,500,0.0,0.0,0.0,0.0,5.258190332721933,,,
R4,Trending_RandomWalkDrift,0.9958711265321532,0.29493658803989187,0.9994877905395991,0.7222573546891589,0.8771439572889613,None,24,,,500,,,0.0,0.0,0.527982334888396,,,-0.3759918275997607
R1,Composite,0.9904953908372448,0.9820799454769079,0.9993409661606487,0.9987835113362739,0.9327210120410192,24,24,24.0,48.0,500,0.15141262918003767,3.125875651131456e-05,24.97435029641251,5.952588184948779,0.8895285750515357,,,
R2,Seasonal,0.6619744060686593,0.9463105116763763,0.8474913511803918,0.9937871651974854,0.8882384615444067,24,24,24.0,48.0,500,0.0,0.0,15.112712294246013,6.105741512447413,1.3217936800109624,,,
R3,Stationary_AR,0.015415785136308258,0.3137219682810981,0.11368496929129246,0.6361253203149237,0.706683004747493,None,83,,,500,0.0,0.0,0.0,0.0,5.0,0.6233710739704412,,
R4,Trending_ExponentialGrowth,0.9978444162160143,0.28756341483787795,0.9985446448813855,0.37725423521918244,0.3182454825064025,None,24,,,500,,,0.0,0.0,0.9656904105621933,,,
R1,Composite,0.9976548840515145,0.9838612736275483,0.9997004320348075,0.9979244114533281,0.872796905684303,12,12,12.0,24.0,500,-0.30429193097740215,3.1892902757920195e-05,22.371000682067383,5.218728189495918,1.0303106781586147,,,
R2,Seasonal,0.04700519938874825,0.9924905894985805,0.06988535195796564,0.9939635892294658,0.2022764282812184,12,24,12.0,24.0,500,0.0,0.0,13.140861059840647,11.4517926929495,1.220986353761077,,,
R3,Stationary_AR,0.005446699844600111,0.2595518550244189,0.03311943412474938,0.602333096080804,0.5324771544461497,None,100,,,500,0.0,0.0,0.0,0.0,5.0,0.4755442563695317,,
R4,Trending_ExponentialGrowth,0.9898751559113982,0.26059775459506607,0.9931060437363985,0.39521434865813776,0.3227967064079651,None,24,,,500,,,0.0,0.0,0.9738233044661627,,,
R1,Composite,0.9938351254979912,0.9155840400164816,0.9990733707242246,0.9867533150292829,0.8523351615117823,24,24,24.0,48.0,500,0.15179496955319383,4.7313323790692594e-05,9.263587514231395,4.517393186210457,1.1157940667321267,,,
R2,Seasonal,0.707006052366818,0.8620452147685174,0.9694308007339526,0.9962847226115803,0.9762310254144875,24,24,24.0,48.0,500,0.0,0.0,11.213563833134405,8.44823374976172,0.7149450734149467,,,
R3,Stationary_WN,0.14993984711592467,0.18462112019155086,0.36090337999603206,0.2761763150519766,0.2941446466445041,None,4,,,500,0.0,0.0,0.0,0.0,5.572236406270975,,,
R4,Trending_MeanShift,0.999860567130499,0.9994405893145334,0.9999047848199457,0.9996186849610076,0.3170165091719236,None,250,,,500,,,0.0,0.0,1.2741979136909578,,250.0,
R1,Composite,0.9954681457559136,0.9783142354810287,0.9998764057426116,0.999402060029004,0.9729884779938703,36,36,36.0,72.0,500,-0.21999111486346484,-2.3716907611043133e-05,21.551176662536044,6.011217952499098,0.5924480577183524,,,
R2,Seasonal,0.6355412245718557,0.9769354236713146,0.7560838015674124,0.9960319400832265,0.8310668934631011,36,36,36.0,72.0,500,0.0,0.0,21.79940897440199,5.315665011818345,1.5583256545896071,,,
R3,Stationary_WN,0.13680913689815943,0.23877998062417993,0.3359850772209574,0.329026620879316,0.27832220081056325,None,4,,,500,0.0,0.0,0.0,0.0,12.009765935047694,,,
R4,Trending_MeanShift,0.9998642757658991,0.9994539126284249,0.9998845570582078,0.9995348219922717,0.14960266996289562,None,250,,,500,,,0.0,0.0,1.3906252085526947,,250.0,
R1,Composite,0.9987216837096617,0.9391493696082812,0.9998944644317309,0.9947576050250019,0.917838518464468,12,12,12.0,24.0,500,0.39903233661430504,2.626202289920052e-05,11.743168174621957,5.589365128982303,1.03990991994577,,,
R2,Seasonal,0.691643491936065,0.9775046440496201,0.8305113078766821,0.9964955335168377,0.847642791435849,12,12,12.0,24.0,500,0.0,0.0,26.850041398622587,7.004330562662275,1.6692258040060766,,,
R3,Stationary_AR,0.11252368765915599,0.3026758975564757,0.1620723755969543,0.47611191215987725,0.4692017678703827,None,22,,,500,0.0,0.0,0.0,0.0,5.0,0.48389133145760443,,
R4,Trending_RandomWalkDrift,0.9987148809128085,0.18395411258135164,0.9997831546308998,0.605031038583606,0.833120248422848,None,24,,,500,,,0.0,0.0,1.1764757303646745,,,-0.4336879980186549
R1,Composite,0.9944339476888477,0.9166769757181916,0.9995885579192012,0.9934768617707325,0.9269701750990174,12,12,12.0,24.0,500,-0.25497339250819073,-2.953169804003445e-05,13.730091131876804,7.776141551988862,1.1966333723560862,,,
R2,Seasonal,0.7447743313408195,0.9764285165928517,0.9634375746332038,0.9990366444205541,0.960040571408056,12,12,12.0,24.0,500,0.0,0.0,19.34971790109736,5.8258550183288405,0.5721274351129941,,,
R3,Stationary_AR,0.12101936276901004,0.26748611252933296,0.33671221424191455,0.5935947697492593,0.6909437689230766,None,33,,,500,0.0,0.0,0.0,0.0,5.0,0.565268257875219,,
R4,Trending_MeanShift,0.999914831802409,0.9996592386994818,0.9999207928757141,0.9996836496562622,0.07119369272662579,None,250,,,500,,,0.0,0.0,0.743745479650701,,250.0,
R1,Composite,0.9987237833260779,0.9899445859452419,0.9997943775849519,0.9983744849382874,0.8391977386854543,12,12,12.0,24.0,500,-0.30044142065952006,-1.320826583545332e-05,22.299777211109543,3.864778906032601,0.9304834043648508,,,
R2,Seasonal,0.7325436958600238,0.9762608559274804,0.9223889911942575,0.9979892017344159,0.917133877905326,12,12,12.0,24.0,500,0.0,0.0,24.449841311389157,7.245281544000682,1.1873223800481492,,,
R3,Stationary_AR,0.06712239149588373,0.31896266176508503,0.1028016249350936,0.5756808227566732,0.6344512883704306,None,83,,,500,0.0,0.0,0.0,0.0,5.0,0.5561023740867781,,
R4,Trending_RandomWalkDrift,0.9830337105899923,0.601934400219962,0.0,0.0008435121232759357,0.0,None,250,,,500,,,0.0,0.0,0.7484040054304921,,,-0.2268305225322338
R1,Composite,0.990365828241098,0.9811681999496283,0.9997284436932333,0.9994801658189655,0.9726911815071909,24,24,24.0,48.0,500,0.14322537721449846,1.905212845641968e-05,22.39897815132182,5.760318241186564,0.5074465061880383,,,
R2,Seasonal,0.5728669449702656,0.9669812770479812,0.5375575869278707,0.9902137134275579,0.7093895227506448,24,24,24.0,48.0,500,0.0,0.0,17.01077714722547,4.4005320368869585,1.7437956661646918,,,
R3,Stationary_WN,0.16949282771005392,0.08867494065300152,0.4010988031148913,0.16172341451822791,0.3195829296624302,None,3,,,500,0.0,0.0,0.0,0.0,11.995247141868894,,,
R4,Trending_MeanShift,0.9999878447226818,0.999951359069586,0.999985547309944,0.9999418985962334,0.0,None,250,,,500,,,0.0,0.0,0.5157787192090527,,250.0,
R1,Composite,0.9949412376504455,0.9641835162702103,0.9999356041983756,0.9995328234468238,0.9874172540771037,36,36,36.0,72.0,500,-0.2618524124421763,-1.801439639077459e-05,20.669104307738017,7.590968814976687,0.5002420305355226,,,
R2,Seasonal,0.6712947969531495,0.9045101400508985,0.8677177220610656,0.989789592500488,0.9028989915466064,36,36,36.0,72.0,500,0.0,0.0,16.092664149015995,8.83891564122911,1.753042362211804,,,
R3,Stationary_WN,0.2505021415592734,0.21072050668734743,0.39679495532651987,0.26402219832371887,0.2502943039120006,None,4,,,500,0.0,0.0,0.0,0.0,14.619978820993456,,,
R4,Trending_ExponentialGrowth,0.9947863755298698,0.16156618121497968,0.9961355611049263,0.2983426889650249,0.2632526861505229,None,24,,,500,,,0.0,0.0,1.1329701121738007,,,
R1,Composite,0.9839792001567027,0.9168616822328198,0.9993570886198005,0.9962804861703387,0.9612323514760148,48,50,48.0,96.0,500,0.17387986458173008,-3.916932697358855e-05,13.744506522508406,7.236193443429747,0.9284303284628023,,,
R2,Seasonal,0.5962704513376491,0.9013666577099257,0.7975670957463525,0.9844986253535083,0.8670145801348319,48,50,48.0,96.0,500,0.0,0.0,13.607692859193277,6.673867283680053,1.7857493496114312,,,
R3,Stationary_WN,0.12521042170470675,0.10859810986990326,0.43241443828581827,0.1490403341624177,0.29403187745208514,None,2,,,500,0.0,0.0,0.0,0.0,6.221308567073352,,,
R4,Trending_MeanShift,0.9999572202072886,0.999828517973718,0.9999572342277316,0.9998288967246621,0.00025156759444111554,None,250,,,500,,,0.0,0.0,1.259842463489058,,250.0,
R1,Composite,0.9874330676994522,0.947602379803291,0.9997566703844891,0.9989844035564974,0.9813944457781434,24,24,24.0,48.0,500,0.14984150248734643,2.3766118635237213e-05,16.003023307254185,7.057575624004899,0.5361213386045187,,,
R2,Seasonal,0.6047103486104446,0.9525955288886396,0.6871772864964603,0.9908832352519018,0.8090977305868061,24,24,24.0,48.0,500,0.0,0.0,19.756561057744797,6.521171361875895,1.9024703264479086,,,
R3,Stationary_AR,0.09725018627935944,0.30782140065318775,0.18253035475052448,0.5236765513994068,0.6391043448565643,None,50,,,500,0.0,0.0,0.0,0.0,5.0,0.653604524782674,,
R4,Trending_RandomWalkDrift,0.9909028886058401,0.8560637790207197,0.9915592791264086,0.8977667166862262,0.05295565944532643,None,250,,,500,,,0.0,0.0,1.346325902972706,,,0.3323440257473861
R1,Composite,0.9937992307731814,0.9434970779058558,0.9993812880749502,0.9942250013656663,0.9010130400190429,24,24,24.0,48.0,500,-0.21430135467175965,-2.0265797103505614e-05,14.66125868012135,6.2197315284972445,1.26922304385735,,,
R2,Seasonal,0.643132583584239,0.965989142342805,0.795851337994657,0.9953017923169655,0.8640753695928506,24,24,24.0,48.0,500,0.0,0.0,25.490262831203566,7.7781570744426505,1.840845057808601,,,
R3,Stationary_WN,0.041165261592962965,0.21995243726226776,0.10200371149069143,0.3691990589629214,0.2870466805446962,None,24,,,500,0.0,0.0,0.0,0.0,11.621892511858153,,,
R4,Trending_RandomWalkDrift,0.996354068142812,0.9729176599700621,0.9280716286033123,0.6862666662735769,0.0,None,250,,,500,,,0.0,0.0,0.6961346531721617,,,0.4888438837493674
R1,Composite,0.9982443863107854,0.9437202209492507,0.9998674065170875,0.9956016046031516,0.9249450754825618,24,24,24.0,48.0,500,0.392686547695032,-4.55356993507368e-05,12.80167395046081,5.682194997762047,0.9635395961062072,,,
R2,Seasonal,0.6752467343650963,0.958758983516798,0.8751986901232908,0.9960623961126774,0.906665986863768,24,24,24.0,48.0,500,0.0,0.0,29.862278571233553,10.79900704136736,1.9805287296358527,,,
R3,Stationary_WN,0.23068764597899927,0.23729497620416595,0.3894728492116172,0.3191903428685504,0.32556362348731216,None,4,,,500,0.0,0.0,0.0,0.0,13.845256349985991,,,
R4,Trending_MeanShift,0.9998577648969613,0.9994286036439821,0.9995829235105584,0.9982435280671162,0.0,None,250,,,500,,,0.0,0.0,1.3990959438858401,,250.0,
R1,Composite,0.9949395678396735,0.9513466078190785,0.9994345885195165,0.9939146807590001,0.8891887655362696,48,50,48.0,96.0,500,0.20966711242247077,-2.408752854704917e-05,12.853400617500125,4.42139106613342,0.9436128248305923,,,
R2,Seasonal,0.4731771986609946,0.9581698355119657,0.597570372566312,0.9901514142355642,0.7928577622630639,48,50,48.0,96.0,500,0.0,0.0,15.653601586126662,4.072166719927146,1.36551935944051,,,
R3,Stationary_AR,0.056038636685652454,0.19286470700928338,0.1562352263877549,0.5355961885169974,0.6267441979495652,None,36,,,500,0.0,0.0,0.0,0.0,5.0,0.4738262390411082,,
R4,Trending_RandomWalkDrift,0.9976374557140157,0.17458603396694705,0.9996640800883311,0.683761077526639,0.8584847089011638,None,24,,,500,,,0.0,0.0,0.828954296885417,,,-0.4194831678673936
R1,Composite,0.9978561082842616,0.9408837264418732,0.9995033049839791,0.9856227134052419,0.7685773526374061,12,12,12.0,24.0,500,-0.2758186102019194,1.8770380213369427e-05,10.112396128299759,4.09696222278397,1.321448904476512,,,
R2,Seasonal,0.7358626851210379,0.9402167415731499,0.9348058782185711,0.9956315631335046,0.9304256996589918,12,12,12.0,24.0,500,0.0,0.0,24.10702242966183,11.733554138282685,1.8211278965812001,,,
R3,Stationary_WN,0.1845325452204042,0.2732798372518337,0.23057009909662862,0.3646909588005931,0.2687080195172601,None,6,,,500,0.0,0.0,0.0,0.0,9.739845749707948,,,
R4,Trending_MeanShift,0.9998578996671728,0.9994354550158709,0.9998796724535496,0.9995166480546844,0.14990879393688905,None,250,,,500,,,0.0,0.0,1.3553128703242039,,250.0,
R1,Composite,0.9983003845430555,0.963268530901341,0.9997179431540815,0.9938688376605184,0.834587198558488,24,24,24.0,48.0,500,0.21632337489992187,3.423331524910693e-05,10.011449968193526,3.108513606151584,0.8254934659104912,,,
R2,Seasonal,0.6169055010284379,0.9780073255347963,0.6762569647101854,0.9949774806263476,0.7735339206631887,24,24,24.0,48.0,500,0.0,0.0,25.79534268620475,5.756123754109723,1.8006562708507563,,,
R3,Stationary_WN,0.19069266472219282,0.17904108342052316,0.4561359181662332,0.2441905193729289,0.3360447342411068,None,3,,,500,0.0,0.0,0.0,0.0,10.474857014433972,,,
R4,Trending_ExponentialGrowth,0.9947102616393377,0.2272871033514271,0.9960625837580461,0.36278663573601966,0.25425044419683784,None,24,,,500,,,0.0,0.0,1.135512989175821,,,
R1,Composite,0.9821836967960145,0.9683172883840991,0.9949257499049442,0.9899709961292608,0.716509847879668,48,50,48.0,96.0,500,0.11903103795353343,-3.237684363111392e-05,15.815365427985476,2.5415481178938357,1.2202266165970133,,,
R2,Seasonal,0.6760723720547183,0.9140424859320367,0.982144239468768,0.9985654853053652,0.9856739564679192,48,50,48.0,96.0,500,0.0,0.0,20.17943510197366,10.88208204152852,0.7312454003575035,,,
R3,Stationary_AR,0.025293124162321323,0.24968811322542783,0.011689110680700776,0.5925461102325689,0.6261932884219945,None,71,,,500,0.0,0.0,0.0,0.0,5.0,0.62173620333581,,
R4,Trending_RandomWalkDrift,0.9986140626272019,0.2010183572155646,0.999679354492749,0.4990323248204732,0.7700559988031409,None,24,,,500,,,0.0,0.0,0.6678499050867843,,,0.3669481179353081
R1,Composite,0.9993700821007755,0.9942785879776775,0.999824778548637,0.9984205462377536,0.7225505712844811,24,24,24.0,48.0,500,-0.35138252136052395,-3.172124950684014e-05,24.71444370000002,2.193250762188736,1.0266062444325348,,,
R2,Seasonal,0.6600607434361982,0.8917971136107209,0.8019442997458934,0.9830727410168028,0.8546263057113057,24,24,24.0,48.0,500,0.0,0.0,10.785973901696199,6.379089403766338,1.4471770619470126,,,
R3,Stationary_AR,0.2975661855330525,0.21870108757166928,0.39474897481077853,0.38494189384226296,0.45509767627664255,None,10,,,500,0.0,0.0,0.0,0.0,5.0,0.502865297054199,,
R4,Trending_RandomWalkDrift,0.9813535290401268,0.05834602743864936,0.9980088759428569,0.7720432114610996,0.8957335693845125,None,24,,,500,,,0.0,0.0,0.9718353989441935,,,-0.22578909124243443
R1,Composite,0.9984687637890707,0.9769414580655983,0.9996416412119891,0.9945239064323805,0.7669577674546295,36,36,36.0,72.0,500,0.33596297821085475,-2.047820970546941e-05,16.915492317745077,3.725554622182516,1.4747457656715057,,,
R2,Seasonal,0.6910932100015825,0.9855740297937912,0.9082285091024778,0.9989314026858628,0.926935364818121,36,36,36.0,72.0,500,0.0,0.0,29.839316852537227,6.435741698288286,1.0701790001963556,,,
R3,Stationary_WN,0.16222306144485665,0.07658273046038144,0.534381597660452,0.11774522585822123,0.3271863993607197,None,2,,,500,0.0,0.0,0.0,0.0,10.773645146454307,,,
R4,Trending_MeanShift,0.9999823616580327,0.999929696833066,0.9999755441288625,0.999902111390943,0.0,None,250,,,500,,,0.0,0.0,0.911892437209471,,250.0,
R1,Composite,0.9964276613231625,0.912179712778787,0.9998770696121173,0.9964993154353913,0.9658439161852965,48,50,48.0,96.0,500,0.35859679096193664,-1.5840658150884212e-05,13.907968057007452,7.327409867648321,0.8632607769733026,,,
R2,Seasonal,0.6642785556262891,0.9409051860390104,0.9711103080635659,0.9985127195702084,0.9777220366354833,48,50,48.0,96.0,500,0.0,0.0,20.4287702787654,8.703825310350329,0.7967034940143831,,,
R3,Stationary_WN,0.12669732110627174,0.10155541463462281,0.3310251761832097,0.1984742085874306,0.35078623946066445,None,4,,,500,0.0,0.0,0.0,0.0,7.453940938304702,,,
R4,Trending_MeanShift,0.99994099768299,0.9997644051590786,0.9999570980026504,0.9998294252772146,0.273465457792341,None,250,,,500,,,0.0,0.0,0.6991276687688859,,250.0,
R1,Composite,0.9986841377211566,0.9813673938192076,0.9997561216855456,0.9965396728159305,0.8152245173288173,24,24,24.0,48.0,500,0.38237598054167843,-4.2892010294840706e-05,19.45066386777222,4.0013949648836515,1.1680729083260117,,,
R2,Seasonal,0.6985266797457295,0.9322564021203483,0.9525680157053746,0.9974593511376464,0.9643952984941679,24,24,24.0,48.0,500,0.0,0.0,18.891869426514692,9.337694983962205,1.0481259651336619,,,
R3,Stationary_AR,0.09529161221906579,0.2908983377632016,0.10100252478256044,0.4817059016010594,0.49020726608466647,None,42,,,500,0.0,0.0,0.0,0.0,5.0,0.5599967788574928,,
R4,Trending_MeanShift,0.9999295840278974,0.9997174048575169,0.998823097642152,0.994728922180314,0.0,None,250,,,500,,,0.0,0.0,1.0182048609503653,,250.0,
R1,Composite,0.9968153140799456,0.9873445159420313,0.9990581289359162,0.9962600164753375,0.706787215423945,12,12,12.0,24.0,500,0.230454906766456,2.0848086495886023e-05,24.66858754841096,4.133805223424386,1.4943737874148084,,,
R2,Seasonal,0.7382554691605638,0.9559341155436194,0.9417552084990907,0.9971685745876198,0.9381941294348125,12,12,12.0,24.0,500,0.0,0.0,17.894535097838727,7.427798980169429,1.0227499227287016,,,
R3,Stationary_AR,0.19709166079883378,0.3408267143776421,0.335939079198293,0.5870063079580697,0.6462071185965403,None,25,,,500,0.0,0.0,0.0,0.0,5.0,0.5375545109242619,,
R4,Trending_RandomWalkDrift,0.9309196389752619,0.11960288335590818,0.9916983530491483,0.6754951734652712,0.898170037425053,None,24,,,500,,,0.0,0.0,0.687500863372558,,,0.2166828568300491
R1,Composite,0.9986251799267241,0.9858402323629699,0.9998455811503787,0.9982521023545055,0.8876362804046577,48,50,48.0,96.0,500,0.29277283546092586,-2.766995641976427e-05,17.660357893539853,2.2845329229080784,0.6604487293027353,,,
R2,Seasonal,0.6450208406070327,0.9420876448178822,0.9330234140197803,0.9969164301063952,0.9530085961998039,48,50,48.0,96.0,500,0.0,0.0,12.318426729854615,5.015271276771132,0.6952599537498418,,,
R3,Stationary_WN,0.12248709426368865,0.21119180770836965,0.30857813693374336,0.3252824589934712,0.3141369629951347,None,5,,,500,0.0,0.0,0.0,0.0,8.988176625227958,,,
R4,Trending_RandomWalkDrift,0.9941788619916233,0.0972827311217952,0.9991839516916011,0.6340138868077638,0.8622113673647946,None,24,,,500,,,0.0,0.0,0.7902546110864723,,,0.24970078474677246
R1,Composite,0.9983283153300088,0.9396779810343712,0.9996922716953954,0.988590086386629,0.8165968650103776,24,24,24.0,48.0,500,0.3460997236075253,3.07222932808953e-05,11.756394161479932,4.890090171966992,1.3550995313946488,,,
R2,Seasonal,0.6747860845194379,0.9758972123152002,0.8718894479339244,0.9976660595905545,0.9041664924271888,24,24,24.0,48.0,500,0.0,0.0,23.19195605380673,6.253364120250155,1.180586514317457,,,
R3,Stationary_WN,0.0040177632115810935,0.24719477955031044,0.09213089900954663,0.36912863990150235,0.30698047840074627,None,20,,,500,0.0,0.0,0.0,0.0,9.933638891067412,,,
R4,Trending_MeanShift,0.999656606658502,0.9986764651571566,0.9990214285440603,0.9960324917833075,0.0,None,250,,,500,,,0.0,0.0,1.3461772428871224,,250.0,
R1,Composite,0.9912979090921447,0.9575106880968529,0.9998203363432858,0.999042047192462,0.9797009779905368,48,50,48.0,96.0,500,0.18970981949993274,4.255721756381823e-05,19.53109001704624,7.002763294276466,0.6298933904030585,,,
R2,Seasonal,0.019669198867983906,0.9768395560313221,0.030230254588940797,0.9944739147923665,0.7773284241561691,48,100,48.0,96.0,500,0.0,0.0,11.792547182920988,8.859830250830054,1.2173729277940912,,,
R3,Stationary_WN,0.06936822783986618,0.3094873768669518,0.09119760002903099,0.44599805349845667,0.3353842649419879,None,25,,,500,0.0,0.0,0.0,0.0,13.318997042387009,,,
R4,Trending_RandomWalkDrift,0.9967685335717366,0.07582065910496749,0.9996429954289975,0.7396139806678181,0.8915356094931487,None,24,,,500,,,0.0,0.0,0.6099660022260925,,,0.4415598019553362
R1,Composite,0.9977139613465558,0.921741716677689,0.9998778684121334,0.9955643416788585,0.946767622336232,24,24,24.0,48.0,500,-0.33094422695017456,1.3559100271098533e-05,10.708927155178626,5.594013230460717,0.8077785096489205,,,
R2,Seasonal,0.6694717549959837,0.9300593668890381,0.8439932143143375,0.9915603613144742,0.8852473007436817,24,24,24.0,48.0,500,0.0,0.0,16.848757149380045,8.011933625994617,1.7973896614768923,,,
R3,Stationary_WN,0.2384353338247852,0.10411793399544034,0.5588979956299196,0.13899842379509408,0.24914674468781262,None,2,,,500,0.0,0.0,0.0,0.0,14.542001636915039,,,
R4,Trending_ExponentialGrowth,0.9990994200973898,0.19364682845883352,0.9994443989866663,0.3023320534750469,0.37703414906803734,None,24,,,500,,,0.0,0.0,1.1021164519142599,,,
R1,Composite,0.992411283495341,0.9531755286935215,0.9989568310083092,0.9934851198972793,0.8653779031341087,36,36,36.0,72.0,500,0.23654868343809388,-3.5297289162755295e-05,17.505964972288606,6.452368155870055,1.4845609961815618,,,
R2,Seasonal,0.6760831266338587,0.9679299979817929,0.8765306791656708,0.9970187920052084,0.9095512540380746,36,36,36.0,72.0,500,0.0,0.0,29.31943567528729,9.35873000821712,1.7664636049150544,,,
R3,Stationary_WN,0.19429999472431247,0.18462396906876855,0.34165765212998,0.29602793108638137,0.3287598917226586,None,4,,,500,0.0,0.0,0.0,0.0,7.060408066411066,,,
R4,Trending_RandomWalkDrift,0.9836290624173963,0.5526968819274884,0.0,0.002194156844153694,0.0,None,250,,,500,,,0.0,0.0,1.0418044240706004,,,-0.2413253292909051
R1,Composite,0.999607888733045,0.9935764485948818,0.9999167196361121,0.9986382241430541,0.7876358505647627,24,24,24.0,48.0,500,0.3661246101051727,2.2385233055724296e-05,18.852617854956684,2.341548834718111,0.7180647986676134,,,
R2,Seasonal,0.7077624007058854,0.9589925355932677,0.973848041990933,0.9991259277500796,0.9793500362754604,24,24,24.0,48.0,500,0.0,0.0,22.648094229067468,8.793921378970104,0.6750819050381158,,,
R3,Stationary_WN,0.10589341457576329,0.29572117012756083,0.12478459569105693,0.36800000176345193,0.2538007829007386,None,10,,,500,0.0,0.0,0.0,0.0,5.309117808683808,,,
R4,Trending_RandomWalkDrift,0.9922800506624768,0.975021843188134,0.9132531238469894,0.6733615056501874,0.0,None,250,,,500,,,0.0,0.0,1.0947764011824923,,,0.16659746195644348
R1,Composite,0.9966735330916456,0.9533262225787897,0.9996568723360663,0.9950072779930492,0.8976685204460252,36,36,36.0,72.0,500,-0.3065848764567055,-2.232429291797465e-05,17.047288558052227,6.636645921416525,1.2494872558841648,,,
R2,Seasonal,0.6486722785109214,0.9799906737806569,0.8210544537305542,0.9976275627643446,0.8835762531956209,36,36,36.0,72.0,500,0.0,0.0,29.527479369189066,7.004183206946766,1.5167199090034365,,,
R3,Stationary_AR,0.07813735027866886,0.4381386158893992,0.2309047364692971,0.8405229327271528,0.7977161586171349,None,100,,,500,0.0,0.0,0.0,0.0,5.0,0.698193721399134,,
R4,Trending_MeanShift,0.9999648732275841,0.9998589633818936,0.9999485956857888,0.9997958728326646,0.0,None,250,,,500,,,0.0,0.0,0.6735957868127206,,250.0,
R1,Composite,0.9880154662713247,0.9119370188022871,0.9995766783619443,0.9964917851375261,0.9657289185877977,48,50,48.0,96.0,500,-0.18571581062566903,-1.3789640157982316e-05,13.735832974926467,7.21706812800026,0.795591558490422,,,
R2,Seasonal,0.6037226445159272,0.8586356343248447,0.8221038934163759,0.9800215628501389,0.8831872263661512,48,50,48.0,96.0,500,0.0,0.0,13.16069962462526,8.148830355176822,1.8557100416303913,,,
R3,Stationary_WN,0.10615251420485339,0.17247852700212163,0.2740792468397494,0.3011411634963991,0.2772928746081491,None,5,,,500,0.0,0.0,0.0,0.0,12.075359711852444,,,
R4,Trending_ExponentialGrowth,0.9990758021079527,0.2580688777794199,0.9994560299556362,0.3990072628111946,0.4089320472142808,None,24,,,500,,,0.0,0.0,0.8278653744452852,,,
R1,Composite,0.9864560234915138,0.9052504146882664,0.999175213265897,0.9938918820307631,0.9413529943654392,36,36,36.0,72.0,500,0.1929689466344195,-4.763910457986156e-05,12.655054868286914,7.541334582782062,1.1103576997432063,,,
R2,Seasonal,0.6703672354246653,0.9503669374225491,0.8563011760530368,0.9943772299665086,0.8919649402674868,36,36,36.0,72.0,500,0.0,0.0,20.964524969112812,8.11650057903294,1.6827618883647117,,,
R3,Stationary_WN,0.08655248168231011,0.12281872219568002,0.34123356725669174,0.2670725726060419,0.29696420157943715,None,5,,,500,0.0,0.0,0.0,0.0,7.322563807682171,,,
R4,Trending_ExponentialGrowth,0.9934448087019427,0.25061372729565246,0.9958495607012554,0.3785157541582137,0.36254805466110573,None,24,,,500,,,0.0,0.0,0.908794271686177,,,
R1,Composite,0.9935181861106294,0.9848963357347935,0.9987836685231306,0.9971679271202485,0.8153851718461287,36,36,36.0,72.0,500,0.10003917703743281,3.890184636551718e-05,15.938176974474636,2.935485750254692,0.8991791525698043,,,
R2,Seasonal,0.5865351188093576,0.9679077555336003,0.675109239910785,0.9939895634256631,0.815608667795167,36,36,36.0,72.0,500,0.0,0.0,17.039295367688155,4.59099935281792,1.3612994569291197,,,
R3,Stationary_WN,0.012960320670648229,0.20196656124662815,0.06498092277885836,0.37591927331208286,0.33411548093829424,None,38,,,500,0.0,0.0,0.0,0.0,8.62984489257397,,,
R4,Trending_ExponentialGrowth,0.9990716706908286,0.2566151662929863,0.9994917862141603,0.4257871328236835,0.44929987598252674,None,24,,,500,,,0.0,0.0,0.7397268604526802,,,
R1,Composite,0.9910049051736404,0.9503848410476978,0.9998518021578489,0.9991638022599277,0.9839197307230428,12,12,12.0,24.0,500,-0.21825341363308803,3.547036656278197e-05,17.281205978598475,7.930525328594237,0.5632644954347644,,,
R2,Seasonal,0.041614962724449756,0.9813307800507225,0.09905759468002184,0.9886014503130369,0.39666460238787715,12,24,12.0,24.0,500,0.0,0.0,12.445062264849426,11.356294353645302,1.9437630798677779,,,
R3,Stationary_AR,0.228578927809719,0.40249484136148306,0.3848149036444575,0.6169386800741936,0.6040188225278308,None,38,,,500,0.0,0.0,0.0,0.0,5.0,0.6112968811040691,,
R4,Trending_MeanShift,0.9997443767621649,0.9989881374477445,0.9997328370976801,0.9989611568986402,0.0,None,250,,,500,,,0.0,0.0,1.0652146467416643,,250.0,
R1,Composite,0.9909432918000994,0.9234901840854381,0.9993134156160697,0.9940282458115353,0.9263450906565563,24,24,24.0,48.0,500,0.1827395883230597,-1.3552573238990555e-05,11.869983956903624,6.108607180416569,0.9520489872102457,,,
R2,Seasonal,0.6927836723055635,0.9472410461963789,0.9320840720924499,0.9971591871852762,0.9484012871723798,24,24,24.0,48.0,500,0.0,0.0,24.835145830845363,10.603682612974728,1.5085218777660854,,,
R3,Stationary_AR,0.29746142555386357,0.2472321893706817,0.3795721833667153,0.4388658264739096,0.5254385316460322,None,15,,,500,0.0,0.0,0.0,0.0,5.0,0.501493062714966,,
R4,Trending_ExponentialGrowth,0.9926767729093974,0.24860654184650421,0.9948472757364367,0.3716995645369334,0.298339612266164,None,24,,,500,,,0.0,0.0,0.8259690235817316,,,
R1,Composite,0.9980268933905216,0.9417361428499207,0.9996592363861241,0.9886482301924036,0.8277368918774851,48,50,48.0,96.0,500,0.3643460513554869,4.7195225939721106e-05,14.220725570038276,5.072675620843958,1.379797858991977,,,
R2,Seasonal,0.6114025621934515,0.9722487714559193,0.9375277359820333,0.9987929809896622,0.9606883845550942,48,50,48.0,96.0,500,0.0,0.0,28.22647552773803,7.535659424367798,1.004899711200986,,,
R3,Stationary_AR,0.12107845743472523,0.32944236554870165,0.18694798865460893,0.5999798061622628,0.645856139593191,None,26,,,500,0.0,0.0,0.0,0.0,5.0,0.6553642263698198,,
R4,Trending_MeanShift,0.9999813825884369,0.9999255502376582,0.999946459935833,0.9997863896932365,0.0,None,250,,,500,,,0.0,0.0,0.6029514361620204,,250.0,
R1,Composite,0.9970040098901908,0.9748708800853882,0.9998886901210513,0.9990511193095736,0.9630469167218436,36,36,36.0,72.0,500,-0.32678079059467324,-4.310375976575753e-05,24.316594808545375,7.316875651293027,0.9187613377957007,,,
R2,Seasonal,0.7044927491054369,0.8092698930171203,0.9476290460307025,0.9902235589364394,0.9581234074804287,36,36,36.0,72.0,500,0.0,0.0,12.504618458493052,11.338232843804194,1.4562368285725737,,,
R3,Stationary_WN,0.25753645857282825,0.12361047270113179,0.4900734998370616,0.15849709688328473,0.21719760726404336,None,2,,,500,0.0,0.0,0.0,0.0,5.635770845248374,,,
R4,Trending_ExponentialGrowth,0.9995094324949625,0.2761960377526358,0.9997309978980117,0.4565489768725206,0.4467225038628665,None,24,,,500,,,0.0,0.0,0.5453362057929609,,,
R1,Composite,0.9893134591770233,0.9358629030885071,0.9992788131293819,0.9955647087236504,0.9339366035929669,24,24,24.0,48.0,500,-0.12021879197309468,3.1189440149223054e-05,8.394567545719188,3.947596778921606,0.6145487669947026,,,
R2,Seasonal,0.7113875229553619,0.9529761744027109,0.985777729595581,0.9994439954924383,0.9885676671151965,24,24,24.0,48.0,500,0.0,0.0,27.27981539110957,11.436064286586928,0.5511005292578037,,,
R3,Stationary_WN,0.08253739989944653,0.2174758543014813,0.24809511807094786,0.3296424425911263,0.2756907671986829,None,7,,,500,0.0,0.0,0.0,0.0,8.677852969032635,,,
R4,Trending_ExponentialGrowth,0.9955768431148206,0.21175845127049575,0.9969770296649441,0.33128710330758004,0.31216645895957984,None,24,,,500,,,0.0,0.0,0.8554855451263581,,,
R1,Composite,0.9978798074997938,0.8631827792823157,0.9996898984864744,0.9756965078455195,0.8543511540940874,48,50,48.0,96.0,500,-0.3677205483524124,-1.480228084411779e-05,8.69560511052,5.207983621809785,1.473397961109359,,,
R2,Seasonal,0.663531532580596,0.9412933813573805,0.9813672660976395,0.9990643695058898,0.9859314821216103,48,50,48.0,96.0,500,0.0,0.0,24.315975581918572,10.392324574553925,0.7819486175118037,,,
R3,Stationary_AR,0.38702912519694743,0.29281650930509695,0.545731179421025,0.4103353483893296,0.5252277019513645,None,8,,,500,0.0,0.0,0.0,0.0,5.0,0.5374267796944541,,
R4,Trending_MeanShift,0.9999492719483981,0.9997973620008993,0.9997296526418101,0.9989374643866569,0.0,None,250,,,500,,,0.0,0.0,1.3040314470903756,,250.0,
R1,Composite,0.9938802011617446,0.975086356220469,0.9995936673304991,0.9983510346726034,0.934815833516247,24,24,24.0,48.0,500,0.2678089301422195,-4.7771377020012636e-05,24.349199880082104,7.057333883228738,1.061794816408583,,,
R2,Seasonal,0.6408760405189826,0.9494142379795987,0.7765114509286221,0.9915620421278727,0.8383580545904702,24,24,24.0,48.0,500,0.0,0.0,17.117487319692977,6.515507059820138,1.8164411986026474,,,
R3,Stationary_WN,0.024129902091116096,0.21044088950515205,0.15934386086091856,0.33493757840610094,0.33229635854399786,None,11,,,500,0.0,0.0,0.0,0.0,5.3847516515096014,,,
R4,Trending_RandomWalkDrift,0.9943547841848895,0.12344340594455094,0.9995248708935844,0.7409698026318419,0.9181255177383857,None,24,,,500,,,0.0,0.0,0.7459050276830803,,,-0.17991229747160228
R1,Composite,0.9930612843706788,0.9586095370255318,0.9982253143876557,0.9892102863301806,0.7455383225080778,12,12,12.0,24.0,500,-0.14451192774923427,3.1878606609668525e-05,10.59795190968035,3.3691405978929794,1.1251950289308397,,,
R2,Seasonal,0.7541367420329854,0.9248455325544656,0.9910031911438815,0.9992012716598596,0.9901229676039495,12,12,12.0,24.0,500,0.0,0.0,19.562547256830705,11.195084548027076,0.5250145557435122,,,
R3,Stationary_WN,0.26269753296949383,0.14550079969825658,0.5037007868425873,0.20052941966001103,0.30014045625268315,None,2,,,500,0.0,0.0,0.0,0.0,6.4133883457748855,,,
R4,Trending_ExponentialGrowth,0.9984180326754056,0.16744014337766577,0.9988478803392407,0.31128795451995095,0.2717534902498633,None,24,,,500,,,0.0,0.0,0.7098830926184934,,,
R1,Composite,0.9731998908628777,0.8702435823865011,0.9983578485303659,0.9917461541085021,0.9432445863523204,24,24,24.0,48.0,500,0.12096994867492908,-2.1072242554777093e-05,9.89413775180043,6.89355383664458,0.9431925077860757,,,
R2,Seasonal,0.6156103500894533,0.9899142430605381,0.7201247356067682,0.9980862269670311,0.8098783295713097,24,24,24.0,48.0,500,0.0,0.0,28.200212589085517,4.191920204898472,1.4079937763849746,,,
R3,Stationary_WN,0.04541077013371131,0.24648944130112915,0.13005349013795242,0.40035965201235,0.33633475934495216,None,16,,,500,0.0,0.0,0.0,0.0,14.349876880824285,,,
R4,Trending_RandomWalkDrift,0.9907495418178405,0.030990777771729983,0.9986163877668849,0.6042478207095878,0.8531676007833443,None,24,,,500,,,0.0,0.0,1.3861459281779498,,,-0.280457344482261
R1,Composite,0.9996632606995158,0.9933383557660905,0.9999447144747807,0.9989048648797066,0.8360660975606592,12,12,12.0,24.0,500,0.36230816493933016,-3.130695165364619e-05,15.925652022157575,2.155822412282733,0.5890330930500403,,,
R2,Seasonal,0.6695393165494228,0.9536346855324969,0.7761508072265513,0.9903141312188615,0.7993286471688358,12,12,12.0,24.0,500,0.0,0.0,12.171204023691676,4.492023374288919,1.3582906054424289,,,
R3,Stationary_WN,0.21834663276535127,0.21407956018814311,0.3894822867519543,0.273990683756142,0.2709810325036581,None,3,,,500,0.0,0.0,0.0,0.0,5.896940211275961,,,
R4,Trending_MeanShift,0.9999219257580054,0.9996879437109285,0.9998926044611017,0.999572060518408,0.0,None,250,,,500,,,0.0,0.0,0.9081186157038192,,250.0,
R1,Composite,0.9990032990768376,0.9822829924668299,0.9998792083377565,0.997634354113933,0.8790060323054998,48,50,48.0,96.0,500,-0.272727442862393,-1.258604867432133e-05,13.262985840376885,2.163943722753772,0.5548639014425855,,,
R2,Seasonal,0.3941433338038618,0.948754869569842,0.5655204738257886,0.9893758052646866,0.8226412818624652,48,50,48.0,96.0,500,0.0,0.0,19.798040764776776,5.0973887659484225,1.6432673255567791,,,
R3,Stationary_AR,0.12150995256668207,0.29562090244096473,0.1723836286843976,0.5486796815864177,0.6484164251779894,None,29,,,500,0.0,0.0,0.0,0.0,5.0,0.6550740687996419,,
R4,Trending_MeanShift,0.9999489213964888,0.9997965023058925,0.9999408501033923,0.999762198837839,0.0,None,250,,,500,,,0.0,0.0,1.3231170406501205,,250.0,
R1,Composite,0.9889573849381791,0.9566419832778105,0.9981759130641057,0.9928028616095034,0.8381665448257583,36,36,36.0,72.0,500,-0.13797868801495286,1.8449414823376565e-05,13.23156787512621,4.38009495207552,1.0827838652169077,,,
R2,Seasonal,0.6674774464307158,0.936440980754701,0.8456888053169975,0.992051854952508,0.8829860563108389,36,36,36.0,72.0,500,0.0,0.0,23.437916905604617,10.363683336457132,1.9918689604784767,,,
R3,Stationary_WN,0.015194809839556345,0.27998506384550814,0.025763549966365318,0.4435182996009025,0.40967856102317823,None,42,,,500,0.0,0.0,0.0,0.0,9.075931681090498,,,
R4,Trending_ExponentialGrowth,0.9969149265013169,0.2368078724059196,0.9981242373866007,0.3849689594018161,0.38861150756147567,None,24,,,500,,,0.0,0.0,0.8226433626200552,,,
R1,Composite,0.9976655524062447,0.9393694313784051,0.9999139137337463,0.9974871823859595,0.9633471254297217,48,50,48.0,96.0,500,-0.3839967907559485,-4.9826080069676624e-05,15.762129894603788,6.570005031720477,0.9036502329745657,,,
R2,Seasonal,0.6239327364791918,0.9589352715277822,0.8943048414293421,0.9966942712058435,0.9273406841434535,48,50,48.0,96.0,500,0.0,0.0,21.281539479575528,7.091406249208814,1.3748139461783722,,,
R3,Stationary_WN,0.11382309340739605,0.10602175054535523,0.38432174564027555,0.27302330171579026,0.38399587400848134,None,4,,,500,0.0,0.0,0.0,0.0,13.833360905823422,,,
R4,Trending_RandomWalkDrift,0.990530996217298,0.20855331799258314,0.9989410541210147,0.7493897223150702,0.8923373648992964,None,24,,,500,,,0.0,0.0,0.965249322946092,,,0.2351285732602346
R1,Composite,0.9981195243111877,0.9813570977148651,0.9997895373198806,0.9976649185207739,0.8882936330638842,48,50,48.0,96.0,500,-0.23436589644336037,-4.7745937686355345e-05,16.43535457733951,2.424739773325664,0.5922277350550922,,,
R2,Seasonal,0.6269301852616647,0.874411149710464,0.9020244655491768,0.9897799817679243,0.9327403029118851,48,50,48.0,96.0,500,0.0,0.0,16.82613036012571,10.398841634255056,1.7982016086882449,,,
R3,Stationary_AR,0.027110084441027804,0.3985878889130138,0.06878811625886849,0.7170001771839227,0.7205973815403526,None,71,,,500,0.0,0.0,0.0,0.0,5.0,0.6088229588908687,,
R4,Trending_RandomWalkDrift,0.9352804625263877,0.957876111214564,0.864561102979414,0.9209289703665563,0.0,None,250,,,500,,,0.0,0.0,1.0841830975066147,,,-0.12509240114136433
R1,Composite,0.9975782930075023,0.9569889600702145,0.9997092944901447,0.9947363954597316,0.8806768361092229,36,36,36.0,72.0,500,0.23232029168176446,-4.3896655314834496e-05,9.898491801351593,3.55762847277603,0.8354802800945718,,,
R2,Seasonal,0.6869686815905314,0.9698851419558672,0.8821632250011613,0.9971436894126591,0.9074118259812987,36,36,36.0,72.0,500,0.0,0.0,26.441271436749517,8.366998172414604,1.556700791888088,,,
R3,Stationary_WN,0.11821060880975365,0.1887134112790918,0.44909510649025564,0.27010996996687164,0.3380516128916644,None,3,,,500,0.0,0.0,0.0,0.0,10.380324075533727,,,
R4,Trending_RandomWalkDrift,0.9897044257736696,0.1262303632496542,0.998428372110771,0.638652034440979,0.8500743924989955,None,24,,,500,,,0.0,0.0,1.2250901452793452,,,0.150847234298702
R1,Composite,0.9987481069049036,0.9888697768595289,0.9997854175021473,0.9979467033380786,0.8292135010646414,48,50,48.0,96.0,500,-0.35414036906915025,-1.294536203627339e-05,24.22552958271929,3.0229329242353344,1.1495107222156173,,,
R2,Seasonal,0.022478236385688244,0.9781544970167103,0.017957130053650627,0.9944203810604967,0.758410121856004,48,100,48.0,96.0,500,0.0,0.0,12.939037138341751,11.200312958685917,1.345774296772983,,,
R3,Stationary_WN,0.28820302787821117,0.09634178725710607,0.5105963443206833,0.12960478416909382,0.2684805090237363,None,2,,,500,0.0,0.0,0.0,0.0,9.51632804598527,,,
R4,Trending_MeanShift,0.999913451359698,0.999653114798367,0.999897643725269,0.9995843896255171,0.0,None,250,,,500,,,0.0,0.0,1.3344214626125424,,250.0,
R1,Composite,0.9976810517379664,0.9572370479846394,0.9995188359731962,0.9909058646268002,0.7926726145130385,24,24,24.0,48.0,500,-0.3109505001070674,-2.661828126727606e-05,14.966691181712925,4.733074849993383,1.4654635463793197,,,
R2,Seasonal,0.677929305767524,0.986340821085078,0.8668443216840032,0.998600129635789,0.8979653242733999,24,24,24.0,48.0,500,0.0,0.0,23.33303823515281,4.873196281768058,1.0127189294334011,,,
R3,Stationary_WN,0.0004616956944455408,0.9077708315767392,0.0,0.03895803567038958,0.0,None,250,,,500,0.0,0.0,0.0,0.0,11.133827993064504,,,
R4,Trending_MeanShift,0.9998658118135537,0.999465097947018,0.9999030291294608,0.9996140803679129,0.27647913910197963,None,250,,,500,,,0.0,0.0,1.147170596715462,,250.0,
R1,Composite,0.9981620086437505,0.9473844420444295,0.9998937110241352,0.9968570322333877,0.9425751639004266,24,24,24.0,48.0,500,0.3532577668158806,2.757247569786682e-05,13.452876882485981,5.764924540012819,0.8294629008900594,,,
R2,Seasonal,0.6983615014352202,0.9608888833478113,0.9532538463579949,0.998577461105341,0.9647432807689333,24,24,24.0,48.0,500,0.0,0.0,29.31974033087442,10.872170925554624,1.3023977800051827,,,
R3,Stationary_WN,0.18757639396772174,0.2496588306757409,0.2701303334613584,0.3770107679791672,0.30627332818789454,None,6,,,500,0.0,0.0,0.0,0.0,10.795449527184786,,,
R4,Trending_MeanShift,0.9999122950603776,0.9996482136710115,0.9999198358774517,0.9996763429946915,0.08383064892687864,None,250,,,500,,,0.0,0.0,1.0368355032252143,,250.0,
R1,Composite,0.9893715948332836,0.9708366629710667,0.9995102853808085,0.998668012396063,0.9555102381926859,12,12,12.0,24.0,500,0.15372843454825366,-1.4846769501791473e-05,18.02461033410916,6.109825493986414,0.697312253386868,,,
R2,Seasonal,0.7340853979910498,0.9379012387788683,0.9276438077736385,0.9949510708948711,0.9229778149247791,12,12,12.0,24.0,500,0.0,0.0,21.218757530473034,10.210538512123286,1.538648071888377,,,
R3,Stationary_AR,0.087257662867959,0.27803468328918524,0.14338248026217115,0.5421989345853069,0.6084922076094341,None,38,,,500,0.0,0.0,0.0,0.0,5.0,0.46152286293236267,,
R4,Trending_ExponentialGrowth,0.9988888444646996,0.28814900075078265,0.9991964856509779,0.3663190001171346,0.27304659194682446,None,24,,,500,,,0.0,0.0,0.6267948069422716,,,
R1,Composite,0.9889668768555047,0.9041571778985346,0.9989759391898381,0.9906017980824351,0.9103374472234494,12,12,12.0,24.0,500,0.18793106405906898,-4.768650717350236e-05,10.907226655624804,6.555789917063738,1.1632119756240347,,,
R2,Seasonal,0.7535137746844989,0.9017110234307245,0.9812847451185088,0.9976538534088036,0.9783919508036564,12,12,12.0,24.0,500,0.0,0.0,16.781772451500423,11.1392915022189,0.5776440646900499,,,
R3,Stationary_AR,0.0792722429512861,0.22912801712779562,0.16787828069703115,0.4414743992690031,0.5491187817615383,None,50,,,500,0.0,0.0,0.0,0.0,5.0,0.47357319217829175,,
R4,Trending_RandomWalkDrift,0.989714855203199,0.11745114487337505,0.9990080231131098,0.7414115578927327,0.9057062348234465,None,24,,,500,,,0.0,0.0,1.4653657989786635,,,-0.19334073530736862
R1,Composite,0.9990676369113705,0.9849813772847552,0.9998584988188527,0.997718345982365,0.848828263510612,12,12,12.0,24.0,500,0.3850648326048798,-4.71264970762182e-05,18.234179237522884,3.7248616056237562,0.9856025263190948,,,
R2,Seasonal,0.7336882286258233,0.9614845220771628,0.9407322593249915,0.9975195870599236,0.9376265220490985,12,12,12.0,24.0,500,0.0,0.0,26.632050831381747,10.175175474042844,1.4457626984159104,,,
R3,Stationary_WN,0.2703928320408252,0.20745378022616456,0.4202467635111896,0.269216647321893,0.2295420992401458,None,3,,,500,0.0,0.0,0.0,0.0,8.026268022724366,,,
R4,Trending_MeanShift,0.999938205856093,0.9997554439431175,0.9999585827405805,0.9998356553205824,0.3295319490858569,None,250,,,500,,,0.0,0.0,1.4297303774698538,,250.0,
R1,Composite,0.9993818878030573,0.9870114467316283,0.999917114299823,0.9982421516768883,0.8659740976337902,12,12,12.0,24.0,500,-0.3678611349459556,4.815717996393277e-05,15.242264247519135,3.089495955361486,0.6817847559020351,,,
R2,Seasonal,0.7525504365356872,0.9099399920688358,0.9838040014603688,0.9982349673584776,0.9820442385261264,12,12,12.0,24.0,500,0.0,0.0,18.713025499516295,11.813659192941532,0.822927049566311,,,
R3,Stationary_WN,0.0998719840055241,0.2623961706487792,0.24513258436189822,0.41915357605044146,0.3998462200897025,None,6,,,500,0.0,0.0,0.0,0.0,12.598015581741118,,,
R4,Trending_ExponentialGrowth,0.9991204721448658,0.2361308370891606,0.9994386553656832,0.40519906434315855,0.35592948249389256,None,24,,,500,,,0.0,0.0,1.2666714116544688,,,
R1,Composite,0.9947836705424071,0.9505508316492302,0.9997608478616408,0.997479323462926,0.9546587620793081,48,50,48.0,96.0,500,-0.322267909063194,4.897059447723318e-05,19.048014068883738,7.2085161219227665,1.0105516938287984,,,
R2,Seasonal,0.6575827266064485,0.9191250089959395,0.9215328646669373,0.9942252080089706,0.9379404925680053,48,50,48.0,96.0,500,0.0,0.0,21.016842368717594,10.507477711475097,1.6403292097632178,,,
R3,Stationary_AR,0.28384586224992403,0.2658388154516371,0.42525583310826975,0.5080090764503485,0.5820623781986187,None,16,,,500,0.0,0.0,0.0,0.0,5.0,0.5209082746508245,,
R4,Trending_ExponentialGrowth,0.9984992854836381,0.27605022767686915,0.9989589863016946,0.39124313904791186,0.3041075645834562,None,24,,,500,,,0.0,0.0,1.3340499103394179,,,
R1,Composite,0.9968626621937035,0.9842869196089383,0.9992926203171556,0.9961982661187482,0.7754632793938494,48,50,48.0,96.0,500,0.25894325173358734,-2.968975494641441e-05,22.238173922049523,3.3651910322707526,1.28239676922114,,,
R2,Seasonal,0.651902975565732,0.96142444948689,0.978967715200352,0.9993464024616799,0.9847780558211368,48,50,48.0,96.0,500,0.0,0.0,22.3669262382394,7.579100647216264,0.56158635224162,,,
R3,Stationary_AR,0.0650750134894077,0.32450831922799683,0.09827724966520257,0.630138206606621,0.6900937969392232,None,100,,,500,0.0,0.0,0.0,0.0,5.0,0.6584654889601764,,
R4,Trending_RandomWalkDrift,0.9894020530634241,0.18773337327845052,0.9982555493069107,0.5740347685306769,0.8381441337283274,None,24,,,500,,,0.0,0.0,0.639138280619709,,,0.4210675060596565
R1,Composite,0.9949701668323827,0.9633705217733809,0.9996603113665025,0.9975034354482503,0.9331688088785481,24,24,24.0,48.0,500,-0.2699161293940428,1.0192697249634867e-05,19.555829876203163,6.7652173752282145,1.0561786275438516,,,
R2,Seasonal,0.6565682942244834,0.9809735242689228,0.8373466118878465,0.9978104265082288,0.8853541322522995,24,24,24.0,48.0,500,0.0,0.0,27.629113416569496,6.219142593447139,1.4259740780580066,,,
R3,Stationary_WN,0.01862764684325624,0.28100446565313597,0.01673105982033596,0.37539574904141826,0.273682456589307,None,36,,,500,0.0,0.0,0.0,0.0,6.616007564478245,,,
R4,Trending_MeanShift,0.9999593578189558,0.9998382972748674,0.9999551210677845,0.999821125557072,0.0,None,250,,,500,,,0.0,0.0,0.5979317422474841,,250.0,
R1,Composite,0.9882465631677064,0.9779344793287268,0.9997125941920167,0.9994675625803537,0.9763480135782773,12,12,12.0,24.0,500,-0.14495930445118085,-3.630507994064808e-05,24.668063471027637,7.414444987931392,0.5654203835485497,,,
R2,Seasonal,0.7334710498509226,0.9635904869517999,0.9319705187623802,0.9973054426477168,0.9281961897786861,12,12,12.0,24.0,500,0.0,0.0,15.892448010890742,5.899569571029506,0.9302497811281927,,,
R3,Stationary_AR,0.052962325270117794,0.29192364847288277,0.06803776383718207,0.4959873872381976,0.5421702356701406,None,62,,,500,0.0,0.0,0.0,0.0,5.0,0.5449848590089033,,
R4,Trending_ExponentialGrowth,0.9906572980146385,0.24534537337567963,0.9939293916059307,0.33057057348939345,0.33777786198460114,None,24,,,500,,,0.0,0.0,1.269350079125755,,,
R1,Composite,0.9836854112938592,0.9304131736776885,0.9994284788968235,0.9973075489610399,0.9661628575832176,48,50,48.0,96.0,500,0.1553700534755179,1.3190278037880262e-05,16.15022079124126,7.478226702912702,0.9220179845713012,,,
R2,Seasonal,0.518882326282311,0.979781396180184,0.8135598441267751,0.9980249239158168,0.9115961401918613,48,50,48.0,96.0,500,0.0,0.0,23.86379403966675,4.4699527841832465,1.0860354937182481,,,
R3,Stationary_AR,0.22105366895250322,0.23214988018954674,0.3820150366613769,0.4073299038359097,0.5064661929947658,None,10,,,500,0.0,0.0,0.0,0.0,5.0,0.42325315676828174,,
R4,Trending_RandomWalkDrift,0.986828986563226,0.16953352457117488,0.9981198424204833,0.6158464346016286,0.8625182896762879,None,24,,,500,,,0.0,0.0,0.7883464500683565,,,0.1404736443986157
R1,Composite,0.9961090986269351,0.9758103970577512,0.9998587175397966,0.99911500618731,0.9641563072683851,12,12,12.0,24.0,500,0.24393913455692998,3.5009364498840626e-05,21.192111146565857,6.518781415856775,0.6464422121132761,,,
R2,Seasonal,0.7458332671599974,0.9675659103695724,0.9694153926208381,0.9989146461207048,0.9674998145720399,12,12,12.0,24.0,500,0.0,0.0,26.790461967013336,9.59134979068809,0.9556783783884679,,,
R3,Stationary_AR,0.03854452986721324,0.32413548326991526,0.1080738154980565,0.6926283009329905,0.6966506758393933,None,83,,,500,0.0,0.0,0.0,0.0,5.0,0.558443645049201,,
R4,Trending_MeanShift,0.9999721201488153,0.9998890322498111,0.9998137446641784,0.9992608463542619,0.0,None,250,,,500,,,0.0,0.0,1.0461187538286447,,250.0,
R1,Composite,0.9969605594041347,0.9381258426063793,0.9996726582535506,0.9924445408378547,0.8929493894685264,48,50,48.0,96.0,500,0.23079289767185104,3.620464027032835e-05,11.003540936399698,4.375697810506594,0.9932485067018774,,,
R2,Seasonal,0.5577550321498278,0.973918908716874,0.8024972916094302,0.9967354640744277,0.8864313327789519,48,50,48.0,96.0,500,0.0,0.0,18.885342531231842,4.24531511678563,1.2827702863881945,,,
R3,Stationary_AR,0.04226764066124644,0.24976427082977537,0.08809031841082249,0.4716998955339736,0.49481705419871846,None,56,,,500,0.0,0.0,0.0,0.0,5.0,0.5073308221087419,,
R4,Trending_ExponentialGrowth,0.9984918162348494,0.2405806988446545,0.9990427667160869,0.36608836953870094,0.3598623386989842,None,24,,,500,,,0.0,0.0,0.9352915641015509,,,
R1,Composite,0.9985411341822273,0.9836240185300934,0.9997782307428033,0.9974723744725765,0.8484386534346525,36,36,36.0,72.0,500,-0.3760070665316029,-3.4219630306336454e-05,23.790813337246966,5.2196263217553795,1.2762071519376978,,,
R2,Seasonal,0.6599728884234921,0.942338107369302,0.8022434248250983,0.9906855880698401,0.8466226755203259,36,36,36.0,72.0,500,0.0,0.0,16.444077445956253,6.75390408763246,1.6876921944258196,,,
R3,Stationary_WN,0.22252777957759706,0.09482805327580102,0.5088173294723596,0.12946791130231872,0.2808131500435399,None,2,,,500,0.0,0.0,0.0,0.0,14.943208109770618,,,
R4,Trending_MeanShift,0.9999703381621132,0.9998817756649788,0.9991478316048078,0.9968590249795289,0.0,None,250,,,500,,,0.0,0.0,0.6863652769829517,,250.0,
R1,Composite,0.9782861308902737,0.972548530218706,0.9983518273879142,0.9977047594210953,0.9255686009407693,48,50,48.0,96.0,500,-0.1261157592467721,3.655991677114173e-05,19.16935751367239,4.178248388130646,0.8901603785942999,,,
R2,Seasonal,0.028857135992264027,0.9851025375066167,0.14544642583596157,0.9988270309166386,0.9249255220776934,48,100,48.0,96.0,500,0.0,0.0,11.077143802747047,9.535699596237743,0.6250093323533272,,,
R3,Stationary_WN,0.146623146008391,0.1988675566804029,0.31604245032523304,0.28128804994590884,0.28986284538360885,None,5,,,500,0.0,0.0,0.0,0.0,14.948010186549169,,,
R4,Trending_ExponentialGrowth,0.9953701305014104,0.21421927728559664,0.9970868555793696,0.3746940688036604,0.37393187137755757,None,24,,,500,,,0.0,0.0,1.0213122941146882,,,
R1,Composite,0.994543231804076,0.9886954789576613,0.9980483784104777,0.996023967448835,0.6471158123236771,12,12,12.0,24.0,500,0.1815668623998329,-4.628329828044322e-05,22.416079029113234,2.840750176392172,1.2162732871531134,,,
R2,Seasonal,0.7360509623437432,0.9746375545554838,0.9444556885162964,0.9984856836932614,0.9415405184828526,12,12,12.0,24.0,500,0.0,0.0,27.014575347787233,8.335177678742276,1.1429837860597498,,,
R3,Stationary_AR,0.04061220763448814,0.3459559325833691,0.2331365521459463,0.7064426929633711,0.7295168070882057,None,42,,,500,0.0,0.0,0.0,0.0,5.0,0.537438000796544,,
R4,Trending_MeanShift,0.9999503827623111,0.9998017699975668,0.9999398930790816,0.9997582314343081,0.0,None,250,,,500,,,0.0,0.0,0.8451056261471463,,250.0,
R1,Composite,0.9972041332116285,0.9800615948356063,0.9996385516806725,0.997140307302903,0.8711191388474981,48,50,48.0,96.0,500,-0.2079892325949501,-1.4714440326642795e-05,16.113972765168832,2.7403026309803256,0.7064620835151328,,,
R2,Seasonal,0.6501777778416965,0.9505158306140151,0.955281862070386,0.9982169843179192,0.9679323225391223,48,50,48.0,96.0,500,0.0,0.0,25.088515157609958,9.532973917759879,1.1537863676707614,,,
R3,Stationary_WN,0.12628847712374658,0.14305969691115905,0.2600052955148259,0.2319082387879423,0.270405858759725,None,6,,,500,0.0,0.0,0.0,0.0,5.180010543918536,,,
R4,Trending_RandomWalkDrift,0.994752032362808,0.9053097317774559,0.9924389961720786,0.8709144106004982,0.0,None,250,,,500,,,0.0,0.0,1.3069274490696925,,,-0.40916237105593123
R1,Composite,0.9992937395653313,0.9763148537899946,0.999760288410349,0.9915782217381603,0.660915519236129,48,100,48.0,96.0,500,0.38048417326708683,-4.707642506322069e-05,9.467584404947035,7.706767637414618,1.1116909931025338,,,
R2,Seasonal,0.5394391720549667,0.9738202550854308,0.8308257815313234,0.9975008858943171,0.913979720251586,48,50,48.0,96.0,500,0.0,0.0,25.404819764937777,5.7056565944016615,1.1826214902372216,,,
R3,Stationary_WN,0.05516899696404687,0.17765956750653966,0.18347141108490517,0.2934910597220203,0.3098649741440431,None,7,,,500,0.0,0.0,0.0,0.0,8.538827916628353,,,
R4,Trending_ExponentialGrowth,0.9972054097223462,0.17513342195977133,0.998013439824564,0.305851650687085,0.28201777875906664,None,24,,,500,,,0.0,0.0,1.0143742366210915,,,
R1,Composite,0.9987367133238342,0.8976191405421893,0.9998589794873837,0.9867136674235271,0.8885051729701537,48,50,48.0,96.0,500,0.39535485039612395,-4.306433510907438e-05,8.057996109054336,4.339068285396558,1.059930504121646,,,
R2,Seasonal,0.6026247278142405,0.9578284885390326,0.8281626655916601,0.9947270670859371,0.8881126969842065,48,50,48.0,96.0,500,0.0,0.0,23.289625087911155,7.608422551903648,1.503552264859365,,,
R3,Stationary_AR,0.23554265109409345,0.2968664961569707,0.27509086249712356,0.42312852903608467,0.44110351636560674,None,11,,,500,0.0,0.0,0.0,0.0,5.0,0.4574368424089663,,
R4,Trending_RandomWalkDrift,0.9978570066967766,0.05768623479268953,0.9997982399519788,0.6377997156563084,0.9055064525600798,None,24,,,500,,,0.0,0.0,1.4594005231025906,,,-0.44913373575523396
R1,Composite,0.998850946711468,0.9914543771454122,0.9997753458507245,0.9983296015272781,0.8052245806138285,24,24,24.0,48.0,500,0.24505035195027436,-4.285860887441584e-05,16.7304714859201,2.3153024301155813,0.7491743084305231,,,
R2,Seasonal,0.7072987250761,0.9324260179496203,0.9784039758172278,0.9988094594483783,0.983273321500403,24,24,24.0,48.0,500,0.0,0.0,16.813393402346804,8.442191079624425,0.6375361788746243,,,
R3,Stationary_WN,0.16469665809401302,0.12070243816185955,0.3688269780966382,0.1762194306018413,0.3192274185190602,None,4,,,500,0.0,0.0,0.0,0.0,6.339888074314284,,,
R4,Trending_RandomWalkDrift,0.9996811218871094,0.9782843097732078,0.9992260290282348,0.9486817060072803,0.0,None,250,,,500,,,0.0,0.0,1.098100650806414,,,0.39501745150343714
R1,Composite,0.9976427885085555,0.9698905233253383,0.9994519348921899,0.9929242399498339,0.7692440439483923,12,12,12.0,24.0,500,0.2368938597481802,3.715344102898877e-05,14.569131298203601,4.058090903579927,1.2916755279293763,,,
R2,Seasonal,0.7464341257388838,0.9274824737683792,0.9692654465151912,0.9973935279313091,0.9664186838184068,12,12,12.0,24.0,500,0.0,0.0,13.820352287254778,7.578753442743447,0.7937410493484497,,,
R3,Stationary_WN,0.061894401541438215,0.14059549863076815,0.25323170648621873,0.22054110821141948,0.31814150044173484,None,5,,,500,0.0,0.0,0.0,0.0,14.639814226162557,,,
R4,Trending_RandomWalkDrift,0.9945281435081119,0.1568620369575262,0.9990550957849855,0.6188209069949522,0.8295420181997878,None,24,,,500,,,0.0,0.0,0.5485196002195728,,,0.44658215304189575
R1,Composite,0.9992475111002971,0.9808916225465154,0.999924012915176,0.9978683789833024,0.8991232083074021,48,50,48.0,96.0,500,-0.3244139201567887,4.7679285057612486e-05,11.935915693268516,2.002193656266261,0.5378917292277374,,,
R2,Seasonal,0.6782856596122208,0.9029948900466985,0.9794902401236786,0.9981041173226123,0.9833277432888425,48,50,48.0,96.0,500,0.0,0.0,20.524969132356034,11.776518668965963,0.9164174276676601,,,
R3,Stationary_WN,0.21296251655702947,0.1563326816162035,0.4949628325453934,0.24059431378307417,0.3519912843264339,None,3,,,500,0.0,0.0,0.0,0.0,14.730880064617612,,,
R4,Trending_ExponentialGrowth,0.9990040639852312,0.18715926860597099,0.9993716548284675,0.3140239013046069,0.3639024077902373,None,24,,,500,,,0.0,0.0,1.3029223763552549,,,
R1,Composite,0.9987958126213218,0.987920108133582,0.999878163472731,0.9987735951313119,0.8993292094739717,12,12,12.0,24.0,500,0.29088596744725154,3.379244169051723e-05,19.68008595919358,3.9963635661990584,0.6813041640828178,,,
R2,Seasonal,0.6829286338894245,0.983636637199207,0.8067336825497292,0.9970571402141595,0.8224787746082771,12,12,12.0,24.0,500,0.0,0.0,25.919427382420324,5.672967162773349,1.4074159978370067,,,
R3,Stationary_AR,0.10743643505055067,0.34409423612398526,0.13580084161557004,0.5445350363841983,0.5425979850010785,None,31,,,500,0.0,0.0,0.0,0.0,5.0,0.48063224926665676,,
R4,Trending_RandomWalkDrift,0.9987171577262812,0.9018840915500423,0.9895021519389755,0.7000288648622266,0.0,None,250,,,500,,,0.0,0.0,0.6672659025270922,,,0.4161561099580192
R1,Composite,0.9919915364264335,0.9752370319150142,0.9975713403722986,0.9925300352953925,0.7001514757267333,24,24,24.0,48.0,500,0.1515836340690988,-4.409677072556663e-05,14.830900925308988,3.1192008460671357,1.3196809097081579,,,
R2,Seasonal,0.7062010242180621,0.9609097435264519,0.9779951314237699,0.999308549364604,0.9828326283280145,24,24,24.0,48.0,500,0.0,0.0,23.846733264664106,9.008971651851713,0.689978409071486,,,
R3,Stationary_WN,0.20545170516198918,0.12289132121432678,0.4622583103926923,0.14703182689697414,0.21064580086055862,None,2,,,500,0.0,0.0,0.0,0.0,12.699898882413603,,,
R4,Trending_RandomWalkDrift,0.9892627320662807,0.2570471097902357,0.9987817967396133,0.7736784976508919,0.889517386191899,None,24,,,500,,,0.0,0.0,1.113938474394646,,,-0.26875826861042207
R1,Composite,0.9860409736286306,0.9449479602481589,0.9989229004033333,0.9956999794655997,0.9251911436439075,24,24,24.0,48.0,500,-0.1684218334586108,-2.3825752156793612e-05,18.039170355609485,7.863913717149391,1.2931600549751052,,,
R2,Seasonal,0.6832848073438881,0.9731554291147555,0.9002610187729774,0.9979548463158793,0.9251756946285448,24,24,24.0,48.0,500,0.0,0.0,17.715289488614584,5.230715415853508,0.8968791279668542,,,
R3,Stationary_AR,0.07266367200676005,0.3264594956127963,0.10460691247282317,0.5271764105105217,0.5649848946395359,None,42,,,500,0.0,0.0,0.0,0.0,5.0,0.49379495893249925,,
R4,Trending_MeanShift,0.9999432237502519,0.9997734250516092,0.9989340467165375,0.9955463674981834,0.0,None,250,,,500,,,0.0,0.0,0.8317745269432145,,250.0,
R1,Composite,0.9953026943402563,0.8600384961385003,0.9998730744517818,0.9956813498157286,0.9732678798309898,36,36,36.0,72.0,500,-0.2155209185090779,-2.281483261255643e-05,8.020996718678099,6.027748860523069,0.5412995458865996,,,
R2,Seasonal,0.6995088996876035,0.8617631800198148,0.9324382806658276,0.9914708588067612,0.9462279211998466,36,36,36.0,72.0,500,0.0,0.0,15.630610239163161,11.799949823801931,1.7399437134787363,,,
R3,Stationary_WN,0.036463366053697155,0.2388645307862718,0.07059472651885357,0.41533592006434605,0.4197838886149021,None,23,,,500,0.0,0.0,0.0,0.0,9.16391687418028,,,
R4,Trending_ExponentialGrowth,0.9978733438119504,0.2625847956464502,0.9986554343371924,0.4496360109519524,0.3658156954621502,None,24,,,500,,,0.0,0.0,0.9078301004160788,,,
R1,Composite,0.9949230496077757,0.9657024935177452,0.9990723016876575,0.9929429020825727,0.8185997827291206,48,50,48.0,96.0,500,-0.18778250982537176,1.2690763474180368e-05,13.93300167187689,2.9642698637815865,1.0130878334194149,,,
R2,Seasonal,0.588886032324017,0.9372294648947961,0.800042425357752,0.9909036523272412,0.8722175862402769,48,50,48.0,96.0,500,0.0,0.0,18.833446524125016,7.510516395309409,1.701870779736645,,,
R3,Stationary_WN,0.13449627321349988,0.13581130922612616,0.5024491135790314,0.1810803895536699,0.28411387039139835,None,2,,,500,0.0,0.0,0.0,0.0,8.136156812260662,,,
R4,Trending_ExponentialGrowth,0.9783603320814279,0.2110147961291855,0.9841331534379881,0.3107821577179626,0.28112875868434595,None,24,,,500,,,0.0,0.0,1.2832852741314522,,,
R1,Composite,0.9916576368047737,0.9645752711268464,0.9997672709561525,0.9989286489854721,0.9726463323689716,48,50,48.0,96.0,500,-0.1527182356249519,2.082586096208373e-05,13.70822842744765,4.2592434379124695,0.5112011208900473,,,
R2,Seasonal,0.6825336451060536,0.8662464084321073,0.9883521625599345,0.9984347784341187,0.9904418110840175,48,50,48.0,96.0,500,0.0,0.0,14.420530874426841,10.013679685413752,0.5431929961141324,,,
R3,Stationary_AR,0.0,0.7586900285795697,0.044574113795051495,0.9163812203992504,0.6506620176146278,None,250,,,500,0.0,0.0,0.0,0.0,5.0,0.5295953597638683,,
R4,Trending_MeanShift,0.999769675655528,0.9990871294299961,0.999661081958314,0.9986591526246769,0.0,None,250,,,500,,,0.0,0.0,1.2543527779369001,,250.0,
R1,Composite,0.9911251648414628,0.8939028948096528,0.9991048843719044,0.9886250149533986,0.9019012207643925,12,12,12.0,24.0,500,0.17813062171663924,-4.188344981875339e-05,8.734382763771421,5.562526644906718,0.9900704280912845,,,
R2,Seasonal,0.7476295251994984,0.965357170991783,0.964799422309044,0.9986102421640828,0.9611042771620946,12,12,12.0,24.0,500,0.0,0.0,15.15529063996243,5.6123795301566854,0.5374418681060424,,,
R3,Stationary_WN,0.15280887016178735,0.09504317860716449,0.45688976372683787,0.12324979279677828,0.24097471700894402,None,2,,,500,0.0,0.0,0.0,0.0,12.194439374675893,,,
R4,Trending_MeanShift,0.9999527993528249,0.9998121072803592,0.9974304788184645,0.9887523978435773,0.0,None,250,,,500,,,0.0,0.0,1.1740346279537799,,250.0,
R1,Composite,0.999015011876242,0.9878619633105664,0.9997653822896286,0.9971059637252341,0.7621244831935075,24,24,24.0,48.0,500,0.3896225141433306,1.7057631412390844e-05,22.87442957307631,3.5715200338883157,1.3540479505416856,,,
R2,Seasonal,0.7004853017190571,0.9080177747013418,0.9514868035137963,0.9963352425324464,0.9631090281699681,24,24,24.0,48.0,500,0.0,0.0,18.040092563365977,10.634871963438055,1.121276946311415,,,
R3,Stationary_WN,0.13304898035085544,0.05139218633211906,0.47423717372469854,0.07162658696891544,0.2579093758257639,None,2,,,500,0.0,0.0,0.0,0.0,10.539270895316747,,,
R4,Trending_RandomWalkDrift,0.9787724398553151,0.8976347681997121,0.979724088673446,0.9007573466456776,0.07881134468357864,None,250,,,500,,,0.0,0.0,1.2735118200540507,,,-0.3417309626700883
R1,Composite,0.9940971872153902,0.915837612408613,0.9995284569668484,0.9928782434837656,0.9211424092788749,12,12,12.0,24.0,500,-0.24202202659070843,-1.1452704802624081e-05,13.0261208770462,7.408800026685129,1.1762326696088192,,,
R2,Seasonal,0.7015600961640065,0.9358066871079459,0.862169352160414,0.9910716148867385,0.8685803463088024,12,12,12.0,24.0,500,0.0,0.0,18.059686499626512,8.511133900053096,1.855380051570337,,,
R3,Stationary_WN,0.06268124981750578,0.22884573190754276,0.11304790865934511,0.3621846800321358,0.3378293670393624,None,11,,,500,0.0,0.0,0.0,0.0,11.299921108904732,,,
R4,Trending_MeanShift,0.999883015373407,0.9995319929246482,0.9998860280034734,0.9995483445211764,0.027723401657955726,None,250,,,500,,,0.0,0.0,0.8328525162590729,,250.0,
R1,Composite,0.9992973971794471,0.9700637778228979,0.9999273416679482,0.9968434116609282,0.8967967579766796,36,36,36.0,72.0,500,0.3866188385613052,4.190968657166683e-05,12.54318826831279,3.7702766371629126,0.7431213150993207,,,
R2,Seasonal,0.7024664936626092,0.9897992283997448,0.9431357839253299,0.9995311976691054,0.9544729038331289,36,36,36.0,72.0,500,0.0,0.0,28.14945416152828,5.33405388678351,0.6266280837683655,,,
R3,Stationary_WN,0.07439947256062007,0.09793441048844931,0.32587808811175134,0.24642146811404853,0.33380122566737425,None,5,,,500,0.0,0.0,0.0,0.0,11.32411651326575,,,
R4,Trending_ExponentialGrowth,0.9974366655263166,0.18724083494303834,0.9983927191001494,0.3872201240734945,0.3708297970978386,None,24,,,500,,,0.0,0.0,1.4541993655382028,,,
R1,Composite,0.9983118246599607,0.8659181319574583,0.999893767513874,0.9904852900642552,0.9374068987928533,12,12,12.0,24.0,500,0.39002703576908737,4.788711985711218e-05,8.719935766561024,6.736395894163682,0.845932933450683,,,
R2,Seasonal,0.7368582354512925,0.9782056576986287,0.9451067189544091,0.9987269000653815,0.9425435452715553,12,12,12.0,24.0,500,0.0,0.0,27.841033658794846,8.007312663206111,1.1407404606871296,,,
R3,Stationary_AR,0.24821587578205295,0.19484078528066218,0.36929839266413234,0.3671521568581225,0.4675249669959537,None,10,,,500,0.0,0.0,0.0,0.0,5.0,0.47232887613075236,,
R4,Trending_RandomWalkDrift,0.9937531871382413,0.15334528629872768,0.999505028475801,0.7922856249419067,0.9220514649423537,None,24,,,500,,,0.0,0.0,0.5406091569214946,,,0.42232096946522946
R1,Composite,0.996685470390232,0.9859797920388029,0.998989342326983,0.995653545738048,0.694728173751169,12,12,12.0,24.0,500,-0.2188588117309857,3.611884247704364e-05,19.92570695600123,3.1323438989408716,1.3690416407939052,,,
R2,Seasonal,0.7406012735663714,0.8820585519442051,0.9438151683706077,0.9921345094576497,0.9400102823970814,12,12,12.0,24.0,500,0.0,0.0,12.75309058837071,9.122192272790237,1.134202415237779,,,
R3,Stationary_WN,0.18278384104222467,0.20110079476822396,0.3168499735712865,0.29683430689122137,0.3645310578782205,None,4,,,500,0.0,0.0,0.0,0.0,9.59728204178535,,,
R4,Trending_MeanShift,0.9998845243808266,0.9995403036799875,0.9997898811381197,0.9991551588933539,0.0,None,250,,,500,,,0.0,0.0,1.2241176185124631,,250.0,
R1,Composite,0.9958360792410688,0.9922274876826281,0.9988156032763079,0.9977888680013745,0.7154104046422011,36,36,36.0,72.0,500,-0.12288796535377465,-2.1938741795461884e-05,20.0895108036603,2.25337340531837,0.9528211293198304,,,
R2,Seasonal,0.6795766845363529,0.975467060631159,0.8769255142288304,0.9976940679637165,0.9080550722435172,36,36,36.0,72.0,500,0.0,0.0,19.31495745517693,5.3516358369990575,0.9985514559638319,,,
R3,Stationary_AR,0.13826569584520776,0.30633850471705126,0.23919380348577413,0.6103369998714014,0.7314036773361621,None,62,,,500,0.0,0.0,0.0,0.0,5.0,0.6896515530864911,,
R4,Trending_ExponentialGrowth,0.9986975215673116,0.2999880955456079,0.9991222458136241,0.40754272612290954,0.32103669974423754,None,24,,,500,,,0.0,0.0,0.8090152873441401,,,
R1,Composite,0.9987785185067981,0.9873960937623449,0.9995063185760742,0.9949824048437322,0.5973801042119251,12,12,12.0,24.0,500,-0.34603230842700394,4.0835044144635035e-05,20.5485018245247,2.234062149965749,1.4951677141670578,,,
R2,Seasonal,0.7435211727616258,0.965237648626632,0.9632233111835743,0.9985841124242002,0.9603858528731015,12,12,12.0,24.0,500,0.0,0.0,26.809703846899023,10.008371857578595,1.0735569751541458,,,
R3,Stationary_AR,0.06855157925495614,0.33260940533689975,0.14034479069049532,0.7343985138354691,0.7336856257671356,None,100,,,500,0.0,0.0,0.0,0.0,5.0,0.6565148497816002,,
R4,Trending_ExponentialGrowth,0.9654191928335587,0.2301237146997268,0.9784602544517915,0.35205298959780174,0.3752342579167579,None,24,,,500,,,0.0,0.0,1.3622933809227922,,,
R1,Composite,0.9949618389869251,0.9734056859564024,0.9998834849427395,0.9993771840622029,0.9771419099639224,36,36,36.0,72.0,500,-0.23182016844021738,-4.819116245062086e-05,22.703717989382408,7.084388726121139,0.6008114065012543,,,
R2,Seasonal,0.7050415772276193,0.9211725730000543,0.9454322445838914,0.996271318844697,0.9563632891670505,36,36,36.0,72.0,500,0.0,0.0,12.51935656401706,6.710725722860467,0.870457759883407,,,
R3,Stationary_WN,0.19964813090918165,0.12716366845281457,0.5086774362126322,0.153862167583791,0.17199019282804828,None,2,,,500,0.0,0.0,0.0,0.0,14.555297048088823,,,
R4,Trending_RandomWalkDrift,0.9511639628309083,0.714928291274139,0.9713309220994601,0.837751681033093,0.45970823329846144,None,250,,,500,,,0.0,0.0,0.506449833564387,,,-0.1518549100807937
R1,Composite,0.997082561230075,0.9713912341682198,0.9997149744272189,0.997156236470008,0.9028709593427073,36,36,36.0,72.0,500,-0.32971738946603113,2.4242792545631177e-05,20.551980307482516,6.171167978428336,1.1757778048022476,,,
R2,Seasonal,0.7161945735965187,0.9524778238374018,0.981179321116918,0.9992185204201742,0.984319504984465,36,36,36.0,72.0,500,0.0,0.0,24.888634232336162,10.601953538265313,0.7387069163125706,,,
R3,Stationary_AR,0.05772516777761183,0.2402279649148995,0.10791201517144855,0.4617195914327259,0.5058065461550758,None,50,,,500,0.0,0.0,0.0,0.0,5.0,0.4517309694365083,,
R4,Trending_ExponentialGrowth,0.9989763602033591,0.23651807403702918,0.9993264735543923,0.3730261577374061,0.33505901638228275,None,24,,,500,,,0.0,0.0,1.0887581169802552,,,
R1,Composite,0.9950020194896715,0.9560613895344613,0.999415486369331,0.9947550232853748,0.8847192941485451,12,12,12.0,24.0,500,0.2999356893636629,-2.053532129270249e-05,19.70474898883986,7.72455660525446,1.467433753700337,,,
R2,Seasonal,0.7408080620991635,0.9287149011416731,0.9498561678894809,0.9959678161565512,0.9467505212277576,12,12,12.0,24.0,500,0.0,0.0,22.301193667896424,11.996967945102352,1.431418141906546,,,
R3,Stationary_AR,0.12111268719751267,0.24814652855852093,0.1970061128147772,0.4814250765921295,0.6043889327591252,None,23,,,500,0.0,0.0,0.0,0.0,5.0,0.4519497144258216,,
R4,Trending_RandomWalkDrift,0.9845627788131143,0.9252889023895784,0.919930923021606,0.1476284129757678,0.0,None,250,,,500,,,0.0,0.0,1.2725326444558709,,,0.34656456596338747
R1,Composite,0.9974675577071621,0.9217338557218981,0.9996794643243405,0.989709341794201,0.874404882735548,24,24,24.0,48.0,500,0.3184524401321076,1.1586634980008883e-05,11.121528481545782,5.742126734948714,1.346670029686402,,,
R2,Seasonal,0.6901697782926802,0.8915303968269106,0.9154359762495622,0.992370911014341,0.9356504662707751,24,24,24.0,48.0,500,0.0,0.0,15.472812582184917,9.82928373981213,1.436489170847414,,,
R3,Stationary_AR,0.03984682796402328,0.15975781200311634,0.13882068542463344,0.4094587622687381,0.623678180673608,None,36,,,500,0.0,0.0,0.0,0.0,5.0,0.6201762696374702,,
R4,Trending_MeanShift,0.9999734993341822,0.9998940899927719,0.9999705324960941,0.9998822947529112,0.0,None,250,,,500,,,0.0,0.0,0.9349363994142253,,250.0,
R1,Composite,0.9938955837318525,0.9849182784183881,0.9990953505930266,0.9977757660632061,0.853775566341997,36,36,36.0,72.0,500,0.16006203752280473,3.724169243294539e-05,22.98150206570012,4.758278802801292,1.1621462049967695,,,
R2,Seasonal,0.71678982688024,0.9032988560353077,0.9748185351693599,0.9977353060368578,0.9787871709367164,36,36,36.0,72.0,500,0.0,0.0,12.009029798244292,7.445966295906033,0.6297632530017452,,,
R3,Stationary_WN,0.11843665782316604,0.1903965672521536,0.43045985582656765,0.27576690680912497,0.3333890915562676,None,3,,,500,0.0,0.0,0.0,0.0,5.998230580902649,,,
R4,Trending_RandomWalkDrift,0.9879220701351289,0.19061474534502798,0.9995946210791237,0.9457185771925057,0.9670910252702813,None,100,,,500,,,0.0,0.0,1.1353150634488047,,,-0.24934909415468667
R1,Composite,0.9983174785621018,0.9696284735962563,0.9994271942457057,0.9898963116367285,0.6609146350826045,24,24,24.0,48.0,500,0.2820916529298307,4.064348717411097e-05,14.198236452770537,2.9075731276717836,1.4808701645658136,,,
R2,Seasonal,0.6825564845126921,0.9588780654235186,0.9060146446440278,0.9970669874429683,0.9304533099102876,24,24,24.0,48.0,500,0.0,0.0,29.691147256206225,10.685917072999281,1.7148628257679186,,,
R3,Stationary_WN,0.1288919127200645,0.23389036092431914,0.18890744750289434,0.33601793688061943,0.28730915784173816,None,12,,,500,0.0,0.0,0.0,0.0,8.955326133950635,,,
R4,Trending_RandomWalkDrift,0.9938605495680992,0.09499710576448539,0.9993327170798318,0.6842403575143168,0.8944265438440608,None,24,,,500,,,0.0,0.0,0.5419124449827504,,,-0.20910084579831056
R1,Composite,0.9952327935916605,0.9766916394931159,0.9992921177823855,0.9961409435538813,0.8524298086323617,48,50,48.0,96.0,500,-0.24130364214329614,4.2122580898820664e-05,19.87275904411036,3.469461073067216,1.1188169171219382,,,
R2,Seasonal,0.6730066843232289,0.8525592865523355,0.9617732036671554,0.9943744983257315,0.9691293789289936,48,50,48.0,96.0,500,0.0,0.0,14.690460207020202,10.756138750291063,0.9998384906348123,,,
R3,Stationary_WN,0.038225643699951406,0.25737868692132115,0.08064819513011245,0.4009245848983185,0.38809708561640666,None,24,,,500,0.0,0.0,0.0,0.0,8.628217170053226,,,
R4,Trending_RandomWalkDrift,0.9939568465065383,0.8466425868093668,0.9677864909362136,0.6349475000065097,0.0,None,250,,,500,,,0.0,0.0,0.8370527175688014,,,0.22854859691837426
R1,Composite,0.999564777781068,0.995884052342512,0.9999558905701414,0.9995842451988034,0.898886793210471,24,24,24.0,48.0,500,0.3693301114020989,-3.8622644145174283e-05,23.207861488573805,2.5369459753650077,0.5294093407780388,,,
R2,Seasonal,0.5645488501683619,0.9836658483113158,0.6426431833182675,0.9963604700369673,0.7785208917595647,24,24,24.0,48.0,500,0.0,0.0,25.161845344937674,4.415055532316366,1.7408795411660394,,,
R3,Stationary_AR,0.2815203516859185,0.21963705926720056,0.5170611131078718,0.5677642505646932,0.7479015570807785,None,24,,,500,0.0,0.0,0.0,0.0,5.0,0.6913044236995192,,
R4,Trending_RandomWalkDrift,0.9882036444588654,0.2821262282874877,0.9979486507063988,0.6967748566984999,0.8283897394248055,None,24,,,500,,,0.0,0.0,1.3680969901285573,,,0.24837733155293448
R1,Composite,0.997827368700147,0.917087640782446,0.9996452496402706,0.9856127308858597,0.8380050699107957,36,36,36.0,72.0,500,0.279686303380446,4.4288864849417105e-05,9.349662394190634,4.401278878540902,1.2736291878720611,,,
R2,Seasonal,0.6820613690352352,0.9894100865898919,0.8893590850591186,0.9991020847171945,0.9160159743458332,36,36,36.0,72.0,500,0.0,0.0,23.341434042634226,4.30564157318609,0.7953167055048704,,,
R3,Stationary_WN,0.1839411618560296,0.11126294908166168,0.33725573871253567,0.19261363670751763,0.3232537165485291,None,4,,,500,0.0,0.0,0.0,0.0,7.877079311558762,,,
R4,Trending_ExponentialGrowth,0.9942063171588914,0.23741423892015678,0.9961396145539794,0.3750703634178095,0.32751634574235877,None,24,,,500,,,0.0,0.0,0.8491618451838147,,,
R1,Composite,0.9931666621538988,0.9263807452712682,0.9994623184882849,0.9939479463856793,0.9222437655037201,24,24,24.0,48.0,500,-0.20610459800859346,-2.6139697037373487e-05,12.945416969191296,6.276292006479018,1.094735771154355,,,
R2,Seasonal,0.6778603539808039,0.8120078015415069,0.9079828518848269,0.9855058315546,0.9349367304231874,24,24,24.0,48.0,500,0.0,0.0,13.789775359224004,11.742363672281021,1.8303830687752327,,,
R3,Stationary_WN,0.1460946538480543,0.08274206991219635,0.40446344694889014,0.14381213554305428,0.3785647064495865,None,3,,,500,0.0,0.0,0.0,0.0,12.640697028108384,,,
R4,Trending_MeanShift,0.9999526726198963,0.9998103911488267,0.9994164066784356,0.997642240589205,0.0,None,250,,,500,,,0.0,0.0,1.3295845196362488,,250.0,
R1,Composite,0.9981462655903452,0.9575600579633474,0.9998344631923209,0.9960854552663555,0.9109780666316027,36,36,36.0,72.0,500,-0.3648358032545812,-4.720713063210196e-05,16.335268369975353,6.007775509818395,1.0229405544094479,,,
R2,Seasonal,0.6986119200733254,0.9672062346797893,0.9334627015096625,0.9982054729229805,0.9469732615244113,36,36,36.0,72.0,500,0.0,0.0,28.48836348579186,9.643656528489775,1.311075057658987,,,
R3,Stationary_WN,0.2069560145874868,0.06665740473293591,0.47061669487173785,0.08923971313176093,0.2046273577324339,None,2,,,500,0.0,0.0,0.0,0.0,11.599079935783534,,,
R4,Trending_ExponentialGrowth,0.9983989123244836,0.1844340363781013,0.9990243486898372,0.3549278287448593,0.38714586439505727,None,24,,,500,,,0.0,0.0,1.3611486110059785,,,
R1,Composite,0.9996494960071214,0.987279889061689,0.999937246618896,0.9977033727088398,0.8210447626379164,36,36,36.0,72.0,500,0.3916328778904671,-1.7062861844053294e-05,12.76947882614095,2.1366869110642677,0.6463184082864675,,,
R2,Seasonal,0.6732435331695932,0.9796570133836857,0.8428516167948521,0.9974860491476866,0.8782034464817856,36,36,36.0,72.0,500,0.0,0.0,20.258257016338998,5.064916698075757,1.0635158776224587,,,
R3,Stationary_AR,0.08060730838427987,0.23378189671982752,0.13086573296490633,0.4709293755556587,0.5869659837863498,None,36,,,500,0.0,0.0,0.0,0.0,5.0,0.5274331690352925,,
R4,Trending_ExponentialGrowth,0.9993788912134325,0.21392475368258623,0.9996651136767708,0.4015323949231695,0.4550630134570832,None,24,,,500,,,0.0,0.0,0.9893817076797417,,,
R1,Composite,0.9989491859436144,0.9667664827353593,0.9999089950798218,0.9968273218376282,0.9135430950567128,48,50,48.0,96.0,500,-0.3472472127199625,-3.08303674129098e-05,12.833409231018717,3.6296511176151336,0.703879730891842,,,
R2,Seasonal,0.6450583985800069,0.8287629317563061,0.8671410165659834,0.9771631254369786,0.894204249592074,48,50,48.0,96.0,500,0.0,0.0,11.893986970194497,9.055142860870465,1.9349786144237675,,,
R3,Stationary_AR,0.34008556458926054,0.29244748245887264,0.44925094059358517,0.4205221159705501,0.4004973402997589,None,6,,,500,0.0,0.0,0.0,0.0,5.0,0.4089190697523275,,
R4,Trending_MeanShift,0.9999428653117777,0.9997712615537576,0.9999546030241369,0.999818274375792,0.2055191873182255,None,250,,,500,,,0.0,0.0,0.8782204347666166,,250.0,
R1,Composite,0.9957376223842264,0.9085116486017465,0.9999160388280827,0.9979064102173353,0.9804862313245799,48,50,48.0,96.0,500,0.3167838004194281,-3.4072304209523533e-05,12.709805480674117,7.100112808366647,0.6237905305424774,,,
R2,Seasonal,0.003467512762612146,0.9687248648963452,0.024504014493179183,0.9886284736895864,0.6673795732971948,48,100,48.0,96.0,500,0.0,0.0,10.264295372755543,10.199481338677943,1.5213362242547763,,,
R3,Stationary_WN,0.0702860680277837,0.22091045170599743,0.29462799523186034,0.3132383547570373,0.26914823311580305,None,5,,,500,0.0,0.0,0.0,0.0,6.685700571109029,,,
R4,Trending_MeanShift,0.9998939819280199,0.9995748608796275,0.9999198661130703,0.9996775387337955,0.24244415988357892,None,250,,,500,,,0.0,0.0,1.2500492651846753,,250.0,
R1,Composite,0.9977792094641896,0.9619880490477588,0.9999037807333669,0.9983132470476872,0.9568491552439513,24,24,24.0,48.0,500,-0.35102384381622875,-3.624269403492282e-05,17.701385670935633,6.322743910457634,0.8040019897231312,,,
R2,Seasonal,0.6994985465029884,0.9510877754710533,0.945749251778382,0.9979172167406829,0.9586983737870911,24,24,24.0,48.0,500,0.0,0.0,21.10294464996362,8.657414075119814,1.141483955411036,,,
R3,Stationary_WN,0.1497733169957055,0.05961629219441067,0.4481505262228048,0.10419467071528632,0.2696368060719453,None,3,,,500,0.0,0.0,0.0,0.0,9.291274694833913,,,
R4,Trending_RandomWalkDrift,0.994412760577383,0.0,0.9987745969070925,0.24979802440146992,0.7810211557389555,None,24,,,500,,,0.0,0.0,0.8547442514747188,,,-0.4018261878738746
R1,Composite,0.997266607614818,0.9916898102532129,0.9996698780950882,0.9989954905711281,0.8797269664616416,36,36,36.0,72.0,500,-0.10806427652645854,-1.0137971814076048e-05,13.288115824543087,2.0102959250550185,0.5167232382385585,,,
R2,Seasonal,0.6778561068140649,0.9841458138881152,0.876986488786364,0.9985608228734569,0.910550520079738,36,36,36.0,72.0,500,0.0,0.0,21.28268551214759,4.734286308410573,0.8689674740126478,,,
R3,Stationary_AR,0.1736523064805452,0.19393219949737162,0.4033201654355628,0.47262243975422114,0.635931826592179,None,23,,,500,0.0,0.0,0.0,0.0,5.0,0.6602753592940843,,
R4,Trending_MeanShift,0.9998746355952576,0.999498107682358,0.9955590658624164,0.9808384214155895,0.0,None,250,,,500,,,0.0,0.0,1.3464630735741416,,250.0,
R1,Composite,0.9966442859495019,0.9755775860659949,0.9993809116236961,0.9954447324581303,0.8173489321884062,12,12,12.0,24.0,500,0.22176584979155353,-4.291455217321203e-05,15.05311180372375,3.831186569262366,1.1504918102005184,,,
R2,Seasonal,0.7115178571765719,0.875670918618014,0.8747024260145664,0.9834211745304773,0.8810401351649544,12,12,12.0,24.0,500,0.0,0.0,12.002608544611492,8.168753004200871,1.7122352477795373,,,
R3,Stationary_AR,0.10478057203139168,0.30839342517794976,0.07161699246889164,0.4457706330809953,0.4504368396921635,None,31,,,500,0.0,0.0,0.0,0.0,5.0,0.43788399248627025,,
R4,Trending_RandomWalkDrift,0.9952833483509204,0.010116939709588268,0.9996338770449975,0.7048898363931441,0.9232499240149965,None,24,,,500,,,0.0,0.0,0.716872363390488,,,0.31484858588159115
R1,Composite,0.9951142904673123,0.8585172030327637,0.9994022157942412,0.9804181615523779,0.8792184185813994,36,36,36.0,72.0,500,0.2325214459781166,4.974887689202013e-05,8.823411181047621,6.401252780542464,1.3613114553943366,,,
R2,Seasonal,0.5709244200749679,0.9670882318968818,0.6101929867351539,0.991350099784808,0.7432478363213242,36,36,36.0,72.0,500,0.0,0.0,17.99672008053891,4.760263392333466,1.7867546602373543,,,
R3,Stationary_WN,0.19232489890868654,0.1376399887466474,0.45268704432158635,0.22761755163818398,0.3297111284623663,None,3,,,500,0.0,0.0,0.0,0.0,10.92352606693032,,,
R4,Trending_MeanShift,0.9999868406819684,0.999947500582787,0.9999587093568991,0.999834112677996,0.0,None,250,,,500,,,0.0,0.0,0.6679116367286618,,250.0,
R1,Composite,0.9972162296707779,0.9045850183998289,0.9998177574187035,0.9932229006422261,0.9351251677086727,12,12,12.0,24.0,500,0.27351365092871616,1.0340717518661019e-05,9.214078053798092,5.698125669847623,0.8043365774785609,,,
R2,Seasonal,0.7359810905083936,0.9352270282478952,0.9339402428789674,0.9952107566791338,0.9299080305597704,12,12,12.0,24.0,500,0.0,0.0,19.441479237243826,9.895321471393412,1.3321594016762277,,,
R3,Stationary_WN,0.134443548834132,0.2641911990392505,0.23774553223943562,0.39739827791565663,0.3173847816527604,None,5,,,500,0.0,0.0,0.0,0.0,6.830393681931019,,,
R4,Trending_ExponentialGrowth,0.9860855620676436,0.251268248134904,0.9903185968736133,0.35977919322555596,0.3041576751698133,None,24,,,500,,,0.0,0.0,1.4610135479376443,,,
R1,Composite,0.9896728220690547,0.9837193103951921,0.9979660393016382,0.9968574506615909,0.8064274038197052,24,24,24.0,48.0,500,-0.11811629906204345,-1.6933720719455086e-05,20.360359412064923,4.1516061331305725,1.0944178278700176,,,
R2,Seasonal,0.7111941425900841,0.9663189167967321,0.9879639475527165,0.9996752067562883,0.9905898876119958,24,24,24.0,48.0,500,0.0,0.0,28.011098755294256,9.882268698793432,0.505326820324403,,,
R3,Stationary_WN,0.12903526696996048,0.17649961666616332,0.45872202161389997,0.3222380611170268,0.4587769410873853,None,3,,,500,0.0,0.0,0.0,0.0,13.533245782705126,,,
R4,Trending_MeanShift,0.9999817004718943,0.9999267633214616,0.9999824385632715,0.9999296984951791,0.04057714704542892,None,250,,,500,,,0.0,0.0,0.8377733114392357,,250.0,
R1,Composite,0.9967921358869466,0.9583349591781573,0.9998971042324235,0.9986115150145594,0.9681018487352997,12,12,12.0,24.0,500,-0.3106703709293772,-1.7879996633054157e-05,17.851220494391903,7.373745068171196,0.6279793465056068,,,
R2,Seasonal,0.6582382913154815,0.9654194492549364,0.7478484021988568,0.9927795419899907,0.7962209353575179,12,12,12.0,24.0,500,0.0,0.0,15.339930122917547,4.7847036889094055,1.4066152988459237,,,
R3,Stationary_WN,0.17319726423125192,0.1778466560719103,0.42096596849400836,0.24987940132824904,0.3139805386626937,None,3,,,500,0.0,0.0,0.0,0.0,8.96227910867135,,,
R4,Trending_ExponentialGrowth,0.9917888313908283,0.22683800117387776,0.9945981340757541,0.3658557191468378,0.3428086225575657,None,24,,,500,,,0.0,0.0,0.9961361904708231,,,
R1,Composite,0.9962375582514648,0.9588189804046527,0.9996846068203603,0.9964617628816053,0.9166575316966579,24,24,24.0,48.0,500,-0.2118285996526396,-3.1564942359765564e-05,13.649644526558527,4.961261520492825,0.8345230630067269,,,
R2,Seasonal,0.6958382205531959,0.8793720895602946,0.9387253724514873,0.9937450177726096,0.9530922136045431,24,24,24.0,48.0,500,0.0,0.0,11.757891740715925,7.95994061568158,1.0735980762501498,,,
R3,Stationary_WN,0.24825166082222994,0.15762306619456934,0.5013398377553119,0.19236704709478392,0.2168735518265804,None,2,,,500,0.0,0.0,0.0,0.0,10.656243699869917,,,
R4,Trending_RandomWalkDrift,0.9960544595302518,0.9645408993521181,0.951590899772016,0.5627007981776948,0.0,None,250,,,500,,,0.0,0.0,0.8206464117058921,,,0.35737480163812274
R1,Composite,0.9947822548673618,0.9793768474849966,0.9997144285838279,0.9988597723687639,0.9458258022127738,36,36,36.0,72.0,500,-0.2112358887013777,3.7987123654793755e-05,19.777463895641752,5.279588508692009,0.709638400708442,,,
R2,Seasonal,0.7178657301952389,0.9681485881607786,0.9838349291991488,0.9995581105013128,0.9865678089001079,36,36,36.0,72.0,500,0.0,0.0,28.651847862719574,9.874647929065741,0.6282338056724416,,,
R3,Stationary_AR,0.029418085856959042,0.3969237115482308,0.020551308720850536,0.6323935933860112,0.5295440217041081,None,83,,,500,0.0,0.0,0.0,0.0,5.0,0.4370992509606123,,
R4,Trending_RandomWalkDrift,0.9944862533156733,0.12702461726654513,0.9993285838554415,0.708887712469658,0.8796472886938999,None,24,,,500,,,0.0,0.0,1.2985240821145303,,,-0.39953417493745014
R1,Composite,0.9981115434217736,0.9917925824662127,0.9995841149146465,0.9981854011506497,0.7808150497536046,12,12,12.0,24.0,500,0.2411003389715539,1.0028242079043063e-05,24.081910268936042,3.5926344830888857,0.9841719101482111,,,
R2,Seasonal,0.7377139263786815,0.9563623492285801,0.932873185974552,0.996735260063383,0.9277666487771337,12,12,12.0,24.0,500,0.0,0.0,22.676960613615947,9.326474363221612,1.3562748503939956,,,
R3,Stationary_AR,0.1344415622647983,0.23462455396282356,0.19352602879906677,0.4541188839675965,0.5510283458648705,None,19,,,500,0.0,0.0,0.0,0.0,5.0,0.4137280117847971,,
R4,Trending_ExponentialGrowth,0.9987146769761601,0.28572165136546546,0.9991038298109807,0.42122156149404033,0.29711558838170316,None,24,,,500,,,0.0,0.0,0.6013264320944391,,,
R1,Composite,0.9972275130686442,0.9666688823165641,0.9999277096131127,0.9991139220802872,0.9741696620613386,12,12,12.0,24.0,500,0.30919253192661134,2.9359718748390755e-05,18.72726017688342,6.862029385955138,0.5983781197830867,,,
R2,Seasonal,0.7029346407267514,0.9686337764654182,0.8766667683688463,0.9963353202624047,0.8857423755122313,12,12,12.0,24.0,500,0.0,0.0,15.989598052034816,5.1345934705640985,1.1410113045643329,,,
R3,Stationary_WN,0.10850067032412436,0.10466735182284681,0.38354041422917196,0.17454444533903157,0.3676683250094518,None,4,,,500,0.0,0.0,0.0,0.0,11.55518430036663,,,
R4,Trending_ExponentialGrowth,0.9900078361298801,0.21339655449513228,0.9943367387566234,0.41854904764962186,0.43018531310643804,None,24,,,500,,,0.0,0.0,0.8390133225711909,,,
R1,Composite,0.9699481985990209,0.8521594395356789,0.9988129681152694,0.9933121835052082,0.9631663075412596,48,50,48.0,96.0,500,0.1094687981297262,1.7462321255359706e-05,10.775930823335855,7.7671923074581475,0.929414936082683,,,
R2,Seasonal,0.6648231970784508,0.8734544455438924,0.9517814028480996,0.994284584129753,0.9626725268761352,48,50,48.0,96.0,500,0.0,0.0,14.484626321310575,9.544394583281903,1.1048881009855889,,,
R3,Stationary_WN,0.1260431794260568,0.12591705339023407,0.4474464892077882,0.19195186882096726,0.3131024028852625,None,3,,,500,0.0,0.0,0.0,0.0,12.64425274097687,,,
R4,Trending_RandomWalkDrift,0.9946962356863082,0.010600238607365031,0.9995420563262297,0.6516882131539425,0.9145882349281829,None,24,,,500,,,0.0,0.0,0.776319578569068,,,-0.27046836974028543
R1,Composite,0.9604249423182802,0.9679358173212477,0.9922793418671996,0.9933823934827036,0.8176781859244227,48,50,48.0,96.0,500,-0.10584767200833073,3.7185700038923656e-05,19.768842514495976,4.344520651001341,1.4437645262745522,,,
R2,Seasonal,0.6126978182957709,0.924288613043284,0.8266609733912833,0.9900318980773334,0.884336869524345,48,50,48.0,96.0,500,0.0,0.0,15.118937917131595,6.793897238638854,1.4386467532109297,,,
R3,Stationary_AR,0.19382192997372727,0.3665705133316066,0.41730195007810555,0.6884949911683551,0.7091041695638499,None,22,,,500,0.0,0.0,0.0,0.0,5.0,0.6162119651067006,,
R4,Trending_ExponentialGrowth,0.9794234094024168,0.2578334689904047,0.9867551621619775,0.41413271433066956,0.3564071557098414,None,24,,,500,,,0.0,0.0,1.3948163375984897,,,
R1,Composite,0.9771725753921543,0.983884066398768,0.9957196535499062,0.9967290651711344,0.8161928909021202,48,50,48.0,96.0,500,0.11020316135609365,-2.934987346394552e-05,23.561392805972126,2.659267615788761,1.1612473356186608,,,
R2,Seasonal,0.6730359078974639,0.9210123258250382,0.984317525213205,0.9988599354653748,0.9875299461539963,48,50,48.0,96.0,500,0.0,0.0,18.425107508337685,9.428894727330245,0.5858990377979671,,,
R3,Stationary_WN,0.04195759154871448,0.25694285961001295,0.07853883661290084,0.41312690479630454,0.416339511220451,None,31,,,500,0.0,0.0,0.0,0.0,7.146533952227299,,,
R4,Trending_MeanShift,0.9999731112481304,0.999892455514774,0.9920894902900456,0.9726216023009697,0.0,None,250,,,500,,,0.0,0.0,0.9323885246096094,,250.0,
R1,Composite,0.9956058885515292,0.9418909162921429,0.9996216396604057,0.9948419159231929,0.914464523391081,24,24,24.0,48.0,500,-0.31014152768523606,-2.2641801597975252e-05,17.324375170385597,7.558855518456171,1.3444725699447742,,,
R2,Seasonal,0.655516199454697,0.9100335550426373,0.8271223154831807,0.9886329279371174,0.8807079586074296,24,24,24.0,48.0,500,0.0,0.0,10.745950791897705,5.677327224876884,1.3689386740292644,,,
R3,Stationary_WN,0.08681029550678143,0.2279374205051875,0.215586126279256,0.31556546683904685,0.33132187468457386,None,11,,,500,0.0,0.0,0.0,0.0,7.166320139669735,,,
R4,Trending_MeanShift,0.9998924286423967,0.999570070550131,0.9998972728440371,0.9995882112368961,0.04379338681970946,None,250,,,500,,,0.0,0.0,1.110686944170856,,250.0,
R1,Composite,0.9967487336246628,0.9734436468935486,0.9989326794703799,0.99030813262162,0.6728317548850453,48,50,48.0,96.0,500,0.24841017125566858,-3.5893365644641894e-05,16.264055465313888,2.203867466299991,1.455742161091851,,,
R2,Seasonal,0.6291604676404543,0.9335164387150598,0.8913929162721118,0.9939756322424046,0.9203159794256774,48,50,48.0,96.0,500,0.0,0.0,23.75526562840847,10.134752398436003,1.881338511060672,,,
R3,Stationary_AR,0.1166859689173586,0.257233501437235,0.2214456494230177,0.6624019905894808,0.7464679520447359,None,36,,,500,0.0,0.0,0.0,0.0,5.0,0.6781996470959293,,
R4,Trending_ExponentialGrowth,0.9994462899776557,0.2799692162349875,0.999657749840274,0.38356508824844193,0.37903036618386565,None,24,,,500,,,0.0,0.0,1.0422877362792062,,,
R1,Composite,0.9978959917765466,0.9683848378568007,0.9995769376720831,0.9935355999480542,0.8004931554251495,36,36,36.0,72.0,500,0.3309720340744584,2.5372741241116908e-05,17.7176011087806,4.687708407730043,1.4904337889206363,,,
R2,Seasonal,0.6813831499383733,0.9251793311906463,0.8878821659290685,0.9930012813658845,0.9131368124821646,36,36,36.0,72.0,500,0.0,0.0,16.956397202539588,8.404366329135748,1.3727331243632672,,,
R3,Stationary_WN,0.11461189736442934,0.18644627492118526,0.30502262649924594,0.3186502975519694,0.3538476669906393,None,5,,,500,0.0,0.0,0.0,0.0,13.102060345672346,,,
R4,Trending_ExponentialGrowth,0.9936172891434858,0.21796825907720785,0.9958086724681305,0.3473257376180099,0.3351642248443518,None,24,,,500,,,0.0,0.0,0.5667378064478528,,,
R1,Composite,0.997251228516894,0.9483974136848645,0.9999133996751692,0.9983159452957414,0.9687916566958433,12,12,12.0,24.0,500,0.26018471912291463,3.925590842798239e-05,12.892289291683197,5.855761222305298,0.5840558253592648,,,
R2,Seasonal,0.7254865145213859,0.9876536854362458,0.9079667403170937,0.9988645277974827,0.9086982977184637,12,12,12.0,24.0,500,0.0,0.0,21.90717752359402,4.520790297949343,0.7805486934597496,,,
R3,Stationary_AR,0.24132165787426474,0.3778368783240622,0.38403701445765437,0.6807460713421377,0.672370123145096,None,25,,,500,0.0,0.0,0.0,0.0,5.0,0.6266824276433212,,
R4,Trending_MeanShift,0.9999596591565131,0.9998383722442491,0.9996152202660923,0.9984377785559178,0.0,None,250,,,500,,,0.0,0.0,1.2247154299456164,,250.0,
R1,Composite,0.9993414179182303,0.9576479823665329,0.9999534958115402,0.9969124462020934,0.9295468411187815,12,12,12.0,24.0,500,0.3441447364689553,3.474326928781268e-05,8.99527964366783,3.5387866696975765,0.5243892412904281,,,
R2,Seasonal,0.7473334732615324,0.9709734445396261,0.9720602054458711,0.9990967729570776,0.9696216438486931,12,12,12.0,24.0,500,0.0,0.0,29.63737873486116,10.043287695874103,0.936545345753723,,,
R3,Stationary_AR,0.18331807292454294,0.3874703044500655,0.3332957114492472,0.5701153394822209,0.5625868097005439,None,20,,,500,0.0,0.0,0.0,0.0,5.0,0.4823827644922558,,
R4,Trending_MeanShift,0.9998802527274314,0.9995216808298046,0.9998672451005911,0.999476356030398,0.0,None,250,,,500,,,0.0,0.0,0.9498698626473102,,250.0,
R1,Composite,0.9945903155014665,0.9923449642631897,0.9989797196783642,0.9985617269224573,0.8129597044221208,36,36,36.0,72.0,500,-0.14255300822913028,4.3323304380360745e-05,20.918334752000284,2.57603561793369,0.8452748985225101,,,
R2,Seasonal,0.7102949307176486,0.9620637083198369,0.9540778862077742,0.9985041880893979,0.9620798374890563,36,36,36.0,72.0,500,0.0,0.0,25.807704600037674,9.54743993553793,1.0171981947444388,,,
R3,Stationary_AR,0.3384774697925096,0.32792896076568756,0.44298280741199825,0.49233478138998876,0.565814579422113,None,10,,,500,0.0,0.0,0.0,0.0,5.0,0.4583973894687509,,
R4,Trending_MeanShift,0.9999667638663878,0.999867227998048,0.9999537297627379,0.9998139970250606,0.0,None,250,,,500,,,0.0,0.0,1.1014906553416952,,250.0,
R1,Composite,0.9975756613139327,0.9758931869075188,0.9999564720882506,0.9995594217738081,0.9821403266895713,36,36,36.0,72.0,500,-0.31763604294592995,-4.625862576591114e-05,21.910450142577393,6.5862501658931585,0.5035773875149459,,,
R2,Seasonal,0.6871227192825351,0.9818045866187449,0.8775784646948849,0.9982202349507329,0.9035112322322799,36,36,36.0,72.0,500,0.0,0.0,25.944679005213473,6.253293283274794,1.2181397687471418,,,
R3,Stationary_WN,0.24256649658597063,0.24653862371403046,0.4292676208493218,0.32254837792330104,0.2914883283052008,None,3,,,500,0.0,0.0,0.0,0.0,14.327557198242447,,,
R4,Trending_MeanShift,0.9999807625348561,0.9999233089884971,0.9999828890307695,0.9999317907770214,0.10989841412337076,None,250,,,500,,,0.0,0.0,0.5320349553657804,,250.0,
R1,Composite,0.9973896695637405,0.9578912362062147,0.9999024043261023,0.9983723194880088,0.9628096591967041,36,36,36.0,72.0,500,-0.3804886901115947,3.104052148888522e-05,18.258500594770492,7.083773548964421,0.7997780322761185,,,
R2,Seasonal,0.7005777921763654,0.8656885012719755,0.9289181397224847,0.9913819395070532,0.9436652648223954,36,36,36.0,72.0,500,0.0,0.0,13.05660652979006,9.41351153611206,1.339870807415974,,,
R3,Stationary_AR,0.10697473746314357,0.2895297232656663,0.19112725711815415,0.5975482416241253,0.641897081117971,None,38,,,500,0.0,0.0,0.0,0.0,5.0,0.499659102264747,,
R4,Trending_RandomWalkDrift,0.9900713279623222,0.5920907854540487,0.9946866192323507,0.6707912149042594,0.4083616392757631,None,250,,,500,,,0.0,0.0,0.8478747761789356,,,-0.3024210451513195
R1,Composite,0.9987148399937632,0.9937259434037937,0.9997660004615428,0.9988623998351368,0.8183787892689304,36,36,36.0,72.0,500,0.26084705930776186,-4.4079143311325497e-05,22.057631393266426,2.666730918854493,0.7284750585347985,,,
R2,Seasonal,0.4747605467941338,0.9543468123053198,0.4486017672400858,0.9871696039752179,0.7291291554500474,36,36,36.0,72.0,500,0.0,0.0,15.321416961409689,4.016275273260431,1.8416560563400552,,,
R3,Stationary_WN,0.13856526996027163,0.15171724716241097,0.4167530385556879,0.23065698221265996,0.2922802708505209,None,3,,,500,0.0,0.0,0.0,0.0,6.683738544464815,,,
R4,Trending_MeanShift,0.9998884832867535,0.9995561400525667,0.999714192505875,0.9988802224217502,0.0,None,250,,,500,,,0.0,0.0,1.2496104225376714,,250.0,
R1,Composite,0.9962337240052334,0.8871472951525226,0.9997586238707394,0.9920131397626637,0.9364136101464111,36,36,36.0,72.0,500,-0.3045351212836206,-4.568197761478836e-05,11.667844497241802,7.448027021313155,1.135607379672261,,,
R2,Seasonal,0.6979050684314837,0.991868890057036,0.9151057574202269,0.9994360329310774,0.9312693315937721,36,36,36.0,72.0,500,0.0,0.0,28.204009430053215,4.653302545510502,0.7219996207730501,,,
R3,Stationary_AR,0.0,0.48950619415274654,0.0,0.04591538746037005,0.0,None,167,,,500,0.0,0.0,0.0,0.0,5.0,0.524657481148271,,
R4,Trending_ExponentialGrowth,0.9946721593881496,0.2637779445395517,0.9965369139162584,0.3920986510779585,0.3414035584137024,None,24,,,500,,,0.0,0.0,0.9834444843900461,,,
R1,Composite,0.9885574463594936,0.875046288713542,0.9991912066784651,0.9904141310708152,0.9317795762133672,12,12,12.0,24.0,500,0.15714464022621108,-3.15294491499816e-05,8.280714409638684,5.9694052507263935,0.8105007060331881,,,
R2,Seasonal,0.6927867555888407,0.9489866983226708,0.819900778873272,0.9907283802475568,0.8253168650793997,12,12,12.0,24.0,500,0.0,0.0,15.141957691286512,6.025337896578559,1.6177346694805932,,,
R3,Stationary_WN,0.18719725193528225,0.2704890153594067,0.3365909642280013,0.32807510908833337,0.2653290342978669,None,4,,,500,0.0,0.0,0.0,0.0,9.402180159518021,,,
R4,Trending_ExponentialGrowth,0.9966960133176979,0.2459816715468307,0.9980060761581092,0.4000331262926753,0.39282159265307204,None,24,,,500,,,0.0,0.0,0.6573476613859834,,,
R1,Composite,0.9957861039980993,0.9838807575537295,0.9997534138477686,0.9990533453544284,0.9420280815715321,12,12,12.0,24.0,500,-0.20551398717871874,2.5987937635942156e-05,20.137554570812227,5.023842293969238,0.5988514292740302,,,
R2,Seasonal,0.7545088781724684,0.8882602527391135,0.9860932388927559,0.9980237929131366,0.9842046518903295,12,12,12.0,24.0,500,0.0,0.0,13.927221053460208,9.903373089096375,0.5375551675857366,,,
R3,Stationary_AR,0.17187149876248786,0.34849186686599987,0.3631854542004874,0.6438673136476096,0.6832435124283651,None,33,,,500,0.0,0.0,0.0,0.0,5.0,0.6087712429356665,,
R4,Trending_MeanShift,0.9999875076126398,0.9999501255173566,0.9999854256784929,0.9999416228250599,0.0,None,250,,,500,,,0.0,0.0,0.6092542617904039,,250.0,
R1,Composite,0.9974826572675954,0.9609436178854849,0.9992252200691788,0.988282760755644,0.6961685963438908,12,12,12.0,24.0,500,0.24864016408448675,-1.1095533182105429e-05,12.228545817547317,3.1430713737117584,1.3818643669330173,,,
R2,Seasonal,0.7158490760890703,0.9435527506005841,0.8951504044979263,0.9937684511611895,0.8959636820222577,12,12,12.0,24.0,500,0.0,0.0,22.164622759132364,9.863821002456788,1.912967531593459,,,
R3,Stationary_AR,0.11110156378966518,0.24375421954520438,0.16890846466927556,0.5006628801268593,0.6376543863742958,None,22,,,500,0.0,0.0,0.0,0.0,5.0,0.5679959569152655,,
R4,Trending_RandomWalkDrift,0.9990369137185144,0.3059622752813572,0.9998385126173969,0.6852215767115728,0.8327607227152978,None,24,,,500,,,0.0,0.0,0.7536802373472246,,,0.4389793285516229
R1,Composite,0.99779589361794,0.9333471565529231,0.9996870537503083,0.9899112984201588,0.8586039522822948,36,36,36.0,72.0,500,0.364004445118994,2.53976959932567e-05,13.58296631849949,5.825613250876862,1.4759119129765665,,,
R2,Seasonal,0.6920788899244372,0.9182715256802331,0.9142318528383868,0.9940885951494273,0.9331094262726126,36,36,36.0,72.0,500,0.0,0.0,18.748982484445733,10.14034459363426,1.5068552361071648,,,
R3,Stationary_AR,0.1197171088701634,0.27747092157078146,0.22686613402820177,0.5816955030393255,0.7362047596076973,None,29,,,500,0.0,0.0,0.0,0.0,5.0,0.6681005914594038,,
R4,Trending_RandomWalkDrift,0.9967848032611301,0.6699731688033496,0.5461065819231307,0.014882846080944367,0.0,None,250,,,500,,,0.0,0.0,1.3114930534011031,,,-0.3676536544600183
R1,Composite,0.9946762114101968,0.9839146642353371,0.9976377255925133,0.9928225272572654,0.5625747906092265,36,36,36.0,72.0,500,0.17185716106672022,-4.198826106603441e-05,17.740198202384505,2.4195938114499365,1.4623803116838239,,,
R2,Seasonal,0.6994402327163034,0.9598937041495333,0.9337693320452487,0.9977920774075227,0.9468227082114103,36,36,36.0,72.0,500,0.0,0.0,26.149065657499172,9.629933893244802,1.3417676282887918,,,
R3,Stationary_AR,0.05008143964301204,0.2238375189727112,0.1928266558866335,0.4949338421066216,0.5627355536745464,None,50,,,500,0.0,0.0,0.0,0.0,5.0,0.5610964270681205,,
R4,Trending_MeanShift,0.9999442383514329,0.9997765575762545,0.9999426498316528,0.9997692816951049,0.0,None,250,,,500,,,0.0,0.0,1.2321511078517253,,250.0,
R1,Composite,0.9979528428565222,0.9866203144442908,0.9991404670805971,0.9943213806413643,0.5813513700598687,36,36,36.0,72.0,500,-0.22804913948504596,-2.4984922662129916e-05,18.884209837750667,2.5668426365488624,1.4839043815226174,,,
R2,Seasonal,0.7190602285840928,0.869099309731447,0.9874948293032402,0.9984414396516628,0.9896368950289189,36,36,36.0,72.0,500,0.0,0.0,12.333416155671399,9.143467182088592,0.5024818860153725,,,
R3,Stationary_AR,0.09877984485808,0.23112067277276305,0.213861806763877,0.3830980200939835,0.5366154914716912,None,21,,,500,0.0,0.0,0.0,0.0,5.0,0.4557579027492856,,
R4,Trending_ExponentialGrowth,0.9951377068570854,0.26226327669358285,0.9971599946331828,0.4094560355790905,0.41482062978485645,None,24,,,500,,,0.0,0.0,0.9552419746394808,,,
R1,Composite,0.9988684877090102,0.9910725848949357,0.9998280825215075,0.9985479324519101,0.848257658606578,48,50,48.0,96.0,500,0.29581810646086093,2.6923082641619296e-05,22.28999490462167,2.017326123821898,0.7022946655106419,,,
R2,Seasonal,0.0208956103084742,0.9849457992485589,0.1372633187598179,0.9989816870643787,0.9357055416495612,48,100,48.0,96.0,500,0.0,0.0,14.156848215248775,10.628761253953144,0.6325232928892344,,,
R3,Stationary_AR,0.07509970628709228,0.29135238686218623,0.12777232654963988,0.5471478844342597,0.6210947472303117,None,29,,,500,0.0,0.0,0.0,0.0,5.0,0.6062643252938785,,
R4,Trending_ExponentialGrowth,0.9888961252592519,0.24641861579105018,0.9921101657655574,0.3844742580475857,0.29002658495333455,None,24,,,500,,,0.0,0.0,0.95762652548705,,,
R1,Composite,0.9994296668389947,0.9755263394747354,0.9998633299988722,0.9940095443045701,0.7605565506371172,12,12,12.0,24.0,500,-0.37828412500122055,4.6976666318854014e-05,10.82770168230483,2.718698064231792,0.9009980271587407,,,
R2,Seasonal,0.7356811470465754,0.9695480520779178,0.9367210580610351,0.9979017583924434,0.9328883930898337,12,12,12.0,24.0,500,0.0,0.0,17.89572551510134,6.192562600293075,0.8923168828407895,,,
R3,Stationary_AR,0.1154489535262826,0.34480401568427366,0.25551883135918585,0.6787394309125792,0.7108050011897672,None,83,,,500,0.0,0.0,0.0,0.0,5.0,0.674882588627036,,
R4,Trending_ExponentialGrowth,0.9979168531434133,0.37287163166887793,0.9985982092395649,0.46434024117143624,0.32817937173122347,None,24,,,500,,,0.0,0.0,0.5810295404511502,,,
R1,Composite,0.9988486687892664,0.9850157804018238,0.9999550576684426,0.999360931975706,0.9610389047602835,48,50,48.0,96.0,500,0.318999352510036,4.4700862935269894e-05,19.181062623350527,3.341026231338086,0.5225470719227481,,,
R2,Seasonal,0.6490372236162563,0.9632709899422564,0.9653243644417686,0.9989690150909388,0.9746837880043141,48,50,48.0,96.0,500,0.0,0.0,24.160650770927028,7.832134438147708,0.8567010082984803,,,
R3,Stationary_WN,0.0650626925050225,0.09636385450588958,0.34662147012882083,0.22911614986684425,0.363326797584294,None,4,,,500,0.0,0.0,0.0,0.0,8.190148110947048,,,
R4,Trending_ExponentialGrowth,0.9887534696564322,0.2410625337237623,0.9922591645103864,0.33168432097874134,0.314915088476151,None,24,,,500,,,0.0,0.0,0.7571432908553317,,,
R1,Composite,0.9979374716109393,0.9713664738142681,0.9998890471653322,0.9984455360955979,0.9466771033447112,24,24,24.0,48.0,500,0.3949765433645285,-3.9737562492902214e-05,20.18988784893051,6.3029162986041705,0.8931103809906032,,,
R2,Seasonal,0.6930745401824978,0.861951042663894,0.9217237549099668,0.9906274192368524,0.9397012307151391,24,24,24.0,48.0,500,0.0,0.0,14.643824935242602,10.90828620040044,1.6893403439899766,,,
R3,Stationary_WN,0.038844561526050314,0.21799803824666586,0.06942285600355602,0.35205367767148665,0.3055203628705545,None,29,,,500,0.0,0.0,0.0,0.0,13.807725799550303,,,
R4,Trending_MeanShift,0.9999256743117612,0.9997016101646747,0.9997980932605887,0.9991788025691543,0.0,None,250,,,500,,,0.0,0.0,1.4356572631671947,,250.0,
R1,Composite,0.9987089610866354,0.98697964177214,0.9998993550972078,0.9989839725378745,0.9224067804328312,24,24,24.0,48.0,500,0.35447568316666367,2.2126488149283688e-05,23.335916505715673,4.7425247186748205,0.7958027591699842,,,
R2,Seasonal,0.687472301997214,0.971064095415429,0.9076572768573354,0.997972487414306,0.9316916684536724,24,24,24.0,48.0,500,0.0,0.0,28.52971454338926,8.945599490032253,1.3578143910811749,,,
R3,Stationary_WN,0.19085269512837555,0.215216788609626,0.3183906490144268,0.34296046715397144,0.2654382358259939,None,5,,,500,0.0,0.0,0.0,0.0,13.708673813475855,,,
R4,Trending_ExponentialGrowth,0.9870240511750545,0.24276516962989558,0.9920288679812947,0.41403229044362955,0.3791535659139117,None,24,,,500,,,0.0,0.0,1.2165760617972734,,,
R1,Composite,0.9977472269647422,0.9951164356580834,0.9996844451005381,0.999319930628214,0.8607630183321061,24,24,24.0,48.0,500,0.12361040483073112,1.119750203803737e-05,17.904993707674084,2.075164630923857,0.5297904357845272,,,
R2,Seasonal,0.6578655902828974,0.8249747752818275,0.8337393740719364,0.9761248596473708,0.8822480130530367,24,24,24.0,48.0,500,0.0,0.0,10.236058879805965,8.092282891317122,1.9748634246189085,,,
R3,Stationary_AR,0.27376757075312685,0.27853350655343156,0.43378853861092614,0.5387038571201455,0.655484877579247,None,19,,,500,0.0,0.0,0.0,0.0,5.0,0.644166016753922,,
R4,Trending_ExponentialGrowth,0.9967117835484955,0.2395102736191128,0.9981426096767702,0.418809064418059,0.4331834236517954,None,24,,,500,,,0.0,0.0,0.7991173354244586,,,
R1,Composite,0.9968612422519718,0.9847076766901045,0.9997644645947832,0.9988526685918653,0.925740213059589,12,12,12.0,24.0,500,0.2539803987702026,-1.5359790946939644e-05,22.656666615785717,5.267965869540969,0.7786843331891093,,,
R2,Seasonal,0.023279001321939274,0.9858647300300669,0.10456024020526788,0.9897291064887465,0.27248603135537264,12,24,12.0,24.0,500,0.0,0.0,11.957200518713254,10.718468802787893,1.534999611601998,,,
R3,Stationary_AR,0.17225732710467068,0.25287392711228396,0.23563754630165734,0.4362238915857831,0.5366223743409497,None,15,,,500,0.0,0.0,0.0,0.0,5.0,0.44071767543347257,,
R4,Trending_MeanShift,0.9999930497196852,0.99997220933406,0.9999905750202984,0.9999624660700424,0.0,None,250,,,500,,,0.0,0.0,0.5009003064884501,,250.0,
R1,Composite,0.993564775570276,0.9807786397008851,0.9996451296926718,0.9989395759324038,0.9458444203041149,36,36,36.0,72.0,500,0.16656164102476975,4.870568993416375e-05,22.358168579896038,5.750702999033245,0.761299740162152,,,
R2,Seasonal,0.7084523086326892,0.8389618900892544,0.9491742980342108,0.9920560577114583,0.9581688382253463,36,36,36.0,72.0,500,0.0,0.0,13.857440955034551,11.204215588467978,1.2916747831943856,,,
R3,Stationary_WN,0.19320288403119423,0.07335311191229787,0.49548627323515926,0.09924838173733919,0.22986294238387317,None,2,,,500,0.0,0.0,0.0,0.0,12.267792711571413,,,
R4,Trending_ExponentialGrowth,0.9994388269718689,0.23361608086837016,0.9996788140091479,0.4184307080443831,0.42264907645039107,None,24,,,500,,,0.0,0.0,0.9499180271971344,,,
R1,Composite,0.9965602026894859,0.9802551688012163,0.9994213245069401,0.9966788395683561,0.8338051413723633,12,12,12.0,24.0,500,0.271065440385764,-4.5679164863985996e-05,21.10406494668034,5.005592405667385,1.332209227051733,,,
R2,Seasonal,0.5843546526230764,0.9577131127478923,0.5776716232090405,0.9846596488452941,0.6466746785878221,12,12,12.0,24.0,500,0.0,0.0,15.662802951915646,4.329567179652285,1.9483187146230543,,,
R3,Stationary_AR,0.14521859014441307,0.8597480925399807,0.03757413144749433,0.25917908108432164,0.0,None,250,,,500,0.0,0.0,0.0,0.0,5.0,0.45258251751724493,,
R4,Trending_ExponentialGrowth,0.9870156870074217,0.17807874201240603,0.9919460996052595,0.30281821487896077,0.37053036189128985,None,24,,,500,,,0.0,0.0,1.3964345892783667,,,
R1,Composite,0.9994268149289496,0.9950334707464595,0.9999546521354791,0.9996063450218262,0.9210546896026157,36,36,36.0,72.0,500,0.384851620950593,-4.669568035836604e-05,24.9435474356233,3.114733519279912,0.5223913731626653,,,
R2,Seasonal,0.698895910874341,0.9363627239803369,0.9324893653490789,0.9963619900915459,0.9464427417670492,36,36,36.0,72.0,500,0.0,0.0,13.640843956351834,6.520794004298011,0.902178381297162,,,
R3,Stationary_AR,0.002835075981954427,0.4289218115783069,0.00390213378646187,0.059414080158911586,0.0,None,167,,,500,0.0,0.0,0.0,0.0,5.0,0.629589757615026,,
R4,Trending_MeanShift,0.9997613850669873,0.9990492471247869,0.999784991323017,0.99913401502594,0.10061557935057774,None,250,,,500,,,0.0,0.0,1.2102990859892748,,250.0,
R1,Composite,0.9969605614742687,0.9879675670112815,0.9991595658028355,0.9966545295592704,0.7237632411608759,24,24,24.0,48.0,500,-0.22538321807957162,3.793461021400723e-05,20.98774697937042,3.4209682511038446,1.1537601996034985,,,
R2,Seasonal,0.6874898144038747,0.9486518946125214,0.9066858317705843,0.9962779659082965,0.9301919798894123,24,24,24.0,48.0,500,0.0,0.0,23.529419345283443,9.761296437674666,1.556754206026237,,,
R3,Stationary_WN,0.1552022341432613,0.2093993292494588,0.31814594859450107,0.3187534061942148,0.37797898700078825,None,4,,,500,0.0,0.0,0.0,0.0,8.331148140135497,,,
R4,Trending_ExponentialGrowth,0.9938426107753271,0.22803107977367498,0.9959795195571858,0.36835143848910434,0.3417796347849773,None,24,,,500,,,0.0,0.0,0.503215259152204,,,
R1,Composite,0.9936112501440598,0.9836444327378111,0.9985817796226257,0.9963649043634554,0.7796302695052924,24,24,24.0,48.0,500,-0.17255748689956352,2.9867974845843918e-05,19.89380060179828,3.975193348531614,1.2846166262681824,,,
R2,Seasonal,0.6774521662278528,0.8845975584911112,0.8909147969512042,0.9902697654749847,0.9231065810231545,24,24,24.0,48.0,500,0.0,0.0,17.95475519515566,11.404234530256915,1.931902130851396,,,
R3,Stationary_WN,0.18423657719768305,0.07248907490261525,0.5379136781874034,0.09636530982268177,0.24422548231169994,None,2,,,500,0.0,0.0,0.0,0.0,8.119907349224697,,,
R4,Trending_ExponentialGrowth,0.997505633769548,0.26277873771745686,0.9982926950629594,0.3627698820638037,0.31153781890403376,None,24,,,500,,,0.0,0.0,1.2421633890051402,,,
R1,Composite,0.9984860426965048,0.9698026418419177,0.9997612845303662,0.9951481517817413,0.8431604394595767,12,12,12.0,24.0,500,0.3069973034853489,1.2723683456131464e-05,14.088315048749784,4.424325902058483,1.0108961559449403,,,
R2,Seasonal,0.6888903802639089,0.9064183463092281,0.8112422001700916,0.9824218839409518,0.8249168523790961,12,12,12.0,24.0,500,0.0,0.0,10.212207703765683,5.626769840699367,1.3271457157865123,,,
R3,Stationary_AR,0.0018939241195030654,0.38686469454078887,0.04274970004353651,0.8060909909794178,0.7281374357703594,None,125,,,500,0.0,0.0,0.0,0.0,5.0,0.6915666361992941,,
R4,Trending_MeanShift,0.9999672535142993,0.9998686696255866,0.9999138164920246,0.9996526206350267,0.0,None,250,,,500,,,0.0,0.0,0.7951584172313471,,250.0,
R1,Composite,0.998754998814959,0.9828378420335453,0.999942867585107,0.9992022593280808,0.9542090531389422,36,36,36.0,72.0,500,-0.35869137864758927,3.404586506596848e-05,18.75676694733497,4.6036769464172345,0.5945319059403134,,,
R2,Seasonal,0.6533644217474195,0.9717525510491118,0.8051808010895969,0.9960107101511018,0.8631909313977217,36,36,36.0,72.0,500,0.0,0.0,29.968402624747384,8.482769782077128,1.9687537278358254,,,
R3,Stationary_WN,0.11397896875225022,0.10573766515153082,0.23572834645530627,0.20899936248903173,0.2830076056460552,None,6,,,500,0.0,0.0,0.0,0.0,10.730757202583444,,,
R4,Trending_MeanShift,0.9999137667547904,0.9996554416421828,0.9994876094126843,0.9979829126210189,0.0,None,250,,,500,,,0.0,0.0,0.9657379883347486,,250.0,
R1,Composite,0.9974136791391017,0.9597468921568436,0.9998691654853368,0.9977379671812155,0.9497964757233438,48,50,48.0,96.0,500,-0.3638174452054165,-3.943978311175722e-05,19.183310787458254,6.453047286814435,0.9357278641440698,,,
R2,Seasonal,0.5162934115212088,0.9552135456760558,0.644716697507554,0.9896239509602291,0.7932009316381743,48,50,48.0,96.0,500,0.0,0.0,18.1102735690232,5.040464691352685,1.6800344045803361,,,
R3,Stationary_AR,0.33127569726078687,0.25593776485774244,0.4176634408785459,0.3714036696130354,0.38385104195598274,None,7,,,500,0.0,0.0,0.0,0.0,5.0,0.47144103885079414,,
R4,Trending_ExponentialGrowth,0.9737701107138594,0.19196329437934156,0.9833703686380528,0.34489259467895694,0.3730244534517292,None,24,,,500,,,0.0,0.0,1.0084228163626783,,,
R1,Composite,0.9971179333525836,0.9662540285163487,0.9997667922885975,0.9969980156114403,0.919683719417528,48,50,48.0,96.0,500,-0.2938021610565267,-3.226670782077174e-05,17.91626469566758,5.207923368454532,0.9685652720272593,,,
R2,Seasonal,0.6486575964297743,0.9496718548297511,0.9551163227677604,0.9981416700122218,0.967067825813757,48,50,48.0,96.0,500,0.0,0.0,14.56573806804694,5.673764695364026,0.657612776174807,,,
R3,Stationary_WN,0.08280260722598554,0.24689794249388797,0.16302774803050113,0.35123887214448757,0.31428860920201773,None,10,,,500,0.0,0.0,0.0,0.0,6.1979654257585395,,,
R4,Trending_MeanShift,0.9999303107472318,0.9997226734027553,0.9996212935789499,0.9984730134183107,0.0,None,250,,,500,,,0.0,0.0,0.8475357240772111,,250.0,
R1,Composite,0.9940267190968105,0.9782415979755742,0.9998148855927674,0.9993251807020993,0.969612428309307,12,12,12.0,24.0,500,0.15497264583762407,4.2363010459846674e-05,18.81491192357899,5.506289238396462,0.5345155869433065,,,
R2,Seasonal,0.6812143922559608,0.9789533546283665,0.803609572053471,0.9962587651677991,0.8248291811977942,12,12,12.0,24.0,500,0.0,0.0,28.767848254831755,7.155302014485352,1.9674577738266115,,,
R3,Stationary_WN,0.20586811602963073,0.0782097112907002,0.5369546796828093,0.10652350197583915,0.2663400271166262,None,2,,,500,0.0,0.0,0.0,0.0,6.7661083072009145,,,
R4,Trending_RandomWalkDrift,0.9813244592016996,0.3687837760794692,0.9987486392110737,0.9510907650759008,0.93031523294358,None,125,,,500,,,0.0,0.0,0.5979229844125332,,,-0.36908029906177986
R1,Composite,0.9965652544708263,0.9205384665459133,0.999720182362737,0.9930867664391023,0.9193069608928043,36,36,36.0,72.0,500,0.31807434117825045,-2.6658270116437723e-05,12.334971167395361,6.481330897631173,1.1782875980420586,,,
R2,Seasonal,0.6972700805555103,0.9258150247336258,0.9347865178088716,0.9958695765836839,0.9480092537622816,36,36,36.0,72.0,500,0.0,0.0,18.026028874709915,9.390335235582992,1.2579451040991863,,,
R3,Stationary_WN,0.21731222073257428,0.0980829050308284,0.5143212077478765,0.13279952583892451,0.2560338375406751,None,2,,,500,0.0,0.0,0.0,0.0,10.731422427917865,,,
R4,Trending_RandomWalkDrift,0.998894803916989,0.9358567773457431,0.9884993232879891,0.22863727966515512,0.0,None,250,,,500,,,0.0,0.0,0.6010992246320049,,,0.34173199267038445
R1,Composite,0.9972721763767929,0.9741290314254628,0.99988935029636,0.9989444442559698,0.9598570822997259,24,24,24.0,48.0,500,0.28120243404798045,-1.5568324409136768e-05,17.848824575614664,5.292092099815848,0.6404179472566404,,,
R2,Seasonal,0.5670716892885812,0.9871101259961027,0.6192084997331676,0.9969515461231553,0.7658805578760715,24,24,24.0,48.0,500,0.0,0.0,25.545809222956848,4.141209011358028,1.3817822579608718,,,
R3,Stationary_AR,0.11079683939105212,0.3983015960125551,0.2234143580701201,0.7174937369529132,0.6552333032054778,None,100,,,500,0.0,0.0,0.0,0.0,5.0,0.6517993228936214,,
R4,Trending_MeanShift,0.9998436315101226,0.9993777733516154,0.9988317003847644,0.9950380663211129,0.0,None,250,,,500,,,0.0,0.0,0.9167872800840169,,250.0,
R1,Composite,0.9987343526064135,0.9699462399051137,0.9998478359350478,0.9963270728785129,0.8803274264134375,12,12,12.0,24.0,500,0.22685688721505223,-1.7228081395185742e-05,8.979157045746279,2.854974114145792,0.6028192549868994,,,
R2,Seasonal,0.7226181097997905,0.9440577844972183,0.9045650985292909,0.9943092089400974,0.902896644098987,12,12,12.0,24.0,500,0.0,0.0,12.704637675847056,5.740173304198021,0.9557451361005206,,,
R3,Stationary_AR,0.1571802827246338,0.19119764551335783,0.3003589302257329,0.35087134111942764,0.539064107665066,None,12,,,500,0.0,0.0,0.0,0.0,5.0,0.4988556581661905,,
R4,Trending_MeanShift,0.9999544338414954,0.9998168820603102,0.9511440328774713,0.8998381386768325,0.0,None,250,,,500,,,0.0,0.0,1.273604854699867,,250.0,
R1,Composite,0.9983479500012968,0.9806211714007443,0.999798357755252,0.9976247459722662,0.8784775264601037,24,24,24.0,48.0,500,0.3721554359909729,-2.3686834978642932e-05,21.22048376898702,4.983872884825091,1.1249220605084662,,,
R2,Seasonal,0.6849881794089709,0.9069006275964745,0.9098940077193322,0.9932909636357359,0.9328356808303259,24,24,24.0,48.0,500,0.0,0.0,19.65286271477195,11.211469673207066,1.6743280559721812,,,
R3,Stationary_AR,0.21221000169273296,0.2703833990212552,0.35607240135674323,0.48596494262553425,0.5494472320305406,None,20,,,500,0.0,0.0,0.0,0.0,5.0,0.6190913315313744,,
R4,Trending_MeanShift,0.9999200853679587,0.9996808192290672,0.9991540463175447,0.9963661531444528,0.0,None,250,,,500,,,0.0,0.0,1.3179818404084114,,250.0,
R1,Composite,0.9917423809370997,0.9623493116155989,0.9993290523628838,0.9966303736735351,0.9197387911850108,48,50,48.0,96.0,500,0.13360135281274077,-3.8472943052273933e-05,10.935239393104904,3.2638216998089993,0.6084984779282339,,,
R2,Seasonal,0.6446787239236883,0.9556545104527312,0.934858297402367,0.9976920997470174,0.9534976213120009,48,50,48.0,96.0,500,0.0,0.0,24.046979918192317,8.635906817416885,1.0260101853405097,,,
R3,Stationary_WN,0.2411970148356669,0.11122770034309148,0.5197480406020667,0.14669662258693594,0.23505357901481416,None,2,,,500,0.0,0.0,0.0,0.0,14.573424545895195,,,
R4,Trending_RandomWalkDrift,0.9948824509167352,0.3026547616960579,0.8740188887549395,0.0,0.0,None,167,,,500,,,0.0,0.0,1.420394340819057,,,0.4027602537079128
R1,Composite,0.9938104075810952,0.9682622733757671,0.9994372127405049,0.997094014287707,0.9106964684791218,36,36,36.0,72.0,500,0.2342664537109608,3.760198376860284e-05,22.64348856874703,7.157971815032512,1.2383687159231718,,,
R2,Seasonal,0.7047312990987535,0.9061567184826883,0.9508991082146868,0.9959063744731788,0.9603578616627719,36,36,36.0,72.0,500,0.0,0.0,18.459743561234824,11.097221352472678,1.2940635084855074,,,
R3,Stationary_AR,0.0210716904187489,0.2797525180089666,0.023572805618045423,0.4829541340541087,0.5098826188832488,None,83,,,500,0.0,0.0,0.0,0.0,5.0,0.40862027516597,,
R4,Trending_RandomWalkDrift,0.9825385250619474,0.11611889658962171,0.9985394906512878,0.7481927005020889,0.9201918915686595,None,24,,,500,,,0.0,0.0,1.4696238158712132,,,0.3201483374452652
R1,Composite,0.9985377223507871,0.9818058264680314,0.9996089380360378,0.9951716039023449,0.7331428133256934,12,12,12.0,24.0,500,0.3226051188165068,1.4551310361193944e-05,18.853815993412653,3.62115288672872,1.3556303390972975,,,
R2,Seasonal,0.6868406340602166,0.9490221664230758,0.8139069869397088,0.9908066466896116,0.8268388337347897,12,12,12.0,24.0,500,0.0,0.0,17.186849472180405,6.940611925652966,1.7676073387896571,,,
R3,Stationary_WN,0.010572332132187445,0.3164595336079826,0.03368651340191775,0.423124194602731,0.2815419353389357,None,83,,,500,0.0,0.0,0.0,0.0,10.081634045240403,,,
R4,Trending_ExponentialGrowth,0.9992119404671285,0.27605748571771827,0.99950005857892,0.41175194167916473,0.3594576146298557,None,24,,,500,,,0.0,0.0,0.6359042678952843,,,
R1,Composite,0.9951432079659175,0.9907117817619939,0.9992214946712066,0.9985070559752504,0.8412513290796466,36,36,36.0,72.0,500,-0.16051972625206645,4.034610073338092e-05,20.738865708597626,3.2734340081342097,0.8115398942962704,,,
R2,Seasonal,0.7113001559850127,0.9808742323772369,0.9687702711389968,0.9995118792568883,0.9749394071456953,36,36,36.0,72.0,500,0.0,0.0,25.545156579087372,6.709971789478207,0.6201869058805762,,,
R3,Stationary_AR,0.009850207891974883,0.280202116519212,0.006900223928278382,0.5916445697511922,0.6099804781428106,None,100,,,500,0.0,0.0,0.0,0.0,5.0,0.4798019139082408,,
R4,Trending_RandomWalkDrift,0.9831022001923267,0.08823383791179618,0.9985622589298533,0.756709158277306,0.9172101365344719,None,24,,,500,,,0.0,0.0,1.0231469874730492,,,-0.10300665298591288
R1,Composite,0.9939394304839364,0.9689447977351083,0.9998581489182489,0.9992648874473893,0.9770418452786114,36,36,36.0,72.0,500,0.2709907724935261,-1.0573836477566509e-05,23.652513085192183,7.940940351186336,0.718428444439445,,,
R2,Seasonal,0.6710481277479535,0.910336107281192,0.8325606472847271,0.9877753904331769,0.8739737295734098,36,36,36.0,72.0,500,0.0,0.0,15.548748773861698,8.178491983631393,1.9141974738428862,,,
R3,Stationary_WN,0.019938279486100163,0.12725406144417284,0.3961728394726667,0.20872379924378737,0.3491574641486165,None,3,,,500,0.0,0.0,0.0,0.0,11.815053652603993,,,
R4,Trending_MeanShift,0.9999726574571368,0.9998901890880554,0.9999643164785764,0.99985644213966,0.0,None,250,,,500,,,0.0,0.0,0.685470140540618,,250.0,
R1,Composite,0.993512868805225,0.9717702296754724,0.9988659279825302,0.994995862570054,0.8273548976281195,12,12,12.0,24.0,500,-0.11432367736924008,-2.7271126121958584e-05,12.549505004658103,3.5169834357503964,1.0007021906777975,,,
R2,Seasonal,0.7447804657588032,0.9840286154609881,0.963481544910189,0.9993734647076764,0.9612906056219872,12,12,12.0,24.0,500,0.0,0.0,19.908012602583156,4.964488130661397,0.516903236919092,,,
R3,Stationary_AR,0.10884403087425054,0.20908515567000308,0.21153563497701167,0.4421093410615611,0.6135213020272994,None,29,,,500,0.0,0.0,0.0,0.0,5.0,0.49784101450512125,,
R4,Trending_RandomWalkDrift,0.9981935310827939,0.9390813940202256,0.9976732155853695,0.9283197796489027,0.0,None,250,,,500,,,0.0,0.0,0.5004066932191258,,,0.4196938846500352
R1,Composite,0.9986682452873139,0.9742275815271803,0.9996792847592266,0.9937644079436834,0.7592411403618808,36,36,36.0,72.0,500,-0.30338493519141235,-1.8299596769365602e-05,14.174166768790434,3.4419683926171794,1.2567072640117092,,,
R2,Seasonal,0.7070569309433355,0.945107246168308,0.9523110419958852,0.9977599589978002,0.9614278661336536,36,36,36.0,72.0,500,0.0,0.0,23.11262525234725,10.374356087705033,1.1311624716744095,,,
R3,Stationary_WN,0.14438976839274165,0.1692474663740161,0.3169681746439674,0.2557796882313983,0.23177230991095288,None,4,,,500,0.0,0.0,0.0,0.0,9.779014820866708,,,
R4,Trending_MeanShift,0.9999508006775062,0.9998047346633052,0.9999506914035935,0.999803118388693,0.0,None,250,,,500,,,0.0,0.0,0.7033380192491366,,250.0,
R1,Composite,0.9979061717127097,0.978018519697635,0.9998924197355807,0.9988596022399155,0.9489734096261586,12,12,12.0,24.0,500,0.35402869590681274,-3.229016370054454e-05,21.080738810925652,6.1792351644737185,0.7021683304627186,,,
R2,Seasonal,0.7384686966358993,0.9477385390758123,0.9361584947460185,0.9962846669803195,0.9325954015124298,12,12,12.0,24.0,500,0.0,0.0,19.634877684220726,8.813113324946166,1.2432836242740306,,,
R3,Stationary_WN,0.13119014460496647,0.11592626725810828,0.432428684115705,0.15905074001048114,0.2720699043613527,None,2,,,500,0.0,0.0,0.0,0.0,10.87852343100257,,,
R4,Trending_RandomWalkDrift,0.9699506908259109,0.0,0.9973518715384287,0.7568835137516723,0.922424609466294,None,24,,,500,,,0.0,0.0,0.9026819700136186,,,0.21807733247468516
R1,Composite,0.9988306217879505,0.9535807046292275,0.999913101602911,0.9961174458687618,0.9258507132202899,48,50,48.0,96.0,500,0.390157187087833,3.3985943211353904e-05,12.869128885141382,4.484861510828565,0.7751522437289554,,,
R2,Seasonal,0.6375049728502484,0.958435468322105,0.9269675962421146,0.9977012672243726,0.9502776675153247,48,50,48.0,96.0,500,0.0,0.0,20.58990767304989,7.123302424621058,0.9571566885852569,,,
R3,Stationary_WN,0.1773306164381626,0.10588200643721368,0.5221694030190354,0.13752325732021076,0.25088434443673246,None,2,,,500,0.0,0.0,0.0,0.0,12.200038307583556,,,
R4,Trending_ExponentialGrowth,0.9974941760866678,0.2959355413477255,0.9983608347337639,0.417043091972227,0.3379184332074614,None,24,,,500,,,0.0,0.0,1.4857664244312285,,,
R1,Composite,0.9808534879932201,0.9707971530434805,0.9985275014427135,0.9978480607868222,0.9275373552344731,24,24,24.0,48.0,500,0.10346899379467527,-4.8801438961827644e-05,13.321451229775603,4.161102475807293,0.6166359340161423,,,
R2,Seasonal,0.6782215438831996,0.9672244644196193,0.8743627637082443,0.9967415263470321,0.9021774323802465,24,24,24.0,48.0,500,0.0,0.0,20.786386647395368,6.586517200517232,1.2971806134020576,,,
R3,Stationary_WN,0.1380357252847083,0.0593421293095906,0.5333646173944016,0.08237588144398955,0.28880436827485223,None,2,,,500,0.0,0.0,0.0,0.0,8.692826956069617,,,
R4,Trending_RandomWalkDrift,0.9976678110942127,0.05291980492556081,0.9996633959475529,0.6489670247333328,0.8569863486482786,None,24,,,500,,,0.0,0.0,1.2965562255542968,,,0.4153949680768071
R1,Composite,0.995424776284262,0.9729102543097748,0.9997217237753108,0.998200417958918,0.9397690164781478,48,50,48.0,96.0,500,-0.29637010550666965,3.992036340099871e-05,22.52925031821516,5.653944110878324,0.9407243023811654,,,
R2,Seasonal,0.6777972895735311,0.9228791549297439,0.9904541124469124,0.9993161901470318,0.9923129647375368,48,50,48.0,96.0,500,0.0,0.0,23.323983871812068,11.908188354139057,0.5130458692055004,,,
R3,Stationary_AR,0.12622742833451173,0.32115607783102906,0.21501490989577354,0.6207216506088795,0.6915048641675101,None,31,,,500,0.0,0.0,0.0,0.0,5.0,0.5766097360967175,,
R4,Trending_RandomWalkDrift,0.9971142111616301,0.2401903899385306,0.9995137246147588,0.6502895646192135,0.8322596732535439,None,24,,,500,,,0.0,0.0,0.798523066528111,,,-0.10504298425059436
R1,Composite,0.9862977818439872,0.9338092488580498,0.999334132097815,0.9967109586918969,0.9534428175831725,12,12,12.0,24.0,500,0.1544093401430044,-4.240784089155585e-05,12.213762814198153,6.31491959500894,0.6936584891469085,,,
R2,Seasonal,0.6352127538918435,0.9305576819930932,0.679774298611517,0.9799033651609748,0.722466583962436,12,12,12.0,24.0,500,0.0,0.0,12.285545982536652,5.126169352315964,1.8366909073402806,,,
R3,Stationary_AR,0.1364000058480559,0.2178192728138001,0.2830735691027384,0.5389168979724137,0.6538004268350996,None,31,,,500,0.0,0.0,0.0,0.0,5.0,0.5157395909809751,,
R4,Trending_MeanShift,0.999943961321959,0.9997764094915671,0.9999397164284273,0.9997591251042267,0.0,None,250,,,500,,,0.0,0.0,1.0854952218319944,,250.0,
R1,Composite,0.9973538784640008,0.9238986539854681,0.9996417236828161,0.9892460346985147,0.8655443003876192,24,24,24.0,48.0,500,0.31505885030129155,3.030604043480318e-05,12.173201840755185,5.779155506334462,1.2683376233431067,,,
R2,Seasonal,0.7000449382867381,0.977944390751213,0.9427919456373925,0.9989947738715346,0.9550784592885372,24,24,24.0,48.0,500,0.0,0.0,17.768880486434725,4.929145285600092,0.5920216459970064,,,
R3,Stationary_AR,0.08657451268538985,0.217703022476757,0.14093566081135822,0.46689611790377383,0.555418972329029,None,20,,,500,0.0,0.0,0.0,0.0,5.0,0.4162681763008834,,
R4,Trending_RandomWalkDrift,0.9979325955121189,0.9731349580124298,0.9972657031453434,0.9664684411939594,0.0,None,250,,,500,,,0.0,0.0,0.6169595249800761,,,0.31303013480849184
R1,Composite,0.9931835419968956,0.9816360020980301,0.9994677131435744,0.998560913931112,0.9232706918504773,36,36,36.0,72.0,500,-0.10239386357629837,-3.3298228101679396e-05,14.845773091575541,3.674064124457277,0.5334717698222191,,,
R2,Seasonal,0.7147830814631806,0.9278662762878727,0.9724296751682353,0.9982543227071379,0.9774780509197906,36,36,36.0,72.0,500,0.0,0.0,12.940329894455402,6.851233465682785,0.5751468897859362,,,
R3,Stationary_WN,0.2628647912416642,0.18174505619442383,0.53190571617728,0.2244135428933599,0.2172724342717991,None,2,,,500,0.0,0.0,0.0,0.0,5.119073050929771,,,
R4,Trending_ExponentialGrowth,0.9962656430250414,0.22177108385294186,0.9974365103809348,0.32234842544338216,0.30732429263004024,None,24,,,500,,,0.0,0.0,0.7803413590500049,,,
R1,Composite,0.9961767814308512,0.8791215493322924,0.9996923970584498,0.9883563107844155,0.9201275306610444,48,50,48.0,96.0,500,0.29474336054496275,4.4588330705445634e-05,10.90765997847312,6.463510817432328,1.3173638266696979,,,
R2,Seasonal,0.02096421217896427,0.985981959003123,0.09159287416421769,0.9988149028498755,0.9193812784479345,48,100,48.0,96.0,500,0.0,0.0,12.285527982703762,10.126107438370965,0.6245410771141611,,,
R3,Stationary_WN,0.062016774454433654,0.3253565463531576,0.07195431024919619,0.48079778963315156,0.36348356670501736,None,26,,,500,0.0,0.0,0.0,0.0,8.822037262864532,,,
R4,Trending_MeanShift,0.9998210257882355,0.9992897307403812,0.9997776585345622,0.9991191826303296,0.0,None,250,,,500,,,0.0,0.0,1.0299851134435776,,250.0,
R1,Composite,0.9964064628357644,0.9476911709489771,0.9997904721458678,0.9968351909406509,0.9420064255213695,24,24,24.0,48.0,500,-0.1773571743423956,-4.41172737924201e-05,10.344297492198232,4.36024971776525,0.6037737584975543,,,
R2,Seasonal,0.7026012907946511,0.9721991694979013,0.9529248797308151,0.9989851898997596,0.9641132723908152,24,24,24.0,48.0,500,0.0,0.0,15.38537714180948,4.815022467620256,0.5275051395325636,,,
R3,Stationary_WN,0.17426434996195617,0.13554737923028592,0.4221683596389614,0.20714171872061404,0.27467865859944507,None,3,,,500,0.0,0.0,0.0,0.0,13.470676435349382,,,
R4,Trending_MeanShift,0.9998849019638467,0.9995389284179396,0.9926553715087773,0.9779402758595178,0.0,None,250,,,500,,,0.0,0.0,1.4162071756950567,,250.0,
R1,Composite,0.9996101815222044,0.9918219561815262,0.9999552393005013,0.9990540767115166,0.8855010012354146,36,36,36.0,72.0,500,0.3747280434279864,-1.0825142432797206e-05,16.371308516377663,2.504593205482366,0.5007924513913348,,,
R2,Seasonal,0.6967057012446318,0.9505442625033671,0.9226568934100512,0.9968575658652932,0.9390904644656374,36,36,36.0,72.0,500,0.0,0.0,12.284625608393096,5.091530864670559,0.7483468808289525,,,
R3,Stationary_WN,0.06992126082641648,0.18400362470335285,0.41760818229813923,0.24859612582737478,0.30586885958106147,None,4,,,500,0.0,0.0,0.0,0.0,13.228772898987716,,,
R4,Trending_RandomWalkDrift,0.9974081758170451,0.12097756334877152,0.9996285764343686,0.5538045670040599,0.8593905081090782,None,24,,,500,,,0.0,0.0,0.9174025059728456,,,-0.3669626070709301
R1,Composite,0.9959129933492452,0.8562060544984551,0.9997709882304211,0.9902160884034256,0.9445756730189643,48,50,48.0,96.0,500,-0.37320392552588166,2.8580735342012678e-05,11.452684606923764,7.811540878211379,1.131929859199323,,,
R2,Seasonal,0.6590512115157698,0.9614840525981594,0.988906804508823,0.9996494085745246,0.9918073110858706,48,50,48.0,96.0,500,0.0,0.0,29.05023594030053,9.932289955024013,0.5672221141661039,,,
R3,Stationary_WN,0.08884303661063264,0.23906703336983448,0.2489515181071159,0.36825571390917444,0.2761721945955754,None,8,,,500,0.0,0.0,0.0,0.0,8.117476041795674,,,
R4,Trending_MeanShift,0.999984625144085,0.9999384267562094,0.9999876023076719,0.9999502450770593,0.19317641574068312,None,250,,,500,,,0.0,0.0,0.539634017761607,,250.0,
R1,Composite,0.9952540678773214,0.921793286763172,0.9982567524271467,0.9716931710552842,0.6374011996309579,36,36,36.0,72.0,500,0.16223841977728093,4.121946035558133e-05,8.767197679168307,2.838406443186215,1.4919034151835464,,,
R2,Seasonal,0.6932032488362444,0.9810739498064461,0.9048774908260743,0.9985780224548328,0.9263254586363437,36,36,36.0,72.0,500,0.0,0.0,26.782984369994594,6.847660033534218,1.0893380569888946,,,
R3,Stationary_AR,0.15768767702107034,0.17877214187712687,0.28206658664337825,0.32199498016111816,0.5625568649915057,None,24,,,500,0.0,0.0,0.0,0.0,5.0,0.6384510213713532,,
R4,Trending_RandomWalkDrift,0.9857189299945421,0.768146456088735,0.9932393953945556,0.904373092340347,0.5523673405251838,None,250,,,500,,,0.0,0.0,0.9051845268029199,,,-0.292407240475949
R1,Composite,0.9974953333895756,0.9892986862141137,0.9997221853642503,0.9988091585145652,0.8897077598078214,36,36,36.0,72.0,500,-0.15284975224647376,-2.6378311142672977e-05,16.422083786927125,2.871786873630213,0.6660150697756974,,,
R2,Seasonal,0.695259934727447,0.9701101927500666,0.9210451415455128,0.9980708225399764,0.9371067380746778,36,36,36.0,72.0,500,0.0,0.0,17.174292437611435,5.452690040152317,0.8326027028671987,,,
R3,Stationary_AR,0.1074460359373729,0.27195522039200304,0.2746949055653095,0.5376550567088888,0.6576388738206158,None,38,,,500,0.0,0.0,0.0,0.0,5.0,0.4958874479811602,,
R4,Trending_MeanShift,0.9997916047285276,0.999173823518632,0.9992890584270138,0.997229881514074,0.0,None,250,,,500,,,0.0,0.0,1.2611926979318708,,250.0,
R1,Composite,0.996734192667377,0.9168463553002458,0.9997494191056464,0.9926751638766933,0.9240057054998122,48,50,48.0,96.0,500,-0.3996578535715316,4.9913902291319596e-05,14.349478359833189,7.00283955668976,1.115004261883356,,,
R2,Seasonal,0.46569332769504357,0.9533288941204502,0.5758785048135768,0.9887346025581664,0.7893794128511762,48,50,48.0,96.0,500,0.0,0.0,17.639509749785496,4.677298492032484,1.7536621010295343,,,
R3,Stationary_WN,0.0248339455665878,0.22196873170850784,0.2569464070302919,0.32580455435412337,0.31303437111018584,None,6,,,500,0.0,0.0,0.0,0.0,13.83443871278087,,,
R4,Trending_RandomWalkDrift,0.9964270432690716,0.039609247212291754,0.9997033553550677,0.7784294000579992,0.9162669095918099,None,24,,,500,,,0.0,0.0,1.155228695354715,,,-0.2718904110328628
R1,Composite,0.9976313968458113,0.972950751147291,0.9994525919154571,0.9930851622906433,0.7703535532379275,48,50,48.0,96.0,500,-0.293162680897599,-3.5871066917423306e-05,18.479169260146804,3.538630155992278,1.4122264200653858,,,
R2,Seasonal,0.44557789369728407,0.9705975618481455,0.6148901558662829,0.9947644830613077,0.8425851351632773,48,50,48.0,96.0,500,0.0,0.0,20.468719717247318,4.339934733605873,1.3872838200038662,,,
R3,Stationary_WN,0.11656098231964629,0.10496035999494646,0.3739436321619314,0.1686470180030537,0.315849937735017,None,3,,,500,0.0,0.0,0.0,0.0,10.959184788971553,,,
R4,Trending_MeanShift,0.9999079274719833,0.9996301583905249,0.9999260117118421,0.9997020553765924,0.19559455458304753,None,250,,,500,,,0.0,0.0,1.2874820051375573,,250.0,
R1,Composite,0.9977460578677195,0.9857965402793984,0.999437118382446,0.9964474204824487,0.7518965697077427,12,12,12.0,24.0,500,-0.2594493139447282,-3.987821284602055e-05,22.65164228950441,4.161917313710157,1.2623630322000272,,,
R2,Seasonal,0.7202199875552949,0.9144425154710636,0.9024437904378059,0.9910105738972587,0.9030515159313299,12,12,12.0,24.0,500,0.0,0.0,17.776725241650766,9.964985363853593,1.6739174105331354,,,
R3,Stationary_WN,0.09599056318944044,0.1987332666038354,0.18997902444281456,0.2860332366704602,0.3006602824634498,None,8,,,500,0.0,0.0,0.0,0.0,8.804399197742363,,,
R4,Trending_MeanShift,0.9998860575004166,0.9995456235833494,0.9983004885175601,0.9930245852574177,0.0,None,250,,,500,,,0.0,0.0,1.2843919469773144,,250.0,
R1,Composite,0.9986240484067271,0.9729437245067174,0.9997929643282503,0.9958437379976326,0.84970925619982,36,36,36.0,72.0,500,-0.18448209682204425,-2.3536302756636418e-05,8.992246500985985,2.4727273651093995,0.615553429672602,,,
R2,Seasonal,0.6938927200005016,0.8934695244264744,0.9281976266500882,0.9935420917848684,0.9449815968013612,36,36,36.0,72.0,500,0.0,0.0,17.89980820492113,11.116921406174882,1.5833855618272783,,,
R3,Stationary_AR,0.03913043062598087,0.25225648312202187,0.03349682546222199,0.5383587319423146,0.612875993115279,None,62,,,500,0.0,0.0,0.0,0.0,5.0,0.468093581305493,,
R4,Trending_ExponentialGrowth,0.998108328205632,0.25843243526180426,0.9987465742822693,0.36873122474057984,0.3314045873018616,None,24,,,500,,,0.0,0.0,1.4386651837246571,,,
R1,Composite,0.9956108310903705,0.8714484531861506,0.9995915339711224,0.986552156446428,0.9077068660550088,36,36,36.0,72.0,500,-0.2989952071111832,3.104265453399951e-05,10.05784531615107,6.932135497603153,1.2843758930632463,,,
R2,Seasonal,0.6127626227156528,0.8893087335747824,0.7004778704589042,0.9764164462467255,0.8060509315740648,36,36,36.0,72.0,500,0.0,0.0,11.67458077951482,6.652159785295699,1.8567686020271132,,,
R3,Stationary_WN,0.10729599358961184,0.22187223890162433,0.3174369992491469,0.32413456061352064,0.30676597688724305,None,4,,,500,0.0,0.0,0.0,0.0,10.063171123407844,,,
R4,Trending_MeanShift,0.9999605925835499,0.999842680039731,0.9996395153393932,0.998516179024098,0.0,None,250,,,500,,,0.0,0.0,0.6626492297315761,,250.0,
R1,Composite,0.9969476211059508,0.9885710882090627,0.99962380239309,0.99858910284242,0.8775992766747608,36,36,36.0,72.0,500,0.23443313137712127,-1.8524383633512962e-05,23.61535715831228,4.05392313538964,0.9504725623995487,,,
R2,Seasonal,0.699563089660242,0.9578264740807069,0.9289031592565016,0.9974521134744099,0.9420404557808338,36,36,36.0,72.0,500,0.0,0.0,28.95599176862224,10.900018091381803,1.6769452105018936,,,
R3,Stationary_AR,0.11113403794154986,0.28256284818877553,0.25879403783794563,0.5821565332350748,0.6808360427429145,None,36,,,500,0.0,0.0,0.0,0.0,5.0,0.6239130475906334,,
R4,Trending_ExponentialGrowth,0.9806732506460327,0.23447472084277565,0.9854841654632943,0.28737566953434224,0.2728982182789186,None,24,,,500,,,0.0,0.0,0.8967273124537091,,,
R1,Composite,0.9965281608268769,0.9388071950975816,0.9995052356858838,0.991029938570777,0.8589376140963938,12,12,12.0,24.0,500,0.2792514755266396,-1.7134256670842308e-05,12.844969893627297,5.694007919922006,1.3499734548059554,,,
R2,Seasonal,0.6967499358525079,0.9559793881198453,0.8360245953188434,0.993160539169386,0.8486767303605846,12,12,12.0,24.0,500,0.0,0.0,23.803059524311628,8.77186918498327,1.9831440417265518,,,
R3,Stationary_WN,0.28422010551069976,0.1371185649919,0.5063898638069437,0.16523976238651195,0.1763674865132805,None,2,,,500,0.0,0.0,0.0,0.0,12.35035023400722,,,
R4,Trending_MeanShift,0.9999735228225002,0.9998945210324148,0.9999780635448874,0.9999125713238212,0.17170390110060507,None,250,,,500,,,0.0,0.0,0.501461991697846,,250.0,
R1,Composite,0.9859709646331238,0.9306101862814656,0.9951229885163035,0.972552809186178,0.6631134315203691,48,50,48.0,96.0,500,0.10332377238837552,-1.0770874634376374e-05,8.866901358637433,2.016525802573013,1.4010593093013162,,,
R2,Seasonal,0.6366705717303346,0.8670357240886353,0.8684966303409354,0.9842322587611344,0.9030755502890435,48,50,48.0,96.0,500,0.0,0.0,12.939916243188872,8.504984845615565,1.7846258844177616,,,
R3,Stationary_WN,0.08787709687361656,0.11270919248305433,0.49144916618059364,0.17390439870802932,0.30427757225580654,None,3,,,500,0.0,0.0,0.0,0.0,10.404862598290183,,,
R4,Trending_ExponentialGrowth,0.9970043007984453,0.29785974726357056,0.9979392779582559,0.41718417640351557,0.3097194672681405,None,24,,,500,,,0.0,0.0,0.6780003575517296,,,
R1,Composite,0.9985336269710796,0.9819994578861652,0.9998698079110111,0.9984035861710073,0.911735533201148,24,24,24.0,48.0,500,0.3196267734375897,3.9707822366996465e-05,19.560707267858028,4.5466452178464385,0.7450519019090731,,,
R2,Seasonal,0.6035577653160787,0.9838418318775625,0.6523270675963602,0.9961730945587303,0.7642952235720304,24,24,24.0,48.0,500,0.0,0.0,22.69097956366432,4.175472591366487,1.3995099926818546,,,
R3,Stationary_AR,0.161818825773002,0.16432777359035478,0.3595363062859207,0.4917754141088071,0.6985188047351947,None,29,,,500,0.0,0.0,0.0,0.0,5.0,0.5604757297836702,,
R4,Trending_RandomWalkDrift,0.9675177223266496,0.08783398864832936,0.9963853539138844,0.6333771055317599,0.8980172718304923,None,24,,,500,,,0.0,0.0,0.5825391791072487,,,-0.1262011178271743
R1,Composite,0.9981444095485493,0.9817880155212704,0.9996593262917446,0.9963772076334207,0.8163585186341566,48,50,48.0,96.0,500,-0.32347616911236066,3.833366329001732e-05,19.47105212974339,2.737193930393815,0.9217891180184767,,,
R2,Seasonal,0.6615123339035819,0.8765814872717442,0.9416620728281313,0.9931636794755343,0.9537841840557836,48,50,48.0,96.0,500,0.0,0.0,17.66212662469396,11.408315553867105,1.5755295558350022,,,
R3,Stationary_AR,0.00582777387993505,0.258703262100189,0.01290537137787584,0.6601270058240087,0.6145155494159259,None,125,,,500,0.0,0.0,0.0,0.0,5.0,0.47768604146651256,,
R4,Trending_MeanShift,0.9998237025042022,0.9993006979260486,0.9996462319855992,0.9985661878961134,0.0,None,250,,,500,,,0.0,0.0,1.347591432774665,,250.0,
R1,Composite,0.9988971532781022,0.9582549030735628,0.9997640242017504,0.9910911571602247,0.7870868401116268,24,24,24.0,48.0,500,0.28790358939622573,1.093880718673424e-05,9.426832312497403,3.1492013664460083,0.9339865156423149,,,
R2,Seasonal,0.6814617814478796,0.886594041612755,0.8962736027312198,0.9908720604340603,0.9261201651216158,24,24,24.0,48.0,500,0.0,0.0,10.402501075173802,6.66987918579904,1.0507872309367658,,,
R3,Stationary_WN,0.1564405661179411,0.1433898239439454,0.48108873989304735,0.19296363426923857,0.2635958206021809,None,2,,,500,0.0,0.0,0.0,0.0,9.86932320474973,,,
R4,Trending_ExponentialGrowth,0.9943856212181397,0.12731173620848113,0.9961677243456384,0.25839570054699224,0.30545921114912467,None,24,,,500,,,0.0,0.0,0.7919614033879534,,,
R1,Composite,0.9886278878022493,0.9648308220142439,0.9993024078641393,0.9976427727685223,0.9400903928533457,48,50,48.0,96.0,500,-0.16091877260893694,-2.0219635429143755e-05,19.40481681215469,5.877326310652218,0.9002387158736671,,,
R2,Seasonal,0.6051707508619106,0.9742277825416681,0.8746636097999867,0.9977013136866816,0.9185973040759319,48,50,48.0,96.0,500,0.0,0.0,27.537136382544453,6.9419986807728895,1.326471798544108,,,
R3,Stationary_AR,0.23468153627594024,0.2091049268482955,0.31831781379971325,0.34420473550427344,0.4406574582655671,None,9,,,500,0.0,0.0,0.0,0.0,5.0,0.413792580574684,,
R4,Trending_RandomWalkDrift,0.9996133608705592,0.9808391719108135,0.9987835907737663,0.9490967512732015,0.0,None,250,,,500,,,0.0,0.0,0.9546816677550077,,,0.26732194549867194
R1,Composite,0.99456106582962,0.9433554649105699,0.9991199196337411,0.9906084812665472,0.8413163007092352,12,12,12.0,24.0,500,0.12753884753374325,4.7580265990132516e-05,9.252026509406999,4.0459986066377684,0.8693459550369834,,,
R2,Seasonal,0.7314583827199005,0.9781840959012842,0.9235969703502667,0.9982193592708394,0.9198152030041937,12,12,12.0,24.0,500,0.0,0.0,24.897562243534992,6.9759343609165905,1.1076499869348786,,,
R3,Stationary_WN,0.17395026329209706,0.10844399720079612,0.5011264607692987,0.1599521224860978,0.3354599125660649,None,2,,,500,0.0,0.0,0.0,0.0,8.343479757655057,,,
R4,Trending_ExponentialGrowth,0.99887428311783,0.157590681001606,0.9992467640263811,0.30640347377251254,0.3250103856946962,None,24,,,500,,,0.0,0.0,1.0469049612823587,,,
R1,Composite,0.9986420032469128,0.9528893806356148,0.9995090489713567,0.9824599808163785,0.6374356336477027,12,12,12.0,24.0,500,-0.34273022123658425,3.8261225118287074e-05,10.982795276015299,2.9426455261807005,1.3844018995695468,,,
R2,Seasonal,0.736031281287463,0.9851729104888631,0.9389997504591471,0.9990454301927583,0.9365633509080902,12,12,12.0,24.0,500,0.0,0.0,25.361223418594015,6.004017560194681,0.8404418973833835,,,
R3,Stationary_WN,0.0,0.3059379969921049,0.022837850247538594,0.544873474141231,0.3589572395720514,None,125,,,500,0.0,0.0,0.0,0.0,12.950564154168024,,,
R4,Trending_MeanShift,0.9999065214814783,0.999628794623204,0.9998992727979223,0.9995943106000419,0.0,None,250,,,500,,,0.0,0.0,1.0216654551814925,,250.0,
R1,Composite,0.9910945672641297,0.9478037710753722,0.9990943071058366,0.9945926363393058,0.9003810310320552,12,12,12.0,24.0,500,-0.11324509717605241,-4.4102690814262435e-05,11.294106229621974,4.88018984103474,0.8280713276011327,,,
R2,Seasonal,0.7068304548788347,0.8947129438098337,0.8793275196267649,0.9870270575983425,0.8881320466927574,12,12,12.0,24.0,500,0.0,0.0,14.391514073913065,8.818058601086491,1.8328461930104394,,,
R3,Stationary_AR,0.10277329271999702,0.18452288835010033,0.2297201402735789,0.5455657165019867,0.7216002273759059,None,26,,,500,0.0,0.0,0.0,0.0,5.0,0.6487936859432882,,
R4,Trending_ExponentialGrowth,0.9983598896288388,0.30248450893095025,0.9988849408373952,0.43048158812548176,0.3179727213674455,None,24,,,500,,,0.0,0.0,1.3944771300815386,,,
R1,Composite,0.9949421635455544,0.970508856670923,0.9998400156139121,0.9989829449480839,0.9686772231735168,48,50,48.0,96.0,500,0.26221771507091574,-4.843605669612269e-05,20.172157866495784,5.735038368577223,0.6004041674598655,,,
R2,Seasonal,0.660965258542332,0.8843455424113712,0.9307401651588213,0.9927402815448119,0.9476765256501358,48,50,48.0,96.0,500,0.0,0.0,14.310454562175634,8.917853673875399,1.2599305003871453,,,
R3,Stationary_AR,0.009460845508418192,0.7468217569434465,0.013279108624013714,0.8718256012146433,0.43833530676044175,None,250,,,500,0.0,0.0,0.0,0.0,5.0,0.6414968945564299,,
R4,Trending_ExponentialGrowth,0.996428364557876,0.25140616537631577,0.9972802943425932,0.3668830047900251,0.23146711291668076,None,24,,,500,,,0.0,0.0,1.3681249996986948,,,
R1,Composite,0.990195617365453,0.9900785971238532,0.9993470371846743,0.9993493261203182,0.9346600144713874,24,24,24.0,48.0,500,-0.11820131221006044,4.1846203146048654e-05,19.727871742031176,3.592087279640924,0.5265429748333652,,,
R2,Seasonal,0.7006780423691623,0.9465578006644996,0.9605091604604399,0.9983262116644069,0.9699354371382364,24,24,24.0,48.0,500,0.0,0.0,16.669833846019728,7.30842969998386,0.704126403798736,,,
R3,Stationary_AR,0.0013423682440703022,0.8663098643826794,0.0,0.31113898039464916,0.0,None,250,,,500,0.0,0.0,0.0,0.0,5.0,0.5019048838354765,,
R4,Trending_ExponentialGrowth,0.9994006574740948,0.16870493875200654,0.9996370081865588,0.36969639847365177,0.3892290775384658,None,24,,,500,,,0.0,0.0,0.9531299988587623,,,
R1,Composite,0.9992773952944589,0.9864152245450696,0.9997172955958852,0.9947721206216985,0.6099947029566322,24,24,24.0,48.0,500,-0.3941870471704506,-4.685331202385108e-05,19.316449574003997,2.250773619538068,1.3903114315746952,,,
R2,Seasonal,0.6224980624165054,0.9511020308648426,0.7077392881010014,0.9896822471197607,0.7943031349163294,24,24,24.0,48.0,500,0.0,0.0,15.202739515437543,5.410781949639291,1.8485513241443603,,,
R3,Stationary_WN,0.19045888387490484,0.17030566730119145,0.4455927163370732,0.26688407806012315,0.3759407824787462,None,3,,,500,0.0,0.0,0.0,0.0,9.406661276601922,,,
R4,Trending_ExponentialGrowth,0.9988102665358011,0.19652790234968331,0.9992553588737736,0.3681987517540445,0.36784688505093266,None,24,,,500,,,0.0,0.0,1.151812325279412,,,
R1,Composite,0.9957229360926334,0.9823417233023025,0.9993265984938399,0.9972216136934324,0.8445589305160011,12,12,12.0,24.0,500,0.14839491359949236,-2.1705593078314158e-05,13.737841297051123,3.2846457774980458,0.7689398310629834,,,
R2,Seasonal,0.7534532250009796,0.9327089397088263,0.9894385854899658,0.9991680845291843,0.9883651839481955,12,12,12.0,24.0,500,0.0,0.0,20.01303156035039,10.783388558550278,0.6351378413312085,,,
R3,Stationary_AR,0.02116042228928272,0.24535455914006854,0.050821202855524494,0.576815586167949,0.650936677675255,None,71,,,500,0.0,0.0,0.0,0.0,5.0,0.4847481083107237,,
R4,Trending_MeanShift,0.9998764155027785,0.9995106130684599,0.9884962269273899,0.9487505681560068,0.0,None,250,,,500,,,0.0,0.0,1.4902935640213641,,250.0,
R1,Composite,0.9980476617035386,0.989636498585302,0.999773713320038,0.99879315895101,0.884606362216156,36,36,36.0,72.0,500,0.2605211050426457,-1.6033504692701067e-05,22.287152238380198,3.922920825646328,0.8672073175456003,,,
R2,Seasonal,0.6884983411523469,0.9651029825978521,0.9045419973904099,0.9973458535911505,0.9263667810874245,36,36,36.0,72.0,500,0.0,0.0,22.8987060944022,7.887619401798152,1.3044398390542005,,,
R3,Stationary_WN,0.024874779140441228,0.19157145017646193,0.04841434563433833,0.36902316838957405,0.40668931337035763,None,50,,,500,0.0,0.0,0.0,0.0,9.25716408332477,,,
R4,Trending_ExponentialGrowth,0.9989466464158397,0.22389093314795216,0.9993486133396402,0.37227737825425644,0.37833745742394886,None,24,,,500,,,0.0,0.0,1.1725931417837812,,,
R1,Composite,0.9953027134328889,0.974276388245807,0.9993823468681371,0.99653944720644,0.8692917594264343,36,36,36.0,72.0,500,-0.13530744107372508,2.2117505617129333e-05,10.798813763568678,2.9462098600249584,0.7344851505607631,,,
R2,Seasonal,0.5104801145540494,0.9220202690535727,0.47938377708701296,0.9777461636987789,0.7292391720094862,36,36,36.0,72.0,500,0.0,0.0,12.788514410139388,4.738699425263335,1.8720760042376736,,,
R3,Stationary_AR,0.13776461137659568,0.23518387302155408,0.24888376359415898,0.5035424965438108,0.6716380909422985,None,26,,,500,0.0,0.0,0.0,0.0,5.0,0.5711867213041736,,
R4,Trending_RandomWalkDrift,0.9797200842199928,0.052952962485834254,0.9970596528145584,0.5014357759375401,0.8582188351688149,None,24,,,500,,,0.0,0.0,1.280390478368247,,,-0.1221080944834304
R1,Composite,0.9993687622506561,0.9766463158010468,0.9999071714762763,0.9961362610293337,0.852909447936244,48,50,48.0,96.0,500,0.35854533656766385,2.1886020596771156e-05,12.284378981642371,2.1718829600875695,0.6258220100710803,,,
R2,Seasonal,0.6349942876076036,0.9547586804510055,0.9440064767620184,0.998019178282423,0.960927430889718,48,50,48.0,96.0,500,0.0,0.0,28.729776747755217,10.15624645872775,1.5958453892095403,,,
R3,Stationary_AR,0.2888541393135645,0.3945771748843996,0.3542422767554909,0.5551048522322434,0.5336286123087283,None,19,,,500,0.0,0.0,0.0,0.0,5.0,0.47368835733118725,,
R4,Trending_ExponentialGrowth,0.9982510626057535,0.3172304074538692,0.9988004563160424,0.4202187864233331,0.306209624442219,None,24,,,500,,,0.0,0.0,1.4673657272235565,,,
R1,Composite,0.9965040308073935,0.8729922586588252,0.9995013979240314,0.9786355820653552,0.8581831221599282,48,50,48.0,96.0,500,0.26666722611259297,1.1183354018990085e-05,8.800347354381564,4.887497038339774,1.2833263185106207,,,
R2,Seasonal,0.020483320061590704,0.9757512042643239,0.05559502482784817,0.9933525481620392,0.7467167804445347,48,100,48.0,96.0,500,0.0,0.0,14.044127541474168,10.93470591305508,1.614087375872271,,,
R3,Stationary_WN,0.20479754069739897,0.11369307591004818,0.49608052128281876,0.18193912600291284,0.3546463048848898,None,2,,,500,0.0,0.0,0.0,0.0,8.472502271886537,,,
R4,Trending_MeanShift,0.9999433697392193,0.9997738904211069,0.9999655860553204,0.9998625523247598,0.39243660103400524,None,250,,,500,,,0.0,0.0,1.105710571130865,,250.0,
R1,Composite,0.9992481557428671,0.9851753948020981,0.9997579245553412,0.9951975852699946,0.6788274546578319,12,12,12.0,24.0,500,0.3824336125264164,-3.4608844703361204e-05,16.60130684436378,2.8232104167599785,1.2418286458240222,,,
R2,Seasonal,0.7188931567722376,0.9523580175309834,0.9000125950741338,0.9950913364745385,0.9010119564008224,12,12,12.0,24.0,500,0.0,0.0,15.964101369302107,6.536249407767674,1.1198063271305436,,,
R3,Stationary_AR,0.14720386469292446,0.22264153152135524,0.2766815185094196,0.49055135939097183,0.5640765792921801,None,16,,,500,0.0,0.0,0.0,0.0,5.0,0.4983921860193754,,
R4,Trending_MeanShift,0.9999684836080878,0.9998733070044605,0.9999380198038312,0.9997487951869811,0.0,None,250,,,500,,,0.0,0.0,0.6116936549524874,,250.0,
R1,Composite,0.9721857613285524,0.9606352813782184,0.999117446894201,0.9987933969850206,0.9704346822988921,36,36,36.0,72.0,500,-0.11353187758053024,4.865658336766149e-05,16.040217264705667,6.120500879444359,0.5622519107501995,,,
R2,Seasonal,0.6592431928986247,0.9804579584854183,0.8400772901119429,0.9976879674449375,0.88449428129272,36,36,36.0,72.0,500,0.0,0.0,27.29957894795762,6.556934829838213,1.3444162782534899,,,
R3,Stationary_AR,0.27718527806423465,0.26876505916808857,0.39051780332200103,0.4836586436734195,0.5618900964787676,None,16,,,500,0.0,0.0,0.0,0.0,5.0,0.6363239036742263,,
R4,Trending_ExponentialGrowth,0.9916418769407424,0.26188265855039394,0.9941216773910528,0.34492886892386865,0.29269639774002754,None,24,,,500,,,0.0,0.0,0.8511884054468396,,,
R1,Composite,0.9793793576721932,0.9147795983724903,0.9972434568467378,0.9886084503202589,0.8740540939357104,12,12,12.0,24.0,500,0.14472976604472523,-4.400854642074559e-05,12.194178765189719,6.6255697490313725,1.3498838390188124,,,
R2,Seasonal,0.7020013221609609,0.971485274075813,0.8415262832415786,0.9955591542980359,0.8456572228513235,12,12,12.0,24.0,500,0.0,0.0,22.57586037368319,6.7898522474854754,1.6441757191258801,,,
R3,Stationary_WN,0.19356730232547015,0.1195344097194585,0.4844672288385301,0.14877950110025395,0.1997165807500083,None,2,,,500,0.0,0.0,0.0,0.0,10.104131680528747,,,
R4,Trending_MeanShift,0.999941142535058,0.9997649101327357,0.9995964272935958,0.9984494413247734,0.0,None,250,,,500,,,0.0,0.0,1.2748270132783472,,250.0,
R1,Composite,0.9914324807776587,0.9480895869204176,0.9990217386383858,0.9934076455205785,0.8874943894255645,48,50,48.0,96.0,500,0.19268521051642384,-2.47200256204008e-05,14.811280431269198,5.427749699791084,1.1902206212206305,,,
R2,Seasonal,0.6699563315060371,0.8481764306036822,0.963317345727583,0.9944755263754691,0.9709212126461184,48,50,48.0,96.0,500,0.0,0.0,10.839293607722967,7.918602175219867,0.7680470925721457,,,
R3,Stationary_AR,0.18882466639720463,0.23465432402392117,0.46317217529429267,0.6069882062737673,0.7716653963002769,None,31,,,500,0.0,0.0,0.0,0.0,5.0,0.6706843792660002,,
R4,Trending_MeanShift,0.9999510389323041,0.9998039488192375,0.9999460273637333,0.9997851311890167,0.0,None,250,,,500,,,0.0,0.0,1.22694656819896,,250.0,
R1,Composite,0.9974682353081104,0.900173433619351,0.9998533397847731,0.9937618561810535,0.9425867877800285,24,24,24.0,48.0,500,0.2668742472227683,3.92583536141747e-05,8.706901151990298,5.217006183468511,0.7508668024063898,,,
R2,Seasonal,0.70453645552638,0.9427562262446865,0.9634036142275261,0.9982936478207186,0.9713638241170345,24,24,24.0,48.0,500,0.0,0.0,15.016353624576048,6.870925199889654,0.6683342687581033,,,
R3,Stationary_AR,0.27750757803020887,0.23381527102700417,0.3437085876915247,0.3575293613037376,0.4535166659649701,None,11,,,500,0.0,0.0,0.0,0.0,5.0,0.4913972801230055,,
R4,Trending_RandomWalkDrift,0.9962966560326005,0.30800624483590044,0.9993954267118277,0.7103509610115326,0.8376509360572949,None,24,,,500,,,0.0,0.0,0.9948514509505902,,,0.16027541948497298
R1,Composite,0.9852651111048005,0.9795551117251606,0.9967918060999487,0.9956040905471569,0.788075630157455,12,12,12.0,24.0,500,-0.13068620487467963,3.073544185821207e-05,20.258245107312128,4.760524826256855,1.3071412535539482,,,
R2,Seasonal,0.7379507865153228,0.9826721355904486,0.9464649229961731,0.9990041160438531,0.9434103602758842,12,12,12.0,24.0,500,0.0,0.0,22.385933303808258,5.781124443141325,0.7670557813289627,,,
R3,Stationary_AR,0.12899241129280337,0.2170191151624018,0.1443112487884748,0.47390334602555617,0.6172107227934047,None,22,,,500,0.0,0.0,0.0,0.0,5.0,0.5312089458280856,,
R4,Trending_MeanShift,0.9999056316249162,0.9996210465590879,0.9998608758434105,0.9994473815660347,0.0,None,250,,,500,,,0.0,0.0,0.7091358147293009,,250.0,
R1,Composite,0.9985903822135836,0.9688090139492584,0.9999085745298969,0.997767175087255,0.9353140507136601,48,50,48.0,96.0,500,-0.33784654425558713,1.659002756164482e-05,13.915264356302469,3.7898324534667216,0.6564085612127111,,,
R2,Seasonal,0.6654800584012641,0.9428783332325402,0.9725508745505493,0.9986440127932115,0.9789955285720315,48,50,48.0,96.0,500,0.0,0.0,21.319435624373682,9.006243319024234,0.8403575357994444,,,
R3,Stationary_AR,0.277170102636736,0.31094838294396654,0.4013594809976533,0.49785673479364134,0.6046989639064252,None,21,,,500,0.0,0.0,0.0,0.0,5.0,0.6224040601733172,,
R4,Trending_RandomWalkDrift,0.9978485652696382,0.18310447872035962,0.999702891758031,0.6575078919610506,0.8625978029714672,None,24,,,500,,,0.0,0.0,0.5317123130161302,,,0.4443953530246796
R1,Composite,0.9961421100572972,0.973809823196303,0.9995225160741245,0.9967298166019167,0.8770451243541817,24,24,24.0,48.0,500,-0.30263885630756815,1.6250150146270893e-05,22.658976673264736,6.399070540767299,1.3409237999381614,,,
R2,Seasonal,0.6977537358558379,0.9848951066916739,0.9520583197817326,0.9994469064058126,0.963635090656004,24,24,24.0,48.0,500,0.0,0.0,25.191549355881133,5.652459909061881,0.6237468636625476,,,
R3,Stationary_AR,0.04014852184890971,0.363496400515275,0.18396333435129875,0.8086882943096992,0.7341464360824963,None,125,,,500,0.0,0.0,0.0,0.0,5.0,0.6538825262799788,,
R4,Trending_RandomWalkDrift,0.9899677636058088,0.6848054325408415,0.8385062413221902,0.0,0.0,None,250,,,500,,,0.0,0.0,0.9655628410804554,,,-0.4534878789236316
R1,Composite,0.9966201695527287,0.9758450132501691,0.9998197105175582,0.9987048130767514,0.9472668622516918,12,12,12.0,24.0,500,0.24554088363751167,-1.8816306175838068e-05,17.822292637881667,5.514099078114487,0.7091306785161626,,,
R2,Seasonal,0.7513571540286512,0.9780406648921871,0.9831547821994069,0.9995854486305853,0.9814714630927504,12,12,12.0,24.0,500,0.0,0.0,26.285233384637536,7.793559840993746,0.5826134182940497,,,
R3,Stationary_AR,0.2887956714808789,0.30037800913252155,0.4133452166197785,0.5771214365285988,0.6298834953374071,None,11,,,500,0.0,0.0,0.0,0.0,5.0,0.6611709010877254,,
R4,Trending_RandomWalkDrift,0.9966608410435307,0.14976393286390643,0.9996955208346917,0.6550037510276918,0.9095712515990327,None,24,,,500,,,0.0,0.0,1.0166858505364718,,,0.24126977669817076
R1,Composite,0.9869127736916469,0.8979505509816303,0.9983062781229971,0.9861497532853397,0.8756490464958916,12,12,12.0,24.0,500,0.13789603530926012,-3.8933460892850856e-05,8.329613753081647,5.048056597969291,1.0312798638749414,,,
R2,Seasonal,0.7114010374193254,0.9289451453151423,0.862185028464342,0.9894395714171799,0.860016945499088,12,12,12.0,24.0,500,0.0,0.0,10.428017312819737,5.235422515510161,1.1266447971225961,,,
R3,Stationary_WN,0.03569487527578297,0.2074574820417382,0.07947275748340676,0.4522516365602923,0.47691918404834743,None,28,,,500,0.0,0.0,0.0,0.0,11.296760094262492,,,
R4,Trending_RandomWalkDrift,0.9983938761863896,0.1299026808452377,0.9997936069006301,0.7026216722258825,0.8738543670575056,None,24,,,500,,,0.0,0.0,1.4120561755098062,,,0.4859450610180358
R1,Composite,0.9877420546793708,0.9519429781420972,0.9986331746354189,0.9941008374539001,0.8908850506643495,48,50,48.0,96.0,500,0.18241856652743202,2.353747419546219e-05,20.012033153363543,6.987896091323527,1.3574730031692057,,,
R2,Seasonal,0.6686498109161163,0.9206992621451181,0.97434294798013,0.9981276167175528,0.9796721734157804,48,50,48.0,96.0,500,0.0,0.0,21.63730685944603,10.915367337890338,0.9256632358074579,,,
R3,Stationary_WN,0.20058909385281698,0.14474089995710548,0.5342803834878871,0.18299642756218992,0.22835635501887253,None,2,,,500,0.0,0.0,0.0,0.0,5.5182012410371515,,,
R4,Trending_RandomWalkDrift,0.9954459598212684,0.13503947102833547,0.9992254950916023,0.6230767081745794,0.8324984282277073,None,24,,,500,,,0.0,0.0,1.2503523531608098,,,-0.39048221830327856
R1,Composite,0.9977747875765612,0.976655676629047,0.999941851904204,0.9993347484040688,0.9739965536647573,48,50,48.0,96.0,500,0.3583055984703528,3.924598248467362e-05,23.66971334739147,5.785707252755273,0.6685087482986302,,,
R2,Seasonal,0.6680286905379601,0.9319982154809767,0.9799649620685538,0.9987978194658933,0.984514042673676,48,50,48.0,96.0,500,0.0,0.0,22.237975904714098,10.428351445982596,0.8056532674067622,,,
R3,Stationary_WN,0.1028655705775321,0.16972557918098463,0.2900733427130704,0.2795269714537295,0.2738361207799741,None,5,,,500,0.0,0.0,0.0,0.0,8.156493272568575,,,
R4,Trending_ExponentialGrowth,0.9993841044715878,0.28335134772325854,0.9996300987092759,0.4150121975604395,0.3964253703597105,None,24,,,500,,,0.0,0.0,0.7559921075026049,,,
R1,Composite,0.9951369344307542,0.9629497236827439,0.999744330145004,0.9980030289688453,0.948174875840619,36,36,36.0,72.0,500,0.29416503772193203,1.1249630455144645e-05,21.823044203541293,7.888047506582576,0.9295131999347637,,,
R2,Seasonal,0.7169782047793918,0.9780099450320383,0.979226054203522,0.9996112314188398,0.9827185747794392,36,36,36.0,72.0,500,0.0,0.0,28.733626315550758,8.167302234149941,0.5537415015972466,,,
R3,Stationary_WN,0.1642747630136,0.2230047983842145,0.26179736882545346,0.29659810423434396,0.23752892743280096,None,6,,,500,0.0,0.0,0.0,0.0,7.730913045129321,,,
R4,Trending_ExponentialGrowth,0.9925638114968126,0.254985335920918,0.9952538412346943,0.3645952725399434,0.36439834705101615,None,24,,,500,,,0.0,0.0,0.8478537788109878,,,
R1,Composite,0.998281138850566,0.9787236273659407,0.9999492426160966,0.999362891416127,0.9706478566537627,36,36,36.0,72.0,500,0.3371923743449213,2.4506369256849942e-05,20.095652249604548,5.513256914746273,0.5692047758722002,,,
R2,Seasonal,0.7105464649481377,0.9382444100637228,0.960483974097303,0.9978539554290327,0.9673891656901298,36,36,36.0,72.0,500,0.0,0.0,19.15257271981514,9.211555003787003,0.9653116846756618,,,
R3,Stationary_AR,0.0,0.760922660004662,0.002335086095662242,0.6608965705009608,0.0,None,250,,,500,0.0,0.0,0.0,0.0,5.0,0.552733628179197,,
R4,Trending_RandomWalkDrift,0.9044515454728842,0.15323064047497092,0.9752067465347525,0.45501644995067225,0.7752648404346366,None,24,,,500,,,0.0,0.0,1.4115520165127904,,,-0.10346844008150807
R1,Composite,0.9902842131482179,0.9677261671493596,0.9991531657677813,0.9971854316275037,0.9150441342489442,36,36,36.0,72.0,500,0.22534713987172475,-4.1042329283477985e-05,22.723920739387243,7.38273793460671,1.2262636090211676,,,
R2,Seasonal,0.5531499650522974,0.9702914611640955,0.5555001835825878,0.9920222906169599,0.7372908942626429,36,36,36.0,72.0,500,0.0,0.0,21.948553752799846,5.229651441582293,1.964904674427711,,,
R3,Stationary_WN,0.2509349884995238,0.03474549224113255,0.5344306098508622,0.0523775109582334,0.27915168283809144,None,2,,,500,0.0,0.0,0.0,0.0,13.175232889418469,,,
R4,Trending_MeanShift,0.9998998521225684,0.9996024384753388,0.999876718640347,0.9995173460965735,0.0,None,250,,,500,,,0.0,0.0,0.9181522155942772,,250.0,
R1,Composite,0.9967349598598937,0.8723286937248905,0.9998576507081481,0.9937710779574436,0.9569155123765201,12,12,12.0,24.0,500,0.2909737055775399,4.618284297201236e-05,9.564596264372183,7.099583577240844,0.8109384512503215,,,
R2,Seasonal,0.7249061314778409,0.9509335597515879,0.9064830913930559,0.9949704721963711,0.9015507940629482,12,12,12.0,24.0,500,0.0,0.0,14.417754457710519,6.199108843382372,1.1063205455559966,,,
R3,Stationary_WN,0.10573880456680429,0.2278208400039058,0.20854333514658085,0.343140747714734,0.2756896923531399,None,7,,,500,0.0,0.0,0.0,0.0,14.558276952554756,,,
R4,Trending_ExponentialGrowth,0.9965677443218794,0.24410185747402724,0.9978075523476367,0.3516033164708967,0.3525955704444145,None,24,,,500,,,0.0,0.0,1.1393489786743969,,,
R1,Composite,0.9966819243337152,0.9581628119369703,0.9999351748057306,0.9990967646250284,0.9806101626531973,48,50,48.0,96.0,500,-0.30915350765346816,-1.9929466655747083e-05,17.79602123570786,6.171500600356992,0.5583157724493415,,,
R2,Seasonal,0.6694820430359076,0.8956552566782582,0.9536562173124056,0.9954619805884437,0.9632205919805394,48,50,48.0,96.0,500,0.0,0.0,16.608056608409957,9.647919126610557,1.111671052580273,,,
R3,Stationary_AR,0.08038109765591395,0.3291114715756446,0.11905748173755626,0.7802536580065462,0.7780245101239829,None,100,,,500,0.0,0.0,0.0,0.0,5.0,0.6774659990847659,,
R4,Trending_MeanShift,0.9999375359891647,0.9997507536943911,0.9993577983715796,0.997571822295724,0.0,None,250,,,500,,,0.0,0.0,0.8453341434205833,,250.0,
R1,Composite,0.9971361215178545,0.9793896718773534,0.999788220879536,0.9984569283574751,0.9264779754733703,12,12,12.0,24.0,500,-0.25305505076777024,4.066568685513707e-05,17.648987051099112,4.894112207909753,0.7245718344449659,,,
R2,Seasonal,0.7456214101975718,0.9230599318394324,0.9569773391940422,0.9959743001822824,0.9514537958800179,12,12,12.0,24.0,500,0.0,0.0,12.753490515511896,7.226161704351755,0.7038587322677823,,,
R3,Stationary_AR,0.08936712483604337,0.3411093744526015,0.1736711349310125,0.5769905974653953,0.5663097103049608,None,42,,,500,0.0,0.0,0.0,0.0,5.0,0.5423308992984428,,
R4,Trending_ExponentialGrowth,0.9986480778136446,0.26318553617409324,0.9991122623023415,0.38920593579601714,0.3388566770183524,None,24,,,500,,,0.0,0.0,0.8732035070712908,,,
R1,Composite,0.9819098956540994,0.9446356218314008,0.9974266381940275,0.9914152785070397,0.8622624151975795,48,50,48.0,96.0,500,0.12142008576090543,-1.4784408814787198e-05,13.328482370436472,5.1158945499189405,1.1613982693655154,,,
R2,Seasonal,0.6578004625205567,0.9525529724822382,0.9825803389875382,0.9993256178771633,0.9873369871883155,48,50,48.0,96.0,500,0.0,0.0,26.02775931801564,9.928830899920928,0.6248548361151676,,,
R3,Stationary_AR,0.1848353738050793,0.3185399746582367,0.22520101458075026,0.446963865699871,0.44594839190594937,None,20,,,500,0.0,0.0,0.0,0.0,5.0,0.5812067312502073,,
R4,Trending_ExponentialGrowth,0.9991246008416214,0.19593815793986247,0.9994125209630765,0.3437653592626878,0.3234743696591861,None,24,,,500,,,0.0,0.0,0.984029712220814,,,
R1,Composite,0.9949769501823432,0.991030727661661,0.9983176610998219,0.9970342339731926,0.6668494260924274,24,24,24.0,48.0,500,-0.1512274688749039,4.805045521610565e-05,19.32245391666489,2.349462161327817,0.9716984004428619,,,
R2,Seasonal,0.6734606715257654,0.880808682722007,0.8765189653371553,0.9883500300159284,0.9107677557872844,24,24,24.0,48.0,500,0.0,0.0,14.807975980542992,9.77736005349597,1.6977435547667454,,,
R3,Stationary_WN,0.07685166528199727,0.07013584904518055,0.46430397907138876,0.09626425782889092,0.2667583121318541,None,2,,,500,0.0,0.0,0.0,0.0,10.017830769124561,,,
R4,Trending_MeanShift,0.9999365895807061,0.999747766019897,0.9998333653954038,0.9993391787695816,0.0,None,250,,,500,,,0.0,0.0,1.4606504720159288,,250.0,
R1,Composite,0.9957908948554539,0.9802315473651514,0.9988781834732945,0.9946559198421004,0.7350678433696155,12,12,12.0,24.0,500,0.17894854109661978,1.4660114576470306e-05,17.335363489505617,3.726783397502718,1.36367375855176,,,
R2,Seasonal,0.7259014397330729,0.9506118582154033,0.919739883534095,0.9957964295493313,0.9185022183474076,12,12,12.0,24.0,500,0.0,0.0,24.424530675062957,10.5605360936405,1.7306301345153197,,,
R3,Stationary_WN,0.2393823196243654,0.21583841655823133,0.474429672164838,0.3111191181736156,0.3366662147288819,None,3,,,500,0.0,0.0,0.0,0.0,13.615173469579204,,,
R4,Trending_ExponentialGrowth,0.9743348925030549,0.2628558101764791,0.9834606634053715,0.435696978543354,0.3528231607693162,None,24,,,500,,,0.0,0.0,1.2127576094859018,,,
R1,Composite,0.9991065028815682,0.9770183581301795,0.9999100252891984,0.9976626237278584,0.8994290384944031,24,24,24.0,48.0,500,-0.3438733860795048,-1.731857604892325e-05,13.92234226591505,3.683014208669951,0.7387356372550965,,,
R2,Seasonal,0.6830236074312652,0.9473323104918504,0.8994877301048387,0.9958636456521109,0.9245374672656191,24,24,24.0,48.0,500,0.0,0.0,19.825680698928807,8.357504595134499,1.3211517464535603,,,
R3,Stationary_AR,0.037943622878182315,0.2840044616756361,0.10308206336869208,0.5218589039045028,0.5298679153876471,None,62,,,500,0.0,0.0,0.0,0.0,5.0,0.43927490647657186,,
R4,Trending_MeanShift,0.9999687870635827,0.9998748436424127,0.9999116151236594,0.9996477083570952,0.0,None,250,,,500,,,0.0,0.0,0.6090245863246894,,250.0,
R1,Composite,0.9985267362245125,0.9867134067648226,0.9997121145432398,0.9973847194430072,0.8049533848173219,36,36,36.0,72.0,500,-0.2822568526484166,-3.028795275803737e-05,20.135102806701603,3.6747228842828634,1.1400839297192056,,,
R2,Seasonal,0.6922418661745013,0.9908228008648422,0.9077105245415187,0.9993224194603827,0.9268432193786678,36,36,36.0,72.0,500,0.0,0.0,28.927871671592634,4.948833923204781,0.8434547355567612,,,
R3,Stationary_WN,0.05733926683175816,0.15481464183644023,0.21743666751922364,0.21349505825302284,0.28125599140634583,None,8,,,500,0.0,0.0,0.0,0.0,9.116398946606443,,,
R4,Trending_RandomWalkDrift,0.9873881995465102,0.6965863289715563,0.0,0.1290845948931464,0.0,None,250,,,500,,,0.0,0.0,1.453801509546675,,,-0.3975490620389507
R1,Composite,0.9984916431331373,0.9640437973713498,0.9996774222272656,0.9914897695674793,0.7865845916029185,48,50,48.0,96.0,500,-0.3875044202014907,-3.635844556949994e-05,16.561506583265977,3.7194786659515238,1.4339529075853044,,,
R2,Seasonal,0.41003329070415384,0.9811134421517494,0.5420581982036053,0.9944499697848139,0.72998219462056,48,50,48.0,96.0,500,0.0,0.0,29.788856029747144,4.5069432125052,1.7282579331871135,,,
R3,Stationary_AR,0.08306474716435308,0.37417615381071134,0.13537662014494667,0.6522855181685356,0.6321032023425041,None,50,,,500,0.0,0.0,0.0,0.0,5.0,0.5578338484611488,,
R4,Trending_MeanShift,0.9998715273355551,0.9994879409412185,0.9998982801472246,0.9995974000324559,0.2091194557451892,None,250,,,500,,,0.0,0.0,1.2772577113968784,,250.0,
R1,Composite,0.9979638792376238,0.9935924231756834,0.9995818346612362,0.9986779317176278,0.7952938019603474,36,36,36.0,72.0,500,0.14269426751727873,2.9793031615580655e-05,18.051902527989707,2.1508415576036657,0.6989420712152085,,,
R2,Seasonal,0.6957515245784776,0.8719929248092441,0.9305006174721409,0.9921781351668326,0.9457786463629922,36,36,36.0,72.0,500,0.0,0.0,16.318169701649847,11.50966564684653,1.5891852290181285,,,
R3,Stationary_AR,0.1256524692099492,0.19385546706964796,0.28157423544763327,0.4622653844819181,0.5525776430112828,None,17,,,500,0.0,0.0,0.0,0.0,5.0,0.5225220749054691,,
R4,Trending_ExponentialGrowth,0.9975329554252012,0.2163013214759747,0.9984037117238358,0.34601553009175035,0.35173366612690904,None,24,,,500,,,0.0,0.0,1.027674787376046,,,
R1,Composite,0.9984232088105723,0.9917196408912918,0.9994865991372893,0.997302424050353,0.6751036084520823,12,12,12.0,24.0,500,-0.23135904319497425,-2.87686786210151e-05,22.00527652490755,2.716126976358547,1.2186871071122933,,,
R2,Seasonal,0.7406892777334142,0.9043572311701528,0.9528664853202506,0.9947855520543065,0.9502974482516382,12,12,12.0,24.0,500,0.0,0.0,10.283337859067057,6.4479059057100985,0.7943079774038588,,,
R3,Stationary_AR,0.03016426087502877,0.23755617261515627,0.07070301600895512,0.4723601192689719,0.507957336179969,None,56,,,500,0.0,0.0,0.0,0.0,5.0,0.4665052099789068,,
R4,Trending_ExponentialGrowth,0.9966528936929574,0.1324079432472297,0.9981666852089084,0.352550916300126,0.4514129040827839,None,24,,,500,,,0.0,0.0,0.6679999967997007,,,
R1,Composite,0.9997116940253699,0.9937437576594299,0.9999509361497592,0.9989284944965945,0.8299431515030259,12,12,12.0,24.0,500,0.36769652315998114,3.924743828351472e-05,16.892032403003206,2.3431649469811067,0.5840548502374735,,,
R2,Seasonal,0.7521326402604578,0.8871631556328012,0.9867518993599667,0.9981858205054847,0.9856325326267543,12,12,12.0,24.0,500,0.0,0.0,16.910304011725675,11.960202135266695,0.7556811954275549,,,
R3,Stationary_WN,0.17409992076453973,0.09046686972154028,0.5145184683814363,0.1264329007209678,0.2937169885602483,None,2,,,500,0.0,0.0,0.0,0.0,5.065554738898188,,,
R4,Trending_MeanShift,0.9999877756689365,0.9999511933702232,0.999975403352788,0.9999030248308614,0.0,None,250,,,500,,,0.0,0.0,0.9557020271018498,,250.0,
R1,Composite,0.9985777554299607,0.9789762243106755,0.9997106583503809,0.9956947489093795,0.7970915694786084,24,24,24.0,48.0,500,0.24073526944297977,1.4884662351649658e-05,13.003788585917455,2.755588084116233,0.934514687401442,,,
R2,Seasonal,0.6806103558410013,0.8583395609994001,0.8927466743951648,0.9871001908175755,0.918938454122973,24,24,24.0,48.0,500,0.0,0.0,10.97741417403132,7.853784011035605,1.3164612852879682,,,
R3,Stationary_WN,0.12911727181424015,0.21329838413059754,0.20264706957995582,0.37576110451175193,0.38637869499693767,None,10,,,500,0.0,0.0,0.0,0.0,7.453841129959055,,,
R4,Trending_MeanShift,0.9999608189061402,0.9998432955378579,0.9999615537405673,0.9998462834145413,0.018801893801240532,None,250,,,500,,,0.0,0.0,0.9571497920687262,,250.0,
R1,Composite,0.9953293432899428,0.9236453026864498,0.9995834245557933,0.9922846725211231,0.9119625365434384,48,50,48.0,96.0,500,-0.21384788982975203,1.4273763764690744e-05,9.988968519850804,4.384959933100353,0.8605844630170482,,,
R2,Seasonal,0.6722779457768112,0.9254698443669508,0.9890491647251659,0.9992657072779478,0.9914486232905689,48,50,48.0,96.0,500,0.0,0.0,19.669807564663376,9.732609868419743,0.521769911796619,,,
R3,Stationary_WN,0.08742004104218826,0.28992980490563325,0.16918264636089586,0.39468587306217673,0.2271662889595366,None,15,,,500,0.0,0.0,0.0,0.0,12.93165644408346,,,
R4,Trending_MeanShift,0.999937663387179,0.9997520479655161,0.9998624591774464,0.9994645870044415,0.0,None,250,,,500,,,0.0,0.0,0.6416136193470201,,250.0,
R1,Composite,0.9907604672618796,0.8867130324083958,0.999863766247706,0.9981659055120111,0.985582829329213,36,36,36.0,72.0,500,-0.19440994495067182,-2.3686697462592712e-05,11.616126764523397,7.914190393916462,0.5489451248132139,,,
R2,Seasonal,0.7110299686602788,0.9294587780980319,0.9582192238629836,0.9973644282547653,0.9652585592237937,36,36,36.0,72.0,500,0.0,0.0,22.13024413889599,11.329741722993386,1.286161046151161,,,
R3,Stationary_AR,0.17425033568592363,0.3805326083904599,0.25461891087503497,0.6874601628849137,0.6781170582786298,None,36,,,500,0.0,0.0,0.0,0.0,5.0,0.6720323600560679,,
R4,Trending_ExponentialGrowth,0.9984744968987559,0.24359075393076712,0.999016975984334,0.3740606394504321,0.3471926428707166,None,24,,,500,,,0.0,0.0,0.8497896502312269,,,
R1,Composite,0.9992425063457938,0.9948768719388907,0.999915971371623,0.999432556094487,0.8890265831207329,24,24,24.0,48.0,500,-0.28176046949833977,3.205013757744002e-05,20.715553658912214,2.423759783790575,0.563079071903981,,,
R2,Seasonal,0.7025313414619132,0.8782679623202548,0.9634334403860461,0.9962066829739036,0.971872062879366,24,24,24.0,48.0,500,0.0,0.0,11.305729827178762,7.90781389385364,0.7704079651220246,,,
R3,Stationary_AR,0.02537749841254333,0.33352490777440236,0.060348904836070805,0.757086885326202,0.7133386475955156,None,100,,,500,0.0,0.0,0.0,0.0,5.0,0.67128193612635,,
R4,Trending_MeanShift,0.9997522079438468,0.999015134562094,0.9981864588483157,0.992360039265212,0.0,None,250,,,500,,,0.0,0.0,1.118008216160118,,250.0,
R1,Composite,0.9983704668651404,0.9465898655320356,0.9998462955118305,0.9947596648942761,0.9063506892891058,12,12,12.0,24.0,500,0.25572647407266785,3.005689147191415e-05,9.369115902293135,4.128201065103867,0.6773227444619684,,,
R2,Seasonal,0.7131665398368319,0.9317149282259174,0.8528691805528319,0.9894930254130924,0.852314772762381,12,12,12.0,24.0,500,0.0,0.0,10.364230067996713,5.043476366227912,1.0749838525291204,,,
R3,Stationary_AR,0.08512062008039245,0.2632700839733325,0.09904284494501503,0.4318480648219526,0.47372428328233995,None,42,,,500,0.0,0.0,0.0,0.0,5.0,0.47903721617185796,,
R4,Trending_ExponentialGrowth,0.991536421485508,0.19593690325371782,0.9944526684920476,0.3981568471165534,0.34394507931102625,None,24,,,500,,,0.0,0.0,1.2156795007817711,,,
R1,Composite,0.997805263957485,0.9875320896416138,0.9997597506386775,0.9986302725786383,0.89130406958702,36,36,36.0,72.0,500,0.2973315755472227,-2.509527624059065e-05,24.244002690756087,4.675175353637076,0.9528783436924727,,,
R2,Seasonal,0.6921047854729881,0.87526729339804,0.9115346205731588,0.990437543871537,0.9325345068992866,36,36,36.0,72.0,500,0.0,0.0,14.08794766449101,9.510042666528774,1.7515307184690072,,,
R3,Stationary_AR,0.049580144607715204,0.16785044200118737,0.1090251410652785,0.5048839076089253,0.6379448814587528,None,50,,,500,0.0,0.0,0.0,0.0,5.0,0.6112368595635426,,
R4,Trending_MeanShift,0.9999293496990742,0.9997166966936453,0.999564933346683,0.9982164345526351,0.0,None,250,,,500,,,0.0,0.0,0.7890666615518065,,250.0,
R1,Composite,0.9865148150389732,0.9706957608199797,0.9993920554658965,0.9984665847357872,0.9553365204420009,48,50,48.0,96.0,500,-0.15442412475200773,-4.5861021305637844e-05,24.118509639947504,4.093332990832996,0.6679688693518587,,,
R2,Seasonal,0.024987519671732294,0.9799956927310087,0.04363864630037184,0.9960100612349416,0.8067670472464801,48,100,48.0,96.0,500,0.0,0.0,14.194218284503933,11.516763515994109,1.134420488581641,,,
R3,Stationary_WN,0.2021947885242985,0.1930351275047817,0.38308999589531845,0.2755339427436304,0.2575251610480579,None,4,,,500,0.0,0.0,0.0,0.0,9.79077194515378,,,
R4,Trending_RandomWalkDrift,0.9753113128965494,0.636509096418565,0.6036118265559794,0.0,0.0,None,167,,,500,,,0.0,0.0,0.8811259630099157,,,-0.23657035059761894
R1,Composite,0.9865326624419718,0.9614471473806724,0.9993687563004839,0.9980319978036064,0.954365311330353,48,50,48.0,96.0,500,0.1925282926677373,-3.805535388647412e-05,21.181838080417165,6.762193180806462,0.9291705842730564,,,
R2,Seasonal,0.38346299358515457,0.969614124839896,0.5975597082809824,0.9949324164340543,0.8545462086179396,48,50,48.0,96.0,500,0.0,0.0,29.25038245398848,5.734693469993038,1.718672383252197,,,
R3,Stationary_AR,0.3019428284739628,0.2513572322964245,0.45938473252494316,0.5228601395788947,0.6473234956336829,None,15,,,500,0.0,0.0,0.0,0.0,5.0,0.652487324114736,,
R4,Trending_ExponentialGrowth,0.9996320137549026,0.2907002635413046,0.9997684739057455,0.40104855373331494,0.3656969160458524,None,24,,,500,,,0.0,0.0,0.5857208238327163,,,
R1,Composite,0.9951134741137202,0.9927462141020515,0.9981324551489279,0.9972271313617969,0.6215906262426389,12,12,12.0,24.0,500,-0.15294196973813035,2.3316194281889525e-05,23.699461557154084,2.529838545834906,1.1729377328474826,,,
R2,Seasonal,0.7021508902519492,0.9766145282231153,0.8280872124762557,0.9959189430032255,0.8279494239425397,12,12,12.0,24.0,500,0.0,0.0,24.32842315780919,6.5458143050146465,1.5371438394830652,,,
R3,Stationary_WN,0.000805734559889637,0.5004546878626772,0.0010935185576379514,0.6522686704007832,0.2697953492335742,None,167,,,500,0.0,0.0,0.0,0.0,11.932475273855424,,,
R4,Trending_MeanShift,0.9999089182134558,0.999637486016194,0.9997390495911292,0.9989422053617516,0.0,None,250,,,500,,,0.0,0.0,1.4240657114123687,,250.0,
R1,Composite,0.9983181856291732,0.9833485158143984,0.9998796760164564,0.9988021260972815,0.9285913461646824,24,24,24.0,48.0,500,-0.24631725233930907,1.5209569652436065e-05,15.22356864579116,3.5464398038064244,0.5939111953853219,,,
R2,Seasonal,0.6986255598261063,0.8473966497011519,0.9513238639893918,0.9934385150078245,0.9624377375255081,24,24,24.0,48.0,500,0.0,0.0,10.896104806186734,8.573034570314569,1.0166094963262737,,,
R3,Stationary_WN,0.1663055617822533,0.0010072850231518382,0.47539201516796914,0.007292989974682196,0.25601947203017605,None,2,,,500,0.0,0.0,0.0,0.0,8.6594941905289,,,
R4,Trending_ExponentialGrowth,0.9997034308147021,0.305020616458347,0.9998214196310576,0.4371051210389243,0.39362344055648724,None,24,,,500,,,0.0,0.0,0.6620844359112161,,,
R1,Composite,0.9977100707938623,0.9800903092471437,0.999789709438657,0.9981483641936326,0.9085564406896537,12,12,12.0,24.0,500,-0.360545759239448,2.655498181312807e-05,23.898755371023,6.399400787790153,1.192755012067137,,,
R2,Seasonal,0.7542884479697296,0.9463950259987637,0.9916690383728428,0.999481318985229,0.9908125431855915,12,12,12.0,24.0,500,0.0,0.0,24.269650512587475,11.667377338760147,0.5151121900553745,,,
R3,Stationary_AR,0.1384979256292751,0.2286891153435585,0.29930781328296885,0.473064861298117,0.6257763915879384,None,31,,,500,0.0,0.0,0.0,0.0,5.0,0.5123373359494363,,
R4,Trending_ExponentialGrowth,0.9943388423408649,0.2865246641644519,0.9964823153091509,0.41944856200750824,0.3755438973788061,None,24,,,500,,,0.0,0.0,0.9447846983231903,,,
R1,Composite,0.9988369771440909,0.9930454504266815,0.9995458956680999,0.9972819178243197,0.6106746764684208,12,12,12.0,24.0,500,-0.2722890267421238,1.2536714824400882e-05,22.108291439979393,2.355089260129586,1.0934332022792241,,,
R2,Seasonal,0.7402706235742592,0.9775753315303021,0.956146711140564,0.9989396068756199,0.9535471180416438,12,12,12.0,24.0,500,0.0,0.0,26.327720115678012,7.74611677894583,1.00144768446122,,,
R3,Stationary_WN,0.20387089089211596,0.08888481964013595,0.48624837468376125,0.12245592987005105,0.25121205138269465,None,2,,,500,0.0,0.0,0.0,0.0,10.610688038012752,,,
R4,Trending_ExponentialGrowth,0.9568556133474331,0.20912275508772593,0.9715578638138388,0.3164560573217323,0.3432109865419607,None,24,,,500,,,0.0,0.0,1.367449687308098,,,
R1,Composite,0.9996263353653854,0.9969103968704693,0.9999287863193885,0.9994113361752259,0.8095143150108195,36,36,36.0,72.0,500,0.3498508443730283,-1.8925923932897372e-05,24.0901579056565,2.040467858005802,0.7007306400552312,,,
R2,Seasonal,0.59274243458145,0.9527386883756479,0.6454941023844674,0.9894743295866577,0.7817011013118211,36,36,36.0,72.0,500,0.0,0.0,14.646775024027987,4.8458181633027895,1.6197459913168062,,,
R3,Stationary_WN,0.0176562068549172,0.30426257474746676,0.058607097153563936,0.4359896788410885,0.3440826047034249,None,29,,,500,0.0,0.0,0.0,0.0,9.087533859205779,,,
R4,Trending_MeanShift,0.9998824124680282,0.9995266020994715,0.9947564605023514,0.9748536167110478,0.0,None,250,,,500,,,0.0,0.0,1.0653255180295989,,250.0,
R1,Composite,0.9966016693482966,0.9646027194171894,0.9998471939356112,0.9983904509591575,0.9555863772448235,24,24,24.0,48.0,500,0.3857950634511781,-4.540255094385145e-05,22.61255337977842,7.8707572939314625,0.9587690819065164,,,
R2,Seasonal,0.710550152720436,0.938076994114188,0.986794090151685,0.9993274192909971,0.9896503098054285,24,24,24.0,48.0,500,0.0,0.0,17.197912739251848,8.28964411591826,0.5177738726753811,,,
R3,Stationary_AR,0.16915048156557966,0.2469523633371341,0.2251560173470334,0.44950786514351726,0.6070342632280972,None,24,,,500,0.0,0.0,0.0,0.0,5.0,0.6289994441097602,,
R4,Trending_ExponentialGrowth,0.9980078679968412,0.22444358322230418,0.9987234492358561,0.342542720695888,0.35275806391495446,None,24,,,500,,,0.0,0.0,1.3873531416016593,,,
R1,Composite,0.9966757686079808,0.968858020332122,0.9994828633459181,0.9946802036672154,0.8459544801357232,48,50,48.0,96.0,500,-0.2765643465545442,-1.6996766680870572e-05,18.4884516437455,4.427222432428049,1.3537347151480905,,,
R2,Seasonal,0.3929040954968235,0.969263451424629,0.4541643195764742,0.9916777220599993,0.7523193599789549,48,50,48.0,96.0,500,0.0,0.0,21.16210764774343,4.067996718582541,1.5761349069643205,,,
R3,Stationary_WN,0.13643638181518258,0.10502627296038947,0.45149044783727976,0.14216165795851077,0.2464457557704357,None,2,,,500,0.0,0.0,0.0,0.0,6.535658716081986,,,
R4,Trending_RandomWalkDrift,0.9864617785542381,0.274367258500129,0.9973503845700805,0.5966436759825076,0.8054519100727764,None,24,,,500,,,0.0,0.0,0.6543945815754628,,,-0.15400875814027315
R1,Composite,0.9965832537059712,0.9420260502910479,0.9998700734610685,0.9975290664806454,0.9622967429202722,48,50,48.0,96.0,500,-0.3201210229931752,-2.4049483640750552e-05,15.756421741480004,6.607404807959778,0.8006703771888252,,,
R2,Seasonal,0.6435883450381669,0.9586602469085483,0.9441371909026438,0.9981790957098736,0.9604902196214811,48,50,48.0,96.0,500,0.0,0.0,22.948015059186663,7.900703406774337,0.9868590341504031,,,
R3,Stationary_AR,0.15654455648852428,0.29090253995260573,0.231740419503201,0.570390123184449,0.6294268851161473,None,33,,,500,0.0,0.0,0.0,0.0,5.0,0.5865610939310845,,
R4,Trending_MeanShift,0.999876664605392,0.9995079302599094,0.9998253947256437,0.9992987841917884,0.0,None,250,,,500,,,0.0,0.0,1.2820306553578762,,250.0,
R1,Composite,0.9923792325597757,0.9477147817553393,0.9994165419543536,0.995580839731653,0.9247976044654751,48,50,48.0,96.0,500,-0.2623119862415535,-3.8010827779194864e-05,21.154257120744663,7.986487187878435,1.4070570797120134,,,
R2,Seasonal,0.6581563086717241,0.9005631233739609,0.9254520997484142,0.993094562597563,0.9408792919307489,48,50,48.0,96.0,500,0.0,0.0,18.55601884830122,10.247890933470543,1.6316584604410385,,,
R3,Stationary_WN,0.3705159213669633,0.19123657802398508,0.5778857474204502,0.24276827845982352,0.26569695677983773,None,2,,,500,0.0,0.0,0.0,0.0,11.203036346680499,,,
R4,Trending_RandomWalkDrift,0.9826013955690976,0.16808161593415816,0.9974497025326035,0.7118448416217664,0.8518421880589917,None,24,,,500,,,0.0,0.0,1.440637920995318,,,-0.13606774341098982
R1,Composite,0.9976447210886653,0.9624807630402782,0.9997289470135352,0.995281038111014,0.8856748509808672,48,50,48.0,96.0,500,-0.38397532626662323,1.7723468099568106e-05,18.8185155298141,5.306328629383066,1.3465920738082016,,,
R2,Seasonal,0.6491342941030708,0.9298362972549105,0.9246356752939094,0.9954887572171297,0.9432872818551445,48,50,48.0,96.0,500,0.0,0.0,23.961922635855124,11.075936824397838,1.6867541221404008,,,
R3,Stationary_WN,0.06345807011269744,0.16165952892083557,0.16494856716128847,0.2807538407144843,0.4022115780650706,None,10,,,500,0.0,0.0,0.0,0.0,14.769033359728928,,,
R4,Trending_RandomWalkDrift,0.9948280356260248,0.4016005855416712,0.9998824370002937,0.9661091452683513,0.9779737047020737,None,125,,,500,,,0.0,0.0,1.3439883541985864,,,0.4442302972117187
R1,Composite,0.9907122542117344,0.9743572597591977,0.9996069643941682,0.9989182053702316,0.958720709991008,12,12,12.0,24.0,500,-0.1890074201546761,-1.056676628743023e-05,24.072616155040645,7.578702232919003,0.7732394394330069,,,
R2,Seasonal,0.7133525000963714,0.9826816969617108,0.8598788754030776,0.9975978294905294,0.8630061697375548,12,12,12.0,24.0,500,0.0,0.0,28.78648914220596,7.054898000809472,1.470837870666672,,,
R3,Stationary_WN,0.08895963756420078,0.31022124133114537,0.11494691553830205,0.4116330275654735,0.28419160209436245,None,10,,,500,0.0,0.0,0.0,0.0,8.216659081267057,,,
R4,Trending_MeanShift,0.9998301421998442,0.9993254341639356,0.9976590292555165,0.9906649985350026,0.0,None,250,,,500,,,0.0,0.0,0.9913801887431205,,250.0,
R1,Composite,0.9985816638391732,0.9693738254713502,0.999879628585393,0.9971314036457023,0.9153231212617107,48,50,48.0,96.0,500,-0.3554263548340886,-1.4265863896130916e-05,15.59192618172885,4.261480045422491,0.8462858327233234,,,
R2,Seasonal,0.6726735904178864,0.9137461611977132,0.965421034710228,0.9971697243458073,0.9717281571636868,48,50,48.0,96.0,500,0.0,0.0,11.678757451686252,6.1962844535109385,0.6644466465775625,,,
R3,Stationary_WN,0.22169914570038063,0.11204595602690182,0.49371352702014626,0.14208060500401665,0.2191928750177431,None,2,,,500,0.0,0.0,0.0,0.0,8.402485180759223,,,
R4,Trending_MeanShift,0.9999283442751952,0.9997132595856907,0.9998464212129993,0.9993770182211454,0.0,None,250,,,500,,,0.0,0.0,0.7951551576050747,,250.0,
R1,Composite,0.9989327498582622,0.9865760556679157,0.9999248350970895,0.9990452659737729,0.929671996726383,36,36,36.0,72.0,500,-0.3628782813934375,-4.720238061489972e-05,22.271736856738748,4.698033359855613,0.7290269005212865,,,
R2,Seasonal,0.6983700684387816,0.9741159861786615,0.9021872686025116,0.9979094043708645,0.921248834650809,36,36,36.0,72.0,500,0.0,0.0,21.672097430522264,6.439495143326482,1.0722146281312375,,,
R3,Stationary_AR,0.09619262176355525,0.34609454454188004,0.15934932529830703,0.5207548883933641,0.5001664217797772,None,26,,,500,0.0,0.0,0.0,0.0,5.0,0.40728928735390507,,
R4,Trending_ExponentialGrowth,0.9941731305206842,0.2617859939894456,0.9961297795733215,0.3926792869360316,0.33700723670085575,None,24,,,500,,,0.0,0.0,0.6432637587449501,,,
R1,Composite,0.9975614278903217,0.9379629014729091,0.9996452967021165,0.9907113528611694,0.8549921111371963,24,24,24.0,48.0,500,-0.3408974117475091,3.9878386593432194e-05,12.401587653200451,5.304328586305621,1.2879786251968346,,,
R2,Seasonal,0.6769527166037157,0.9694703563223608,0.8751339933593152,0.9971018413062541,0.9071213263634001,24,24,24.0,48.0,500,0.0,0.0,24.192353302570197,7.70452236262872,1.4585235144213344,,,
R3,Stationary_WN,0.21289169020887455,0.11718426700592055,0.5137528537059302,0.15431646490416073,0.2301693979184578,None,2,,,500,0.0,0.0,0.0,0.0,6.908602916152413,,,
R4,Trending_RandomWalkDrift,0.9854512069881796,0.1293698400975195,0.9980062329353998,0.5425570954076713,0.868243251802382,None,24,,,500,,,0.0,0.0,1.1446491534533845,,,-0.33865463159944614
R1,Composite,0.9986901260737922,0.9842041126453439,0.9997859121339074,0.9973861106443148,0.8370114891561635,36,36,36.0,72.0,500,0.3074705870608739,-4.417028678808272e-05,16.610998650998354,3.5077678134474133,0.9464621993984568,,,
R2,Seasonal,0.7054687011174872,0.9683174041656626,0.9413687240090945,0.9984698393324586,0.9531149308579581,36,36,36.0,72.0,500,0.0,0.0,29.55010901182193,9.949460939688969,1.2242854452958327,,,
R3,Stationary_AR,0.2157650630332193,0.25534151012299144,0.37459582456210627,0.39523727474300074,0.4513478477890608,None,11,,,500,0.0,0.0,0.0,0.0,5.0,0.49353684876247184,,
R4,Trending_RandomWalkDrift,0.9956882065769385,0.09416465270443686,0.999382809653556,0.5239986889153826,0.856951834778886,None,24,,,500,,,0.0,0.0,0.7372167831024388,,,-0.4403878330455959
R1,Composite,0.9939713079162849,0.9339765168183404,0.9994483370421832,0.9936262033240728,0.9096307482396517,36,36,36.0,72.0,500,-0.16986202287493307,3.8889120452311624e-05,9.138426565207538,4.33974251085189,0.7632120098022201,,,
R2,Seasonal,0.5766802453897377,0.9812167693382736,0.6582052104213303,0.9961076854228823,0.7958145464164326,36,36,36.0,72.0,500,0.0,0.0,26.776961090432327,5.301096169491832,1.6766476608106207,,,
R3,Stationary_WN,0.0,0.05628177641935128,0.37602285480413933,0.11236978567484579,0.35974065493038554,None,3,,,500,0.0,0.0,0.0,0.0,11.136470051400693,,,
R4,Trending_MeanShift,0.9999341642222936,0.9997359179059323,0.999918866002243,0.9996733797188746,0.0,None,250,,,500,,,0.0,0.0,1.347175094314471,,250.0,
R1,Composite,0.9989659862709106,0.9947031606498425,0.9998291410096313,0.9991262498286742,0.8353064719411687,24,24,24.0,48.0,500,0.21765915096017205,4.722101615732658e-05,21.715930917822238,2.5860611739304926,0.6728230324895609,,,
R2,Seasonal,0.6668226977628442,0.9406179343649771,0.8348775016720651,0.9924297245988847,0.8775127943479384,24,24,24.0,48.0,500,0.0,0.0,15.13010715770964,6.5974578656954925,1.430133205896391,,,
R3,Stationary_AR,0.17858738982779332,0.30568560834495107,0.2351312896499691,0.537486179795937,0.5378860090138691,None,23,,,500,0.0,0.0,0.0,0.0,5.0,0.5086921094183671,,
R4,Trending_ExponentialGrowth,0.9978949369799485,0.17336064417633923,0.9985218149266425,0.34920251592053,0.29459457653300725,None,24,,,500,,,0.0,0.0,0.9534727109584374,,,
R1,Composite,0.998482815377587,0.984062392432503,0.9994366681460779,0.9940599625147837,0.6303903531219053,12,12,12.0,24.0,500,0.2570125806623633,-1.645402225403582e-05,15.591944464042413,2.799198798105191,1.2154033699925466,,,
R2,Seasonal,0.6754310563364359,0.8481837919058206,0.836746905042703,0.9758818364700048,0.8593325195076015,12,12,12.0,24.0,500,0.0,0.0,10.876910852250825,7.7880562988587885,1.974990299401142,,,
R3,Stationary_WN,0.2075492142951353,0.18307186767184114,0.43354337185076597,0.2527201571719778,0.29271473437752293,None,3,,,500,0.0,0.0,0.0,0.0,12.338337040556459,,,
R4,Trending_RandomWalkDrift,0.9957379912812765,0.983004054770401,0.9673558239744455,0.892497161543164,0.0,None,250,,,500,,,0.0,0.0,1.125516280966599,,,0.14783304629432467
R1,Composite,0.9891491778301827,0.9820746075074049,0.9974948049126687,0.9958796937616662,0.7730238397875099,36,36,36.0,72.0,500,-0.10174101488786323,3.869600090099196e-05,13.209112871721832,2.7769762328510597,0.9024535400856459,,,
R2,Seasonal,0.7053297050392271,0.879108265833102,0.9567414402157597,0.9952896030897261,0.9657588015916778,36,36,36.0,72.0,500,0.0,0.0,16.0771914843231,11.107747577093459,1.099814495307019,,,
R3,Stationary_AR,0.21885010308325337,0.2941848778147055,0.26559103503724746,0.39761743752799417,0.44118250513546153,None,12,,,500,0.0,0.0,0.0,0.0,5.0,0.4462435993008006,,
R4,Trending_ExponentialGrowth,0.996526226004818,0.13328435700323682,0.997739681793792,0.2872778095084588,0.3445898401938712,None,24,,,500,,,0.0,0.0,1.2497149570111037,,,
R1,Composite,0.9991594581947086,0.9631944239346485,0.9997307372166216,0.9880643828236938,0.6800441358430156,12,12,12.0,24.0,500,-0.34511742183669825,3.558701383488732e-05,9.902421573922297,2.7595581182380897,1.0586521917856615,,,
R2,Seasonal,0.752981050667648,0.9364642601321109,0.9845541989321527,0.9988521042686762,0.9829440058079535,12,12,12.0,24.0,500,0.0,0.0,17.726911616434474,9.336104748726648,0.593987322949274,,,
R3,Stationary_AR,0.258413602213842,0.33380483475657297,0.39424400749160715,0.5247392075655767,0.617807925381771,None,17,,,500,0.0,0.0,0.0,0.0,5.0,0.5237834570431917,,
R4,Trending_RandomWalkDrift,0.9960157464206527,0.12012915186923023,0.9995049564322092,0.5974100584358293,0.8785478713471754,None,24,,,500,,,0.0,0.0,0.7476174029705202,,,0.14131350424966269
R1,Composite,0.9905003467921866,0.9542006387408895,0.9994951535155431,0.9973287431066402,0.9479425419207476,48,50,48.0,96.0,500,-0.23774988586477538,1.862415016431281e-05,20.60547703286965,7.20530894753124,1.0622057031890626,,,
R2,Seasonal,0.6568481198009828,0.9509120466867842,0.9718044029966464,0.998859430738578,0.9792779181287885,48,50,48.0,96.0,500,0.0,0.0,27.46338486849946,10.549620340694602,0.8845837648875463,,,
R3,Stationary_WN,0.12708274385875773,0.10688255838421801,0.40542650675216163,0.15834595754662562,0.2795385808774904,None,3,,,500,0.0,0.0,0.0,0.0,6.902514172161571,,,
R4,Trending_ExponentialGrowth,0.989772638157932,0.2780275477921066,0.9931925147278282,0.4000175180787473,0.3352444662945505,None,24,,,500,,,0.0,0.0,0.8456390738469458,,,
R1,Composite,0.9988845130905752,0.9704142943011861,0.9997507084677457,0.9932027431354056,0.7768660156373608,36,36,36.0,72.0,500,-0.31881977186134025,2.3910139909080137e-05,11.968154556585446,2.9451081834115085,1.0041337903009409,,,
R2,Seasonal,0.6006613488449439,0.9817666184074215,0.6819158578150474,0.9960427871848085,0.785732377013121,36,36,36.0,72.0,500,0.0,0.0,29.56747348410402,6.21639300198335,1.9073248386182,,,
R3,Stationary_WN,0.03884454078711086,0.30465705955039923,0.034890150638092976,0.47295202137588876,0.4101239898789124,None,38,,,500,0.0,0.0,0.0,0.0,7.77894892927921,,,
R4,Trending_ExponentialGrowth,0.9937562749912833,0.22433621033784257,0.9958599536778703,0.3410350339419119,0.33942139963489615,None,24,,,500,,,0.0,0.0,1.141116540356989,,,
R1,Composite,0.9987142843588681,0.9892224249448099,0.9998803258954982,0.9989946132204239,0.9073925918999192,12,12,12.0,24.0,500,0.34588306209375397,-3.0169540644390546e-05,23.241732978100792,4.500251786174275,0.815802318398984,,,
R2,Seasonal,0.7135288720289408,0.981504546118642,0.8805771137548364,0.9978190346192382,0.8832809013539475,12,12,12.0,24.0,500,0.0,0.0,21.68773963651017,5.415539434882939,1.1008950937892368,,,
R3,Stationary_WN,0.25476905875874967,0.18705126481297285,0.409531233257704,0.2737884457961838,0.3097827520877381,None,3,,,500,0.0,0.0,0.0,0.0,12.698046539833122,,,
R4,Trending_RandomWalkDrift,0.9715214498145321,0.5164954997544577,0.9941497953776411,0.8645428873761758,0.8195086895672637,None,250,,,500,,,0.0,0.0,0.7878180496280204,,,-0.3704165416576667
R1,Composite,0.9769895832816374,0.9716348780681962,0.9991052517719271,0.9989377526188278,0.9634519443225521,12,12,12.0,24.0,500,-0.12519526851259685,2.8406428902363236e-05,21.242583150131775,7.163213820889605,0.7704836236145364,,,
R2,Seasonal,0.7181222898623925,0.9659132300470963,0.8990128105632257,0.9964535045131103,0.8985609542021029,12,12,12.0,24.0,500,0.0,0.0,26.089992857442905,9.139651884973851,1.7116849355245543,,,
R3,Stationary_AR,0.005592108524191786,0.4635447320815159,0.000537287547128229,0.028428348209919463,0.0,None,167,,,500,0.0,0.0,0.0,0.0,5.0,0.4349995008505876,,
R4,Trending_MeanShift,0.9999771685734841,0.999908397859543,0.99948483879646,0.9978947682908382,0.0,None,250,,,500,,,0.0,0.0,0.8786521267222003,,250.0,
R1,Composite,0.9962492067296095,0.9205660701429998,0.9994673272805762,0.9878930361990118,0.8590319150976101,36,36,36.0,72.0,500,-0.24021554136719125,-2.5368046922212147e-05,10.807048867183964,5.197976916638122,1.3193890908910384,,,
R2,Seasonal,0.7036443860542182,0.9766439620534706,0.9347415634730972,0.9987454222219818,0.9474953715815773,36,36,36.0,72.0,500,0.0,0.0,23.597057736852094,6.732420542373291,0.8826834468594471,,,
R3,Stationary_WN,0.19066318988389608,0.1795358712626859,0.430177476079981,0.25794028460020835,0.3326297932985256,None,3,,,500,0.0,0.0,0.0,0.0,6.7214486676162,,,
R4,Trending_ExponentialGrowth,0.9954419434610221,0.22294058417860063,0.9969553951376607,0.33517515158088107,0.3333423693101044,None,24,,,500,,,0.0,0.0,1.4962411229603843,,,
R1,Composite,0.9928525829833948,0.8803822427002688,0.9986762139640359,0.9760625302094292,0.8186266983000721,12,12,12.0,24.0,500,0.16885916634444892,3.609101811328242e-05,8.79529444781722,5.629779764385707,1.4449054700674862,,,
R2,Seasonal,0.7499871465442354,0.9047205454598057,0.9738019615276807,0.9970240906126405,0.9713733163421977,12,12,12.0,24.0,500,0.0,0.0,17.003123667582127,10.969407137027094,1.0352457855867405,,,
R3,Stationary_AR,0.2731689741869535,0.2604675501072755,0.341413067228015,0.4922291929666921,0.6332661503585472,None,17,,,500,0.0,0.0,0.0,0.0,5.0,0.5969622895426651,,
R4,Trending_ExponentialGrowth,0.9704085561297278,0.23840908599519028,0.9787827866355863,0.3844158631368826,0.28861072533435705,None,24,,,500,,,0.0,0.0,1.2148850782329879,,,
R1,Composite,0.9892530529635851,0.9245941683452749,0.9993348242556115,0.9951743608321205,0.9400373866580904,24,24,24.0,48.0,500,0.17978420721282748,2.7409513408986333e-05,14.33143404453011,7.452365161267112,1.1972922768299052,,,
R2,Seasonal,0.7009956860018904,0.8728141882315774,0.9485074496173266,0.9943215481370725,0.9601429274547548,24,24,24.0,48.0,500,0.0,0.0,10.837875083120693,7.724380675913274,0.8860023029835993,,,
R3,Stationary_AR,0.13923597901268037,0.2982321164673156,0.31975310056718265,0.6063456039867824,0.7400745567399654,None,25,,,500,0.0,0.0,0.0,0.0,5.0,0.5974606154251575,,
R4,Trending_ExponentialGrowth,0.9993055817091364,0.27753789561895414,0.9995809121337568,0.4355261175901748,0.3917484428826242,None,24,,,500,,,0.0,0.0,1.1143026599105124,,,
R1,Composite,0.9964320560509097,0.9742032892084347,0.9993485597147093,0.9947960432932585,0.8181225172034078,48,50,48.0,96.0,500,0.187939296713467,2.6410784405951833e-05,15.102427754054407,2.868176299348796,1.094332829979084,,,
R2,Seasonal,0.618708020742822,0.9763693676595567,0.963083934728257,0.9994155475470285,0.9774674779900854,48,50,48.0,96.0,500,0.0,0.0,21.94224529200512,5.3920532002422865,0.5120935454843258,,,
R3,Stationary_AR,0.03268487612434767,0.31828120348540745,0.05692551450731009,0.6941522852933901,0.6767146906876795,None,100,,,500,0.0,0.0,0.0,0.0,5.0,0.6453695427291068,,
R4,Trending_MeanShift,0.999990110480762,0.9999603451888949,0.9999382949661547,0.9997536228760956,0.0,None,250,,,500,,,0.0,0.0,0.5453957865927678,,250.0,
R1,Composite,0.9912918247397272,0.9606250907190412,0.9990788832051258,0.9958074722932614,0.895782657157139,24,24,24.0,48.0,500,-0.11987661110564402,2.156132231834491e-05,10.242678811800655,3.567649828578242,0.72150759697055,,,
R2,Seasonal,0.6964180326511061,0.9717907143214548,0.9372561152683031,0.9986242168421403,0.9520628965866526,24,24,24.0,48.0,500,0.0,0.0,22.088925812208043,6.946644200063291,0.8694163125689107,,,
R3,Stationary_AR,0.10106696711534913,0.24736672405188087,0.1788094916978531,0.49473987546562903,0.6028254606777212,None,38,,,500,0.0,0.0,0.0,0.0,5.0,0.5913518624451843,,
R4,Trending_ExponentialGrowth,0.993423093078269,0.13089229554331194,0.9960773651015111,0.27843310126376997,0.39856653622058924,None,24,,,500,,,0.0,0.0,1.1551656271026842,,,
R1,Composite,0.993568221229126,0.9518361434097046,0.9989913047878299,0.9922177670637329,0.8443564183809413,12,12,12.0,24.0,500,-0.17050572494704644,2.1523390889742805e-05,11.753367206188468,4.560035202945332,1.071506588320399,,,
R2,Seasonal,0.7191570265209746,0.967707729011309,0.8786142102645389,0.9958479346120663,0.8749738771655773,12,12,12.0,24.0,500,0.0,0.0,24.921434767855924,8.194941992101468,1.7223852875306938,,,
R3,Stationary_AR,0.0,0.46785533375892885,0.007491212270803738,0.8170189585152184,0.6913471379578171,None,167,,,500,0.0,0.0,0.0,0.0,5.0,0.5310997724383133,,
R4,Trending_RandomWalkDrift,0.9974959649926376,0.07565998268359497,0.9997493971463264,0.756022583857468,0.9019627698773447,None,24,,,500,,,0.0,0.0,0.6847397315889922,,,-0.4048793892719956
R1,Composite,0.9814922641972184,0.927718352440386,0.9981062490778944,0.9924642047785877,0.9021598262447994,12,12,12.0,24.0,500,-0.11694984881701434,-3.701221294785751e-05,13.965580956100105,7.191861366199076,1.3171051533409424,,,
R2,Seasonal,0.6683472211623358,0.9737070339603182,0.7707182102382272,0.9947059349343116,0.8024906429944652,12,12,12.0,24.0,500,0.0,0.0,17.71734217600432,4.758721538675626,1.3297973314177938,,,
R3,Stationary_WN,0.11586802949168795,0.10751381377648328,0.40233531570207015,0.20070090088020043,0.3668572339318201,None,3,,,500,0.0,0.0,0.0,0.0,12.737333808010032,,,
R4,Trending_MeanShift,0.9999818934843888,0.9999275939067378,0.9999851116894727,0.9999403985860765,0.1776225816601389,None,250,,,500,,,0.0,0.0,0.604038669544009,,250.0,
R1,Composite,0.9960895665547694,0.9642115629471008,0.999722041023593,0.9973832621565053,0.9294468647661052,36,36,36.0,72.0,500,-0.30730462989159374,-3.5469984513119116e-05,21.728890701507524,7.622653554235319,1.184235087500618,,,
R2,Seasonal,0.6927787241105947,0.9560020965347292,0.9129252255626775,0.9969124493320664,0.932734313345715,36,36,36.0,72.0,500,0.0,0.0,20.720048768808738,8.015086583080954,1.1510284706180396,,,
R3,Stationary_WN,0.025812268542332206,0.23485899546195266,0.07565249014026632,0.3668923726355878,0.2918424843587559,None,36,,,500,0.0,0.0,0.0,0.0,14.49910177756426,,,
R4,Trending_RandomWalkDrift,0.9983275233141111,0.2147394479545779,0.9997425241845626,0.702282303549917,0.8457728110500853,None,24,,,500,,,0.0,0.0,1.458911527164231,,,-0.4785730822429436
R1,Composite,0.9953569624869169,0.993797515202454,0.9992236107558548,0.9989683187290047,0.8346134204499387,12,12,12.0,24.0,500,-0.11235667984540022,-2.3472997546195117e-05,22.14208826036849,3.0701193058690066,0.7023653048033719,,,
R2,Seasonal,0.7493411426553951,0.9552675188700165,0.9763047560744086,0.9988060959571586,0.9743182191666299,12,12,12.0,24.0,500,0.0,0.0,25.495269295896478,10.905038230968174,0.9574524196920533,,,
R3,Stationary_WN,0.2474138547727176,0.1011492982944221,0.5085914164974812,0.14648124183296007,0.3177424787060731,None,2,,,500,0.0,0.0,0.0,0.0,5.195479974625283,,,
R4,Trending_ExponentialGrowth,0.9977495287391652,0.25020395974161747,0.9984857802815422,0.36498126661125707,0.32630485895077743,None,24,,,500,,,0.0,0.0,1.1896292486288085,,,
R1,Composite,0.9932156006055011,0.9365001881157787,0.9995790062359396,0.9959038353036667,0.9391879207337185,36,36,36.0,72.0,500,0.21828944964603458,3.038392014359814e-05,15.17075297841,7.304857842104374,1.1025677401036331,,,
R2,Seasonal,0.7079567660672133,0.9894692076480394,0.9511880196321008,0.9995779873460446,0.9602954915879083,36,36,36.0,72.0,500,0.0,0.0,25.51975051859341,4.9049478253291,0.533835454461054,,,
R3,Stationary_AR,0.06598067398638607,0.17502337609217533,0.16631333553951944,0.45249457368628054,0.6139110631186409,None,31,,,500,0.0,0.0,0.0,0.0,5.0,0.5456562820404578,,
R4,Trending_ExponentialGrowth,0.9923705435719455,0.10441004832630985,0.9947684391122575,0.31082341850102635,0.30753592248131845,None,24,,,500,,,0.0,0.0,0.9422600791948421,,,
R1,Composite,0.9978370258968602,0.9751037885998475,0.9997461848256696,0.9970430322863114,0.8833285260241203,36,36,36.0,72.0,500,0.30492028891841827,-2.2096357808253468e-05,17.47954485051043,4.696914524743729,1.0303912938396935,,,
R2,Seasonal,0.6139800794997694,0.9673071273851352,0.7146218423685198,0.9932481879728257,0.7999996546033927,36,36,36.0,72.0,500,0.0,0.0,23.020914889271797,6.488153159800234,1.9693716261816612,,,
R3,Stationary_AR,0.12907031029404448,0.2863118663533174,0.2800088474073048,0.6186885200979493,0.683441736200989,None,62,,,500,0.0,0.0,0.0,0.0,5.0,0.6678365440489701,,
R4,Trending_RandomWalkDrift,0.9977848701020151,0.927479114712744,0.9979153552311634,0.9346761516405616,0.08474178318145964,None,250,,,500,,,0.0,0.0,1.2067842766148498,,,0.4212059720777318
R1,Composite,0.9992097008338489,0.9621770095608078,0.999895794254973,0.9944727143937797,0.8682138628951265,48,50,48.0,96.0,500,-0.3808108934007597,-4.009932314581846e-05,11.478511328463735,3.0231614182250963,0.8025167097395807,,,
R2,Seasonal,0.6638008526496776,0.9389582809235324,0.9695359949292915,0.998402265796341,0.9769162382930565,48,50,48.0,96.0,500,0.0,0.0,27.26318435368845,11.797146774071287,1.085946224157834,,,
R3,Stationary_AR,0.23904497144268755,0.37891034673028234,0.37580979977797846,0.5882386872614507,0.6563786925785898,None,29,,,500,0.0,0.0,0.0,0.0,5.0,0.6492193182460421,,
R4,Trending_RandomWalkDrift,0.9976508113455916,0.17487577327325732,0.9996722068192403,0.6453037350620614,0.8620974030833718,None,24,,,500,,,0.0,0.0,1.1056491129129462,,,0.4571190697800628
R1,Composite,0.9805717647360419,0.9583243329141664,0.9994301645115437,0.9986977498956428,0.9719182529431926,48,50,48.0,96.0,500,-0.11597302682876444,-1.5566614755314755e-05,16.887316733726394,5.7690055746966085,0.6532447260605635,,,
R2,Seasonal,0.6430828810842599,0.9088094209170432,0.9120136023618669,0.993317067505282,0.9374999684489735,48,50,48.0,96.0,500,0.0,0.0,19.72211526408666,10.092106902282023,1.8287526132622203,,,
R3,Stationary_WN,0.24705687575767943,0.13408905304325225,0.4745904521235016,0.15982227111341185,0.1782207676634775,None,2,,,500,0.0,0.0,0.0,0.0,13.480234630825066,,,
R4,Trending_ExponentialGrowth,0.9965991919838707,0.1751100229867144,0.9978059988190618,0.297722986881811,0.3511837311329693,None,24,,,500,,,0.0,0.0,0.640424311860789,,,
R1,Composite,0.9802571974577698,0.9105512529268205,0.9993440737408502,0.9969507314179142,0.9685386999011177,12,12,12.0,24.0,500,-0.10680159241724596,3.163124631654248e-05,8.783153365835977,5.434697280430953,0.5170800043427405,,,
R2,Seasonal,0.7264852461673894,0.8690034577319314,0.9143685677246636,0.9867805754012312,0.9115670000413119,12,12,12.0,24.0,500,0.0,0.0,14.969965287186305,11.320942910201097,1.9493982654591215,,,
R3,Stationary_AR,0.0,0.1999517166637369,0.07063042064429348,0.6954770604097651,0.6958667318087775,None,125,,,500,0.0,0.0,0.0,0.0,5.0,0.5633228469099285,,
R4,Trending_MeanShift,0.9999321601960319,0.9997276562294991,0.9973654757064582,0.9874881496704979,0.0,None,250,,,500,,,0.0,0.0,1.072854535660678,,250.0,
R1,Composite,0.99669409254922,0.9094255962050593,0.9999242004120844,0.9975827569876389,0.9772216580136034,48,50,48.0,96.0,500,0.33321643909633003,1.5248277683476387e-05,12.812558544924435,7.138670433806002,0.5699894554060186,,,
R2,Seasonal,0.6319490495222947,0.9625340288125432,0.9778504521001831,0.9994027415359925,0.9856881031283312,48,50,48.0,96.0,500,0.0,0.0,23.04981866220828,7.404500290023511,0.542296548495101,,,
R3,Stationary_WN,0.057844045899937635,0.17506446406145992,0.21222673130845104,0.32438700856685265,0.31034197614490777,None,7,,,500,0.0,0.0,0.0,0.0,7.732259496688945,,,
R4,Trending_MeanShift,0.9999148274602718,0.9996597418506475,0.9995252891115153,0.9981274418691671,0.0,None,250,,,500,,,0.0,0.0,1.12027704282186,,250.0,
R1,Composite,0.9870746303443305,0.9885593414865843,0.9987041897523288,0.9988874347091617,0.9033198554065673,12,12,12.0,24.0,500,0.11734369909153511,-4.1209634242118614e-05,21.229339686464755,4.244633247044532,0.7489893614763936,,,
R2,Seasonal,0.7356685785829788,0.9512179954485305,0.9363816604960763,0.9965657362180786,0.9323915270745686,12,12,12.0,24.0,500,0.0,0.0,24.254248290291347,10.715562836737003,1.4524811743621098,,,
R3,Stationary_AR,0.034899395381586706,0.3222336965792525,0.0682048831989801,0.6399442507961866,0.5868219826793225,None,100,,,500,0.0,0.0,0.0,0.0,5.0,0.4222831972565536,,
R4,Trending_ExponentialGrowth,0.9989756970165243,0.266611532780221,0.9992746093317882,0.35186025156527034,0.2901375660661124,None,24,,,500,,,0.0,0.0,0.6538989381361582,,,
R1,Composite,0.997746260992432,0.9618624705281891,0.999817258341023,0.9965191198298078,0.9192543773173061,48,50,48.0,96.0,500,-0.3631046492444875,3.3411556921295866e-05,16.62873492980768,4.817912692188944,1.0911288020160983,,,
R2,Seasonal,0.6524891013166099,0.8909464201488083,0.9406735031947873,0.9943021481409661,0.956218466329555,48,50,48.0,96.0,500,0.0,0.0,14.56890566076117,8.602066918011033,1.100508532379641,,,
R3,Stationary_AR,0.010566799167841423,0.7903458886088242,0.011073592802244292,0.5244329727498336,0.0,None,250,,,500,0.0,0.0,0.0,0.0,5.0,0.6509085824531395,,
R4,Trending_MeanShift,0.9998039510519141,0.9992128568598713,0.9996598786970264,0.9986569457246495,0.0,None,250,,,500,,,0.0,0.0,1.331478681120426,,250.0,
R1,Composite,0.9978475246881506,0.9744054123750175,0.9996785044448858,0.9961373528561185,0.8516741688077873,12,12,12.0,24.0,500,0.3333140706597092,1.3335580022907152e-05,19.831032053669887,5.709445058257634,1.3369066036556134,,,
R2,Seasonal,0.7315783718312626,0.9772262025396637,0.9169201970672398,0.9979439032202925,0.911271328563606,12,12,12.0,24.0,500,0.0,0.0,17.83071194199099,5.185885311335066,0.8820651599781804,,,
R3,Stationary_AR,0.001974196263500594,0.3004822598236123,0.006392425766570953,0.7235909771267566,0.6392796935512046,None,125,,,500,0.0,0.0,0.0,0.0,5.0,0.5130629933250964,,
R4,Trending_RandomWalkDrift,0.9971969671084012,0.9701643558602506,0.8207120031996773,0.4886346553423231,0.0,None,250,,,500,,,0.0,0.0,0.8266008274018242,,,0.17246438226043131
R1,Composite,0.9733483795931649,0.9451985823124848,0.9984078731191349,0.9967897909720327,0.9444258567221991,12,12,12.0,24.0,500,-0.13166879015060112,3.7908088781297726e-05,16.643321236022715,7.718678280035469,0.9498873157080343,,,
R2,Seasonal,0.7327589853742245,0.9545744476541721,0.9217349679363609,0.9962001306385883,0.9196815314640604,12,12,12.0,24.0,500,0.0,0.0,26.091584710929745,10.762005726148335,1.6079136614487075,,,
R3,Stationary_AR,0.19359406386925948,0.2978162203024992,0.33312812906671196,0.4528458189744262,0.5449615564563812,None,17,,,500,0.0,0.0,0.0,0.0,5.0,0.4680795754568077,,
R4,Trending_ExponentialGrowth,0.9987205281913767,0.18840863166292288,0.9991217853907362,0.30547036748723366,0.3081264459218668,None,24,,,500,,,0.0,0.0,0.5685733620808574,,,
R1,Composite,0.9942282563418817,0.8624194525248352,0.9996065233590516,0.9895702374794499,0.9331511663613686,12,12,12.0,24.0,500,0.23502567411610348,-2.1505151907476583e-05,8.71587302861193,6.7130939151187405,0.9913272845561335,,,
R2,Seasonal,0.7522320741042376,0.9305658147305371,0.9836649613485453,0.9986495755916022,0.9818044370501093,12,12,12.0,24.0,500,0.0,0.0,21.791039239328885,11.96164499788853,0.7071716979786447,,,
R3,Stationary_AR,0.19573243499109416,0.20554468620093969,0.3358939589061245,0.43997225890126945,0.601143689834589,None,16,,,500,0.0,0.0,0.0,0.0,5.0,0.4849473941368995,,
R4,Trending_RandomWalkDrift,0.9969871321212851,0.14446371079990472,0.9997373968708937,0.776747796193517,0.912006209241914,None,24,,,500,,,0.0,0.0,0.8438067763654896,,,-0.40670072428049553
R1,Composite,0.993640724184514,0.9731606642727608,0.9986905193268063,0.993713958567039,0.7961526973748447,48,50,48.0,96.0,500,0.22212780597279588,-2.730599952886704e-05,20.614319942558865,3.3317057730596034,1.339813831899015,,,
R2,Seasonal,0.6510418722495952,0.9382743662692943,0.9500596317920624,0.9974307965839503,0.963313802697233,48,50,48.0,96.0,500,0.0,0.0,20.31309488230685,8.673680991597434,1.015551234736707,,,
R3,Stationary_WN,0.14079450647006275,0.13202553678232998,0.41361875889643784,0.2205229082757164,0.36523290142525855,None,3,,,500,0.0,0.0,0.0,0.0,5.4239768187924495,,,
R4,Trending_RandomWalkDrift,0.9907282062931376,0.20906628749217726,0.9987201171339937,0.6455314416316934,0.8649712625083954,None,24,,,500,,,0.0,0.0,1.469483946640076,,,0.3892195182900132
R1,Composite,0.9953648584594669,0.9456513174112198,0.9996714688794304,0.9960492164996321,0.9300607708472904,24,24,24.0,48.0,500,0.2343780708270675,3.7267392025555634e-05,14.625296544369581,6.267650183821565,0.8820231765857858,,,
R2,Seasonal,0.6341099350035792,0.9750912924981041,0.737219619858542,0.995467095195402,0.819253122378022,24,24,24.0,48.0,500,0.0,0.0,18.473682933450426,4.706123224946033,1.376083703252056,,,
R3,Stationary_WN,0.14668477472433283,0.09242432696831615,0.4620861141422925,0.11963012040086951,0.22090745923171917,None,2,,,500,0.0,0.0,0.0,0.0,9.083644363735782,,,
R4,Trending_RandomWalkDrift,0.09408558965702096,0.8973269850590098,0.05532395237578347,0.9462031284477975,0.48862747819014307,None,250,,,500,,,0.0,0.0,1.4668884421248893,,,0.14780522412469962
R1,Composite,0.9913241924989644,0.990185237371337,0.9985828252599681,0.9984360548150134,0.8403594155596062,24,24,24.0,48.0,500,0.11031203677784246,3.538811875151108e-05,24.695549516249397,3.9525180353133527,1.1311776357687928,,,
R2,Seasonal,0.7033291187467614,0.9501788857438098,0.965118485206776,0.9986006942193271,0.9729017684904414,24,24,24.0,48.0,500,0.0,0.0,22.346041246361935,9.535625475129383,0.8796546321157831,,,
R3,Stationary_AR,0.003979477141446308,0.8232779896373215,0.01321540467833704,0.8645304371104623,0.2470283008654608,None,250,,,500,0.0,0.0,0.0,0.0,5.0,0.6944629399846936,,
R4,Trending_RandomWalkDrift,0.993448689245857,0.22487197093687317,0.9993662894941276,0.7533718727393899,0.9056650744513454,None,24,,,500,,,0.0,0.0,0.8268537562063475,,,-0.16997908429030342
R1,Composite,0.9992214680658092,0.9865617524374836,0.9996976848911696,0.9947009802980737,0.6120066246294212,24,24,24.0,48.0,500,-0.39263198946254574,4.5815544168380896e-05,17.969376132667392,2.1974091979550825,1.3508973211835338,,,
R2,Seasonal,0.6910508238080213,0.936819561980378,0.9128654488503318,0.9955540830630576,0.9330292071821602,24,24,24.0,48.0,500,0.0,0.0,19.208673657588772,8.841705130629972,1.3723941038414862,,,
R3,Stationary_WN,0.19559506975391583,0.08069729995632502,0.4993146741004989,0.11051903051699885,0.26215300264056285,None,2,,,500,0.0,0.0,0.0,0.0,12.000526626338289,,,
R4,Trending_MeanShift,0.9999298461821938,0.9997186024441285,0.999841372414426,0.9993758355782261,0.0,None,250,,,500,,,0.0,0.0,1.196381205262002,,250.0,
R1,Composite,0.9977337403519095,0.9553215939851665,0.9999166007737185,0.9983065744671731,0.9633088247463236,24,24,24.0,48.0,500,-0.3240252576622361,-3.9930103401479327e-05,15.328927756424378,6.093230414548547,0.6297837699466655,,,
R2,Seasonal,0.7045200132725871,0.9290780352765112,0.974703182933839,0.9985476526992146,0.9805985966989944,24,24,24.0,48.0,500,0.0,0.0,14.40239226101145,7.525671258596234,0.6756838786064595,,,
R3,Stationary_AR,0.18059033619320564,0.32458331646419303,0.3524263688666137,0.5984991198154133,0.6898064294818322,None,25,,,500,0.0,0.0,0.0,0.0,5.0,0.6835937081019474,,
R4,Trending_ExponentialGrowth,0.99669209505176,0.2702273745279895,0.9976750551148356,0.33090728060919905,0.29199108892927605,None,24,,,500,,,0.0,0.0,1.0584145673995229,,,
R1,Composite,0.9978962900423313,0.9306671886324328,0.9999296202135604,0.9975500635669551,0.9666151768990282,24,24,24.0,48.0,500,-0.3952429109646157,-3.0061820098873335e-05,13.900184038866293,7.038125568234081,0.7668666462282367,,,
R2,Seasonal,0.7054378404912048,0.9392767927719684,0.9704090672476937,0.9985330208703026,0.9769251399681291,24,24,24.0,48.0,500,0.0,0.0,24.654831259656667,11.62866577593389,0.974796783228203,,,
R3,Stationary_AR,0.05286645848383187,0.2623808031108682,0.165267067743034,0.5813682636221085,0.6913860264696579,None,71,,,500,0.0,0.0,0.0,0.0,5.0,0.6660686072324045,,
R4,Trending_MeanShift,0.9997084758844721,0.9988368412675099,0.9988610065748739,0.9952080364403942,0.0,None,250,,,500,,,0.0,0.0,1.3400660201846328,,250.0,
R1,Composite,0.9984864641174689,0.9257680782315298,0.9998809379585073,0.9938307639203433,0.9217765578525685,24,24,24.0,48.0,500,0.3310655679691258,-1.4290871616243753e-05,9.00743412409626,4.413539252974507,0.7444923516464873,,,
R2,Seasonal,0.6993601215131378,0.9093289043092678,0.9606432195259386,0.9970521503426399,0.969828874414884,24,24,24.0,48.0,500,0.0,0.0,11.819043596880148,6.94155467848843,0.7887315226672305,,,
R3,Stationary_WN,0.09309319517019954,0.23263050192270973,0.2160534946187609,0.37706852362303445,0.35612792828297124,None,11,,,500,0.0,0.0,0.0,0.0,6.639000339652394,,,
R4,Trending_MeanShift,0.9999582266392043,0.9998330304708765,0.9999589126326867,0.9998348469465846,0.015247124974143156,None,250,,,500,,,0.0,0.0,0.737393520798321,,250.0,
R1,Composite,0.9918868817866239,0.8436176809042397,0.9997852102737759,0.9952504305732499,0.9741581854760287,36,36,36.0,72.0,500,0.21296471464448882,2.9141209937040155e-05,9.82956034027972,7.8955107362336,0.6741522968089181,,,
R2,Seasonal,0.709670686382129,0.9502069276697762,0.9657148347595668,0.9985666671707668,0.9725814922388174,36,36,36.0,72.0,500,0.0,0.0,27.810812168909468,11.874685582314722,1.1060750645160153,,,
R3,Stationary_WN,0.07963606850423555,0.20183195466633364,0.35043939751236985,0.29887620578850926,0.32022095707832543,None,4,,,500,0.0,0.0,0.0,0.0,6.911004171452627,,,
R4,Trending_MeanShift,0.9999773838801925,0.9999095690996029,0.9999794805515378,0.9999178288634635,0.09235842704795416,None,250,,,500,,,0.0,0.0,0.8004905714512643,,250.0,
R1,Composite,0.9985758871017458,0.9810120118650913,0.9998010224920278,0.9973435452543444,0.8609642507845437,24,24,24.0,48.0,500,0.3066808664162257,2.8247374475885003e-05,17.723513084464017,4.087611435806146,0.9972993139445219,,,
R2,Seasonal,0.6703835437965899,0.9431643051818495,0.848719669661157,0.9933527214209682,0.8873985405731981,24,24,24.0,48.0,500,0.0,0.0,16.440731873575587,6.832603579631868,1.4959246706465201,,,
R3,Stationary_WN,0.08731188622021235,0.0939175416043464,0.2560800814228459,0.24002514450696144,0.3654653680363136,None,7,,,500,0.0,0.0,0.0,0.0,12.246497748248967,,,
R4,Trending_ExponentialGrowth,0.987131159292504,0.29281525668702224,0.99133896937671,0.39001703204025284,0.32673145432713113,None,24,,,500,,,0.0,0.0,0.8001172174883142,,,
R1,Composite,0.9956449577408558,0.9364056596452408,0.999692047447276,0.995326625450541,0.9298239742950521,24,24,24.0,48.0,500,-0.27032535619198794,-2.7908438431692784e-05,14.523054241082509,6.880348238208828,1.0967772216160043,,,
R2,Seasonal,0.6442101424138573,0.9716323334121681,0.7705116291170231,0.9955170463042432,0.8438607118924113,24,24,24.0,48.0,500,0.0,0.0,22.195175380989106,6.292870534539546,1.536673638066889,,,
R3,Stationary_AR,0.07962359445959699,0.23904503242257535,0.13434765958483552,0.49183186571018844,0.602733449212927,None,42,,,500,0.0,0.0,0.0,0.0,5.0,0.6298171640904972,,
R4,Trending_RandomWalkDrift,0.8986868541766782,0.3401969051462532,0.9958245031219457,0.9415989501562856,0.963184146588026,None,125,,,500,,,0.0,0.0,0.9273437486308747,,,0.10236309972376056
R1,Composite,0.9887666013040757,0.9771329762614437,0.999634471042817,0.9992693607279474,0.9686334426270152,12,12,12.0,24.0,500,0.18069677160472153,-2.7382461098715053e-05,24.054215146691558,7.2002593546923475,0.6738892402705919,,,
R2,Seasonal,0.7389456971384847,0.9735649292776142,0.9481708709417704,0.9985214962983285,0.9451323233046304,12,12,12.0,24.0,500,0.0,0.0,29.895964912316753,9.421559076552661,1.2441716685688922,,,
R3,Stationary_WN,0.22591710170352008,0.2285383187684744,0.4134008045357628,0.2873913919298927,0.24050710531442732,None,3,,,500,0.0,0.0,0.0,0.0,7.153317891073193,,,
R4,Trending_MeanShift,0.9999455569581543,0.9997826857616411,0.9996434701637201,0.9985459183724567,0.0,None,250,,,500,,,0.0,0.0,1.1994336004937622,,250.0,
