True_Regime,Pattern,F_T,F_S,F_I,True_P,Est_P,rand_p1,rand_p2,length,slope,curve,amp1,amp2,noise_std,phi,break_point,drift
R1,Composite,0.9999481333008984,0.9985231783800194,0.9633592953483902,12,12,12.0,24.0,500,0.3677086002414821,4.508194557163664e-05,14.856526464830468,5.88358578690748,0.5729247088043106,,,
R2,Seasonal,0.9343647028470053,0.9984014217454688,0.9296433541911889,12,12,12.0,24.0,500,0.0,0.0,23.961501372983527,6.910164765186463,1.0768573930571352,,,
R3,Stationary_AR,0.23929252588098515,0.4041779394995695,0.5717287040101251,None,45,,,500,0.0,0.0,0.0,0.0,5.0,0.4370708218655707,,
R4,Trending_MeanShift,0.999450281254117,0.9976950608024858,0.0,None,250,,,500,,,0.0,0.0,1.3595158745870242,,250.0,
R1,Composite,0.9997657707056758,0.9989588153447686,0.9442196271957712,12,12,12.0,24.0,500,-0.2356445673623577,2.986976559388759e-05,21.466027174382212,5.6422608116829505,0.7671991101293282,,,
R2,Seasonal,0.8758519671258607,0.997408237258237,0.8754843265924969,12,12,12.0,24.0,500,0.0,0.0,20.514949655193547,5.347000765328382,1.0665470175081835,,,
R3,Stationary_WN,0.5211267118905688,0.10373531183882956,0.24117232079486128,None,2,,,500,0.0,0.0,0.0,0.0,9.126799835695957,,,
R4,Trending_RandomWalkDrift,0.989542100056477,0.5878608867583324,0.891134273187877,None,24,,,500,,,0.0,0.0,0.7618097958177712,,,-0.1366507805223523
R1,Composite,0.9998175413281633,0.9934916863883325,0.9590541662142644,36,36,36.0,72.0,500,-0.2784345829034626,3.732878166275194e-05,8.994089474947037,6.5986437667420095,0.7944710041523553,,,
R2,Seasonal,0.8608543046383019,0.9958921074712307,0.8991952252879779,36,36,36.0,72.0,500,0.0,0.0,26.48939251241522,9.25824696515204,1.8838110050694343,,,
R3,Stationary_AR,0.03401469877080632,0.709161600452989,0.7054330759500094,None,100,,,500,0.0,0.0,0.0,0.0,5.0,0.689920542919551,,
R4,Trending_ExponentialGrowth,0.9842727042343461,0.2945428665766675,0.25466405524341573,None,24,,,500,,,0.0,0.0,1.3937921633537154,,,
R1,Composite,0.9997732484707281,0.9970662797012195,0.8964264493431946,24,24,24.0,48.0,500,0.39964411034836045,-3.235573249932783e-05,21.51750581302872,6.163985598776074,1.3390968061036554,,,
R2,Seasonal,0.8679153580901204,0.9972708928688333,0.9064358242223118,24,24,24.0,48.0,500,0.0,0.0,17.280471095428833,5.0862653744898925,0.8752678727150399,,,
R3,Stationary_WN,0.24692817404583556,0.33809644018786056,0.2664889789016215,None,6,,,500,0.0,0.0,0.0,0.0,14.163888564445498,,,
R4,Trending_MeanShift,0.9999608127064317,0.9998433039110884,0.0,None,250,,,500,,,0.0,0.0,1.2421742727445337,,250.0,
R1,Composite,0.9995178526071032,0.99051778928553,0.8537439355971878,36,36,36.0,72.0,500,0.29768087757701667,1.5449681273513925e-05,13.967402686044071,5.8559736109377525,1.4046866829428448,,,
R2,Seasonal,0.9587031689657151,0.9953121585097424,0.9655411795367302,36,36,36.0,72.0,500,0.0,0.0,15.955446951581628,11.186385100343102,1.2839987029586586,,,
R3,Stationary_WN,0.4516608470505328,0.03586449996927066,0.24412753636933027,None,2,,,500,0.0,0.0,0.0,0.0,7.610976714622613,,,
R4,Trending_MeanShift,0.9988583709141776,0.995592730509141,0.0,None,250,,,500,,,0.0,0.0,1.4729283498486168,,250.0,
R1,Composite,0.9998177168183839,0.9977837743536531,0.7373623743435442,12,12,12.0,24.0,500,0.36209262188502034,-3.782456922930365e-05,20.01453714491857,2.8913170818042557,0.9668197091595249,,,
R2,Seasonal,0.6684994583218888,0.9786596815294791,0.7239730008201736,12,12,12.0,24.0,500,0.0,0.0,12.51683126427521,5.306925889962826,1.994378103077322,,,
R3,Stationary_WN,0.4524955863103841,0.19336572481607572,0.3657595698534266,None,3,,,500,0.0,0.0,0.0,0.0,9.919974784904557,,,
R4,Trending_ExponentialGrowth,0.9965559968624826,0.45456471141678356,0.4432124518455508,None,24,,,500,,,0.0,0.0,0.6265659460407468,,,
R1,Composite,0.9993922550227207,0.9952694450342007,0.7749403350203243,12,12,12.0,24.0,500,0.22914625924301416,4.54630928704912e-05,18.30460050634453,4.140544492284752,1.3759023705299025,,,
R2,Seasonal,0.9340230216727852,0.9955554940257166,0.9337110300235749,12,12,12.0,24.0,500,0.0,0.0,23.45416541771777,11.519314325045574,1.6563961848729483,,,
R3,Stationary_AR,0.31316649350579195,0.3868220691527473,0.40287504955772446,None,12,,,500,0.0,0.0,0.0,0.0,5.0,0.4609544320873326,,
R4,Trending_RandomWalkDrift,0.9996315195835307,0.7757715710603423,0.9124338532736522,None,24,,,500,,,0.0,0.0,0.5324516031758246,,,0.2696424963198616
R1,Composite,0.9996659299920796,0.9934633349179582,0.7594598375399052,36,36,36.0,72.0,500,0.2702814972195746,1.9587954448846916e-05,12.776833932047763,3.1777014267856236,1.0607893556415366,,,
R2,Seasonal,0.9181885639125069,0.9977332430348544,0.9349336828670246,36,36,36.0,72.0,500,0.0,0.0,13.058247604642322,4.466661409267917,0.6767637117601657,,,
R3,Stationary_AR,0.07210251419854763,0.33002983643540396,0.5549419660105606,None,56,,,500,0.0,0.0,0.0,0.0,5.0,0.4978754002973625,,
R4,Trending_MeanShift,0.9998729885633559,0.999485999780493,0.0,None,250,,,500,,,0.0,0.0,0.7243754071617423,,250.0,
R1,Composite,0.9998801324264477,0.9983210169548734,0.9786403920922871,36,36,36.0,72.0,500,0.25146556786577373,-1.6664763366091183e-05,13.165515007991843,7.014492827037802,0.576573213819036,,,
R2,Seasonal,0.9213114226067007,0.9862715036875107,0.9394639172616233,36,36,36.0,72.0,500,0.0,0.0,12.55880071361194,10.987329134132827,1.5639355304628741,,,
R3,Stationary_AR,0.14289428025341444,0.4250133419523717,0.4166547715461226,None,21,,,500,0.0,0.0,0.0,0.0,5.0,0.41757093891202923,,
R4,Trending_MeanShift,0.9990295456985825,0.9957434324648022,0.0,None,250,,,500,,,0.0,0.0,1.4272496529078582,,250.0,
R1,Composite,0.9998606512921906,0.9920624320615546,0.8875729601167154,48,50,48.0,96.0,500,-0.3410594322818663,3.5058234327023086e-05,8.993402913684628,3.5310399878482777,0.8197825044370884,,,
R2,Seasonal,0.613128407444795,0.9944782299241142,0.8316322898705847,48,50,48.0,96.0,500,0.0,0.0,20.95800197122751,4.07342224116069,1.4173841001544996,,,
R3,Stationary_WN,0.336073587966365,0.3013437429297221,0.3059389858425976,None,5,,,500,0.0,0.0,0.0,0.0,6.868697733635231,,,
R4,Trending_MeanShift,0.9998547251790558,0.9994193556098198,0.24419450318084546,None,250,,,500,,,0.0,0.0,0.9729601964409745,,250.0,
R1,Composite,0.99985252780192,0.9977314376348309,0.9073476105973909,48,50,48.0,96.0,500,0.32869613846585316,2.2991073748808076e-05,18.376021998276386,4.069912059458299,0.8749641439644175,,,
R2,Seasonal,0.8600651221554877,0.9972197517505301,0.9210007328607781,48,50,48.0,96.0,500,0.0,0.0,29.104795785174247,7.945215970861409,1.4348985359049995,,,
R3,Stationary_AR,0.27155022196454326,0.568820856220446,0.6277915045357958,None,31,,,500,0.0,0.0,0.0,0.0,5.0,0.5624725882257946,,
R4,Trending_MeanShift,0.999937500565008,0.9997454373166178,0.0,None,250,,,500,,,0.0,0.0,0.9514174512690209,,250.0,
R1,Composite,0.9997868023282576,0.9977057946907378,0.9350373004033334,12,12,12.0,24.0,500,0.3459400603292907,-2.9300586411074634e-05,20.445206121013115,7.249206222990505,1.0975078326816659,,,
R2,Seasonal,0.9376106142088574,0.9985240808729025,0.9243860262795844,12,12,12.0,24.0,500,0.0,0.0,26.36680672683638,7.285009487542394,0.7406514851850587,,,
R3,Stationary_AR,0.3130270500860468,0.40923195145241775,0.5644600293279687,None,12,,,500,0.0,0.0,0.0,0.0,5.0,0.4653082403451193,,
R4,Trending_MeanShift,0.999972786009606,0.9998912151744065,0.0,None,250,,,500,,,0.0,0.0,0.6103876537814442,,250.0,
R1,Composite,0.9999018026013018,0.9979528491369014,0.9164926675226727,24,24,24.0,48.0,500,0.358691761245303,3.365392217175919e-05,16.54330988802176,4.590231416948024,0.7786457556854782,,,
R2,Seasonal,0.9613658532289668,0.9976698406937109,0.9701871178807178,24,24,24.0,48.0,500,0.0,0.0,22.72199534286434,11.903278013347311,1.2123664736613333,,,
R3,Stationary_AR,0.003468974374579714,0.7609007121900113,0.7715742150630209,None,125,,,500,0.0,0.0,0.0,0.0,5.0,0.5893144671756843,,
R4,Trending_MeanShift,0.9999446863168989,0.9997787044845847,0.0,None,250,,,500,,,0.0,0.0,1.0100090862175666,,250.0,
R1,Composite,0.9998178263884083,0.9972497927085293,0.923123922777495,36,36,36.0,72.0,500,-0.2748443372208907,1.3577554348741075e-05,14.082791555964343,4.6602522743679735,0.8212948648112696,,,
R2,Seasonal,0.9729860615918737,0.9991128570202058,0.9777543722703919,36,36,36.0,72.0,500,0.0,0.0,28.454959379134706,10.762707893105679,0.8569777991407573,,,
R3,Stationary_AR,0.30637224497070425,0.3974895596701493,0.5183629113028053,None,17,,,500,0.0,0.0,0.0,0.0,5.0,0.4275042611660908,,
R4,Trending_MeanShift,0.9998350120847169,0.9993347825304975,0.0,None,250,,,500,,,0.0,0.0,1.0354005254314695,,250.0,
R1,Composite,0.9998468242722787,0.9985014763701848,0.8386478445319469,12,12,12.0,24.0,500,0.3214073770021676,1.5096126280573713e-05,21.42033650660246,3.4478055972230695,0.9233272206474025,,,
R2,Seasonal,0.9792075044519264,0.9974455896171583,0.9772544317263497,12,12,12.0,24.0,500,0.0,0.0,16.23297370712733,10.931535398737342,0.7876788913839122,,,
R3,Stationary_WN,0.4771252337118602,0.10190071471230866,0.17832555099940772,None,2,,,500,0.0,0.0,0.0,0.0,7.527453517406286,,,
R4,Trending_MeanShift,0.999971594482066,0.9998868939523416,0.0,None,250,,,500,,,0.0,0.0,0.7582999382604664,,250.0,
R1,Composite,0.9991146966672216,0.9917049532266515,0.8898008041139667,36,36,36.0,72.0,500,-0.2427956900960143,4.8195787432205535e-05,14.630479689512317,6.93517894599037,1.3987504289042505,,,
R2,Seasonal,0.9228835006790456,0.9963014056965817,0.9382200717244674,36,36,36.0,72.0,500,0.0,0.0,19.58196071886803,8.792726829767881,1.303580952696016,,,
R3,Stationary_AR,0.1203404109313736,0.5781754222315231,0.6158735868764813,None,36,,,500,0.0,0.0,0.0,0.0,5.0,0.4992253113683541,,
R4,Trending_ExponentialGrowth,0.9932662602431277,0.4058543882294682,0.3774368495614293,None,24,,,500,,,0.0,0.0,0.8023128773409299,,,
R1,Composite,0.9996248937960931,0.9936276344304223,0.8666611593898926,48,50,48.0,96.0,500,0.35118044188645925,2.6806433453526246e-05,18.664750094978615,5.806697703094111,1.4864283031463779,,,
R2,Seasonal,0.051281781180314345,0.9890488111749302,0.6751597910970077,48,100,48.0,96.0,500,0.0,0.0,11.611017166497902,10.541409237855756,1.8710748677988898,,,
R3,Stationary_WN,0.3519201301286695,0.179228200002301,0.3257880871101235,None,4,,,500,0.0,0.0,0.0,0.0,5.948578650783181,,,
R4,Trending_ExponentialGrowth,0.9906603168814732,0.47279295069674654,0.4384723970365443,None,24,,,500,,,0.0,0.0,1.2757048943338485,,,
R1,Composite,0.9994321607030312,0.9923109557168085,0.8691751800241381,12,12,12.0,24.0,500,0.19685345282346967,3.0629036163907305e-05,11.474183618290988,5.100742063349863,1.0947509196263572,,,
R2,Seasonal,0.95227231627635,0.999528556803377,0.9497683074601314,12,12,12.0,24.0,500,0.0,0.0,29.857194000597673,5.642692881377648,0.7149767437406191,,,
R3,Stationary_WN,0.260474704393865,0.31236105004096526,0.2981845337221949,None,8,,,500,0.0,0.0,0.0,0.0,10.87398425333757,,,
R4,Trending_RandomWalkDrift,0.9948191787513045,0.8767483008601741,0.7161579492200637,None,250,,,500,,,0.0,0.0,1.078518880058388,,,-0.3480329860700302
R1,Composite,0.9998405953561919,0.9983812907073445,0.9263022238448356,12,12,12.0,24.0,500,-0.3067032737211113,-1.4972771878523356e-05,20.01277351886427,5.710087039808995,0.8612579274027113,,,
R2,Seasonal,0.7143332208721758,0.9970411296228758,0.7474651059643077,12,12,12.0,24.0,500,0.0,0.0,26.727643612131246,4.439001011199385,1.483103006686104,,,
R3,Stationary_WN,0.04024277057999359,0.4020176572651406,0.3098643070003997,None,36,,,500,0.0,0.0,0.0,0.0,12.845855629066408,,,
R4,Trending_ExponentialGrowth,0.9977159230317532,0.325133429874238,0.33865553790938774,None,24,,,500,,,0.0,0.0,0.9557035568403786,,,
R1,Composite,0.9998139161392591,0.9969959944649203,0.9596835153595281,24,24,24.0,48.0,500,-0.294277178630882,-3.3026302275247223e-05,15.30125634446172,7.86751434485024,0.9584889779253757,,,
R2,Seasonal,0.8641280512066767,0.9955890445736577,0.9028192317039393,24,24,24.0,48.0,500,0.0,0.0,27.73924419051163,10.301774692894273,1.917214494145431,,,
R3,Stationary_WN,0.5282149423600406,0.18157187949065257,0.3261059238737247,None,2,,,500,0.0,0.0,0.0,0.0,12.850649137390365,,,
R4,Trending_MeanShift,0.9999515343120443,0.9998057534715633,0.17581200460997293,None,250,,,500,,,0.0,0.0,0.9807120263813236,,250.0,
R1,Composite,0.9998231332988342,0.9928344831524794,0.9052465704469872,36,36,36.0,72.0,500,-0.32518440103124296,-3.147460210251445e-05,10.870670895266663,5.2323270800698705,1.0099661735828627,,,
R2,Seasonal,0.9838489133542331,0.9990174166460698,0.9865658026360636,36,36,36.0,72.0,500,0.0,0.0,20.923727583897083,10.708615036098038,0.5840523698944386,,,
R3,Stationary_AR,0.3310731675933485,0.4997730668817203,0.6807571911629862,None,22,,,500,0.0,0.0,0.0,0.0,5.0,0.6868211322648218,,
R4,Trending_ExponentialGrowth,0.9995250427761446,0.445034063892205,0.3877009478511405,None,24,,,500,,,0.0,0.0,1.1326789888889883,,,
R1,Composite,0.9998733661511735,0.9892886119923822,0.8157790160788456,24,24,24.0,48.0,500,-0.3943714716752815,-4.7540114668606454e-05,8.967112495490571,3.438177966329234,1.1331728330601565,,,
R2,Seasonal,0.8138379946449017,0.9968470987977972,0.8671325602552826,24,24,24.0,48.0,500,0.0,0.0,24.01925126011619,6.19885537877601,1.3694191872882135,,,
R3,Stationary_AR,0.3312339703262541,0.46995137772871864,0.5683114975981123,None,16,,,500,0.0,0.0,0.0,0.0,5.0,0.4672992092973103,,
R4,Trending_MeanShift,0.9999202820400029,0.9996804668416581,0.0,None,250,,,500,,,0.0,0.0,0.8715095221019648,,250.0,
R1,Composite,0.9996832149466585,0.9914794236706219,0.9125248735519824,24,24,24.0,48.0,500,-0.2302250879367983,-3.1741125990335576e-05,9.380301372375737,5.241617036765549,0.9758874146401284,,,
R2,Seasonal,0.8987613941559066,0.9965284355512288,0.92758930508383,24,24,24.0,48.0,500,0.0,0.0,16.958757173628356,6.568820898501299,1.1688679055019813,,,
R3,Stationary_WN,0.5058278133248585,0.15252158193855914,0.23393310580443483,None,2,,,500,0.0,0.0,0.0,0.0,12.977160132018268,,,
R4,Trending_MeanShift,0.9996892203122532,0.9987514176221629,0.0,None,250,,,500,,,0.0,0.0,1.2348464198835616,,250.0,
R1,Composite,0.9998238805677307,0.9914280399576251,0.8210882945738978,36,36,36.0,72.0,500,0.388782729394864,4.285926910934109e-05,11.813365819521733,4.215309588718263,1.1052177589723402,,,
R2,Seasonal,0.7472739525607048,0.9966877615293612,0.8300645524496819,36,36,36.0,72.0,500,0.0,0.0,25.274941057040085,5.520810867082057,1.598048240798846,,,
R3,Stationary_AR,0.1401539812173147,0.4035203237943247,0.48565176901338836,None,17,,,500,0.0,0.0,0.0,0.0,5.0,0.40571668292091284,,
R4,Trending_MeanShift,0.9995587242563829,0.9982543239622417,0.0,None,250,,,500,,,0.0,0.0,1.4962632887536826,,250.0,
R1,Composite,0.9998866477648459,0.9980432254063566,0.9031880936124571,12,12,12.0,24.0,500,0.3637559720066379,-1.8425905272063753e-05,17.279135290367627,4.650167851734412,0.7495487177007236,,,
R2,Seasonal,0.9536364240039744,0.9959459689282847,0.9512764804273084,12,12,12.0,24.0,500,0.0,0.0,20.813328107932975,11.853001646205989,1.3666806112042995,,,
R3,Stationary_WN,0.12721295321767911,0.3437548863564862,0.2904475240107969,None,12,,,500,0.0,0.0,0.0,0.0,9.002210824469678,,,
R4,Trending_MeanShift,0.9968643925769424,0.9887264223647843,0.0,None,250,,,500,,,0.0,0.0,1.0395762605528591,,250.0,
R1,Composite,0.9999382061529923,0.9989280032829678,0.9808924016592477,24,24,24.0,48.0,500,-0.3433345158306098,-2.7449161730370233e-05,17.143332934221842,7.6140397260544335,0.5431667273210579,,,
R2,Seasonal,0.9529441012866721,0.9996196324427331,0.9649147153378402,24,24,24.0,48.0,500,0.0,0.0,28.887462035035764,5.456709238439417,0.5656811932747157,,,
R3,Stationary_AR,0.1093573404100644,0.4555106196562728,0.5040406429910722,None,50,,,500,0.0,0.0,0.0,0.0,5.0,0.44441348113882867,,
R4,Trending_RandomWalkDrift,0.9823676935295611,0.9283352542625789,0.7543287771533299,None,250,,,500,,,0.0,0.0,1.234617556252211,,,-0.28298780910273647
R1,Composite,0.9997683282733533,0.9939957286082893,0.9336432912523646,48,50,48.0,96.0,500,0.344943145516002,3.164878024888159e-05,15.108344926328023,7.253791093702995,1.1395432627944762,,,
R2,Seasonal,0.01057530974674703,0.9904504312375435,0.6466651016901057,48,100,48.0,96.0,500,0.0,0.0,11.393883237150156,9.491396894175622,1.366916989535591,,,
R3,Stationary_AR,0.38246401716533596,0.5464245564245422,0.6443285211578669,None,15,,,500,0.0,0.0,0.0,0.0,5.0,0.5777699358957685,,
R4,Trending_ExponentialGrowth,0.9997051683359462,0.38562127647674294,0.48788195752475616,None,24,,,500,,,0.0,0.0,0.6297706807079565,,,
R1,Composite,0.9998880435758667,0.9978288887208643,0.9662554273917935,48,50,48.0,96.0,500,0.3161535920539206,-2.358415078236924e-05,14.69734540173776,6.107335581072527,0.733869598090936,,,
R2,Seasonal,0.9192265234760623,0.9954335377293216,0.9405743031293977,48,50,48.0,96.0,500,0.0,0.0,19.312144446176877,8.559195487467527,1.3062200590365798,,,
R3,Stationary_AR,0.38280789844920227,0.4407134481620022,0.3480241056638481,None,8,,,500,0.0,0.0,0.0,0.0,5.0,0.446889111639579,,
R4,Trending_MeanShift,0.9992705860724209,0.9970381039462405,0.0,None,250,,,500,,,0.0,0.0,0.9305611733224672,,250.0,
R1,Composite,0.9996832546391706,0.9988106041217545,0.8417811464937983,36,36,36.0,72.0,500,-0.19922530943686823,-3.4520877313260296e-05,22.869281792357445,3.163142118031919,0.8411085737180918,,,
R2,Seasonal,0.946366416533604,0.9976471603132161,0.9572648920769622,36,36,36.0,72.0,500,0.0,0.0,26.268245054063264,11.276631972976142,1.349716904064224,,,
R3,Stationary_AR,0.09089825516547345,0.7052566911743602,0.5459385767323477,None,83,,,500,0.0,0.0,0.0,0.0,5.0,0.6027424839184894,,
R4,Trending_RandomWalkDrift,0.975245576861046,0.5063887006066747,0.11835489603392957,None,250,,,500,,,0.0,0.0,0.8447364682825542,,,-0.14406703934256365
R1,Composite,0.9994013351818041,0.9942976186593201,0.7384201768322027,24,24,24.0,48.0,500,0.22903869279464353,-2.3355585063386243e-05,14.142803645308831,3.0507372981534093,1.0817918568190494,,,
R2,Seasonal,0.7693541751362728,0.9885345875773742,0.8407857466292055,24,24,24.0,48.0,500,0.0,0.0,11.928473744490988,5.124010104192319,1.377009863175204,,,
R3,Stationary_WN,0.13561994848643766,0.39183757824170273,0.3254734076926237,None,29,,,500,0.0,0.0,0.0,0.0,7.858543747143003,,,
R4,Trending_MeanShift,0.9998802244415284,0.9995298990292091,0.0,None,250,,,500,,,0.0,0.0,0.814583710664908,,250.0,
R1,Composite,0.9990357390980841,0.9878113246163878,0.6736766565350364,24,24,24.0,48.0,500,-0.22236202983603398,3.7738570906817606e-05,11.28481282894755,2.5501223870495586,1.3746839906968753,,,
R2,Seasonal,0.7807656641983578,0.996169221969574,0.8450690471709179,24,24,24.0,48.0,500,0.0,0.0,19.07502111516599,4.959667326424207,1.1925882745437484,,,
R3,Stationary_AR,0.5233332061144901,0.5362948061246181,0.7463420666786208,None,23,,,500,0.0,0.0,0.0,0.0,5.0,0.6938106000978574,,
R4,Trending_MeanShift,0.9817414513891753,0.95240705480357,0.0,None,250,,,500,,,0.0,0.0,0.7642153256380038,,250.0,
R1,Composite,0.9990384703814398,0.9955464557535025,0.8390068818306861,36,36,36.0,72.0,500,0.16054260050150118,-2.20873961421796e-05,14.140559452046826,3.8097104104825092,0.9673502590114169,,,
R2,Seasonal,0.9396967086657523,0.9952842731281882,0.9518813375018856,36,36,36.0,72.0,500,0.0,0.0,14.223947204384249,8.283953005607433,1.0811802649699822,,,
R3,Stationary_WN,0.13807365561279739,0.3708369961943512,0.37985638357769214,None,10,,,500,0.0,0.0,0.0,0.0,7.694309527769296,,,
R4,Trending_MeanShift,0.9999748945797167,0.9998992720612434,0.0,None,250,,,500,,,0.0,0.0,0.5439012323542861,,250.0,
R1,Composite,0.9995964493900987,0.9970337037932004,0.9403263270416407,48,50,48.0,96.0,500,0.1848083113219129,4.534753246339194e-05,16.412113069243503,5.54294281474278,0.9549849932058116,,,
R2,Seasonal,0.8852445442080707,0.9962653797124348,0.9271173113570875,48,50,48.0,96.0,500,0.0,0.0,26.143970898314297,9.033027517117134,1.84813450535214,,,
R3,Stationary_AR,0.011564340152612651,0.0,0.0,None,250,,,500,0.0,0.0,0.0,0.0,5.0,0.5115657835559222,,
R4,Trending_RandomWalkDrift,0.9981082387604742,0.9209227137314726,0.0,None,250,,,500,,,0.0,0.0,1.4715327963588427,,,0.25314432320699
R1,Composite,0.9997612426193555,0.9972027536991612,0.814236811768626,36,36,36.0,72.0,500,-0.3212240026018973,4.165760878026677e-05,17.827040218363784,3.510942625662099,1.1192315651460372,,,
R2,Seasonal,0.9449908291476734,0.994959593408188,0.9545103399656027,36,36,36.0,72.0,500,0.0,0.0,13.440239613783698,8.289819680072256,1.053325344816342,,,
R3,Stationary_AR,0.17177728424319216,0.5059429065914729,0.574181377939261,None,42,,,500,0.0,0.0,0.0,0.0,5.0,0.5337776032645991,,
R4,Trending_ExponentialGrowth,0.9989452293246517,0.3822303637907639,0.4231311688384951,None,24,,,500,,,0.0,0.0,0.9468369686120193,,,
R1,Composite,0.9997919590808992,0.9946643256079398,0.9614479805919723,36,36,36.0,72.0,500,0.27107108679084707,-2.5873133431876565e-05,10.318862009956263,7.159715274150963,0.800354471557214,,,
R2,Seasonal,0.6785327471952196,0.9967417640580103,0.7855295396350558,36,36,36.0,72.0,500,0.0,0.0,28.9948455005815,5.308119334088752,1.56762232749976,,,
R3,Stationary_WN,0.04749526679979099,0.4767175127369814,0.318414786370809,None,28,,,500,0.0,0.0,0.0,0.0,12.386694917912443,,,
R4,Trending_RandomWalkDrift,0.999045533725788,0.7775640337737368,0.9009851399567027,None,24,,,500,,,0.0,0.0,0.6210721365255145,,,0.18074913578171725
R1,Composite,0.999653357189668,0.9938508355152155,0.8588437301457519,24,24,24.0,48.0,500,-0.26910446349961276,2.9939370544533316e-05,12.112597698212769,4.172324791456612,1.0725596225334342,,,
R2,Seasonal,0.774767315632059,0.9966936604863414,0.8429401622260552,24,24,24.0,48.0,500,0.0,0.0,26.21319049189514,6.195542046554744,1.823385232622904,,,
R3,Stationary_AR,0.3832891698380785,0.6776566648102358,0.7320403017071795,None,62,,,500,0.0,0.0,0.0,0.0,5.0,0.6760686490579051,,
R4,Trending_MeanShift,0.9974052091034683,0.9872941535706081,0.0,None,250,,,500,,,0.0,0.0,1.2697568509741948,,250.0,
R1,Composite,0.9990216003946484,0.986205993223916,0.7738457141642883,24,24,24.0,48.0,500,0.20004200085884744,-2.9953166660424335e-05,9.823571943282063,3.5255611530381152,1.2049381419958851,,,
R2,Seasonal,0.9765819502799108,0.9977622896449171,0.9817579792363635,24,24,24.0,48.0,500,0.0,0.0,14.76652893138289,9.882812646365949,0.7049208766706918,,,
R3,Stationary_AR,0.14275743924930018,0.5156401512174728,0.5913331170621514,None,56,,,500,0.0,0.0,0.0,0.0,5.0,0.594582065884421,,
R4,Trending_ExponentialGrowth,0.9990853883526765,0.42155007187256477,0.38880224831777643,None,24,,,500,,,0.0,0.0,1.440334115888657,,,
R1,Composite,0.9992617297276419,0.9979987018051423,0.8925471498931905,48,50,48.0,96.0,500,-0.18576411642561763,-1.1336747264569867e-05,24.227717542141775,3.8894514400451268,0.931729089297288,,,
R2,Seasonal,0.9599013407471206,0.999488329974954,0.9767237073145035,48,50,48.0,96.0,500,0.0,0.0,26.343542027177346,5.817957336731665,0.5593965548361886,,,
R3,Stationary_WN,0.26639509911393666,0.287679012901239,0.3694431914669807,None,12,,,500,0.0,0.0,0.0,0.0,13.889580907272395,,,
R4,Trending_ExponentialGrowth,0.9874233920274107,0.380685752665753,0.36320129435325177,None,24,,,500,,,0.0,0.0,0.9903866512158431,,,
R1,Composite,0.998425253454139,0.9883571789891374,0.9420925705244998,24,24,24.0,48.0,500,-0.11649833841823362,-1.5743301164404817e-05,9.022125775866671,7.4077943903079975,1.1118710367837292,,,
R2,Seasonal,0.9096988730524173,0.9983622763228072,0.9317139017137405,24,24,24.0,48.0,500,0.0,0.0,25.17220006739799,7.0450083518401465,1.0525462836927872,,,
R3,Stationary_WN,0.41313123612475355,0.23540342646075962,0.35946221361443653,None,3,,,500,0.0,0.0,0.0,0.0,10.924858432581999,,,
R4,Trending_ExponentialGrowth,0.9958847139805548,0.3364594477959182,0.2662279489326258,None,24,,,500,,,0.0,0.0,1.2793044153779785,,,
R1,Composite,0.9998015398353556,0.9885237323087278,0.8067785933563202,48,50,48.0,96.0,500,0.3869527870367031,-3.8398512184352894e-05,10.239612258674459,3.15594558325091,1.0971526928786295,,,
R2,Seasonal,0.05694158998313181,0.9975480485108748,0.8750920190911214,48,100,48.0,96.0,500,0.0,0.0,15.524625845800786,11.69498172369595,1.2581692521390968,,,
R3,Stationary_AR,0.5304733215929724,0.5746913278987039,0.7205634383399933,None,31,,,500,0.0,0.0,0.0,0.0,5.0,0.6673699067659794,,
R4,Trending_ExponentialGrowth,0.9990745862185737,0.452385188651237,0.43378430578500216,None,24,,,500,,,0.0,0.0,1.2600509571775282,,,
R1,Composite,0.9994141088035672,0.9967916702133159,0.6341096324804307,12,12,12.0,24.0,500,0.23446720997958662,4.497726819785386e-05,22.495030933755668,2.5118675419846825,1.2280572725230703,,,
R2,Seasonal,0.9456736674767162,0.9990911093249168,0.9443605197434412,12,12,12.0,24.0,500,0.0,0.0,23.497134107548902,5.7598380034115095,0.7495396456292751,,,
R3,Stationary_AR,0.2017535840276079,0.6300846487531976,0.6278890441301883,None,45,,,500,0.0,0.0,0.0,0.0,5.0,0.5259975891743696,,
R4,Trending_MeanShift,0.9998847467135102,0.9995391034937853,0.2653546822763614,None,250,,,500,,,0.0,0.0,1.1338993461216371,,250.0,
R1,Composite,0.9983573468381438,0.9899030321633947,0.930023623889492,12,12,12.0,24.0,500,0.14045625679068743,-3.697188802651522e-05,9.801931629120253,7.370256911239534,1.1129014376188715,,,
R2,Seasonal,0.8343426138098651,0.975967416009915,0.8461038421015425,12,12,12.0,24.0,500,0.0,0.0,11.916070869815652,8.259571051332312,1.9543608282570393,,,
R3,Stationary_WN,0.18044970967722396,0.3002818402716464,0.3832566697388874,None,7,,,500,0.0,0.0,0.0,0.0,11.324965495301846,,,
R4,Trending_RandomWalkDrift,0.0,0.15075441897052544,0.0,None,250,,,500,,,0.0,0.0,1.2833636764714575,,,-0.3524257659895077
R1,Composite,0.9996626798167644,0.9955493889587073,0.9397599869113089,12,12,12.0,24.0,500,0.22046374326289556,4.1038599250182295e-05,13.309167336206741,7.020268949247722,0.9816679460257819,,,
R2,Seasonal,0.9580600607334914,0.9979102559433437,0.9547407656990037,12,12,12.0,24.0,500,0.0,0.0,23.394200470852596,9.830105594356114,1.1363399214456824,,,
R3,Stationary_AR,0.20438005535666082,0.4986058790234392,0.5251899074068493,None,26,,,500,0.0,0.0,0.0,0.0,5.0,0.4515733007245229,,
R4,Trending_MeanShift,0.9999447385601878,0.9997801598340861,0.0,None,250,,,500,,,0.0,0.0,0.59819232997925,,250.0,
R1,Composite,0.9977698304103976,0.9846623369971795,0.6844555054788286,48,50,48.0,96.0,500,-0.13121049890266262,-2.8502626416195146e-05,11.490323030548975,2.542196723097957,1.4296680088515896,,,
R2,Seasonal,0.8410941358728279,0.9951149383425547,0.9128121833285308,48,50,48.0,96.0,500,0.0,0.0,29.55877365414606,9.649564069741196,1.9680763369704612,,,
R3,Stationary_WN,0.4435380153428091,0.24633283274581197,0.29593836783938643,None,3,,,500,0.0,0.0,0.0,0.0,9.000073230708818,,,
R4,Trending_MeanShift,0.9994279646680002,0.9977614733204049,0.0,None,250,,,500,,,0.0,0.0,1.474059956896626,,250.0,
R1,Composite,0.9991121951738076,0.9789346516530468,0.7379299623728199,12,12,12.0,24.0,500,0.22474553135482558,3.661077869761687e-05,9.98060168615716,3.9615655199674666,1.4806227560811456,,,
R2,Seasonal,0.9254782989963659,0.9959476488236516,0.920391134531249,12,12,12.0,24.0,500,0.0,0.0,18.91600721852625,8.113812007062293,1.3491372360506828,,,
R3,Stationary_WN,0.4096250899438404,0.24025873414532684,0.29484216182875755,None,4,,,500,0.0,0.0,0.0,0.0,9.395721736477999,,,
R4,Trending_MeanShift,0.9980328673860999,0.9927701344416474,0.0,None,250,,,500,,,0.0,0.0,1.4329001178329108,,250.0,
R1,Composite,0.9996132481163339,0.9936500454600723,0.8824693082742447,48,50,48.0,96.0,500,0.291868111549784,4.297249568769651e-05,16.61077052511891,4.884919625925958,1.1730985861517937,,,
R2,Seasonal,0.8386593053083773,0.9956749353699232,0.8998314725164129,48,50,48.0,96.0,500,0.0,0.0,18.38358137902445,5.755789531009158,1.2476864823410398,,,
R3,Stationary_WN,0.324310852745444,0.2691372855999845,0.2706836493687116,None,5,,,500,0.0,0.0,0.0,0.0,13.300689645464223,,,
R4,Trending_ExponentialGrowth,0.9938384795878077,0.3872666018061902,0.3562929423754424,None,24,,,500,,,0.0,0.0,0.6987855538399133,,,
R1,Composite,0.999783767731351,0.9989306653519331,0.8309195605133396,36,36,36.0,72.0,500,-0.23796869068913254,1.0469289396084839e-05,21.43355555790173,2.8112374800905564,0.7704330855667149,,,
R2,Seasonal,0.7547542498847121,0.9926863616154763,0.8196389459651168,36,36,36.0,72.0,500,0.0,0.0,22.079093712902235,7.174157161905357,1.8803485300502178,,,
R3,Stationary_AR,0.223180514811254,0.4899972778400349,0.5184472630138299,None,21,,,500,0.0,0.0,0.0,0.0,5.0,0.45314513724117084,,
R4,Trending_RandomWalkDrift,0.9988376742103793,0.6831843101331769,0.8637100447638795,None,24,,,500,,,0.0,0.0,0.8410515348298978,,,0.30520439534222643
R1,Composite,0.9973465310099767,0.9972750398367654,0.8242134119048965,48,50,48.0,96.0,500,-0.10802351628312659,-2.260012763272848e-05,24.540771050435065,3.2101452813821725,1.2012378143251432,,,
R2,Seasonal,0.9737094474009083,0.9984078658020434,0.9797942736589491,48,50,48.0,96.0,500,0.0,0.0,19.38245335064874,8.970853676620326,0.7449889911198855,,,
R3,Stationary_WN,0.29029427294948984,0.32033778029356963,0.3441622462612496,None,5,,,500,0.0,0.0,0.0,0.0,5.6507291862298565,,,
R4,Trending_ExponentialGrowth,0.9988153429148171,0.3275356048062579,0.33871312992362723,None,24,,,500,,,0.0,0.0,1.229256118702951,,,
R1,Composite,0.9999514341068084,0.9994449990215759,0.9791107473345151,36,36,36.0,72.0,500,-0.34014840969736015,-2.7106725543526213e-05,21.48277803241071,6.614144832920594,0.5558932330706045,,,
R2,Seasonal,0.7957471742498476,0.9886001122545222,0.8497111339021517,36,36,36.0,72.0,500,0.0,0.0,10.801750595721858,4.988617170620501,1.1746390782517748,,,
R3,Stationary_AR,0.29564877644060916,0.531461797979802,0.5842197847819943,None,24,,,500,0.0,0.0,0.0,0.0,5.0,0.5801663373922579,,
R4,Trending_RandomWalkDrift,0.9978595899047629,0.5789112732302982,0.8406881458356901,None,24,,,500,,,0.0,0.0,1.0263064491645362,,,0.2977611774464242
R1,Composite,0.9986527864053022,0.9976915930474098,0.6893547963018122,36,36,36.0,72.0,500,-0.1082335792723151,-3.222474905974012e-05,19.390304589470702,2.41109656685917,0.9279509077052565,,,
R2,Seasonal,0.7962989054430777,0.9918848313930716,0.8495524954007782,36,36,36.0,72.0,500,0.0,0.0,19.89789574860514,7.538970750801817,1.843790967139984,,,
R3,Stationary_WN,0.10966207790541282,0.3671481394000594,0.3010362691995,None,31,,,500,0.0,0.0,0.0,0.0,8.869937372874368,,,
R4,Trending_RandomWalkDrift,0.9916976949238472,0.6094762377644689,0.8847820322927984,None,24,,,500,,,0.0,0.0,1.0952158108602381,,,-0.10801528286832568
R1,Composite,0.9999399170497688,0.9949431823493285,0.8814677887182828,24,24,24.0,48.0,500,0.37195469467642495,1.8396794122948747e-05,8.352593393017278,2.9535564794645155,0.6558414654447094,,,
R2,Seasonal,0.9315037854529012,0.9981964272599712,0.9493673736554316,24,24,24.0,48.0,500,0.0,0.0,21.74279551842617,7.509071969190992,1.0557509084906245,,,
R3,Stationary_WN,0.14887911148851318,0.4363991398232214,0.32054172132731074,None,12,,,500,0.0,0.0,0.0,0.0,5.324482946066738,,,
R4,Trending_ExponentialGrowth,0.9831329533506189,0.3888592964186798,0.23960702579430027,None,24,,,500,,,0.0,0.0,1.2967185314423233,,,
R1,Composite,0.999618004944744,0.9865753535478652,0.9448097973687899,24,24,24.0,48.0,500,0.2627008038111954,-1.736669189592673e-05,8.14266317637135,7.79366627101186,1.0551846201215649,,,
R2,Seasonal,0.9508074527510441,0.9982490538866374,0.9629153096217469,24,24,24.0,48.0,500,0.0,0.0,15.361945485642376,6.259406227368581,0.6770094792939911,,,
R3,Stationary_WN,0.315172533327828,0.24198558806920956,0.3340230623544942,None,4,,,500,0.0,0.0,0.0,0.0,13.2319323851125,,,
R4,Trending_MeanShift,0.9996156996183062,0.9984738589151627,0.0,None,250,,,500,,,0.0,0.0,0.7952701052295051,,250.0,
R1,Composite,0.9995717169988612,0.9964038313882622,0.8429220429274072,36,36,36.0,72.0,500,-0.20298995701287303,-1.3991038629575506e-05,14.706013287299738,3.648947343116408,0.9657885607629763,,,
R2,Seasonal,0.9081185565981228,0.9845181712180626,0.9274395107610223,36,36,36.0,72.0,500,0.0,0.0,12.367198047143162,10.363166770189586,1.648710729403157,,,
R3,Stationary_WN,0.40318604733964913,0.16675970357440217,0.43397723392159593,None,3,,,500,0.0,0.0,0.0,0.0,13.944961118529083,,,
R4,Trending_RandomWalkDrift,0.9998209236107422,0.717089642335653,0.9115790351415807,None,24,,,500,,,0.0,0.0,0.935905597086542,,,0.4770973285283867
R1,Composite,0.9994448002280708,0.980285184609719,0.6275412765140815,12,12,12.0,24.0,500,0.27652323035640825,-3.738946404195371e-05,8.76954662645423,2.8702465250658378,1.1134283727814547,,,
R2,Seasonal,0.8710052586512405,0.998147956049134,0.8754287876730333,12,12,12.0,24.0,500,0.0,0.0,22.870317619828814,4.95459349095106,1.137347115856887,,,
R3,Stationary_AR,0.5038972597173262,0.6001128051897396,0.680972224297632,None,13,,,500,0.0,0.0,0.0,0.0,5.0,0.6729420699649311,,
R4,Trending_RandomWalkDrift,0.9994127223822235,0.7593017474281865,0.8336171440955535,None,24,,,500,,,0.0,0.0,1.3619047087716618,,,0.26797403434927747
R1,Composite,0.999337173985837,0.9898018082471325,0.9381873612338051,48,50,48.0,96.0,500,-0.2041816303062981,3.082318971388244e-05,9.893968004928755,6.508752739706048,1.2147513066190676,,,
R2,Seasonal,0.9611668747932586,0.9992821923994792,0.9759491726474376,48,50,48.0,96.0,500,0.0,0.0,27.73250764488844,7.331490906758884,0.7147883125089691,,,
R3,Stationary_WN,0.14472513227005213,0.41214361062726623,0.36147590976546407,None,9,,,500,0.0,0.0,0.0,0.0,14.637669111504737,,,
R4,Trending_RandomWalkDrift,0.9994971405509038,0.5399269400776376,0.8803562802199033,None,24,,,500,,,0.0,0.0,0.7887925694064256,,,0.3114024485532303
R1,Composite,0.9989066216310749,0.9957059978984262,0.6941579468297179,36,36,36.0,72.0,500,-0.1996919660831879,4.1264666985340104e-05,18.32770770566686,3.098778183870113,1.2486839552327742,,,
R2,Seasonal,0.9787757396511971,0.9985892283000781,0.9828949344295163,36,36,36.0,72.0,500,0.0,0.0,20.91551377018316,11.406071291265018,0.8315829144999431,,,
R3,Stationary_AR,0.22379490996365892,0.4772571606721624,0.5945559276378405,None,38,,,500,0.0,0.0,0.0,0.0,5.0,0.5555642228523179,,
R4,Trending_MeanShift,0.999198891956178,0.9966928158605478,0.0,None,250,,,500,,,0.0,0.0,0.5476312552470082,,250.0,
R1,Composite,0.999440893406045,0.989995177170733,0.7070976005707941,24,24,24.0,48.0,500,-0.3140791252789731,3.9479360651440535e-05,13.812733032905744,3.119039137018218,1.4981274504173276,,,
R2,Seasonal,0.9784347508935866,0.9989654952716217,0.9830885238606681,24,24,24.0,48.0,500,0.0,0.0,24.579057970715084,11.497406234504558,0.8210964598748081,,,
R3,Stationary_AR,0.09098000010264129,0.5110531166990848,0.6117925546480403,None,62,,,500,0.0,0.0,0.0,0.0,5.0,0.4354825215367446,,
R4,Trending_MeanShift,0.9989560134979957,0.9957116175278656,0.0,None,250,,,500,,,0.0,0.0,1.4812184505578365,,250.0,
R1,Composite,0.9998171603846204,0.9953399217107527,0.8228913742743039,48,50,48.0,96.0,500,0.3241895607152876,1.3193332196822399e-05,13.987918722692417,2.5787130564737,0.9169605648394374,,,
R2,Seasonal,0.9257734646343071,0.9918327775025222,0.939904555868798,48,50,48.0,96.0,500,0.0,0.0,10.523407451790288,6.370043228500732,0.9819372855372989,,,
R3,Stationary_AR,0.04450580742264887,0.5703652689005572,0.5788278411368815,None,71,,,500,0.0,0.0,0.0,0.0,5.0,0.44427811293481523,,
R4,Trending_RandomWalkDrift,0.9991283183455038,0.656947583903074,0.8338830654266707,None,24,,,500,,,0.0,0.0,1.1235502256334557,,,-0.23742958891559246
R1,Composite,0.9997444978656859,0.9971630838196851,0.6859455929043452,36,36,36.0,72.0,500,0.3113445281206276,-1.591145417013968e-05,18.55151278668501,2.039693800785254,1.0199169078529022,,,
R2,Seasonal,0.8810264214356336,0.9954201350158294,0.9160449786024998,36,36,36.0,72.0,500,0.0,0.0,20.871613262519435,8.479479487836219,1.49782278760387,,,
R3,Stationary_AR,0.1892104858946868,0.506575156472185,0.5956564557370765,None,31,,,500,0.0,0.0,0.0,0.0,5.0,0.5672887483974381,,
R4,Trending_MeanShift,0.9991783029269471,0.996423725057956,0.0,None,250,,,500,,,0.0,0.0,0.7512009080920101,,250.0,
R1,Composite,0.9995585315412304,0.9953625281601337,0.9606862420897264,48,50,48.0,96.0,500,-0.1686381555255702,4.2470665819973915e-05,9.34562210878442,5.4135848265097355,0.6993240269469347,,,
R2,Seasonal,0.012989831748302927,0.9955460490076109,0.7498478693433366,48,100,48.0,96.0,500,0.0,0.0,10.379753839388018,11.61356368509674,1.011048202272447,,,
R3,Stationary_WN,0.4794821422307124,0.12581586518580323,0.17607194868906595,None,2,,,500,0.0,0.0,0.0,0.0,8.703045781754666,,,
R4,Trending_MeanShift,0.9999284716663815,0.9997097719844877,0.0,None,250,,,500,,,0.0,0.0,0.6784393122214062,,250.0,
R1,Composite,0.9986064807773203,0.9980059700572357,0.9281856463483711,24,24,24.0,48.0,500,0.143326259021249,-2.4222832740713828e-05,22.204872620839428,6.647631484472278,1.0814555298201776,,,
R2,Seasonal,0.9512468180320806,0.9982876590096621,0.9618519288111458,24,24,24.0,48.0,500,0.0,0.0,15.555590973920024,6.1572467193701845,0.6760359242489553,,,
R3,Stationary_WN,0.08533444461370043,0.37211102368641336,0.3299906761283091,None,25,,,500,0.0,0.0,0.0,0.0,7.520364837920671,,,
R4,Trending_ExponentialGrowth,0.9990876440477731,0.3277132904016016,0.32430569812887755,None,24,,,500,,,0.0,0.0,0.520006701288541,,,
R1,Composite,0.9996650204176482,0.9942827549207509,0.597643146488684,36,36,36.0,72.0,500,-0.3938373091108517,2.339429714558546e-05,18.898242523313712,2.094835166115521,1.4575422067824417,,,
R2,Seasonal,0.9339715690240311,0.9994713482587021,0.9460723938184024,36,36,36.0,72.0,500,0.0,0.0,29.94515192841632,5.417266039691425,0.7932614559062187,,,
R3,Stationary_AR,0.3581417438264436,0.5569757271136604,0.6200854791184358,None,17,,,500,0.0,0.0,0.0,0.0,5.0,0.5660600175863306,,
R4,Trending_ExponentialGrowth,0.9844465261037549,0.3219663937066345,0.317368009231104,None,24,,,500,,,0.0,0.0,1.2660163365245474,,,
R1,Composite,0.9998668615206658,0.9926663951023803,0.8052535425747775,48,50,48.0,96.0,500,-0.37906464629146874,3.954495927615833e-05,10.094881022525925,2.53603468535808,0.8693196473969086,,,
R2,Seasonal,0.9650861776630253,0.9986010649599246,0.9741572977382076,48,50,48.0,96.0,500,0.0,0.0,19.342612376701993,7.380388608862713,0.7516511464570901,,,
R3,Stationary_WN,0.40345582050408657,0.19386067203384305,0.2892913059235933,None,3,,,500,0.0,0.0,0.0,0.0,6.808508003456833,,,
R4,Trending_ExponentialGrowth,0.9991143594716695,0.36240099718544105,0.42356546600570166,None,24,,,500,,,0.0,0.0,0.962468249944043,,,
R1,Composite,0.9997541223500075,0.9961058594584251,0.8021425324531497,12,12,12.0,24.0,500,-0.38771738242349374,2.352424718437583e-05,19.386506739338003,4.582113822093962,1.3497373230171883,,,
R2,Seasonal,0.8241000224308659,0.9984942053423923,0.8333362985465487,12,12,12.0,24.0,500,0.0,0.0,27.874298244923075,4.57252396949629,1.1657564030420278,,,
R3,Stationary_WN,0.3672372395903417,0.13340194997618615,0.263502908792167,None,3,,,500,0.0,0.0,0.0,0.0,6.204583515943055,,,
R4,Trending_MeanShift,0.9997824568012162,0.9991324105945247,0.0,None,250,,,500,,,0.0,0.0,0.9297242380530165,,250.0,
R1,Composite,0.9996479302000293,0.9971849388377754,0.930462455219967,48,50,48.0,96.0,500,0.16607973906379014,2.3416396922564123e-05,13.326183872101593,3.931634750679053,0.6721030614894175,,,
R2,Seasonal,0.02028802564684984,0.978211759151733,0.5542196967081363,48,100,48.0,96.0,500,0.0,0.0,10.276615674201732,11.379301486321157,1.998990474442181,,,
R3,Stationary_AR,0.041693601995328566,0.5587189022488668,0.6075111699992279,None,62,,,500,0.0,0.0,0.0,0.0,5.0,0.4899473446918959,,
R4,Trending_RandomWalkDrift,0.21951626106612232,0.0,0.0,None,167,,,500,,,0.0,0.0,1.1060160714748641,,,-0.1322411393416994
R1,Composite,0.9985738821197152,0.9941060293140592,0.9247402664487511,36,36,36.0,72.0,500,-0.16412253422569661,2.5657382676112215e-05,15.315984160702959,7.725988603474034,1.3083596662020802,,,
R2,Seasonal,0.9716535384170815,0.9988328451272129,0.9770489691155615,36,36,36.0,72.0,500,0.0,0.0,25.610950003214008,10.824458228255176,0.9866543945867648,,,
R3,Stationary_AR,0.30860118089468735,0.6115722741632066,0.6522449064951772,None,25,,,500,0.0,0.0,0.0,0.0,5.0,0.6108394010299865,,
R4,Trending_ExponentialGrowth,0.9783070217744351,0.4498979632508102,0.3884463557431993,None,24,,,500,,,0.0,0.0,1.279408826556101,,,
R1,Composite,0.9952607234904157,0.9958069007447851,0.7781736292625965,48,50,48.0,96.0,500,0.11315242020450476,-2.7642020766737475e-05,22.65984924434683,2.7193727935628313,1.2571568213904434,,,
R2,Seasonal,0.7281773839756385,0.9978065537316025,0.9463236329160163,48,50,48.0,96.0,500,0.0,0.0,23.042611429601482,4.298932890492731,0.7616464065745068,,,
R3,Stationary_WN,0.49203843254945034,0.15796631057824195,0.3019621447047537,None,2,,,500,0.0,0.0,0.0,0.0,9.91771622570293,,,
R4,Trending_ExponentialGrowth,0.9983683099598247,0.3495916853734137,0.36362680894057264,None,24,,,500,,,0.0,0.0,0.698672474364718,,,
R1,Composite,0.9996471601512086,0.9985904810142766,0.9689773462350579,24,24,24.0,48.0,500,-0.1621281879976578,2.6643128433470695e-05,14.939503539333693,5.93684571698465,0.6197831022143749,,,
R2,Seasonal,0.9492813966543212,0.9979040597119807,0.9610877726408461,24,24,24.0,48.0,500,0.0,0.0,16.450821936321496,7.105375897164483,0.7802057857077533,,,
R3,Stationary_WN,0.530735773979175,0.1483985266413692,0.20004497772855867,None,2,,,500,0.0,0.0,0.0,0.0,8.402263567400935,,,
R4,Trending_RandomWalkDrift,0.9993875311082212,0.5971975927787867,0.8727303506493143,None,24,,,500,,,0.0,0.0,0.6766144602772549,,,-0.2875583641180819
R1,Composite,0.9999325123622802,0.9992293459676131,0.9269243281415454,48,50,48.0,96.0,500,-0.34898202393663524,3.7962549687686306e-05,20.56857157498034,2.2069031631727594,0.5707836466170878,,,
R2,Seasonal,0.9100781345047878,0.9979331114302485,0.9424177958812069,48,50,48.0,96.0,500,0.0,0.0,24.015604442815516,6.8146137615708815,1.1906137027345638,,,
R3,Stationary_WN,0.40631050667406365,0.26157439120434367,0.29282044276290453,None,3,,,500,0.0,0.0,0.0,0.0,14.43136669525664,,,
R4,Trending_RandomWalkDrift,0.9986537185188137,0.6591331045497578,0.881562636792588,None,24,,,500,,,0.0,0.0,0.9214832772888597,,,0.25809545414895485
R1,Composite,0.9990949985998859,0.9983198057426325,0.9315052816072322,48,50,48.0,96.0,500,-0.17687259939918687,4.606244978001855e-05,23.891839346210524,4.163234724432125,0.8052767586969117,,,
R2,Seasonal,0.9369350677992014,0.9970826992542019,0.9560253381853995,48,50,48.0,96.0,500,0.0,0.0,27.108000450217535,11.2418540735511,1.4341744276557395,,,
R3,Stationary_AR,0.37830083728636554,0.5070710816338595,0.6283620846851679,None,14,,,500,0.0,0.0,0.0,0.0,5.0,0.5374527034015364,,
R4,Trending_ExponentialGrowth,0.9987508508483166,0.3534796126648948,0.4393960415807836,None,24,,,500,,,0.0,0.0,0.9607049827758912,,,
R1,Composite,0.9999220445108249,0.9988062203861083,0.9235976219969652,24,24,24.0,48.0,500,-0.3020085583708073,-3.4360783090129217e-05,16.56572648383181,3.509101939790587,0.6342461972398241,,,
R2,Seasonal,0.8378109321615503,0.9987043134387272,0.8832976408831298,24,24,24.0,48.0,500,0.0,0.0,28.184847915063287,5.031799813768098,1.1073985972652625,,,
R3,Stationary_WN,0.3101574590978611,0.2814856097375317,0.2781125797637909,None,5,,,500,0.0,0.0,0.0,0.0,9.377258637114398,,,
R4,Trending_MeanShift,0.9997898031540151,0.9991870431880744,0.0,None,250,,,500,,,0.0,0.0,1.3937883743067196,,250.0,
R1,Composite,0.9998126632809488,0.9974275318226763,0.8182228334551919,36,36,36.0,72.0,500,0.3484242259667682,-2.9675852083265175e-05,18.229792933131293,3.425598732257259,1.0145645318201248,,,
R2,Seasonal,0.9050656703135342,0.9883065026310369,0.9240189234240593,36,36,36.0,72.0,500,0.0,0.0,16.87802993336126,11.89883627475005,1.852666722459843,,,
R3,Stationary_WN,0.18783229032053494,0.2946005189317068,0.36152603817363815,None,10,,,500,0.0,0.0,0.0,0.0,14.028774334259076,,,
R4,Trending_MeanShift,0.9999366152664807,0.9997471441993113,0.0,None,250,,,500,,,0.0,0.0,0.7442846126312402,,250.0,
R1,Composite,0.9996513176469856,0.9843764954986188,0.30189095998171056,12,24,12.0,24.0,500,0.35271359302267424,3.720801618672574e-05,8.36734609604753,7.469521040500648,1.3627720276726476,,,
R2,Seasonal,0.8993108799035767,0.9936659849375035,0.9003453932819664,12,12,12.0,24.0,500,0.0,0.0,17.22448231806962,8.040210589750352,1.4394806788038175,,,
R3,Stationary_WN,0.01788519519590681,0.4504998456111069,0.3738895727913393,None,62,,,500,0.0,0.0,0.0,0.0,9.54306197782682,,,
R4,Trending_ExponentialGrowth,0.9874900224613002,0.3729783585081744,0.3707369737045715,None,24,,,500,,,0.0,0.0,1.36547454787424,,,
R1,Composite,0.9997724317216189,0.9981273046330913,0.8666931991610474,36,36,36.0,72.0,500,0.37064836361394193,-4.2025330707671505e-05,24.8629577490405,5.116875308278228,1.2063081049554318,,,
R2,Seasonal,0.8135624760712588,0.991979598351311,0.8621355428364017,36,36,36.0,72.0,500,0.0,0.0,18.54575806891238,7.457570680544857,1.8628604953111951,,,
R3,Stationary_WN,0.4034245269676988,0.10091405122151209,0.2971017287261932,None,3,,,500,0.0,0.0,0.0,0.0,9.75039990225708,,,
R4,Trending_MeanShift,0.9999013226952352,0.9995986179424239,0.0,None,250,,,500,,,0.0,0.0,1.0137069939466117,,250.0,
R1,Composite,0.99990982917817,0.9992848029421689,0.8502038158783782,24,24,24.0,48.0,500,0.29528805293240473,4.4945464301933215e-05,22.940584789068645,2.571624788182455,0.6534338623867738,,,
R2,Seasonal,0.7964599091981117,0.9918667897488658,0.8549336382969496,24,24,24.0,48.0,500,0.0,0.0,17.604827066349912,6.975585411218397,1.7440796307348743,,,
R3,Stationary_AR,0.1185046776073273,0.6369277210895797,0.6710950261316116,None,71,,,500,0.0,0.0,0.0,0.0,5.0,0.6610914437566263,,
R4,Trending_RandomWalkDrift,0.9997312585973103,0.680866011779639,0.8658570295286571,None,24,,,500,,,0.0,0.0,1.172326936858353,,,0.4276027753789807
R1,Composite,0.9955682633343236,0.9911613286976918,0.7731060911583361,48,50,48.0,96.0,500,0.12142421321273678,-1.3444746198115573e-05,17.48704308398188,3.833811623702493,1.4579798683307565,,,
R2,Seasonal,0.9720542649489868,0.9988123153571604,0.9790426715547516,48,50,48.0,96.0,500,0.0,0.0,24.36852503924485,9.658368212892022,0.9103586964302657,,,
R3,Stationary_WN,0.4691777724092019,0.17216402905092332,0.355523582969295,None,3,,,500,0.0,0.0,0.0,0.0,5.246374559341422,,,
R4,Trending_RandomWalkDrift,0.936729819996284,0.9041188249189528,0.0,None,250,,,500,,,0.0,0.0,0.8737544574047733,,,0.13807723128464097
R1,Composite,0.9995939547688945,0.9845021179532591,0.8635723488989763,24,24,24.0,48.0,500,-0.3722428711732654,4.076999484319739e-05,11.149713013365066,6.417399947839209,1.4095641412919204,,,
R2,Seasonal,0.9176301187041778,0.9860862109039661,0.93997188920491,24,24,24.0,48.0,500,0.0,0.0,12.411795177940771,11.15089173878857,1.4725158491508474,,,
R3,Stationary_AR,0.0,0.834062435786718,0.3242409732031857,None,250,,,500,0.0,0.0,0.0,0.0,5.0,0.5056221232981402,,
R4,Trending_ExponentialGrowth,0.9948293801477504,0.3143704490741186,0.34723443269315857,None,24,,,500,,,0.0,0.0,1.1938715616258913,,,
R1,Composite,0.9959810544551456,0.9922949618978442,0.8931306054372843,48,50,48.0,96.0,500,-0.13543894450879151,4.472033310503999e-05,16.708605058922437,6.754446124467365,1.4991068326937511,,,
R2,Seasonal,0.914471231219342,0.9952741745336267,0.9401056775911085,48,50,48.0,96.0,500,0.0,0.0,21.48101931331533,9.573453844081364,1.522173673505041,,,
R3,Stationary_AR,0.04076362443882087,0.8947941978892845,0.8383399056903389,None,167,,,500,0.0,0.0,0.0,0.0,5.0,0.6797205102500896,,
R4,Trending_MeanShift,0.9995427363845467,0.9981125225504521,0.0,None,250,,,500,,,0.0,0.0,1.2851253421033622,,250.0,
R1,Composite,0.9995344574265862,0.9974983571585186,0.9098929618909806,24,24,24.0,48.0,500,0.2616451704759889,4.2312362691651076e-05,24.520709506987757,7.146031238818594,1.2763984655163587,,,
R2,Seasonal,0.9631752902525739,0.9986026044348527,0.971540295434424,24,24,24.0,48.0,500,0.0,0.0,28.934603686632638,11.918590510176234,1.3107476680351662,,,
R3,Stationary_WN,0.44230971558649124,0.2160796631554318,0.34192409617532105,None,3,,,500,0.0,0.0,0.0,0.0,7.910045547794374,,,
R4,Trending_MeanShift,0.9999107506914172,0.9996396586683279,0.0,None,250,,,500,,,0.0,0.0,0.689217930089984,,250.0,
R1,Composite,0.9997849118924647,0.9938648478072727,0.9133422125736487,12,12,12.0,24.0,500,0.38867719468240547,4.0112469689485417e-05,15.547350461567856,7.660422513501048,1.2847879659732957,,,
R2,Seasonal,0.9299359793312528,0.9946905328008302,0.926521175224617,12,12,12.0,24.0,500,0.0,0.0,14.259855661327832,7.329381461627112,1.2139739012322806,,,
R3,Stationary_WN,0.5563861619955108,0.19870500004286973,0.23852827696126644,None,2,,,500,0.0,0.0,0.0,0.0,12.470461041048809,,,
R4,Trending_MeanShift,0.9998237729162035,0.9992892706864542,0.0,None,250,,,500,,,0.0,0.0,0.7640971747341856,,250.0,
R1,Composite,0.9992636010120926,0.9958281387383648,0.6113937934015616,24,24,24.0,48.0,500,-0.24388684804674154,-2.2104701357579588e-05,21.671049281863173,2.3771108546094206,1.3209125289624297,,,
R2,Seasonal,0.928682183294113,0.9979873182700514,0.9473103731208898,24,24,24.0,48.0,500,0.0,0.0,19.63418890189788,6.98352503603431,0.9571612426994743,,,
R3,Stationary_AR,0.14468498492161008,0.52963036935334,0.6094895026316298,None,29,,,500,0.0,0.0,0.0,0.0,5.0,0.5263722458902991,,
R4,Trending_MeanShift,0.9999576468373204,0.999829679301691,0.12024939308012061,None,250,,,500,,,0.0,0.0,0.9149346004455962,,250.0,
R1,Composite,0.9949686772451842,0.9932383878946136,0.6298366775374781,24,24,24.0,48.0,500,0.10417157235999998,-1.4499082238009559e-05,16.99604403489488,2.7035626884014623,1.413051557109294,,,
R2,Seasonal,0.9728246049155815,0.9990530719063397,0.97897706179637,24,24,24.0,48.0,500,0.0,0.0,27.78256630972307,11.061483474074539,0.9448426979362168,,,
R3,Stationary_WN,0.35652193822113243,0.3152943070008929,0.39757893449680803,None,4,,,500,0.0,0.0,0.0,0.0,6.972970018870508,,,
R4,Trending_RandomWalkDrift,0.9613182110052352,0.8115604620031056,0.551055545321617,None,250,,,500,,,0.0,0.0,0.5841720195940898,,,-0.3034563015391216
R1,Composite,0.9994548477291638,0.9952588694623364,0.8876452218855313,36,36,36.0,72.0,500,-0.20427399287895337,-1.7061210173067228e-05,14.746776744307315,5.2229364376166645,1.0874435130821953,,,
R2,Seasonal,0.9874535347249384,0.9995593991840903,0.9894514744001268,36,36,36.0,72.0,500,0.0,0.0,26.84954944721959,10.507909389209143,0.5382857119137767,,,
R3,Stationary_AR,0.417539495708224,0.5228231904495269,0.719956363953923,None,22,,,500,0.0,0.0,0.0,0.0,5.0,0.6540968945886741,,
R4,Trending_MeanShift,0.99991485290853,0.9996667440749899,0.0,None,250,,,500,,,0.0,0.0,1.2213063264979853,,250.0,
R1,Composite,0.9957697344192683,0.9909216287556732,0.7021461641433682,24,24,24.0,48.0,500,0.11907226799506407,-3.964436175827281e-05,13.630091311908684,2.9460871829445905,1.40137639473713,,,
R2,Seasonal,0.7224437587843907,0.997391519941898,0.8157342884813364,24,24,24.0,48.0,500,0.0,0.0,28.575223356393433,5.133328959202252,1.6572820326783184,,,
R3,Stationary_AR,0.14911174124909088,0.40403400782471033,0.5413218706491123,None,22,,,500,0.0,0.0,0.0,0.0,5.0,0.5444209040950077,,
R4,Trending_RandomWalkDrift,0.997231906675568,0.8536154101855619,0.0,None,250,,,500,,,0.0,0.0,1.286411875502974,,,0.4537922897831239
R1,Composite,0.9997870008000026,0.9962175564167632,0.6928270189002341,24,24,24.0,48.0,500,-0.39499391782424575,-1.9051288165886557e-05,19.215388832345702,2.872019043649355,1.293498811343329,,,
R2,Seasonal,0.9410859266099005,0.9993358674390852,0.9553255373376888,24,24,24.0,48.0,500,0.0,0.0,21.73488531680141,4.783593054808115,0.5864421565315345,,,
R3,Stationary_WN,0.23213982706628156,0.26967603732505774,0.2946523140495594,None,6,,,500,0.0,0.0,0.0,0.0,8.936366724744083,,,
R4,Trending_MeanShift,0.9999892277325984,0.9999569638915762,0.2757806959469502,None,250,,,500,,,0.0,0.0,0.6355149683486564,,250.0,
R1,Composite,0.998320171439925,0.996812846973249,0.9140111070239857,12,12,12.0,24.0,500,-0.11484202414407808,-2.55884069629821e-05,19.201398071230244,6.971184050980932,1.1769236742407414,,,
R2,Seasonal,0.6646191563571789,0.9922554547094851,0.7383791281978191,12,12,12.0,24.0,500,0.0,0.0,20.550490189052717,5.025668102017487,1.9618306273523098,,,
R3,Stationary_AR,0.06556172738964339,0.13617887336542778,0.0,None,167,,,500,0.0,0.0,0.0,0.0,5.0,0.5164380363134952,,
R4,Trending_MeanShift,0.9997418890780296,0.998934247073324,0.0,None,250,,,500,,,0.0,0.0,1.2456315051420734,,250.0,
R1,Composite,0.9997011441783062,0.9950326213697266,0.8884891321857578,36,36,36.0,72.0,500,-0.355394671442793,2.7951977684939467e-05,17.33583880204023,6.04037102941661,1.3177159060562347,,,
R2,Seasonal,0.3445197764565596,0.9898533437790775,0.6791643138887514,36,36,36.0,72.0,500,0.0,0.0,20.405790135659046,4.198163357777592,1.8328014962763308,,,
R3,Stationary_WN,0.12406984679787836,0.3821050257580578,0.3339970014842939,None,11,,,500,0.0,0.0,0.0,0.0,9.872187308353062,,,
R4,Trending_ExponentialGrowth,0.9992238425471628,0.38039801709858645,0.3223429602669532,None,24,,,500,,,0.0,0.0,1.3979070925755899,,,
R1,Composite,0.9992227756835376,0.9989030616081496,0.9651002850317772,24,24,24.0,48.0,500,0.11497343652717812,3.2107984422039215e-05,22.58313170379478,7.449184032416453,0.7534547136275915,,,
R2,Seasonal,0.7746828855846808,0.9947896918458449,0.8412552879606745,24,24,24.0,48.0,500,0.0,0.0,21.621203243702148,6.407549364324081,1.7147875106544703,,,
R3,Stationary_WN,0.4787351076792893,0.11930255146314761,0.2520493220417859,None,2,,,500,0.0,0.0,0.0,0.0,6.30326688170034,,,
R4,Trending_RandomWalkDrift,0.9958780821013621,0.7733264644174415,0.5837629208253992,None,250,,,500,,,0.0,0.0,1.0231664111898495,,,-0.24133913817861807
R1,Composite,0.999729917213724,0.9989993643373674,0.9761060524804961,48,50,48.0,96.0,500,-0.12476879674356836,-4.882636869477949e-05,16.027993046001086,5.333797051003744,0.549977223208764,,,
R2,Seasonal,0.4464186213275937,0.9872773246663891,0.8006324938306407,48,50,48.0,96.0,500,0.0,0.0,20.475904832245384,5.104182402344068,1.7137150581143674,,,
R3,Stationary_AR,0.3865954177181756,0.5948408332989679,0.7110734076044022,None,19,,,500,0.0,0.0,0.0,0.0,5.0,0.6370074751523584,,
R4,Trending_ExponentialGrowth,0.9912656438904537,0.2484825718516206,0.2974877039345347,None,24,,,500,,,0.0,0.0,0.6912239601142048,,,
R1,Composite,0.9999400921762527,0.9980885406366272,0.9707475995911992,48,50,48.0,96.0,500,0.32287504628269115,-2.581544231775799e-05,11.589091555025838,4.878094162616177,0.5393131700216245,,,
R2,Seasonal,0.8879509439791029,0.9956880286492447,0.9240604110530299,48,50,48.0,96.0,500,0.0,0.0,17.951078511934718,6.568229703257421,1.2994265544317696,,,
R3,Stationary_AR,0.1963762490770139,0.5484018218535818,0.6317023513128093,None,23,,,500,0.0,0.0,0.0,0.0,5.0,0.558213684806941,,
R4,Trending_ExponentialGrowth,0.999347156925181,0.3677070383695624,0.3305651845310751,None,24,,,500,,,0.0,0.0,1.2262109964275862,,,
R1,Composite,0.9990489780913325,0.9894845481780976,0.7996622713138424,12,12,12.0,24.0,500,-0.21261128135528698,3.709224636820663e-05,11.755901408464815,4.635108980775735,1.221212417636247,,,
R2,Seasonal,0.6471914556742348,0.9958002907476542,0.7008702316265204,12,12,12.0,24.0,500,0.0,0.0,25.73120448526213,4.480540426914343,1.7383748268638686,,,
R3,Stationary_WN,0.038232190299526736,0.5537227554166405,0.4379049884294144,None,125,,,500,0.0,0.0,0.0,0.0,9.509066265006322,,,
R4,Trending_MeanShift,0.9996555496371834,0.9986008080009285,0.0,None,250,,,500,,,0.0,0.0,0.8684304604190805,,250.0,
R1,Composite,0.9981715974080517,0.9969460342895631,0.8062319427714185,36,36,36.0,72.0,500,-0.13444445869188595,3.785937332112319e-05,18.37630403543038,3.5671155449383383,1.0675855135306533,,,
R2,Seasonal,0.789587346986905,0.9968299777464208,0.8456471988862673,36,36,36.0,72.0,500,0.0,0.0,25.440289435887365,6.103117156156854,1.4873951112427002,,,
R3,Stationary_AR,0.19024499481793355,0.34659450626349797,0.46080805353244936,None,16,,,500,0.0,0.0,0.0,0.0,5.0,0.4086364551263008,,
R4,Trending_RandomWalkDrift,0.9265716315495788,0.5876098466695745,0.0,None,250,,,500,,,0.0,0.0,1.0606211467769737,,,0.23103983483656215
R1,Composite,0.9995234500947883,0.9970052190617732,0.9381756849223699,36,36,36.0,72.0,500,-0.23194435197275207,1.4927399515872206e-05,18.41355540925109,7.414745149398171,1.1025369690067603,,,
R2,Seasonal,0.9235357751730155,0.988785274198411,0.9397775607573118,36,36,36.0,72.0,500,0.0,0.0,12.550676670951562,10.123790934765136,1.4233631066778718,,,
R3,Stationary_WN,0.4924665761681096,0.11076559986603018,0.21812203110822836,None,2,,,500,0.0,0.0,0.0,0.0,7.3798515490275385,,,
R4,Trending_ExponentialGrowth,0.9997200791868006,0.4327609883795528,0.32269977201151323,None,24,,,500,,,0.0,0.0,0.8080492888260468,,,
R1,Composite,0.9995277569712313,0.9887071597983078,0.8272764205791765,48,50,48.0,96.0,500,-0.18241805742035672,-4.9031064143648264e-05,8.781131865821513,3.0114492084218654,0.8789220171290636,,,
R2,Seasonal,0.9654169661563236,0.9992287324983689,0.9766727906550041,48,50,48.0,96.0,500,0.0,0.0,29.33992979523833,8.44068279723982,0.865887208837717,,,
R3,Stationary_AR,0.2250072693714078,0.49520688618428743,0.6447604420169207,None,22,,,500,0.0,0.0,0.0,0.0,5.0,0.6624863399696999,,
R4,Trending_RandomWalkDrift,0.9883973750786481,0.8888358928390637,0.0,None,250,,,500,,,0.0,0.0,0.9402192303885463,,,0.2273718082582144
R1,Composite,0.9996043509723136,0.9966055752589755,0.7231270607087086,24,24,24.0,48.0,500,0.3431545301006548,1.2226324606590745e-05,23.9885881406127,3.972351365558028,1.3531522071267221,,,
R2,Seasonal,0.9793165914519179,0.998138367272003,0.983827814752679,24,24,24.0,48.0,500,0.0,0.0,17.34430425586291,11.251987709690955,0.714497631950263,,,
R3,Stationary_AR,0.06933925373133965,0.662104618952126,0.5981661225150465,None,100,,,500,0.0,0.0,0.0,0.0,5.0,0.6629082716101953,,
R4,Trending_MeanShift,0.999249246929435,0.9968517755154395,0.0,None,250,,,500,,,0.0,0.0,0.7678690419508581,,250.0,
R1,Composite,0.9999287102649842,0.9995198896382761,0.9705476633091761,12,12,12.0,24.0,500,-0.31818374761342294,3.629921757867026e-05,23.68799718160101,5.998512984850961,0.5155193927962894,,,
R2,Seasonal,0.11434088738376036,0.9949385075368199,0.3017649679095983,12,24,12.0,24.0,500,0.0,0.0,12.46535281121389,11.715828971593242,1.272746717449123,,,
R3,Stationary_WN,0.1309290381302246,0.40003681534385327,0.2831821927963717,None,14,,,500,0.0,0.0,0.0,0.0,7.134993042896736,,,
R4,Trending_ExponentialGrowth,0.9980738860078421,0.3567755559792899,0.3800498433303636,None,24,,,500,,,0.0,0.0,0.7598595086924396,,,
R1,Composite,0.9987384377657311,0.9973464664029469,0.9398737933907595,36,36,36.0,72.0,500,-0.1396759028117117,1.4527730363599618e-05,18.86825870982064,7.262082631430304,0.9494287150752131,,,
R2,Seasonal,0.6710769624223556,0.9948771788988983,0.7782135136254267,36,36,36.0,72.0,500,0.0,0.0,26.930089861038212,6.204090192696183,1.9284380616211985,,,
R3,Stationary_WN,0.08695575012157963,0.3007833320676364,0.43467907103733006,None,26,,,500,0.0,0.0,0.0,0.0,14.345032227313109,,,
R4,Trending_MeanShift,0.9999672870481809,0.9998678728363849,0.31367730964299356,None,250,,,500,,,0.0,0.0,1.0323443069451976,,250.0,
R1,Composite,0.9996428498870047,0.9883669231195292,0.7918641342342952,48,50,48.0,96.0,500,-0.3575936323904557,-4.1234719722671284e-05,13.704045876157625,4.095163917035503,1.4614571126054998,,,
R2,Seasonal,0.8903321589591573,0.9974897398514839,0.9346669554799784,48,50,48.0,96.0,500,0.0,0.0,17.679231470301534,5.019354757586671,0.8586142530715388,,,
R3,Stationary_AR,0.13796398086328143,0.6922040552268363,0.5508674284120009,None,100,,,500,0.0,0.0,0.0,0.0,5.0,0.49233271234641973,,
R4,Trending_MeanShift,0.9985827446821113,0.9942907148874441,0.0,None,250,,,500,,,0.0,0.0,1.4751975270317876,,250.0,
R1,Composite,0.9997558860290069,0.9952570704897055,0.7520158634798505,24,24,24.0,48.0,500,0.3499176964014205,2.2329034813997533e-05,16.612513141085486,3.3921408686838213,1.0522609707266724,,,
R2,Seasonal,0.8821095277572484,0.995057222415527,0.9119332241923788,24,24,24.0,48.0,500,0.0,0.0,24.33010452153546,9.989204470845127,1.9298778617135885,,,
R3,Stationary_WN,0.2801826515611078,0.2534678680839879,0.2940979109422017,None,5,,,500,0.0,0.0,0.0,0.0,10.861459600968024,,,
R4,Trending_MeanShift,0.9993861209000122,0.9975760974025406,0.0,None,250,,,500,,,0.0,0.0,1.4710995669882556,,250.0,
R1,Composite,0.9998144073790148,0.9909243426840005,0.7248067559474962,12,12,12.0,24.0,500,0.2799456923107085,3.34907633240012e-05,8.5667280784858,2.3166087980831636,0.8435703601433554,,,
R2,Seasonal,0.06654810429469993,0.986443209822115,0.2870086689331691,12,24,12.0,24.0,500,0.0,0.0,10.731770825240844,11.296671416235053,1.6705981286580076,,,
R3,Stationary_AR,0.28190684584434844,0.5734037643442116,0.67987999057769,None,42,,,500,0.0,0.0,0.0,0.0,5.0,0.5906442784264432,,
R4,Trending_MeanShift,0.9982115756296716,0.9920860876961274,0.0,None,250,,,500,,,0.0,0.0,1.2599190321311178,,250.0,
R1,Composite,0.9996955076330206,0.9823714981920023,0.8053798212929147,36,36,36.0,72.0,500,-0.3719878014461169,3.8423296054313044e-05,9.287673774785961,4.154985004627525,1.4342042828770216,,,
R2,Seasonal,0.900097224944815,0.994097611692282,0.9207883715539122,36,36,36.0,72.0,500,0.0,0.0,24.441524392089747,11.91883088383566,1.8361685413638322,,,
R3,Stationary_AR,0.19250394635205137,0.6521106028192694,0.744930571710817,None,36,,,500,0.0,0.0,0.0,0.0,5.0,0.6498373304270522,,
R4,Trending_RandomWalkDrift,0.9852928756677061,0.7449399372903753,0.0,None,250,,,500,,,0.0,0.0,1.0918336246828182,,,0.407923557163297
R1,Composite,0.9977321127767302,0.9955143150687696,0.866784751838127,12,12,12.0,24.0,500,-0.10992785937478639,-4.496469534520945e-05,19.438942969762774,6.223057974950535,1.37703318112416,,,
R2,Seasonal,0.8707315367616019,0.9917578499722858,0.8756167323372003,12,12,12.0,24.0,500,0.0,0.0,20.421064476685665,9.520480386767368,1.9103860026430315,,,
R3,Stationary_WN,0.42615624795492035,0.14616958885252285,0.3475929466924488,None,3,,,500,0.0,0.0,0.0,0.0,6.410169965213078,,,
R4,Trending_ExponentialGrowth,0.9887136770776151,0.32482721607299603,0.3162994587214718,None,24,,,500,,,0.0,0.0,1.383828620024389,,,
R1,Composite,0.9996722034709695,0.9851323952265234,0.8752492101399759,48,50,48.0,96.0,500,0.27396629035118464,2.9329200825336256e-05,9.048063974597873,4.565986777572297,1.0292259330834295,,,
R2,Seasonal,0.9273233852846182,0.9933986297496112,0.9445738118169374,48,50,48.0,96.0,500,0.0,0.0,15.723851556732328,8.933975919613196,1.5138068991355862,,,
R3,Stationary_AR,0.10273522473408647,0.5633001074244862,0.6289262565068489,None,62,,,500,0.0,0.0,0.0,0.0,5.0,0.5573366411756497,,
R4,Trending_MeanShift,0.9999413964055053,0.9997630345671157,0.0,None,250,,,500,,,0.0,0.0,0.7114315269728247,,250.0,
R1,Composite,0.9991032812994685,0.9932996181805092,0.8534638755741318,12,12,12.0,24.0,500,-0.10286954342686286,-4.752210494789593e-05,9.488183638008747,3.5854674852646626,0.7839147961966455,,,
R2,Seasonal,0.961471530401511,0.9987271302783396,0.9597102919590086,12,12,12.0,24.0,500,0.0,0.0,21.38452737909951,7.369353513376737,0.838517468266068,,,
R3,Stationary_WN,0.02573439898984975,0.3780071309319486,0.30440145472062285,None,36,,,500,0.0,0.0,0.0,0.0,12.324891730323253,,,
R4,Trending_MeanShift,0.9997542930529297,0.9990225885177783,0.3034004802379675,None,250,,,500,,,0.0,0.0,1.257228105404687,,250.0,
R1,Composite,0.9994838248703091,0.9958105121640762,0.7699671484539223,24,24,24.0,48.0,500,0.17370279764225144,2.068312012345319e-05,13.11810205411413,2.5874911722226344,0.8473980706227863,,,
R2,Seasonal,0.8990802336482207,0.994699110941749,0.9224858507289944,24,24,24.0,48.0,500,0.0,0.0,24.83408144884816,11.900544345117796,1.9854843748182265,,,
R3,Stationary_WN,0.1861957552540886,0.37239546718845407,0.24976864220370987,None,7,,,500,0.0,0.0,0.0,0.0,11.458325505106329,,,
R4,Trending_ExponentialGrowth,0.9993638228248701,0.39688729766645725,0.38175953190336553,None,24,,,500,,,0.0,0.0,1.1458525421095862,,,
R1,Composite,0.9999308133276689,0.9993197736682568,0.960104539254568,24,24,24.0,48.0,500,0.2734515293421397,3.829680834573675e-05,18.851043962292344,4.479521752543243,0.5186025195856265,,,
R2,Seasonal,0.8697134863131443,0.9974023201378075,0.9076905422028669,24,24,24.0,48.0,500,0.0,0.0,23.651020294119995,6.80956017798984,1.30054434442174,,,
R3,Stationary_AR,0.3907623718187466,0.40616722562729923,0.6637565083853192,None,13,,,500,0.0,0.0,0.0,0.0,5.0,0.6533589436370979,,
R4,Trending_MeanShift,0.9999636478362544,0.9998539688994933,0.2532260634675274,None,250,,,500,,,0.0,0.0,0.9243828988379735,,250.0,
R1,Composite,0.9996211112454281,0.9880668869290211,0.840045141451236,36,36,36.0,72.0,500,-0.3199601449187627,-1.0981652644653909e-05,11.815276895048619,5.5274402716076425,1.3056783842507529,,,
R2,Seasonal,0.9149989921415749,0.9971819845473995,0.9328170379551279,36,36,36.0,72.0,500,0.0,0.0,27.575241187005084,10.121091415911724,1.484980481826317,,,
R3,Stationary_WN,0.5170221538589377,0.16175020139161855,0.3124522323918145,None,2,,,500,0.0,0.0,0.0,0.0,10.929811721614882,,,
R4,Trending_RandomWalkDrift,0.018416902554878822,0.2559983211168747,0.0,None,250,,,500,,,0.0,0.0,0.9254705418978119,,,0.20578040899323763
R1,Composite,0.9995522124329954,0.975153404495914,0.8469228751008258,48,50,48.0,96.0,500,-0.30686715127985653,-2.5945547403702157e-05,8.894469227665258,4.959468645562316,1.386445878396442,,,
R2,Seasonal,0.8944908308320038,0.9963750919179847,0.9231823883145408,48,50,48.0,96.0,500,0.0,0.0,24.81041545441606,8.45518958340828,1.4202483835353505,,,
R3,Stationary_AR,0.29460611256388447,0.43585099658776216,0.5607466418431075,None,19,,,500,0.0,0.0,0.0,0.0,5.0,0.4718966597215176,,
R4,Trending_RandomWalkDrift,0.9970030129899219,0.9007056210091651,0.0,None,250,,,500,,,0.0,0.0,1.2303800831623941,,,0.3857684879758553
R1,Composite,0.9994619239258928,0.9841180018575044,0.5829317955018788,12,12,12.0,24.0,500,0.32694018378706946,-2.273254124543672e-05,11.931491806300503,2.602257247021007,1.374729299504705,,,
R2,Seasonal,0.9540754667514769,0.9980690148291746,0.9513129384391803,12,12,12.0,24.0,500,0.0,0.0,19.391795043922,7.443635751539685,0.9094402842604188,,,
R3,Stationary_AR,0.1239328651971302,0.5879042210109611,0.6590692309187893,None,83,,,500,0.0,0.0,0.0,0.0,5.0,0.5359649215344426,,
R4,Trending_ExponentialGrowth,0.9989300414964982,0.36888626534863633,0.36218201489404267,None,24,,,500,,,0.0,0.0,0.6877797548009775,,,
R1,Composite,0.9997999225311962,0.9994453940609468,0.981642513857427,24,24,24.0,48.0,500,-0.17432250274256375,-3.3502897940504225e-05,23.143030788753528,7.553809801223583,0.5379412863112552,,,
R2,Seasonal,0.689782451551807,0.9789177877122086,0.8160905724896754,24,24,24.0,48.0,500,0.0,0.0,10.058162215512937,5.563650560748318,1.694357738574324,,,
R3,Stationary_AR,0.003483902323529242,0.03146210495319379,0.0,None,250,,,500,0.0,0.0,0.0,0.0,5.0,0.6826676774740426,,
R4,Trending_MeanShift,0.9999888636877107,0.9999553750854381,0.0,None,250,,,500,,,0.0,0.0,0.6641071635805698,,250.0,
R1,Composite,0.9992148061877013,0.9926827431442995,0.8876340761976804,12,12,12.0,24.0,500,-0.23449172753457187,2.622023079023099e-05,14.856590703628513,6.916194683783253,1.3486732367335204,,,
R2,Seasonal,0.7763058772748328,0.9961126030261644,0.8083604940551514,12,12,12.0,24.0,500,0.0,0.0,20.786900643032435,4.948677669765862,1.4138222610790878,,,
R3,Stationary_AR,0.07136927196919352,0.4037027686810013,0.5003773724132103,None,45,,,500,0.0,0.0,0.0,0.0,5.0,0.41917901256671664,,
R4,Trending_RandomWalkDrift,0.9961452463942558,0.951974614889183,0.9355327162408815,None,71,,,500,,,0.0,0.0,1.3648460998034229,,,0.11358689354431739
R1,Composite,0.9996315599878259,0.9938747694619174,0.9459288643909596,36,36,36.0,72.0,500,-0.24472675826398196,1.5906548979540673e-05,12.022213715801104,7.398102817745915,0.9088921155745782,,,
R2,Seasonal,0.916323716223521,0.997707299903557,0.9347918936796992,36,36,36.0,72.0,500,0.0,0.0,18.20645163597476,6.167412723907648,0.9539888640367367,,,
R3,Stationary_WN,0.4911926910943156,0.10829154943020713,0.23010875928122843,None,2,,,500,0.0,0.0,0.0,0.0,5.942759227233242,,,
R4,Trending_ExponentialGrowth,0.9943187569729952,0.34881957892317206,0.3753037779980122,None,24,,,500,,,0.0,0.0,1.0241536333922672,,,
R1,Composite,0.9997215467526602,0.9961616235889403,0.9401798268584921,24,24,24.0,48.0,500,0.26176394546076603,-3.081292398286258e-05,13.144920906877713,6.157430217111306,0.9604508871225482,,,
R2,Seasonal,0.8091246873978356,0.9941245277547512,0.8733104255389623,24,24,24.0,48.0,500,0.0,0.0,19.69274900714399,6.9462524671888515,1.645942484744822,,,
R3,Stationary_AR,0.38144505575909704,0.3921034560795086,0.5655319210954016,None,16,,,500,0.0,0.0,0.0,0.0,5.0,0.5232999094219905,,
R4,Trending_RandomWalkDrift,0.9933068200906355,0.6157301486296702,0.8802093776933771,None,24,,,500,,,0.0,0.0,0.5239133061115568,,,-0.21742713983296158
R1,Composite,0.9998681108561326,0.9955439223378864,0.9347411834865098,24,24,24.0,48.0,500,0.398597859943832,-4.0083343104262235e-05,13.041955200355675,6.205506686361638,0.959794470314435,,,
R2,Seasonal,0.8402738828306374,0.9958273150713395,0.8864223153135445,24,24,24.0,48.0,500,0.0,0.0,20.111898218707548,6.59326907564228,1.5371536996205784,,,
R3,Stationary_WN,0.3160862688920727,0.2126967562971248,0.3014117654891776,None,4,,,500,0.0,0.0,0.0,0.0,8.152116839283037,,,
R4,Trending_RandomWalkDrift,0.9984907668908666,0.6758226000660374,0.8882522931105787,None,24,,,500,,,0.0,0.0,0.7744056834962132,,,0.26434910020315466
R1,Composite,0.9998675460821744,0.9935678205128058,0.9626944661091402,36,36,36.0,72.0,500,-0.3250117794318313,3.671455420102366e-05,8.89831130284763,6.87616992490144,0.8303407753682094,,,
R2,Seasonal,0.9878093711457518,0.9990274467556318,0.9897576724863794,36,36,36.0,72.0,500,0.0,0.0,17.57192014481855,10.33633039869806,0.5705453269825396,,,
R3,Stationary_WN,0.21081556933384837,0.36511527953853085,0.31356420555194287,None,11,,,500,0.0,0.0,0.0,0.0,8.283384344169317,,,
R4,Trending_MeanShift,0.9997865714879082,0.9991613605919907,0.0,None,250,,,500,,,0.0,0.0,0.9719662117656028,,250.0,
R1,Composite,0.9998133874360742,0.9971923553236831,0.6849762114266122,12,12,12.0,24.0,500,0.39750276300017773,3.1305329302091284e-05,21.593911249493722,2.765412514771934,1.27095225806291,,,
R2,Seasonal,0.9810966576339282,0.9988741156787028,0.9793599474830632,12,12,12.0,24.0,500,0.0,0.0,21.376968885579405,9.926187220819497,0.7586297095488879,,,
R3,Stationary_WN,0.06566231976896097,0.46432081963680916,0.4118532445740368,None,45,,,500,0.0,0.0,0.0,0.0,14.421403917906764,,,
R4,Trending_RandomWalkDrift,0.9937127978170711,0.7822981208843436,0.7858580950414372,None,250,,,500,,,0.0,0.0,1.376845665441884,,,-0.21612312141731174
R1,Composite,0.999760034696504,0.9954952147164052,0.9250517365323877,24,24,24.0,48.0,500,0.3130893235729881,3.705284224354064e-05,15.295473514189016,6.6410071692689225,1.0786635966179348,,,
R2,Seasonal,0.9567101492542579,0.9988047138691813,0.9668721095513997,24,24,24.0,48.0,500,0.0,0.0,21.43364379954093,7.571006927125239,0.7935314536545882,,,
R3,Stationary_WN,0.41936551362290175,0.20444117204362122,0.31936707834803957,None,3,,,500,0.0,0.0,0.0,0.0,12.621389681442615,,,
R4,Trending_ExponentialGrowth,0.9990931631896638,0.3571137477290678,0.38517955123789116,None,24,,,500,,,0.0,0.0,1.4174507580943123,,,
R1,Composite,0.9996704569950042,0.9899085096839267,0.5855654284204806,12,12,12.0,24.0,500,-0.3265398484237907,-4.986341220114614e-05,12.828280527423496,2.337489535908807,1.2730359297996008,,,
R2,Seasonal,0.9497144034520179,0.9920030710811886,0.9475446689079984,12,12,12.0,24.0,500,0.0,0.0,15.629846915775218,11.88957806410394,1.4566509211052119,,,
R3,Stationary_AR,0.3095797689032843,0.5403564997391928,0.6347758709542066,None,22,,,500,0.0,0.0,0.0,0.0,5.0,0.5077549976578696,,
R4,Trending_ExponentialGrowth,0.9985522038712027,0.42698599307153684,0.35511500375216487,None,24,,,500,,,0.0,0.0,1.4288039708979703,,,
R1,Composite,0.9983887962453789,0.9931087825013268,0.9400388612915214,24,24,24.0,48.0,500,0.10709367546129878,2.3032381433952727e-05,11.575622039933286,7.05277059396188,1.0472298945905298,,,
R2,Seasonal,0.9562152052015293,0.99220267491091,0.9671257198921269,24,24,24.0,48.0,500,0.0,0.0,10.003798009904097,9.215400393282668,1.1061054424893078,,,
R3,Stationary_AR,0.0853419800836277,0.562778456530902,0.5564026982686581,None,33,,,500,0.0,0.0,0.0,0.0,5.0,0.4006453784670783,,
R4,Trending_MeanShift,0.9999472569417015,0.9997897233515528,0.28318532239021277,None,250,,,500,,,0.0,0.0,1.4802886380751838,,250.0,
R1,Composite,0.9987253913509434,0.9957699212676193,0.6591980571547444,24,24,24.0,48.0,500,-0.2271472262713451,2.500756662532984e-05,23.760942132542695,3.0187284381272033,1.4781903914056622,,,
R2,Seasonal,0.9777488258633726,0.9989820898942295,0.9823509289692822,24,24,24.0,48.0,500,0.0,0.0,25.3662281790484,11.495552666937387,0.8662759442956796,,,
R3,Stationary_WN,0.2854287911071126,0.31617360538796513,0.2859876665017156,None,5,,,500,0.0,0.0,0.0,0.0,13.561636371214684,,,
R4,Trending_MeanShift,0.9999536633141994,0.9998143052979878,0.1772267569994519,None,250,,,500,,,0.0,0.0,1.004616396608618,,250.0,
R1,Composite,0.9998909964805116,0.9984777938163111,0.9662123125428134,12,12,12.0,24.0,500,-0.34101190665482384,4.646114586318787e-05,17.329393204133694,7.27041063598069,0.663926179955046,,,
R2,Seasonal,0.8986558810481833,0.997569767456919,0.9026423913972341,12,12,12.0,24.0,500,0.0,0.0,17.695358900573176,5.05876347273716,0.8862620217831644,,,
R3,Stationary_WN,0.46345916799758924,0.18058690285085754,0.25414931870646296,None,2,,,500,0.0,0.0,0.0,0.0,8.512342543219678,,,
R4,Trending_RandomWalkDrift,0.9987533820746065,0.6270328574044093,0.8719422915766406,None,24,,,500,,,0.0,0.0,1.110448679572738,,,0.12290427408960208
R1,Composite,0.9997350840405386,0.9957424025349648,0.8138140963126453,48,50,48.0,96.0,500,-0.3878637623356833,-3.3280772778237905e-05,21.04193999809805,3.5484957550226737,1.2724094464813756,,,
R2,Seasonal,0.9527535441637364,0.9984196298921597,0.9663333466015673,48,50,48.0,96.0,500,0.0,0.0,18.198743466659984,6.295275718702379,0.7989241969917673,,,
R3,Stationary_WN,0.48218035477264165,0.3008400424342571,0.316824445068972,None,3,,,500,0.0,0.0,0.0,0.0,14.764926625350924,,,
R4,Trending_ExponentialGrowth,0.9996312422898251,0.34024002423511557,0.3037391544704492,None,24,,,500,,,0.0,0.0,0.8440282366429908,,,
R1,Composite,0.9988536845740682,0.9916554838321399,0.8895554693881487,36,36,36.0,72.0,500,0.17849810009749384,2.6617823801296892e-05,14.341425768184687,6.776009334328441,1.4363963756285165,,,
R2,Seasonal,0.9448826547879555,0.998681101534953,0.9562172381818256,36,36,36.0,72.0,500,0.0,0.0,24.452092183699616,7.866165977148119,0.9165713022725559,,,
R3,Stationary_AR,0.1430249701547388,0.5050827999895386,0.5406795692925679,None,71,,,500,0.0,0.0,0.0,0.0,5.0,0.5859585632223259,,
R4,Trending_RandomWalkDrift,0.0,0.23275480934174375,0.0,None,250,,,500,,,0.0,0.0,0.8728753752745249,,,-0.11024417024388544
R1,Composite,0.9999059022571067,0.9989448713161252,0.9612549258060119,36,36,36.0,72.0,500,-0.2727314150529775,-4.315015083439506e-05,17.9696611605739,5.550448945321049,0.6363461653767032,,,
R2,Seasonal,0.7887072928926777,0.9862107199138369,0.8501807429036885,36,36,36.0,72.0,500,0.0,0.0,12.411870696286789,6.339546692388664,1.5267224799140888,,,
R3,Stationary_WN,0.057162310343860656,0.4167991849915482,0.26464004112346806,None,18,,,500,0.0,0.0,0.0,0.0,8.166867050701395,,,
R4,Trending_ExponentialGrowth,0.9955550388229901,0.3027237043742945,0.3082579893904577,None,24,,,500,,,0.0,0.0,0.796999168557451,,,
R1,Composite,0.9979607776351458,0.9954406198934888,0.7242789290808274,36,36,36.0,72.0,500,0.1609704331489265,-4.225207460272898e-05,19.048759610964147,3.0601575594869206,1.2651129898057114,,,
R2,Seasonal,0.9435706508259764,0.9960794923287958,0.9554845767383988,36,36,36.0,72.0,500,0.0,0.0,21.00229232467024,11.832625704886027,1.5529104906943654,,,
R3,Stationary_AR,0.15850784550865604,0.5166958111148368,0.5159803410990371,None,36,,,500,0.0,0.0,0.0,0.0,5.0,0.4525838059985741,,
R4,Trending_MeanShift,0.9999633319732264,0.9998536096944315,0.0,None,250,,,500,,,0.0,0.0,0.6421729161378583,,250.0,
R1,Composite,0.9991035872520798,0.9976718421242077,0.883067667874563,24,24,24.0,48.0,500,0.20118557744146243,-3.419295499693395e-05,23.258216257393336,5.60438023913018,1.1650340482002817,,,
R2,Seasonal,0.9034879465999656,0.9962712658861683,0.9286084375208263,24,24,24.0,48.0,500,0.0,0.0,19.981835717993793,8.026960021275208,1.3528337850696195,,,
R3,Stationary_WN,0.061006599914285364,0.4055183174223296,0.3243625500086228,None,25,,,500,0.0,0.0,0.0,0.0,13.605526499433036,,,
R4,Trending_MeanShift,0.9999806928592492,0.9999227109258445,0.0,None,250,,,500,,,0.0,0.0,0.566710188613502,,250.0,
R1,Composite,0.999936561115317,0.9991290420971245,0.9802224317882996,36,36,36.0,72.0,500,-0.37094381311320235,4.245007738600652e-05,19.3437757349877,7.690833949921168,0.6422497075356413,,,
R2,Seasonal,0.9638305877548894,0.9974202653092724,0.9697042503585819,36,36,36.0,72.0,500,0.0,0.0,18.054208682403186,9.899625870837616,1.0324636281285935,,,
R3,Stationary_AR,0.35604596130671196,0.5425293394729417,0.683272998558829,None,24,,,500,0.0,0.0,0.0,0.0,5.0,0.531126664953453,,
R4,Trending_MeanShift,0.9999197446808458,0.9996787949073844,0.0,None,250,,,500,,,0.0,0.0,0.6364950113919461,,250.0,
R1,Composite,0.9996670907487742,0.9989407487539692,0.8840291164478794,24,24,24.0,48.0,500,0.18779296853021876,1.1794616781950992e-05,22.000550907058766,3.4935673093706168,0.7834959243421166,,,
R2,Seasonal,0.8395596593659977,0.9977995489592056,0.8853007015343796,24,24,24.0,48.0,500,0.0,0.0,22.03725704133008,5.174526409409568,1.1648492231242356,,,
R3,Stationary_WN,0.13866161112505182,0.32161849931802544,0.3526506010824555,None,12,,,500,0.0,0.0,0.0,0.0,7.3224716006819355,,,
R4,Trending_RandomWalkDrift,0.9993047612716374,0.7696829959268912,0.8945479352034127,None,24,,,500,,,0.0,0.0,0.8196786664404969,,,0.13736574063387913
R1,Composite,0.9998088218896156,0.9974020712913806,0.9590627749748895,48,50,48.0,96.0,500,-0.15122850070093977,-4.389742578556362e-05,9.751932793316538,3.9942211555075895,0.5129964013615199,,,
R2,Seasonal,0.9840712021136203,0.9988400465965611,0.9873064024528069,48,50,48.0,96.0,500,0.0,0.0,20.348730154572053,10.39596431826924,0.7350010323800006,,,
R3,Stationary_AR,0.03224799681771995,0.7440184403293968,0.6650824401326074,None,125,,,500,0.0,0.0,0.0,0.0,5.0,0.5036553976763439,,
R4,Trending_RandomWalkDrift,0.9995829065296467,0.6519917574536155,0.8489139802727701,None,24,,,500,,,0.0,0.0,1.4986542951553279,,,0.311717309388551
R1,Composite,0.9994141861059563,0.9970250919190794,0.8355352034873269,36,36,36.0,72.0,500,-0.2881557297205187,3.6460920908827426e-05,24.62907250102047,5.196230061769087,1.446063471507991,,,
R2,Seasonal,0.7675666588950901,0.9977967223493481,0.8453550455499979,36,36,36.0,72.0,500,0.0,0.0,21.655924092361683,4.249772492747369,1.0648448210198278,,,
R3,Stationary_WN,0.468742303475577,0.09373272334750704,0.2882913224252669,None,2,,,500,0.0,0.0,0.0,0.0,8.710752674915085,,,
R4,Trending_RandomWalkDrift,0.9924998684482113,0.9400092341385585,0.6765183795849239,None,250,,,500,,,0.0,0.0,0.8246662351437677,,,-0.1613769342547694
R1,Composite,0.9995668716598106,0.9838317768334925,0.563516895663684,36,36,36.0,72.0,500,-0.2671960909576897,-3.052937494441946e-05,9.355277056878759,2.0317054391016267,1.1361229337666874,,,
R2,Seasonal,0.9468218615979752,0.9960257305744828,0.9579464780256824,36,36,36.0,72.0,500,0.0,0.0,11.43892961385179,6.642474210371669,0.8172026746282589,,,
R3,Stationary_WN,0.47530292654190387,0.10738673956707201,0.15783507515288364,None,2,,,500,0.0,0.0,0.0,0.0,5.0021109673193305,,,
R4,Trending_RandomWalkDrift,0.9974899864354574,0.7588424294702275,0.8960813463505276,None,24,,,500,,,0.0,0.0,1.3679780469769147,,,0.15000412517875597
R1,Composite,0.9997092869723365,0.9972523760085706,0.9121170662055416,24,24,24.0,48.0,500,-0.12255362119408642,-4.484594991167668e-05,9.456461207055066,3.0014765593416333,0.5472501461092746,,,
R2,Seasonal,0.975779246379898,0.9993136056303079,0.9810014170319452,24,24,24.0,48.0,500,0.0,0.0,28.16749396658989,9.989607784351417,0.7380181111629873,,,
R3,Stationary_AR,0.3875334921165947,0.5713879482863119,0.7556247479298921,None,24,,,500,0.0,0.0,0.0,0.0,5.0,0.6428970228764186,,
R4,Trending_ExponentialGrowth,0.9985711290700773,0.36098059518416314,0.34972755687899637,None,24,,,500,,,0.0,0.0,0.9552196149125352,,,
R1,Composite,0.9988712037585088,0.9959756148475652,0.8537125107728947,24,24,24.0,48.0,500,-0.17370904988525238,-2.8647210387420198e-05,19.9195356305008,5.5547762474122715,1.3882802224258666,,,
R2,Seasonal,0.8887953386182066,0.9980628891397264,0.917187009102766,24,24,24.0,48.0,500,0.0,0.0,24.56367699082439,6.60045409693079,1.2548342047238015,,,
R3,Stationary_AR,0.07395380791922179,0.3831225727679095,0.5378931607292983,None,38,,,500,0.0,0.0,0.0,0.0,5.0,0.4011992144942608,,
R4,Trending_MeanShift,0.9999401061524023,0.9997629488438022,0.0,None,250,,,500,,,0.0,0.0,0.7093621524335951,,250.0,
R1,Composite,0.9994174358585163,0.994268706714005,0.851191905059318,36,36,36.0,72.0,500,0.17712261222959375,4.7427511486099404e-05,13.04582884920108,3.982637918420915,1.1306142222015425,,,
R2,Seasonal,0.7886686658392166,0.9957356867799748,0.851818938298878,36,36,36.0,72.0,500,0.0,0.0,26.12077879671326,7.321864517130062,1.836174324597211,,,
R3,Stationary_WN,0.3659694638590314,0.1693958119407898,0.33085464189133307,None,4,,,500,0.0,0.0,0.0,0.0,5.781034136114489,,,
R4,Trending_ExponentialGrowth,0.996693396976657,0.3705989030768322,0.35751197073622454,None,24,,,500,,,0.0,0.0,1.3425898928796705,,,
R1,Composite,0.9989961835103385,0.9893504971456814,0.8867236384100822,12,12,12.0,24.0,500,-0.16868718774146443,-3.351260549246577e-05,11.545919044435562,6.393643308819671,1.252922543063681,,,
R2,Seasonal,0.0912345362759448,0.997417614728821,0.37473294524881584,12,24,12.0,24.0,500,0.0,0.0,10.811908849152225,9.784647500668143,0.8033009720557416,,,
R3,Stationary_AR,0.3738738185030728,0.5039373538740506,0.47556031591361214,None,15,,,500,0.0,0.0,0.0,0.0,5.0,0.5471942563108696,,
R4,Trending_RandomWalkDrift,0.7390711638159861,0.3786313009673089,0.0,None,167,,,500,,,0.0,0.0,1.3215912128419074,,,-0.3599061552993442
R1,Composite,0.9998647309572682,0.9988607865144902,0.9410950754414263,24,24,24.0,48.0,500,0.31193812288331646,1.3356895995969566e-05,22.16886875559988,5.513128212240736,0.8184549498265726,,,
R2,Seasonal,0.9289725774606269,0.9932550553302227,0.9459396267368669,24,24,24.0,48.0,500,0.0,0.0,18.610036356159902,11.865294738940253,1.7789216683484177,,,
R3,Stationary_AR,0.3936706984353242,0.3070531991518277,0.40334028239328823,None,6,,,500,0.0,0.0,0.0,0.0,5.0,0.4094346469357737,,
R4,Trending_MeanShift,0.9999078489805003,0.9996273756048097,0.0,None,250,,,500,,,0.0,0.0,0.8181845012495713,,250.0,
R1,Composite,0.9997077972995169,0.9974966782491105,0.9212873232680525,48,50,48.0,96.0,500,0.30221457901553095,4.641982195093773e-05,23.788689852358218,5.699124174730123,1.1678142857111944,,,
R2,Seasonal,0.7362970808336338,0.9750890168856434,0.8347487297646317,48,50,48.0,96.0,500,0.0,0.0,10.420175240089947,5.893348214178728,1.9930229342905643,,,
R3,Stationary_AR,0.26166536967837506,0.38771044855004155,0.6152560629647219,None,26,,,500,0.0,0.0,0.0,0.0,5.0,0.5988870362411293,,
R4,Trending_MeanShift,0.9994773199006747,0.9980245576632671,0.0,None,250,,,500,,,0.0,0.0,1.4950265011516293,,250.0,
R1,Composite,0.9996458968894343,0.994293836605119,0.882449582959962,24,24,24.0,48.0,500,0.3272613395803422,2.354213622119089e-05,16.900309596380744,6.350398923009338,1.4360417172348954,,,
R2,Seasonal,0.963794026867224,0.99899844880394,0.971924112212819,24,24,24.0,48.0,500,0.0,0.0,28.430579227588176,10.01021880538553,0.932548890046802,,,
R3,Stationary_WN,0.45358182586360685,0.2300005643068701,0.23269207495277044,None,3,,,500,0.0,0.0,0.0,0.0,10.486055019299267,,,
R4,Trending_ExponentialGrowth,0.9984089424083407,0.42714102455924685,0.36549084000822574,None,24,,,500,,,0.0,0.0,0.71709224433904,,,
R1,Composite,0.9987824835368444,0.9976167358433947,0.9041180941580252,48,50,48.0,96.0,500,-0.16340051853570592,3.30918802122948e-05,21.95174641361448,4.481740751413902,1.02208557916141,,,
R2,Seasonal,0.6963002890742052,0.9936259355114567,0.8460659191200401,48,50,48.0,96.0,500,0.0,0.0,16.33869317165116,4.114645450444815,1.215267576991435,,,
R3,Stationary_WN,0.4922334090660515,0.20192360591416048,0.27570697467544225,None,2,,,500,0.0,0.0,0.0,0.0,8.30822533026172,,,
R4,Trending_RandomWalkDrift,0.9816139549468726,0.5695794537775904,0.0,None,250,,,500,,,0.0,0.0,0.9360374954876302,,,-0.14749702773987466
R1,Composite,0.9996962418075285,0.99843474230045,0.8747559265751316,12,12,12.0,24.0,500,-0.2521759793865951,-2.168898428237771e-05,23.60160598504431,4.759542924882623,1.0548686790521753,,,
R2,Seasonal,0.9636714648745579,0.9930995359726612,0.9616494034021819,12,12,12.0,24.0,500,0.0,0.0,13.2295671512588,11.051835372573924,1.2551948053820907,,,
R3,Stationary_AR,0.11079319198898663,0.5945696154929698,0.5839444449439357,None,50,,,500,0.0,0.0,0.0,0.0,5.0,0.4458911362654521,,
R4,Trending_ExponentialGrowth,0.9988412702419223,0.3489861329196444,0.33826363375999224,None,24,,,500,,,0.0,0.0,0.8410338508495329,,,
R1,Composite,0.9994834306192373,0.9798370635319282,0.6007978106289777,36,36,36.0,72.0,500,-0.2907581003813918,-1.3494412663205942e-05,9.45706916720401,2.362348084889174,1.3140030141095553,,,
R2,Seasonal,0.678993983359678,0.9972940828188305,0.7845422932804498,36,36,36.0,72.0,500,0.0,0.0,29.084093514324948,4.991923031559519,1.5550504734071355,,,
R3,Stationary_AR,0.3290786220576476,0.4503343599551928,0.6496338728393404,None,17,,,500,0.0,0.0,0.0,0.0,5.0,0.5517249653772335,,
R4,Trending_ExponentialGrowth,0.9987576370789338,0.36707663109857847,0.38351645131936096,None,24,,,500,,,0.0,0.0,1.031817684880867,,,
R1,Composite,0.9998004570010771,0.9965188159524392,0.9535098811853074,36,36,36.0,72.0,500,0.20220025479248063,-4.655073595770052e-05,8.707074758488876,4.425312839649974,0.536096617503496,,,
R2,Seasonal,0.8429928998489922,0.9980263817151456,0.8746369295631282,36,36,36.0,72.0,500,0.0,0.0,25.381977801113678,5.569162767815388,1.1126194003855878,,,
R3,Stationary_AR,0.4154771215444184,0.42564335483598814,0.632885001527673,None,19,,,500,0.0,0.0,0.0,0.0,5.0,0.6334965711867258,,
R4,Trending_ExponentialGrowth,0.9963235868745475,0.46890754130985934,0.3685205232259622,None,24,,,500,,,0.0,0.0,1.1350995738195815,,,
R1,Composite,0.9987421835858787,0.9974077086343716,0.8816174887013345,48,50,48.0,96.0,500,-0.1458253190580752,2.4638525830723148e-05,19.174186799091395,3.57205486237451,0.9560939996044128,,,
R2,Seasonal,0.9725515368277647,0.9982838546018526,0.9788730509670619,48,50,48.0,96.0,500,0.0,0.0,14.504512121510524,6.770442732477953,0.6330458043181977,,,
R3,Stationary_WN,0.4990448248264534,0.13635476088747056,0.22913435742246802,None,2,,,500,0.0,0.0,0.0,0.0,8.20557259578292,,,
R4,Trending_RandomWalkDrift,0.999163679068692,0.7548100080705584,0.8573955645104692,None,24,,,500,,,0.0,0.0,1.349475808794661,,,0.20630930951558626
R1,Composite,0.9995820989648586,0.9836411829035243,0.8508118085315284,48,50,48.0,96.0,500,0.35081753256709725,1.9366259232406985e-05,12.08034455902486,5.750465385816907,1.421517772314943,,,
R2,Seasonal,0.8616048672226363,0.9950809103886777,0.9070930497202165,48,50,48.0,96.0,500,0.0,0.0,16.13299626827695,5.477602723690736,1.115144740603521,,,
R3,Stationary_WN,0.12695283954880254,0.4304357002749253,0.3151090392360639,None,26,,,500,0.0,0.0,0.0,0.0,13.927404780344771,,,
R4,Trending_ExponentialGrowth,0.9985726148316464,0.4211535718909716,0.38586868890746306,None,24,,,500,,,0.0,0.0,0.5640770075489556,,,
R1,Composite,0.9998792044800087,0.9993531421623778,0.9884616034772225,48,50,48.0,96.0,500,0.21817909333604213,-4.834690715326574e-05,17.94029646003809,7.107648089527252,0.5131514292665753,,,
R2,Seasonal,0.4829864009129472,0.9752294519841975,0.7082034063317939,48,50,48.0,96.0,500,0.0,0.0,12.671560805491291,4.140742898835515,1.8623424262021602,,,
R3,Stationary_AR,0.04436065547660084,0.5810468964225721,0.6138534575568362,None,83,,,500,0.0,0.0,0.0,0.0,5.0,0.5827364648517634,,
R4,Trending_MeanShift,0.9997514707580002,0.9990063083011179,0.0,None,250,,,500,,,0.0,0.0,1.4683489279018027,,250.0,
R1,Composite,0.999531048213743,0.9992340151315079,0.9547794092629192,24,24,24.0,48.0,500,0.1634211813273468,-4.47904711114612e-05,22.482033862200325,5.4128788692979555,0.716319991443761,,,
R2,Seasonal,0.8247061480064415,0.9980523413491759,0.8676807562535251,24,24,24.0,48.0,500,0.0,0.0,19.963400090183505,4.0695474846876625,0.9486951289803855,,,
R3,Stationary_AR,0.5443419577436999,0.5006522925749002,0.5863353045386019,None,12,,,500,0.0,0.0,0.0,0.0,5.0,0.6397068665793875,,
R4,Trending_RandomWalkDrift,0.9993534207084154,0.6705901223465541,0.881823714538335,None,24,,,500,,,0.0,0.0,1.1914532574781114,,,-0.4511609801614278
R1,Composite,0.9999040950473398,0.9984587070973535,0.9338831325498038,24,24,24.0,48.0,500,-0.32484566981984375,-4.45821142222023e-05,17.5144393150156,4.6718836045937335,0.7695252664313802,,,
R2,Seasonal,0.9406664760572829,0.9955230626823863,0.9557789956622087,24,24,24.0,48.0,500,0.0,0.0,18.115962986672862,10.469061153583901,1.3716063680770796,,,
R3,Stationary_WN,0.10420827228632012,0.356974572932818,0.3451524883801822,None,19,,,500,0.0,0.0,0.0,0.0,11.518810095457521,,,
R4,Trending_MeanShift,0.9998576474877425,0.9994313736932989,0.0,None,250,,,500,,,0.0,0.0,0.8083649213597223,,250.0,
R1,Composite,0.9991023702932118,0.9949178893299336,0.8147631471720714,24,24,24.0,48.0,500,-0.2067462799373289,-4.558352126682962e-05,19.2243676752115,5.202715210983098,1.3601184122690575,,,
R2,Seasonal,0.9685043482392541,0.9983497896946238,0.976460357648598,24,24,24.0,48.0,500,0.0,0.0,11.989550702352707,5.957734394819314,0.5891879804290985,,,
R3,Stationary_WN,0.3558561294642406,0.32762507681073894,0.3382753594630219,None,4,,,500,0.0,0.0,0.0,0.0,14.761812008223433,,,
R4,Trending_MeanShift,0.9999891411956457,0.9999563924623468,0.0,None,250,,,500,,,0.0,0.0,0.7515107367746595,,250.0,
R1,Composite,0.9985993617475686,0.9964662768324901,0.9176098415227043,48,50,48.0,96.0,500,0.19717063973384008,-2.9434446086870408e-05,24.75550236588273,7.159917659848098,1.4592967693736654,,,
R2,Seasonal,0.0075907064023436055,0.9852035361510965,0.6408517913565435,48,100,48.0,96.0,500,0.0,0.0,10.818586244282717,10.62408101124863,1.9062187747149548,,,
R3,Stationary_AR,0.24994906275079587,0.4544587203108986,0.6956471262909352,None,31,,,500,0.0,0.0,0.0,0.0,5.0,0.6413309409059581,,
R4,Trending_RandomWalkDrift,0.9993223182147265,0.49923063024285264,0.7972537482001134,None,24,,,500,,,0.0,0.0,1.0161741650403795,,,0.398517948372907
R1,Composite,0.9999404543201751,0.9960982839062882,0.9282487108515266,48,50,48.0,96.0,500,0.3156889579054588,4.9887596341133055e-05,8.930213268614946,3.1933365851465068,0.5188070048062272,,,
R2,Seasonal,0.05344398900801073,0.9921960378956965,0.7225655544284548,48,100,48.0,96.0,500,0.0,0.0,10.20797565747923,7.792443718187259,1.2974546604499353,,,
R3,Stationary_AR,0.004964251998437752,0.0,0.0,None,167,,,500,0.0,0.0,0.0,0.0,5.0,0.4194254373280961,,
R4,Trending_RandomWalkDrift,0.9998131835937422,0.7208973422127049,0.8913915506309986,None,24,,,500,,,0.0,0.0,0.545964083847184,,,0.4163217798694355
R1,Composite,0.9997160077565829,0.9895216400084134,0.9062243983889293,36,36,36.0,72.0,500,0.30109722814964723,-2.226337200939823e-05,9.614040893027681,5.730748920777944,1.0699162774367772,,,
R2,Seasonal,0.7652498840721035,0.9763881862573853,0.8235339151039889,36,36,36.0,72.0,500,0.0,0.0,10.516332099164565,6.382708108039104,1.779097977619074,,,
R3,Stationary_AR,0.14349931099561197,0.3827002305196717,0.507498318027388,None,16,,,500,0.0,0.0,0.0,0.0,5.0,0.4248193487165628,,
R4,Trending_RandomWalkDrift,0.0,0.0977972304545901,0.0,None,250,,,500,,,0.0,0.0,0.9585119923618033,,,-0.17195062421477517
R1,Composite,0.9997688524818121,0.9970127079254848,0.8397143771035801,36,36,36.0,72.0,500,0.2913908520242219,-4.684900090939996e-05,15.04853169185177,3.4579323913054596,0.9724622178291432,,,
R2,Seasonal,0.9843192491813313,0.999342217122127,0.9868644698975676,36,36,36.0,72.0,500,0.0,0.0,21.877125840475678,9.399709224703496,0.6108965182445815,,,
R3,Stationary_AR,0.024714967549512634,0.8088942369958737,0.6415673380970877,None,167,,,500,0.0,0.0,0.0,0.0,5.0,0.5788174761741638,,
R4,Trending_ExponentialGrowth,0.9995251935933964,0.37660834790995223,0.3381715301944873,None,24,,,500,,,0.0,0.0,0.6357207436324476,,,
R1,Composite,0.9997654991542799,0.9885096856634394,0.7967341989611559,36,36,36.0,72.0,500,0.37393248794344114,-4.0131615977730336e-05,10.125697128250579,3.690412813357302,1.207713759721069,,,
R2,Seasonal,0.9125292760930144,0.9968081876491852,0.9293577283033921,36,36,36.0,72.0,500,0.0,0.0,19.11189906866977,7.3780780830361845,1.1079901299802106,,,
R3,Stationary_WN,0.4994266899775879,0.1912377711958947,0.23018775849511852,None,2,,,500,0.0,0.0,0.0,0.0,12.293317983766856,,,
R4,Trending_ExponentialGrowth,0.9990600111844717,0.3998452406708586,0.3209769818868673,None,24,,,500,,,0.0,0.0,0.5217345817265642,,,
R1,Composite,0.9999046099967396,0.9990196063177592,0.969700280167076,12,12,12.0,24.0,500,0.3283185299731488,2.112008681935659e-05,21.363995269950045,7.546355762317465,0.7847203818953804,,,
R2,Seasonal,0.9228170856057601,0.9953226011894182,0.9201580442176026,12,12,12.0,24.0,500,0.0,0.0,10.321657716672219,4.7906007066764404,0.7371869746293431,,,
R3,Stationary_WN,0.30842036989319754,0.3702469733710555,0.3045672524036215,None,6,,,500,0.0,0.0,0.0,0.0,7.8405254556915605,,,
R4,Trending_ExponentialGrowth,0.9850145859178088,0.43993872185623384,0.4042614582297207,None,24,,,500,,,0.0,0.0,1.453070363978716,,,
R1,Composite,0.9997218601230763,0.9992299755081321,0.9542463471336516,12,12,12.0,24.0,500,0.19570812316854572,-3.0226608518000676e-05,22.146432775274178,5.601746148642209,0.6076372368829799,,,
R2,Seasonal,0.7829521564838865,0.9976035495014628,0.8068895229630553,12,12,12.0,24.0,500,0.0,0.0,25.051969413767505,4.397216980424937,1.4607553521494736,,,
R3,Stationary_AR,0.036390308295097595,0.5609842341624975,0.6712423744147877,None,83,,,500,0.0,0.0,0.0,0.0,5.0,0.6264090432795992,,
R4,Trending_ExponentialGrowth,0.9990197605824508,0.42646465045772297,0.32464010828319423,None,24,,,500,,,0.0,0.0,1.1747416540961684,,,
R1,Composite,0.9999247591017467,0.9988662369969533,0.9668158317648179,48,50,48.0,96.0,500,-0.36112571437434005,3.500587534052018e-05,18.448845169299396,5.3932502952656645,0.641945571117256,,,
R2,Seasonal,0.9256702326218849,0.9896263882438422,0.9424996869260241,48,50,48.0,96.0,500,0.0,0.0,10.972225498537986,7.69883343944646,1.2157349727099023,,,
R3,Stationary_WN,0.432070693513095,0.2689958935889013,0.2710056003163358,None,3,,,500,0.0,0.0,0.0,0.0,7.034750101454895,,,
R4,Trending_MeanShift,0.9999257240873617,0.999700852272091,0.10558591520578875,None,250,,,500,,,0.0,0.0,0.8978239062387345,,250.0,
R1,Composite,0.9993182429203604,0.9849938424945583,0.7987013802004567,36,36,36.0,72.0,500,0.2327123738874698,2.242994742720736e-05,10.249968622243868,4.233611474350516,1.3964319929678686,,,
R2,Seasonal,0.8640407434206727,0.9811924829954644,0.8934896575992912,36,36,36.0,72.0,500,0.0,0.0,10.173335868062745,7.474433259665929,1.4849311296149275,,,
R3,Stationary_AR,0.31570995772737387,0.40872438279737844,0.5508315112393305,None,19,,,500,0.0,0.0,0.0,0.0,5.0,0.5959909328014604,,
R4,Trending_RandomWalkDrift,0.999255968331801,0.7043988061124917,0.8599327791464064,None,24,,,500,,,0.0,0.0,0.8786011061507275,,,0.23469291227090047
R1,Composite,0.9998869195867089,0.9980899851185102,0.9752900317655046,12,12,12.0,24.0,500,-0.24006483572836299,-4.3412132354163e-05,13.0272079686808,7.233522812351262,0.6431327153465082,,,
R2,Seasonal,0.9369095372450634,0.9982431684695707,0.9349653225053314,12,12,12.0,24.0,500,0.0,0.0,25.984577206794206,8.236586940860503,1.1619948682929604,,,
R3,Stationary_WN,0.5064836425226141,0.08886425746605608,0.259071702267371,None,2,,,500,0.0,0.0,0.0,0.0,9.063043968069167,,,
R4,Trending_ExponentialGrowth,0.9996277368804297,0.36394070275500057,0.3836228006057393,None,24,,,500,,,0.0,0.0,0.5756447938188389,,,
R1,Composite,0.9987390766630162,0.9959024802217032,0.7302514979448893,12,12,12.0,24.0,500,-0.15278492332831062,2.0594637543388324e-05,16.11556335267852,2.55805078564108,1.0340470893449165,,,
R2,Seasonal,0.9821518414266616,0.9974620837287075,0.9804589104589032,12,12,12.0,24.0,500,0.0,0.0,15.282208837011876,11.048462608866458,0.8884579450871077,,,
R3,Stationary_AR,0.25109228718974175,0.5448326499659111,0.5939682901135773,None,31,,,500,0.0,0.0,0.0,0.0,5.0,0.484595890833607,,
R4,Trending_MeanShift,0.9999740687476765,0.9998975451357349,0.0,None,250,,,500,,,0.0,0.0,0.9571413496587936,,250.0,
R1,Composite,0.9978336018448907,0.9962758648537491,0.8888033407465384,12,12,12.0,24.0,500,-0.13385446441530002,4.039882410332884e-05,17.832091876003183,5.948336405327692,1.102455220534563,,,
R2,Seasonal,0.9631249404669432,0.998870582320955,0.9600306288558386,12,12,12.0,24.0,500,0.0,0.0,22.719942083662232,7.457317495748575,0.7595689480785255,,,
R3,Stationary_AR,0.13979641842207002,0.37010984733671526,0.5158859902402311,None,16,,,500,0.0,0.0,0.0,0.0,5.0,0.41407536675990914,,
R4,Trending_ExponentialGrowth,0.9995589436177911,0.38510827911372814,0.344310269368588,None,24,,,500,,,0.0,0.0,1.0403349706310323,,,
R1,Composite,0.998968398150397,0.9975023827449324,0.8463091374791571,48,50,48.0,96.0,500,-0.138602552906645,-3.445644654237402e-05,20.94499695129013,2.963442767675676,1.006071391375149,,,
R2,Seasonal,0.8242480337842608,0.9864896290244597,0.8713157812310994,48,50,48.0,96.0,500,0.0,0.0,14.823947727876455,7.306330321498077,1.8289794954790268,,,
R3,Stationary_WN,0.2004465623169519,0.3295186554106706,0.2245147013439831,None,6,,,500,0.0,0.0,0.0,0.0,5.211999493415551,,,
R4,Trending_MeanShift,0.9851035087170188,0.9176485519141632,0.0,None,250,,,500,,,0.0,0.0,1.0032947403133412,,250.0,
R1,Composite,0.9999027494020106,0.9984792839692135,0.7639220105958213,24,24,24.0,48.0,500,-0.34374121166211946,-1.6143976881588135e-05,17.92878861543577,2.053718222093436,0.7700596020565483,,,
R2,Seasonal,0.8478585931369135,0.9978065474692266,0.896066415705413,24,24,24.0,48.0,500,0.0,0.0,26.839157927911202,6.5505351745196005,1.37027095885631,,,
R3,Stationary_AR,0.3436738083533637,0.5513356550055328,0.5892762568942679,None,22,,,500,0.0,0.0,0.0,0.0,5.0,0.44019294919594854,,
R4,Trending_ExponentialGrowth,0.9991220711507774,0.33358100953556513,0.2777493757051923,None,24,,,500,,,0.0,0.0,0.540123191339447,,,
R1,Composite,0.9999223092782273,0.9996036588111722,0.9817582242278847,24,24,24.0,48.0,500,-0.25434604821900697,-4.427171954882863e-05,24.706757729140204,6.897877785437473,0.5169677901205362,,,
R2,Seasonal,0.8320144756149679,0.996501280702856,0.8770518401267298,24,24,24.0,48.0,500,0.0,0.0,21.810555738354726,6.220946561286326,1.267956506602213,,,
R3,Stationary_AR,0.06580735785920178,0.33858836386320035,0.5635632781607023,None,25,,,500,0.0,0.0,0.0,0.0,5.0,0.5755588401395594,,
R4,Trending_MeanShift,0.9998647055671545,0.9994530507362528,0.0,None,250,,,500,,,0.0,0.0,1.3318905252688955,,250.0,
R1,Composite,0.9998460136215392,0.9983670557490241,0.8504867902167983,48,50,48.0,96.0,500,0.3880769279310372,-4.101016776736319e-05,23.767695006880025,2.6279141497793543,0.8872947514007682,,,
R2,Seasonal,0.93491985151401,0.9983385791450388,0.9560321074224758,48,50,48.0,96.0,500,0.0,0.0,27.21545622364968,8.30073822376653,1.097101590755833,,,
R3,Stationary_AR,0.39125531874662,0.42847931152436236,0.5931773137115254,None,10,,,500,0.0,0.0,0.0,0.0,5.0,0.5523198071858632,,
R4,Trending_ExponentialGrowth,0.9996169286546422,0.3936459750707092,0.4715205228832672,None,24,,,500,,,0.0,0.0,0.8910965357154884,,,
R1,Composite,0.9998911791064917,0.9973519390186495,0.9308606840168856,24,24,24.0,48.0,500,0.3878248063546932,1.826378696428765e-05,16.215547873090074,5.678503308599908,0.968790455839273,,,
R2,Seasonal,0.8727941043846109,0.9921528804192126,0.9032423743401398,24,24,24.0,48.0,500,0.0,0.0,15.060107199994135,7.551582730281088,1.4646902482925936,,,
R3,Stationary_WN,0.48666098960437076,0.12012103989975298,0.29737782427263615,None,2,,,500,0.0,0.0,0.0,0.0,8.851164896316963,,,
R4,Trending_ExponentialGrowth,0.9986232621694987,0.29607540321866677,0.33217260834714846,None,24,,,500,,,0.0,0.0,1.3116027678944402,,,
R1,Composite,0.9999218356870702,0.9978871690826613,0.9551296220636636,36,36,36.0,72.0,500,-0.2975343679643777,-3.1826457994965205e-05,12.288610730755716,4.9426392579164515,0.5876585001499327,,,
R2,Seasonal,0.9311492718037081,0.9955619356999692,0.9452002547000234,36,36,36.0,72.0,500,0.0,0.0,10.147917486570249,5.259165593988359,0.7234330690570787,,,
R3,Stationary_AR,0.03186360123311105,0.52528747212111,0.5197950963495762,None,83,,,500,0.0,0.0,0.0,0.0,5.0,0.4653028452242043,,
R4,Trending_RandomWalkDrift,0.998932957745301,0.9715348281179769,0.8270675188338682,None,250,,,500,,,0.0,0.0,1.031501407596367,,,-0.41361589134125365
R1,Composite,0.998802342413735,0.9960520417929879,0.7816449322685185,36,36,36.0,72.0,500,-0.14934468519999308,-3.498429453208709e-05,18.67984265251394,3.8318538894212724,1.1714073109135035,,,
R2,Seasonal,0.8368609699960851,0.9991017180167314,0.8800277978272749,36,36,36.0,72.0,500,0.0,0.0,29.742048003839653,4.516829115053216,0.9930351002791552,,,
R3,Stationary_WN,0.10824795529299114,0.43914422763777183,0.40332666394263283,None,10,,,500,0.0,0.0,0.0,0.0,13.4601568614153,,,
R4,Trending_RandomWalkDrift,0.7539868561305856,0.6343321408774389,0.0,None,250,,,500,,,0.0,0.0,0.653886908981379,,,0.16202721730870123
R1,Composite,0.9984823605754632,0.9957693814231563,0.9157498682035476,24,24,24.0,48.0,500,0.13779346545847282,2.1512431061537342e-05,17.96573422654871,7.412115498967873,1.2508589262574445,,,
R2,Seasonal,0.9582045641572626,0.9996246051546629,0.9672984901596113,24,24,24.0,48.0,500,0.0,0.0,27.353699068009348,5.404262846926792,0.6171999306658935,,,
R3,Stationary_AR,0.1999583464400877,0.5331506019490116,0.512539037603057,None,28,,,500,0.0,0.0,0.0,0.0,5.0,0.5370461350520509,,
R4,Trending_RandomWalkDrift,0.9990686794568029,0.7711531121821436,0.9010555411846098,None,24,,,500,,,0.0,0.0,1.2026217923487952,,,0.18419641200129278
R1,Composite,0.9995029173660768,0.9962097398152714,0.8822022278868374,12,12,12.0,24.0,500,0.2806112473055214,-4.70588085935852e-05,18.794132470009963,6.218397081112874,1.250547695014654,,,
R2,Seasonal,0.9413824246931609,0.9985697094453,0.939009605974478,12,12,12.0,24.0,500,0.0,0.0,20.04708004795474,5.849190614522679,0.8237658527169747,,,
R3,Stationary_WN,0.4169204417368616,0.2361584879502039,0.2936066011604216,None,3,,,500,0.0,0.0,0.0,0.0,11.794318051615235,,,
R4,Trending_RandomWalkDrift,0.9996369796753707,0.7473209241912392,0.896729574364123,None,24,,,500,,,0.0,0.0,0.5336739270632084,,,0.47971180627019494
R1,Composite,0.9997200187259444,0.9958277248326982,0.8835724920120966,24,24,24.0,48.0,500,0.32212045832250163,3.096116809063086e-05,17.72558326137549,5.757387048939604,1.1900898716604922,,,
R2,Seasonal,0.9247056760729482,0.9981132035042055,0.9446562094287363,24,24,24.0,48.0,500,0.0,0.0,21.662926442472752,7.317267653325257,1.098646325840368,,,
R3,Stationary_WN,0.18069721406913486,0.4007303798640235,0.2259825968401422,None,8,,,500,0.0,0.0,0.0,0.0,9.985494471530377,,,
R4,Trending_ExponentialGrowth,0.9771110358576848,0.28556782812153336,0.3326205525787217,None,24,,,500,,,0.0,0.0,1.183952859825486,,,
R1,Composite,0.9995612752279257,0.9925751980869342,0.6520060289773467,24,24,24.0,48.0,500,-0.3439713088669138,1.899825258425916e-05,16.39518433655718,2.870305827802924,1.3408646864865372,,,
R2,Seasonal,0.9494126804397099,0.9927409979004835,0.9601333911306519,24,24,24.0,48.0,500,0.0,0.0,13.77576829554572,11.131166943721954,1.3410131092438147,,,
R3,Stationary_AR,0.5415181838851195,0.5496491438659292,0.6610499495992671,None,29,,,500,0.0,0.0,0.0,0.0,5.0,0.6849098296709872,,
R4,Trending_MeanShift,0.9997983975508132,0.9992130952606189,0.0,None,250,,,500,,,0.0,0.0,0.8925358033163642,,250.0,
R1,Composite,0.9997728333570784,0.9955269805683968,0.8981049816625348,36,36,36.0,72.0,500,-0.33016528981378,2.755972918721734e-05,14.512886414538713,5.371486237697923,1.0547763024959518,,,
R2,Seasonal,0.9629886997323476,0.9979906067198404,0.9701195297299544,36,36,36.0,72.0,500,0.0,0.0,10.447375760693578,5.061152332659706,0.5049874233179267,,,
R3,Stationary_AR,0.23521927976223234,0.5250874382605031,0.5903631095090839,None,28,,,500,0.0,0.0,0.0,0.0,5.0,0.4506498530812792,,
R4,Trending_MeanShift,0.9999179788696128,0.9996730708100741,0.07769576316579063,None,250,,,500,,,0.0,0.0,1.0136357435135817,,250.0,
R1,Composite,0.9998423069516371,0.9975853873082794,0.8467484051652006,24,24,24.0,48.0,500,0.37646576699926426,1.7409984857682195e-05,19.981214452630507,4.251776704746753,1.0991582383079017,,,
R2,Seasonal,0.9251824082905915,0.9973408845792346,0.9432753603684982,24,24,24.0,48.0,500,0.0,0.0,25.930233913489797,10.187729542137404,1.4583320834158513,,,
R3,Stationary_AR,0.11986946540929844,0.5561195153944901,0.5813363439502681,None,26,,,500,0.0,0.0,0.0,0.0,5.0,0.4445418992691765,,
R4,Trending_ExponentialGrowth,0.9973093039783606,0.4180667391806756,0.39691153486742314,None,24,,,500,,,0.0,0.0,0.6593094031737724,,,
R1,Composite,0.9996857086258639,0.9933832867230539,0.8332342099494465,12,12,12.0,24.0,500,-0.367426156313833,1.0593260906210658e-05,16.01621656710859,5.576070456934217,1.3707888870250062,,,
R2,Seasonal,0.9151374008834419,0.998505012411622,0.9131792962288608,12,12,12.0,24.0,500,0.0,0.0,18.180662691992495,4.4859971887849746,0.7904444646118222,,,
R3,Stationary_WN,0.11729714079177211,0.3206359282581942,0.230327218089576,None,19,,,500,0.0,0.0,0.0,0.0,14.106491594575372,,,
R4,Trending_MeanShift,0.9999682294186356,0.9998737213311522,0.13228516893346964,None,250,,,500,,,0.0,0.0,0.8708487419134666,,250.0,
R1,Composite,0.9996122841926929,0.9984746048195297,0.858904250841517,36,36,36.0,72.0,500,0.18947906113043878,2.390407042212323e-05,20.652100648409043,3.6183671124765056,0.858811372911166,,,
R2,Seasonal,0.922741441873613,0.9970182136121959,0.9398590916276782,36,36,36.0,72.0,500,0.0,0.0,25.213100145932273,10.393579953751583,1.512411197146919,,,
R3,Stationary_AR,0.34729873279456547,0.46869230610358315,0.5137950873544251,None,12,,,500,0.0,0.0,0.0,0.0,5.0,0.48357104475360585,,
R4,Trending_MeanShift,0.9997976999605859,0.9991842909348563,0.0,None,250,,,500,,,0.0,0.0,1.376488825858779,,250.0,
R1,Composite,0.9986556461875421,0.9947698343017268,0.9578165097508511,36,36,36.0,72.0,500,0.11241546439213651,-2.5738832611287333e-05,10.232935425183314,6.695847993543041,0.8659608250427411,,,
R2,Seasonal,0.6826472823490656,0.9769066027800868,0.7971870260084779,36,36,36.0,72.0,500,0.0,0.0,10.8617292117179,5.7115478982495524,1.6047495728105414,,,
R3,Stationary_WN,0.22758321953285743,0.2652812270401246,0.23624884907994748,None,6,,,500,0.0,0.0,0.0,0.0,13.37175120932833,,,
R4,Trending_ExponentialGrowth,0.9988932062617094,0.34982015785344667,0.3480124056526265,None,24,,,500,,,0.0,0.0,1.2373462973425433,,,
R1,Composite,0.9998660514371291,0.9966549781300623,0.8585007070432067,36,36,36.0,72.0,500,-0.36894856358031225,-3.337683327628595e-05,15.835707364140788,4.007990290970178,0.9881862311378738,,,
R2,Seasonal,0.9689230162428941,0.9994674688860473,0.9743535256251589,36,36,36.0,72.0,500,0.0,0.0,26.049453213300914,7.154524794204036,0.6183726861508654,,,
R3,Stationary_AR,0.19906067036419928,0.4918885271405605,0.5475632473951701,None,26,,,500,0.0,0.0,0.0,0.0,5.0,0.44258955772290043,,
R4,Trending_ExponentialGrowth,0.9994169435893915,0.4012329497151651,0.37396246364254615,None,24,,,500,,,0.0,0.0,0.6573005882783232,,,
R1,Composite,0.9996250879720577,0.9978087770973341,0.9578622240197255,12,12,12.0,24.0,500,0.1799731971546314,1.0827367155457304e-05,15.551895469602641,6.952138973710602,0.7648047335116271,,,
R2,Seasonal,0.9053372209437996,0.9952958058103454,0.9043948276131181,12,12,12.0,24.0,500,0.0,0.0,21.937068567638896,9.096539944655113,1.6219035063067333,,,
R3,Stationary_WN,0.32986126090741175,0.30368870642666734,0.1845157555885134,None,5,,,500,0.0,0.0,0.0,0.0,5.111846704535157,,,
R4,Trending_RandomWalkDrift,0.998110483652135,0.7104273760886344,0.8717183398274145,None,24,,,500,,,0.0,0.0,1.2405991926186712,,,0.1174718419152232
R1,Composite,0.9996252528997754,0.9956799688694363,0.8825851601817319,36,36,36.0,72.0,500,-0.2087124679733931,2.9956154409851132e-05,11.706308274684021,3.8950595421837058,0.8627863113237354,,,
R2,Seasonal,0.8351718340624616,0.9948991347342502,0.8686552887120306,36,36,36.0,72.0,500,0.0,0.0,21.74271574091539,7.602087116801524,1.6013162184550138,,,
R3,Stationary_WN,0.43482834698958484,0.20343717232144642,0.3138653265789926,None,3,,,500,0.0,0.0,0.0,0.0,9.900690149289368,,,
R4,Trending_ExponentialGrowth,0.9987719087161269,0.41060479899704216,0.3755964831481766,None,24,,,500,,,0.0,0.0,0.9229452551414106,,,
R1,Composite,0.9998495479543869,0.996775035530434,0.9570369285252314,48,50,48.0,96.0,500,0.2940092054873421,1.3191730820080521e-05,13.653475399432843,5.998010179099018,0.8223662386307973,,,
R2,Seasonal,0.9008665976854104,0.9944000437979635,0.9287891281803655,48,50,48.0,96.0,500,0.0,0.0,14.526193963282763,6.372810345857809,1.2436623292010989,,,
R3,Stationary_AR,0.23050101213479057,0.48100492829544705,0.5119149807411982,None,19,,,500,0.0,0.0,0.0,0.0,5.0,0.49029117227523555,,
R4,Trending_MeanShift,0.9998977604847026,0.9995851452399398,0.0,None,250,,,500,,,0.0,0.0,1.4409011122876447,,250.0,
R1,Composite,0.99852804210193,0.9897273729116558,0.6048253267245177,36,36,36.0,72.0,500,0.2129564116360181,-1.873506439309647e-05,15.540633963782579,2.6549437042504698,1.4900296335525667,,,
R2,Seasonal,0.9666008189432381,0.9982369339387888,0.9725203082818866,36,36,36.0,72.0,500,0.0,0.0,18.250493911409734,8.694163811485934,0.885889619751117,,,
R3,Stationary_AR,0.19922100107003615,0.5303906600336363,0.5808086572239748,None,24,,,500,0.0,0.0,0.0,0.0,5.0,0.5061238747617591,,
R4,Trending_MeanShift,0.9998966948533189,0.9995958771065593,0.0,None,250,,,500,,,0.0,0.0,1.111436179577264,,250.0,
R1,Composite,0.9993309389023465,0.9940564891088565,0.8897597280100175,48,50,48.0,96.0,500,-0.10796647415587979,-4.679750983996577e-05,9.213801751468115,2.946781861259524,0.686988661133747,,,
R2,Seasonal,0.46462754408325657,0.9655132141007935,0.6865403822672866,48,50,48.0,96.0,500,0.0,0.0,11.21444375157978,4.081734268351002,1.974485488753823,,,
R3,Stationary_AR,0.08035278915821442,0.8376246209121385,0.7515444229576934,None,125,,,500,0.0,0.0,0.0,0.0,5.0,0.6586026453043152,,
R4,Trending_RandomWalkDrift,0.9997701664101415,0.8311398685017513,0.9170512099302043,None,24,,,500,,,0.0,0.0,0.5966292744788032,,,-0.4239339882941161
R1,Composite,0.9995215738098668,0.9971441984239533,0.8586847250403893,12,12,12.0,24.0,500,0.3020331334101567,-2.5932191406740238e-05,24.178139565958364,6.255687379265489,1.3440555499373528,,,
R2,Seasonal,0.944017381385241,0.994797999947416,0.9432335714555923,12,12,12.0,24.0,500,0.0,0.0,11.410095252721142,6.674042374989868,0.9261805559635384,,,
R3,Stationary_WN,0.3231456901403639,0.2956699732155368,0.3259698411875269,None,5,,,500,0.0,0.0,0.0,0.0,9.11958791198536,,,
R4,Trending_ExponentialGrowth,0.9992103318038192,0.36651856137346417,0.31641858609978957,None,24,,,500,,,0.0,0.0,1.0106443559834983,,,
R1,Composite,0.999890893661793,0.9986060265111334,0.9092459468640101,24,24,24.0,48.0,500,0.2677520217913616,1.5814243255847128e-05,15.545700408926468,3.27708526718217,0.66196283465036,,,
R2,Seasonal,0.9650889915024197,0.9980097661721234,0.9723238950384172,24,24,24.0,48.0,500,0.0,0.0,16.608387482296987,8.35094519460132,0.7815181756723508,,,
R3,Stationary_AR,0.11310336251636877,0.5300016943269035,0.5329949193081077,None,33,,,500,0.0,0.0,0.0,0.0,5.0,0.420959337664581,,
R4,Trending_ExponentialGrowth,0.9937021461983456,0.34963070676423746,0.32380447938000767,None,24,,,500,,,0.0,0.0,0.9390940580606869,,,
R1,Composite,0.9996720444930417,0.9966205475828129,0.8246855780534993,48,50,48.0,96.0,500,0.3594208026775024,2.339169251380926e-05,24.581539717203082,3.4149709028319837,1.2053323035713495,,,
R2,Seasonal,0.8984699476270976,0.9986136671681445,0.9434450984929397,48,50,48.0,96.0,500,0.0,0.0,17.941856833786893,4.05633847385374,0.684049432371149,,,
R3,Stationary_WN,0.444794070984352,0.11362666680493483,0.2791162228708248,None,2,,,500,0.0,0.0,0.0,0.0,7.658150086848428,,,
R4,Trending_RandomWalkDrift,0.9943969258216768,0.9002390238061677,0.0,None,250,,,500,,,0.0,0.0,0.7351240311660274,,,0.22252255721362385
R1,Composite,0.9998023536979135,0.9986189904083569,0.9376953540432165,24,24,24.0,48.0,500,0.2464612790807432,3.0412701901107033e-05,19.938993658129128,5.375201661948642,0.7936405097160635,,,
R2,Seasonal,0.9456617067436524,0.9970444430623173,0.9574929267025397,24,24,24.0,48.0,500,0.0,0.0,23.3510057712259,11.572861606574843,1.304809834153088,,,
R3,Stationary_AR,0.4473501241717377,0.5731383692290934,0.7053238961073577,None,23,,,500,0.0,0.0,0.0,0.0,5.0,0.6298317901027208,,
R4,Trending_ExponentialGrowth,0.9992078859288025,0.43094516322198817,0.3254648344154455,None,24,,,500,,,0.0,0.0,1.2891066879957238,,,
R1,Composite,0.9948271484441435,0.9955115322425531,0.7144714273787629,24,24,24.0,48.0,500,0.10087160510328197,-2.57466697298218e-05,19.050459284988584,3.2800139999112643,1.2464633552428948,,,
R2,Seasonal,0.9008172830702982,0.9966273029555899,0.9282988627334272,24,24,24.0,48.0,500,0.0,0.0,15.671387258441625,6.112971684081539,0.9920354711912556,,,
R3,Stationary_AR,0.13636298606712982,0.6420952835514318,0.671609271328239,None,56,,,500,0.0,0.0,0.0,0.0,5.0,0.6225515527947036,,
R4,Trending_ExponentialGrowth,0.9988797580585276,0.36839848806649256,0.33364010957738555,None,24,,,500,,,0.0,0.0,1.0098203143014404,,,
R1,Composite,0.9985175708642753,0.9942948918855788,0.8936414765131534,48,50,48.0,96.0,500,0.13887890346745163,-3.7354732762563045e-05,13.261446583007483,4.494725147792588,1.0935133021899464,,,
R2,Seasonal,0.9716818548346714,0.9991080378594421,0.9806706864490775,48,50,48.0,96.0,500,0.0,0.0,28.97368073091306,9.876799601254927,0.8628077982832629,,,
R3,Stationary_AR,0.21776683520636841,0.5494961689152201,0.5267754636576065,None,23,,,500,0.0,0.0,0.0,0.0,5.0,0.48968401140222756,,
R4,Trending_RandomWalkDrift,0.9820195336530213,0.7191448773898853,0.0,None,250,,,500,,,0.0,0.0,1.3040029126107788,,,0.29541140805312205
R1,Composite,0.9997743693609837,0.9904906904413107,0.6683889738288504,24,24,24.0,48.0,500,-0.37529787737834763,1.155169781764799e-05,11.379932381088366,2.1969960828984574,1.0814068702595234,,,
R2,Seasonal,0.9352003129402788,0.9976865782284129,0.9497732374789063,24,24,24.0,48.0,500,0.0,0.0,29.12522204565534,11.580972854116329,1.525334426597745,,,
R3,Stationary_WN,0.15748598602650876,0.3289889761932494,0.38404492845690863,None,11,,,500,0.0,0.0,0.0,0.0,10.550039484548849,,,
R4,Trending_RandomWalkDrift,0.9995280803278175,0.8045821804843962,0.9211971901792203,None,24,,,500,,,0.0,0.0,0.7872575503355375,,,0.35041680835435873
R1,Composite,0.9963208520912262,0.9863942459192541,0.6613293829223122,36,36,36.0,72.0,500,-0.11905766631916696,-1.6173717527313267e-05,13.513377850666126,3.203162453353096,1.4910784129834342,,,
R2,Seasonal,0.7759383281709027,0.996234038961246,0.8394786581425804,36,36,36.0,72.0,500,0.0,0.0,27.096666808567072,6.9170031647449095,1.7112649507769575,,,
R3,Stationary_AR,0.1168141400784315,0.5802249619406897,0.7059721214495993,None,38,,,500,0.0,0.0,0.0,0.0,5.0,0.6714699650800102,,
R4,Trending_MeanShift,0.9990714759306751,0.9964228717036355,0.0,None,250,,,500,,,0.0,0.0,1.4661413647046695,,250.0,
R1,Composite,0.9988726349752376,0.9940230298821171,0.9468653596059465,24,24,24.0,48.0,500,-0.15466256486981794,4.946940011998807e-05,11.170386361927594,6.902721197701393,1.0022734572820253,,,
R2,Seasonal,0.9289052466204268,0.9975609887145492,0.9462724546752498,24,24,24.0,48.0,500,0.0,0.0,18.754241227419094,7.355805843687998,1.0131923995803587,,,
R3,Stationary_AR,0.013665183801922831,0.827109570094183,0.0,None,250,,,500,0.0,0.0,0.0,0.0,5.0,0.5248276425807126,,
R4,Trending_ExponentialGrowth,0.987876498249051,0.41178865401957143,0.3456455162855617,None,24,,,500,,,0.0,0.0,1.1608871793757194,,,
R1,Composite,0.9977348184604384,0.9873596096759173,0.8639866541194294,48,50,48.0,96.0,500,-0.12003594753296598,-3.4766137897656475e-05,11.861123022220191,5.554573015226027,1.4097484673672258,,,
R2,Seasonal,0.9749949395585686,0.9978740964991902,0.9799474813488717,48,50,48.0,96.0,500,0.0,0.0,21.705896957278604,11.96750290299295,1.0242695979642322,,,
R3,Stationary_AR,0.03019839202161878,0.4729194615326374,0.5919282801763367,None,71,,,500,0.0,0.0,0.0,0.0,5.0,0.5257982579871552,,
R4,Trending_RandomWalkDrift,0.0,0.002680071986784438,0.0,None,250,,,500,,,0.0,0.0,0.8558277455803497,,,0.36198764651701065
R1,Composite,0.9997163511471702,0.9965086565142642,0.9349520660588753,12,12,12.0,24.0,500,0.273655064975568,-4.400675181812286e-05,14.51667075452102,6.4531028596895785,0.8645069832028529,,,
R2,Seasonal,0.925962409175525,0.9956070853098449,0.925254738083904,12,12,12.0,24.0,500,0.0,0.0,22.206897030157734,10.29561493004697,1.5308531027372008,,,
R3,Stationary_AR,0.27491175934210044,0.6102748352317475,0.6582038121240185,None,36,,,500,0.0,0.0,0.0,0.0,5.0,0.5895592018413872,,
R4,Trending_RandomWalkDrift,0.9764442517016694,0.8135169505382253,0.0,None,250,,,500,,,0.0,0.0,0.9567045797600154,,,-0.2110595666799404
R1,Composite,0.9995087579314694,0.9963305630313714,0.9085231312427061,12,12,12.0,24.0,500,-0.2516447791661841,2.184959273920036e-05,18.054700243321605,6.763345415774083,1.1841082998494543,,,
R2,Seasonal,0.8677041304847108,0.9986362153417822,0.8781644220431908,12,12,12.0,24.0,500,0.0,0.0,29.38806218058794,5.531382633233304,1.2253859502529512,,,
R3,Stationary_WN,0.45560289933491327,0.25522782358567253,0.3356509092924663,None,3,,,500,0.0,0.0,0.0,0.0,8.002158923004028,,,
R4,Trending_ExponentialGrowth,0.9982956231355599,0.29362353549893694,0.3726571426610218,None,24,,,500,,,0.0,0.0,1.3217203214532873,,,
R1,Composite,0.9995970809030401,0.9964128764131237,0.9209308892692171,24,24,24.0,48.0,500,0.19084682813204856,3.766486704586637e-05,14.142444496342979,5.361430788872963,0.891093816740883,,,
R2,Seasonal,0.9726089103170952,0.9997227361138707,0.9786955172797677,24,24,24.0,48.0,500,0.0,0.0,29.99643589848607,6.385281235887775,0.570517241481844,,,
R3,Stationary_WN,0.43021226499282494,0.18833640047589506,0.3090170079162802,None,3,,,500,0.0,0.0,0.0,0.0,6.815339485466297,,,
R4,Trending_ExponentialGrowth,0.9992463752733779,0.47336321845222207,0.3736143040538473,None,24,,,500,,,0.0,0.0,0.556359837641879,,,
R1,Composite,0.9999488281970341,0.9976900724799707,0.8397683508576274,48,100,48.0,96.0,500,0.36383423324564623,4.5602392283968447e-05,8.619552114808473,7.834506990643861,0.6036723991217441,,,
R2,Seasonal,0.9264989885862542,0.9938569690196379,0.9473711279322664,48,50,48.0,96.0,500,0.0,0.0,13.986342944344559,7.699381317825026,1.1585788612278223,,,
R3,Stationary_AR,0.2694268296224157,0.4448786542950386,0.5663204957939005,None,23,,,500,0.0,0.0,0.0,0.0,5.0,0.5694926454914554,,
R4,Trending_ExponentialGrowth,0.9987230789644813,0.4334118916577673,0.4681885922293091,None,24,,,500,,,0.0,0.0,1.4652302511307589,,,
R1,Composite,0.9994207906610308,0.9940969888829828,0.8945585349977514,48,50,48.0,96.0,500,0.21453903108125555,1.7167466528330724e-05,14.993461974464978,5.042494749109821,1.2091487652971726,,,
R2,Seasonal,0.015325938649963344,0.991922116281659,0.7029058437065892,48,100,48.0,96.0,500,0.0,0.0,14.813236910576473,11.961884796525602,1.7913669710398308,,,
R3,Stationary_WN,0.07178650219679716,0.33399904238914324,0.2843218345850963,None,17,,,500,0.0,0.0,0.0,0.0,9.372406818679847,,,
R4,Trending_MeanShift,0.9999438728836412,0.9997758634892989,0.2964103859558054,None,250,,,500,,,0.0,0.0,1.0136617204387415,,250.0,
R1,Composite,0.9993237021216816,0.9985139193214534,0.96007309567294,48,50,48.0,96.0,500,-0.15581201442077536,-1.6198902475573557e-05,22.70195245506888,6.922185370131091,0.896892682553852,,,
R2,Seasonal,0.9474295157482562,0.9963565922656279,0.959509239363556,48,50,48.0,96.0,500,0.0,0.0,14.228595063675275,7.034778150759441,0.9288505806417168,,,
R3,Stationary_WN,0.5172299363715345,0.06850420924798517,0.22215109873773098,None,2,,,500,0.0,0.0,0.0,0.0,11.118721781115957,,,
R4,Trending_ExponentialGrowth,0.9879316525580936,0.4394177696518028,0.3766698793575006,None,24,,,500,,,0.0,0.0,1.0620462264891133,,,
R1,Composite,0.9994302480726246,0.9983832507736882,0.8817660649307205,36,36,36.0,72.0,500,-0.21532388560694057,2.3867432172183274e-05,24.748973177451703,4.741587979240081,1.1474798576239476,,,
R2,Seasonal,0.9347613759334129,0.9956094260845031,0.9476169037614642,36,36,36.0,72.0,500,0.0,0.0,13.53717585141303,7.215405840521396,0.8898654841055581,,,
R3,Stationary_WN,0.08424849890831221,0.4220151804730151,0.3340974006791606,None,23,,,500,0.0,0.0,0.0,0.0,13.314531691019805,,,
R4,Trending_ExponentialGrowth,0.9987733595584369,0.3256711140940147,0.38776040572302106,None,24,,,500,,,0.0,0.0,1.1336527419399829,,,
R1,Composite,0.9985315951321472,0.9970317137035929,0.8847287397977855,24,24,24.0,48.0,500,0.12500265703826174,2.321743777726904e-05,19.66486301880912,5.294828435879749,1.20247308662531,,,
R2,Seasonal,0.9736967212628608,0.9988541100342284,0.9793306891022812,24,24,24.0,48.0,500,0.0,0.0,24.988061080666355,11.152687969750385,0.9207001470554865,,,
R3,Stationary_WN,0.5012586204912977,0.13735832206319643,0.1607906663019918,None,2,,,500,0.0,0.0,0.0,0.0,8.771913498934726,,,
R4,Trending_ExponentialGrowth,0.9911769502614048,0.3384859992520638,0.34749688752817254,None,24,,,500,,,0.0,0.0,0.7806262356904131,,,
R1,Composite,0.9997615598092606,0.9970588666924358,0.89047337134301,36,36,36.0,72.0,500,-0.380658245965356,1.5437643934432718e-05,21.644628775140056,6.224814627369465,1.3098480683071454,,,
R2,Seasonal,0.9473629849005643,0.9888747372078687,0.9578370287450657,36,36,36.0,72.0,500,0.0,0.0,10.326789002091424,9.919025388018458,1.2137642578188474,,,
R3,Stationary_WN,0.4597276047759197,0.24370340762039377,0.29793038492678725,None,3,,,500,0.0,0.0,0.0,0.0,8.10733253540654,,,
R4,Trending_MeanShift,0.9671574217965376,0.8297903469270543,0.0,None,250,,,500,,,0.0,0.0,1.329298044708239,,250.0,
R1,Composite,0.9993431044514891,0.9967615327660413,0.9107408012570746,48,50,48.0,96.0,500,0.21232221184114972,4.485136300115272e-05,22.504578726732237,6.095668344498125,1.228047167149298,,,
R2,Seasonal,0.9143597337466125,0.9941946181490414,0.9357762414508665,48,50,48.0,96.0,500,0.0,0.0,12.093237717561268,5.752605355654837,1.06969603690617,,,
R3,Stationary_WN,0.10808439937289038,0.3373035578792445,0.32268186654319087,None,14,,,500,0.0,0.0,0.0,0.0,10.673216730044391,,,
R4,Trending_ExponentialGrowth,0.9972308695402975,0.38323433950398134,0.342521356221254,None,24,,,500,,,0.0,0.0,1.3140031129982943,,,
R1,Composite,0.9998261518766265,0.997405486186021,0.9121156039543442,36,36,36.0,72.0,500,0.2869321842915983,1.6542596417106666e-05,15.503306310943739,4.71431732019364,0.9142385679190606,,,
R2,Seasonal,0.9572343801646341,0.9969779609863599,0.9651441859696992,36,36,36.0,72.0,500,0.0,0.0,11.348471858404576,6.144698084813616,0.6582950782716916,,,
R3,Stationary_WN,0.42399066905213645,0.2535719155046382,0.3138102904021358,None,3,,,500,0.0,0.0,0.0,0.0,12.27473432427637,,,
R4,Trending_RandomWalkDrift,0.997195357522711,0.9293490154177712,0.7382955413592032,None,250,,,500,,,0.0,0.0,0.9014438656203065,,,-0.2763395926049046
R1,Composite,0.99862004765433,0.9897395953062025,0.7492612682838194,36,36,36.0,72.0,500,-0.1259938860434861,-3.738915373721683e-05,10.831741790760702,3.1325828886542757,1.076944715904455,,,
R2,Seasonal,0.8151097465742145,0.9990287260207344,0.8707270986874592,36,36,36.0,72.0,500,0.0,0.0,28.867698346440687,4.156370216551593,0.9268087151655362,,,
R3,Stationary_AR,0.20315176116928568,0.7609811498749627,0.566474533442018,None,167,,,500,0.0,0.0,0.0,0.0,5.0,0.45224739000281167,,
R4,Trending_RandomWalkDrift,0.9989415661307052,0.6589873834797394,0.9048296380789386,None,24,,,500,,,0.0,0.0,0.7342826547753137,,,-0.28562639646347565
R1,Composite,0.9996810601492034,0.9910357420590941,0.9471156325313955,24,24,24.0,48.0,500,0.3007347057343408,-3.972345372960668e-05,10.465038299865885,7.980260154993093,1.0471258586896264,,,
R2,Seasonal,0.6423112037336158,0.9876384689837201,0.7582151625992248,24,24,24.0,48.0,500,0.0,0.0,17.321961906264995,5.996989232829017,1.965315936137886,,,
R3,Stationary_AR,0.10726199106326206,0.5902133424992624,0.5892032756825063,None,38,,,500,0.0,0.0,0.0,0.0,5.0,0.47859937298010813,,
R4,Trending_ExponentialGrowth,0.9973751479036602,0.2992098265769956,0.2457669243233307,None,24,,,500,,,0.0,0.0,1.1611678882956382,,,
R1,Composite,0.9994356641857963,0.998772812089776,0.9407989458652205,24,24,24.0,48.0,500,0.14828692238234217,3.6520469248919164e-05,22.827293262686915,5.961482954575849,0.8279612429149923,,,
R2,Seasonal,0.8839634545011409,0.9769267418839719,0.9143707177933952,24,24,24.0,48.0,500,0.0,0.0,10.361088575834303,9.809919989957745,1.7153103713159656,,,
R3,Stationary_AR,0.11875109919977112,0.48345766129186873,0.6443643459028587,None,71,,,500,0.0,0.0,0.0,0.0,5.0,0.6298092689722019,,
R4,Trending_RandomWalkDrift,0.9994418685447725,0.6512615081041921,0.8888900104720219,None,24,,,500,,,0.0,0.0,0.6779393379035004,,,0.38444709051519066
R1,Composite,0.9991276909511272,0.9980871797655104,0.911112010263432,36,36,36.0,72.0,500,0.14453404345688525,-2.685627185996475e-05,17.945594860120913,4.679634405410327,0.9174716884003479,,,
R2,Seasonal,0.6259435109380824,0.9960523656012308,0.7452628910799652,36,36,36.0,72.0,500,0.0,0.0,29.901778384496655,5.39862730639805,1.9620915473453824,,,
R3,Stationary_WN,0.07211119225075113,0.3052109447989271,0.29757410458437095,None,12,,,500,0.0,0.0,0.0,0.0,10.443051058854866,,,
R4,Trending_ExponentialGrowth,0.9988525077750257,0.35069023740038097,0.3144103366612613,None,24,,,500,,,0.0,0.0,0.5234040659702759,,,
R1,Composite,0.9999301260447867,0.9993692705049629,0.983039485915667,48,50,48.0,96.0,500,-0.31110546035404363,-1.530320471985338e-05,22.063689254591278,6.975804184345076,0.5926136359291297,,,
R2,Seasonal,0.9728010934392909,0.9995222644802889,0.9824505748113889,48,50,48.0,96.0,500,0.0,0.0,23.608784645730672,6.058308058965018,0.5385893418651294,,,
R3,Stationary_AR,0.18832564590800682,0.8374956541900695,0.23795756199129625,None,250,,,500,0.0,0.0,0.0,0.0,5.0,0.6016514654458587,,
R4,Trending_MeanShift,0.9999897455628307,0.9999589267063638,0.3860402538269848,None,250,,,500,,,0.0,0.0,0.5931701329974287,,250.0,
R1,Composite,0.9996920639000872,0.9967641820041095,0.7683350304893206,48,50,48.0,96.0,500,0.337876476319242,1.0391670131659702e-05,22.346423740650444,2.37665342936751,1.2708637103520253,,,
R2,Seasonal,0.8751849596824103,0.9908767248806033,0.9072941683156415,48,50,48.0,96.0,500,0.0,0.0,15.73557907221279,7.806730650186282,1.585210137006302,,,
R3,Stationary_AR,0.22975980395454432,0.6609080197108297,0.7032315847790127,None,29,,,500,0.0,0.0,0.0,0.0,5.0,0.5311639609486685,,
R4,Trending_MeanShift,0.9999591922680144,0.999838253894077,0.0,None,250,,,500,,,0.0,0.0,1.0882033089100598,,250.0,
R1,Composite,0.9998069897816163,0.9992223239779376,0.7871922160193181,24,24,24.0,48.0,500,0.2600693261564947,-4.073211216520112e-05,24.237000917231917,2.1516614339981293,0.6828442030739656,,,
R2,Seasonal,0.8673245580291247,0.9933120204449287,0.9014140433190792,24,24,24.0,48.0,500,0.0,0.0,11.911808738498056,5.5264033561490145,1.0779086967744247,,,
R3,Stationary_WN,0.13650314621542037,0.4493204482798928,0.3165167734596107,None,15,,,500,0.0,0.0,0.0,0.0,13.35628112875512,,,
R4,Trending_ExponentialGrowth,0.9953493593621783,0.4111263985894088,0.362296160770598,None,24,,,500,,,0.0,0.0,0.793332227978402,,,
R1,Composite,0.9997106390448076,0.997691614661871,0.9570090333490269,24,24,24.0,48.0,500,0.21557052660615483,-1.9083089130795572e-05,14.70244449109727,6.302930839925605,0.7096238411238662,,,
R2,Seasonal,0.9868105247958286,0.9995553581593086,0.9896917067223284,24,24,24.0,48.0,500,0.0,0.0,25.15245702881565,9.92010798003936,0.5771161032157959,,,
R3,Stationary_AR,0.019429500245740416,0.04785634662119509,0.0,None,167,,,500,0.0,0.0,0.0,0.0,5.0,0.6166380135927092,,
R4,Trending_RandomWalkDrift,0.9912221049136561,0.9218459547169919,0.0,None,250,,,500,,,0.0,0.0,1.298742309006198,,,0.2653949805160791
R1,Composite,0.9998085396936854,0.9986164277007298,0.9727207752862198,48,50,48.0,96.0,500,0.26868108704497506,-2.6746451435647488e-05,20.35499939306551,7.33627074297308,0.7489235577855734,,,
R2,Seasonal,0.9192119839638682,0.9968824831238666,0.9407818975166795,48,50,48.0,96.0,500,0.0,0.0,26.09456974651684,9.599581338638746,1.4624710110393913,,,
R3,Stationary_WN,0.40696715220568314,0.1809284673446555,0.38592946041712994,None,3,,,500,0.0,0.0,0.0,0.0,7.026392468650955,,,
R4,Trending_MeanShift,0.9996060235115584,0.998401235899884,0.0,None,250,,,500,,,0.0,0.0,1.0681512298623388,,250.0,
R1,Composite,0.9964772402107807,0.992582609936889,0.8227948474250208,48,50,48.0,96.0,500,0.11546079890200099,-1.353192099176762e-05,16.2390780275175,4.157236409058092,1.2459347658363196,,,
R2,Seasonal,0.9227118676067596,0.9991511771664493,0.9533108045426808,48,50,48.0,96.0,500,0.0,0.0,22.80961327749991,4.5086799837067835,0.719485197198912,,,
R3,Stationary_WN,0.5648037537670522,0.19086924358210222,0.2456551652436968,None,2,,,500,0.0,0.0,0.0,0.0,11.0262359032073,,,
R4,Trending_RandomWalkDrift,0.9599609317254546,0.834757775658638,0.6129892459411583,None,250,,,500,,,0.0,0.0,0.7561728376557945,,,-0.19480417216368254
R1,Composite,0.999666534717002,0.997899862467419,0.9210588927358635,24,24,24.0,48.0,500,0.22096539819079164,1.9491797823159934e-05,18.66758121505972,5.418762309885333,0.9497318942576218,,,
R2,Seasonal,0.6370553643694318,0.984002160249867,0.7669454334618742,24,24,24.0,48.0,500,0.0,0.0,12.265105626765662,4.562770543985195,1.6027855545834124,,,
R3,Stationary_AR,0.2501388946834494,0.3993923306590955,0.5544170805626367,None,16,,,500,0.0,0.0,0.0,0.0,5.0,0.4246105306021712,,
R4,Trending_ExponentialGrowth,0.9987338798969956,0.4529933819450367,0.4373408699064105,None,24,,,500,,,0.0,0.0,0.5324084441512558,,,
R1,Composite,0.9998612293963922,0.9923031858692705,0.9557210068055536,12,12,12.0,24.0,500,-0.31730029221635614,2.2960008813031756e-05,8.40072939269275,6.863618121930558,0.7380613540325087,,,
R2,Seasonal,0.828434282561504,0.9973394028514746,0.8432926376815116,12,12,12.0,24.0,500,0.0,0.0,26.4502573887141,5.950579124980292,1.4229428380422076,,,
R3,Stationary_AR,0.014480140932520369,0.7095142330259405,0.6839408021232594,None,125,,,500,0.0,0.0,0.0,0.0,5.0,0.5342110655945407,,
R4,Trending_RandomWalkDrift,0.9912355841062472,0.8940649527104197,0.0,None,250,,,500,,,0.0,0.0,1.1604470280926347,,,0.35547510445694985
R1,Composite,0.9998397863435559,0.9983646068068411,0.9659651452546747,48,50,48.0,96.0,500,-0.2562820869491232,-3.37381498044469e-05,17.678759098525127,6.287473958529376,0.7395853790620509,,,
R2,Seasonal,0.9609484998000534,0.9985275529087336,0.9714210292216795,48,50,48.0,96.0,500,0.0,0.0,18.00698985721438,6.65759592443221,0.7189853093024667,,,
R3,Stationary_AR,0.16713133710522743,0.5036760789241221,0.5338259654126242,None,31,,,500,0.0,0.0,0.0,0.0,5.0,0.483629624128505,,
R4,Trending_RandomWalkDrift,0.9991887162202295,0.6118894277819653,0.8723125648752985,None,24,,,500,,,0.0,0.0,1.3197496476080217,,,0.23749992115504526
R1,Composite,0.9996216336639853,0.9919752360482401,0.8734681110324577,12,12,12.0,24.0,500,-0.2637459094072255,3.269398335356534e-05,10.728936331694088,4.907022201911046,1.0995999682662698,,,
R2,Seasonal,0.9657068169160187,0.9964941072806969,0.9639874144106236,12,12,12.0,24.0,500,0.0,0.0,19.29396414058687,11.864093352491258,1.1111909364567223,,,
R3,Stationary_AR,0.290271279386496,0.3749425637135674,0.628472124686493,None,16,,,500,0.0,0.0,0.0,0.0,5.0,0.6220239650724139,,
R4,Trending_MeanShift,0.9996782033445947,0.9987123747312568,0.0,None,250,,,500,,,0.0,0.0,1.0421640185604675,,250.0,
R1,Composite,0.9986487765109237,0.9979357656197855,0.8264991928367843,12,12,12.0,24.0,500,-0.12757117329430884,-3.9366785740193256e-05,24.516347764416217,4.7123521839037075,1.1175146510681475,,,
R2,Seasonal,0.9766972629061873,0.9957045091616682,0.9734581438822829,12,12,12.0,24.0,500,0.0,0.0,13.788132507422448,11.142909140330914,0.7741559600190395,,,
R3,Stationary_AR,0.29879380203390027,0.4528232037287485,0.5247854984563953,None,17,,,500,0.0,0.0,0.0,0.0,5.0,0.5559451420042509,,
R4,Trending_MeanShift,0.9997314872890556,0.9989358544036854,0.0,None,250,,,500,,,0.0,0.0,1.0918313323839794,,250.0,
R1,Composite,0.999283931756282,0.9882977904341352,0.9300447151895447,48,50,48.0,96.0,500,-0.19867617758139833,-1.8126573261241647e-05,10.483153265271401,6.907494594373269,1.1613912847467527,,,
R2,Seasonal,0.061363150566743574,0.9974678722063046,0.8518659207243652,48,100,48.0,96.0,500,0.0,0.0,11.455576974422385,8.785424687136107,0.9232824806025948,,,
R3,Stationary_AR,0.02914263525706906,0.6300671718850537,0.638186860894197,None,100,,,500,0.0,0.0,0.0,0.0,5.0,0.4279361987772542,,
R4,Trending_ExponentialGrowth,0.9894940213807937,0.43381044436921223,0.3304570647381595,None,24,,,500,,,0.0,0.0,0.8755119671429171,,,
R1,Composite,0.9994084570102245,0.9849397898366437,0.9168504433430247,24,24,24.0,48.0,500,0.22952826314168462,-2.3000645756954213e-05,8.62086990443825,6.682547018990572,1.325969969620762,,,
R2,Seasonal,0.8831391531650238,0.9947524649079112,0.9175185690335088,24,24,24.0,48.0,500,0.0,0.0,16.966537572928246,7.67983196922714,1.4231957233160304,,,
R3,Stationary_WN,0.43186751887794816,0.2396751101818304,0.36425309879827683,None,3,,,500,0.0,0.0,0.0,0.0,13.022410214094212,,,
R4,Trending_ExponentialGrowth,0.9941427604238281,0.4405175647046291,0.3736648106312783,None,24,,,500,,,0.0,0.0,1.2493162904460688,,,
R1,Composite,0.9997832120394159,0.9987930649466329,0.9623676209332787,36,36,36.0,72.0,500,0.2093312804834991,4.1398478985239424e-05,19.854623815841414,6.603986451292906,0.7539723733291241,,,
R2,Seasonal,0.8477272279656186,0.980849658913419,0.8825052732788745,36,36,36.0,72.0,500,0.0,0.0,10.35097378431994,7.1657074033310275,1.600998959587551,,,
R3,Stationary_WN,0.23470728605781388,0.29145167166864083,0.20665617563385497,None,6,,,500,0.0,0.0,0.0,0.0,12.937686010020403,,,
R4,Trending_RandomWalkDrift,0.9946082197587149,0.7581878475613657,0.916319208906127,None,24,,,500,,,0.0,0.0,0.5014125308743126,,,0.1270511801178762
R1,Composite,0.9995858626570023,0.996994158742346,0.9243533275761857,48,50,48.0,96.0,500,-0.20860436139023758,2.1647228063580453e-05,15.242057373611935,4.6267104084064155,0.8054529615744229,,,
R2,Seasonal,0.9016105215789127,0.9902857388073656,0.9288668074383715,48,50,48.0,96.0,500,0.0,0.0,19.37862988085851,11.5929749638842,1.8677940009402076,,,
R3,Stationary_WN,0.39485598395995325,0.20012124450815283,0.33502159413196586,None,4,,,500,0.0,0.0,0.0,0.0,9.111374704769549,,,
R4,Trending_RandomWalkDrift,0.9996653271617824,0.6911384749289183,0.9399411006539281,None,24,,,500,,,0.0,0.0,0.6102375445157134,,,0.31590356183191326
R1,Composite,0.9990787828437852,0.9937974890834615,0.7034028053669068,48,50,48.0,96.0,500,0.2270004603049351,1.428432136995961e-05,19.091616328494418,2.0474299116847936,1.2218201065524184,,,
R2,Seasonal,0.9892957220862342,0.9991210555147139,0.991502889287367,48,50,48.0,96.0,500,0.0,0.0,16.659123742033564,9.116953505651244,0.5116869775573964,,,
R3,Stationary_AR,0.27001995639845544,0.5723680293094175,0.6689850085707992,None,16,,,500,0.0,0.0,0.0,0.0,5.0,0.6599636701023697,,
R4,Trending_RandomWalkDrift,0.997294055192839,0.7046354208608396,0.906494968472732,None,24,,,500,,,0.0,0.0,1.1639695569462727,,,0.23647699120968846
R1,Composite,0.9998155148635438,0.9900269182566623,0.8145847160076598,48,50,48.0,96.0,500,0.27642323765781596,4.4307216020564204e-05,8.617779912600156,2.4252032326139763,0.8370735447590912,,,
R2,Seasonal,0.03238839737421517,0.9838163631570961,0.5432366522051644,48,100,48.0,96.0,500,0.0,0.0,11.333956190229568,11.501670920600322,1.632083857526501,,,
R3,Stationary_AR,0.07796519575159822,0.7814320301299953,0.7458252948446442,None,125,,,500,0.0,0.0,0.0,0.0,5.0,0.6493860692971636,,
R4,Trending_ExponentialGrowth,0.9994880944753888,0.4588260069792133,0.4121306107063819,None,24,,,500,,,0.0,0.0,1.1533404834275498,,,
R1,Composite,0.9967488971560805,0.9795762678641754,0.7005746095164858,36,36,36.0,72.0,500,-0.11476359356473413,1.6169474391527814e-05,8.675232187901948,2.8217128964483167,1.2758753483449146,,,
R2,Seasonal,0.982208270547144,0.9995969576108285,0.9851777160930826,36,36,36.0,72.0,500,0.0,0.0,26.671491380909114,8.33428079537336,0.5595883549788317,,,
R3,Stationary_WN,0.14336703953533358,0.29156134414399615,0.2752149350922525,None,12,,,500,0.0,0.0,0.0,0.0,12.936286242403177,,,
R4,Trending_RandomWalkDrift,0.9995686610850248,0.7719214986647885,0.8563678697842637,None,24,,,500,,,0.0,0.0,1.4488606624098332,,,-0.20382218985864267
R1,Composite,0.9979443702284281,0.9961914366438914,0.8673056300407336,36,36,36.0,72.0,500,-0.11741960067764344,-1.3324975277510652e-05,18.882274316523485,5.4690974487625414,1.134040631604447,,,
R2,Seasonal,0.9705498094116016,0.9990624066105883,0.9759225523379446,36,36,36.0,72.0,500,0.0,0.0,21.456258834130917,7.973461122223687,0.76387154339959,,,
R3,Stationary_AR,0.5594970840159273,0.6556197458838848,0.7643362854596562,None,28,,,500,0.0,0.0,0.0,0.0,5.0,0.687804972643608,,
R4,Trending_MeanShift,0.9999577191625288,0.9998318092402462,0.01554241659278488,None,250,,,500,,,0.0,0.0,0.5348167612311264,,250.0,
R1,Composite,0.9998689020663145,0.9960402479048467,0.8397612367952711,24,24,24.0,48.0,500,-0.3707095483594993,-2.0535673959690925e-05,13.927467399750398,3.468000736538043,0.8627886851885621,,,
R2,Seasonal,0.6578610378509165,0.9967671938407034,0.7943117975992753,24,24,24.0,48.0,500,0.0,0.0,22.514372628656883,4.132625507829666,1.3909320673173888,,,
R3,Stationary_WN,0.25422123550147246,0.28533643362598127,0.27290638675573475,None,5,,,500,0.0,0.0,0.0,0.0,12.95022015544819,,,
R4,Trending_RandomWalkDrift,0.9901831486827952,0.719818061652837,0.9180481175917263,None,24,,,500,,,0.0,0.0,0.8173041168642574,,,-0.1991149824502535
R1,Composite,0.9998922009112754,0.9980995167310568,0.9715681214135636,24,24,24.0,48.0,500,-0.30450007566928183,-1.0109829808005217e-05,14.723427522615584,7.106192197669568,0.7304738334263161,,,
R2,Seasonal,0.9402316375501675,0.9989268544259109,0.9551264682651743,24,24,24.0,48.0,500,0.0,0.0,23.605067100704307,6.600627422544726,0.7937831447071535,,,
R3,Stationary_AR,0.1934224286214452,0.6128664347400395,0.6883882937677055,None,42,,,500,0.0,0.0,0.0,0.0,5.0,0.6981899124583191,,
R4,Trending_MeanShift,0.9997912300309731,0.999183672138101,0.0888921266752396,None,250,,,500,,,0.0,0.0,1.4332040607790362,,250.0,
R1,Composite,0.9999231713091477,0.9992639693129415,0.9696589697065169,24,24,24.0,48.0,500,-0.2559915820881651,-3.8624220813870025e-05,17.84729628345619,5.118468186097788,0.6124035783182837,,,
R2,Seasonal,0.9810988073966552,0.9987089594062682,0.9850322858610442,24,24,24.0,48.0,500,0.0,0.0,19.775817938443545,10.987793576237426,0.7537497849510687,,,
R3,Stationary_WN,0.42937522780874304,0.2455864797513767,0.2068159921242405,None,3,,,500,0.0,0.0,0.0,0.0,6.751439986908206,,,
R4,Trending_ExponentialGrowth,0.9998612233934571,0.47184693686424284,0.5146757607598693,None,24,,,500,,,0.0,0.0,0.5527864438941299,,,
R1,Composite,0.9989679172691047,0.9953995044122975,0.8303235984856774,24,24,24.0,48.0,500,-0.19675164888446978,1.684787333265226e-05,17.99706278875069,4.7245457874541925,1.332683008917233,,,
R2,Seasonal,0.9465578690208096,0.9966458612262858,0.9579366794022429,24,24,24.0,48.0,500,0.0,0.0,19.63347552061439,10.40718689556737,1.3547943339165305,,,
R3,Stationary_WN,0.21303246986370794,0.33833582215489,0.25383494283592256,None,7,,,500,0.0,0.0,0.0,0.0,10.522816386657063,,,
R4,Trending_ExponentialGrowth,0.9933938423389389,0.4207992424337751,0.33631432222792457,None,24,,,500,,,0.0,0.0,1.0711732240570668,,,
R1,Composite,0.9997626771204002,0.9983531851820173,0.9263115160924246,12,12,12.0,24.0,500,-0.2045201342480324,4.412850188766907e-05,14.179449833364425,4.028718196064974,0.6159249421712231,,,
R2,Seasonal,0.7748942276004748,0.9856989759655158,0.779482659631253,12,12,12.0,24.0,500,0.0,0.0,10.91260844580199,4.681173283898191,1.322606101433615,,,
R3,Stationary_WN,0.25794746264823754,0.32279925600872306,0.3248750648791717,None,5,,,500,0.0,0.0,0.0,0.0,7.5961219812870295,,,
R4,Trending_RandomWalkDrift,0.9995140677670811,0.6547577361304966,0.8426659381722197,None,24,,,500,,,0.0,0.0,1.2995186383882367,,,-0.27140435165790044
R1,Composite,0.998865369432965,0.9947981020981216,0.9612465808560787,36,36,36.0,72.0,500,-0.10774307763188586,-1.7773362204716396e-05,11.18908949977956,7.743703026381432,0.8951216930552348,,,
R2,Seasonal,0.6454852593053672,0.9932651219185495,0.7420744167871381,36,36,36.0,72.0,500,0.0,0.0,22.166302817929754,5.372354112492282,1.9933206918893613,,,
R3,Stationary_AR,0.16960759591162555,0.573992603945759,0.6492255750101902,None,83,,,500,0.0,0.0,0.0,0.0,5.0,0.5710821024065291,,
R4,Trending_ExponentialGrowth,0.9857436762798766,0.3532768758365529,0.37240140265938204,None,24,,,500,,,0.0,0.0,0.9432240695028462,,,
R1,Composite,0.9996882604286609,0.9949645382792512,0.9361092879450591,36,36,36.0,72.0,500,-0.3061689885791406,3.6552206794427426e-05,14.69377087137464,7.561265867347073,1.1835528265114985,,,
R2,Seasonal,0.89020211985293,0.9985355496963264,0.915708994121645,36,36,36.0,72.0,500,0.0,0.0,23.717479304894148,5.52783576356613,0.9543992897445117,,,
R3,Stationary_WN,0.3278080770474717,0.29686997585861996,0.29794053454840075,None,4,,,500,0.0,0.0,0.0,0.0,7.357181676600341,,,
R4,Trending_ExponentialGrowth,0.9995504974424356,0.39066499199779636,0.31899171339819143,None,24,,,500,,,0.0,0.0,0.7868725614631453,,,
R1,Composite,0.9999049776147118,0.9985661911747656,0.9499263020755231,48,50,48.0,96.0,500,-0.3602961264572977,-3.817834593182394e-05,20.722753706120926,4.037301881904458,0.6411455665926554,,,
R2,Seasonal,0.5799645401287052,0.9898978711818642,0.8398451639588143,48,50,48.0,96.0,500,0.0,0.0,15.711060962252187,4.24393694254062,1.2529358322171809,,,
R3,Stationary_AR,0.0,0.0590527235701388,0.0,None,167,,,500,0.0,0.0,0.0,0.0,5.0,0.6094886996603894,,
R4,Trending_MeanShift,0.9999308305193417,0.9997234649222291,0.10012222813236482,None,250,,,500,,,0.0,0.0,1.2965060788012837,,250.0,
R1,Composite,0.9988085463113127,0.9991570724067945,0.9770856669708137,48,50,48.0,96.0,500,0.11417490293051542,-4.4151078173368926e-05,24.38584579390298,7.414445557784019,0.7709125930728075,,,
R2,Seasonal,0.8408520627953615,0.9982496992680211,0.9278220764612621,48,50,48.0,96.0,500,0.0,0.0,28.94388954926417,5.7895726795313,1.1858539520513594,,,
R3,Stationary_AR,0.013006052483374386,0.037248029337947464,0.0,None,250,,,500,0.0,0.0,0.0,0.0,5.0,0.6781250680349893,,
R4,Trending_MeanShift,0.9996058678612101,0.9984044263530362,0.0,None,250,,,500,,,0.0,0.0,1.3903012325269957,,250.0,
R1,Composite,0.9995390200120254,0.9968556557435055,0.8638056133396854,24,24,24.0,48.0,500,-0.2917022617704257,-2.1551141669296815e-05,23.4343281697223,5.989970047903455,1.4682605842808298,,,
R2,Seasonal,0.9849444067955586,0.9992434823634805,0.988199195264205,24,24,24.0,48.0,500,0.0,0.0,21.61235756829951,10.405681370261224,0.6602501469773465,,,
R3,Stationary_WN,0.33643879646730335,0.11914221696159222,0.25562634920870353,None,3,,,500,0.0,0.0,0.0,0.0,5.490939386667776,,,
R4,Trending_MeanShift,0.9999248675856726,0.9997044070370154,0.0,None,250,,,500,,,0.0,0.0,0.6088355733785479,,250.0,
R1,Composite,0.9987440863210878,0.9799253542416303,0.5165098451122774,12,12,12.0,24.0,500,0.1650777812677498,4.601905912374348e-05,9.275496031067057,2.056993452999668,1.4038034737830365,,,
R2,Seasonal,0.9148639048907117,0.9887567917338679,0.9151674855723857,12,12,12.0,24.0,500,0.0,0.0,16.691638138672744,11.373691546205297,1.9158115038565242,,,
R3,Stationary_AR,0.2603584897433332,0.7208623004254835,0.7456664428438851,None,71,,,500,0.0,0.0,0.0,0.0,5.0,0.6107867271450674,,
R4,Trending_ExponentialGrowth,0.9755027858680108,0.36944949482340705,0.3064982736767077,None,24,,,500,,,0.0,0.0,1.2591320691795527,,,
R1,Composite,0.9994547503060424,0.9942070663213933,0.8938469624923097,48,50,48.0,96.0,500,-0.24195849655172463,4.50548263383315e-05,13.718702720962572,4.83429962795677,1.0756123815461833,,,
R2,Seasonal,0.7242280925266678,0.9893018429232109,0.8494913441780887,48,50,48.0,96.0,500,0.0,0.0,18.115629023502766,6.354518138078062,1.8907895818195166,,,
R3,Stationary_AR,0.4322572444644288,0.47794893284076123,0.6886901864627301,None,24,,,500,0.0,0.0,0.0,0.0,5.0,0.6785399214258732,,
R4,Trending_MeanShift,0.9998430166605436,0.9993686322192612,0.0,None,250,,,500,,,0.0,0.0,1.0336472695219419,,250.0,
R1,Composite,0.9995908390674637,0.9933788149093883,0.5261478997096878,12,12,12.0,24.0,500,-0.3568066745162404,-2.8877141207495832e-05,18.718534015287087,2.052952797574412,1.3902756418690418,,,
R2,Seasonal,0.9702907871399459,0.9988814228794728,0.9676784718974107,12,12,12.0,24.0,500,0.0,0.0,26.373728610774727,9.691661396858215,0.9263913214325453,,,
R3,Stationary_AR,0.28489879738979296,0.6188765193841936,0.7016114839805071,None,33,,,500,0.0,0.0,0.0,0.0,5.0,0.6431134827039127,,
R4,Trending_MeanShift,0.9997816359013267,0.9991317926736571,0.0,None,250,,,500,,,0.0,0.0,0.747110621838582,,250.0,
R1,Composite,0.9989280929513735,0.9977087048531988,0.8974030280476107,12,12,12.0,24.0,500,-0.14666380510852878,1.0929554942489075e-05,19.700875490604965,5.388026020792248,1.0231429479511986,,,
R2,Seasonal,0.9692312716652365,0.9992566137415005,0.9672325238261285,12,12,12.0,24.0,500,0.0,0.0,24.67705484141953,7.320778672255704,0.6942104171602554,,,
R3,Stationary_WN,0.4910482652470335,0.1466870126293589,0.20436160702521677,None,2,,,500,0.0,0.0,0.0,0.0,11.844931855942223,,,
R4,Trending_MeanShift,0.9980430994103847,0.9927155512848154,0.0,None,250,,,500,,,0.0,0.0,1.4680405592924584,,250.0,
R1,Composite,0.9998027907263459,0.9987306753768271,0.9788913173281519,48,50,48.0,96.0,500,0.21843637001968874,2.0428045391009875e-05,19.382020345711197,7.897101617009616,0.7318060273875259,,,
R2,Seasonal,0.9368141792444756,0.9982789208484122,0.9560153961052695,48,50,48.0,96.0,500,0.0,0.0,27.497815929494358,8.58255799449663,1.2211288379584713,,,
R3,Stationary_AR,0.3124079211987826,0.7023741719717966,0.7285238330660126,None,38,,,500,0.0,0.0,0.0,0.0,5.0,0.6944320450239854,,
R4,Trending_ExponentialGrowth,0.9992914208856913,0.32274543024935665,0.3655313144382505,None,24,,,500,,,0.0,0.0,1.1438992598289164,,,
R1,Composite,0.9995818051914717,0.991678588757184,0.9360288143911627,24,24,24.0,48.0,500,-0.24051846317617803,-2.6172424727923878e-05,11.166938556245817,7.338963943848429,1.1638214226953743,,,
R2,Seasonal,0.9335714498449885,0.9994446152219467,0.9509223994080178,24,24,24.0,48.0,500,0.0,0.0,29.643257652595988,5.715706654805725,0.7519196595856407,,,
R3,Stationary_WN,0.4490353440369306,0.16277071876111826,0.3464605182294217,None,3,,,500,0.0,0.0,0.0,0.0,14.96383807140292,,,
R4,Trending_ExponentialGrowth,0.9881458106454817,0.4237816987289561,0.39733447379851516,None,24,,,500,,,0.0,0.0,0.9653515539655354,,,
R1,Composite,0.9986875412169968,0.9949568196300679,0.7675488696025317,24,24,24.0,48.0,500,0.20488603262198857,-4.165899495298412e-05,18.859826123619527,4.124189527251266,1.3543559315605571,,,
R2,Seasonal,0.7245132834450954,0.993177076826243,0.8109778802183192,24,24,24.0,48.0,500,0.0,0.0,18.68477489884506,5.518474858211609,1.6693397025525825,,,
R3,Stationary_WN,0.513689865432976,0.25313169817395587,0.34863780269288647,None,3,,,500,0.0,0.0,0.0,0.0,5.753031440971825,,,
R4,Trending_RandomWalkDrift,0.9969190181611202,0.7119474422243687,0.8841313616600963,None,24,,,500,,,0.0,0.0,0.6334287060739834,,,-0.19682597745040853
R1,Composite,0.9996612695709699,0.9944389913949511,0.9347744173744797,48,50,48.0,96.0,500,0.2665063051491255,-4.230785700832121e-05,12.842661268704184,6.08531966642836,0.9769049282875815,,,
R2,Seasonal,0.9714051978013143,0.9993593588249456,0.9804454109719916,48,50,48.0,96.0,500,0.0,0.0,21.704639039221824,6.186860649373312,0.5492782662187077,,,
R3,Stationary_AR,0.1752040814426582,0.7120397736387802,0.6130725948581497,None,100,,,500,0.0,0.0,0.0,0.0,5.0,0.6275193879445344,,
R4,Trending_MeanShift,0.9999438863565132,0.9997741328188446,0.0,None,250,,,500,,,0.0,0.0,0.9389410225579523,,250.0,
R1,Composite,0.9988123348878869,0.9980907020064796,0.9277923468792841,24,24,24.0,48.0,500,0.1342766296188171,2.765791533366099e-05,23.941679632362295,7.013574361630864,1.2320912955296928,,,
R2,Seasonal,0.7085786116895549,0.9720019244793137,0.7980935227833169,24,24,24.0,48.0,500,0.0,0.0,10.155627303437228,6.301180659138347,1.8835113584252914,,,
R3,Stationary_AR,0.37305227988990697,0.4877438409105951,0.5831311254586287,None,20,,,500,0.0,0.0,0.0,0.0,5.0,0.6092884860069929,,
R4,Trending_ExponentialGrowth,0.9801946081653052,0.39020218944459695,0.31267876725908794,None,24,,,500,,,0.0,0.0,1.2514949893516891,,,
R1,Composite,0.9997897772032609,0.997166288657937,0.875284437884593,48,50,48.0,96.0,500,-0.3072043340003374,1.5674434914008913e-05,17.247137940634836,2.5230494195609006,0.6647809208551635,,,
R2,Seasonal,0.9888498342355733,0.9994160970471447,0.991339063408216,48,50,48.0,96.0,500,0.0,0.0,22.469673076153107,9.803957438342978,0.5902351993650186,,,
R3,Stationary_WN,0.3316628855312975,0.22263651467841183,0.23417925679930196,None,4,,,500,0.0,0.0,0.0,0.0,8.098711621517188,,,
R4,Trending_MeanShift,0.9996001304073165,0.998388087516061,0.0,None,250,,,500,,,0.0,0.0,0.7145279491291998,,250.0,
R1,Composite,0.9999549775030694,0.9994319755270151,0.9720585819525798,24,24,24.0,48.0,500,-0.3816118335479305,-2.9744454360293366e-05,22.545845333630822,5.948735587741533,0.5883441931710716,,,
R2,Seasonal,0.9357127316303222,0.9900493383047784,0.9500343288087006,24,24,24.0,48.0,500,0.0,0.0,12.111456741249985,10.205722228358658,1.3645845613382133,,,
R3,Stationary_WN,0.43497236783971405,0.27494275876047103,0.38480733607334927,None,3,,,500,0.0,0.0,0.0,0.0,13.034451850593733,,,
R4,Trending_ExponentialGrowth,0.997265847722728,0.37593895501281316,0.2866923093986189,None,24,,,500,,,0.0,0.0,1.3133517368199348,,,
R1,Composite,0.999034176661548,0.9983897546346211,0.8242613899638558,12,12,12.0,24.0,500,0.1663878630543122,-4.7535246601985094e-05,22.516574697046106,3.6350482784235254,0.9289138712535984,,,
R2,Seasonal,0.984273251861695,0.999167230232763,0.9826939837810172,12,12,12.0,24.0,500,0.0,0.0,26.682132672129967,11.736848708848923,0.8809535997917906,,,
R3,Stationary_WN,0.29496406752941373,0.28112369324414865,0.389198894060407,None,4,,,500,0.0,0.0,0.0,0.0,11.966411242802046,,,
R4,Trending_ExponentialGrowth,0.9981723979123539,0.46742977619576176,0.37580354380993763,None,24,,,500,,,0.0,0.0,1.3220265158792435,,,
R1,Composite,0.9997711699140961,0.9982252691245772,0.9079416506407185,12,12,12.0,24.0,500,-0.28539591751507376,-4.214653647770777e-05,22.566077013863094,5.893486378900806,0.9381734091613907,,,
R2,Seasonal,0.9703671728661004,0.9987612885012357,0.9682693469787629,12,12,12.0,24.0,500,0.0,0.0,29.360819287360325,11.517266844066713,1.108468798603179,,,
R3,Stationary_AR,0.04563347155963893,0.7404091199541732,0.7677686651395986,None,83,,,500,0.0,0.0,0.0,0.0,5.0,0.6586227401264774,,
R4,Trending_ExponentialGrowth,0.9952234326686473,0.37969658763256264,0.3670993566848818,None,24,,,500,,,0.0,0.0,1.3346856179652575,,,
R1,Composite,0.9998783359655112,0.9956543376488274,0.9433326830440125,12,12,12.0,24.0,500,0.36494376695344044,2.3968849305299576e-05,12.783545927998683,6.869524111349274,0.894509998255471,,,
R2,Seasonal,0.985890425363883,0.999327343926806,0.9843284857109579,12,12,12.0,24.0,500,0.0,0.0,27.859982621823566,11.56605358354587,0.8199742790029669,,,
R3,Stationary_AR,0.15988047326842392,0.40787640280597337,0.5002513055535689,None,19,,,500,0.0,0.0,0.0,0.0,5.0,0.4287517026752875,,
R4,Trending_RandomWalkDrift,0.9996207155197876,0.9643047573241463,0.9486297506911648,None,125,,,500,,,0.0,0.0,0.7546269089942028,,,-0.3844210255430802
R1,Composite,0.9996658027921281,0.9935620046847076,0.5960481672801718,36,36,36.0,72.0,500,0.3258541329512584,2.407459873071171e-05,15.607109083137605,2.2624981113746077,1.2654438446993082,,,
R2,Seasonal,0.8491142996948305,0.9929973186930587,0.8881724383118771,36,36,36.0,72.0,500,0.0,0.0,19.99121423644994,8.514011297298168,1.7800076853584113,,,
R3,Stationary_AR,0.4650140896111836,0.7025054192755011,0.7903794595194503,None,28,,,500,0.0,0.0,0.0,0.0,5.0,0.6929950786674984,,
R4,Trending_MeanShift,0.9996638741417442,0.9986789344885749,0.0,None,250,,,500,,,0.0,0.0,1.4817190957134838,,250.0,
R1,Composite,0.9998253058234537,0.9982183810081553,0.9344749703691239,36,36,36.0,72.0,500,0.3445486696375723,-3.3677582599050725e-05,20.768058351873577,6.147954822446171,1.0143371581963772,,,
R2,Seasonal,0.916173437613716,0.9860788021653789,0.9346657588815671,36,36,36.0,72.0,500,0.0,0.0,12.607669708579525,11.028513749489045,1.6679662561102842,,,
R3,Stationary_AR,0.10397113199081853,0.5228027764293924,0.6144471562389624,None,28,,,500,0.0,0.0,0.0,0.0,5.0,0.45341121427109343,,
R4,Trending_MeanShift,0.9918553897794242,0.9695529361632242,0.0,None,250,,,500,,,0.0,0.0,1.1774695073864594,,250.0,
R1,Composite,0.9994228073647102,0.9859500825635746,0.9024477173338055,24,24,24.0,48.0,500,-0.27154704773104377,3.271703610285456e-05,10.01190452580208,6.795948818215308,1.377389417348727,,,
R2,Seasonal,0.5484578456404804,0.98424369317091,0.7130147720549207,24,24,24.0,48.0,500,0.0,0.0,15.20510956799683,4.788304044805808,1.8707635315699715,,,
R3,Stationary_WN,0.517719834758227,0.19136707254088647,0.3051955542397987,None,2,,,500,0.0,0.0,0.0,0.0,8.608643487840249,,,
R4,Trending_MeanShift,0.9999675848331223,0.9998709343176041,0.1465505518572433,None,250,,,500,,,0.0,0.0,0.6114778763567166,,250.0,
R1,Composite,0.9992304694004635,0.9954472091483113,0.8851240550769952,36,36,36.0,72.0,500,-0.15426058900130193,2.2531805745001348e-05,12.119493172793646,3.8533593332208262,0.8999500488160667,,,
R2,Seasonal,0.8955682686068054,0.9795661390288888,0.9181542678022305,36,36,36.0,72.0,500,0.0,0.0,11.353703291214677,10.592959851631186,1.7192653355017864,,,
R3,Stationary_WN,0.1876285096647169,0.3156343671484547,0.28729283449254095,None,8,,,500,0.0,0.0,0.0,0.0,7.1083374494862,,,
R4,Trending_RandomWalkDrift,0.9995492573990266,0.5924314796086136,0.84082528146452,None,24,,,500,,,0.0,0.0,0.9787443796104985,,,0.37817877122993515
R1,Composite,0.9996481639210179,0.9957539010350295,0.9432359440577841,48,50,48.0,96.0,500,-0.3090718966016017,1.1553680502383489e-05,18.006364013037576,7.987888231708085,1.301038321552071,,,
R2,Seasonal,0.9639115636329225,0.9988995693417646,0.9745551886051182,48,50,48.0,96.0,500,0.0,0.0,28.255177371103287,9.436788931859425,0.894136063081842,,,
R3,Stationary_WN,0.22891230562805265,0.3507534609985793,0.30811485599559973,None,9,,,500,0.0,0.0,0.0,0.0,12.776019622761984,,,
R4,Trending_RandomWalkDrift,0.977384757663445,0.7438704111000742,0.7363911527638021,None,250,,,500,,,0.0,0.0,0.5561120957767216,,,-0.28451631643034603
R1,Composite,0.9981500767890888,0.9984034686614578,0.9568623128933696,48,50,48.0,96.0,500,0.114310875868656,-2.680597875733447e-05,24.045875077438676,7.043904085653296,1.0235068546347055,,,
R2,Seasonal,0.46480045745615883,0.9923830148375536,0.8025739735476491,48,50,48.0,96.0,500,0.0,0.0,24.10920507359834,4.481343179958556,1.9049060495725743,,,
R3,Stationary_WN,0.12201135879105518,0.37408404296337505,0.3487081236645143,None,11,,,500,0.0,0.0,0.0,0.0,14.375296345384141,,,
R4,Trending_ExponentialGrowth,0.9883988863645911,0.34982944925521786,0.36555910729822494,None,24,,,500,,,0.0,0.0,0.936435676635713,,,
R1,Composite,0.9988656221714199,0.9929607194862842,0.9219120629419393,24,24,24.0,48.0,500,-0.19917875091970594,4.814282300495991e-05,13.852166091838527,7.467157632605286,1.3346713127567242,,,
R2,Seasonal,0.9174424640675737,0.9972392205422472,0.9364050116843077,24,24,24.0,48.0,500,0.0,0.0,10.998273989296884,4.140559440588971,0.6883178212452934,,,
R3,Stationary_AR,0.4023810672918555,0.5753194279481125,0.7254727066839777,None,31,,,500,0.0,0.0,0.0,0.0,5.0,0.6574885681423348,,
R4,Trending_RandomWalkDrift,0.9950339382148615,0.9014593576783336,0.7803702364894061,None,250,,,500,,,0.0,0.0,0.650824121013006,,,-0.3664142055938113
R1,Composite,0.9998760698176393,0.9975376043555741,0.9642213452652061,48,50,48.0,96.0,500,0.3420009202812987,-1.4426779742397346e-05,15.999657220350507,6.847124023274551,0.8046347824079445,,,
R2,Seasonal,0.9637033638734451,0.999223141704956,0.9758904537399455,48,50,48.0,96.0,500,0.0,0.0,27.168938286552677,7.567701633780048,0.7670380577941485,,,
R3,Stationary_AR,0.44653993055060925,0.3064273637554017,0.4104047192082464,None,6,,,500,0.0,0.0,0.0,0.0,5.0,0.5074439241035378,,
R4,Trending_MeanShift,0.9877564519350155,0.9376121257804049,0.0,None,250,,,500,,,0.0,0.0,1.4034285592030211,,250.0,
R1,Composite,0.9994821117555944,0.9960958198671038,0.895811010068431,48,50,48.0,96.0,500,-0.25947601419495736,-4.112879255704727e-05,21.030266251170723,5.753249266316875,1.3209149991261755,,,
R2,Seasonal,0.922418252175204,0.9992233181256812,0.9649528105528555,48,50,48.0,96.0,500,0.0,0.0,21.107835647080933,4.2400962059130185,0.5244780212239553,,,
R3,Stationary_WN,0.49529172497656015,0.14563643959315453,0.24689875816494455,None,2,,,500,0.0,0.0,0.0,0.0,9.720542522084665,,,
R4,Trending_RandomWalkDrift,0.9822899344622082,0.46519929755216316,0.22327124345378546,None,250,,,500,,,0.0,0.0,0.9739322761543032,,,-0.3549713263940283
R1,Composite,0.9985275875330887,0.9740084848711923,0.6843418656722874,48,50,48.0,96.0,500,-0.19579955152966577,3.9221096197215554e-05,8.866866970387253,2.3291349910892656,1.2045515521869095,,,
R2,Seasonal,0.08753282557757869,0.9871534519401994,0.6540645505551481,48,100,48.0,96.0,500,0.0,0.0,11.752997367090433,10.010286218570535,1.8584918777598538,,,
R3,Stationary_AR,0.2846525898377694,0.45076091902524074,0.538839027353256,None,14,,,500,0.0,0.0,0.0,0.0,5.0,0.4225157984904034,,
R4,Trending_MeanShift,0.9997987850956016,0.9992080259317101,0.0,None,250,,,500,,,0.0,0.0,1.0932735151474058,,250.0,
R1,Composite,0.9990374505138697,0.9910559615849215,0.6250018303763138,24,24,24.0,48.0,500,-0.22499243422241527,2.000967132799069e-05,14.20640625356478,2.2629966752071486,1.48991260347801,,,
R2,Seasonal,0.9569734245833992,0.998828729870515,0.9670436637332892,24,24,24.0,48.0,500,0.0,0.0,18.711904209930374,6.551345384311771,0.6663173228052044,,,
R3,Stationary_WN,0.25942884377485964,0.45646842066597104,0.4223691144783023,None,11,,,500,0.0,0.0,0.0,0.0,7.431944610825507,,,
R4,Trending_ExponentialGrowth,0.9986891983587672,0.4451749879217525,0.38001618413059723,None,24,,,500,,,0.0,0.0,1.2290450617224506,,,
R1,Composite,0.9998751706595007,0.9984368248704,0.9725404970731295,48,50,48.0,96.0,500,0.236786279787973,3.620658824754779e-05,15.391194412537812,5.8203777529983585,0.6023204679230939,,,
R2,Seasonal,0.9488733217780965,0.9933739100188641,0.9578036370728082,48,50,48.0,96.0,500,0.0,0.0,14.33561823825876,9.479796019256677,1.1637061288871249,,,
R3,Stationary_WN,0.4169378593623029,0.23984363333505876,0.3210499199111355,None,3,,,500,0.0,0.0,0.0,0.0,8.643164189362231,,,
R4,Trending_RandomWalkDrift,0.9961428430551523,0.45516969866309664,0.8137340677335226,None,24,,,500,,,0.0,0.0,0.814057677934286,,,0.21148853004981139
R1,Composite,0.9997161882894654,0.9990822023458492,0.9644213298312506,24,24,24.0,48.0,500,0.16311935086396004,4.654028856589133e-05,21.04304967950626,6.255345702443819,0.6352980615116344,,,
R2,Seasonal,0.8969882044540844,0.9949489406684698,0.9264239331965382,24,24,24.0,48.0,500,0.0,0.0,16.35340447125639,7.699767327976718,1.2035482971032376,,,
R3,Stationary_WN,0.41980798373079087,0.24284150342515576,0.4092678236909578,None,3,,,500,0.0,0.0,0.0,0.0,8.68184598523031,,,
R4,Trending_ExponentialGrowth,0.9896336732792593,0.34252820209488577,0.28834225761318744,None,24,,,500,,,0.0,0.0,1.1474348645794041,,,
R1,Composite,0.9996029639634031,0.999046130460753,0.9581811194823292,48,50,48.0,96.0,500,-0.15919752909773416,4.170588302161032e-05,18.615299409754755,4.0879405330247005,0.5701213958640702,,,
R2,Seasonal,0.9074989699622648,0.9933971271267089,0.9303707635982631,48,50,48.0,96.0,500,0.0,0.0,20.804958805101464,10.303419442888796,1.743765151684943,,,
R3,Stationary_AR,0.4160567560279588,0.35471264189902607,0.5283581763447546,None,10,,,500,0.0,0.0,0.0,0.0,5.0,0.5903390851052732,,
R4,Trending_ExponentialGrowth,0.9964153232978654,0.3911343119700882,0.38188392080608047,None,24,,,500,,,0.0,0.0,1.134855403884384,,,
R1,Composite,0.9994425086956022,0.9967878491612921,0.8723913643675291,36,36,36.0,72.0,500,0.2525196957684963,2.0193313479013246e-05,22.33806795302736,5.7958032050393005,1.3048957723842296,,,
R2,Seasonal,0.9650529459224442,0.999476719404569,0.9714878244029141,36,36,36.0,72.0,500,0.0,0.0,23.00945954167608,5.880195525467624,0.5844146438642801,,,
R3,Stationary_AR,0.16628102805304368,0.5775263747624122,0.6690277719442586,None,100,,,500,0.0,0.0,0.0,0.0,5.0,0.6076295811925522,,
R4,Trending_RandomWalkDrift,0.974339976910647,0.5987847585204269,0.0,None,250,,,500,,,0.0,0.0,0.5174076391511655,,,0.3792502363265545
R1,Composite,0.9995604644737852,0.989373980302001,0.940731460554705,48,50,48.0,96.0,500,-0.28288237676735134,3.738791008160034e-05,10.940466207045949,7.77467312713714,1.2323436021337955,,,
R2,Seasonal,0.8841205947687748,0.9932593185126602,0.9135373351190879,48,50,48.0,96.0,500,0.0,0.0,10.895037158455377,4.840061090520192,0.9253149214583873,,,
R3,Stationary_AR,0.4159708800003524,0.42791341027974183,0.5878838144777279,None,10,,,500,0.0,0.0,0.0,0.0,5.0,0.48655294852446523,,
R4,Trending_MeanShift,0.9958227946089965,0.9850075821435673,0.0,None,250,,,500,,,0.0,0.0,0.9962637954435588,,250.0,
R1,Composite,0.9994689557728732,0.9979621206285693,0.937940982570956,12,12,12.0,24.0,500,-0.1328057165686938,-2.5356958407280207e-05,15.22120034533142,5.254590116543115,0.7808292467376609,,,
R2,Seasonal,0.91786137891049,0.9937853468472083,0.9158048582841264,12,12,12.0,24.0,500,0.0,0.0,23.495163355921164,11.99981428032078,1.870233762797962,,,
R3,Stationary_AR,0.09745283525198523,0.5637761182778733,0.5586455494231826,None,45,,,500,0.0,0.0,0.0,0.0,5.0,0.45427600367092763,,
R4,Trending_ExponentialGrowth,0.9995359887979572,0.4075384138531096,0.3317359517831051,None,24,,,500,,,0.0,0.0,0.8171447205907588,,,
R1,Composite,0.9998188464985581,0.9950149401491261,0.7553483952637001,12,12,12.0,24.0,500,-0.34499994491676106,-2.3475642215558475e-05,13.829911672220279,3.1091259891535823,1.0305524482696242,,,
R2,Seasonal,0.973683099785707,0.9991651078775097,0.9716022681747483,12,12,12.0,24.0,500,0.0,0.0,24.80842359966656,8.475983783228454,0.7420327530225554,,,
R3,Stationary_WN,0.46686371382354885,0.18770104553000488,0.2620659810196553,None,2,,,500,0.0,0.0,0.0,0.0,6.454720300600776,,,
R4,Trending_RandomWalkDrift,0.9994007232298704,0.6612022419710739,0.8971389400523552,None,24,,,500,,,0.0,0.0,0.6863240475329402,,,-0.3712488364503964
R1,Composite,0.9998237919957011,0.9948400955910502,0.8894545484655128,48,50,48.0,96.0,500,0.37162764075732324,2.1829460594461663e-05,14.87694343394805,4.782257930688007,1.0417983131303452,,,
R2,Seasonal,0.9735741792882466,0.9987488271115581,0.9808606054485454,48,50,48.0,96.0,500,0.0,0.0,28.67701512084079,11.81437027935757,1.0282969650531195,,,
R3,Stationary_AR,0.3472186699370283,0.4902984655820912,0.5668944925243515,None,16,,,500,0.0,0.0,0.0,0.0,5.0,0.5424195120708397,,
R4,Trending_MeanShift,0.9999395780778649,0.9997572355854866,0.18013573286595008,None,250,,,500,,,0.0,0.0,1.0349353328274686,,250.0,
R1,Composite,0.9997795037629162,0.998271702349533,0.7958068228933316,36,36,36.0,72.0,500,-0.3028252036994212,-4.414045952580371e-05,23.65081303336614,3.3904427387430727,1.0240082134669113,,,
R2,Seasonal,0.9294955324163799,0.9936935404478009,0.9423589684168884,36,36,36.0,72.0,500,0.0,0.0,13.60029945752231,8.34772228452305,1.1560293492227778,,,
R3,Stationary_WN,0.1967392079069038,0.2716110749091145,0.17624605185079445,None,6,,,500,0.0,0.0,0.0,0.0,6.620824978308929,,,
R4,Trending_RandomWalkDrift,0.7573816196078237,0.7628131335768764,0.0,None,250,,,500,,,0.0,0.0,0.6575627807508658,,,0.10730874754828457
R1,Composite,0.9993779930723984,0.9948638715607331,0.7926064071969072,48,50,48.0,96.0,500,-0.17858467975903758,-3.1704981985337e-05,14.10607877836789,2.591481459220536,0.9179538284647711,,,
R2,Seasonal,0.854098549583099,0.9911768725806325,0.895028379526278,48,50,48.0,96.0,500,0.0,0.0,12.849828698841092,5.743263944284487,1.28959226605727,,,
R3,Stationary_AR,0.2708246305483516,0.6453811311250202,0.7213754349617658,None,62,,,500,0.0,0.0,0.0,0.0,5.0,0.6884254693456473,,
R4,Trending_ExponentialGrowth,0.982074360737577,0.28667132911500215,0.2738521725961105,None,24,,,500,,,0.0,0.0,1.3678509311877964,,,
R1,Composite,0.9995289949253232,0.9825114369069815,0.66063346206209,48,50,48.0,96.0,500,-0.31754154084451214,-1.8665317002673804e-05,11.185321530441056,2.2827968529457756,1.2772079132762293,,,
R2,Seasonal,0.6881138897102068,0.9837264803086925,0.7960583461356996,48,50,48.0,96.0,500,0.0,0.0,12.089216570261929,4.578537203553174,1.5157398834406224,,,
R3,Stationary_AR,0.2882804742555257,0.4747531274679171,0.6126070608554983,None,12,,,500,0.0,0.0,0.0,0.0,5.0,0.4380686772848371,,
R4,Trending_MeanShift,0.9999576745281142,0.9998304114770719,0.20525824173104412,None,250,,,500,,,0.0,0.0,0.8107892238647472,,250.0,
R1,Composite,0.9998356288467435,0.9983183825385902,0.9737529856192148,48,50,48.0,96.0,500,0.25252779931913993,3.126507133954581e-05,17.89159460833318,7.488975280205762,0.731396795043541,,,
R2,Seasonal,0.9137431616240117,0.9985412545546984,0.9455013827029465,48,50,48.0,96.0,500,0.0,0.0,21.417527599209205,5.165229330106925,0.8659388818603719,,,
R3,Stationary_WN,0.43733550438713165,0.3046220738504791,0.3759354979016267,None,3,,,500,0.0,0.0,0.0,0.0,11.530691178411093,,,
R4,Trending_MeanShift,0.999951539901119,0.9998070397737772,0.0,None,250,,,500,,,0.0,0.0,0.6286744177518458,,250.0,
R1,Composite,0.9996193455340553,0.9975551532590246,0.828341491298593,24,24,24.0,48.0,500,-0.31360756413847646,4.9269652795641665e-05,23.03032267066766,4.3596305988541735,1.2740669867515328,,,
R2,Seasonal,0.8912544829529,0.9869664921799643,0.9173959025568067,24,24,24.0,48.0,500,0.0,0.0,10.925975438064665,7.851249045316316,1.4054192125023102,,,
R3,Stationary_WN,0.22171456528949174,0.3919618497761357,0.3559700591584446,None,8,,,500,0.0,0.0,0.0,0.0,8.444679855066065,,,
R4,Trending_MeanShift,0.9998682814749299,0.9994818723093928,0.0,None,250,,,500,,,0.0,0.0,1.3069672744573757,,250.0,
R1,Composite,0.9995153683251906,0.9978501817886805,0.9369352597349337,36,36,36.0,72.0,500,-0.18237599187042292,3.718966956334127e-05,16.03837841443782,5.294144451215033,0.81656156908218,,,
R2,Seasonal,0.8967974972207133,0.9993996353150635,0.9195766996278611,36,36,36.0,72.0,500,0.0,0.0,29.365880395577555,4.559699889487869,0.7415871696647138,,,
R3,Stationary_WN,0.3822616252102127,0.18977266202489307,0.2418451756520319,None,3,,,500,0.0,0.0,0.0,0.0,10.949804632101928,,,
R4,Trending_ExponentialGrowth,0.9973355082537583,0.368857142475684,0.3276379639880065,None,24,,,500,,,0.0,0.0,1.0844752119706182,,,
R1,Composite,0.9991682230385974,0.9981717239808632,0.90664589111863,36,36,36.0,72.0,500,-0.18464042823388466,1.0827467447146772e-05,24.711823872159712,6.230378342264618,1.0862694626452436,,,
R2,Seasonal,0.9415096187441837,0.9995114034159134,0.9521231596969262,36,36,36.0,72.0,500,0.0,0.0,26.612154146952996,4.944475784596656,0.5940072357854456,,,
R3,Stationary_WN,0.32338200057115907,0.2601337204539166,0.25971702337388614,None,4,,,500,0.0,0.0,0.0,0.0,10.657666300909202,,,
R4,Trending_MeanShift,0.9993986011628331,0.997623149036295,0.0,None,250,,,500,,,0.0,0.0,1.0042135594250583,,250.0,
R1,Composite,0.9995891047825638,0.9984225810569533,0.9568277143792185,48,50,48.0,96.0,500,0.17156522390904783,-2.949420929347063e-05,17.236497255679332,5.062656726037529,0.7493713812464666,,,
R2,Seasonal,0.7677378503345531,0.9900668346010257,0.8743253260630561,48,50,48.0,96.0,500,0.0,0.0,17.135025626007078,6.69861797776305,1.7115176445348872,,,
R3,Stationary_WN,0.1868589681895796,0.35972303124760774,0.27387300570224693,None,9,,,500,0.0,0.0,0.0,0.0,5.506622439419873,,,
R4,Trending_RandomWalkDrift,0.9990452597874248,0.9567069452285887,0.0,None,250,,,500,,,0.0,0.0,0.9904673349428199,,,0.45458801873695587
R1,Composite,0.9997338545056705,0.9986361168812816,0.938129190116481,12,12,12.0,24.0,500,0.25386446650197814,-4.3782694623631924e-05,20.86005043694014,5.955554034535823,0.7793337152000243,,,
R2,Seasonal,0.943659710823236,0.997263269441092,0.9414545071702477,12,12,12.0,24.0,500,0.0,0.0,13.741474323114351,5.618673028099111,0.8009933313956384,,,
R3,Stationary_WN,0.427903678615402,0.21290477054190993,0.3289169189033432,None,3,,,500,0.0,0.0,0.0,0.0,14.259313375934502,,,
R4,Trending_ExponentialGrowth,0.9989384848233067,0.39991307533775644,0.30923962087089196,None,24,,,500,,,0.0,0.0,1.195256601150235,,,
R1,Composite,0.999088471595457,0.986896153539573,0.8331859364876577,24,24,24.0,48.0,500,0.1926655042554864,1.8680724584559037e-05,10.647823015412476,4.893918424051952,1.4053632537015517,,,
R2,Seasonal,0.6294139306110043,0.9713303589565996,0.7770368432470014,24,24,24.0,48.0,500,0.0,0.0,10.910269719264289,5.653725154390736,1.958355848969535,,,
R3,Stationary_WN,0.46387083650664274,0.16861310354791936,0.29179546021440794,None,3,,,500,0.0,0.0,0.0,0.0,13.644680093865011,,,
R4,Trending_MeanShift,0.99793645637868,0.9928385446053073,0.0,None,250,,,500,,,0.0,0.0,0.6822888157510881,,250.0,
R1,Composite,0.9997368346674766,0.996341300650311,0.7338582166632064,48,50,48.0,96.0,500,-0.38205403326452936,-4.689046267428456e-05,22.8498289622214,2.0446629235559444,1.2992881564662633,,,
R2,Seasonal,0.8774373868583506,0.9966752648587723,0.9287172961522515,48,50,48.0,96.0,500,0.0,0.0,29.404139484593117,9.355173297232021,1.6295061367248702,,,
R3,Stationary_WN,0.21596749187159425,0.31445713560731525,0.24336508973347448,None,8,,,500,0.0,0.0,0.0,0.0,7.344713289809848,,,
R4,Trending_ExponentialGrowth,0.9991449668390949,0.3966844951895726,0.3038179024655564,None,24,,,500,,,0.0,0.0,0.7282990325905914,,,
R1,Composite,0.9999523728696948,0.9990190422679956,0.9793169257944032,48,50,48.0,96.0,500,0.32870704972986176,2.3509826932843786e-05,16.001988254353474,5.601171093830759,0.5032271011464229,,,
R2,Seasonal,0.9860696568792411,0.9990918117492457,0.9892042320463845,48,50,48.0,96.0,500,0.0,0.0,21.633389679231087,10.50562100682806,0.6146876922771568,,,
R3,Stationary_AR,0.23457547419257818,0.4239316264362536,0.46743933706187657,None,16,,,500,0.0,0.0,0.0,0.0,5.0,0.40458639492785076,,
R4,Trending_ExponentialGrowth,0.9988683095104682,0.35355926420148676,0.3573204156309271,None,24,,,500,,,0.0,0.0,1.299488460899592,,,
R1,Composite,0.9998598520839154,0.9972576039168854,0.8922891417243028,48,50,48.0,96.0,500,-0.3512643759042373,3.272673957100287e-05,15.939329657381066,3.099987255864577,0.7011416656930228,,,
R2,Seasonal,0.9217072507130559,0.9984367332752664,0.9515213907032969,48,50,48.0,96.0,500,0.0,0.0,28.838613647803903,7.805871153820737,1.202297709139052,,,
R3,Stationary_AR,0.35721537088127664,0.5254657729658727,0.7124957830241578,None,19,,,500,0.0,0.0,0.0,0.0,5.0,0.6679861538853367,,
R4,Trending_RandomWalkDrift,0.0,0.0,0.0,None,250,,,500,,,0.0,0.0,0.9269110131056277,,,-0.35694084234946943
R1,Composite,0.9994326486615295,0.9927462938339592,0.9127472948998954,36,36,36.0,72.0,500,-0.248950861092379,-3.3314621864184563e-05,15.374935444280139,7.9891172229709735,1.4406289089292432,,,
R2,Seasonal,0.8766938166293975,0.9990814942350488,0.906094319717424,36,36,36.0,72.0,500,0.0,0.0,27.52445045092387,4.732781897935763,0.9268779524984827,,,
R3,Stationary_AR,0.08928285262192959,0.48763829225104804,0.609406989072203,None,71,,,500,0.0,0.0,0.0,0.0,5.0,0.5593137569335926,,
R4,Trending_ExponentialGrowth,0.9980832664112385,0.3476907614168391,0.36804906403029414,None,24,,,500,,,0.0,0.0,1.2416345655942083,,,
R1,Composite,0.9997317465523531,0.9937222667910603,0.9671585529153918,36,36,36.0,72.0,500,-0.20293107842882804,-3.2019711067961314e-05,9.234359253512915,7.7580624904873,0.7928948831606449,,,
R2,Seasonal,0.9047824275493345,0.9909751197951482,0.9263621124472691,36,36,36.0,72.0,500,0.0,0.0,13.558879394041252,8.48011373916933,1.4069581135565854,,,
R3,Stationary_AR,0.22261758836327183,0.46236100845308226,0.4631121221056044,None,29,,,500,0.0,0.0,0.0,0.0,5.0,0.4411263939233607,,
R4,Trending_ExponentialGrowth,0.9881479640114034,0.44025272254559134,0.3094642704947528,None,24,,,500,,,0.0,0.0,1.19079809188674,,,
R1,Composite,0.9980049722227226,0.9981355693726831,0.6800012165924759,12,12,12.0,24.0,500,0.1069674066943688,1.2230543875182947e-05,23.879318057025852,2.3273124329447916,0.9984817209738549,,,
R2,Seasonal,0.9759184159435844,0.99722944246105,0.9743748360390885,12,12,12.0,24.0,500,0.0,0.0,16.446481911038312,10.777697811585842,0.9277183721095429,,,
R3,Stationary_AR,0.11119090271712706,0.5513857236295785,0.0,None,250,,,500,0.0,0.0,0.0,0.0,5.0,0.46354706849130334,,
R4,Trending_RandomWalkDrift,0.992501025269551,0.9031124708946427,0.0,None,250,,,500,,,0.0,0.0,1.1984366216790048,,,0.38508665280848864
R1,Composite,0.9996431382755948,0.9986023070228692,0.9650817922019401,36,36,36.0,72.0,500,0.17850257139388587,4.956136331595861e-05,20.93310485046279,7.791401731523752,0.7465704808041679,,,
R2,Seasonal,0.8505822189098834,0.9844717327090529,0.8895010404566235,36,36,36.0,72.0,500,0.0,0.0,13.480861832721482,8.853218466670086,1.790448881270204,,,
R3,Stationary_WN,0.28959922547649464,0.42530609345253845,0.3060229273099725,None,6,,,500,0.0,0.0,0.0,0.0,14.327551638743243,,,
R4,Trending_RandomWalkDrift,0.9991588326137282,0.9247181251855257,0.9450279157252857,None,100,,,500,,,0.0,0.0,0.8260428613746666,,,-0.17912840597507543
R1,Composite,0.9998100150309778,0.9984475000788509,0.9101296160340644,36,36,36.0,72.0,500,0.3333367906028545,1.1196975248647663e-05,24.159885280203003,5.577494913836652,1.0627587917994827,,,
R2,Seasonal,0.9343439619859097,0.9992215912199635,0.945576243652597,36,36,36.0,72.0,500,0.0,0.0,25.207023305605617,5.57405339972468,0.7419353213632759,,,
R3,Stationary_AR,0.19384332680011107,0.3964779681049928,0.542035825422143,None,22,,,500,0.0,0.0,0.0,0.0,5.0,0.4482245449684419,,
R4,Trending_RandomWalkDrift,0.9757643735849125,0.07423419080254923,0.0,None,167,,,500,,,0.0,0.0,1.345480422539116,,,-0.24179262537188678
R1,Composite,0.9996058711922956,0.9872317182713444,0.9254011575765033,48,50,48.0,96.0,500,0.28409683654524476,4.230962387254237e-05,11.290923301133425,7.671118899074491,1.3295621698091038,,,
R2,Seasonal,0.936712882012852,0.9931706907356308,0.9495926558144165,48,50,48.0,96.0,500,0.0,0.0,15.823903822397076,9.751809424698553,1.3476772891627635,,,
R3,Stationary_AR,0.07920896187930238,0.5140573960321745,0.5218984867062828,None,31,,,500,0.0,0.0,0.0,0.0,5.0,0.43056938017844026,,
R4,Trending_ExponentialGrowth,0.997717856872564,0.3797606917684433,0.3580443028380349,None,24,,,500,,,0.0,0.0,0.7847704749705808,,,
R1,Composite,0.999596471648807,0.9893446990811714,0.6321008194332929,36,36,36.0,72.0,500,-0.2960931075553571,-4.208309912846904e-05,12.624223639446594,2.3078604201245865,1.2132820669515667,,,
R2,Seasonal,0.46394315650009244,0.9890310036472674,0.6884925985531818,36,36,36.0,72.0,500,0.0,0.0,19.120005514044898,4.345318362966855,1.8937984707667337,,,
R3,Stationary_AR,0.277177873788657,0.5369744811283105,0.7146961187195122,None,22,,,500,0.0,0.0,0.0,0.0,5.0,0.6998658744878847,,
R4,Trending_ExponentialGrowth,0.9993263226722634,0.41607265937408955,0.3592479766343655,None,24,,,500,,,0.0,0.0,1.2121648772944096,,,
R1,Composite,0.9995416230477077,0.99868027672526,0.834138396886267,12,12,12.0,24.0,500,-0.15659393158861404,3.665245155538408e-05,16.770841691089487,2.567050951347961,0.6604364424552817,,,
R2,Seasonal,0.9379766695424574,0.9925836043970565,0.9353564374966552,12,12,12.0,24.0,500,0.0,0.0,17.275597520898792,11.381213897619189,1.6364607117797945,,,
R3,Stationary_WN,0.29802230066387414,0.2197300766490521,0.31907512460023324,None,4,,,500,0.0,0.0,0.0,0.0,14.833504662242303,,,
R4,Trending_MeanShift,0.9999754863828918,0.9999015686037797,0.0,None,250,,,500,,,0.0,0.0,0.7318956798398805,,250.0,
R1,Composite,0.999802815870705,0.9986173479685849,0.9780263525072305,36,36,36.0,72.0,500,0.21192411551903517,1.0230443155479586e-05,16.704753398631496,7.8594252145581525,0.7187022754757812,,,
R2,Seasonal,0.9751332222030517,0.9957723847096791,0.9791459081000087,36,36,36.0,72.0,500,0.0,0.0,11.573264525439825,9.751923558502824,0.8075609916962143,,,
R3,Stationary_AR,0.1772957099489889,0.40221314956759724,0.6163256695318011,None,23,,,500,0.0,0.0,0.0,0.0,5.0,0.5197433825401337,,
R4,Trending_ExponentialGrowth,0.9815709245390689,0.3279480082960128,0.34677331393848865,None,24,,,500,,,0.0,0.0,1.2947587970724261,,,
R1,Composite,0.9997819310713021,0.9981656043981255,0.9306646135611946,36,36,36.0,72.0,500,0.2724631242849626,-1.0986235651376433e-05,18.689903634426983,5.587806680683104,0.8421794748946945,,,
R2,Seasonal,0.9606268741652254,0.9990778880161562,0.9673777649918212,36,36,36.0,72.0,500,0.0,0.0,23.90231778523317,7.582074038641658,0.769558677888895,,,
R3,Stationary_AR,0.11004581404136649,0.5526437249540812,0.6191538095298427,None,62,,,500,0.0,0.0,0.0,0.0,5.0,0.5697613440889748,,
R4,Trending_ExponentialGrowth,0.9996656893179046,0.3555799608459961,0.3278569977704501,None,24,,,500,,,0.0,0.0,0.7596693102678763,,,
R1,Composite,0.9997351318911424,0.9920432934927663,0.9425384988397985,48,50,48.0,96.0,500,-0.26539921486066975,2.1854058593021735e-05,9.653045002042726,5.9903279239160305,0.8872620867454828,,,
R2,Seasonal,0.9433155475528561,0.9936330589903333,0.956208351976466,48,50,48.0,96.0,500,0.0,0.0,17.41234531569733,10.738845727962163,1.539202782467556,,,
R3,Stationary_AR,0.22319801678072404,0.7125031431291364,0.6489628183713656,None,83,,,500,0.0,0.0,0.0,0.0,5.0,0.6655556566800513,,
R4,Trending_MeanShift,0.999874721899146,0.9995034035614712,0.0,None,250,,,500,,,0.0,0.0,1.3556602716520807,,250.0,
R1,Composite,0.9998737894839249,0.9953764065268002,0.9198099555541323,24,24,24.0,48.0,500,0.32357886278586845,2.7840015694197553e-05,11.207227857382266,4.844283515403152,0.7788892583894208,,,
R2,Seasonal,0.9559962234322219,0.9977596609488338,0.9664281028579206,24,24,24.0,48.0,500,0.0,0.0,22.990246495060752,10.929650160274182,1.1835902939388923,,,
R3,Stationary_WN,0.44390034429686587,0.26538926224845005,0.39755327598250745,None,3,,,500,0.0,0.0,0.0,0.0,14.186525275720163,,,
R4,Trending_RandomWalkDrift,0.9951505826014262,0.9041907335749146,0.0,None,250,,,500,,,0.0,0.0,0.9057840081951201,,,0.28100387378888525
R1,Composite,0.999545847521538,0.9983315440462085,0.932914991990128,48,50,48.0,96.0,500,-0.20595563420486396,-3.795323213598208e-05,24.457587854058694,5.534800296507276,0.8992657404318778,,,
R2,Seasonal,0.6837076278569574,0.9927536186666569,0.8143187180980932,48,50,48.0,96.0,500,0.0,0.0,19.00334085864453,4.968113574613512,1.5940400311312937,,,
R3,Stationary_AR,0.27422208595463693,0.6074183014381481,0.659365705606629,None,42,,,500,0.0,0.0,0.0,0.0,5.0,0.6260446888411612,,
R4,Trending_ExponentialGrowth,0.9990617747898562,0.3341152454214926,0.34452265565291473,None,24,,,500,,,0.0,0.0,0.8884097225418361,,,
R1,Composite,0.9994763292633957,0.9951318065528546,0.8530796039953472,48,50,48.0,96.0,500,-0.14486818915335872,-1.9292387010666662e-05,10.729562817070445,2.4077181025766734,0.7354575570899969,,,
R2,Seasonal,0.9183814832767442,0.9925367627278276,0.9372633594319826,48,50,48.0,96.0,500,0.0,0.0,18.61688807058667,10.40117700732002,1.6972678572458444,,,
R3,Stationary_AR,0.3819860026716658,0.8271881125416976,0.8013475472364957,None,125,,,500,0.0,0.0,0.0,0.0,5.0,0.6994540623573956,,
R4,Trending_ExponentialGrowth,0.9769839914649245,0.3476192068796564,0.22626550277474333,None,24,,,500,,,0.0,0.0,1.1517680385870397,,,
R1,Composite,0.9993620557921432,0.9939950432154561,0.8295554763392207,48,50,48.0,96.0,500,-0.3037452771753711,1.4712703987033345e-05,20.66604351815851,3.8271885400643217,1.2187137525815657,,,
R2,Seasonal,0.9261591458906824,0.993858740514602,0.9449386355425413,48,50,48.0,96.0,500,0.0,0.0,13.413290081935507,7.467337686610869,1.188129840721971,,,
R3,Stationary_AR,0.20008051829869167,0.6517661564574782,0.7017435169096302,None,50,,,500,0.0,0.0,0.0,0.0,5.0,0.6742166182622977,,
R4,Trending_RandomWalkDrift,0.997015009708585,0.8650039669201672,0.826123465060959,None,250,,,500,,,0.0,0.0,0.8004896894511146,,,-0.33108046424990567
R1,Composite,0.9976992914413734,0.9957507892929192,0.5929669318458253,12,12,12.0,24.0,500,0.1068531711963146,3.219694146652937e-05,18.45935235686133,2.104171608656089,1.1694747491207134,,,
R2,Seasonal,0.9290047707816957,0.9925600578490799,0.9233296290420802,12,12,12.0,24.0,500,0.0,0.0,18.058625515128888,10.94766397267082,1.5593734049107904,,,
R3,Stationary_AR,0.38044628775760225,0.6474173130371614,0.7315288690855173,None,24,,,500,0.0,0.0,0.0,0.0,5.0,0.6559596302314714,,
R4,Trending_MeanShift,0.9999162684746113,0.9996638325097079,0.0,None,250,,,500,,,0.0,0.0,0.9995802338837281,,250.0,
R1,Composite,0.9997042310569833,0.9990772022979145,0.9709555730589822,24,24,24.0,48.0,500,0.1837446297665189,4.2575634171987356e-05,23.572926899742768,7.843249602148212,0.7577821197157589,,,
R2,Seasonal,0.961308334381036,0.9963921811201852,0.9702469463944732,24,24,24.0,48.0,500,0.0,0.0,15.758020270424314,10.336817356928675,0.9611233886097584,,,
R3,Stationary_WN,0.3044289601202129,0.23021044497236698,0.3565096024797001,None,5,,,500,0.0,0.0,0.0,0.0,14.933680927203767,,,
R4,Trending_MeanShift,0.9998205302886383,0.9992924053631225,0.0,None,250,,,500,,,0.0,0.0,1.376293538910194,,250.0,
R1,Composite,0.9996165908754573,0.9855987633693634,0.8316491937940291,48,50,48.0,96.0,500,0.362923839885955,2.3301017253568514e-05,12.798363305657228,5.136018784662701,1.4347055637296784,,,
R2,Seasonal,0.836181524492555,0.9926377905205314,0.8997929860219337,48,50,48.0,96.0,500,0.0,0.0,17.88687178979711,7.043872854663402,1.4951275068359462,,,
R3,Stationary_AR,0.20102691370267667,0.7693216235516543,0.719618942584145,None,125,,,500,0.0,0.0,0.0,0.0,5.0,0.6349398168973734,,
R4,Trending_MeanShift,0.9987280515110168,0.9951865556601533,0.0,None,250,,,500,,,0.0,0.0,0.5670095038445102,,250.0,
R1,Composite,0.9996499114620337,0.9992220341677216,0.9067872002239584,36,36,36.0,72.0,500,-0.1525596082034599,-2.799510580650278e-05,22.840098098306857,3.7570330899177193,0.6514234187343092,,,
R2,Seasonal,0.876367175257712,0.9889344381168123,0.898802464976787,36,36,36.0,72.0,500,0.0,0.0,11.332824229089265,6.8974822389625485,1.3085650045149135,,,
R3,Stationary_AR,0.36056054093609413,0.3260586570913868,0.522601236281891,None,10,,,500,0.0,0.0,0.0,0.0,5.0,0.40837377758470667,,
R4,Trending_ExponentialGrowth,0.9945789979804285,0.3582698853490571,0.3525667148760927,None,24,,,500,,,0.0,0.0,0.7066929988522517,,,
R1,Composite,0.9992962578140198,0.9924148598821431,0.950447091847385,24,24,24.0,48.0,500,-0.17110464283901206,2.5426803392575715e-05,9.468264791181413,7.036188004978136,0.8940478166298205,,,
R2,Seasonal,0.9610518327500807,0.9988021719782877,0.9698697065389441,24,24,24.0,48.0,500,0.0,0.0,23.954294530260025,8.930935509766925,0.990068528308903,,,
R3,Stationary_AR,0.15006119540802676,0.6193133924343588,0.7324958482282024,None,42,,,500,0.0,0.0,0.0,0.0,5.0,0.6476939133468531,,
R4,Trending_MeanShift,0.999662196905406,0.9986726701459497,0.0,None,250,,,500,,,0.0,0.0,0.8841888049107476,,250.0,
R1,Composite,0.9999482364980664,0.9993246264577619,0.9835666201213794,48,50,48.0,96.0,500,-0.39949192392610755,1.133507882057042e-05,22.712175691781802,7.54075495299471,0.559052406245943,,,
R2,Seasonal,0.6110163803535134,0.9955629003750043,0.895133211943304,48,50,48.0,96.0,500,0.0,0.0,26.717607851246395,5.22646009450823,1.3327957697801613,,,
R3,Stationary_WN,0.5535053087223913,0.11819880074903921,0.3009927944730135,None,2,,,500,0.0,0.0,0.0,0.0,13.194818458814531,,,
R4,Trending_MeanShift,0.9992159162988742,0.9969030811413893,0.0,None,250,,,500,,,0.0,0.0,1.1116519302281962,,250.0,
R1,Composite,0.9990620512937561,0.994988242537449,0.7241421858984689,36,36,36.0,72.0,500,0.1970711907443044,4.092302147920271e-05,18.937770387971888,3.4584465503756725,1.4538165688357632,,,
R2,Seasonal,0.6372861657109729,0.9859829843688137,0.7886851758779316,36,36,36.0,72.0,500,0.0,0.0,17.230482034455957,6.350140521701168,1.879814519030231,,,
R3,Stationary_WN,0.06074353066398652,0.4773238270351702,0.3448759097985957,None,38,,,500,0.0,0.0,0.0,0.0,14.480828487237755,,,
R4,Trending_ExponentialGrowth,0.9968872238134792,0.3578702917529192,0.31537689389233003,None,24,,,500,,,0.0,0.0,0.7860324930862077,,,
R1,Composite,0.9988189622788646,0.9959683992948544,0.619388415404929,24,24,24.0,48.0,500,0.18659315867963355,1.4764130316026616e-05,21.434381147271182,2.590508169711506,1.4359978763906285,,,
R2,Seasonal,0.5276695723041133,0.9963043654461295,0.6918007600499559,24,24,24.0,48.0,500,0.0,0.0,28.088189506565186,4.169358740181271,1.8170441219434672,,,
R3,Stationary_AR,0.34969881297529803,0.6000105205437649,0.6997227090255658,None,42,,,500,0.0,0.0,0.0,0.0,5.0,0.6880470910279977,,
R4,Trending_RandomWalkDrift,0.9997684320396079,0.5825028505903491,0.8173284140698838,None,24,,,500,,,0.0,0.0,0.8006689615926061,,,-0.48705420734232374
R1,Composite,0.9997154961511475,0.9796645073362497,0.7070729149587403,24,24,24.0,48.0,500,0.372602560761365,-4.1900563273290676e-05,8.194025670448427,3.032677235019462,1.2782685626541834,,,
R2,Seasonal,0.9671921101867007,0.9977345835617791,0.9751556090788419,24,24,24.0,48.0,500,0.0,0.0,20.47834756885908,11.644403289921957,1.0964261445607462,,,
R3,Stationary_WN,0.5208126311356652,0.1611346456139755,0.31356107433319524,None,2,,,500,0.0,0.0,0.0,0.0,5.6425844865930905,,,
R4,Trending_MeanShift,0.9996979381714802,0.9987922733984309,0.037941553757209534,None,250,,,500,,,0.0,0.0,1.056494248207757,,250.0,
R1,Composite,0.9998794774106174,0.9979104886802794,0.875292693979201,12,12,12.0,24.0,500,-0.39406815162807163,-1.3087955922656112e-05,19.610209691260067,4.5298217149539965,0.9230005720809392,,,
R2,Seasonal,0.91819699386862,0.9935425460526055,0.9157357444283456,12,12,12.0,24.0,500,0.0,0.0,21.222566571246084,11.07828716674377,1.8056054151278658,,,
R3,Stationary_AR,0.394873310294109,0.44159219553412643,0.6317007489137749,None,17,,,500,0.0,0.0,0.0,0.0,5.0,0.6362145638178139,,
R4,Trending_MeanShift,0.9999393311623612,0.9997563820614159,0.0,None,250,,,500,,,0.0,0.0,0.593274802401568,,250.0,
R1,Composite,0.9990931071765939,0.9973117502873736,0.8612861316832376,12,12,12.0,24.0,500,-0.10440328301293329,-2.6972665496749652e-05,13.928814530097604,3.403069717971002,0.804169730623421,,,
R2,Seasonal,0.7007351816433549,0.9886534267682401,0.7375094318839379,12,12,12.0,24.0,500,0.0,0.0,13.40496554664943,4.225470218071578,1.4225564221079048,,,
R3,Stationary_WN,0.08912710742168706,0.3525467027147764,0.2559113817434676,None,38,,,500,0.0,0.0,0.0,0.0,11.529627358652586,,,
R4,Trending_MeanShift,0.9999091615589576,0.9996384790442504,0.0,None,250,,,500,,,0.0,0.0,1.0703225088635797,,250.0,
R1,Composite,0.9999041036699766,0.9994517434636737,0.9383826145501408,12,12,12.0,24.0,500,0.24945919691508506,3.823095246223349e-05,22.889616936490953,4.185398219064506,0.5504112637847494,,,
R2,Seasonal,0.6509785254711098,0.9882513705421087,0.7064280676861031,12,12,12.0,24.0,500,0.0,0.0,15.2480939737816,4.511088613871324,1.778434836964003,,,
R3,Stationary_WN,0.24955477295011863,0.3180171222337217,0.24881563203491686,None,8,,,500,0.0,0.0,0.0,0.0,12.393937670697078,,,
R4,Trending_MeanShift,0.9994551789715153,0.9977251915042112,0.0,None,250,,,500,,,0.0,0.0,0.9143292331403264,,250.0,
R1,Composite,0.9937925747903882,0.9967302891852013,0.8508411643404752,24,24,24.0,48.0,500,-0.10672149861311424,3.5684586066095454e-05,24.817170644143044,6.08987437296652,1.484811394792644,,,
R2,Seasonal,0.9750253986274107,0.9992149499325738,0.9807361846600199,24,24,24.0,48.0,500,0.0,0.0,22.78203865708088,8.60830760224836,0.6875932035780964,,,
R3,Stationary_AR,0.11575912424590928,0.45591058286166686,0.5573315129700093,None,28,,,500,0.0,0.0,0.0,0.0,5.0,0.47320514464460695,,
R4,Trending_MeanShift,0.9999698811594657,0.9998798427819664,0.27644581460960704,None,250,,,500,,,0.0,0.0,0.7897431698873432,,250.0,
R1,Composite,0.9994349758340393,0.9938797049148855,0.768771628862119,24,24,24.0,48.0,500,-0.26228474011201774,-2.3234866716891936e-05,16.620463160996664,3.890072228513631,1.373341335451371,,,
R2,Seasonal,0.9603781968959495,0.9986789603351753,0.9691751919302108,24,24,24.0,48.0,500,0.0,0.0,19.459825326928105,7.5485876656740984,0.7577543679730575,,,
R3,Stationary_WN,0.35860510134693746,0.24660176959296853,0.3424142485553776,None,4,,,500,0.0,0.0,0.0,0.0,10.867290273891292,,,
R4,Trending_RandomWalkDrift,0.9959035760053657,0.9574112252662439,0.0,None,250,,,500,,,0.0,0.0,1.3749200667680053,,,0.2472115564134365
R1,Composite,0.9999234238781038,0.9946095859440789,0.9134785605234679,48,50,48.0,96.0,500,-0.37909897302700724,-4.547609483645127e-05,9.969922261184355,3.707802915325007,0.8434431952686181,,,
R2,Seasonal,0.8658039950683445,0.9951658700415923,0.9159038008155086,48,50,48.0,96.0,500,0.0,0.0,13.540157161002186,4.910897005835616,0.8976553616880111,,,
R3,Stationary_WN,0.13301555594940173,0.3926850842203511,0.38486014452792283,None,13,,,500,0.0,0.0,0.0,0.0,6.665963504839594,,,
R4,Trending_ExponentialGrowth,0.9914295619782613,0.38880731748021535,0.3630803390039017,None,24,,,500,,,0.0,0.0,0.78631296049011,,,
R1,Composite,0.9988238514298259,0.9914661910879382,0.8774821922001907,48,50,48.0,96.0,500,0.2166377521416043,2.1252175382104743e-05,18.40405733344631,5.730236048724235,1.302448063109952,,,
R2,Seasonal,0.18693754109027905,0.9991220486275425,0.9311523904801126,48,100,48.0,96.0,500,0.0,0.0,11.550918128083376,11.734165941498869,0.5012016948560714,,,
R3,Stationary_AR,0.23690823601208588,0.5603711235972756,0.6892564373942702,None,25,,,500,0.0,0.0,0.0,0.0,5.0,0.5705888519360295,,
R4,Trending_RandomWalkDrift,0.9993459749112621,0.8183197023897135,0.9218651453507869,None,24,,,500,,,0.0,0.0,1.1391070736878814,,,0.3380857081142209
R1,Composite,0.9993183724124148,0.9894055024774562,0.8298572022673264,24,24,24.0,48.0,500,0.2315166040632201,-1.572273856153642e-05,11.199794280229618,4.758624330978368,1.255038853986845,,,
R2,Seasonal,0.8242538381257061,0.9931038220818256,0.8736023385990788,24,24,24.0,48.0,500,0.0,0.0,18.161961935015995,7.340863022894277,1.5823758963599523,,,
R3,Stationary_WN,0.18640472073265069,0.3102234951841236,0.3090608571727874,None,8,,,500,0.0,0.0,0.0,0.0,7.609543810490695,,,
R4,Trending_ExponentialGrowth,0.9988733410783117,0.35553773793081334,0.2795677018687327,None,24,,,500,,,0.0,0.0,0.6298563235110699,,,
R1,Composite,0.9989539045452661,0.9760892718416581,0.8590559431849275,36,36,36.0,72.0,500,0.21372873954955043,-3.640745007761703e-05,8.088720566579397,5.667392195574681,1.3407133043756931,,,
R2,Seasonal,0.879603376530552,0.9975021827158748,0.9036114369350421,36,36,36.0,72.0,500,0.0,0.0,17.624035548610514,4.9662802949808205,0.9924261190321145,,,
R3,Stationary_AR,0.08843213974851549,0.5412150201117637,0.6602827222501955,None,62,,,500,0.0,0.0,0.0,0.0,5.0,0.6702750180118203,,
R4,Trending_ExponentialGrowth,0.9988871100586043,0.4067313783694785,0.38579900783567034,None,24,,,500,,,0.0,0.0,0.5135768289063753,,,
R1,Composite,0.9990361708667455,0.9918607654707767,0.9337679476762895,48,50,48.0,96.0,500,-0.1756612317728906,-4.350195509297662e-05,14.007177142937447,7.686419068312356,1.1698394888780856,,,
R2,Seasonal,0.968893697020192,0.997918407155183,0.9755209220774415,48,50,48.0,96.0,500,0.0,0.0,23.775569675246352,11.614318890048047,1.0322056862396094,,,
R3,Stationary_AR,0.14274502694278002,0.6281842599223846,0.6986763889394796,None,36,,,500,0.0,0.0,0.0,0.0,5.0,0.5545795114464556,,
R4,Trending_MeanShift,0.999786394686657,0.999170653056421,0.0,None,250,,,500,,,0.0,0.0,0.5209042619286364,,250.0,
R1,Composite,0.9996635296162326,0.9963758408828975,0.8974601828470194,12,12,12.0,24.0,500,0.2213920022961529,-1.54845421820958e-05,13.14507932900737,4.471038889698322,0.9098803602073318,,,
R2,Seasonal,0.8505334339315641,0.9967372536242898,0.8549058991671601,12,12,12.0,24.0,500,0.0,0.0,27.703373102660287,7.363476054791878,1.7153032632989051,,,
R3,Stationary_WN,0.25293828767406656,0.27504897961100927,0.34497809827452186,None,6,,,500,0.0,0.0,0.0,0.0,11.338728585863898,,,
R4,Trending_MeanShift,0.9999366946284269,0.9997489056441794,0.0,None,250,,,500,,,0.0,0.0,0.9378387342796828,,250.0,
R1,Composite,0.9997219369660576,0.9991008926813585,0.8837462242361744,24,24,24.0,48.0,500,-0.2298254047871907,2.1058871229436173e-05,24.665727132004477,3.723066960522518,0.7322300006366322,,,
R2,Seasonal,0.9804524940084922,0.9996901848635725,0.9848346611389174,24,24,24.0,48.0,500,0.0,0.0,29.22224176606736,7.833972824581499,0.5769703211204436,,,
R3,Stationary_WN,0.14303788402269613,0.382336868118513,0.3410388582691364,None,17,,,500,0.0,0.0,0.0,0.0,14.968565933110767,,,
R4,Trending_ExponentialGrowth,0.9993901030523292,0.4148485593680403,0.37655427717972967,None,24,,,500,,,0.0,0.0,1.2201739124197035,,,
R1,Composite,0.9994051541719957,0.995955248362369,0.8230335429121188,36,36,36.0,72.0,500,-0.25583971927104937,4.661464215046484e-05,18.366634352165658,4.461874141229046,1.3622380860348504,,,
R2,Seasonal,0.8830922677672275,0.9885092092009695,0.9090920777405262,36,36,36.0,72.0,500,0.0,0.0,13.879503894637155,9.03060317881134,1.4209131209175232,,,
R3,Stationary_AR,0.20407997278476653,0.647168086867429,0.6622756859583172,None,62,,,500,0.0,0.0,0.0,0.0,5.0,0.6942596290926142,,
R4,Trending_MeanShift,0.9666048832519613,0.8917305214432081,0.0,None,250,,,500,,,0.0,0.0,1.4121386322268101,,250.0,
R1,Composite,0.9998791397206354,0.996300690652178,0.9302603516453886,12,12,12.0,24.0,500,-0.3895775068038769,-2.0600184056510328e-05,14.793124336012932,6.351910219418274,1.0204641784836421,,,
R2,Seasonal,0.8111998214077298,0.9935601488716298,0.8151995362427678,12,12,12.0,24.0,500,0.0,0.0,15.391006743245892,5.036669791420022,1.1946643483874455,,,
R3,Stationary_WN,0.40482497824603947,0.16912719576245117,0.30507442176362165,None,3,,,500,0.0,0.0,0.0,0.0,11.96552913615735,,,
R4,Trending_MeanShift,0.9991223037941737,0.996574923358702,0.0,None,250,,,500,,,0.0,0.0,1.0622724133964963,,250.0,
R1,Composite,0.9999246080090229,0.9961376934535635,0.9717561185710357,24,24,24.0,48.0,500,-0.3023417347844587,-1.0380489942172254e-05,8.542814741793952,5.902117365130405,0.5423898085228813,,,
R2,Seasonal,0.9048538083577993,0.9932478618104427,0.9297952023935123,24,24,24.0,48.0,500,0.0,0.0,20.426789875395723,11.608573831621866,1.8283319902665387,,,
R3,Stationary_AR,0.00540934380755298,0.6305423133920403,0.2519635397144139,None,167,,,500,0.0,0.0,0.0,0.0,5.0,0.4939425454331714,,
R4,Trending_MeanShift,0.9978007556200581,0.9919432786696967,0.0,None,250,,,500,,,0.0,0.0,0.7447475340678956,,250.0,
R1,Composite,0.9991239583021178,0.9917360944427168,0.9119317727319058,24,24,24.0,48.0,500,-0.2009333518623731,4.7136268267644634e-05,11.526051697867928,6.30978198027407,1.1445912194077383,,,
R2,Seasonal,0.5658442545399351,0.9941913187294561,0.7207432210536415,24,24,24.0,48.0,500,0.0,0.0,26.179612135389043,5.2385833693250206,1.947895135763126,,,
R3,Stationary_AR,0.03851751846850071,0.49576626352738984,0.5209471017048439,None,42,,,500,0.0,0.0,0.0,0.0,5.0,0.4621582790921389,,
R4,Trending_RandomWalkDrift,0.9997407634371729,0.6245260214580872,0.8239195858632296,None,24,,,500,,,0.0,0.0,0.8950697553767051,,,-0.38953668726320456
R1,Composite,0.9995957776658085,0.9736656630493977,0.728012030294751,24,24,24.0,48.0,500,-0.30317912605044883,-4.552557930384336e-05,8.066588039024444,3.409479803742691,1.3634140715203409,,,
R2,Seasonal,0.8612166359527736,0.998365980471372,0.8972316141644743,24,24,24.0,48.0,500,0.0,0.0,26.648590022931288,5.70930771016235,1.172433176943033,,,
R3,Stationary_WN,0.45115504465691203,0.13992966664087414,0.24002527792827077,None,2,,,500,0.0,0.0,0.0,0.0,5.546554376316007,,,
R4,Trending_RandomWalkDrift,0.9967183800124566,0.7267387978800199,0.7810660221404292,None,250,,,500,,,0.0,0.0,0.5716217939144369,,,-0.37308084947312103
R1,Composite,0.9995004391341284,0.9930220188930006,0.925676180570428,12,12,12.0,24.0,500,0.21635304155055782,1.805828366624402e-05,12.099373272573056,7.246394101241221,1.1146897027303304,,,
R2,Seasonal,0.8647454911184185,0.9743091342723755,0.8653597170053827,12,12,12.0,24.0,500,0.0,0.0,10.598716543718323,8.427947099824312,1.7810769898724461,,,
R3,Stationary_AR,0.4073216852654281,0.49109715697201306,0.6095846509633867,None,11,,,500,0.0,0.0,0.0,0.0,5.0,0.4894840181906512,,
R4,Trending_MeanShift,0.9999638835046821,0.999855620696197,0.36065959318026564,None,250,,,500,,,0.0,0.0,0.9777227081116775,,250.0,
R1,Composite,0.9997600894224729,0.9989725942450268,0.9483752303184572,48,50,48.0,96.0,500,0.21006503794524034,2.7106797651207767e-05,23.069422997988145,4.586089887512816,0.7207774583847824,,,
R2,Seasonal,0.7839960346547039,0.9955092354442006,0.889347717066368,48,50,48.0,96.0,500,0.0,0.0,26.91395745486924,7.2334348070213235,1.782465501018023,,,
R3,Stationary_WN,0.19533965086178884,0.46108146147523965,0.3489729369883985,None,13,,,500,0.0,0.0,0.0,0.0,7.335890843412688,,,
R4,Trending_RandomWalkDrift,0.9994445175600907,0.6000393165697795,0.8429042484942837,None,24,,,500,,,0.0,0.0,0.5553809576924883,,,0.4992741577562696
R1,Composite,0.9994448823017594,0.9969474145505544,0.6867136836172445,12,12,12.0,24.0,500,-0.3019313901558379,3.210316430848905e-05,24.95005423138021,3.4868678646775098,1.2946074707956496,,,
R2,Seasonal,0.926153756216032,0.9958419928662662,0.9267353696615072,12,12,12.0,24.0,500,0.0,0.0,15.064800786921943,6.787563726757898,1.0650857442747041,,,
R3,Stationary_WN,0.5338211614765971,0.2212104647813311,0.29153172403953476,None,2,,,500,0.0,0.0,0.0,0.0,12.280563389291336,,,
R4,Trending_ExponentialGrowth,0.9918453361855806,0.3574663631660805,0.38634276595549355,None,24,,,500,,,0.0,0.0,1.3217058225011975,,,
R1,Composite,0.9991931579599066,0.9948292506010646,0.7221398647585555,48,50,48.0,96.0,500,0.24200878274307208,-4.185105662310172e-05,18.65671499780855,2.0992645312012757,1.2297605982675468,,,
R2,Seasonal,0.9528308073998842,0.9979006010652823,0.9661176296387329,48,50,48.0,96.0,500,0.0,0.0,21.728715273010817,8.86180095076962,1.0321423779307128,,,
R3,Stationary_WN,0.023511743741401858,0.4337310343768094,0.3105362339604525,None,71,,,500,0.0,0.0,0.0,0.0,14.085475742427402,,,
R4,Trending_MeanShift,0.9992934352466902,0.9973960401226138,0.0,None,250,,,500,,,0.0,0.0,1.0907678021053107,,250.0,
R1,Composite,0.9995411897266433,0.9965959766192433,0.9343077354624889,48,50,48.0,96.0,500,0.22141955674702563,4.7000250369161435e-05,19.245032841308458,6.841069993477989,1.1680661702499369,,,
R2,Seasonal,0.9072360027352762,0.9934206775104696,0.9341606169490979,48,50,48.0,96.0,500,0.0,0.0,20.07950527599565,10.147912861355577,1.7189527524327788,,,
R3,Stationary_AR,0.2637274217953963,0.476171703909433,0.5863983292751141,None,19,,,500,0.0,0.0,0.0,0.0,5.0,0.49796431925756773,,
R4,Trending_ExponentialGrowth,0.9942625707566872,0.4285536516096533,0.3738354515384651,None,24,,,500,,,0.0,0.0,1.205930055539627,,,
R1,Composite,0.9998980798354427,0.9991815157899052,0.9627750128141981,36,36,36.0,72.0,500,-0.2488182664951141,1.43717757389279e-05,17.429727315303847,4.821045345077756,0.532579831008717,,,
R2,Seasonal,0.8722679935841618,0.9964353494274176,0.9045839776674839,36,36,36.0,72.0,500,0.0,0.0,18.81188819191414,6.432542382175393,1.1373924237048187,,,
R3,Stationary_WN,0.36328992779483826,0.2557081622571996,0.3231938497774115,None,4,,,500,0.0,0.0,0.0,0.0,14.163861112646103,,,
R4,Trending_ExponentialGrowth,0.99985374268482,0.4439629290066148,0.47475557702684545,None,24,,,500,,,0.0,0.0,0.6012539283452173,,,
R1,Composite,0.9993657151577076,0.9975952709755387,0.9065253160150681,12,12,12.0,24.0,500,0.16059350073335657,4.737080036786469e-05,19.154453034790528,5.800571930402082,1.0364439016934215,,,
R2,Seasonal,0.8648392171536494,0.9951844802930715,0.8606593999333413,12,12,12.0,24.0,500,0.0,0.0,21.420047065643015,7.192163719383625,1.6540728099043007,,,
R3,Stationary_WN,0.28481256343275696,0.34617715741795474,0.36193753657376015,None,5,,,500,0.0,0.0,0.0,0.0,11.289452525921567,,,
R4,Trending_ExponentialGrowth,0.9849844209497122,0.3968719278114511,0.33187232986691106,None,24,,,500,,,0.0,0.0,1.0703202722363898,,,
R1,Composite,0.9982517273913214,0.9966016487049876,0.8914741701802145,48,50,48.0,96.0,500,-0.15102943391354354,-1.933486386777014e-05,24.055685603058148,5.5679093670474415,1.2733949254372634,,,
R2,Seasonal,0.9720080509218212,0.9987966996596211,0.9794917031608662,48,50,48.0,96.0,500,0.0,0.0,26.7002187299672,10.596183805697738,1.0249320283031382,,,
R3,Stationary_WN,0.498298821247004,0.07917092717297891,0.23494832429895696,None,2,,,500,0.0,0.0,0.0,0.0,8.07099099625804,,,
R4,Trending_ExponentialGrowth,0.9997410576736848,0.3574278963456653,0.43005693206614204,None,24,,,500,,,0.0,0.0,0.6891751655646646,,,
R1,Composite,0.9997875443380039,0.9977695635150298,0.6671570804243667,36,36,36.0,72.0,500,0.37758285151388404,-2.9572550538931725e-05,22.885612477680205,2.360570178814314,1.2189485035700556,,,
R2,Seasonal,0.9261754239945609,0.9969832898239039,0.9396481327381089,36,36,36.0,72.0,500,0.0,0.0,26.566016090303137,10.942284921051654,1.4749751079878002,,,
R3,Stationary_WN,0.4159166383057957,0.3344692278126882,0.35450028328387795,None,3,,,500,0.0,0.0,0.0,0.0,5.955688495270866,,,
R4,Trending_RandomWalkDrift,0.9987250096638717,0.619617091520176,0.8972811237496111,None,24,,,500,,,0.0,0.0,1.0890370363393918,,,0.11390573851910651
R1,Composite,0.9993074851807046,0.9983268957032574,0.9204885333628363,36,36,36.0,72.0,500,0.1995889814956497,-3.984120283875617e-05,23.574526544702522,6.027026933388896,1.1420792176361603,,,
R2,Seasonal,0.7647274001966737,0.9889549377201021,0.8344978275478478,36,36,36.0,72.0,500,0.0,0.0,15.458341456732898,6.443088162559526,1.6994160788178128,,,
R3,Stationary_WN,0.31098027268662287,0.31414569081083943,0.35170789326468044,None,5,,,500,0.0,0.0,0.0,0.0,8.914038359877152,,,
R4,Trending_RandomWalkDrift,0.9047059983680514,0.28223368054976006,0.4661920264239193,None,250,,,500,,,0.0,0.0,0.5860960798777165,,,-0.3074763274327249
R1,Composite,0.9988539030313109,0.9964755397664,0.8930587961143821,36,36,36.0,72.0,500,0.16459987012690247,1.0365509800003917e-05,19.688103107277414,6.14593377279365,1.2134635699223515,,,
R2,Seasonal,0.9862055624042574,0.9994178669756277,0.9883105693853609,36,36,36.0,72.0,500,0.0,0.0,22.357980934411607,9.548992529340822,0.5695025794930983,,,
R3,Stationary_AR,0.2830691242754393,0.5881057654785837,0.6350007024938741,None,26,,,500,0.0,0.0,0.0,0.0,5.0,0.6139732424648432,,
R4,Trending_MeanShift,0.9999018918466532,0.9996099743658126,0.0,None,250,,,500,,,0.0,0.0,1.1627827900785674,,250.0,
R1,Composite,0.9984882504143984,0.9981479233048746,0.9406080745570271,36,36,36.0,72.0,500,0.14674173662686724,-3.749340383809545e-05,23.658030258647237,7.566647616373395,1.2156762931060654,,,
R2,Seasonal,0.8767922774593183,0.9926482669277982,0.9112711207723636,36,36,36.0,72.0,500,0.0,0.0,21.32737288101549,10.66444890963221,1.9956526648910127,,,
R3,Stationary_WN,0.2593447500607474,0.2825617938933018,0.25711395001515325,None,6,,,500,0.0,0.0,0.0,0.0,9.93703480030045,,,
R4,Trending_RandomWalkDrift,0.0321382619325169,0.21119950275489507,0.0,None,250,,,500,,,0.0,0.0,0.6349786966288322,,,-0.35390900562311356
R1,Composite,0.9998425798684318,0.9940803050944074,0.9079357492540094,24,24,24.0,48.0,500,-0.33905821007350656,3.829705682284543e-05,10.408104868314226,4.600093978172371,0.9648445471720339,,,
R2,Seasonal,0.9253060344971151,0.9981887867213578,0.9446822719171746,24,24,24.0,48.0,500,0.0,0.0,26.07025970158825,8.435607413707693,1.2698130541485826,,,
R3,Stationary_AR,0.3038126434507127,0.4902300383493776,0.5870586734386777,None,25,,,500,0.0,0.0,0.0,0.0,5.0,0.5307389464267509,,
R4,Trending_RandomWalkDrift,0.9687995889589193,0.8500996614822969,0.6030087743496058,None,250,,,500,,,0.0,0.0,1.2913071962501599,,,-0.347061483132942
R1,Composite,0.9998626913225098,0.9986365170764994,0.9649989608427154,36,36,36.0,72.0,500,0.2722019930209355,3.411106952812253e-05,18.666460466798064,6.80606594892297,0.7420066232737416,,,
R2,Seasonal,0.9141876074627023,0.9923800441791631,0.9302619574893559,36,36,36.0,72.0,500,0.0,0.0,11.238250048066474,6.813808256122454,0.987744681504251,,,
R3,Stationary_WN,0.4605886484696349,0.10087766661209596,0.26600157639795485,None,2,,,500,0.0,0.0,0.0,0.0,6.702075903131254,,,
R4,Trending_RandomWalkDrift,0.9994528195130924,0.5916830974353673,0.9051630827396882,None,24,,,500,,,0.0,0.0,1.4546357833084613,,,-0.38078808863526414
R1,Composite,0.999526843040103,0.995887608782233,0.9424736136441204,36,36,36.0,72.0,500,0.20335755630534424,-2.412266126724569e-05,13.20493187012717,6.410429829971038,0.9264524564844502,,,
R2,Seasonal,0.8762224007741399,0.9993457344455541,0.903922509200862,36,36,36.0,72.0,500,0.0,0.0,28.13662672981152,4.076112854778138,0.7396043692119694,,,
R3,Stationary_AR,0.37655894583825467,0.37780951890871983,0.4562609512552609,None,8,,,500,0.0,0.0,0.0,0.0,5.0,0.40599776946334903,,
R4,Trending_MeanShift,0.9792327122427008,0.9314318409205868,0.0,None,250,,,500,,,0.0,0.0,1.2791241140770928,,250.0,
R1,Composite,0.9999585167421536,0.997641047668076,0.9833876164270389,12,12,12.0,24.0,500,-0.36835405538026766,3.326387150819504e-05,9.449985118976569,7.1224929510353645,0.5109056959741108,,,
R2,Seasonal,0.7456819558254678,0.991020642441604,0.7757752710181416,12,12,12.0,24.0,500,0.0,0.0,14.076083879394377,4.534830579717371,1.4545536626175026,,,
R3,Stationary_AR,0.18592282556533402,0.6811420907632839,0.7085421222350248,None,45,,,500,0.0,0.0,0.0,0.0,5.0,0.6755162500549134,,
R4,Trending_ExponentialGrowth,0.9987828262187974,0.3530943922193005,0.35274531340249715,None,24,,,500,,,0.0,0.0,1.4978781097799847,,,
R1,Composite,0.9990474147673651,0.9860445107926127,0.765181869946058,48,50,48.0,96.0,500,0.21316996161212648,-2.598554964669915e-05,11.109653778718961,3.008434542085575,1.4125936135338573,,,
R2,Seasonal,0.5014151791418786,0.9787187836936528,0.760636348106415,48,50,48.0,96.0,500,0.0,0.0,15.884744465386742,4.775632865845818,1.8898010359028383,,,
R3,Stationary_WN,0.2607552904916933,0.3441191599002076,0.25807697957684783,None,6,,,500,0.0,0.0,0.0,0.0,14.545970674441739,,,
R4,Trending_MeanShift,0.9987080600803584,0.9943551822663911,0.0,None,250,,,500,,,0.0,0.0,0.8112205695841377,,250.0,
R1,Composite,0.9999254443364415,0.998409995063129,0.9727439494554948,24,24,24.0,48.0,500,-0.3966545865433313,-1.044927997538058e-05,17.42865704181986,7.8353376993583375,0.7592705785980618,,,
R2,Seasonal,0.9270187557595037,0.9983479764430883,0.9460095734255694,24,24,24.0,48.0,500,0.0,0.0,28.814647109600795,9.12421636325784,1.4083435072114199,,,
R3,Stationary_WN,0.02248112541333891,0.4076879319108726,0.3687359334893774,None,29,,,500,0.0,0.0,0.0,0.0,13.468709791834812,,,
R4,Trending_ExponentialGrowth,0.9996140557525307,0.4001799659499745,0.3265543153703292,None,24,,,500,,,0.0,0.0,0.9705055554055326,,,
R1,Composite,0.9996894674160186,0.9980947253163318,0.8925642392147873,12,12,12.0,24.0,500,-0.14888495898363663,-1.8427468598478995e-05,13.03957049180292,3.1867906954105663,0.5834030836089868,,,
R2,Seasonal,0.847003952908526,0.997829540200532,0.8538421050885436,12,12,12.0,24.0,500,0.0,0.0,26.529185076330172,5.6007122815394,1.3467095624115621,,,
R3,Stationary_WN,0.5163081806036498,0.3051084588842946,0.36388591526377445,None,3,,,500,0.0,0.0,0.0,0.0,11.454902336797794,,,
R4,Trending_MeanShift,0.9998972589980385,0.9995884905277055,0.0,None,250,,,500,,,0.0,0.0,1.1656690217979455,,250.0,
R1,Composite,0.9992094000211346,0.9979442289796963,0.8331519350292971,36,36,36.0,72.0,500,0.11066308384442955,3.853605672954318e-05,16.373982064401503,2.858588496562499,0.7329051375324535,,,
R2,Seasonal,0.9607285234630895,0.997359513110071,0.9677935909312859,36,36,36.0,72.0,500,0.0,0.0,20.56106403340833,11.012703264402102,1.1492188967042354,,,
R3,Stationary_AR,0.3886759936896734,0.6089368438174209,0.7036296173876528,None,29,,,500,0.0,0.0,0.0,0.0,5.0,0.6584662554199919,,
R4,Trending_MeanShift,0.9996660205291352,0.9986595356039506,0.0,None,250,,,500,,,0.0,0.0,0.9094664387401097,,250.0,
R1,Composite,0.99986538242895,0.9933553922064959,0.8335688935682765,24,24,24.0,48.0,500,-0.27871551986249127,-1.5758520693281136e-05,8.156987167310419,2.669468430910339,0.7056933938539809,,,
R2,Seasonal,0.9244501985508579,0.9908292465612013,0.9458012048466639,24,24,24.0,48.0,500,0.0,0.0,12.04073463245943,9.20010356122198,1.387060165445227,,,
R3,Stationary_AR,0.2256953167582324,0.452073511426314,0.6318783628539648,None,19,,,500,0.0,0.0,0.0,0.0,5.0,0.5040037004061677,,
R4,Trending_MeanShift,0.9999395771784632,0.9997604337588942,0.0,None,250,,,500,,,0.0,0.0,0.9715125505992439,,250.0,
R1,Composite,0.9998906668786957,0.9981069653732342,0.8897331632918055,48,100,48.0,96.0,500,0.22510393313627533,2.369511829638989e-05,9.06626656382985,7.267284937105966,0.504643669607703,,,
R2,Seasonal,0.8544722942960419,0.9869660114934999,0.8949598958907174,48,50,48.0,96.0,500,0.0,0.0,12.982895072264613,7.13938140750784,1.741093366790913,,,
R3,Stationary_AR,0.30458269612197475,0.760544831617911,0.7275698175962777,None,71,,,500,0.0,0.0,0.0,0.0,5.0,0.6416927826142127,,
R4,Trending_ExponentialGrowth,0.9904400067583812,0.3556303363250235,0.26076293587048016,None,24,,,500,,,0.0,0.0,1.3918477218807896,,,
R1,Composite,0.9998159915152818,0.9984835062374574,0.9114423826446861,12,12,12.0,24.0,500,0.25234813958013236,4.8587265353928725e-05,19.630660706539423,4.713250178193951,0.8122110111215972,,,
R2,Seasonal,0.9110791925240554,0.9931626436831111,0.9087187582220521,12,12,12.0,24.0,500,0.0,0.0,20.28064810109208,10.358647061388591,1.6273702686486733,,,
R3,Stationary_WN,0.44523143218452443,0.11453181154818903,0.37348240277624856,None,3,,,500,0.0,0.0,0.0,0.0,5.588811167965937,,,
R4,Trending_ExponentialGrowth,0.9990538994167278,0.3940187274327045,0.30445017114993156,None,24,,,500,,,0.0,0.0,0.5586774522855383,,,
R1,Composite,0.9998022317368193,0.998377824502599,0.7148716045026308,12,12,12.0,24.0,500,0.32982712060745845,-1.2281238850897714e-05,23.079238340017305,2.570997346543864,0.9651541030289162,,,
R2,Seasonal,0.9320089265472767,0.9982244636291797,0.9280594151839962,12,12,12.0,24.0,500,0.0,0.0,13.348960159826804,4.038093432207803,0.6163088971177674,,,
R3,Stationary_WN,0.1419443040453332,0.3482775600684044,0.3201641098280662,None,13,,,500,0.0,0.0,0.0,0.0,13.329788329577367,,,
R4,Trending_RandomWalkDrift,0.9946022641131178,0.6875172057664813,0.8326073574636335,None,24,,,500,,,0.0,0.0,0.6060255753603451,,,0.17050127296859832
R1,Composite,0.9992916455317289,0.9976473105273451,0.9446335156477726,48,50,48.0,96.0,500,-0.20065543810929265,2.6676666782957204e-05,21.315716788319783,6.770921792528528,1.0759081870623257,,,
R2,Seasonal,0.9806970529512117,0.9996966120577974,0.9877901693820861,48,50,48.0,96.0,500,0.0,0.0,29.705974372880362,7.272022155393146,0.5012851880767555,,,
R3,Stationary_WN,0.24493290302270476,0.34921720700236825,0.32778473421866305,None,7,,,500,0.0,0.0,0.0,0.0,7.403765996143736,,,
R4,Trending_ExponentialGrowth,0.9939938887560419,0.4133699538070865,0.3532949078047394,None,24,,,500,,,0.0,0.0,1.11629484895582,,,
R1,Composite,0.9990324158849039,0.9948116881385232,0.8349855146340197,24,24,24.0,48.0,500,0.1901988802139759,3.785936352683575e-05,18.18837171397975,5.3091560033704805,1.3803739255926386,,,
R2,Seasonal,0.5815978188005576,0.9918282244233685,0.7451213304013243,24,24,24.0,48.0,500,0.0,0.0,17.682840494851703,4.245243965898028,1.691839492733466,,,
R3,Stationary_AR,0.019994591872012357,0.7912566004280093,0.8014995733321522,None,125,,,500,0.0,0.0,0.0,0.0,5.0,0.6671101743568957,,
R4,Trending_MeanShift,0.9999761014066143,0.999904307933019,0.0,None,250,,,500,,,0.0,0.0,0.679708256992296,,250.0,
R1,Composite,0.9967769013433624,0.9945801465642187,0.883286388785062,36,36,36.0,72.0,500,0.11310085423969311,-1.2461594909187164e-05,16.80576304182496,6.4183590273536195,1.4209049719594318,,,
R2,Seasonal,0.9232093968955934,0.9978350702983256,0.9378530873870259,36,36,36.0,72.0,500,0.0,0.0,24.03722622242981,8.220835820894072,1.328490140557089,,,
R3,Stationary_AR,0.09961394346312269,0.6315561090974293,0.6557188252384816,None,62,,,500,0.0,0.0,0.0,0.0,5.0,0.6884351650497764,,
R4,Trending_MeanShift,0.9998588443864465,0.9994284525659329,0.0,None,250,,,500,,,0.0,0.0,0.7449670178562917,,250.0,
R1,Composite,0.9996971160401024,0.9909282299336487,0.8350523746991731,12,12,12.0,24.0,500,-0.22089560113294002,-2.4385233051740176e-05,8.734134802479888,3.5376018765627,0.9244078453856983,,,
R2,Seasonal,0.9471205180041541,0.9938921799829614,0.9442363714449206,12,12,12.0,24.0,500,0.0,0.0,17.98210235594627,11.68381794628569,1.5519000480374963,,,
R3,Stationary_AR,0.024456074413673035,0.6199101071590909,0.6320479452593724,None,83,,,500,0.0,0.0,0.0,0.0,5.0,0.4418689636154025,,
R4,Trending_MeanShift,0.9997868584650688,0.9991570571190749,0.04252318335305427,None,250,,,500,,,0.0,0.0,1.1386435369700854,,250.0,
R1,Composite,0.999847117843481,0.998542738025925,0.9646954207741255,12,12,12.0,24.0,500,0.2683102859358889,-2.339508844261858e-05,16.856913644771833,6.738712614732962,0.6671156725009709,,,
R2,Seasonal,0.7720146442682221,0.9979470104922696,0.8096339324640194,12,12,12.0,24.0,500,0.0,0.0,29.442071714576908,5.061336364258748,1.4178599484634258,,,
R3,Stationary_WN,0.38444654744902285,0.24878559961705937,0.36306013286105754,None,4,,,500,0.0,0.0,0.0,0.0,11.54759690477164,,,
R4,Trending_ExponentialGrowth,0.9981916392620208,0.3551950875239903,0.35513747700892784,None,24,,,500,,,0.0,0.0,0.8069261805435314,,,
R1,Composite,0.9989138974300381,0.9947202006370367,0.9324462592745714,48,50,48.0,96.0,500,-0.1513188533558043,-3.267062906693755e-05,15.644711621566657,6.888049551195201,1.164294636042746,,,
R2,Seasonal,0.8905196909169624,0.9968871406874361,0.9291650876068583,48,50,48.0,96.0,500,0.0,0.0,28.141737845433894,8.730779594421648,1.5626606202524151,,,
R3,Stationary_AR,0.25821257843510703,0.6066696415870183,0.6626505782524363,None,28,,,500,0.0,0.0,0.0,0.0,5.0,0.6404222765997314,,
R4,Trending_MeanShift,0.9997557548279906,0.9990093680672576,0.0,None,250,,,500,,,0.0,0.0,1.2167824480298597,,250.0,
R1,Composite,0.999344927793723,0.9959599994331981,0.9051069269621551,24,24,24.0,48.0,500,0.21965223488440425,2.3570424807851547e-05,18.61200695085251,6.806073956491317,1.3626755750567534,,,
R2,Seasonal,0.9533656588038594,0.9912456642036546,0.9647332144101791,24,24,24.0,48.0,500,0.0,0.0,11.822896970507555,11.47874650308836,1.262372672846534,,,
R3,Stationary_AR,0.226992389467786,0.45616443172943866,0.5792172672995621,None,29,,,500,0.0,0.0,0.0,0.0,5.0,0.6105163979204278,,
R4,Trending_MeanShift,0.9998153385371268,0.9992499417554154,0.0,None,250,,,500,,,0.0,0.0,0.6809969988677059,,250.0,
R1,Composite,0.9994258608200692,0.9978698273612475,0.9228645554579118,24,24,24.0,48.0,500,-0.20162456062968254,-2.6894507558203986e-05,22.568743496352603,6.5864387544470695,1.1290259307018766,,,
R2,Seasonal,0.7530350282900566,0.9837367847552874,0.8367649698874382,24,24,24.0,48.0,500,0.0,0.0,12.113840911982605,6.389885054502966,1.6974247430040144,,,
R3,Stationary_WN,0.17540159098387997,0.29392323853612246,0.250638893210931,None,9,,,500,0.0,0.0,0.0,0.0,10.60538535725609,,,
R4,Trending_MeanShift,0.9998821226112218,0.9995218845351977,0.0,None,250,,,500,,,0.0,0.0,0.5053760802924326,,250.0,
R1,Composite,0.9967178849678565,0.9907436670874061,0.8607716467190081,48,50,48.0,96.0,500,0.10033286969635648,-3.279217841002581e-05,10.788548160712205,3.7235907442766987,1.00920451223163,,,
R2,Seasonal,0.9527214408891268,0.9986118679739064,0.967074995109745,48,50,48.0,96.0,500,0.0,0.0,21.04305012346111,6.88032617383305,0.8341898172157765,,,
R3,Stationary_WN,0.2699123678672066,0.3601963625379039,0.23554802708275036,None,7,,,500,0.0,0.0,0.0,0.0,10.873858501079201,,,
R4,Trending_MeanShift,0.9992406655088459,0.9968066517987954,0.0,None,250,,,500,,,0.0,0.0,0.8716781160375241,,250.0,
R1,Composite,0.9999255563070215,0.999565740243164,0.9856347015760366,24,24,24.0,48.0,500,0.2979110074392587,-2.2340148198203322e-05,23.966878484835753,7.79854792919562,0.5331591249217223,,,
R2,Seasonal,0.5105673966736557,0.9919507777126609,0.7384813470719123,24,24,24.0,48.0,500,0.0,0.0,23.160853044478706,5.491256703465931,1.7986974987692128,,,
R3,Stationary_WN,0.5087059291195459,0.170147326799851,0.31909629679891194,None,2,,,500,0.0,0.0,0.0,0.0,12.085995113587611,,,
R4,Trending_MeanShift,0.999477646545322,0.9978231756624985,0.0,None,250,,,500,,,0.0,0.0,0.5287899118179986,,250.0,
R1,Composite,0.999478077345666,0.9882291502507882,0.813433257478674,48,50,48.0,96.0,500,-0.27586453941108,-3.927500011675355e-05,12.776290818254095,4.00438677444323,1.4255721156218892,,,
R2,Seasonal,0.9763008221208649,0.9987559100238549,0.9815864840146372,48,50,48.0,96.0,500,0.0,0.0,27.017401747059015,11.776132623319057,1.0345438654143915,,,
R3,Stationary_AR,0.23174205889577493,0.5107574664490183,0.5809965341764216,None,24,,,500,0.0,0.0,0.0,0.0,5.0,0.5941115123429367,,
R4,Trending_ExponentialGrowth,0.9981592640166038,0.364060196677533,0.3483053834030353,None,24,,,500,,,0.0,0.0,1.3697363306789665,,,
R1,Composite,0.999632904251333,0.9964175199528996,0.9014158126487292,48,50,48.0,96.0,500,-0.33285853674437405,-4.524495272681691e-05,23.65255058335785,6.349199934409477,1.337636926963764,,,
R2,Seasonal,0.9761788323909314,0.9984841137899544,0.98173067182179,48,50,48.0,96.0,500,0.0,0.0,21.812078900045343,10.36916156072192,0.9147463901735091,,,
R3,Stationary_AR,0.006111865857047705,0.5318693861286605,0.5498469302894239,None,100,,,500,0.0,0.0,0.0,0.0,5.0,0.45616307803243494,,
R4,Trending_RandomWalkDrift,0.41948984707291537,0.0,0.0,None,250,,,500,,,0.0,0.0,1.3408615508369044,,,0.4512890764266049
R1,Composite,0.9996237381716605,0.9938323207487813,0.903520922989183,24,24,24.0,48.0,500,-0.33442408377449906,4.980358921873009e-05,15.290650351442642,6.630205929371675,1.3386453268292322,,,
R2,Seasonal,0.8621300373292395,0.9966146311558998,0.9001467174425666,24,24,24.0,48.0,500,0.0,0.0,13.146215742213052,4.185152064524874,0.8062516621431157,,,
R3,Stationary_AR,0.2172151828506773,0.40821510139098127,0.5532615737447069,None,22,,,500,0.0,0.0,0.0,0.0,5.0,0.537358130545114,,
R4,Trending_MeanShift,0.9999514610806242,0.9998074294140268,0.0,None,250,,,500,,,0.0,0.0,0.88757233724642,,250.0,
R1,Composite,0.9998351329842274,0.9960637716080357,0.972907454245123,48,50,48.0,96.0,500,0.22038113232589795,2.6460559863519356e-05,10.132593411555805,6.508373765896016,0.6419797611081604,,,
R2,Seasonal,0.9642014014105266,0.9996245126539003,0.9824566828202838,48,50,48.0,96.0,500,0.0,0.0,29.669813762336137,6.128410356280888,0.5301016227251594,,,
R3,Stationary_WN,0.24534407436383976,0.3272754802549128,0.24206568472606027,None,5,,,500,0.0,0.0,0.0,0.0,7.06374599031708,,,
R4,Trending_MeanShift,0.9999564067141133,0.9998253974780787,0.1544883936078396,None,250,,,500,,,0.0,0.0,1.32874124077368,,250.0,
R1,Composite,0.9998944057555619,0.9978472458025628,0.8645427515548549,12,12,12.0,24.0,500,0.30345035894631145,-1.85125842597643e-05,13.261993925889598,3.0681435307567195,0.6339999201629366,,,
R2,Seasonal,0.9377580214561562,0.9967995560744156,0.9362165595781742,12,12,12.0,24.0,500,0.0,0.0,21.99124448019468,9.387266918810628,1.280694128971068,,,
R3,Stationary_WN,0.3851431614311517,0.1433591239457388,0.3589651210928686,None,3,,,500,0.0,0.0,0.0,0.0,8.384208113202018,,,
R4,Trending_RandomWalkDrift,0.9961792375234484,0.43550373408741927,0.8432621605388412,None,24,,,500,,,0.0,0.0,1.0583918998552024,,,0.13695010411483222
R1,Composite,0.9997764973122863,0.999502339469073,0.9083532791688455,36,36,36.0,72.0,500,0.18444234235997609,-4.902708802985628e-05,21.850973573810908,2.860193510960239,0.5656217502976616,,,
R2,Seasonal,0.9444579691995094,0.9996682787023874,0.9556878237519774,36,36,36.0,72.0,500,0.0,0.0,25.831577157692664,4.150194839801199,0.5162670537803382,,,
R3,Stationary_WN,0.2819805899293326,0.31891689374966414,0.3213000798773842,None,5,,,500,0.0,0.0,0.0,0.0,14.095988457140528,,,
R4,Trending_ExponentialGrowth,0.9911284070794185,0.3879242007084007,0.29434673498424346,None,24,,,500,,,0.0,0.0,0.9890491609268197,,,
R1,Composite,0.9997904653760145,0.9993759236828661,0.840810883455957,24,24,24.0,48.0,500,0.2208351652261931,-2.389661328757745e-05,24.605506218472183,2.3114404619445654,0.6853157470302742,,,
R2,Seasonal,0.8979720709268851,0.9991372986310271,0.9247566368074257,24,24,24.0,48.0,500,0.0,0.0,29.045053943951235,5.4256448272624285,0.9368317400755541,,,
R3,Stationary_WN,0.28106525876274,0.2529696024094735,0.2727808043484091,None,6,,,500,0.0,0.0,0.0,0.0,11.612857448681849,,,
R4,Trending_RandomWalkDrift,0.9826154899453436,0.8642278781724337,0.8160626164963323,None,250,,,500,,,0.0,0.0,0.744233561125343,,,-0.16632540015622183
R1,Composite,0.9999420872713964,0.9992612111707825,0.9766096083960202,48,50,48.0,96.0,500,0.2967799560684512,2.272536953684003e-05,18.25845585811615,5.165534489116054,0.5073792600557627,,,
R2,Seasonal,0.8110121862477686,0.9976422298468826,0.8972307750298477,48,50,48.0,96.0,500,0.0,0.0,25.673156431860214,5.097282169642291,1.273726752717402,,,
R3,Stationary_AR,0.3965823191975033,0.30510133695931674,0.44382016106647715,None,11,,,500,0.0,0.0,0.0,0.0,5.0,0.44747065466825736,,
R4,Trending_MeanShift,0.9999778894733858,0.9999113839718587,0.0,None,250,,,500,,,0.0,0.0,0.5820523487555765,,250.0,
R1,Composite,0.9998666727831353,0.9980174583755578,0.9603704903796133,24,24,24.0,48.0,500,-0.22454524843017248,1.8452984702588612e-05,11.200495742854866,4.617739582849785,0.5105456312738845,,,
R2,Seasonal,0.6880909571148899,0.9938174880111336,0.7875361226360015,24,24,24.0,48.0,500,0.0,0.0,21.499508486741377,5.292822880411961,1.9019354974680829,,,
R3,Stationary_WN,0.39061774757956635,0.25112905509266104,0.32506893321480457,None,3,,,500,0.0,0.0,0.0,0.0,5.584538519301909,,,
R4,Trending_RandomWalkDrift,0.9960881874547348,0.6543558854465888,0.9052016450786136,None,24,,,500,,,0.0,0.0,0.5338452165453522,,,0.1229923460793712
R1,Composite,0.9995965920442085,0.992970972486811,0.9235876164512964,48,50,48.0,96.0,500,0.28623041884270894,1.241039237242378e-05,15.07387318373534,7.0567829024234054,1.2469719340941345,,,
R2,Seasonal,0.6631821119227188,0.988277184629977,0.8592320575593603,48,50,48.0,96.0,500,0.0,0.0,13.185962591294281,4.632572023240081,1.2921678223265063,,,
R3,Stationary_AR,0.15218404477678904,0.5259364809050633,0.7045905673665587,None,56,,,500,0.0,0.0,0.0,0.0,5.0,0.6697506547195204,,
R4,Trending_MeanShift,0.9998889243606016,0.9995620407046987,0.0,None,250,,,500,,,0.0,0.0,1.2292696675582495,,250.0,
R1,Composite,0.9999122298968173,0.9993611922193711,0.9657600347459917,36,36,36.0,72.0,500,0.3398778320033027,-4.5255903516782326e-05,23.88172037168114,6.167436824941557,0.6489823062620003,,,
R2,Seasonal,0.9666095744896974,0.9986844924731914,0.9719084156434085,36,36,36.0,72.0,500,0.0,0.0,24.74145275032035,10.176417904708572,0.9440570864777287,,,
R3,Stationary_AR,0.06097495861544622,0.561432945273632,0.5542138739934437,None,100,,,500,0.0,0.0,0.0,0.0,5.0,0.491600623381691,,
R4,Trending_MeanShift,0.9999346185336716,0.9997400123785815,0.10043459127744381,None,250,,,500,,,0.0,0.0,0.8585498636048877,,250.0,
R1,Composite,0.9994073365737722,0.9874199967804185,0.7348544072545891,36,36,36.0,72.0,500,-0.2709605135197085,-1.699076472400202e-05,12.47592392185825,3.5392552915073514,1.319521997401859,,,
R2,Seasonal,0.9044272853568348,0.9891488479830252,0.9270469029505845,36,36,36.0,72.0,500,0.0,0.0,14.250603091047507,9.689520455002448,1.674664501577891,,,
R3,Stationary_WN,0.4008245022945124,0.3061148612958493,0.3535083751678535,None,4,,,500,0.0,0.0,0.0,0.0,11.207719816199141,,,
R4,Trending_ExponentialGrowth,0.9997018886934239,0.3904777034841933,0.4254670348142303,None,24,,,500,,,0.0,0.0,0.8988359156657109,,,
R1,Composite,0.999742929296997,0.9888074919462513,0.9262507111086298,36,36,36.0,72.0,500,0.33554784543140204,-3.6940669935617976e-05,9.742454630769029,6.953304965049683,1.0625495051168028,,,
R2,Seasonal,0.9728323271162557,0.9989239129640849,0.9775085135892073,36,36,36.0,72.0,500,0.0,0.0,27.09365005471097,11.247096755248418,0.9398886360142381,,,
R3,Stationary_WN,0.1269469540518009,0.2817899210194489,0.32991939530476844,None,20,,,500,0.0,0.0,0.0,0.0,9.473417601728269,,,
R4,Trending_RandomWalkDrift,0.9546926610471825,0.5540265452252562,0.0,None,167,,,500,,,0.0,0.0,0.5720484007597813,,,0.2807981000256684
R1,Composite,0.9989789533893395,0.988396843779464,0.900476593727656,24,24,24.0,48.0,500,-0.21188260711313356,3.119456214260436e-05,11.227125620300122,7.045025590663847,1.4007908054777436,,,
R2,Seasonal,0.7807214573732189,0.9977237690439674,0.8360493615824174,24,24,24.0,48.0,500,0.0,0.0,23.308455348188595,4.52311159366515,1.2744102345733643,,,
R3,Stationary_AR,0.28970837437107444,0.3630080435642722,0.4149258079393129,None,8,,,500,0.0,0.0,0.0,0.0,5.0,0.43237599363930923,,
R4,Trending_MeanShift,0.9997557360367936,0.999020357475516,0.0,None,250,,,500,,,0.0,0.0,1.4180023402747115,,250.0,
R1,Composite,0.9997180057778761,0.9975033328427935,0.914257355656146,36,36,36.0,72.0,500,-0.2824291332488847,-2.9314934245384868e-05,20.43820370836547,6.219122444615665,1.0676339533387664,,,
R2,Seasonal,0.9493094394613627,0.9977862957063621,0.9596447382325091,36,36,36.0,72.0,500,0.0,0.0,19.623190221847512,8.593116921808804,1.0748822512311818,,,
R3,Stationary_WN,0.4798382651564487,0.19367338792582534,0.22423889524871232,None,2,,,500,0.0,0.0,0.0,0.0,7.372836852593493,,,
R4,Trending_RandomWalkDrift,0.9994228077550837,0.7903568108069083,0.9109473973064341,None,24,,,500,,,0.0,0.0,1.3813911664229535,,,0.33611180076452396
R1,Composite,0.9978884792246786,0.9970075367983521,0.9160446531330383,24,24,24.0,48.0,500,0.12106616194226909,-4.8231335916496455e-05,16.59338510597972,5.621974853137391,1.0210296236532452,,,
R2,Seasonal,0.8886834687669584,0.9946459611303299,0.9183574754771625,24,24,24.0,48.0,500,0.0,0.0,22.08052464132588,9.953535272292969,1.7029506796784157,,,
R3,Stationary_WN,0.5610066582745488,0.1770850175886277,0.19408042772763356,None,2,,,500,0.0,0.0,0.0,0.0,14.461042521320289,,,
R4,Trending_ExponentialGrowth,0.9970288705997025,0.34850473054888165,0.3317500042978905,None,24,,,500,,,0.0,0.0,1.3453024407172265,,,
R1,Composite,0.999841021277615,0.9986197380621906,0.8822705082878722,24,24,24.0,48.0,500,-0.26505909137866074,1.7892324003830775e-05,17.63469001448422,3.177448235418231,0.7681379335746067,,,
R2,Seasonal,0.7351139111752913,0.9954111113032046,0.8179011480671216,24,24,24.0,48.0,500,0.0,0.0,23.80731317539758,6.058119851668662,1.88527402485518,,,
R3,Stationary_WN,0.5173490204715709,0.1480444555298096,0.2313375380492002,None,2,,,500,0.0,0.0,0.0,0.0,14.254395804277017,,,
R4,Trending_MeanShift,0.9996033870428533,0.998474925424476,0.0,None,250,,,500,,,0.0,0.0,1.114919930034282,,250.0,
R1,Composite,0.9997554583380366,0.9966098072836861,0.8063840582220825,48,50,48.0,96.0,500,-0.2930456121034232,-2.6784179623379694e-05,17.40152597657024,2.122975585831638,0.8820064392784939,,,
R2,Seasonal,0.9654200805674603,0.9977977246196188,0.9737290626586356,48,50,48.0,96.0,500,0.0,0.0,17.691833108394647,8.500740600366118,0.8613791521789103,,,
R3,Stationary_AR,0.10206781584964386,0.7545560490663796,0.7037522796778072,None,125,,,500,0.0,0.0,0.0,0.0,5.0,0.5183607721774592,,
R4,Trending_RandomWalkDrift,0.9993794702867188,0.5155196925498412,0.8460172591057283,None,24,,,500,,,0.0,0.0,1.0201645312896361,,,-0.44416762178423574
R1,Composite,0.9997466668532214,0.9965148541539903,0.7741784632408435,24,24,24.0,48.0,500,0.3172555453994603,1.4703317898969621e-05,17.461133154415094,3.246981892608988,0.9943849730014491,,,
R2,Seasonal,0.9500881471051414,0.9921687960047987,0.9613691623052999,24,24,24.0,48.0,500,0.0,0.0,12.00533866839044,10.472175117181632,1.1382574338960676,,,
R3,Stationary_WN,0.5054916320926077,0.1533080003681746,0.22350438549368867,None,2,,,500,0.0,0.0,0.0,0.0,13.351348819245327,,,
R4,Trending_MeanShift,0.9980753479832645,0.991494925096039,0.0,None,250,,,500,,,0.0,0.0,1.2341218431198318,,250.0,
R1,Composite,0.9990330581394664,0.9971432610375359,0.8727864734394083,36,36,36.0,72.0,500,0.15282746256168972,4.021974237038057e-05,20.54876960248368,5.105587310731197,1.1370619694969164,,,
R2,Seasonal,0.9254563910122982,0.9994471393350806,0.9419712464184118,36,36,36.0,72.0,500,0.0,0.0,23.768586585615765,4.129419061786688,0.6025505694316566,,,
R3,Stationary_WN,0.012882484202386801,0.4577550652719853,0.35386686815652,None,125,,,500,0.0,0.0,0.0,0.0,11.218306531637781,,,
R4,Trending_MeanShift,0.9999077758605913,0.9996314707749357,0.0,None,250,,,500,,,0.0,0.0,1.413185491244751,,250.0,
R1,Composite,0.999681257431146,0.9955411408075041,0.9057592966980811,36,36,36.0,72.0,500,0.3768178053061445,-4.784623664677741e-05,18.93604380710287,7.4515531562381785,1.2802344838198512,,,
R2,Seasonal,0.9457990801411481,0.9945002890554763,0.9560593563746447,36,36,36.0,72.0,500,0.0,0.0,14.830075366526449,9.579278042005846,1.2593182558609355,,,
R3,Stationary_AR,0.0606559476624845,0.4766224737904513,0.4486829180674241,None,56,,,500,0.0,0.0,0.0,0.0,5.0,0.5438395249224535,,
R4,Trending_RandomWalkDrift,0.9755616604471822,0.7394192898692193,0.0,None,250,,,500,,,0.0,0.0,0.5282403102762175,,,0.2693800356245687
R1,Composite,0.9996782295237557,0.9991265972080416,0.9375599011621045,36,36,36.0,72.0,500,-0.15027755905070928,1.875278491139084e-05,17.574578464847818,3.8040462770150762,0.5847927533349734,,,
R2,Seasonal,0.990560542306711,0.99859121793641,0.9920421675725046,36,36,36.0,72.0,500,0.0,0.0,14.530822659063332,11.789420256562577,0.5460585746536017,,,
R3,Stationary_WN,0.25072786073811903,0.26183531234730495,0.2710165111373295,None,5,,,500,0.0,0.0,0.0,0.0,13.00025217858834,,,
R4,Trending_MeanShift,0.9999205913719494,0.9996831733195303,0.0,None,250,,,500,,,0.0,0.0,1.1599961532517817,,250.0,
R1,Composite,0.9992622375757487,0.9795767770392814,0.8855677221705645,24,24,24.0,48.0,500,0.2494149218469996,-3.0842338603948164e-05,8.658709655415274,6.594361882844731,1.413437085680189,,,
R2,Seasonal,0.9600552707326229,0.9978394304099355,0.9692737302046999,24,24,24.0,48.0,500,0.0,0.0,17.973005900488268,8.93220015638541,0.8459758033250107,,,
R3,Stationary_AR,0.31692699874690033,0.5594967600064422,0.7224173750044259,None,19,,,500,0.0,0.0,0.0,0.0,5.0,0.6807460775935026,,
R4,Trending_MeanShift,0.9999781163167274,0.9999126370600311,0.17877155024145908,None,250,,,500,,,0.0,0.0,0.8764798566172536,,250.0,
R1,Composite,0.9997193754520274,0.9985802335710897,0.9760137961084746,12,12,12.0,24.0,500,0.16014374299368514,-1.7527394879848374e-05,13.651171275536772,6.627983050948465,0.5811083779603319,,,
R2,Seasonal,0.6603585609177687,0.9854246286116505,0.7057308229217624,12,12,12.0,24.0,500,0.0,0.0,13.337528392876209,4.505251516437582,1.7656930678645868,,,
R3,Stationary_WN,0.33192321048773876,0.31275994261085927,0.31321824563060885,None,5,,,500,0.0,0.0,0.0,0.0,10.64726404500988,,,
R4,Trending_RandomWalkDrift,0.999580242254078,0.5568794445841198,0.8301335624266983,None,24,,,500,,,0.0,0.0,0.952039134134077,,,-0.4319089584025705
R1,Composite,0.9996021473930975,0.9971792592646992,0.8622757026932688,36,36,36.0,72.0,500,-0.2647242254551771,-2.3855682572756943e-05,21.198001169499946,5.224730853361277,1.18951171346029,,,
R2,Seasonal,0.8116252972644902,0.9958137700609775,0.8649420643140355,36,36,36.0,72.0,500,0.0,0.0,24.886174851577344,7.355138774096194,1.7375189036377017,,,
R3,Stationary_WN,0.345658171639076,0.2847786998410339,0.33877008775116835,None,5,,,500,0.0,0.0,0.0,0.0,10.653625760853553,,,
R4,Trending_MeanShift,0.9997386511802088,0.9989504323465911,0.0,None,250,,,500,,,0.0,0.0,0.8353866495901145,,250.0,
R1,Composite,0.9999038269530822,0.9934746339923314,0.9482254962798392,12,12,12.0,24.0,500,-0.3882648559040166,-2.2259956323211798e-05,9.723193606439096,6.772673879552518,0.843684647734063,,,
R2,Seasonal,0.9400050071154209,0.9945843222297943,0.9370673064924049,12,12,12.0,24.0,500,0.0,0.0,20.16020304546668,11.292282754000492,1.6244683440767718,,,
R3,Stationary_AR,0.13830048659263472,0.740294671253755,0.7986444855937949,None,125,,,500,0.0,0.0,0.0,0.0,5.0,0.6534153051581845,,
R4,Trending_ExponentialGrowth,0.9942651046645768,0.2888201914065103,0.2570101913087586,None,24,,,500,,,0.0,0.0,1.1505129895635928,,,
R1,Composite,0.9999470419128024,0.9990391137010243,0.9742589382726827,48,50,48.0,96.0,500,-0.353995974473474,1.3181372485392507e-05,16.99596944237352,5.1031705277008035,0.507934558475305,,,
R2,Seasonal,0.6074892019243248,0.9914386305138008,0.8176425676002732,48,50,48.0,96.0,500,0.0,0.0,23.00126813019451,5.698548041684129,1.9546297405358,,,
R3,Stationary_AR,0.21567287538468916,0.5215415339922793,0.665216112956269,None,29,,,500,0.0,0.0,0.0,0.0,5.0,0.4888962670811383,,
R4,Trending_MeanShift,0.9997313450882809,0.9989432311790295,0.0,None,250,,,500,,,0.0,0.0,1.4152802652382255,,250.0,
R1,Composite,0.9999080406199042,0.9990107330957544,0.9557255966825557,48,50,48.0,96.0,500,0.379335216527351,-2.491752011483668e-05,23.8118613092618,4.859455990735935,0.6637847166672665,,,
R2,Seasonal,0.8588723254175974,0.9945151767230244,0.9006512711865069,48,50,48.0,96.0,500,0.0,0.0,19.999973794667305,7.058453353006289,1.4346503936067192,,,
R3,Stationary_AR,0.42487026985074094,0.5502023227257178,0.6153894150563579,None,15,,,500,0.0,0.0,0.0,0.0,5.0,0.5353047735283603,,
R4,Trending_MeanShift,0.999839035490957,0.9993507887129438,0.0,None,250,,,500,,,0.0,0.0,0.9942506434744202,,250.0,
R1,Composite,0.9984899734653753,0.9976985718156718,0.9366210234549446,12,12,12.0,24.0,500,0.1124043663875008,1.8904259805866308e-05,20.155821652617206,7.374739198927132,1.1031641996579928,,,
R2,Seasonal,0.9386201110974828,0.9982490355193605,0.936223776225526,12,12,12.0,24.0,500,0.0,0.0,26.235756709492325,8.3871025679729,1.25162119029455,,,
R3,Stationary_AR,0.0,0.5706567369162829,0.0,None,167,,,500,0.0,0.0,0.0,0.0,5.0,0.6052329651877428,,
R4,Trending_MeanShift,0.9954385485966729,0.9795514068304229,0.0,None,250,,,500,,,0.0,0.0,1.1265684521045372,,250.0,
R1,Composite,0.998294881593254,0.9972536779270487,0.9201328018953672,36,36,36.0,72.0,500,-0.11555667450220722,-3.737018728786812e-05,21.8513281950093,7.34663802069708,1.1527345380688307,,,
R2,Seasonal,0.9521761260699207,0.9926026076624309,0.9608888073029396,36,36,36.0,72.0,500,0.0,0.0,10.399459111981397,8.448323155593634,0.9403729126805864,,,
R3,Stationary_WN,0.4481652690334401,0.1640376219583214,0.3399831271298407,None,3,,,500,0.0,0.0,0.0,0.0,8.527923873038386,,,
R4,Trending_ExponentialGrowth,0.9997454856177276,0.40107717187552294,0.46322377854758434,None,24,,,500,,,0.0,0.0,0.5221766035096158,,,
R1,Composite,0.9998101846043144,0.9993462274959762,0.8841220884682424,12,12,12.0,24.0,500,-0.22576775290090506,1.8972033888161294e-05,23.80632287609373,3.255319119758049,0.7093860018986986,,,
R2,Seasonal,0.07059126970787344,0.9924300926002457,0.35024306556503204,12,24,12.0,24.0,500,0.0,0.0,10.021514009927671,11.237277378240943,1.4005511218442317,,,
R3,Stationary_AR,0.18364522389908156,0.5704078891706069,0.6471310096615429,None,62,,,500,0.0,0.0,0.0,0.0,5.0,0.6381132829149664,,
R4,Trending_ExponentialGrowth,0.9989175970826234,0.36057862717033584,0.32800014192694027,None,24,,,500,,,0.0,0.0,0.5709370121534668,,,
R1,Composite,0.9999463661044075,0.9973728292587627,0.9806165174074739,24,24,24.0,48.0,500,0.39340913312419745,-3.417568393538323e-05,10.649920346801874,7.458830366290666,0.5670771195557246,,,
R2,Seasonal,0.8399042221620209,0.9860650982422108,0.884936181397903,24,24,24.0,48.0,500,0.0,0.0,15.363932809654246,9.151558466309135,1.9674051288642267,,,
R3,Stationary_WN,0.3068533821489833,0.2501944338698181,0.3093294901212935,None,6,,,500,0.0,0.0,0.0,0.0,8.704480040186882,,,
R4,Trending_ExponentialGrowth,0.9911347126816293,0.3519788801464834,0.32913261613866596,None,24,,,500,,,0.0,0.0,1.0331135938447238,,,
R1,Composite,0.9993270120120225,0.9801895328292125,0.7616992324742663,12,12,12.0,24.0,500,0.2645956879318382,1.9301430287762645e-05,9.97627635490295,4.549065475071499,1.4094390854365564,,,
R2,Seasonal,0.9804332163066646,0.9991072780803626,0.978639569950157,12,12,12.0,24.0,500,0.0,0.0,16.10441253868763,6.604719230501589,0.5052240009834985,,,
R3,Stationary_WN,0.5157687095695616,0.1296524014789291,0.30685165030465944,None,2,,,500,0.0,0.0,0.0,0.0,5.494085724529613,,,
R4,Trending_MeanShift,0.9928910775345358,0.9756482102935493,0.0,None,250,,,500,,,0.0,0.0,1.190001719785415,,250.0,
R1,Composite,0.9977974428964557,0.9905812589454023,0.6685298244637301,24,24,24.0,48.0,500,-0.11294413239944655,1.8218977365268227e-05,10.096826289257923,2.099952231050754,1.0420436438257323,,,
R2,Seasonal,0.9887058079523247,0.9996026260858255,0.991230307599296,24,24,24.0,48.0,500,0.0,0.0,27.914986871510926,11.294600136890196,0.5251010262537262,,,
R3,Stationary_AR,0.037518248603110815,0.5300922814302982,0.6350744115666012,None,50,,,500,0.0,0.0,0.0,0.0,5.0,0.5187094534287956,,
R4,Trending_ExponentialGrowth,0.999556744772359,0.3831336577563599,0.36852021553567227,None,24,,,500,,,0.0,0.0,0.9713025986785562,,,
R1,Composite,0.9997932383181387,0.9968056980985294,0.801484503753957,12,12,12.0,24.0,500,-0.21990913877508542,-2.3117083206324184e-05,12.110279603522436,2.599194725093816,0.7348421247338828,,,
R2,Seasonal,0.800096168661073,0.996615636700494,0.819423002526803,12,12,12.0,24.0,500,0.0,0.0,29.73036097722571,7.284553030183765,1.843181643605051,,,
R3,Stationary_WN,0.44350240852229794,0.3104228572401828,0.40444081772871354,None,4,,,500,0.0,0.0,0.0,0.0,12.518519959105257,,,
R4,Trending_ExponentialGrowth,0.999196629531256,0.382400550485135,0.30569875854914497,None,24,,,500,,,0.0,0.0,0.85086445709703,,,
R1,Composite,0.9972075995089977,0.9969822154498541,0.7412380071017369,36,36,36.0,72.0,500,-0.12133698745778361,1.0339528659343748e-05,22.752630085687304,3.4457222935725147,1.3490729530568433,,,
R2,Seasonal,0.9270771450476432,0.9952884206508534,0.942006925414251,36,36,36.0,72.0,500,0.0,0.0,19.694262834064727,10.27084694109352,1.3957729223353168,,,
R3,Stationary_AR,0.11928864058679789,0.5719927087967733,0.586511983616653,None,56,,,500,0.0,0.0,0.0,0.0,5.0,0.5261611329701675,,
R4,Trending_MeanShift,0.9997643883287224,0.9990755694568529,0.0,None,250,,,500,,,0.0,0.0,1.4525927003195118,,250.0,
R1,Composite,0.9981739743042282,0.9954594222284864,0.9193402245887361,48,50,48.0,96.0,500,-0.147699156732802,-1.3182309028137542e-05,20.07819334046748,7.096669608072601,1.4468610334083771,,,
R2,Seasonal,0.9872258339412995,0.9995667231516911,0.9905364199345523,48,50,48.0,96.0,500,0.0,0.0,29.289329682658302,10.35116705650422,0.5765864488795813,,,
R3,Stationary_AR,0.0748361091611055,0.6205379553614483,0.6262386015885612,None,50,,,500,0.0,0.0,0.0,0.0,5.0,0.5511388305501608,,
R4,Trending_RandomWalkDrift,0.9814754782804381,0.7656056784668314,0.0,None,250,,,500,,,0.0,0.0,0.770812088571171,,,0.4784396384006574
R1,Composite,0.9998313872014293,0.9973527994056113,0.9076947125023612,48,50,48.0,96.0,500,-0.34284605073350816,3.052980489393602e-05,17.5578980886474,3.445415421792255,0.82910016400173,,,
R2,Seasonal,0.8151450193245204,0.988698154163916,0.8744068538380176,48,50,48.0,96.0,500,0.0,0.0,18.119651548578098,8.427423077454556,1.91786564458686,,,
R3,Stationary_AR,0.030847719241765326,0.5181580159371115,0.6341967065844811,None,71,,,500,0.0,0.0,0.0,0.0,5.0,0.6041621513334081,,
R4,Trending_MeanShift,0.9998629603253492,0.9994611479562722,0.0,None,250,,,500,,,0.0,0.0,1.237980435103816,,250.0,
R1,Composite,0.9996036680268451,0.9954091865753539,0.9018883566802167,36,36,36.0,72.0,500,-0.22188260375048247,4.431329984199436e-05,11.989879937479177,4.575043117058968,0.8679694769045289,,,
R2,Seasonal,0.9510096447843515,0.9975895972076191,0.9587931190645249,36,36,36.0,72.0,500,0.0,0.0,18.51421465816189,8.246216763267467,1.058881825318807,,,
R3,Stationary_AR,0.23568545461606683,0.4385731265296031,0.5450934682905706,None,17,,,500,0.0,0.0,0.0,0.0,5.0,0.42151491783575,,
R4,Trending_RandomWalkDrift,0.0,0.08902931037595396,0.0,None,167,,,500,,,0.0,0.0,1.3933627316305193,,,-0.23493424429000898
R1,Composite,0.9997751779572648,0.9978271931558426,0.8462943689255507,48,50,48.0,96.0,500,0.35808334890185256,-4.385747705021689e-05,22.856409247061762,2.607912612217777,0.847561825479435,,,
R2,Seasonal,0.886010525719671,0.994014142249978,0.9197824343033747,48,50,48.0,96.0,500,0.0,0.0,18.234917806991625,7.8545794137607965,1.6849355430957005,,,
R3,Stationary_WN,0.3303042019932648,0.2975003688091148,0.3478722319767872,None,6,,,500,0.0,0.0,0.0,0.0,7.142723607448996,,,
R4,Trending_RandomWalkDrift,0.9949554721247625,0.46718214249896683,0.8624339502756349,None,24,,,500,,,0.0,0.0,1.015154501726643,,,-0.16510878370704077
R1,Composite,0.9998713230388524,0.9967056645156347,0.9353728709687086,36,36,36.0,72.0,500,0.38529237398748906,-2.8948961402783354e-05,14.933691493273772,6.124351541861876,0.9709241160297101,,,
R2,Seasonal,0.9890097578308987,0.9993783021940132,0.9908336696277893,36,36,36.0,72.0,500,0.0,0.0,18.566147205057952,9.240035558252703,0.5215521837125098,,,
R3,Stationary_AR,0.06566841819818803,0.6841347496364699,0.6006973824124995,None,125,,,500,0.0,0.0,0.0,0.0,5.0,0.5840576206089976,,
R4,Trending_ExponentialGrowth,0.9989371372742394,0.36445552247411894,0.3586647779180041,None,24,,,500,,,0.0,0.0,1.0930402220045883,,,
R1,Composite,0.9996794921675015,0.995962790768794,0.9569353970745365,48,50,48.0,96.0,500,0.23599888074945827,2.0793872083319058e-05,14.814383918529195,7.459409502618152,0.8714155025519744,,,
R2,Seasonal,0.9639202126775626,0.9990481058583155,0.9750354467907062,48,50,48.0,96.0,500,0.0,0.0,29.994356924837746,9.339638435422277,0.8426375121272691,,,
R3,Stationary_AR,0.1972657546154133,0.4413054013677242,0.6065064728192338,None,24,,,500,0.0,0.0,0.0,0.0,5.0,0.4479745669787147,,
R4,Trending_RandomWalkDrift,0.9977563363944122,0.48792085794097184,0.8701731759311998,None,24,,,500,,,0.0,0.0,1.0993152286082482,,,0.32883146702698873
R1,Composite,0.9997199687504752,0.998609196728986,0.9506368715515667,36,36,36.0,72.0,500,-0.24912777890509372,-4.161141134049246e-05,24.764730020850628,7.544539842184507,1.0274115821907897,,,
R2,Seasonal,0.804125012593127,0.9977110452413942,0.8703701793534216,36,36,36.0,72.0,500,0.0,0.0,29.956513558331814,6.54776255680992,1.6307385281219422,,,
R3,Stationary_AR,0.4198254522204934,0.4722004855261176,0.5355224205844443,None,11,,,500,0.0,0.0,0.0,0.0,5.0,0.5292595829990967,,
R4,Trending_RandomWalkDrift,0.998903033721316,0.5290289603974423,0.810603620833659,None,24,,,500,,,0.0,0.0,0.740037396524688,,,-0.2801880262467107
R1,Composite,0.9967088343554947,0.9900465684474099,0.8307300603482406,48,50,48.0,96.0,500,-0.12465969841176208,4.961631549785221e-05,11.92310335148591,3.6144376840567665,1.2264717625152421,,,
R2,Seasonal,0.9285236908359031,0.9956955126180193,0.9487898437737808,48,50,48.0,96.0,500,0.0,0.0,26.098445797915666,11.943492976343823,1.7548336460103848,,,
R3,Stationary_AR,0.4960042235057177,0.613511901694877,0.7262776713053611,None,20,,,500,0.0,0.0,0.0,0.0,5.0,0.6868163910575541,,
R4,Trending_MeanShift,0.9999602120315184,0.9998411708888966,0.0,None,250,,,500,,,0.0,0.0,1.27027751322534,,250.0,
R1,Composite,0.9997889534673707,0.9967778514395275,0.8471014205630222,36,36,36.0,72.0,500,-0.36834882511435263,4.5157924185100005e-05,17.968085305785053,4.3911166626234355,1.2218310060764441,,,
R2,Seasonal,0.9822959720371335,0.9992503955542209,0.9854544478508612,36,36,36.0,72.0,500,0.0,0.0,24.907317810122727,10.738066361948743,0.8041326016930714,,,
R3,Stationary_AR,0.3913888574935277,0.4046495374802702,0.5486612182318518,None,13,,,500,0.0,0.0,0.0,0.0,5.0,0.5421706750445563,,
R4,Trending_ExponentialGrowth,0.9963428279433297,0.3456780686784182,0.42202113264484753,None,24,,,500,,,0.0,0.0,0.9528008387894931,,,
R1,Composite,0.9998836293122317,0.9921441258700611,0.9546854362551671,12,12,12.0,24.0,500,0.345435942495087,1.3554517452498282e-05,8.572986970800512,7.059907940994615,0.7791694654022275,,,
R2,Seasonal,0.9519956637253066,0.9966507732967782,0.9491743081001339,12,12,12.0,24.0,500,0.0,0.0,17.332698112176136,8.784428162694276,1.0459855356162076,,,
R3,Stationary_WN,0.4454824666526792,0.22292447712140573,0.3222661094839111,None,3,,,500,0.0,0.0,0.0,0.0,9.350968758668879,,,
R4,Trending_ExponentialGrowth,0.995265675590716,0.418503578413011,0.34405582185846306,None,24,,,500,,,0.0,0.0,1.4321490530811363,,,
R1,Composite,0.9987227008211319,0.9950852967060106,0.7610385010238784,48,50,48.0,96.0,500,0.16608622388395788,3.493764072496371e-05,19.745918591737688,2.859789356148921,1.3860585257624005,,,
R2,Seasonal,0.9136888249175547,0.9911525580358554,0.9369117323565677,48,50,48.0,96.0,500,0.0,0.0,15.282878260973884,9.102335595208318,1.493381732827276,,,
R3,Stationary_WN,0.36904282307147585,0.2926039610978084,0.2947428067079907,None,4,,,500,0.0,0.0,0.0,0.0,14.932985509847441,,,
R4,Trending_RandomWalkDrift,0.9997085962089111,0.7479898219611132,0.9053602422944353,None,24,,,500,,,0.0,0.0,1.2982692151401518,,,0.4277317562687939
R1,Composite,0.9998582204952255,0.9903149063135137,0.9193719354237381,36,36,36.0,72.0,500,0.36584813601775545,-4.7396058146275783e-05,8.350623852719739,5.19754735706003,0.9101718315596675,,,
R2,Seasonal,0.9604498394387182,0.9989004535742734,0.9681795931551033,36,36,36.0,72.0,500,0.0,0.0,23.20099250618994,8.03607777841696,0.7520661566988684,,,
R3,Stationary_AR,0.14595651057804393,0.49955374921556883,0.6286592067468515,None,38,,,500,0.0,0.0,0.0,0.0,5.0,0.5736921535217235,,
R4,Trending_ExponentialGrowth,0.9926317068433714,0.3775131464656052,0.3171641742721686,None,24,,,500,,,0.0,0.0,0.7453148387556257,,,
R1,Composite,0.9997439941765821,0.9792429282983363,0.8171605092868895,36,36,36.0,72.0,500,0.3792914931134549,2.6459297910948262e-05,8.628383926347103,4.725527681702166,1.2512598680592522,,,
R2,Seasonal,0.9065312120272672,0.9966938909050446,0.9244852476477928,36,36,36.0,72.0,500,0.0,0.0,26.868253492927444,10.338121404037167,1.546804442881002,,,
R3,Stationary_AR,0.17760286059903185,0.5183675067692319,0.5413757828361649,None,26,,,500,0.0,0.0,0.0,0.0,5.0,0.4832164312214518,,
R4,Trending_MeanShift,0.9999364225747942,0.9997450116790543,0.0,None,250,,,500,,,0.0,0.0,1.0040775553664658,,250.0,
R1,Composite,0.9990486264417059,0.9977248180487379,0.8939777612571427,12,12,12.0,24.0,500,0.17341499006062905,3.5286396271741916e-05,24.852018375823622,6.869522886971136,1.361344182264371,,,
R2,Seasonal,0.941391505025237,0.9972726950560348,0.9381838408161972,12,12,12.0,24.0,500,0.0,0.0,15.085620229146668,6.030284752958369,0.8279590704714419,,,
R3,Stationary_AR,0.22207485246435255,0.555277445245584,0.6153200436836255,None,22,,,500,0.0,0.0,0.0,0.0,5.0,0.4238372484826684,,
R4,Trending_RandomWalkDrift,0.9989086621429084,0.6928999087828207,0.8564230643692607,None,24,,,500,,,0.0,0.0,0.8216431452039513,,,-0.20425450009398052
R1,Composite,0.9993773515841327,0.996881968541957,0.8390276373881433,36,36,36.0,72.0,500,0.1589424520134894,-3.1108249774615095e-05,12.996570020080933,2.8847180245197928,0.7223185851434238,,,
R2,Seasonal,0.9526517846028757,0.9899099633524632,0.9609142551378625,36,36,36.0,72.0,500,0.0,0.0,11.833877505277998,11.0894105555487,1.3846428003818172,,,
R3,Stationary_AR,0.47123465959275446,0.4765447774978717,0.5476939403869163,None,16,,,500,0.0,0.0,0.0,0.0,5.0,0.5749412619330776,,
R4,Trending_RandomWalkDrift,0.998583602447566,0.6202926336305372,0.9218932507290267,None,24,,,500,,,0.0,0.0,0.8724657561562957,,,-0.2812952451885705
R1,Composite,0.9984468476030712,0.9944599580728066,0.9266455217952397,48,50,48.0,96.0,500,0.16377605379388824,-3.1916106890835366e-05,16.923292361739044,7.2464607056377845,1.288406761836722,,,
R2,Seasonal,0.9031031736300993,0.9907961021112222,0.9264805390876822,48,50,48.0,96.0,500,0.0,0.0,14.679829742085824,8.225950819998634,1.3886263896209239,,,
R3,Stationary_WN,0.500561540913901,0.20137148812254124,0.25904174310125727,None,2,,,500,0.0,0.0,0.0,0.0,8.9824553474449,,,
R4,Trending_ExponentialGrowth,0.9986894439166439,0.3573205534206587,0.33391770701062784,None,24,,,500,,,0.0,0.0,1.3439332802395438,,,
R1,Composite,0.9996967435604303,0.9974228396493304,0.9327428944398409,12,12,12.0,24.0,500,-0.31861395679208093,4.7401003879033144e-05,20.679042870547015,7.63952940017552,1.0543986081732548,,,
R2,Seasonal,0.9377023034634998,0.9989127851814876,0.9345448096907776,12,12,12.0,24.0,500,0.0,0.0,29.994404475101632,7.23196975460019,1.0429476695944215,,,
R3,Stationary_AR,0.06074102590195507,0.580668450809906,0.5483930132571646,None,83,,,500,0.0,0.0,0.0,0.0,5.0,0.4018838584523585,,
R4,Trending_RandomWalkDrift,0.9970033823650853,0.5274863328197921,0.8970576791729553,None,24,,,500,,,0.0,0.0,1.281033531187128,,,0.37259114585582365
R1,Composite,0.9987908430355079,0.9854487984496578,0.8925701628030399,36,36,36.0,72.0,500,0.20677792688098806,-4.5441204459683905e-05,10.774915410352303,6.7902770856063634,1.2801665342953443,,,
R2,Seasonal,0.7235327719465332,0.9954850819529739,0.8114026382536683,36,36,36.0,72.0,500,0.0,0.0,25.288667800093716,5.844971195730835,1.8294010713529252,,,
R3,Stationary_AR,0.2954892504217902,0.48217228959402547,0.6013933093922414,None,16,,,500,0.0,0.0,0.0,0.0,5.0,0.5069017933841015,,
R4,Trending_ExponentialGrowth,0.9966955965308762,0.40726009599701507,0.3481762855631819,None,24,,,500,,,0.0,0.0,1.3999229654301262,,,
R1,Composite,0.9987508759359398,0.991107730514163,0.9110393186404175,36,36,36.0,72.0,500,0.10925889958359881,1.2358795698114215e-05,8.76163278927818,4.9644114592859765,0.8765257104954781,,,
R2,Seasonal,0.6165728126836003,0.9771905672420069,0.7499977622836497,36,36,36.0,72.0,500,0.0,0.0,10.6351426710993,4.6351930536023,1.5266830234888737,,,
R3,Stationary_WN,0.32694127069634826,0.25536847541189234,0.3183666593595986,None,4,,,500,0.0,0.0,0.0,0.0,12.896626911619236,,,
R4,Trending_MeanShift,0.9999881804685623,0.9999528783182599,0.3034970172924787,None,250,,,500,,,0.0,0.0,0.6685405039886463,,250.0,
R1,Composite,0.999450790177903,0.991771730556571,0.9163778903041513,24,24,24.0,48.0,500,0.21889670282470022,-3.085259849790817e-05,10.466320159319729,5.894364442234324,1.060298843006985,,,
R2,Seasonal,0.9533968861330191,0.998202345080958,0.9644184706554494,24,24,24.0,48.0,500,0.0,0.0,14.344739066750485,5.896872355680442,0.6361161876139483,,,
R3,Stationary_WN,0.02207299589037448,0.33035541853261874,0.2851288849928869,None,50,,,500,0.0,0.0,0.0,0.0,13.735083160873412,,,
R4,Trending_MeanShift,0.999965313478177,0.9998614677060366,0.0,None,250,,,500,,,0.0,0.0,0.860213037444181,,250.0,
R1,Composite,0.9998900525248675,0.9972223076822735,0.9666085589873679,48,50,48.0,96.0,500,0.3584506613517263,3.781905390965126e-05,15.853005246043821,7.624664587831059,0.903722776220378,,,
R2,Seasonal,0.9701304035563894,0.9966688176955953,0.9760150195778136,48,50,48.0,96.0,500,0.0,0.0,13.847943704408646,8.70284843232248,0.8826118308596049,,,
R3,Stationary_AR,0.012960041865498484,0.8196506271803077,0.7694153453467104,None,125,,,500,0.0,0.0,0.0,0.0,5.0,0.6492849158264182,,
R4,Trending_ExponentialGrowth,0.9884286387403175,0.3559113092348547,0.3364949505625524,None,24,,,500,,,0.0,0.0,1.2455590069925357,,,
R1,Composite,0.999866906586741,0.9976548898797469,0.9419542809193553,48,50,48.0,96.0,500,-0.3053799332334658,4.910190996251109e-05,14.011150106459064,4.061867250100427,0.7337180581327676,,,
R2,Seasonal,0.9646645105439584,0.9988606051532531,0.9740652821046197,48,50,48.0,96.0,500,0.0,0.0,26.179223637924608,8.807981483181225,0.8588908041587695,,,
R3,Stationary_AR,0.3799134671811366,0.5020106473123792,0.675963803090911,None,14,,,500,0.0,0.0,0.0,0.0,5.0,0.6341593895094334,,
R4,Trending_MeanShift,0.9866770290951026,0.916339752430821,0.0,None,250,,,500,,,0.0,0.0,0.6589406552914011,,250.0,
R1,Composite,0.9995542251054478,0.9895932117988393,0.8714651586559344,12,12,12.0,24.0,500,-0.3381347421763967,2.7894101088691055e-05,13.47888355634678,7.1151821165535125,1.4281864848565473,,,
R2,Seasonal,0.9714021232597783,0.9987002128061993,0.968545981173626,12,12,12.0,24.0,500,0.0,0.0,24.418662156438398,9.799687975868427,0.9366565140699441,,,
R3,Stationary_AR,0.2834833755914673,0.4232081269422491,0.553414981127727,None,25,,,500,0.0,0.0,0.0,0.0,5.0,0.49231409139905236,,
R4,Trending_MeanShift,0.9999214734215307,0.9996777506405283,0.0,None,250,,,500,,,0.0,0.0,1.3839583835378408,,250.0,
R1,Composite,0.9997347123695838,0.995963139425152,0.6485645891065457,36,36,36.0,72.0,500,-0.3308637608758655,-4.2466341196049674e-05,18.343107566348003,2.134337554805957,1.1069983439993538,,,
R2,Seasonal,0.9367623341187326,0.9992755453138487,0.9492385743256324,36,36,36.0,72.0,500,0.0,0.0,28.81816012248004,6.243331313123272,0.7980783786970567,,,
R3,Stationary_AR,0.058997419643713744,0.6972640767040343,0.4973313658295886,None,167,,,500,0.0,0.0,0.0,0.0,5.0,0.4545230791431138,,
R4,Trending_ExponentialGrowth,0.9993206931407942,0.39658573732817526,0.4300741069149532,None,24,,,500,,,0.0,0.0,0.8193659690532658,,,
R1,Composite,0.9995497365851448,0.9983073707981613,0.9596273028402773,24,24,24.0,48.0,500,-0.11892894167046711,-1.929142607705883e-05,13.387040710929998,4.982650280811777,0.584875338936785,,,
R2,Seasonal,0.5779599410171297,0.9961908504955512,0.7348431864426911,24,24,24.0,48.0,500,0.0,0.0,27.571568033029266,4.673689944527858,1.9544015800837002,,,
R3,Stationary_AR,0.05718844939783374,0.9028738335364921,0.0,None,250,,,500,0.0,0.0,0.0,0.0,5.0,0.6282784883502331,,
R4,Trending_RandomWalkDrift,0.9995592558738207,0.6574556686310051,0.9190946136739517,None,24,,,500,,,0.0,0.0,0.5343996010495865,,,-0.36069555013527
R1,Composite,0.9995725181495246,0.9952511155072391,0.8726313475441565,24,24,24.0,48.0,500,-0.3222476665809842,-1.9146964075374548e-05,19.957606835423093,6.545297029610872,1.495106905165125,,,
R2,Seasonal,0.8466568191695465,0.9970880451295036,0.8851929465478805,24,24,24.0,48.0,500,0.0,0.0,25.17674578346181,6.888855452438293,1.5441619556853672,,,
R3,Stationary_AR,0.3539879738712438,0.4699213465256863,0.5734044049616382,None,17,,,500,0.0,0.0,0.0,0.0,5.0,0.489257668923898,,
R4,Trending_MeanShift,0.9996949987107822,0.9987728615460957,0.0,None,250,,,500,,,0.0,0.0,1.438809942563825,,250.0,
R1,Composite,0.9997859746623172,0.999124233323231,0.9820355554738365,48,50,48.0,96.0,500,-0.20654210023605615,-1.8047170843462497e-05,22.00177698535915,7.929388515690265,0.698266317858131,,,
R2,Seasonal,0.468108895352389,0.9939772147784721,0.81846100152775,48,50,48.0,96.0,500,0.0,0.0,26.455654398496282,4.601991448884494,1.6318742985418786,,,
R3,Stationary_AR,0.29258353979333596,0.6300907400346956,0.7739618776385836,None,36,,,500,0.0,0.0,0.0,0.0,5.0,0.6866694784360332,,
R4,Trending_ExponentialGrowth,0.9997295453457687,0.44958253491545186,0.4320215773127659,None,24,,,500,,,0.0,0.0,0.5399422479144235,,,
R1,Composite,0.9999318261629323,0.9988010316986237,0.915256386920773,24,24,24.0,48.0,500,0.2976278814257887,-2.718573324044326e-05,13.698921332658927,2.914941552379252,0.5491941168169142,,,
R2,Seasonal,0.9281097378669106,0.9995158147131323,0.9458372002107968,24,24,24.0,48.0,500,0.0,0.0,26.799780431751536,4.512786701003548,0.7234308708285961,,,
R3,Stationary_AR,0.22209307978079673,0.5761867942220393,0.6573044824524064,None,29,,,500,0.0,0.0,0.0,0.0,5.0,0.6690153609267075,,
R4,Trending_RandomWalkDrift,0.9849430391453701,0.7734954383038704,0.2953760896969039,None,167,,,500,,,0.0,0.0,0.7400948972531788,,,0.47723165744051077
R1,Composite,0.9994759267498204,0.9971077629296392,0.9455113809395462,24,24,24.0,48.0,500,0.18983197774583419,-2.7707515329170657e-05,15.149849560222389,6.266268788294714,0.9598621829753229,,,
R2,Seasonal,0.8255890805157716,0.9901993224898941,0.8673730099164111,24,24,24.0,48.0,500,0.0,0.0,17.801484159490503,8.090284749472168,1.9501251781720987,,,
R3,Stationary_WN,0.4651324549288228,0.2797015932797592,0.36479118633379926,None,3,,,500,0.0,0.0,0.0,0.0,14.281049153459454,,,
R4,Trending_RandomWalkDrift,0.7929136725296133,0.3755039457060174,0.0,None,250,,,500,,,0.0,0.0,1.4961965798205656,,,-0.33919027453337314
R1,Composite,0.9994841776613331,0.9828125268106463,0.8166005940719008,24,24,24.0,48.0,500,-0.33804207320585267,4.2975394869936724e-05,10.685298807209227,5.18962469727836,1.468497356955578,,,
R2,Seasonal,0.8694042379833438,0.9967148922660098,0.9039288854993298,24,24,24.0,48.0,500,0.0,0.0,27.471378444378615,8.659077895423906,1.8149639673495663,,,
R3,Stationary_WN,0.5515376958980549,0.13672894266005664,0.16928311505551785,None,2,,,500,0.0,0.0,0.0,0.0,11.68070572235155,,,
R4,Trending_RandomWalkDrift,0.9998159902195002,0.6889166655389243,0.8247563416502305,None,24,,,500,,,0.0,0.0,1.2344235570347633,,,-0.42292652222108584
R1,Composite,0.9996190847516688,0.9928773257838005,0.8925813034005617,36,36,36.0,72.0,500,0.2831072355967258,4.3454199752099546e-05,14.372938445731057,6.298903114196887,1.2496970291638783,,,
R2,Seasonal,0.7931663918806143,0.99654678466544,0.8428734289578641,36,36,36.0,72.0,500,0.0,0.0,20.926622502187424,5.156112739095392,1.179247035892721,,,
R3,Stationary_WN,0.29823592027547907,0.35244676345973824,0.2577074125254968,None,5,,,500,0.0,0.0,0.0,0.0,9.573193793738895,,,
R4,Trending_ExponentialGrowth,0.97575510434153,0.339468648745034,0.21302752715049922,None,24,,,500,,,0.0,0.0,1.4917876412089774,,,
R1,Composite,0.9987577096565062,0.9959878347260687,0.8831110233306184,24,24,24.0,48.0,500,-0.18241269533540583,-2.933286997422879e-05,21.836709846567302,6.950296767758752,1.4571156822163691,,,
R2,Seasonal,0.9107787592274869,0.9945858488198072,0.9312958752453926,24,24,24.0,48.0,500,0.0,0.0,20.876400085822507,10.460510838381001,1.9353444060730491,,,
R3,Stationary_WN,0.3311866236662192,0.2586469283942695,0.30840776526162794,None,4,,,500,0.0,0.0,0.0,0.0,14.510017364740316,,,
R4,Trending_MeanShift,0.9999538330351293,0.9998145502090465,0.29683975307452526,None,250,,,500,,,0.0,0.0,1.359145113418324,,250.0,
R1,Composite,0.9998444836072365,0.9993680823227539,0.9808634840490715,36,36,36.0,72.0,500,0.2117784717997811,2.819923629375025e-05,22.823788397865876,7.772943787383954,0.5693845886032748,,,
R2,Seasonal,0.615257416037456,0.9948828835605039,0.7669729160160352,36,36,36.0,72.0,500,0.0,0.0,27.833371792660603,6.12607724679552,1.9352920045007727,,,
R3,Stationary_AR,0.2929989242885288,0.6073027893610182,0.6130074022314034,None,33,,,500,0.0,0.0,0.0,0.0,5.0,0.6069905895909102,,
R4,Trending_RandomWalkDrift,0.9998736919086794,0.6104804432054827,0.8455233011402538,None,24,,,500,,,0.0,0.0,1.1145046432682533,,,0.4832818279103632
R1,Composite,0.9975245683677925,0.9964121440293264,0.7964730658792394,48,50,48.0,96.0,500,-0.12962436330062765,4.5515516780567436e-05,18.62826518218723,2.214167376751689,0.8823194490011064,,,
R2,Seasonal,0.942666350516793,0.9978857904824406,0.9607193679982767,48,50,48.0,96.0,500,0.0,0.0,12.651647348638795,4.6430998269911425,0.6068690672064654,,,
R3,Stationary_WN,0.5279355218336899,0.15531717396312894,0.20893718392238603,None,2,,,500,0.0,0.0,0.0,0.0,6.828885551321643,,,
R4,Trending_RandomWalkDrift,0.9993447094481971,0.6089985745983981,0.8921924144886606,None,24,,,500,,,0.0,0.0,1.4562136208087635,,,0.33846192880149883
R1,Composite,0.999465506723721,0.9984773018149352,0.9578822620881317,48,50,48.0,96.0,500,-0.15883430286489347,-3.810601269939155e-05,21.908980931686447,6.328568565997398,0.9119817662424102,,,
R2,Seasonal,0.7704961349738162,0.9944389585273923,0.8512740330561257,48,50,48.0,96.0,500,0.0,0.0,17.784880724658343,4.7316744929580326,1.3393394926855675,,,
R3,Stationary_WN,0.257233700892352,0.22146056710110873,0.23942745428022483,None,6,,,500,0.0,0.0,0.0,0.0,13.71895378677376,,,
R4,Trending_ExponentialGrowth,0.9995815338821128,0.42448607713611797,0.3708374724464909,None,24,,,500,,,0.0,0.0,0.5361162734550595,,,
R1,Composite,0.9998322678206452,0.9959986682141619,0.8586171764089483,48,50,48.0,96.0,500,0.30035721404301374,1.7101900364338178e-05,13.451830577685222,2.7819532177225863,0.8895684822526301,,,
R2,Seasonal,0.6051796775866161,0.9955773405130682,0.8549191234132226,48,50,48.0,96.0,500,0.0,0.0,26.953619742868874,4.9955960243155095,1.5134829293350267,,,
R3,Stationary_AR,0.11265261217442968,0.5037768252508001,0.5818683889421497,None,33,,,500,0.0,0.0,0.0,0.0,5.0,0.552480138863207,,
R4,Trending_MeanShift,0.9995898541497336,0.9983809106995788,0.0,None,250,,,500,,,0.0,0.0,1.2465941360413413,,250.0,
R1,Composite,0.9998199579474792,0.9958699373798915,0.8611032475112695,36,36,36.0,72.0,500,0.3751025427414969,-1.0097965600132303e-05,15.577017684510476,4.534732196462243,1.1431095316937778,,,
R2,Seasonal,0.7490964427976299,0.9945015681882241,0.8267384317495964,36,36,36.0,72.0,500,0.0,0.0,17.454573164671302,5.057213301507488,1.4206561745531232,,,
R3,Stationary_WN,0.4111031850411826,0.21601204681100394,0.35504588161967754,None,3,,,500,0.0,0.0,0.0,0.0,14.871489312374202,,,
R4,Trending_RandomWalkDrift,0.9991658204760233,0.8179219291261738,0.8670995425387713,None,62,,,500,,,0.0,0.0,1.0768887149802098,,,-0.3003771244221116
R1,Composite,0.9993562697935222,0.9961877911405683,0.923836812335979,24,24,24.0,48.0,500,0.2232767308584004,-4.676512361910409e-05,16.3752467112606,6.649374982534178,1.0986983002598056,,,
R2,Seasonal,0.9215429765036636,0.9853272871072938,0.9404789871893913,24,24,24.0,48.0,500,0.0,0.0,10.331682202973083,9.500460350371002,1.4633987551248213,,,
R3,Stationary_WN,0.29710018714281916,0.358481004794153,0.3033172712389096,None,6,,,500,0.0,0.0,0.0,0.0,7.2049743887114515,,,
R4,Trending_RandomWalkDrift,0.9997346139104025,0.714383616025787,0.9013595602707729,None,24,,,500,,,0.0,0.0,0.8411192230514496,,,0.32748959817034834
R1,Composite,0.9987614914694887,0.9979201442570984,0.8525498637959299,12,12,12.0,24.0,500,-0.17609308608585927,4.153502069864019e-05,24.653992196935427,5.021154764617462,1.13413448774633,,,
R2,Seasonal,0.9891794508396161,0.998978277936276,0.9877616039912503,12,12,12.0,24.0,500,0.0,0.0,19.072620137624376,11.153748184428785,0.5074953822063134,,,
R3,Stationary_WN,0.07113447521796912,0.4898307608102672,0.43660083600342947,None,56,,,500,0.0,0.0,0.0,0.0,7.792351154045392,,,
R4,Trending_MeanShift,0.9999543986205458,0.999817381082284,0.0,None,250,,,500,,,0.0,0.0,0.5924813625556217,,250.0,
R1,Composite,0.9999376074629366,0.9980271822871668,0.9725725271761061,48,50,48.0,96.0,500,-0.3980415439824383,-2.4509488410456757e-05,15.170205503983652,6.659261349894497,0.7029376738265446,,,
R2,Seasonal,0.9716385508922013,0.9992733349066871,0.9804462718740206,48,50,48.0,96.0,500,0.0,0.0,27.889456384464538,8.493367721610642,0.7232295716046121,,,
R3,Stationary_AR,0.009810067921454002,0.3575888825245117,0.0,None,167,,,500,0.0,0.0,0.0,0.0,5.0,0.40205798176058116,,
R4,Trending_MeanShift,0.9999255561186511,0.9997042298690975,0.0,None,250,,,500,,,0.0,0.0,1.245987000189684,,250.0,
R1,Composite,0.9998878857555734,0.9920482576104985,0.9596860061706006,36,36,36.0,72.0,500,-0.3115760678080304,-4.972782664293383e-05,8.079149417492186,6.794001646027551,0.738134248867096,,,
R2,Seasonal,0.9124195303836136,0.9932865014282273,0.9317271281386722,36,36,36.0,72.0,500,0.0,0.0,17.395557389554952,9.824497031012715,1.4630426302458348,,,
R3,Stationary_WN,0.016987559643383277,0.4800868381547928,0.2918391668277852,None,38,,,500,0.0,0.0,0.0,0.0,13.984991029860339,,,
R4,Trending_RandomWalkDrift,0.9990403494630542,0.5907263049204623,0.8644363461916883,None,24,,,500,,,0.0,0.0,0.7792661052235821,,,-0.1606210541100134
R1,Composite,0.9996619252077693,0.9870663079949644,0.8230091224098742,36,36,36.0,72.0,500,-0.27196526713509916,-1.1369004975000002e-05,8.974842860418109,4.045492942883943,1.0662647629651687,,,
R2,Seasonal,0.9619489221871663,0.9993951142180147,0.9689767050977188,36,36,36.0,72.0,500,0.0,0.0,29.64649260621134,7.891291960263607,0.7996429064620039,,,
R3,Stationary_WN,0.22405121689771323,0.42815053919995427,0.33653613143679895,None,8,,,500,0.0,0.0,0.0,0.0,8.111120451468377,,,
R4,Trending_MeanShift,0.9998999519875507,0.9995945826167362,0.0,None,250,,,500,,,0.0,0.0,0.9685795682015411,,250.0,
R1,Composite,0.9980890620993612,0.9927883037080886,0.814375951688562,12,12,12.0,24.0,500,0.14179339328648594,1.8257807451172786e-05,15.78989295978488,5.268817333876612,1.3030301703757143,,,
R2,Seasonal,0.9471801404300546,0.9978300887378363,0.9437882050702763,12,12,12.0,24.0,500,0.0,0.0,22.741745951769595,8.700407980500607,1.1081644385352438,,,
R3,Stationary_AR,0.22311820131496407,0.5945642405630092,0.6477913685046508,None,38,,,500,0.0,0.0,0.0,0.0,5.0,0.5602573880165531,,
R4,Trending_ExponentialGrowth,0.9889209561229487,0.42998591730029523,0.37949187102011583,None,24,,,500,,,0.0,0.0,1.230586086218188,,,
R1,Composite,0.9998917691196604,0.9986955701054165,0.9740274904246077,24,24,24.0,48.0,500,-0.3404413620437772,4.26856808204194e-05,18.434369516755666,7.792646302461914,0.7434678581693025,,,
R2,Seasonal,0.9529629207707543,0.9975654807335347,0.9637183323605991,24,24,24.0,48.0,500,0.0,0.0,23.370591236727858,11.207157279057952,1.2396457481716812,,,
R3,Stationary_WN,0.5338525818515534,0.07339275359383612,0.26513776876220174,None,2,,,500,0.0,0.0,0.0,0.0,13.338268350522403,,,
R4,Trending_ExponentialGrowth,0.9997358976507201,0.39070476597488546,0.3968300835195604,None,24,,,500,,,0.0,0.0,0.5641799260072639,,,
R1,Composite,0.9987061265846636,0.9949707298187584,0.924740480209028,48,50,48.0,96.0,500,-0.1172278990676805,-4.848111035933838e-05,14.673394292911604,6.026174936314467,1.0568279132953715,,,
R2,Seasonal,0.99222975803266,0.9991631201569035,0.9937073841993388,48,50,48.0,96.0,500,0.0,0.0,19.034426907283887,11.9182691714412,0.5767616482517672,,,
R3,Stationary_AR,0.04703757870113856,0.5106573966908479,0.6115600578342447,None,62,,,500,0.0,0.0,0.0,0.0,5.0,0.5914505758907053,,
R4,Trending_MeanShift,0.9999541524181991,0.9998192212789165,0.0,None,250,,,500,,,0.0,0.0,0.5617813955472383,,250.0,
R1,Composite,0.9992970021485086,0.9921194718412477,0.8335925391255874,12,12,12.0,24.0,500,0.2723895747908673,-4.090092898902531e-05,15.189904494256695,5.799923286069062,1.3815212858332906,,,
R2,Seasonal,0.8431233621560977,0.9919736621160361,0.8510856004719173,12,12,12.0,24.0,500,0.0,0.0,11.402698710849386,4.747107655392686,1.06207738395217,,,
R3,Stationary_WN,0.4729434552588698,0.11772383892904348,0.16576404996438132,None,2,,,500,0.0,0.0,0.0,0.0,13.644845879877245,,,
R4,Trending_ExponentialGrowth,0.9997141258593194,0.35032763258804867,0.3487768500538321,None,24,,,500,,,0.0,0.0,0.5528839637576322,,,
R1,Composite,0.9996575942396436,0.9912946323068236,0.7498288878246093,12,12,12.0,24.0,500,-0.3842992938176777,2.5145142532681727e-05,14.8304860631895,4.41521177670018,1.4332310914373787,,,
R2,Seasonal,0.9648340310914443,0.9985798279847764,0.9597285228376264,12,12,12.0,24.0,500,0.0,0.0,17.151816752242908,6.334303382599385,0.6536415067208825,,,
R3,Stationary_AR,0.2373484269828332,0.5092369986332808,0.5468522855189276,None,38,,,500,0.0,0.0,0.0,0.0,5.0,0.5254682416108242,,
R4,Trending_MeanShift,0.9999494948981211,0.9997981407633482,0.025031448119855804,None,250,,,500,,,0.0,0.0,1.325070162666151,,250.0,
R1,Composite,0.9985060682256498,0.9856500591076467,0.575434424061685,36,36,36.0,72.0,500,-0.16487077081692525,-1.274967495095154e-05,11.134370501036127,2.143267033509037,1.3661798945565518,,,
R2,Seasonal,0.9247481441495647,0.9983668097027003,0.9406151479245412,36,36,36.0,72.0,500,0.0,0.0,26.76573037535224,8.056158608648893,1.116332123677378,,,
R3,Stationary_WN,0.1293613554776346,0.3442512642221517,0.25229495955451886,None,10,,,500,0.0,0.0,0.0,0.0,9.53201810967882,,,
R4,Trending_RandomWalkDrift,0.959830619539114,0.7929239557365273,0.0,None,250,,,500,,,0.0,0.0,1.3752501560616381,,,0.1909552069956717
R1,Composite,0.9994413756695435,0.9959446858981742,0.9428919132222151,48,50,48.0,96.0,500,0.2622656875303354,-4.9887256743847474e-05,18.983321154578054,7.992859783238333,1.1993893530340243,,,
R2,Seasonal,0.9621503733868303,0.9981641907499537,0.9728579282332476,48,50,48.0,96.0,500,0.0,0.0,22.24776421084492,9.330805136613659,0.9899706676757116,,,
R3,Stationary_AR,0.3502998203609269,0.4526353953372585,0.4902810062772007,None,10,,,500,0.0,0.0,0.0,0.0,5.0,0.47658493192419504,,
R4,Trending_RandomWalkDrift,0.9989461362439138,0.7088143343235445,0.8911961835451004,None,24,,,500,,,0.0,0.0,1.0659390127741473,,,0.14458421775785066
R1,Composite,0.9985704561081389,0.9977500684418693,0.9305675899190361,36,36,36.0,72.0,500,0.14893004799986148,-1.9690572403715202e-05,22.664349831206714,7.1282265968566705,1.3958505665820053,,,
R2,Seasonal,0.9756112515705712,0.9984393653938893,0.9802060518721492,36,36,36.0,72.0,500,0.0,0.0,15.80710567784276,8.378834858119824,0.6995516281638134,,,
R3,Stationary_AR,0.16518530985092272,0.6410045027086857,0.678821343558556,None,28,,,500,0.0,0.0,0.0,0.0,5.0,0.6011765495532619,,
R4,Trending_MeanShift,0.9998618983971458,0.999447193104045,0.0,None,250,,,500,,,0.0,0.0,1.1705924317633971,,250.0,
R1,Composite,0.9998596230876434,0.9989629304043345,0.9462002736215303,36,36,36.0,72.0,500,0.2245623146303532,-1.1458540029245957e-05,16.372081762790216,4.116014716863019,0.5163487450966627,,,
R2,Seasonal,0.8715655970888263,0.9938005186727175,0.8982959353475508,36,36,36.0,72.0,500,0.0,0.0,17.27027262117691,7.515690391403947,1.4895469800038539,,,
R3,Stationary_AR,0.07234680572726915,0.6144253251945887,0.6670718142348631,None,50,,,500,0.0,0.0,0.0,0.0,5.0,0.5533009806251421,,
R4,Trending_RandomWalkDrift,0.9996611507118248,0.4778464870971958,0.8071361990848366,None,24,,,500,,,0.0,0.0,1.2338628125004338,,,-0.4407428909714326
R1,Composite,0.9993959997994608,0.998558790151492,0.941439254681725,36,36,36.0,72.0,500,-0.16955171600558028,3.290651393097296e-05,20.345046634409634,5.800350110149452,0.8611728033310986,,,
R2,Seasonal,0.8649073173777277,0.9892369573763097,0.8939267265783115,36,36,36.0,72.0,500,0.0,0.0,17.34363487695739,9.494609917052959,1.876443800318476,,,
R3,Stationary_WN,0.3861586323201901,0.1007323501502303,0.29065887591379713,None,3,,,500,0.0,0.0,0.0,0.0,9.803469525158574,,,
R4,Trending_RandomWalkDrift,0.9996019554945423,0.6794377428596745,0.8803732311861536,None,24,,,500,,,0.0,0.0,0.5770276358514371,,,-0.2765086958237735
R1,Composite,0.9994669152037404,0.9832139700603503,0.8985904949780934,48,50,48.0,96.0,500,-0.2977684079377423,1.8251138880369846e-05,10.504737398467862,6.529478694975898,1.4581678476147997,,,
R2,Seasonal,0.9703340325380929,0.996510626647921,0.9759993180057986,48,50,48.0,96.0,500,0.0,0.0,18.68574964671616,11.982715578105456,1.1289734971203078,,,
R3,Stationary_WN,0.5038448084552767,0.12350180493464291,0.2532394176036842,None,2,,,500,0.0,0.0,0.0,0.0,6.778669398948502,,,
R4,Trending_MeanShift,0.998728580900536,0.9952570124701559,0.0,None,250,,,500,,,0.0,0.0,0.5099583274090974,,250.0,
R1,Composite,0.9998304356074591,0.9980508053786115,0.9329398524793485,48,50,48.0,96.0,500,0.36355057195922647,-2.0336335139856354e-05,22.157907269156834,5.576334249666386,1.1137262468244828,,,
R2,Seasonal,0.922816357122161,0.9962971085736246,0.9432825337095188,48,50,48.0,96.0,500,0.0,0.0,24.839534281278493,10.28630961958076,1.6240043045144843,,,
R3,Stationary_WN,0.4675008160459776,0.2898356883570822,0.27739450594159154,None,3,,,500,0.0,0.0,0.0,0.0,8.700786168305061,,,
R4,Trending_MeanShift,0.9999444647371901,0.9997792393240535,0.23906384087803656,None,250,,,500,,,0.0,0.0,0.8284978844481363,,250.0,
R1,Composite,0.9997925001141208,0.9986825433028045,0.9604752490032236,36,36,36.0,72.0,500,0.2852539007766818,-2.836061694344012e-05,21.84020938526446,7.438009264977468,0.8654634689149587,,,
R2,Seasonal,0.8498477882731394,0.995930103892174,0.8869500986719235,36,36,36.0,72.0,500,0.0,0.0,22.89572013946405,7.3046770538497,1.5710142086276209,,,
R3,Stationary_AR,0.24224095651241362,0.7085126704969186,0.7530041623774208,None,71,,,500,0.0,0.0,0.0,0.0,5.0,0.6972596089275249,,
R4,Trending_RandomWalkDrift,0.0,0.06630627138038425,0.0,None,167,,,500,,,0.0,0.0,0.8414142893784574,,,0.19607288673521542
R1,Composite,0.9994048496220429,0.989238970906832,0.6939767076440231,12,12,12.0,24.0,500,-0.30376847071289914,2.784970236649447e-05,13.83599739228368,3.59898165611935,1.4206750989038106,,,
R2,Seasonal,0.9234168126207022,0.9928692677653963,0.920639165204509,12,12,12.0,24.0,500,0.0,0.0,15.8154485741784,8.86849854866212,1.4585772175174823,,,
R3,Stationary_AR,0.10268878455742436,0.5782192096476816,0.6812159909998141,None,71,,,500,0.0,0.0,0.0,0.0,5.0,0.6835258207827262,,
R4,Trending_ExponentialGrowth,0.9993513480161075,0.4984830787523582,0.35003489889559314,None,24,,,500,,,0.0,0.0,1.063206907897527,,,
R1,Composite,0.9979093929416625,0.9770722473951293,0.8616520039855136,36,36,36.0,72.0,500,0.13266778068657775,4.751980106693875e-05,9.4355609627903,6.158702967662339,1.3805694341279007,,,
R2,Seasonal,0.8974511238572143,0.997713006185191,0.9193739337536496,36,36,36.0,72.0,500,0.0,0.0,25.90307207940888,7.825470290591056,1.2638528286596842,,,
R3,Stationary_WN,0.484835919854424,0.10657707017557694,0.2662672030852592,None,2,,,500,0.0,0.0,0.0,0.0,5.0451245246117455,,,
R4,Trending_MeanShift,0.9995226854996945,0.9980718840273128,0.0,None,250,,,500,,,0.0,0.0,0.9865028741883297,,250.0,
R1,Composite,0.9999450008295306,0.9992506786028131,0.9773986527263278,24,24,24.0,48.0,500,-0.3090065134416826,-1.1563029763526995e-05,17.12697154875141,5.818098344110516,0.5054750195479052,,,
R2,Seasonal,0.7522864069461602,0.9979047180225735,0.818856038196813,24,24,24.0,48.0,500,0.0,0.0,25.056196201014956,4.2755094178973,1.2807460060210338,,,
R3,Stationary_WN,0.5182936078228577,0.15929623355550349,0.2828937818791889,None,2,,,500,0.0,0.0,0.0,0.0,5.997802656260277,,,
R4,Trending_ExponentialGrowth,0.9984729811793777,0.3762694217360648,0.3628134076101668,None,24,,,500,,,0.0,0.0,1.3710131539078008,,,
R1,Composite,0.9995622865829296,0.997443530203114,0.9735543988936997,24,24,24.0,48.0,500,-0.12792781753668336,-3.559294217083665e-05,12.071147531081584,7.049013420782368,0.6416536832430708,,,
R2,Seasonal,0.9665300442246151,0.9988661602332883,0.9744082029966757,24,24,24.0,48.0,500,0.0,0.0,15.390451764065462,5.989105438889215,0.5366116226920516,,,
R3,Stationary_WN,0.2497858680578421,0.2662626209923109,0.25245243055189404,None,5,,,500,0.0,0.0,0.0,0.0,6.789057163483054,,,
R4,Trending_ExponentialGrowth,0.9997841027877299,0.3344057774067476,0.3515999048055093,None,24,,,500,,,0.0,0.0,0.5079424103450123,,,
R1,Composite,0.9996184884064364,0.9955331210313573,0.9488810611649471,12,12,12.0,24.0,500,-0.20599839055546573,-4.385990033245519e-05,13.58435112672221,7.765376046567033,1.0276421399462414,,,
R2,Seasonal,0.9035150179708554,0.9967642238029069,0.9005984493265407,12,12,12.0,24.0,500,0.0,0.0,21.746500209733824,7.305726246527234,1.3770274221831773,,,
R3,Stationary_AR,0.3234517991510354,0.36993711103520177,0.44191418519154635,None,11,,,500,0.0,0.0,0.0,0.0,5.0,0.43015420409464133,,
R4,Trending_RandomWalkDrift,0.9990778344436836,0.7103921493203373,0.9012724457866741,None,24,,,500,,,0.0,0.0,0.5783068037158546,,,-0.317638071838226
R1,Composite,0.998114084501622,0.9797879662134675,0.8092718377134587,48,50,48.0,96.0,500,-0.11764661900581774,-3.1144940601083734e-05,8.324350763910157,3.599005696863298,1.205470535716898,,,
R2,Seasonal,0.7911019897270435,0.9904930546566624,0.8715435776541499,48,50,48.0,96.0,500,0.0,0.0,16.8084638946008,6.5838964674840135,1.5550783076703656,,,
R3,Stationary_AR,0.10505152302748855,0.4611896937992944,0.6567331096039286,None,29,,,500,0.0,0.0,0.0,0.0,5.0,0.5130698810745051,,
R4,Trending_MeanShift,0.9998208994966217,0.9992675339796762,0.0,None,250,,,500,,,0.0,0.0,0.6929352442655947,,250.0,
R1,Composite,0.9997448307430858,0.9932171036643002,0.8049734976805272,48,50,48.0,96.0,500,0.36997556822579436,-4.834269147408882e-05,14.301003134252545,3.2160814370631896,1.0803044834507585,,,
R2,Seasonal,0.9401339890423686,0.999275636261976,0.9654055373712195,48,50,48.0,96.0,500,0.0,0.0,20.766229707135125,4.478216000787237,0.5117172363751978,,,
R3,Stationary_AR,0.28243627708208785,0.5184705139599071,0.5829220696946759,None,22,,,500,0.0,0.0,0.0,0.0,5.0,0.5256011336440319,,
R4,Trending_MeanShift,0.9997907049731327,0.999152848695039,0.0,None,250,,,500,,,0.0,0.0,0.7900100423446521,,250.0,
R1,Composite,0.9982818258671472,0.9889557363838236,0.8811068134604908,48,50,48.0,96.0,500,0.14651961787751233,-3.9370698679089096e-05,10.509226274318712,4.73478958710963,1.1916251296809777,,,
R2,Seasonal,0.7611869568669176,0.993206055107725,0.8528831454435614,48,50,48.0,96.0,500,0.0,0.0,23.557355604025744,7.013719284284474,1.966463263195814,,,
R3,Stationary_AR,0.1797628864261721,0.44789534015879195,0.46425636325739217,None,24,,,500,0.0,0.0,0.0,0.0,5.0,0.4425955646902672,,
R4,Trending_ExponentialGrowth,0.9769600191430029,0.4299027403119293,0.3954474467391854,None,24,,,500,,,0.0,0.0,1.3684145941882844,,,
R1,Composite,0.9989589263844507,0.9968825858387869,0.8138894948661222,36,36,36.0,72.0,500,-0.20968372119824844,1.1897497856120834e-05,24.082893896801668,4.81214130482717,1.379238072703183,,,
R2,Seasonal,0.6763231422061431,0.9937431075159053,0.8035904963493647,36,36,36.0,72.0,500,0.0,0.0,21.020970482928128,5.5639813510806695,1.5673747273875465,,,
R3,Stationary_WN,0.41612748809150035,0.17627798922430626,0.28533915734893334,None,3,,,500,0.0,0.0,0.0,0.0,8.648241744645796,,,
R4,Trending_ExponentialGrowth,0.9995733739472532,0.33033422594322914,0.346207199750722,None,24,,,500,,,0.0,0.0,0.5236626792364888,,,
R1,Composite,0.9998146156916363,0.9994152140170469,0.9778991777546735,12,12,12.0,24.0,500,-0.16197172332035947,-1.8320064130687205e-05,19.892026893945847,6.389788148569209,0.5143417524206415,,,
R2,Seasonal,0.8113784372898876,0.9931548743158718,0.8314257712769778,12,12,12.0,24.0,500,0.0,0.0,20.75479273643077,7.169516810688526,1.8933614458921892,,,
R3,Stationary_WN,0.41584872255847694,0.07376896349446183,0.19884145297722156,None,2,,,500,0.0,0.0,0.0,0.0,7.547016031638024,,,
R4,Trending_ExponentialGrowth,0.9878978791592836,0.40286342858171253,0.3447327897486264,None,24,,,500,,,0.0,0.0,1.109244870715115,,,
R1,Composite,0.999307346434783,0.9878313100210838,0.6530243957303747,48,100,48.0,96.0,500,-0.2442542874472404,3.0267841241465424e-05,8.739918454128722,7.089057916227968,1.1733606523987055,,,
R2,Seasonal,0.706986990635946,0.955068601634386,0.8388103928157633,48,50,48.0,96.0,500,0.0,0.0,10.076505972104162,6.81078049734732,1.9743434260551158,,,
R3,Stationary_AR,0.0,0.33094277422325846,0.0,None,250,,,500,0.0,0.0,0.0,0.0,5.0,0.4409332822912923,,
R4,Trending_RandomWalkDrift,0.9505763330334948,0.3688905848745081,0.0,None,250,,,500,,,0.0,0.0,0.9991544143917951,,,0.37976602646224544
R1,Composite,0.9999360699420855,0.9987277645804141,0.9538886211312236,24,24,24.0,48.0,500,0.39256897037221616,-2.2193610327131874e-05,17.29834517171674,5.219459057004676,0.6951483067838139,,,
R2,Seasonal,0.644462517172811,0.9939113736096441,0.7600023525512838,24,24,24.0,48.0,500,0.0,0.0,23.54637088037162,5.692980285574287,1.6747035507152526,,,
R3,Stationary_WN,0.4137835549653379,0.18772524424377235,0.3322833043942569,None,3,,,500,0.0,0.0,0.0,0.0,7.091893052308803,,,
R4,Trending_RandomWalkDrift,0.9995553601340289,0.6101276074008191,0.8528459700954689,None,24,,,500,,,0.0,0.0,0.5329098705445772,,,0.27074668708134764
R1,Composite,0.9997507382821428,0.9979062466843274,0.9509403211452461,48,50,48.0,96.0,500,0.19492505485240386,3.0356149321642913e-05,15.389262847711707,4.888338459461287,0.7444036754526587,,,
R2,Seasonal,0.907477720605031,0.9871613422010276,0.9262145235189531,48,50,48.0,96.0,500,0.0,0.0,12.216852509956606,8.443776008153105,1.6116125403730968,,,
R3,Stationary_AR,0.17500566072375412,0.3287205342068742,0.4188263147312047,None,14,,,500,0.0,0.0,0.0,0.0,5.0,0.4006522579817243,,
R4,Trending_RandomWalkDrift,0.9987314328970592,0.7259514814424664,0.8822571445297662,None,24,,,500,,,0.0,0.0,1.08308512990989,,,-0.18980867059362272
R1,Composite,0.9975217363318496,0.967738311815918,0.6843151273762649,36,36,36.0,72.0,500,-0.1681211076486548,4.352488241836247e-05,8.119222448928983,3.581472143158166,1.4630892464388645,,,
R2,Seasonal,0.9038899510588759,0.9913084954736369,0.9225960100352323,36,36,36.0,72.0,500,0.0,0.0,19.768719384468596,11.999574283488798,1.9616004691194617,,,
R3,Stationary_AR,0.5173269648937313,0.5793073622115728,0.616644150214565,None,15,,,500,0.0,0.0,0.0,0.0,5.0,0.6656315222863187,,
R4,Trending_RandomWalkDrift,0.9070355227066268,0.6277819524973556,0.0,None,250,,,500,,,0.0,0.0,1.3592879377732934,,,-0.3483050923531908
R1,Composite,0.9995563820074574,0.9987131701972584,0.9769859609695322,24,24,24.0,48.0,500,-0.14743996199899148,1.528291063079511e-05,16.504112271777725,7.246283983463288,0.6177029535206167,,,
R2,Seasonal,0.9215380342692711,0.996757383347932,0.9407441148407034,24,24,24.0,48.0,500,0.0,0.0,26.23485377206894,11.501507071526902,1.62075768138507,,,
R3,Stationary_WN,0.3429955525720789,0.2964189905999296,0.2372018946027612,None,4,,,500,0.0,0.0,0.0,0.0,5.897495795855381,,,
R4,Trending_RandomWalkDrift,0.994910813168606,0.6020718166749492,0.0,None,250,,,500,,,0.0,0.0,0.892171647012061,,,0.42922905378750487
R1,Composite,0.9998942440044518,0.9945011449461177,0.9493726588290952,36,36,36.0,72.0,500,0.39736951491012196,-2.0850045438848348e-05,10.883304477673763,6.534228088371492,0.9239006837642062,,,
R2,Seasonal,0.9009299710984113,0.9981189162309256,0.92198601728768,36,36,36.0,72.0,500,0.0,0.0,27.665055837903793,7.5474220701732735,1.1832430291073988,,,
R3,Stationary_WN,0.4671116791371157,0.11260861060346816,0.26267700040722397,None,2,,,500,0.0,0.0,0.0,0.0,5.446091846105534,,,
R4,Trending_RandomWalkDrift,0.9998059240121452,0.7301777540626226,0.8399135895123079,None,24,,,500,,,0.0,0.0,0.862798490861627,,,-0.41949929179469914
R1,Composite,0.9969328737391413,0.9964110773794107,0.8794188658435718,36,36,36.0,72.0,500,0.1335191798652561,-4.580209584642156e-05,21.020378240472674,6.235673487989007,1.4403362157820525,,,
R2,Seasonal,0.9559607420998931,0.9976632907471437,0.9642094214269823,36,36,36.0,72.0,500,0.0,0.0,24.774470320096263,11.679302397224212,1.2741383862441824,,,
R3,Stationary_AR,0.22137296127708472,0.5484217689276372,0.6592492454651278,None,38,,,500,0.0,0.0,0.0,0.0,5.0,0.5597626521695838,,
R4,Trending_RandomWalkDrift,0.9783291077870612,0.9840887645761259,0.0,None,250,,,500,,,0.0,0.0,1.2972076257052338,,,0.1735927600038846
R1,Composite,0.9998803710895864,0.9982765789131776,0.9496661541762152,12,12,12.0,24.0,500,0.2874119411878484,-3.1967491045348156e-05,14.55935730302949,5.173428961776339,0.6947748626921136,,,
R2,Seasonal,0.9726963909362362,0.9986655561196031,0.9701990887703315,12,12,12.0,24.0,500,0.0,0.0,21.591418510715165,9.063727873803844,0.7912784992949595,,,
R3,Stationary_WN,0.1778734690476591,0.43270107294817983,0.3178521389093555,None,9,,,500,0.0,0.0,0.0,0.0,6.5227524176350915,,,
R4,Trending_ExponentialGrowth,0.9758990485390878,0.3658116941561671,0.4038485159860329,None,24,,,500,,,0.0,0.0,1.355842280058308,,,
R1,Composite,0.9998321983738816,0.9994866408064527,0.9814975301916782,24,24,24.0,48.0,500,-0.23203406401114945,3.5190712470768994e-05,24.73043347485468,7.6847057929413465,0.5542020368106584,,,
R2,Seasonal,0.982569987895793,0.9983092017247156,0.9862136459480625,24,24,24.0,48.0,500,0.0,0.0,12.584674626804775,8.436966458156636,0.5695679841258765,,,
R3,Stationary_AR,0.40243493837859845,0.6287352762458109,0.6690569002921398,None,29,,,500,0.0,0.0,0.0,0.0,5.0,0.6838902651065273,,
R4,Trending_ExponentialGrowth,0.9992628013208149,0.3364903644363315,0.3100967166565233,None,24,,,500,,,0.0,0.0,0.7149761973980265,,,
R1,Composite,0.9995434410146167,0.995902292210156,0.9605966253032037,12,12,12.0,24.0,500,-0.1348765465345845,-2.6456630768415973e-05,10.159109748536524,6.300344559800832,0.7062045514191588,,,
R2,Seasonal,0.9317492532297351,0.9953399924930617,0.9287311829052216,12,12,12.0,24.0,500,0.0,0.0,12.767842528799191,6.283655039811149,0.8566201772723692,,,
R3,Stationary_AR,0.4288247486220157,0.44883765245717056,0.4272666043680594,None,12,,,500,0.0,0.0,0.0,0.0,5.0,0.5870475870081585,,
R4,Trending_ExponentialGrowth,0.9998883923660542,0.6104611880183053,0.6068321465050701,None,24,,,500,,,0.0,0.0,0.5160945991890145,,,
R1,Composite,0.9999020977157763,0.9996233454875744,0.9303612758349136,36,36,36.0,72.0,500,-0.2519805236584518,3.109639334383574e-05,24.613042568686833,3.2522773113971626,0.5064618174959296,,,
R2,Seasonal,0.9142596471264475,0.9969747093522544,0.9331118573739869,36,36,36.0,72.0,500,0.0,0.0,23.533725968541415,8.935850109174428,1.483248732182608,,,
R3,Stationary_WN,0.4417791072169114,0.22530911573514867,0.3334980036049736,None,3,,,500,0.0,0.0,0.0,0.0,9.642168880242465,,,
R4,Trending_RandomWalkDrift,0.9995859453695223,0.6018798578326181,0.8848002376379048,None,24,,,500,,,0.0,0.0,1.274919114419091,,,-0.44465905548578477
R1,Composite,0.998948140790872,0.991219060273921,0.8055673035113218,24,24,24.0,48.0,500,0.21332190734322332,-2.1664932370835115e-05,14.042645305685689,4.620469495499631,1.378574352486547,,,
R2,Seasonal,0.9141927065103211,0.9928295050947699,0.9344320153927002,24,24,24.0,48.0,500,0.0,0.0,19.093210235516466,11.55915913029979,1.761867360383651,,,
R3,Stationary_AR,0.23744854751642186,0.6674445547552725,0.6803384626532503,None,100,,,500,0.0,0.0,0.0,0.0,5.0,0.6208357438646974,,
R4,Trending_MeanShift,0.9998050435224596,0.999236051466523,0.0,None,250,,,500,,,0.0,0.0,1.1658205323626927,,250.0,
R1,Composite,0.9998257078712403,0.993341688851364,0.7968539834947483,36,36,36.0,72.0,500,-0.3368367264561293,-2.1977193792977938e-05,11.483111705043518,3.152370590902141,0.958255278996848,,,
R2,Seasonal,0.954083317162826,0.9981750830597274,0.9620493127581949,36,36,36.0,72.0,500,0.0,0.0,24.015511468878685,9.84150228834911,0.9940595638901359,,,
R3,Stationary_WN,0.27141125027512536,0.3028247134919263,0.333321945739252,None,5,,,500,0.0,0.0,0.0,0.0,11.813796992820798,,,
R4,Trending_MeanShift,0.999790561899484,0.9991563718899488,0.0,None,250,,,500,,,0.0,0.0,1.2802415759838421,,250.0,
R1,Composite,0.9997866641497702,0.9991506059354772,0.9382605630811038,24,24,24.0,48.0,500,-0.19178103240753264,3.709102458642284e-05,17.531559961236823,3.6444175284729035,0.6010076146914469,,,
R2,Seasonal,0.8771806404331945,0.9838843902954645,0.9053255847381799,24,24,24.0,48.0,500,0.0,0.0,11.066246117502633,8.336792104344934,1.5110149220189988,,,
R3,Stationary_AR,0.20061276854675314,0.57919350462259,0.5845335633292176,None,36,,,500,0.0,0.0,0.0,0.0,5.0,0.5140317792097148,,
R4,Trending_MeanShift,0.999980968793304,0.999924208732541,0.0,None,250,,,500,,,0.0,0.0,0.719283090718181,,250.0,
R1,Composite,0.9996163979817079,0.9962942320867629,0.9549544638647858,24,24,24.0,48.0,500,0.22320593156852525,-1.9658912790265848e-05,13.769921935373374,7.257515607512911,1.024453055451786,,,
R2,Seasonal,0.8752850712857452,0.9924833050923431,0.909090068069916,24,24,24.0,48.0,500,0.0,0.0,20.740220430570254,10.629235793396113,1.7762579525328095,,,
R3,Stationary_WN,0.31825714919415116,0.22290215596430263,0.3405049325855929,None,4,,,500,0.0,0.0,0.0,0.0,10.378711258836676,,,
R4,Trending_MeanShift,0.999613260109178,0.9984093901367155,0.0,None,250,,,500,,,0.0,0.0,1.3238696165968225,,250.0,
R1,Composite,0.9988776922598223,0.9981341298767403,0.8660898319448564,36,36,36.0,72.0,500,-0.143681874152563,1.481762481158771e-05,21.79084769854198,4.281718008393379,1.074445978597375,,,
R2,Seasonal,0.7562248157898945,0.996034653472299,0.8370784237528776,36,36,36.0,72.0,500,0.0,0.0,27.964630363917514,7.047518983877139,1.5645496006536228,,,
R3,Stationary_AR,0.3319273155310093,0.4756608103684994,0.6177116609419493,None,18,,,500,0.0,0.0,0.0,0.0,5.0,0.5921291747716888,,
R4,Trending_ExponentialGrowth,0.9817364223767967,0.3768721326534046,0.27494641492215943,None,24,,,500,,,0.0,0.0,1.052940066947337,,,
R1,Composite,0.998808865829504,0.9828654324913079,0.8367865321507323,12,12,12.0,24.0,500,-0.1432614427699236,-3.4371393628012265e-05,8.650645025565591,4.718349838559633,1.2149262545957078,,,
R2,Seasonal,0.9528181003458,0.9993867986769257,0.9508926273614576,12,12,12.0,24.0,500,0.0,0.0,23.13790270385187,4.9275823476194285,0.6877561250764943,,,
R3,Stationary_WN,0.437548143105166,0.18935958751999293,0.2764641184992289,None,3,,,500,0.0,0.0,0.0,0.0,7.117420327341043,,,
R4,Trending_ExponentialGrowth,0.9967853139910103,0.4009793834287644,0.29842878239457427,None,24,,,500,,,0.0,0.0,1.1543822221999256,,,
R1,Composite,0.999875417739589,0.9978427484915079,0.9223377184982038,12,12,12.0,24.0,500,-0.33670930473868876,-3.283118879261115e-05,17.31379330430184,5.500599112146023,0.8031072128246188,,,
R2,Seasonal,0.897777118221177,0.9919417941236018,0.9042207572834349,12,12,12.0,24.0,500,0.0,0.0,15.214543565937928,8.024365334765267,1.3698189347019234,,,
R3,Stationary_AR,0.07877249884320425,0.6098180936066833,0.61802287496904,None,71,,,500,0.0,0.0,0.0,0.0,5.0,0.5891823861174434,,
R4,Trending_ExponentialGrowth,0.9991280872200695,0.4522083014666348,0.35649098830253645,None,24,,,500,,,0.0,0.0,1.3081190649888295,,,
R1,Composite,0.9997407633280345,0.9875473095228837,0.7841676254310985,48,50,48.0,96.0,500,-0.2751901429345065,-1.1424416287145146e-05,8.367609851226721,2.6632779494626795,0.9222232835254803,,,
R2,Seasonal,0.8877152841713523,0.9976794023210365,0.925602432572561,48,50,48.0,96.0,500,0.0,0.0,26.742086649219033,6.889629035079281,1.2769723873628154,,,
R3,Stationary_WN,0.10931764975919045,0.3491927607171176,0.27547998478793334,None,16,,,500,0.0,0.0,0.0,0.0,6.197163759912647,,,
R4,Trending_RandomWalkDrift,0.9997173085266888,0.6896752601271648,0.8539235933012754,None,24,,,500,,,0.0,0.0,0.9586831223206163,,,-0.378574106957533
R1,Composite,0.9995823670831322,0.9911945516580872,0.6710972954544037,36,36,36.0,72.0,500,-0.33349601875268997,-2.050652961018682e-05,15.280891986441308,2.672469421896724,1.4337706424443863,,,
R2,Seasonal,0.9427199454149308,0.998585392671422,0.9543916989187953,36,36,36.0,72.0,500,0.0,0.0,28.116189527802703,9.102470345839134,1.151391726406439,,,
R3,Stationary_AR,0.24721609122041222,0.48315078208227613,0.5175375508895297,None,14,,,500,0.0,0.0,0.0,0.0,5.0,0.47426369118427797,,
R4,Trending_ExponentialGrowth,0.9875431213772585,0.3852922507872377,0.301891584217006,None,24,,,500,,,0.0,0.0,0.9475950346421156,,,
R1,Composite,0.9998286174459178,0.9985183507358807,0.9406646822446931,36,36,36.0,72.0,500,-0.3547073078936106,2.720504612055505e-05,23.800763343927947,6.833519135253404,0.9350538402978671,,,
R2,Seasonal,0.9291457026010678,0.9928004941790703,0.9461863155790643,36,36,36.0,72.0,500,0.0,0.0,16.77441828508134,11.44085840991644,1.5482462870040625,,,
R3,Stationary_WN,0.3762500906059816,0.2831204913412798,0.33282735577251166,None,4,,,500,0.0,0.0,0.0,0.0,12.627700803907903,,,
R4,Trending_MeanShift,0.9991643957734695,0.9965455322714801,0.0,None,250,,,500,,,0.0,0.0,0.8727580023650876,,250.0,
R1,Composite,0.999622901279932,0.9799535013382604,0.8412973865920863,36,36,36.0,72.0,500,-0.327631950364126,2.860681694671619e-05,8.837169641716077,4.808655267974518,1.3143019097425421,,,
R2,Seasonal,0.980819144161064,0.9993149482467667,0.9841212088493815,36,36,36.0,72.0,500,0.0,0.0,25.127195666370515,9.963740670681922,0.7716602558064811,,,
R3,Stationary_WN,0.1228809508413683,0.31175403172278116,0.3248702148647854,None,20,,,500,0.0,0.0,0.0,0.0,12.909614852672245,,,
R4,Trending_RandomWalkDrift,0.9995735794267739,0.4167338511134402,0.8075219374036773,None,24,,,500,,,0.0,0.0,0.5132185861989724,,,0.49980619133561366
R1,Composite,0.9995936915195853,0.9952174085081454,0.8950034819059216,48,50,48.0,96.0,500,-0.297276065690707,1.6922107469178188e-05,17.553779353514912,5.21341088904163,1.275830321155936,,,
R2,Seasonal,0.9755926050194343,0.9991544564106744,0.9818929630674258,48,50,48.0,96.0,500,0.0,0.0,27.986200015526638,9.93510273411071,0.7422077733715335,,,
R3,Stationary_AR,0.3375154955528693,0.5094201878910274,0.5935533227471752,None,26,,,500,0.0,0.0,0.0,0.0,5.0,0.499048461980672,,
R4,Trending_ExponentialGrowth,0.9754666012703909,0.3946140747850694,0.3710239855829014,None,24,,,500,,,0.0,0.0,1.439484798265548,,,
R1,Composite,0.9999563682615391,0.9993874256073477,0.9638460680847432,24,24,24.0,48.0,500,0.3796707418639125,2.7450378408918766e-05,21.33298794982797,5.07713265823627,0.6040359409513478,,,
R2,Seasonal,0.8988621288565761,0.9825895620861809,0.9271801397636862,24,24,24.0,48.0,500,0.0,0.0,12.692546263532718,11.494364164239844,1.9506068378139854,,,
R3,Stationary_AR,0.5079787137729903,0.4643972672205241,0.5603253449187644,None,12,,,500,0.0,0.0,0.0,0.0,5.0,0.49111956214110086,,
R4,Trending_MeanShift,0.9996755511830865,0.9987584852806184,0.0,None,250,,,500,,,0.0,0.0,0.5276383907605187,,250.0,
R1,Composite,0.9924688833368073,0.9957854748133689,0.8503471914745906,36,36,36.0,72.0,500,-0.10420841962822869,4.595081379976612e-05,22.628750765935887,6.2333119916813535,1.4648819249738108,,,
R2,Seasonal,0.8579363575778602,0.9933743671087996,0.8943020457616759,36,36,36.0,72.0,500,0.0,0.0,20.927393831542126,9.207609198262858,1.8874557785331485,,,
R3,Stationary_AR,0.09419115100771103,0.37125218528877435,0.44309497234509443,None,20,,,500,0.0,0.0,0.0,0.0,5.0,0.43174570867395234,,
R4,Trending_ExponentialGrowth,0.9936657502904903,0.39870009616901914,0.334422316311226,None,24,,,500,,,0.0,0.0,1.0309704208885562,,,
R1,Composite,0.9992402667970237,0.9951420530893869,0.9176639775007626,48,50,48.0,96.0,500,-0.22054971271155882,4.961351102743984e-05,16.084081385825268,6.172180932814022,1.1707113276930259,,,
R2,Seasonal,0.9699873774126699,0.9986649958034193,0.9778477610056373,48,50,48.0,96.0,500,0.0,0.0,22.756992611092436,9.192672823089616,0.8462917237427388,,,
R3,Stationary_AR,0.09988025579737247,0.7578299791974963,0.718249323510747,None,125,,,500,0.0,0.0,0.0,0.0,5.0,0.6911253511517912,,
R4,Trending_RandomWalkDrift,0.9979068129091937,0.5352655412832603,0.8330797414572411,None,24,,,500,,,0.0,0.0,1.3397280948735544,,,-0.26405657243726854
R1,Composite,0.9992069826339753,0.9967271777552684,0.9072962634603619,24,24,24.0,48.0,500,-0.1137453742521522,-4.249477607565605e-05,13.373690088707495,4.389530490657405,0.7895596796877905,,,
R2,Seasonal,0.6120201897023037,0.9956646951874473,0.7315428068554414,24,24,24.0,48.0,500,0.0,0.0,25.39790563584193,4.931829804263203,1.7653473294946016,,,
R3,Stationary_WN,0.2569466305164897,0.4016397050284699,0.33355271932052066,None,7,,,500,0.0,0.0,0.0,0.0,9.113097786767296,,,
R4,Trending_RandomWalkDrift,0.9973461401217429,0.6918460043820429,0.8971835172625372,None,24,,,500,,,0.0,0.0,1.4093073742278976,,,0.2299398109447652
R1,Composite,0.998899851153275,0.9942684271894549,0.7529460815814044,24,24,24.0,48.0,500,-0.21138614931218366,1.7592495338916413e-05,17.88092750344802,3.4864983133750584,1.374764091896543,,,
R2,Seasonal,0.8344516983975032,0.9928498022094033,0.8826935700459214,24,24,24.0,48.0,500,0.0,0.0,11.809197441303025,4.959949861811661,1.0885616320314735,,,
R3,Stationary_AR,0.30267799402614604,0.4152372499312511,0.5756468906469385,None,14,,,500,0.0,0.0,0.0,0.0,5.0,0.5261777103719669,,
R4,Trending_ExponentialGrowth,0.9945291128733683,0.3704041076443727,0.2595555685385884,None,24,,,500,,,0.0,0.0,1.4974316935134473,,,
R1,Composite,0.9996555119107167,0.9973259657232583,0.9722930985455911,48,50,48.0,96.0,500,-0.1633728789920535,3.5200199295604666e-05,10.820535847383882,5.525229008686052,0.5605708262083825,,,
R2,Seasonal,0.7024804110471032,0.988795923614458,0.8074874570271243,48,50,48.0,96.0,500,0.0,0.0,15.288351450398125,5.291787103282983,1.7203973925983977,,,
R3,Stationary_AR,0.3583738886258959,0.4052589020215954,0.5332101651480249,None,18,,,500,0.0,0.0,0.0,0.0,5.0,0.4612537565482109,,
R4,Trending_RandomWalkDrift,0.9966849455594825,0.5800521561374175,0.8699430957073018,None,24,,,500,,,0.0,0.0,0.8436880464394285,,,-0.14432122503405012
R1,Composite,0.9996470734666283,0.989407841108609,0.8328315116945977,36,36,36.0,72.0,500,-0.345913786861324,-2.1022658523352354e-05,12.936020920704461,5.486533811919478,1.4009040163558377,,,
R2,Seasonal,0.9102940065599012,0.9896067025221951,0.9315451614225428,36,36,36.0,72.0,500,0.0,0.0,15.038800389588754,10.720766029792774,1.7718590142573687,,,
R3,Stationary_WN,0.5260733913524086,0.20969749967571827,0.2908461200128437,None,2,,,500,0.0,0.0,0.0,0.0,13.06672537444735,,,
R4,Trending_RandomWalkDrift,0.9981329139449187,0.8891238350319055,0.7574802985370965,None,250,,,500,,,0.0,0.0,0.566233078892827,,,-0.4429581325809454
R1,Composite,0.9994621819648584,0.996602419979007,0.8693910436985083,36,36,36.0,72.0,500,-0.24461942464914382,-1.3615446747055368e-05,20.32114023211158,5.564516561942815,1.1384259990878363,,,
R2,Seasonal,0.7407019887123457,0.9914934998691821,0.814671320007424,36,36,36.0,72.0,500,0.0,0.0,12.788353450479523,4.428219381260725,1.2110675916052072,,,
R3,Stationary_AR,0.37792255223195803,0.6609621356699846,0.7132386397456598,None,71,,,500,0.0,0.0,0.0,0.0,5.0,0.6500254316946982,,
R4,Trending_MeanShift,0.9999214023836,0.9996834906959392,0.11627498891666388,None,250,,,500,,,0.0,0.0,1.3526643325042407,,250.0,
R1,Composite,0.9996030265325091,0.9984976262681639,0.9698366371691561,36,36,36.0,72.0,500,-0.1961231004325472,3.8837296040712175e-05,18.730609254069638,7.854370864269395,0.7521264497263248,,,
R2,Seasonal,0.9024467689474434,0.9936217168133844,0.9242976418081086,36,36,36.0,72.0,500,0.0,0.0,10.691515802776268,5.522196556958351,0.8921991637309601,,,
R3,Stationary_AR,0.2048610115844618,0.5790695725363584,0.6947520267713423,None,50,,,500,0.0,0.0,0.0,0.0,5.0,0.5653519663992679,,
R4,Trending_ExponentialGrowth,0.9914355604564582,0.3915343659637953,0.3138875262017383,None,24,,,500,,,0.0,0.0,0.7469709504519357,,,
R1,Composite,0.9998343728279765,0.9912614428990133,0.9229320209936269,48,50,48.0,96.0,500,-0.31527291874321584,3.662351461621164e-05,8.471376239441335,4.527110236492053,0.8383739817332179,,,
R2,Seasonal,0.9198483804353355,0.9975660808899677,0.9454104619074192,48,50,48.0,96.0,500,0.0,0.0,22.80219010882403,7.333343258520595,1.0750449604987717,,,
R3,Stationary_AR,0.23011562804328012,0.6856870540415974,0.6775308755305293,None,45,,,500,0.0,0.0,0.0,0.0,5.0,0.6480203192062317,,
R4,Trending_MeanShift,0.9999592317321027,0.9998388230522581,0.0,None,250,,,500,,,0.0,0.0,0.695684177099485,,250.0,
R1,Composite,0.9998460620993018,0.99558259034062,0.9769984865773769,36,36,36.0,72.0,500,0.2305433547765978,-2.596845358439661e-05,8.272691899989756,6.776793494344205,0.57119664480264,,,
R2,Seasonal,0.9684144954623651,0.9994010355535501,0.9740412547586491,36,36,36.0,72.0,500,0.0,0.0,24.580988296276644,7.036848734626976,0.7177952610844742,,,
R3,Stationary_WN,0.1792183000286821,0.2730157635404862,0.32828594791358967,None,12,,,500,0.0,0.0,0.0,0.0,7.917652208282866,,,
R4,Trending_RandomWalkDrift,0.9331525889777569,0.8001660960993998,0.0,None,250,,,500,,,0.0,0.0,1.42079508773954,,,0.19596763955078556
R1,Composite,0.9992617126166802,0.9954585379676862,0.8379726048006844,48,50,48.0,96.0,500,0.21486376555251446,4.569138175637977e-05,20.1898546378497,4.075145655042899,1.3385946027358457,,,
R2,Seasonal,0.7773882725027585,0.9973697631234054,0.8858410316324479,48,50,48.0,96.0,500,0.0,0.0,20.91800183804009,4.369322631809512,1.2210421806635718,,,
R3,Stationary_AR,0.08505195002012622,0.4480817500113533,0.5468276961957655,None,56,,,500,0.0,0.0,0.0,0.0,5.0,0.47344052646492363,,
R4,Trending_MeanShift,0.9995086820520908,0.9980621778594119,0.0,None,250,,,500,,,0.0,0.0,1.4973228307236695,,250.0,
R1,Composite,0.9995469561797232,0.9963471382630921,0.876785833517691,24,24,24.0,48.0,500,0.29763670909717765,1.7557554743214687e-05,21.855020113914797,6.486677035344647,1.4433641484181212,,,
R2,Seasonal,0.8063401647374756,0.995887765175969,0.8614966422294454,24,24,24.0,48.0,500,0.0,0.0,14.978286130918638,4.342454474928073,1.0518745311673001,,,
R3,Stationary_AR,0.15843375911013446,0.5419447663319288,0.685887777699325,None,28,,,500,0.0,0.0,0.0,0.0,5.0,0.5364075688936403,,
R4,Trending_RandomWalkDrift,0.9959219319166853,0.8993876843635245,0.6084105055723961,None,250,,,500,,,0.0,0.0,0.8864177821646575,,,-0.4486904876011393
R1,Composite,0.9997870490434186,0.9964095171693486,0.9115283045797116,24,24,24.0,48.0,500,0.3610820493212724,2.970573963943157e-05,18.389367776714387,6.688128041758564,1.0909389193201573,,,
R2,Seasonal,0.661013144999354,0.9953300168328739,0.7912440466646716,24,24,24.0,48.0,500,0.0,0.0,24.712951685370236,5.3671258406621964,1.7481307278475078,,,
R3,Stationary_WN,0.4496703266866453,0.2636143169227875,0.30494262585596976,None,3,,,500,0.0,0.0,0.0,0.0,8.617593120656423,,,
R4,Trending_RandomWalkDrift,0.9822659240709799,0.8110544415328252,0.0,None,250,,,500,,,0.0,0.0,0.9046591007117409,,,0.33404980474209733
R1,Composite,0.9997661025138947,0.9880137986664241,0.8239164946539328,12,12,12.0,24.0,500,-0.3466341219294081,-4.200729688715549e-05,10.36244094490044,4.617716420464678,1.2155883659724322,,,
R2,Seasonal,0.8253911724262226,0.9857553274635401,0.8405480304356323,12,12,12.0,24.0,500,0.0,0.0,13.272169186309434,6.87351924499511,1.9063539457027763,,,
R3,Stationary_WN,0.4226023012265657,0.12837061004374561,0.2730692661177625,None,3,,,500,0.0,0.0,0.0,0.0,6.884111732983948,,,
R4,Trending_ExponentialGrowth,0.9980640678746778,0.33490716568703705,0.2981013745904265,None,24,,,500,,,0.0,0.0,0.6094331893180613,,,
R1,Composite,0.9994266912696539,0.9974282247026565,0.8495338624887655,48,50,48.0,96.0,500,-0.24041805756113502,3.5778960690687485e-05,22.000049595585335,2.7276274474087976,1.0288104658297685,,,
R2,Seasonal,0.8842034878985634,0.9968772630329794,0.9324394761762804,48,50,48.0,96.0,500,0.0,0.0,20.665443881884073,6.435431201382987,1.1046757922276695,,,
R3,Stationary_WN,0.3069880981498906,0.23562322987696227,0.27746146617556866,None,5,,,500,0.0,0.0,0.0,0.0,8.491737358022275,,,
R4,Trending_MeanShift,0.9995230348855294,0.9980532222605187,0.0,None,250,,,500,,,0.0,0.0,1.0988700583454858,,250.0,
R1,Composite,0.9988399341332771,0.9965475069393164,0.7618983514950788,36,36,36.0,72.0,500,0.17463244913707693,1.710300815101065e-05,21.367175017261815,3.872600327994326,1.3053668568316263,,,
R2,Seasonal,0.9870931661099472,0.9990054824246114,0.989155373547943,36,36,36.0,72.0,500,0.0,0.0,18.176573070223508,10.523062030258375,0.6122686104593407,,,
R3,Stationary_AR,0.32176982377578855,0.5293856192954967,0.5686430636287694,None,19,,,500,0.0,0.0,0.0,0.0,5.0,0.6191941541724142,,
R4,Trending_RandomWalkDrift,0.999551505198947,0.7667863671417486,0.891910907034406,None,24,,,500,,,0.0,0.0,0.5946834931097448,,,-0.34341464526531884
R1,Composite,0.9996909606509784,0.9970335334072622,0.6782641182795186,24,24,24.0,48.0,500,0.25598767458179517,4.007333608373927e-05,18.107564834531097,2.2150608578189552,1.0332684635098415,,,
R2,Seasonal,0.9813110558597337,0.9990270305335024,0.985682820236745,24,24,24.0,48.0,500,0.0,0.0,20.79317696276967,10.225936226882911,0.6750317951096703,,,
R3,Stationary_WN,0.29861792397959364,0.25990080345826905,0.29085792001556277,None,5,,,500,0.0,0.0,0.0,0.0,14.76389787821023,,,
R4,Trending_MeanShift,0.9997205012916941,0.9988814769541687,0.0,None,250,,,500,,,0.0,0.0,1.0180761445865945,,250.0,
R1,Composite,0.9985780369759475,0.9980456680768032,0.8323737122651896,48,50,48.0,96.0,500,0.1513092413292933,-3.8250736531413036e-05,24.08386083032515,2.533737671581483,1.0305806973416827,,,
R2,Seasonal,0.8533641935508637,0.9965105919727417,0.9139373848680579,48,50,48.0,96.0,500,0.0,0.0,19.961725859785997,5.774061928966872,1.243967598649186,,,
R3,Stationary_WN,0.16699997174664938,0.2976784328901495,0.2625587756556279,None,7,,,500,0.0,0.0,0.0,0.0,11.090281219988984,,,
R4,Trending_RandomWalkDrift,0.9778472586401795,0.3164642994179858,0.0,None,250,,,500,,,0.0,0.0,1.4436462937188548,,,0.44174156910745843
R1,Composite,0.9999041642551889,0.9995925397843012,0.8612209490138313,36,36,36.0,72.0,500,-0.2532710868312009,1.0008399949840917e-05,24.569624612646543,2.2221646220925746,0.5272273085863266,,,
R2,Seasonal,0.9470147921072746,0.9906282775750371,0.9569629479168942,36,36,36.0,72.0,500,0.0,0.0,12.383989067121064,10.996337387770236,1.2592778077193434,,,
R3,Stationary_AR,0.14645690396631306,0.6276865367067601,0.7042030805758293,None,45,,,500,0.0,0.0,0.0,0.0,5.0,0.6086238421353997,,
R4,Trending_RandomWalkDrift,0.8455104630773556,0.18802964856688398,0.0,None,250,,,500,,,0.0,0.0,1.262129238204563,,,-0.3895006921016504
R1,Composite,0.9997149786244373,0.9936816559104874,0.6690766897530764,12,12,12.0,24.0,500,-0.39256445652515803,3.059628664497432e-05,16.382178302237083,2.9823187855444724,1.3433526466192842,,,
R2,Seasonal,0.9547619424601061,0.9987901126592802,0.952954351791085,12,12,12.0,24.0,500,0.0,0.0,29.53203278250584,9.162444624303685,1.0698716318214299,,,
R3,Stationary_WN,0.2879099616805123,0.3555961544600854,0.3351706011434573,None,6,,,500,0.0,0.0,0.0,0.0,9.974211887544849,,,
R4,Trending_ExponentialGrowth,0.9994414092601692,0.40041128803289205,0.3904870772058794,None,24,,,500,,,0.0,0.0,1.139518271982075,,,
R1,Composite,0.9991733203301005,0.9891502227206486,0.7498506173990217,36,36,36.0,72.0,500,-0.2273343696395906,3.900285850353123e-05,11.646633503098842,3.638781127677548,1.2962592203365948,,,
R2,Seasonal,0.956391179406763,0.9983453627230163,0.9642282648766908,36,36,36.0,72.0,500,0.0,0.0,24.668075849306128,9.867449330570729,0.9938610122375571,,,
R3,Stationary_WN,0.05912713406110304,0.3893535657159658,0.3709850481836443,None,29,,,500,0.0,0.0,0.0,0.0,11.195218846480156,,,
R4,Trending_MeanShift,0.9996970384651653,0.9987883155008483,0.0,None,250,,,500,,,0.0,0.0,1.4074278129159636,,250.0,
R1,Composite,0.9971221511216181,0.9955864359805573,0.8046113216849567,48,50,48.0,96.0,500,0.1306648977239055,-1.7367053036218756e-05,21.179699420946918,3.613139066780275,1.2961661837202498,,,
R2,Seasonal,0.9369159260919335,0.9966766418801603,0.951818958447726,48,50,48.0,96.0,500,0.0,0.0,27.686530719616215,11.666158982301887,1.6180792390063001,,,
R3,Stationary_WN,0.4487483260755858,0.21780646935685488,0.324568292526218,None,3,,,500,0.0,0.0,0.0,0.0,7.795024519226244,,,
R4,Trending_ExponentialGrowth,0.9981658577282007,0.3882730609767907,0.3165528423180398,None,24,,,500,,,0.0,0.0,1.4910725115603845,,,
R1,Composite,0.9993902162921313,0.9976196481661971,0.8532031573954062,48,50,48.0,96.0,500,-0.17241796045963914,-2.2292059155244264e-05,19.421564362376856,2.5803656556217662,0.8176347164498243,,,
R2,Seasonal,0.42019957838554245,0.994028919747072,0.7225713061775345,48,50,48.0,96.0,500,0.0,0.0,29.12235693612324,4.004608143605134,1.8852108684908875,,,
R3,Stationary_WN,0.23397589274173392,0.328027568565054,0.4541878247121567,None,9,,,500,0.0,0.0,0.0,0.0,5.7929577985141725,,,
R4,Trending_ExponentialGrowth,0.998439629357257,0.327830688403281,0.41489613023606897,None,24,,,500,,,0.0,0.0,0.5600440276285972,,,
R1,Composite,0.9981281514155713,0.9942877196368302,0.9111264440843608,24,24,24.0,48.0,500,-0.11752147310923208,-2.4706365469368267e-05,15.03410864809466,6.729268347833022,1.3080157526012475,,,
R2,Seasonal,0.9692172479229947,0.9968756398187305,0.9760973759595876,24,24,24.0,48.0,500,0.0,0.0,15.519539100357186,10.570315843296495,0.987459672604625,,,
R3,Stationary_WN,0.3745684340981843,0.2849571280018536,0.30398419224936957,None,4,,,500,0.0,0.0,0.0,0.0,13.691930736989907,,,
R4,Trending_RandomWalkDrift,0.9980534446299861,0.8570043289648626,0.0,None,250,,,500,,,0.0,0.0,0.6537688799179896,,,-0.38348591389441034
R1,Composite,0.9998881152309801,0.9975393425230076,0.9751512657213321,12,12,12.0,24.0,500,-0.20564648896408777,-4.399755148571898e-05,9.88405849094799,6.2077705919089095,0.5243733414143839,,,
R2,Seasonal,0.9918245983722711,0.9995797462701109,0.9909482601656248,12,12,12.0,24.0,500,0.0,0.0,25.432537295196553,11.034563216306712,0.5073163169102475,,,
R3,Stationary_WN,0.43883329174910746,0.25771862795061895,0.2873641860811307,None,3,,,500,0.0,0.0,0.0,0.0,7.134827752805482,,,
R4,Trending_MeanShift,0.9997275753152474,0.9989601288809465,0.0,None,250,,,500,,,0.0,0.0,0.5227489750011225,,250.0,
R1,Composite,0.9997551898148727,0.996173196994693,0.7587875464081847,36,36,36.0,72.0,500,0.36273114632680337,-4.618254002800561e-05,17.46376154075768,3.168365156986321,1.0645212879657802,,,
R2,Seasonal,0.7824257431050543,0.9657181150254676,0.8517313451322103,36,36,36.0,72.0,500,0.0,0.0,10.182074191227334,8.255894119842573,1.9248258359729091,,,
R3,Stationary_WN,0.021197922065167574,0.42247304582734857,0.2874953115797363,None,125,,,500,0.0,0.0,0.0,0.0,11.022974016000617,,,
R4,Trending_MeanShift,0.9996284463362539,0.998543817965343,0.0,None,250,,,500,,,0.0,0.0,1.2212965769314845,,250.0,
R1,Composite,0.9996552985406131,0.9978436328068628,0.9335265475935424,24,24,24.0,48.0,500,0.2771611398213124,3.898360811265409e-05,23.935551902575668,7.689953953327784,1.2883898824280295,,,
R2,Seasonal,0.8567725467148797,0.9936241712813018,0.890739443235099,24,24,24.0,48.0,500,0.0,0.0,17.35877677801173,7.1593712350129595,1.4691514356572344,,,
R3,Stationary_AR,0.127610808159193,0.5745423837744028,0.6451344865744801,None,62,,,500,0.0,0.0,0.0,0.0,5.0,0.5503905667406379,,
R4,Trending_ExponentialGrowth,0.993032863442121,0.35209253034610943,0.2685096273296813,None,24,,,500,,,0.0,0.0,1.4930210373696164,,,
R1,Composite,0.999741243133753,0.9892130022982891,0.9524669035370343,24,24,24.0,48.0,500,0.2635005183547636,4.967951074697755e-05,8.769858637464909,7.737374070700149,1.0805417965839987,,,
R2,Seasonal,0.7421304909648003,0.9917163433940939,0.8236904825938519,24,24,24.0,48.0,500,0.0,0.0,13.952121457026294,4.9463863659498175,1.475737667104856,,,
R3,Stationary_AR,0.06754560482379168,0.6868740850960153,0.37472326651753396,None,167,,,500,0.0,0.0,0.0,0.0,5.0,0.46150074136653507,,
R4,Trending_ExponentialGrowth,0.997105101286816,0.48384237214657766,0.37730428496226687,None,24,,,500,,,0.0,0.0,0.7449612279546495,,,
R1,Composite,0.9998632881342326,0.9984363205518988,0.9724601087513263,36,36,36.0,72.0,500,-0.22011161263815612,1.0283339382151034e-05,12.989603377412742,5.882482025389347,0.5848457297620077,,,
R2,Seasonal,0.9862098991778009,0.9996504511435597,0.9885650158004341,36,36,36.0,72.0,500,0.0,0.0,29.243146882019776,9.716546486096954,0.5515328124465426,,,
R3,Stationary_AR,0.17602764875660182,0.5612622765806354,0.6469956924047702,None,50,,,500,0.0,0.0,0.0,0.0,5.0,0.5626172149387034,,
R4,Trending_ExponentialGrowth,0.9989719461458629,0.3724137982115058,0.34952940970040125,None,24,,,500,,,0.0,0.0,0.6359258809567706,,,
R1,Composite,0.9988225297131443,0.9990160718591985,0.9649936266662025,24,24,24.0,48.0,500,0.11720634385517481,-3.542594857670898e-05,22.423667008524923,6.943584376918638,0.7635310999226538,,,
R2,Seasonal,0.9613132046299838,0.9969067614628653,0.9699713442854171,24,24,24.0,48.0,500,0.0,0.0,12.881938975570035,7.650283142123697,0.8216478291353637,,,
R3,Stationary_WN,0.17312223063419907,0.3181770508469828,0.2634078833510888,None,10,,,500,0.0,0.0,0.0,0.0,14.436062977789293,,,
R4,Trending_ExponentialGrowth,0.9994016244295618,0.40539008898668194,0.45849274786806327,None,24,,,500,,,0.0,0.0,0.6898439903663289,,,
R1,Composite,0.9999027962599569,0.9993333309422759,0.9817498993271521,24,24,24.0,48.0,500,0.2789622172763727,1.834825803641848e-05,22.125980804026852,7.969263407530566,0.6185021661231626,,,
R2,Seasonal,0.8342757929505901,0.9958303191928597,0.8755535948384557,24,24,24.0,48.0,500,0.0,0.0,20.244186732723666,6.175551810596422,1.4671264550471759,,,
R3,Stationary_AR,0.076356353684642,0.9263864629167295,0.2623543742060883,None,250,,,500,0.0,0.0,0.0,0.0,5.0,0.506816324000959,,
R4,Trending_RandomWalkDrift,0.9997548254426948,0.702476352810626,0.9081201194341869,None,24,,,500,,,0.0,0.0,1.3976345413885527,,,0.4467853590003218
R1,Composite,0.9997965948332339,0.9977360145631297,0.6548716237727978,24,24,24.0,48.0,500,0.3880055332014235,-1.3226819098853785e-05,23.014105427227733,2.4488562396470437,1.2596449928108742,,,
R2,Seasonal,0.8670719787580079,0.9976228188012912,0.9010472648825746,24,24,24.0,48.0,500,0.0,0.0,18.638736377833016,4.979090266388355,0.9937264987817875,,,
R3,Stationary_WN,0.38026251408149403,0.23835266776009723,0.29021961806735086,None,4,,,500,0.0,0.0,0.0,0.0,5.993115735733637,,,
R4,Trending_ExponentialGrowth,0.9922019391387709,0.3352440722511467,0.361331211243235,None,24,,,500,,,0.0,0.0,1.0880953894039807,,,
R1,Composite,0.99921751420786,0.996680955447286,0.7498576484334025,12,12,12.0,24.0,500,0.2227907571097332,4.024198304824424e-05,23.901426957960552,4.103897495903705,1.3226373657347152,,,
R2,Seasonal,0.9856976387323956,0.9995785019696495,0.9841584971940638,12,12,12.0,24.0,500,0.0,0.0,29.62389856752428,9.685617335252392,0.5767564873680683,,,
R3,Stationary_AR,0.11425094904393185,0.42023092415492735,0.550360698951304,None,38,,,500,0.0,0.0,0.0,0.0,5.0,0.45210761541959865,,
R4,Trending_MeanShift,0.9869611806146995,0.9487928592319474,0.0,None,250,,,500,,,0.0,0.0,1.1059263533635217,,250.0,
R1,Composite,0.9998661430483884,0.9989302415896809,0.9773633971941659,36,36,36.0,72.0,500,-0.23204906801975575,2.5484724367255762e-05,16.009323572440397,6.540799132394177,0.5667887463120255,,,
R2,Seasonal,0.8716684322453137,0.9944042934152016,0.8977047350874309,36,36,36.0,72.0,500,0.0,0.0,22.602561974310262,9.167393984476153,1.908651215131536,,,
R3,Stationary_WN,0.1766503854086371,0.3208062985434622,0.25746021201315694,None,11,,,500,0.0,0.0,0.0,0.0,9.056170824514153,,,
R4,Trending_MeanShift,0.9999471636743643,0.999788750594142,0.0273704195773109,None,250,,,500,,,0.0,0.0,0.8369514438636461,,250.0,
R1,Composite,0.9992249995329627,0.9843020997500683,0.7823685670792964,48,50,48.0,96.0,500,-0.22778007944924136,-3.6571072530016606e-05,11.496668795251606,3.8593499436777883,1.3662726060251238,,,
R2,Seasonal,0.9428141791074994,0.9979358639295138,0.9612958347745095,48,50,48.0,96.0,500,0.0,0.0,22.521392093338584,8.252503023339715,1.138163376876159,,,
R3,Stationary_AR,0.31412219981953304,0.6304568810339557,0.6845696065172706,None,31,,,500,0.0,0.0,0.0,0.0,5.0,0.6715288381471376,,
R4,Trending_RandomWalkDrift,0.7656910366155643,0.8988189485563165,0.0,None,250,,,500,,,0.0,0.0,0.6731367724083283,,,0.15371534597723213
R1,Composite,0.9998856063273521,0.9980023186255258,0.9393595503574572,36,36,36.0,72.0,500,0.37464249567789987,1.4800872831699499e-05,18.58473952462848,6.119885634147444,0.9240802128379674,,,
R2,Seasonal,0.9844150976661024,0.9997547997791156,0.9870512690422152,36,36,36.0,72.0,500,0.0,0.0,29.836117788484714,7.8559375210534,0.5133998018478334,,,
R3,Stationary_WN,0.35049359928828694,0.16934442556231433,0.26623130728939637,None,3,,,500,0.0,0.0,0.0,0.0,12.802513107182302,,,
R4,Trending_RandomWalkDrift,0.9987314709613094,0.6719863743115309,0.8167427154415244,None,24,,,500,,,0.0,0.0,0.6940659107057814,,,-0.13216097708136867
R1,Composite,0.9975982592298187,0.9842193036573137,0.6014741852128219,24,24,24.0,48.0,500,-0.16957669276325582,4.1811604990856007e-05,11.471236245506564,2.5785727512453374,1.4207396240732773,,,
R2,Seasonal,0.904047220391219,0.9967920501864572,0.9265040183113009,24,24,24.0,48.0,500,0.0,0.0,13.585668972518185,5.116913424027611,0.8814530864527288,,,
R3,Stationary_AR,0.37703771583291834,0.5591105810955538,0.6935076108668208,None,26,,,500,0.0,0.0,0.0,0.0,5.0,0.6463983714561753,,
R4,Trending_ExponentialGrowth,0.9994080638224343,0.4433480432494932,0.48740324381972056,None,24,,,500,,,0.0,0.0,0.8266858590867948,,,
R1,Composite,0.9994195065368525,0.9860868443915426,0.6999203868576545,48,50,48.0,96.0,500,-0.27938236915431636,3.963443756088841e-05,11.188688462944747,2.1987068945260537,1.1847764481945835,,,
R2,Seasonal,0.9556855558460181,0.9990009240929725,0.9701864728098573,48,50,48.0,96.0,500,0.0,0.0,29.748466008963504,8.720251512403923,0.9422736055997594,,,
R3,Stationary_AR,0.17692877175138555,0.5857002309766999,0.575254307755988,None,50,,,500,0.0,0.0,0.0,0.0,5.0,0.5726424183017385,,
R4,Trending_RandomWalkDrift,0.9990592780859825,0.9717429392751842,0.9622909633789902,None,125,,,500,,,0.0,0.0,1.4262628743608294,,,0.19420728273888632
R1,Composite,0.9980501905423041,0.9968721197397805,0.9004283350599813,48,50,48.0,96.0,500,-0.1165557668508807,1.2068512245322555e-05,18.008504506751244,4.693159725797362,1.0854602763880603,,,
R2,Seasonal,0.9704665013962547,0.999368451347011,0.979934776334522,48,50,48.0,96.0,500,0.0,0.0,24.232422473958245,6.780825345593974,0.5764503707556501,,,
R3,Stationary_WN,0.16111414628837284,0.3084010032101351,0.33416957983228457,None,8,,,500,0.0,0.0,0.0,0.0,10.662821906135807,,,
R4,Trending_RandomWalkDrift,0.9722499645148576,0.8220888417609576,0.0,None,250,,,500,,,0.0,0.0,1.384082488457178,,,0.10353660209615141
R1,Composite,0.999791638163924,0.9954587674159978,0.8105973597921005,36,36,36.0,72.0,500,0.3840676328211493,2.1108031634210552e-05,17.224641135541347,4.117618785155488,1.3113466789886703,,,
R2,Seasonal,0.9543784259788802,0.9907222329739993,0.9631374352786322,36,36,36.0,72.0,500,0.0,0.0,11.368481656723073,10.62233632993025,1.1543812175596577,,,
R3,Stationary_AR,0.15162846401340302,0.4934606347858247,0.7180716977197661,None,42,,,500,0.0,0.0,0.0,0.0,5.0,0.6589346734525603,,
R4,Trending_RandomWalkDrift,0.9876954183875271,0.7355506407438637,0.0,None,250,,,500,,,0.0,0.0,0.7655391551619628,,,0.3351749646383808
R1,Composite,0.9997308207041311,0.9985550994093466,0.9686048075786153,48,50,48.0,96.0,500,0.1874082139941869,4.617238262428344e-05,19.385747123342533,6.7951412334265715,0.7164186460832507,,,
R2,Seasonal,0.8277001454751618,0.9970501078455968,0.9068169008899648,48,50,48.0,96.0,500,0.0,0.0,25.38717129460247,6.2563496121407445,1.2812122620493387,,,
R3,Stationary_AR,0.38647349156431643,0.6160082620018326,0.7332165693888972,None,28,,,500,0.0,0.0,0.0,0.0,5.0,0.6689487563992558,,
R4,Trending_ExponentialGrowth,0.9983946593942615,0.314393733487206,0.32960737819426356,None,24,,,500,,,0.0,0.0,0.8743456145499403,,,
R1,Composite,0.9996456713074093,0.99331644903295,0.7589442846930431,36,36,36.0,72.0,500,0.34884891148739217,-1.6193799080123064e-05,15.904939510294101,3.8635930854615355,1.3793262632176129,,,
R2,Seasonal,0.9439396217662978,0.9987485637207857,0.9557158740399436,36,36,36.0,72.0,500,0.0,0.0,24.47585702745466,7.661993287779508,0.877801436534235,,,
R3,Stationary_AR,0.3824189962661191,0.5324210388378762,0.6066795908199623,None,36,,,500,0.0,0.0,0.0,0.0,5.0,0.5867012578049645,,
R4,Trending_RandomWalkDrift,0.996321084106534,0.6255825533932802,0.8288108584552945,None,24,,,500,,,0.0,0.0,0.5687443979817969,,,0.17734520118225966
R1,Composite,0.9998400356673701,0.9950101099445257,0.8888543581478552,36,36,36.0,72.0,500,-0.34115352980796,3.802797151664216e-05,11.748767990353805,4.28934927446549,0.8347370498587637,,,
R2,Seasonal,0.7631112428536002,0.9951134476821452,0.8317116309792518,36,36,36.0,72.0,500,0.0,0.0,16.773684335990342,4.784209861178677,1.1798038433105895,,,
R3,Stationary_WN,0.2832687146630638,0.37168899488257445,0.2906877265086144,None,5,,,500,0.0,0.0,0.0,0.0,11.98963618831506,,,
R4,Trending_RandomWalkDrift,0.9996940584538707,0.6914196795848677,0.9141478808581932,None,24,,,500,,,0.0,0.0,1.12566307347557,,,0.23758921116884038
R1,Composite,0.9996847169628131,0.9912635293811543,0.9267087008953805,24,24,24.0,48.0,500,-0.22519343465145636,-4.075483475779688e-05,9.0603451522236,5.8730569692910715,0.9163612108332015,,,
R2,Seasonal,0.7612574320121953,0.9965586049291874,0.8458651075824168,24,24,24.0,48.0,500,0.0,0.0,18.18703986748985,4.232335682342378,1.1869197323524414,,,
R3,Stationary_AR,0.12792162079184854,0.46557338730403175,0.0,None,250,,,500,0.0,0.0,0.0,0.0,5.0,0.5599902862561295,,
R4,Trending_ExponentialGrowth,0.9987053256441717,0.4226302604274482,0.36003428873945087,None,24,,,500,,,0.0,0.0,0.7302636499078272,,,
R1,Composite,0.9997017272015785,0.9899781545293069,0.8600977065178466,12,12,12.0,24.0,500,-0.2472695690199073,2.2699005686234863e-05,8.183815236373105,3.95739797670252,0.8614026415272863,,,
R2,Seasonal,0.8706677037430456,0.9964035758109997,0.8825445575536228,12,12,12.0,24.0,500,0.0,0.0,23.8154128628303,7.582949538244514,1.4611000915921297,,,
R3,Stationary_AR,0.07246106475027958,0.7867743574428546,0.744744554915591,None,125,,,500,0.0,0.0,0.0,0.0,5.0,0.6744574954368316,,
R4,Trending_MeanShift,0.9998787821143494,0.9995215586991921,0.0,None,250,,,500,,,0.0,0.0,1.056982086745042,,250.0,
R1,Composite,0.9994853794676248,0.9955861463641776,0.9138986889108041,48,50,48.0,96.0,500,0.2694607426974821,-1.3168984780719268e-05,19.082994894909795,6.477176991666471,1.2911093233611495,,,
R2,Seasonal,0.9665461049753296,0.994830493563754,0.9717148610962955,48,50,48.0,96.0,500,0.0,0.0,13.778684021095724,10.154144367802454,1.001712057509095,,,
R3,Stationary_AR,0.04831403198455497,0.6525639683117521,0.6168602294415758,None,100,,,500,0.0,0.0,0.0,0.0,5.0,0.5825093820255387,,
R4,Trending_MeanShift,0.9995410336267896,0.9981854401052276,0.0,None,250,,,500,,,0.0,0.0,1.2586709561377876,,250.0,
R1,Composite,0.9996238110743169,0.9863649143139717,0.757197304198696,48,50,48.0,96.0,500,0.3908089797398332,3.903200136159321e-05,14.55577455294871,3.640047754279073,1.3625276631513712,,,
R2,Seasonal,0.7552831349114143,0.9874809370448343,0.8501141897016992,48,50,48.0,96.0,500,0.0,0.0,17.235746566812097,6.72669999152168,1.9039300440880678,,,
R3,Stationary_AR,0.041060614533719564,0.8556745067305676,0.8388302104285073,None,125,,,500,0.0,0.0,0.0,0.0,5.0,0.6975755966448223,,
R4,Trending_RandomWalkDrift,0.9992744279080596,0.7175329579257252,0.851529937028983,None,24,,,500,,,0.0,0.0,1.3631189145484326,,,-0.319231462800739
R1,Composite,0.9997974113965522,0.9993578403883662,0.9328918334022019,12,12,12.0,24.0,500,0.21819625279124907,-3.199973547144377e-05,23.05714189904569,4.357304366783519,0.6444616158383437,,,
R2,Seasonal,0.9358332718965614,0.9961786215660656,0.934839150045819,12,12,12.0,24.0,500,0.0,0.0,14.117242690785172,6.494801604327991,0.9091710523635055,,,
R3,Stationary_WN,0.41677872652776327,0.04568821639982479,0.2537885636550288,None,2,,,500,0.0,0.0,0.0,0.0,13.30396749740569,,,
R4,Trending_ExponentialGrowth,0.9997485074386245,0.4391024241928273,0.4556605320691878,None,24,,,500,,,0.0,0.0,0.6859011406055938,,,
R1,Composite,0.9995838986006734,0.9972854830440572,0.8322556407404769,48,50,48.0,96.0,500,0.21911812533246,-3.4473736997513345e-05,16.83713534375105,2.0578741831033556,0.6923938620213853,,,
R2,Seasonal,0.832385633394971,0.9854593696490515,0.8864634479281084,48,50,48.0,96.0,500,0.0,0.0,14.870983850783322,7.8291531761523245,1.9287283853734019,,,
R3,Stationary_WN,0.5473775979454815,0.21029194336370682,0.23604761169663646,None,2,,,500,0.0,0.0,0.0,0.0,9.46235305719783,,,
R4,Trending_ExponentialGrowth,0.996893701813219,0.38995422334056495,0.2609362994931117,None,24,,,500,,,0.0,0.0,0.8642735065830434,,,
R1,Composite,0.9995848885628568,0.9844765331859503,0.7274089337348018,36,36,36.0,72.0,500,-0.3167233983695813,-1.87686859995397e-05,10.763870601082116,3.281259202145004,1.3681923720022495,,,
R2,Seasonal,0.07669592649227408,0.9925715423637146,0.36091386898994937,36,71,36.0,72.0,500,0.0,0.0,10.928224872011672,10.68758383183343,1.3149601495479057,,,
R3,Stationary_AR,0.19115349739235032,0.47944911028588844,0.5905711248211897,None,28,,,500,0.0,0.0,0.0,0.0,5.0,0.5688192710702324,,
R4,Trending_ExponentialGrowth,0.9939412899127794,0.3953020026369515,0.3498735559400252,None,24,,,500,,,0.0,0.0,1.341125149678254,,,
R1,Composite,0.9983471344300517,0.9936231821406949,0.8793447975356321,48,50,48.0,96.0,500,-0.20803030340694617,4.5775915577906176e-05,19.578596450991753,6.281241248411122,1.4939511258556206,,,
R2,Seasonal,0.8581383923106246,0.9945936911538198,0.9037967696475907,48,50,48.0,96.0,500,0.0,0.0,13.988742959909121,4.922395370389894,1.106511310004662,,,
R3,Stationary_WN,0.5118803805991554,0.17767235584153995,0.14574500223711617,None,2,,,500,0.0,0.0,0.0,0.0,11.757872253013188,,,
R4,Trending_MeanShift,0.9988287057413971,0.9950935070442067,0.0,None,250,,,500,,,0.0,0.0,0.739848497775954,,250.0,
R1,Composite,0.9998322642684829,0.9970374670418132,0.9683351075366053,36,36,36.0,72.0,500,-0.18353080252422477,-1.5975933082707388e-05,9.29500360050297,5.291187513969686,0.5907544052492542,,,
R2,Seasonal,0.9416049283236947,0.9972014969158083,0.9539862808488443,36,36,36.0,72.0,500,0.0,0.0,22.593094339370953,10.380716922755283,1.2352440104503672,,,
R3,Stationary_AR,0.17731446631191328,0.40979643064930504,0.6498765577076862,None,26,,,500,0.0,0.0,0.0,0.0,5.0,0.616489878000989,,
R4,Trending_MeanShift,0.9997944383799526,0.9991875243068863,0.0,None,250,,,500,,,0.0,0.0,0.8974791829449877,,250.0,
R1,Composite,0.9999468022335125,0.9991855276056778,0.9769236294390394,48,50,48.0,96.0,500,0.3931953280480567,4.165211581165641e-05,22.4441068185713,6.595470233231626,0.5836635533508625,,,
R2,Seasonal,0.9061557251008581,0.988917583650894,0.9274532322075026,48,50,48.0,96.0,500,0.0,0.0,11.552982594272205,7.214538693114779,1.3288242508095969,,,
R3,Stationary_AR,0.0,0.0548128045746763,0.0,None,167,,,500,0.0,0.0,0.0,0.0,5.0,0.4585309562444275,,
R4,Trending_ExponentialGrowth,0.9995290586019125,0.4363156832200561,0.37722416114202895,None,24,,,500,,,0.0,0.0,1.0381894407885093,,,
R1,Composite,0.999594137753251,0.9968960375883205,0.924705908062555,48,50,48.0,96.0,500,-0.31161822080307255,1.2785037372596647e-05,22.905250385072172,6.868659093841585,1.2528959606022063,,,
R2,Seasonal,0.08568843728952213,0.997050930482362,0.8467337161435802,48,100,48.0,96.0,500,0.0,0.0,14.83688515768651,11.339102107060972,0.8958698069582627,,,
R3,Stationary_AR,0.16048005748682426,0.4826763438551339,0.5519611629299566,None,38,,,500,0.0,0.0,0.0,0.0,5.0,0.4094276593727871,,
R4,Trending_ExponentialGrowth,0.9995719104103599,0.36953528471388597,0.38608857732983104,None,24,,,500,,,0.0,0.0,0.9601758596724836,,,
R1,Composite,0.9995029433284877,0.9957382710359018,0.7483600226839511,24,24,24.0,48.0,500,-0.20389642635333208,-3.314834481967768e-05,15.13470722241045,2.940827691343633,1.0167904787471502,,,
R2,Seasonal,0.8731725497132032,0.9942639119499685,0.9097762324499812,24,24,24.0,48.0,500,0.0,0.0,22.718744332312752,10.239950044700432,1.8633436165635877,,,
R3,Stationary_WN,0.48813963433255636,0.11608046190500032,0.22231229111486683,None,2,,,500,0.0,0.0,0.0,0.0,14.793356177893724,,,
R4,Trending_MeanShift,0.9998738646326236,0.9995010444368224,0.0,None,250,,,500,,,0.0,0.0,1.0232384295767352,,250.0,
R1,Composite,0.9999236036855214,0.9992616296674974,0.9757663686402342,12,12,12.0,24.0,500,-0.3153879063694744,-2.9314218856642205e-05,21.629694795984953,7.524772900971715,0.5973166100272764,,,
R2,Seasonal,0.9029145385338191,0.991394188110658,0.9024897742478982,12,12,12.0,24.0,500,0.0,0.0,19.282375442753327,10.9631268780023,1.8281009397673147,,,
R3,Stationary_AR,0.31375189592517494,0.5905500143773499,0.6038281432066988,None,26,,,500,0.0,0.0,0.0,0.0,5.0,0.5991946574446216,,
R4,Trending_RandomWalkDrift,0.9981756959345214,0.6751711369709945,0.8192006004032968,None,24,,,500,,,0.0,0.0,1.0593397530901345,,,0.10157036787923755
R1,Composite,0.9944581943187345,0.9840918812416031,0.8483421285706081,24,24,24.0,48.0,500,-0.1168603701819239,3.8174018962301175e-05,11.42015809117159,6.223020806583364,1.4321642056651176,,,
R2,Seasonal,0.9424707880709358,0.9950694243558793,0.9556122674278753,24,24,24.0,48.0,500,0.0,0.0,18.913556199534042,11.75551678622228,1.431167491296178,,,
R3,Stationary_WN,0.09210448417191952,0.34190913358480546,0.3715481585104051,None,22,,,500,0.0,0.0,0.0,0.0,8.262842166507902,,,
R4,Trending_RandomWalkDrift,0.9878788380928966,0.9809735887372735,0.9642491512833471,None,125,,,500,,,0.0,0.0,1.4858789403962966,,,-0.2570277687139544
R1,Composite,0.999715863722615,0.9839476104597926,0.8571575262391817,24,24,24.0,48.0,500,0.3776804336120224,1.8512889285968318e-05,9.817649718292662,5.957352449057392,1.4589438444731035,,,
R2,Seasonal,0.9329950969067441,0.9941031700731803,0.950419264398506,24,24,24.0,48.0,500,0.0,0.0,10.82462886927547,7.018066327801815,0.8875758344411684,,,
R3,Stationary_AR,0.05050183660435914,0.6703688325579341,0.5670190394382799,None,125,,,500,0.0,0.0,0.0,0.0,5.0,0.5121873172326556,,
R4,Trending_RandomWalkDrift,0.9998765277531062,0.7011560899457332,0.8759671443668562,None,24,,,500,,,0.0,0.0,0.6701233773074691,,,-0.4191077459462792
R1,Composite,0.9995243443203805,0.998835744851683,0.8964611067183954,48,50,48.0,96.0,500,-0.14818707876850826,-1.6012637462199063e-05,20.8198962782406,2.4133192730037454,0.5937499285054677,,,
R2,Seasonal,0.8951772470568057,0.9979981417306649,0.9397758537323094,48,50,48.0,96.0,500,0.0,0.0,17.607592476634743,4.693170101104282,0.7598148851465869,,,
R3,Stationary_WN,0.0,0.0035541217826055016,0.0,None,167,,,500,0.0,0.0,0.0,0.0,9.039121996325147,,,
R4,Trending_ExponentialGrowth,0.9988713909076943,0.32817848137990147,0.3688436050248709,None,24,,,500,,,0.0,0.0,1.432456573819234,,,
R1,Composite,0.9996637646538366,0.9969545819731721,0.8444843537307009,24,24,24.0,48.0,500,-0.343668162673997,1.7413695739320675e-05,22.45789831435964,5.142019824102936,1.4246767966161948,,,
R2,Seasonal,0.7785049993726123,0.9889639212693887,0.8485240226546128,24,24,24.0,48.0,500,0.0,0.0,14.275549916259596,6.1454474858586075,1.7106323104420023,,,
R3,Stationary_WN,0.48189863238667674,0.19176341007154418,0.31801789646670775,None,3,,,500,0.0,0.0,0.0,0.0,13.819054935967966,,,
R4,Trending_ExponentialGrowth,0.9986003680770512,0.3204120507825656,0.3789537579491089,None,24,,,500,,,0.0,0.0,1.3720319841718216,,,
R1,Composite,0.999934761164496,0.99774947452078,0.9375393216930531,24,24,24.0,48.0,500,-0.3035713097131835,-1.1355495706277547e-05,10.548337037598987,3.6435889180537293,0.5527897927556812,,,
R2,Seasonal,0.9403056303055262,0.9983466681506494,0.9538959067250877,24,24,24.0,48.0,500,0.0,0.0,18.480182432863877,6.4696539896984016,0.8803634468433339,,,
R3,Stationary_WN,0.26078385610312893,0.3760058169064061,0.2841675605940722,None,7,,,500,0.0,0.0,0.0,0.0,9.309880125665156,,,
R4,Trending_MeanShift,0.9997888276785947,0.9991616259154815,0.0,None,250,,,500,,,0.0,0.0,1.3415527200433988,,250.0,
R1,Composite,0.9994443680257638,0.9976108077213017,0.9797134572137258,48,50,48.0,96.0,500,-0.11441728159571828,-4.2599981112218543e-05,13.501963133769637,7.868677832352533,0.6872663133203644,,,
R2,Seasonal,0.9180515272501282,0.9961045485300679,0.9407161604502264,48,50,48.0,96.0,500,0.0,0.0,11.668698171986494,4.653920728312174,0.7982781379259457,,,
R3,Stationary_AR,0.30410792121254493,0.4652830779885342,0.5300028324996713,None,24,,,500,0.0,0.0,0.0,0.0,5.0,0.4236585547659504,,
R4,Trending_ExponentialGrowth,0.9936464088195935,0.3380242305326452,0.25528316603773193,None,24,,,500,,,0.0,0.0,1.093349673783387,,,
R1,Composite,0.9997450573625941,0.9951415129665203,0.8314536323595686,24,24,24.0,48.0,500,0.20337225435241227,4.3611938907133505e-05,10.38459815722495,2.8337827744119677,0.7975145016329023,,,
R2,Seasonal,0.9033942580707861,0.9906209540989079,0.9285296658443444,24,24,24.0,48.0,500,0.0,0.0,14.448093215067225,9.666529046388344,1.5399930864776339,,,
R3,Stationary_WN,0.5026678647126224,0.16225482903672284,0.31915104199043365,None,2,,,500,0.0,0.0,0.0,0.0,10.158195832909023,,,
R4,Trending_ExponentialGrowth,0.9964071254608584,0.36362713067361196,0.3507469238071592,None,24,,,500,,,0.0,0.0,0.8210214986804906,,,
R1,Composite,0.9995134493124018,0.9970079566895209,0.8764152129861397,12,12,12.0,24.0,500,0.3058905799919387,-2.4044766671905488e-05,24.055678028793263,6.907521959874673,1.4894779381069814,,,
R2,Seasonal,0.889180346133585,0.9986987772406882,0.8878391723888653,12,12,12.0,24.0,500,0.0,0.0,26.443008788151463,5.203417784039363,1.0224556969840985,,,
R3,Stationary_WN,0.397899208887344,0.19025124309523556,0.3387553817814589,None,3,,,500,0.0,0.0,0.0,0.0,11.581303638799627,,,
R4,Trending_MeanShift,0.9992555276518615,0.9970007310050402,0.0,None,250,,,500,,,0.0,0.0,0.7938585370298029,,250.0,
R1,Composite,0.9994676259567832,0.9970526694845698,0.7254808496902596,36,36,36.0,72.0,500,0.2530244155258946,-1.837774407430189e-05,20.925387919497947,2.493903965789112,1.133605607578938,,,
R2,Seasonal,0.9741118744863674,0.9992211161566068,0.9783791687660007,36,36,36.0,72.0,500,0.0,0.0,28.27749402190597,10.17557119001324,0.809416949139478,,,
R3,Stationary_WN,0.19113226556875618,0.2922783526888395,0.19560864835606007,None,6,,,500,0.0,0.0,0.0,0.0,14.22391211507695,,,
R4,Trending_RandomWalkDrift,0.9996411134404529,0.6856962985760073,0.8679849046848046,None,24,,,500,,,0.0,0.0,0.9330477415132294,,,0.33128142741805944
R1,Composite,0.9998346040952117,0.9930388780616377,0.9447791757852017,36,36,36.0,72.0,500,-0.3615207979959857,3.329244698341993e-05,10.872280836496548,7.099104861378011,0.9619204206374037,,,
R2,Seasonal,0.9001915442202586,0.9961649059946471,0.9201624378732728,36,36,36.0,72.0,500,0.0,0.0,17.81497038605825,7.038849154779176,1.1631521483616893,,,
R3,Stationary_WN,0.5681889190380944,0.1699412831064221,0.28422418506125535,None,2,,,500,0.0,0.0,0.0,0.0,11.451020045232031,,,
R4,Trending_MeanShift,0.9999386873603752,0.9997551988132003,0.0,None,250,,,500,,,0.0,0.0,0.6735122787564687,,250.0,
R1,Composite,0.9992584801203789,0.9814958018140741,0.9015344249859065,12,12,12.0,24.0,500,-0.19430928459669322,-2.2462552524632586e-05,8.391684315353743,6.673323557323007,1.191988071012255,,,
R2,Seasonal,0.9135339008755815,0.9982707926082565,0.9163846591038315,12,12,12.0,24.0,500,0.0,0.0,16.330626214934938,4.400586658428734,0.7705241593954907,,,
R3,Stationary_AR,0.38510929807839844,0.49869130836015185,0.6017149560223076,None,15,,,500,0.0,0.0,0.0,0.0,5.0,0.5776271192508475,,
R4,Trending_ExponentialGrowth,0.9993618278392906,0.439610461560225,0.35945064441778607,None,24,,,500,,,0.0,0.0,1.3511561672396186,,,
R1,Composite,0.9991979438236219,0.9976004199256798,0.7737756013430486,24,24,24.0,48.0,500,0.16282836263178374,-2.0281766204096607e-05,17.789396255825956,2.718690487988029,0.87681731429825,,,
R2,Seasonal,0.740051322429426,0.9866544616761629,0.8259963559251868,24,24,24.0,48.0,500,0.0,0.0,12.632311132905635,5.564342885183026,1.4635555538430896,,,
R3,Stationary_AR,0.031963664951875526,0.5668828330876867,0.5699049164815657,None,56,,,500,0.0,0.0,0.0,0.0,5.0,0.4188585784527774,,
R4,Trending_RandomWalkDrift,0.9895970743002247,0.6640403149455664,0.0,None,250,,,500,,,0.0,0.0,0.8873072398203952,,,0.4784224363959809
R1,Composite,0.9989827613042908,0.996390031870303,0.8218120588590367,48,100,48.0,96.0,500,0.11918365340436626,-2.128042999739879e-05,9.25656567656635,7.243305360091325,0.8154014957162711,,,
R2,Seasonal,0.9623056867634365,0.9985969873279869,0.9734722159871817,48,50,48.0,96.0,500,0.0,0.0,27.919140838179185,10.396923328780003,1.0248911889439893,,,
R3,Stationary_WN,0.5141325498979709,0.20377911605812515,0.3452684144887814,None,3,,,500,0.0,0.0,0.0,0.0,14.297015975437098,,,
R4,Trending_ExponentialGrowth,0.9970618444499286,0.4109777655893746,0.32057775136490063,None,24,,,500,,,0.0,0.0,1.1535169274630426,,,
R1,Composite,0.9998849279410313,0.9991053559868966,0.8618643778697971,12,12,12.0,24.0,500,-0.22768744806630953,-3.488344505415661e-05,17.923477280390728,2.555072890419796,0.5704454950643403,,,
R2,Seasonal,0.9705221469989659,0.9987233755718544,0.9685428274158073,12,12,12.0,24.0,500,0.0,0.0,24.939813676064013,9.984209743732436,0.9169451890283005,,,
R3,Stationary_AR,0.31430713337060034,0.58389327314002,0.6383083055417345,None,26,,,500,0.0,0.0,0.0,0.0,5.0,0.4896825941328565,,
R4,Trending_MeanShift,0.9998232499624959,0.9992950547985878,0.0,None,250,,,500,,,0.0,0.0,1.3464970648229184,,250.0,
R1,Composite,0.9989339713616443,0.9888353595316229,0.7995012751288243,48,50,48.0,96.0,500,0.17168686232217722,2.7005860735289307e-05,12.132156066068635,3.3298264531807185,1.2572323079082928,,,
R2,Seasonal,0.8652770059489829,0.9964537222256347,0.9164241202824547,48,50,48.0,96.0,500,0.0,0.0,16.473131151900247,4.931745979758373,1.0748219836154278,,,
R3,Stationary_AR,0.21140395769542153,0.46396905742787853,0.541356877583371,None,25,,,500,0.0,0.0,0.0,0.0,5.0,0.5058209897550835,,
R4,Trending_ExponentialGrowth,0.9986640671817139,0.4386314079927832,0.31738412352119283,None,24,,,500,,,0.0,0.0,0.658104593865829,,,
R1,Composite,0.9998553405624271,0.9969764862672834,0.7411023610807563,36,36,36.0,72.0,500,0.36546284954530706,4.4895090574674696e-05,17.17668603351319,2.759856513676616,0.887760172520586,,,
R2,Seasonal,0.9310864697044816,0.9973865208348787,0.9453466675283793,36,36,36.0,72.0,500,0.0,0.0,26.33964562481876,10.630345380003096,1.5498739789428035,,,
R3,Stationary_AR,0.18777814492270828,0.48360513692152185,0.5358815730778688,None,19,,,500,0.0,0.0,0.0,0.0,5.0,0.4478185959698352,,
R4,Trending_MeanShift,0.9971199931421398,0.9873528906810235,0.0,None,250,,,500,,,0.0,0.0,0.9056836758330489,,250.0,
R1,Composite,0.9997148073204462,0.9960069341018232,0.9282681366135322,24,24,24.0,48.0,500,-0.29986917370789024,3.3339406225576866e-05,15.199229594723661,6.303118928451463,1.108567140407637,,,
R2,Seasonal,0.9279461929533608,0.9988738284959398,0.9463746878327707,24,24,24.0,48.0,500,0.0,0.0,24.136027520453926,6.340809302936762,0.9106414735513095,,,
R3,Stationary_AR,0.27704900708422253,0.48862971414077017,0.666199059571434,None,29,,,500,0.0,0.0,0.0,0.0,5.0,0.5287521128126681,,
R4,Trending_MeanShift,0.9999744259076974,0.9998984370018146,0.39395680400510036,None,250,,,500,,,0.0,0.0,1.084069486022837,,250.0,
R1,Composite,0.9971180575345776,0.9967599666057321,0.8835548983057504,48,50,48.0,96.0,500,0.13483512896618513,-4.7408358733126094e-05,22.66546651823591,4.990289273991078,1.3775060776355503,,,
R2,Seasonal,0.8850705769924992,0.9890555782199998,0.9247760068367082,48,50,48.0,96.0,500,0.0,0.0,16.740436241175782,9.746013374520594,1.8150042103899655,,,
R3,Stationary_AR,0.08335401694563427,0.5863673746707416,0.5928425772667176,None,71,,,500,0.0,0.0,0.0,0.0,5.0,0.4796281072746469,,
R4,Trending_RandomWalkDrift,0.998025620995396,0.8775937050347906,0.8741133564470762,None,100,,,500,,,0.0,0.0,1.2663911957972207,,,-0.18154279999935105
R1,Composite,0.99973550197815,0.9980732107712559,0.9700015252677195,24,24,24.0,48.0,500,0.2081744821035002,-2.4715372413873804e-05,14.665593983038924,6.942627687112521,0.7123069504538144,,,
R2,Seasonal,0.9553575301621814,0.9938496017747762,0.964855970522448,24,24,24.0,48.0,500,0.0,0.0,15.032368866046692,11.978041934836696,1.256753014433123,,,
R3,Stationary_WN,0.45833750251828165,0.19561419317886575,0.30644954718100037,None,3,,,500,0.0,0.0,0.0,0.0,5.302625188451133,,,
R4,Trending_MeanShift,0.9998269832841451,0.9993314680332103,0.0,None,250,,,500,,,0.0,0.0,1.055192997705751,,250.0,
R1,Composite,0.9999505008796075,0.9993870951970869,0.9697207340403009,48,50,48.0,96.0,500,-0.3754882062301895,4.6813671926498925e-05,20.979070776991904,4.348050158110366,0.5138370929628593,,,
R2,Seasonal,0.09234776404206868,0.9985460402633247,0.9044237327779961,48,100,48.0,96.0,500,0.0,0.0,11.10687668008101,10.00384451464992,0.6530054689443395,,,
R3,Stationary_AR,0.2698495632871821,0.5612475533547439,0.6527003880675109,None,50,,,500,0.0,0.0,0.0,0.0,5.0,0.6172337937156722,,
R4,Trending_RandomWalkDrift,0.9910569115854554,0.7469782338648729,0.8701553470229225,None,24,,,500,,,0.0,0.0,0.6690410150842698,,,-0.1045126616712902
R1,Composite,0.997596767230147,0.9773546733935119,0.8342174969595142,12,12,12.0,24.0,500,-0.12300122764359896,-1.4107539719245376e-05,8.36471934022262,5.8682671327215505,1.2608985044646666,,,
R2,Seasonal,0.9219206132649185,0.9972038415628257,0.9178414833750459,12,12,12.0,24.0,500,0.0,0.0,20.325766450815657,7.110474853534811,1.1517712982945165,,,
R3,Stationary_WN,0.5168258272502192,0.2568849030535526,0.30058635293566727,None,3,,,500,0.0,0.0,0.0,0.0,7.474293160979348,,,
R4,Trending_ExponentialGrowth,0.9946438258454815,0.40996430246962623,0.30110561064766095,None,24,,,500,,,0.0,0.0,1.3466570964097664,,,
R1,Composite,0.9991601421081974,0.9900665276204447,0.6106434888884718,36,36,36.0,72.0,500,0.2230011035370063,-2.634307935339533e-05,12.388133176242436,2.1510445241762173,1.343112881858219,,,
R2,Seasonal,0.8823291556946664,0.981940054110809,0.9129724652532901,36,36,36.0,72.0,500,0.0,0.0,12.328923842736078,9.93820322718491,1.7399020445159668,,,
R3,Stationary_AR,0.39154765179146656,0.44432193318957247,0.6390156030284972,None,18,,,500,0.0,0.0,0.0,0.0,5.0,0.6136310852047917,,
R4,Trending_RandomWalkDrift,0.9928366913281995,0.5675009529032993,0.826061191386648,None,24,,,500,,,0.0,0.0,1.2830145168424971,,,0.15789246408143726
R1,Composite,0.997754822928344,0.9839078868297637,0.8801939409966164,12,12,12.0,24.0,500,0.12363497819404666,-2.3067335939338523e-05,8.33789648481031,5.587579765503388,1.246145318583005,,,
R2,Seasonal,0.5723668151224865,0.9951658404103171,0.6798925811612003,12,12,12.0,24.0,500,0.0,0.0,26.478928816393868,4.592297908679413,1.7222539402718429,,,
R3,Stationary_AR,0.36568847910433455,0.579666486071783,0.6408876044038876,None,17,,,500,0.0,0.0,0.0,0.0,5.0,0.6035477387904072,,
R4,Trending_RandomWalkDrift,0.97753616718693,0.09096394216607606,0.0,None,250,,,500,,,0.0,0.0,1.1760190978101965,,,0.3693667571069088
R1,Composite,0.9996891643126552,0.9922831341421341,0.6899347061751488,24,24,24.0,48.0,500,-0.31336874086316313,-4.62722555249173e-05,13.593431935975666,2.8387772100376454,1.2412740065540704,,,
R2,Seasonal,0.74746509012028,0.9889377250289983,0.8083403000451181,24,24,24.0,48.0,500,0.0,0.0,17.197716179203013,6.540214436165195,1.9868240756775948,,,
R3,Stationary_WN,0.1104590281004948,0.40343545568299166,0.3607033229794787,None,17,,,500,0.0,0.0,0.0,0.0,9.465715765547733,,,
R4,Trending_RandomWalkDrift,0.9972983171201921,0.9299167115683955,0.7373335587083536,None,250,,,500,,,0.0,0.0,1.0310854056152763,,,-0.23438547753814218
R1,Composite,0.9992781371863535,0.9932071612947376,0.7977867734861844,12,12,12.0,24.0,500,0.24245884353649963,1.9660079134459644e-05,16.419914170944967,4.990634829570432,1.4514584519939762,,,
R2,Seasonal,0.8806891975287872,0.9986111271328622,0.8826332151992675,12,12,12.0,24.0,500,0.0,0.0,25.18801353729652,4.92825357579595,1.008003022796051,,,
R3,Stationary_WN,0.3215101448212748,0.32501467858377897,0.3386112897809326,None,5,,,500,0.0,0.0,0.0,0.0,5.989924916100492,,,
R4,Trending_RandomWalkDrift,0.9934391527503724,0.617162341208829,0.8788100537161511,None,24,,,500,,,0.0,0.0,0.7944908756653511,,,-0.1731017668924379
R1,Composite,0.9997932587469153,0.997590654463041,0.8035766516638925,24,24,24.0,48.0,500,0.3727491634155169,2.788483938657944e-05,22.858758111158576,3.5189057743352845,1.2320947320024316,,,
R2,Seasonal,0.948969898929328,0.9972995065831387,0.9607465524837618,24,24,24.0,48.0,500,0.0,0.0,24.500001873282798,11.80836928809665,1.4161174800630791,,,
R3,Stationary_AR,0.21792214659931486,0.4757565776808199,0.5842134198124393,None,26,,,500,0.0,0.0,0.0,0.0,5.0,0.5696536831807036,,
R4,Trending_RandomWalkDrift,0.9998526913710751,0.7140096752295262,0.8819962769273547,None,24,,,500,,,0.0,0.0,0.5090685969664741,,,-0.4866118703663128
R1,Composite,0.999818020779765,0.999270378909477,0.9715922437973763,48,50,48.0,96.0,500,-0.25415152891647663,3.0006959256754193e-05,24.83414489946207,5.986259740206977,0.647995662602823,,,
R2,Seasonal,0.9409597246094263,0.9937279266860711,0.9527628019632101,48,50,48.0,96.0,500,0.0,0.0,18.17029472667756,10.91112407092806,1.4556019864670258,,,
R3,Stationary_AR,0.20678808764919876,0.6884039198802325,0.6948128804569484,None,100,,,500,0.0,0.0,0.0,0.0,5.0,0.6733424900215974,,
R4,Trending_RandomWalkDrift,0.9995836238683568,0.6905029850459048,0.8590339339113651,None,24,,,500,,,0.0,0.0,0.6027199910097798,,,-0.31181319599369894
R1,Composite,0.9992248737319783,0.9965294620105125,0.9318333243687998,48,50,48.0,96.0,500,-0.16189111909208562,4.553392101824271e-05,13.599740570528112,4.7648910738876955,0.8339211188793223,,,
R2,Seasonal,0.9805369644121366,0.9990839537371323,0.9853986709811351,48,50,48.0,96.0,500,0.0,0.0,27.297241096448452,11.340396941922432,0.8244831229853667,,,
R3,Stationary_AR,0.43040474981942056,0.29540496096669433,0.5434363042374595,None,8,,,500,0.0,0.0,0.0,0.0,5.0,0.48024386985745154,,
R4,Trending_MeanShift,0.9998446178253763,0.9993741185165297,0.0,None,250,,,500,,,0.0,0.0,1.070774686046934,,250.0,
R1,Composite,0.9993810193163535,0.9919396123448136,0.8835693375522097,36,36,36.0,72.0,500,-0.25764899790286894,-3.956786854718564e-05,15.897965937533275,7.205488745586035,1.3506732265335213,,,
R2,Seasonal,0.854166668265205,0.9876269217822324,0.8843342717989686,36,36,36.0,72.0,500,0.0,0.0,13.206166271755286,7.515735455498142,1.627479430943057,,,
R3,Stationary_WN,0.35133437416602686,0.23213860482078652,0.32331932911053307,None,4,,,500,0.0,0.0,0.0,0.0,12.993212922699897,,,
R4,Trending_RandomWalkDrift,0.99964368963653,0.715328421664881,0.8916952104449473,None,24,,,500,,,0.0,0.0,0.9337574689387662,,,0.3382362038115979
R1,Composite,0.9981735890724931,0.9866949379039703,0.910743864407833,12,12,12.0,24.0,500,-0.10198244342912895,-3.459070269962499e-05,9.056256154643703,6.661217767210934,1.1574889101435772,,,
R2,Seasonal,0.6306264946341589,0.9947614457119208,0.7283048568578391,12,12,12.0,24.0,500,0.0,0.0,23.584446466166362,4.395319960797158,1.6916048745676193,,,
R3,Stationary_WN,0.4347493858464776,0.2162769833806405,0.27985253464712356,None,3,,,500,0.0,0.0,0.0,0.0,13.235503422179272,,,
R4,Trending_RandomWalkDrift,0.9996069947855157,0.5921382030749156,0.8610343810436449,None,24,,,500,,,0.0,0.0,0.5699241635702972,,,0.46252081246440324
R1,Composite,0.9997191612123691,0.9972787903209404,0.8758869091930155,12,12,12.0,24.0,500,-0.36563644984269716,1.072489945387825e-05,23.6659379388908,6.387592384721053,1.3392715710150545,,,
R2,Seasonal,0.9674438318065639,0.9981273428340509,0.9641174161086916,12,12,12.0,24.0,500,0.0,0.0,16.16486166380818,7.355113651342249,0.7290941921287302,,,
R3,Stationary_AR,0.3339488691840352,0.3936272450996192,0.46089279179152376,None,10,,,500,0.0,0.0,0.0,0.0,5.0,0.4682604265206976,,
R4,Trending_RandomWalkDrift,0.9990677419074452,0.686618529405747,0.9130354674300531,None,24,,,500,,,0.0,0.0,1.0460791579190922,,,-0.14997781343601618
R1,Composite,0.9996212936368036,0.9811577357346675,0.5964056084761216,12,12,12.0,24.0,500,0.3499679814814529,1.6194738029184737e-05,10.351966748341821,2.8071215321463496,1.2573033975484973,,,
R2,Seasonal,0.9350294012161781,0.9931178719316643,0.9332665581477377,12,12,12.0,24.0,500,0.0,0.0,18.261139157447936,11.348447010476228,1.6654227816606053,,,
R3,Stationary_AR,0.0,0.0,0.0,None,250,,,500,0.0,0.0,0.0,0.0,5.0,0.5558179637640474,,
R4,Trending_ExponentialGrowth,0.998870816397024,0.3823848122244713,0.44107321660523335,None,24,,,500,,,0.0,0.0,1.0832277925533955,,,
R1,Composite,0.9996052692743956,0.9901212136043102,0.5930079416779495,36,36,36.0,72.0,500,0.29760834391679164,3.971532684622328e-05,12.718980630874638,2.1429493053200863,1.233920506360069,,,
R2,Seasonal,0.985045320173597,0.9976907428678505,0.9874697783692534,36,36,36.0,72.0,500,0.0,0.0,13.698062654052578,11.313924209187299,0.6559710892478836,,,
R3,Stationary_WN,0.5417545841764038,0.1765398602743593,0.2422319740490061,None,2,,,500,0.0,0.0,0.0,0.0,12.159647930546326,,,
R4,Trending_RandomWalkDrift,0.9997714637557386,0.5752522960977817,0.8339939872795945,None,24,,,500,,,0.0,0.0,1.1594755528842895,,,-0.4336288293797351
R1,Composite,0.997642101869981,0.9924768693494682,0.8276547263727223,48,50,48.0,96.0,500,-0.11319590840418396,-1.4069784171232228e-05,13.987665529434162,3.8801326616983087,1.2445965123030254,,,
R2,Seasonal,0.6722512674552722,0.9694964228908668,0.7901048949687851,48,50,48.0,96.0,500,0.0,0.0,12.144066154694244,6.036451220046419,1.8602658454538643,,,
R3,Stationary_WN,0.4495393181855567,0.23865034451962608,0.337909199510698,None,3,,,500,0.0,0.0,0.0,0.0,6.891617793430285,,,
R4,Trending_RandomWalkDrift,0.9998127225506606,0.6390638416617755,0.8926595081382188,None,24,,,500,,,0.0,0.0,1.3352461056693372,,,-0.4769713114013824
R1,Composite,0.9990354268684853,0.9980187348725067,0.8517390645035088,24,24,24.0,48.0,500,0.17422968390203308,-2.2148535362180286e-05,23.087240157439616,4.615404481966193,1.2184618872410202,,,
R2,Seasonal,0.8810817450189941,0.9899868439605962,0.9119349240788733,24,24,24.0,48.0,500,0.0,0.0,15.37230846817222,9.263160156936149,1.6002586833429802,,,
R3,Stationary_AR,0.3938481708545202,0.6815604734989962,0.7570425836518919,None,26,,,500,0.0,0.0,0.0,0.0,5.0,0.6928120591630724,,
R4,Trending_MeanShift,0.9975266392787075,0.9892466876330875,0.0,None,250,,,500,,,0.0,0.0,0.7627099557835304,,250.0,
R1,Composite,0.999680395675455,0.9988662156015975,0.7708474943509078,12,12,12.0,24.0,500,-0.24016668335765762,2.481841983839558e-05,24.790542415640772,2.6837100860618435,0.8271191858335413,,,
R2,Seasonal,0.9621925479834781,0.9995749094034388,0.9593303509523762,12,12,12.0,24.0,500,0.0,0.0,25.899251839086325,5.239192491678069,0.5838961539796093,,,
R3,Stationary_WN,0.5460517211149029,0.1459566093517114,0.23096184696631905,None,2,,,500,0.0,0.0,0.0,0.0,10.333749835861763,,,
R4,Trending_RandomWalkDrift,0.9996450767072491,0.9699199054886017,0.9153361153410775,None,125,,,500,,,0.0,0.0,0.618587463829665,,,-0.3293471018959756
R1,Composite,0.9997305788708045,0.9921428047622931,0.9063143243640482,24,24,24.0,48.0,500,-0.34393176794746544,-2.1608195969910564e-05,13.018033276281075,6.709822816546513,1.2215523055190813,,,
R2,Seasonal,0.9445373498512555,0.9941631367830785,0.9573559058062806,24,24,24.0,48.0,500,0.0,0.0,16.21353880206926,11.20697303153931,1.5277129443585988,,,
R3,Stationary_AR,0.04283718552790439,0.5334148262677645,0.514836472419701,None,56,,,500,0.0,0.0,0.0,0.0,5.0,0.44493775895004817,,
R4,Trending_MeanShift,0.9998701467464272,0.9994722602072093,0.0,None,250,,,500,,,0.0,0.0,1.1108247617889768,,250.0,
R1,Composite,0.9994860913490217,0.9834730962899079,0.5409991208487854,12,12,12.0,24.0,500,0.3176858858902736,-4.0845466666795464e-05,10.651727158537849,2.1044610585876318,1.4145501266418674,,,
R2,Seasonal,0.8607077775938249,0.9977677176652469,0.8715114225191479,12,12,12.0,24.0,500,0.0,0.0,19.450524974890445,4.4448361304503585,1.091539602967123,,,
R3,Stationary_AR,0.40088761969768505,0.5247583708378416,0.7226757589176864,None,31,,,500,0.0,0.0,0.0,0.0,5.0,0.6901241403621617,,
R4,Trending_RandomWalkDrift,0.9992982630227508,0.9045331933351348,0.000527431933489031,None,250,,,500,,,0.0,0.0,1.1484461948958549,,,0.4436109156997332
R1,Composite,0.9998749412740692,0.9983542680087543,0.9663139421322612,48,50,48.0,96.0,500,-0.3092089994513503,-3.094284257597031e-05,18.65659463278736,6.719273143832005,0.7490706738463958,,,
R2,Seasonal,0.08150168009227265,0.9885443111404075,0.6392300357263634,48,100,48.0,96.0,500,0.0,0.0,12.499574087435128,9.252992421317675,1.3558791967786774,,,
R3,Stationary_AR,0.38627956637332206,0.7040393049623369,0.7597311293576678,None,45,,,500,0.0,0.0,0.0,0.0,5.0,0.6895497605866168,,
R4,Trending_RandomWalkDrift,0.9992435936788985,0.6483222390901836,0.8547662289300153,None,24,,,500,,,0.0,0.0,0.7824320561292237,,,-0.2252543963863885
R1,Composite,0.9983633171097567,0.9950693912743772,0.7945605866708947,48,50,48.0,96.0,500,0.13537627987396453,3.547105036837419e-05,18.79165024754844,3.270091034429352,1.1351219809874689,,,
R2,Seasonal,0.07045649486873751,0.9942180585955707,0.6726886392051413,48,100,48.0,96.0,500,0.0,0.0,10.507467451421617,11.094751492271312,0.8395629260340935,,,
R3,Stationary_AR,0.07629994913935878,0.519096463439368,0.5217249445520008,None,36,,,500,0.0,0.0,0.0,0.0,5.0,0.5156702972150693,,
R4,Trending_RandomWalkDrift,0.9837318340562587,0.7567231286605103,0.9017044279837845,None,24,,,500,,,0.0,0.0,1.0330457101633415,,,0.1730069602835046
R1,Composite,0.9972634939140521,0.9960596801372157,0.7341879110198875,24,24,24.0,48.0,500,-0.1271744699066626,3.4975208991222274e-05,18.0782081289126,3.073936004275053,1.0407058222686356,,,
R2,Seasonal,0.9449174340811108,0.9964768484877184,0.9587523553615799,24,24,24.0,48.0,500,0.0,0.0,21.61822199671306,11.569920428771528,1.382881293564912,,,
R3,Stationary_WN,0.3415743380870737,0.23657949190784977,0.3819322179088793,None,4,,,500,0.0,0.0,0.0,0.0,8.248243609379074,,,
R4,Trending_MeanShift,0.9993608116646869,0.9973714491197396,0.0,None,250,,,500,,,0.0,0.0,1.1144333314839954,,250.0,
R1,Composite,0.999907483809358,0.9983112398609707,0.95193533952979,48,50,48.0,96.0,500,-0.3973921696564392,-1.256761368894221e-05,19.767913793445363,5.671052497023613,0.7745314901551306,,,
R2,Seasonal,0.8735051668883256,0.9983844999789645,0.9414108183921627,48,50,48.0,96.0,500,0.0,0.0,22.29426526051394,4.947908859486847,0.7312958112519228,,,
R3,Stationary_WN,0.026094878254997678,0.3627067073103202,0.3505733870191349,None,38,,,500,0.0,0.0,0.0,0.0,7.050297254439083,,,
R4,Trending_RandomWalkDrift,0.999611420417282,0.761739156250157,0.9054479467215955,None,24,,,500,,,0.0,0.0,1.1364996893868322,,,0.3347284295048841
R1,Composite,0.998546884018561,0.9935644741975252,0.7250246083768375,48,50,48.0,96.0,500,0.19570293667784772,-1.3885394488616402e-05,18.980666463071167,2.623570735667368,1.4583660895591846,,,
R2,Seasonal,0.9343411355030409,0.9995086391470165,0.9739947098722842,48,50,48.0,96.0,500,0.0,0.0,26.970336436684157,4.742750861871083,0.533729835708134,,,
R3,Stationary_WN,0.2749874347519984,0.34697698657366627,0.2949948907831814,None,5,,,500,0.0,0.0,0.0,0.0,12.308124351498105,,,
R4,Trending_ExponentialGrowth,0.9947903738480126,0.4638761609290195,0.372361793862665,None,24,,,500,,,0.0,0.0,1.3499051707084624,,,
R1,Composite,0.9998113244975421,0.989485796267521,0.7739572527595266,36,36,36.0,72.0,500,0.33821628519075975,-3.8344484682523836e-05,8.594234384118101,2.567722968618464,0.9239991088925839,,,
R2,Seasonal,0.9042739787231626,0.9984057030874767,0.9286787039253287,36,36,36.0,72.0,500,0.0,0.0,20.64345968610573,5.417832180817008,1.0049601528558583,,,
R3,Stationary_WN,0.4208965790216658,0.2795253623086903,0.3744478349219805,None,3,,,500,0.0,0.0,0.0,0.0,8.618873289825892,,,
R4,Trending_ExponentialGrowth,0.9962607466987828,0.362884518208902,0.34363688105753687,None,24,,,500,,,0.0,0.0,0.922187961520845,,,
R1,Composite,0.9992103402765677,0.9987598152206416,0.9206012031113675,12,12,12.0,24.0,500,0.1550386687160484,-3.162575321851431e-05,22.61087902463833,5.391205335845768,0.879183031372534,,,
R2,Seasonal,0.9133650671922002,0.9890154488040843,0.9112421907055519,12,12,12.0,24.0,500,0.0,0.0,14.35997480611378,9.412788310305459,1.7564605858879478,,,
R3,Stationary_AR,0.1818103170973614,0.390076794447782,0.45616209444717126,None,24,,,500,0.0,0.0,0.0,0.0,5.0,0.4538232967672024,,
R4,Trending_ExponentialGrowth,0.9972487358158865,0.3189417302781483,0.3765103962006604,None,24,,,500,,,0.0,0.0,0.782759748696006,,,
R1,Composite,0.9989342700976054,0.9972657064479041,0.8854169109894408,36,36,36.0,72.0,500,-0.17118000911338155,-2.10324044780345e-05,23.56212676049003,6.266308896112336,1.3177585393327258,,,
R2,Seasonal,0.9471990820234092,0.9889091063582499,0.9574562042447331,36,36,36.0,72.0,500,0.0,0.0,10.067221461133627,9.654097961831079,1.1161811888925264,,,
R3,Stationary_AR,0.47757505171272363,0.5263815441073632,0.7081734972250494,None,24,,,500,0.0,0.0,0.0,0.0,5.0,0.6519172748532531,,
R4,Trending_ExponentialGrowth,0.996708773573025,0.38443378275663653,0.3621170456405959,None,24,,,500,,,0.0,0.0,1.2715200925096661,,,
R1,Composite,0.9997726246597872,0.9980102343313789,0.8775325527581251,36,36,36.0,72.0,500,-0.2791180455865462,3.5454657840091363e-05,18.08636985920708,3.909947688365575,0.9368428936646361,,,
R2,Seasonal,0.9666637236332316,0.9989131969040933,0.97248227479168,36,36,36.0,72.0,500,0.0,0.0,25.27980860498112,9.321605842992907,0.8097951314395754,,,
R3,Stationary_WN,0.4048227279104897,0.20139877401198458,0.3296673103448925,None,4,,,500,0.0,0.0,0.0,0.0,7.190289471362815,,,
R4,Trending_RandomWalkDrift,0.9949279635835773,0.8162533194989627,0.0,None,250,,,500,,,0.0,0.0,1.0411530338062036,,,0.4334677359242056
R1,Composite,0.9991590516566047,0.9857132658815716,0.7861849335565722,36,36,36.0,72.0,500,0.20502933413932578,-1.958595705907182e-05,9.498559948674155,3.650385158064925,1.133578494274325,,,
R2,Seasonal,0.6858301771344855,0.996721972594772,0.7862882640975781,36,36,36.0,72.0,500,0.0,0.0,29.56877786172614,5.637787814058836,1.9746326169481798,,,
R3,Stationary_WN,0.4720850893831816,0.06047870462782767,0.2196392061119018,None,2,,,500,0.0,0.0,0.0,0.0,8.129893790491357,,,
R4,Trending_MeanShift,0.9999347992860282,0.9997392723676558,0.0,None,250,,,500,,,0.0,0.0,0.7085242228939787,,250.0,
R1,Composite,0.9997323416019958,0.9992557000317674,0.8048369159454284,24,24,24.0,48.0,500,0.20171792018008106,-3.154345503829789e-05,22.683492393477795,2.1038512500439706,0.6655911628062411,,,
R2,Seasonal,0.822465403226065,0.9895942947484933,0.8751341377205786,24,24,24.0,48.0,500,0.0,0.0,18.395560943771972,9.02536332189607,1.9130522040853688,,,
R3,Stationary_WN,0.1628926612833308,0.32203104622633616,0.2779608466527078,None,11,,,500,0.0,0.0,0.0,0.0,9.910234540897399,,,
R4,Trending_ExponentialGrowth,0.9975250886156194,0.4029714964875094,0.3825382398601769,None,24,,,500,,,0.0,0.0,1.471692083564301,,,
R1,Composite,0.9997790544316076,0.9973033340364473,0.979512504068344,12,12,12.0,24.0,500,-0.16587693169772977,-2.7229944671495915e-05,10.556570229926148,7.70374425230112,0.5478669334156215,,,
R2,Seasonal,0.9567139646825945,0.9990340610930541,0.9530897029414428,12,12,12.0,24.0,500,0.0,0.0,28.958388123846873,8.082837438159869,0.9836428400351349,,,
R3,Stationary_AR,0.35150361845152933,0.45345637844461295,0.5230589008069351,None,14,,,500,0.0,0.0,0.0,0.0,5.0,0.5318900897841511,,
R4,Trending_MeanShift,0.9994805761137775,0.9979927482781884,0.0,None,250,,,500,,,0.0,0.0,1.2200324497897244,,250.0,
R1,Composite,0.9998389514176848,0.9984430280877865,0.9457974076314515,24,24,24.0,48.0,500,0.3193097105112636,-4.876254545286772e-05,19.184442314044958,5.867692328750505,0.8656512068797373,,,
R2,Seasonal,0.9869769937181672,0.999562847904195,0.989927311513587,24,24,24.0,48.0,500,0.0,0.0,29.446069542261174,11.514565773097281,0.6231318776943371,,,
R3,Stationary_AR,0.2669089695673801,0.6140638729542057,0.7169499930610785,None,33,,,500,0.0,0.0,0.0,0.0,5.0,0.6358600132454941,,
R4,Trending_MeanShift,0.9998704345217989,0.9994832776692805,0.0,None,250,,,500,,,0.0,0.0,0.8740614508658251,,250.0,
R1,Composite,0.9998688863833624,0.9957223511650429,0.9461040618130845,48,50,48.0,96.0,500,-0.35676962625370967,-2.8878082978736238e-05,13.633450264602033,6.134399669523762,1.0042373346953049,,,
R2,Seasonal,0.9599698990685235,0.9950843536502423,0.9678349454199623,48,50,48.0,96.0,500,0.0,0.0,17.40997960874079,11.467001838916946,1.1843150683611225,,,
R3,Stationary_AR,0.49090166600671215,0.5018319627799742,0.5895600211774091,None,16,,,500,0.0,0.0,0.0,0.0,5.0,0.6915517267394404,,
R4,Trending_ExponentialGrowth,0.9972108331099575,0.3358549348588945,0.32912945091730283,None,24,,,500,,,0.0,0.0,1.3058794776235012,,,
R1,Composite,0.9992937374922225,0.9991684651262539,0.9305368976028445,36,36,36.0,72.0,500,-0.13640780618482085,2.473901147341951e-05,23.57931087074896,4.654416873560665,0.7825207216122699,,,
R2,Seasonal,0.7722993716926663,0.996576958127972,0.8466003854470756,36,36,36.0,72.0,500,0.0,0.0,20.321074265928118,4.941606710191885,1.2448315003848363,,,
R3,Stationary_AR,0.15888980430112465,0.7276404778214856,0.6912546208178418,None,100,,,500,0.0,0.0,0.0,0.0,5.0,0.6480057469513576,,
R4,Trending_RandomWalkDrift,0.9782315746614366,0.9103647335979893,0.0,None,250,,,500,,,0.0,0.0,0.52472036395739,,,0.11944188124608127
R1,Composite,0.9998576542701522,0.99672775129772,0.853048055571004,36,36,36.0,72.0,500,-0.25044149669802007,4.413760386106912e-05,9.676521646140127,2.5076035002274457,0.58489863304657,,,
R2,Seasonal,0.8993127953051379,0.9929026305133235,0.9224522377732479,36,36,36.0,72.0,500,0.0,0.0,10.862771219110003,5.846555204378568,1.034558108719628,,,
R3,Stationary_AR,0.4662024973435527,0.43982218169516973,0.6036296113125507,None,12,,,500,0.0,0.0,0.0,0.0,5.0,0.6322501564747223,,
R4,Trending_MeanShift,0.9998061986984002,0.9992142318000427,0.0,None,250,,,500,,,0.0,0.0,1.0130833713982108,,250.0,
R1,Composite,0.9995521921593427,0.9960488669217826,0.884579431946634,12,12,12.0,24.0,500,-0.2871353238195289,-4.793646251634482e-05,21.423419331057232,7.077425838450222,1.4562737438320044,,,
R2,Seasonal,0.97850154086887,0.9974693795104029,0.9767550915987235,12,12,12.0,24.0,500,0.0,0.0,16.461477724069795,10.865842561812034,0.905192255570535,,,
R3,Stationary_AR,0.3636911325145431,0.3837760727420435,0.4272093973913821,None,10,,,500,0.0,0.0,0.0,0.0,5.0,0.4659091553747807,,
R4,Trending_RandomWalkDrift,0.9993823329342874,0.7487764324414361,0.9229001056669311,None,24,,,500,,,0.0,0.0,0.5479260567024383,,,0.16876485374567907
R1,Composite,0.9999422088068407,0.9993980617281425,0.9231010505861039,12,12,12.0,24.0,500,-0.3898544093041145,1.581780109896624e-05,24.133017710403823,4.088520173596043,0.6197059823622908,,,
R2,Seasonal,0.9092849968763635,0.9952945780567028,0.9081132206390113,12,12,12.0,24.0,500,0.0,0.0,20.736423041143727,8.727563673145504,1.4291128938432287,,,
R3,Stationary_WN,0.3250236517569154,0.2977950139546198,0.282359273624297,None,5,,,500,0.0,0.0,0.0,0.0,7.734661392969436,,,
R4,Trending_MeanShift,0.9999630152589921,0.9998523686892111,0.25429688608344714,None,250,,,500,,,0.0,0.0,0.8132880973392227,,250.0,
R1,Composite,0.9996400302121534,0.988939818825582,0.7727480009709001,48,50,48.0,96.0,500,-0.32217675533295764,3.219615890170328e-05,11.52429005094568,2.9891652309516266,1.248145004461675,,,
R2,Seasonal,0.9134725931238933,0.9919798194491373,0.9358584128141307,48,50,48.0,96.0,500,0.0,0.0,19.635734809722106,11.249300524552172,1.7303838490941605,,,
R3,Stationary_WN,0.5367233559527642,0.25620721690793724,0.30024599488051584,None,2,,,500,0.0,0.0,0.0,0.0,5.506898416333572,,,
R4,Trending_RandomWalkDrift,0.9996808277877651,0.9596567599799871,0.8837337303834913,None,167,,,500,,,0.0,0.0,0.694010053290129,,,-0.4781669070753932
R1,Composite,0.9992974067901442,0.991427860087597,0.6277435575639212,12,12,12.0,24.0,500,0.28925932411722394,-3.5445697866095976e-05,15.877091316810244,2.662311469033077,1.4488271583197636,,,
R2,Seasonal,0.8243050562745128,0.9942408661091421,0.8432352013189903,12,12,12.0,24.0,500,0.0,0.0,16.690012268893316,5.509946701265252,1.4888817938150531,,,
R3,Stationary_AR,0.12763178155587773,0.5951171672999764,0.6783822704244068,None,50,,,500,0.0,0.0,0.0,0.0,5.0,0.643472168181068,,
R4,Trending_MeanShift,0.9999232611591123,0.999698189330458,0.0,None,250,,,500,,,0.0,0.0,0.9619024341618868,,250.0,
R1,Composite,0.9996696561152988,0.9892216952122898,0.8987989013511151,24,24,24.0,48.0,500,-0.34350556146509814,-4.794057683440059e-05,12.694103036500287,7.2997362250311095,1.4872339610046477,,,
R2,Seasonal,0.9225805646794006,0.9959612004909694,0.9414043308112632,24,24,24.0,48.0,500,0.0,0.0,19.916758167962296,9.449191080832295,1.3028352392232343,,,
R3,Stationary_AR,0.04358129398675936,0.43633800606868434,0.5391277471491425,None,62,,,500,0.0,0.0,0.0,0.0,5.0,0.5175320470212523,,
R4,Trending_ExponentialGrowth,0.9994750802721385,0.30739088317202046,0.3068738125156374,None,24,,,500,,,0.0,0.0,0.5777643741324492,,,
R1,Composite,0.9995556039907616,0.9986861052745216,0.8512599176130935,24,24,24.0,48.0,500,-0.20067148627236325,-1.6697594517225725e-05,24.389242015793734,3.4679918443392044,1.0335014058919993,,,
R2,Seasonal,0.805878544853744,0.9983817677796204,0.8648621245305432,24,24,24.0,48.0,500,0.0,0.0,29.16467441165488,5.317233016297012,1.3400138242218254,,,
R3,Stationary_WN,0.12492580729255731,0.34532177033152156,0.28593472305349144,None,14,,,500,0.0,0.0,0.0,0.0,13.825051918478056,,,
R4,Trending_RandomWalkDrift,0.9987240599944656,0.7902250010729285,0.8891774539172747,None,24,,,500,,,0.0,0.0,0.8637462724290893,,,0.24493854614452837
R1,Composite,0.9997875411516272,0.9960086509215657,0.780188909309129,24,24,24.0,48.0,500,0.3243547574939602,3.686655244030154e-05,15.976878095316879,3.2003289664141223,1.0409523540322874,,,
R2,Seasonal,0.9548183195596569,0.9980724788591441,0.9661503245804837,24,24,24.0,48.0,500,0.0,0.0,25.038680790515507,11.0154473206088,1.2419813753834603,,,
R3,Stationary_AR,0.15745924245852116,0.5800020298655197,0.6333354598908212,None,38,,,500,0.0,0.0,0.0,0.0,5.0,0.4565228002920403,,
R4,Trending_ExponentialGrowth,0.9994010976955102,0.3968180232827291,0.29158478553264533,None,24,,,500,,,0.0,0.0,0.8949070407196448,,,
R1,Composite,0.9997704639162049,0.9979348212959891,0.9579602560835287,12,12,12.0,24.0,500,0.17812422111077206,2.5566412505843935e-05,12.923528056443779,5.557473321386069,0.5837953977183169,,,
R2,Seasonal,0.858086134594416,0.9762732731995364,0.8685301422936593,12,12,12.0,24.0,500,0.0,0.0,10.330312087030311,7.926016415724626,1.7761922931447887,,,
R3,Stationary_WN,0.42968654911082527,0.15257239559562163,0.31263187846385143,None,3,,,500,0.0,0.0,0.0,0.0,11.634451843771494,,,
R4,Trending_ExponentialGrowth,0.9982645751645021,0.43785887768937226,0.3969816776251054,None,24,,,500,,,0.0,0.0,1.3952687948525526,,,
R1,Composite,0.9966176563268647,0.9737427437023805,0.8102279209206923,48,50,48.0,96.0,500,-0.12894498518268566,2.1582124722519765e-05,8.973321859565774,4.010480389449384,1.3346779909695652,,,
R2,Seasonal,0.5799178543948835,0.9915552250446269,0.7884235423093763,48,50,48.0,96.0,500,0.0,0.0,24.722762087296246,4.903649232338321,1.9569249772705357,,,
R3,Stationary_AR,0.20717068979410314,0.4941991577865522,0.5357170916751768,None,20,,,500,0.0,0.0,0.0,0.0,5.0,0.475919142145095,,
R4,Trending_MeanShift,0.9873610765211782,0.9616715520853338,0.0,None,250,,,500,,,0.0,0.0,1.07423514321856,,250.0,
R1,Composite,0.9985017732663982,0.9949348286702485,0.677383575161937,12,12,12.0,24.0,500,0.19141963771472123,3.952975309494388e-05,23.320077463341093,3.883707230597685,1.4944670910288582,,,
R2,Seasonal,0.9191402803445812,0.9967904120475487,0.9150334915155078,12,12,12.0,24.0,500,0.0,0.0,25.675762068785264,9.471360767633087,1.5132979705643503,,,
R3,Stationary_AR,0.10404531354002666,0.5686749892755595,0.6097079320656642,None,50,,,500,0.0,0.0,0.0,0.0,5.0,0.5417849925113929,,
R4,Trending_ExponentialGrowth,0.9978580795101463,0.42003914162279254,0.3433591838970518,None,24,,,500,,,0.0,0.0,0.9937738486209181,,,
R1,Composite,0.9997484924230413,0.9977302692948316,0.9407114746526029,12,12,12.0,24.0,500,0.2749989030781129,1.36317285064326e-05,19.02234564413392,7.284659499532982,0.9598783944887713,,,
R2,Seasonal,0.889407660956306,0.9902635018725333,0.8907580900049188,12,12,12.0,24.0,500,0.0,0.0,15.259104444138236,8.619604623223703,1.6469635962937235,,,
R3,Stationary_AR,0.09351117196379932,0.6425837225832691,0.5974941049582921,None,100,,,500,0.0,0.0,0.0,0.0,5.0,0.646960947926803,,
R4,Trending_RandomWalkDrift,0.9983547189569961,0.7470189069159359,0.8936336931567239,None,24,,,500,,,0.0,0.0,1.0246822395825979,,,-0.23317281669832157
R1,Composite,0.999350431511688,0.9975859205487103,0.979515760553565,48,50,48.0,96.0,500,0.13429053151127998,-3.0735646698559446e-05,13.482175602222238,7.840280119199599,0.7506187319631968,,,
R2,Seasonal,0.9075654981167339,0.990471099465572,0.927889438256785,48,50,48.0,96.0,500,0.0,0.0,17.785045025216085,10.433965555549321,1.8002598237124294,,,
R3,Stationary_WN,0.3982477243891752,0.2983860506770477,0.3137432667611808,None,4,,,500,0.0,0.0,0.0,0.0,13.636723037576985,,,
R4,Trending_ExponentialGrowth,0.9992188703880398,0.43407202528722866,0.35949337005887305,None,24,,,500,,,0.0,0.0,0.7452670540296014,,,
R1,Composite,0.9996458179680252,0.9992545063259036,0.9356337909780904,12,12,12.0,24.0,500,0.12451544006634498,1.767036632822211e-05,18.67056394105649,3.8115349631349424,0.5389814164768515,,,
R2,Seasonal,0.9867154933913445,0.9994180131263806,0.9853990857839542,12,12,12.0,24.0,500,0.0,0.0,28.819498411728816,11.561123040347415,0.6937861919432546,,,
R3,Stationary_AR,0.16010993793725992,0.6752239319965148,0.704838394522441,None,62,,,500,0.0,0.0,0.0,0.0,5.0,0.6316629736335025,,
R4,Trending_RandomWalkDrift,0.9955627601519855,0.7578662184879883,0.8652567766408922,None,24,,,500,,,0.0,0.0,1.3296308003168313,,,0.12791606828834323
R1,Composite,0.9999356955827942,0.9989876943595218,0.9671490865974156,48,50,48.0,96.0,500,-0.3233177539661687,-4.660625328870823e-05,18.2095502082951,4.952789289197314,0.5656946037332328,,,
R2,Seasonal,0.6042764875653392,0.9911475926217304,0.8051399556298148,48,50,48.0,96.0,500,0.0,0.0,16.913691136997354,4.402639394338219,1.4288511217823257,,,
R3,Stationary_WN,0.3992950586209987,0.28433513183132275,0.26019380587739216,None,4,,,500,0.0,0.0,0.0,0.0,8.977250522734023,,,
R4,Trending_ExponentialGrowth,0.999341600237057,0.3683608417901836,0.32651982614140784,None,24,,,500,,,0.0,0.0,1.1599480967753526,,,
R1,Composite,0.9997438300712934,0.9907254123965601,0.7155784492094885,12,12,12.0,24.0,500,0.3658162009252577,-4.0626479007997804e-05,11.756882047332613,3.201682572346094,1.2960550759980847,,,
R2,Seasonal,0.7478197592209145,0.9969588963301625,0.771791373890885,12,12,12.0,24.0,500,0.0,0.0,24.5887837044946,4.5351420991311615,1.4096425747051036,,,
R3,Stationary_WN,0.25130402049493217,0.28010928576278227,0.3615906679140777,None,6,,,500,0.0,0.0,0.0,0.0,6.746885920155692,,,
R4,Trending_RandomWalkDrift,0.9838464444308155,0.8251764744721803,0.45875145781855475,None,250,,,500,,,0.0,0.0,0.9556135555188453,,,-0.11520260734621349
R1,Composite,0.9997609492835875,0.9976035692941121,0.9166627681251402,12,12,12.0,24.0,500,-0.349999864845336,-2.715422730981022e-05,23.477475369346177,7.4565187472414385,1.192000093988069,,,
R2,Seasonal,0.0735571547000532,0.9834062342688501,0.34660055533616296,12,24,12.0,24.0,500,0.0,0.0,10.273960111948135,9.828299574350108,1.9491751554202237,,,
R3,Stationary_AR,0.23181174057700438,0.5002884382558405,0.6047726680938175,None,22,,,500,0.0,0.0,0.0,0.0,5.0,0.4781085831757868,,
R4,Trending_MeanShift,0.9999585292606491,0.9998336785830557,0.1871563393289849,None,250,,,500,,,0.0,0.0,1.0637798334060031,,250.0,
R1,Composite,0.9992879211587516,0.9954235024147722,0.6820674858686702,12,12,12.0,24.0,500,-0.30048946432352985,1.0444727170735573e-05,23.738456184449028,3.7660703644729403,1.4127424632515218,,,
R2,Seasonal,0.9034629380322271,0.9921002921181987,0.8992249554975469,12,12,12.0,24.0,500,0.0,0.0,19.53530028917336,10.378761472849042,1.899812098037749,,,
R3,Stationary_AR,0.025030372823510838,0.5933809868498804,0.6423741034077424,None,83,,,500,0.0,0.0,0.0,0.0,5.0,0.5169270080562924,,
R4,Trending_RandomWalkDrift,0.622990722080988,0.22692645621764607,0.0,None,167,,,500,,,0.0,0.0,0.790863786636151,,,0.41888296942117764
R1,Composite,0.9998052621248793,0.9942584473518921,0.8114284174114486,36,36,36.0,72.0,500,-0.38711313111624535,-4.881511485754864e-05,15.40914172555851,4.53330653141178,1.243797968983557,,,
R2,Seasonal,0.9491119648499124,0.9949295532379409,0.9595562567556758,36,36,36.0,72.0,500,0.0,0.0,12.729241236793705,8.56370990856173,0.9672750049126932,,,
R3,Stationary_WN,0.32314452622321665,0.3257135990123037,0.2855266649133382,None,5,,,500,0.0,0.0,0.0,0.0,11.654497176483195,,,
R4,Trending_ExponentialGrowth,0.9912113664488771,0.34063046008291087,0.29859435712947524,None,24,,,500,,,0.0,0.0,0.9386217679228545,,,
R1,Composite,0.9997062321442732,0.9917344308662844,0.860257653985005,36,36,36.0,72.0,500,0.23504746646352087,2.7073972276549497e-05,9.499066561267442,3.73649160148554,0.9800234042196442,,,
R2,Seasonal,0.8614696356864573,0.9936085449681339,0.8993111000656004,36,36,36.0,72.0,500,0.0,0.0,20.829795961386527,8.893206214717313,1.953264772529069,,,
R3,Stationary_WN,0.10500248848995108,0.3918810612194106,0.2928352684308382,None,19,,,500,0.0,0.0,0.0,0.0,9.947789496313227,,,
R4,Trending_RandomWalkDrift,0.9991156952704906,0.6614575566157193,0.8715917773816539,None,24,,,500,,,0.0,0.0,0.9352121542596881,,,0.30537106028315975
R1,Composite,0.9977181489692205,0.9909670514684359,0.8858739007163318,36,36,36.0,72.0,500,0.1015142392637174,-1.8670031156243393e-05,9.316447620581013,4.378115092685348,0.9477406840950912,,,
R2,Seasonal,0.9365951692675004,0.9959614011381438,0.9500547843797981,36,36,36.0,72.0,500,0.0,0.0,17.750666894395362,9.410088984318584,1.2066695173784643,,,
R3,Stationary_WN,0.5306572180163678,0.20807415254603934,0.21207585840612686,None,2,,,500,0.0,0.0,0.0,0.0,6.767249999241626,,,
R4,Trending_MeanShift,0.9996848289470928,0.9987547457498188,0.0,None,250,,,500,,,0.0,0.0,0.9210327367730267,,250.0,
R1,Composite,0.9997818131224658,0.9926430625421132,0.8742431458495288,36,36,36.0,72.0,500,0.2684609135679521,-4.291463637442445e-05,8.625282984935096,3.612202218359127,0.7770855687710744,,,
R2,Seasonal,0.8130246336331034,0.9882988476438594,0.8649254411218701,36,36,36.0,72.0,500,0.0,0.0,12.35475818211247,6.282019092591684,1.5795601061254978,,,
R3,Stationary_AR,0.3097191178740867,0.7024361453964798,0.7581538155452291,None,62,,,500,0.0,0.0,0.0,0.0,5.0,0.6942125214418948,,
R4,Trending_ExponentialGrowth,0.999512021158985,0.42253039619082766,0.3774159151367701,None,24,,,500,,,0.0,0.0,0.7556429661045461,,,
R1,Composite,0.9998621965772411,0.9990562515027576,0.9729031249847672,12,12,12.0,24.0,500,0.2627913041341001,2.9953822010204014e-05,21.580160899280227,7.975149110107246,0.7020089970105071,,,
R2,Seasonal,0.9514912138589985,0.9969475604059869,0.948186524391319,12,12,12.0,24.0,500,0.0,0.0,15.463579750010709,7.24709065755694,0.9139807790780137,,,
R3,Stationary_WN,0.4562064943406803,0.28262362750390513,0.3559140138970164,None,3,,,500,0.0,0.0,0.0,0.0,6.7829257919958605,,,
R4,Trending_ExponentialGrowth,0.9933845567489257,0.35927630872149463,0.19955309891488637,None,24,,,500,,,0.0,0.0,1.2777268966053184,,,
R1,Composite,0.9995777456292445,0.9995127163192711,0.9793695600809196,36,36,36.0,72.0,500,-0.13011898700271313,3.311589164637831e-05,21.95867031751336,6.386905043291981,0.5542901436924956,,,
R2,Seasonal,0.9323585812978544,0.9980776134318704,0.9464517845534764,36,36,36.0,72.0,500,0.0,0.0,12.140400154779359,4.202404443007833,0.5818897755795397,,,
R3,Stationary_WN,0.19390069826292744,0.2831420518035277,0.3345540569808002,None,8,,,500,0.0,0.0,0.0,0.0,13.098056125160438,,,
R4,Trending_ExponentialGrowth,0.9991274264486996,0.38876433098470176,0.4493325306293702,None,24,,,500,,,0.0,0.0,1.0404711967152815,,,
R1,Composite,0.9995327182913466,0.9991406127820397,0.9654893828607416,36,36,36.0,72.0,500,-0.13124416263582336,4.3886014108611956e-05,16.694065986654913,4.904559892723967,0.5292460604931464,,,
R2,Seasonal,0.9359456127155176,0.9969484371399444,0.949992712030831,36,36,36.0,72.0,500,0.0,0.0,20.916665210932077,9.420726203584348,1.2105027792229024,,,
R3,Stationary_WN,0.4238457864799201,0.16175418747166148,0.307263721040152,None,3,,,500,0.0,0.0,0.0,0.0,7.1705765823503285,,,
R4,Trending_RandomWalkDrift,0.037735164011694966,0.8953305737820134,0.6440397913388668,None,250,,,500,,,0.0,0.0,1.269567991089477,,,-0.18928464876415846
R1,Composite,0.9999488097855947,0.9971256382579329,0.8956650048643322,48,50,48.0,96.0,500,-0.3391114774961117,-4.4756964708488844e-05,10.13226994026073,2.356019132474021,0.5423552466433584,,,
R2,Seasonal,0.9614480479905924,0.9967588693534508,0.9710538013660438,48,50,48.0,96.0,500,0.0,0.0,16.20735694670289,8.988343992268344,0.9573992025383697,,,
R3,Stationary_AR,0.2994358849562164,0.4559533191457178,0.5628683711795858,None,15,,,500,0.0,0.0,0.0,0.0,5.0,0.5160954407774337,,
R4,Trending_ExponentialGrowth,0.9947200491563449,0.3010043989599642,0.3249199091311179,None,24,,,500,,,0.0,0.0,0.7160542382544767,,,
R1,Composite,0.9999212208057011,0.9989460159591084,0.8476647301035735,12,12,12.0,24.0,500,-0.38850199988426326,-2.2065167857318268e-05,22.33007964042158,3.2681367016670153,0.7778210542382106,,,
R2,Seasonal,0.7821263417701754,0.9961577478059018,0.8087298470513167,12,12,12.0,24.0,500,0.0,0.0,25.200287353654858,5.80027720085113,1.6510666749560285,,,
R3,Stationary_WN,0.147529134466718,0.4475580864135221,0.45080471866399285,None,19,,,500,0.0,0.0,0.0,0.0,10.745063477785918,,,
R4,Trending_RandomWalkDrift,0.9952986789731293,0.9587526959120376,0.9391932223051584,None,125,,,500,,,0.0,0.0,1.1791148777367182,,,0.19253675129956693
R1,Composite,0.9999213320040191,0.9966201697560846,0.951137362039398,24,24,24.0,48.0,500,0.3843019447177911,1.6901759543867197e-05,12.067317718417705,5.774766226843247,0.721452824896145,,,
R2,Seasonal,0.8442538990189363,0.9943831374770924,0.8861901423143295,24,24,24.0,48.0,500,0.0,0.0,19.124888451688143,7.355212795134895,1.6189820301449567,,,
R3,Stationary_WN,0.2585361885560862,0.2939097349851447,0.2967179534734138,None,6,,,500,0.0,0.0,0.0,0.0,11.356111084681935,,,
R4,Trending_ExponentialGrowth,0.9981909129135432,0.40507586838211995,0.3850714549215283,None,24,,,500,,,0.0,0.0,1.0005156632137784,,,
R1,Composite,0.9997188978002347,0.987935324256856,0.8801272789898652,12,12,12.0,24.0,500,0.35755627136798873,-3.405124890222566e-05,10.389636191047332,5.983687556336139,1.242139480025045,,,
R2,Seasonal,0.9863979249233955,0.9986108035343985,0.9850312677147529,12,12,12.0,24.0,500,0.0,0.0,14.745853271016516,9.051524107916354,0.5461575078415853,,,
R3,Stationary_AR,0.093586347435203,0.412806462114254,0.488472908445581,None,42,,,500,0.0,0.0,0.0,0.0,5.0,0.4842050708528635,,
R4,Trending_RandomWalkDrift,0.3222448866680152,0.14677262534507296,0.0,None,167,,,500,,,0.0,0.0,0.725887170292449,,,-0.19919486411692158
R1,Composite,0.999674880835038,0.9882099519660941,0.8219205150118268,24,24,24.0,48.0,500,-0.3670541082020763,4.632157450277891e-05,11.185778773410599,4.479564901524529,1.4023631555707592,,,
R2,Seasonal,0.9857345647960695,0.9991400697520112,0.9889593501400797,24,24,24.0,48.0,500,0.0,0.0,21.438354038062048,11.373065773108078,0.6198176721729738,,,
R3,Stationary_WN,0.24319356586121577,0.336263198877335,0.31708568884542077,None,8,,,500,0.0,0.0,0.0,0.0,11.845477713179417,,,
R4,Trending_ExponentialGrowth,0.9998991055455281,0.5775423693076707,0.6662042438195497,None,24,,,500,,,0.0,0.0,0.5166245053142303,,,
R1,Composite,0.9998826832849749,0.9995099218644058,0.9044187616376974,36,36,36.0,72.0,500,0.19854677661708392,3.765745799168138e-05,21.652132246859953,2.623284223245597,0.519952158891639,,,
R2,Seasonal,0.982197166368751,0.9992567812246322,0.9849304967830825,36,36,36.0,72.0,500,0.0,0.0,23.800666474242703,10.05508524642493,0.6492727537006784,,,
R3,Stationary_WN,0.46067116804681796,0.22683879146656538,0.25246492870099246,None,2,,,500,0.0,0.0,0.0,0.0,5.007400544275463,,,
R4,Trending_RandomWalkDrift,0.9480420561632156,0.35221052893892035,0.0,None,167,,,500,,,0.0,0.0,1.327044953326827,,,0.463843004524914
R1,Composite,0.9992545201414131,0.9959077639639593,0.7495822466498263,12,12,12.0,24.0,500,-0.2145811493128575,-2.5696669036476494e-05,19.677465142883825,3.5400951504132254,1.3059251546646564,,,
R2,Seasonal,0.9455471276840276,0.9952539954614765,0.9428380432347598,12,12,12.0,24.0,500,0.0,0.0,12.276326637734766,6.889667116682789,0.9424281663184332,,,
R3,Stationary_WN,0.42674953375574187,0.25169815405644724,0.38572388101304056,None,3,,,500,0.0,0.0,0.0,0.0,6.404599495415292,,,
R4,Trending_RandomWalkDrift,0.9973585661855104,0.880666849105243,0.7772562154019724,None,250,,,500,,,0.0,0.0,0.7156026879526273,,,-0.37212431559559045
R1,Composite,0.999865546180846,0.9937681511277247,0.8487823020535485,48,50,48.0,96.0,500,0.3851429451994305,2.374577385256379e-05,12.405852531619681,2.953057783455603,0.9309279929341784,,,
R2,Seasonal,0.8370988666776737,0.9968135052151441,0.9040946457002454,48,50,48.0,96.0,500,0.0,0.0,28.885699687017848,7.55360873451656,1.6705068286100064,,,
R3,Stationary_AR,0.10219339572302766,0.5027608471520473,0.6216273952377194,None,45,,,500,0.0,0.0,0.0,0.0,5.0,0.5820813457924771,,
R4,Trending_ExponentialGrowth,0.9965565562658261,0.39752405544939373,0.33134516345639753,None,24,,,500,,,0.0,0.0,1.2976483551910565,,,
R1,Composite,0.9997527296542666,0.993470375641027,0.6486807109166821,36,36,36.0,72.0,500,-0.38961562768887337,4.44535181177229e-05,14.325760630982636,2.5132008762038733,1.2787484676496188,,,
R2,Seasonal,0.8054713015465106,0.9905319927679891,0.8527500790390745,36,36,36.0,72.0,500,0.0,0.0,10.180071762958004,4.469694916330094,1.0504296024147233,,,
R3,Stationary_AR,0.07524567907497814,0.4603509889707602,0.6618994316638,None,42,,,500,0.0,0.0,0.0,0.0,5.0,0.4990885673318581,,
R4,Trending_ExponentialGrowth,0.9964642685042123,0.39266907831788633,0.35210072870024056,None,24,,,500,,,0.0,0.0,1.4853242595975393,,,
R1,Composite,0.9984231540671729,0.9975387139717081,0.9381087567192001,48,50,48.0,96.0,500,0.15875526626082928,-3.8096423280536614e-05,24.28292200787196,7.346086056850311,1.2750293126530294,,,
R2,Seasonal,0.9714151692630526,0.9985532449779461,0.9780746186820592,48,50,48.0,96.0,500,0.0,0.0,20.749706895564202,8.841397934209786,0.8043811250558923,,,
R3,Stationary_WN,0.5137994823175195,0.12603783555644676,0.2747394001682454,None,2,,,500,0.0,0.0,0.0,0.0,11.498412889055409,,,
R4,Trending_RandomWalkDrift,0.9997012530555633,0.3949528751338489,0.8435556982384053,None,24,,,500,,,0.0,0.0,1.2725220637382626,,,-0.45369128332918884
R1,Composite,0.9996374377135607,0.9751786622118295,0.8099687651054407,24,24,24.0,48.0,500,0.3629212565656137,-1.2457413495336544e-05,8.579992733041415,4.843933953807047,1.446205078056742,,,
R2,Seasonal,0.9175392158941056,0.9978447783852705,0.9380954075914281,24,24,24.0,48.0,500,0.0,0.0,27.325474743390426,9.270262389469984,1.390020223387897,,,
R3,Stationary_WN,0.18824365367197982,0.3985804445189356,0.3619777538739454,None,10,,,500,0.0,0.0,0.0,0.0,13.12652058018793,,,
R4,Trending_ExponentialGrowth,0.9990130412716844,0.31746686592063367,0.3407294832587181,None,24,,,500,,,0.0,0.0,1.2905393782228707,,,
R1,Composite,0.9999052907240172,0.9916003357540794,0.927442156335465,48,50,48.0,96.0,500,0.3861272898795328,-4.831546176849315e-05,8.047522089689513,4.424582856216537,0.7508590496726805,,,
R2,Seasonal,0.06557245978865134,0.9871066832815808,0.6219765072752022,48,100,48.0,96.0,500,0.0,0.0,11.540866381388561,9.028351414552166,1.7568118874321643,,,
R3,Stationary_WN,0.304396714145158,0.3183166081600196,0.3641521790402066,None,5,,,500,0.0,0.0,0.0,0.0,10.57599136754873,,,
R4,Trending_RandomWalkDrift,0.9988600951062333,0.7443266100808379,0.9206573388699604,None,24,,,500,,,0.0,0.0,1.2737295573125076,,,0.22451800304424474
R1,Composite,0.999834485311419,0.9957515218957552,0.79944585977724,48,100,48.0,96.0,500,0.2947037515229951,-3.29151871460195e-05,8.749087018239349,7.08573692319348,0.7195960139906249,,,
R2,Seasonal,0.020654024583891872,0.9934099757478203,0.7253239564790662,48,100,48.0,96.0,500,0.0,0.0,13.590318519980094,11.487103349581927,1.7533324542124489,,,
R3,Stationary_AR,0.3816134055160919,0.4381350419058281,0.6002603812957974,None,17,,,500,0.0,0.0,0.0,0.0,5.0,0.5569067400184642,,
R4,Trending_ExponentialGrowth,0.9983238535538985,0.43478666659359766,0.323894867310759,None,24,,,500,,,0.0,0.0,1.1565512827630124,,,
R1,Composite,0.9998887618093857,0.998496226951205,0.9723298951997481,12,12,12.0,24.0,500,0.27212947148622035,4.5747906768471535e-05,16.291121495786506,7.521826713405177,0.6926259983636529,,,
R2,Seasonal,0.901995380805882,0.998311151153117,0.9059289414602892,12,12,12.0,24.0,500,0.0,0.0,24.855825173297113,6.09687035038524,1.1417158764214599,,,
R3,Stationary_AR,0.35776033937672325,0.6526811730383446,0.7254972057769216,None,38,,,500,0.0,0.0,0.0,0.0,5.0,0.665764227310434,,
R4,Trending_MeanShift,0.9997566729555651,0.9990329216009758,0.0,None,250,,,500,,,0.0,0.0,0.8395235680523101,,250.0,
R1,Composite,0.9991190675939241,0.9913832170908297,0.9067611244445957,24,24,24.0,48.0,500,0.21280689322643145,-3.676654325791859e-05,12.340002481169138,6.724871172214273,1.3115706654474648,,,
R2,Seasonal,0.9657236964307938,0.9948901483398066,0.9730935408309647,24,24,24.0,48.0,500,0.0,0.0,13.162365421289833,11.009137435469789,1.028393316937684,,,
R3,Stationary_WN,0.2062471903555485,0.33715638094561984,0.22805989603057353,None,11,,,500,0.0,0.0,0.0,0.0,12.410964131492443,,,
R4,Trending_RandomWalkDrift,0.648306998733277,0.7754670239478252,0.0,None,250,,,500,,,0.0,0.0,0.6435550456709167,,,-0.17072556527329275
R1,Composite,0.9987808265622695,0.9738981037162934,0.646461749740058,12,12,12.0,24.0,500,-0.1757176408528055,-4.2457413342540036e-05,8.518465300798312,2.98472737547503,1.411857108412903,,,
R2,Seasonal,0.07122323622545457,0.9819542262505776,0.31616030299657394,12,24,12.0,24.0,500,0.0,0.0,10.401253333230686,9.297511721494669,1.8746317193414324,,,
R3,Stationary_AR,0.4231085228157485,0.4547292792394857,0.55678124851423,None,11,,,500,0.0,0.0,0.0,0.0,5.0,0.5706948142508945,,
R4,Trending_RandomWalkDrift,0.2844545705887661,0.6505914797925245,0.0,None,250,,,500,,,0.0,0.0,0.5357167932738549,,,-0.16493952245027288
R1,Composite,0.9996852832287839,0.9946820714889372,0.8741341771529492,24,24,24.0,48.0,500,0.32981324957928926,3.9538147757390836e-05,17.116474841997572,5.797159324410998,1.2969266546152514,,,
R2,Seasonal,0.7851885809421815,0.996982404396542,0.858381642435609,24,24,24.0,48.0,500,0.0,0.0,27.618629888337132,6.504488639573624,1.7099959902972932,,,
R3,Stationary_AR,0.16749702231441943,0.8428528104126511,0.19248297686134386,None,250,,,500,0.0,0.0,0.0,0.0,5.0,0.6606557494889171,,
R4,Trending_ExponentialGrowth,0.9990604399879495,0.35656992973262824,0.3082090352362059,None,24,,,500,,,0.0,0.0,1.3225076317685147,,,
R1,Composite,0.9995614191440373,0.9945539868383532,0.8031425109486984,24,24,24.0,48.0,500,0.25689189794400835,2.0466466039427153e-05,15.333723080749277,3.9102127158578535,1.1797532216606494,,,
R2,Seasonal,0.90214594088091,0.9948452030826891,0.9246494064495178,24,24,24.0,48.0,500,0.0,0.0,24.478909782736782,11.406759040686946,1.9236116843287205,,,
R3,Stationary_AR,0.4042830220348427,0.35835297829659174,0.4924318362652429,None,9,,,500,0.0,0.0,0.0,0.0,5.0,0.4681442968198925,,
R4,Trending_ExponentialGrowth,0.995476391812314,0.34154769975757815,0.3384527914875356,None,24,,,500,,,0.0,0.0,0.5393661949576386,,,
R1,Composite,0.9994265948686181,0.9850265598033949,0.8522331405948802,12,12,12.0,24.0,500,-0.2608884743367637,-3.34041129647808e-05,11.063934001227928,6.120628756345351,1.3740605122834118,,,
R2,Seasonal,0.07527501592459152,0.9951418142072752,0.24948392452513335,12,24,12.0,24.0,500,0.0,0.0,11.67812526951894,11.164181647710564,1.1510386112367097,,,
R3,Stationary_AR,0.2275078998839256,0.5026754115353391,0.6023846207295647,None,24,,,500,0.0,0.0,0.0,0.0,5.0,0.5460758504112155,,
R4,Trending_RandomWalkDrift,0.9390565451949764,0.5038431340255911,0.0,None,167,,,500,,,0.0,0.0,0.6686739196522891,,,0.19901322883353087
R1,Composite,0.9997345902111735,0.9917571890611794,0.8899689421418355,12,12,12.0,24.0,500,0.22402957769466522,3.386887423152236e-05,8.681236723510608,4.419411413464365,0.8504719834063454,,,
R2,Seasonal,0.9868504247092731,0.9988568621091393,0.9854377135844816,12,12,12.0,24.0,500,0.0,0.0,15.958560158914995,8.947609633566596,0.5368078993320176,,,
R3,Stationary_WN,0.055597709829948494,0.3901631116433075,0.38416671733406804,None,29,,,500,0.0,0.0,0.0,0.0,12.682018134413456,,,
R4,Trending_ExponentialGrowth,0.9929281962209962,0.34593174321201503,0.2545404536489524,None,24,,,500,,,0.0,0.0,0.839046991729511,,,
R1,Composite,0.999915790170831,0.9987483788518887,0.9348711098973941,24,24,24.0,48.0,500,0.38449605154112243,-4.5762550166147875e-05,18.93431930275667,4.776855369348168,0.7787155793779278,,,
R2,Seasonal,0.9665781809766457,0.998007809721976,0.9746168310215642,24,24,24.0,48.0,500,0.0,0.0,16.508540948419714,8.676456863818899,0.8187848829282258,,,
R3,Stationary_WN,0.10482167248934726,0.4134157973970277,0.4048744545001228,None,15,,,500,0.0,0.0,0.0,0.0,12.261323454389041,,,
R4,Trending_ExponentialGrowth,0.9976830239674261,0.33967535580671293,0.2615770229909026,None,24,,,500,,,0.0,0.0,0.9605543494839344,,,
R1,Composite,0.9995090382888866,0.9966888551047279,0.8125324382988367,48,50,48.0,96.0,500,0.27223197011433253,2.4884992362208752e-05,23.56005870013874,3.422819236055782,1.3037203322667352,,,
R2,Seasonal,0.027646750067068626,0.9881028110683416,0.6541932744949488,48,100,48.0,96.0,500,0.0,0.0,10.265199992884524,7.847886078817395,1.3327866507633206,,,
R3,Stationary_WN,0.5150272626791732,0.23613072012868164,0.3163505511703443,None,3,,,500,0.0,0.0,0.0,0.0,6.187037978852429,,,
R4,Trending_RandomWalkDrift,0.9993843601080016,0.761272563475785,0.9085003870946672,None,24,,,500,,,0.0,0.0,0.9172178625584112,,,-0.1974905136198568
R1,Composite,0.9996645741009466,0.9977395124792094,0.9676430596121788,12,12,12.0,24.0,500,0.20378411976149546,-4.998202986208504e-05,13.931206772859037,7.397894773557761,0.7148465152505821,,,
R2,Seasonal,0.9340457978174184,0.9967125012133222,0.9291580529146711,12,12,12.0,24.0,500,0.0,0.0,26.65010961939248,10.965475932295668,1.6874781149903022,,,
R3,Stationary_AR,0.1346743205561719,0.5724306200124274,0.6150103958981719,None,45,,,500,0.0,0.0,0.0,0.0,5.0,0.6847282899850917,,
R4,Trending_RandomWalkDrift,0.9999006698683208,0.6259678714272914,0.8435387242965315,None,24,,,500,,,0.0,0.0,0.7602947658625383,,,-0.4737366726277804
R1,Composite,0.9986521030778943,0.9968034346338475,0.7463418444892895,12,12,12.0,24.0,500,0.15683448515781467,-3.1423686983257194e-05,18.53805130213518,3.105689022745289,1.0959345654373696,,,
R2,Seasonal,0.9248276118918588,0.9982352546399873,0.924761459373176,12,12,12.0,24.0,500,0.0,0.0,26.230420586493615,7.5168900182351335,1.1294592697710597,,,
R3,Stationary_WN,0.4230169820609103,0.19647193850626754,0.2781476366120814,None,3,,,500,0.0,0.0,0.0,0.0,5.01368471474402,,,
R4,Trending_ExponentialGrowth,0.9907768471213444,0.3001004268409019,0.3918068062892801,None,24,,,500,,,0.0,0.0,1.192484800127093,,,
R1,Composite,0.9995609934448847,0.9796436800653959,0.8117544931810241,12,12,12.0,24.0,500,-0.30530739490135717,2.0170607298403303e-05,8.566468152915313,4.870103688355975,1.4679498043275878,,,
R2,Seasonal,0.9257813938055317,0.9981205031458374,0.9216604068674302,12,12,12.0,24.0,500,0.0,0.0,27.5689209104474,8.237847487231177,1.1479431832526554,,,
R3,Stationary_WN,0.13541803157964738,0.3670825816677039,0.2670238876320773,None,14,,,500,0.0,0.0,0.0,0.0,11.424721952614538,,,
R4,Trending_MeanShift,0.9996957867359484,0.9987869271328738,0.0,None,250,,,500,,,0.0,0.0,1.0603136187981637,,250.0,
R1,Composite,0.9997389728010706,0.9977905481988238,0.9569755206995422,24,24,24.0,48.0,500,-0.23203312821757635,2.785776985434515e-05,15.023814044202549,6.280791223385529,0.7605699944624579,,,
R2,Seasonal,0.8807560596732571,0.9974804125745763,0.9096534082879572,24,24,24.0,48.0,500,0.0,0.0,19.775011994311733,5.796632669009297,1.04567606310297,,,
R3,Stationary_AR,0.23219764800185871,0.5485564180768439,0.6694085577995912,None,45,,,500,0.0,0.0,0.0,0.0,5.0,0.5965256632800809,,
R4,Trending_MeanShift,0.9999629625763021,0.9998520676381095,0.0,None,250,,,500,,,0.0,0.0,0.8161189788895845,,250.0,
R1,Composite,0.9997439233236352,0.9985868293530337,0.905128166729945,12,12,12.0,24.0,500,0.2624319985436656,-1.5651461453668743e-05,21.986891595575614,4.876265567038158,0.8590165254506349,,,
R2,Seasonal,0.8129111492744038,0.9950382672129591,0.8370788918395453,12,12,12.0,24.0,500,0.0,0.0,21.02977235887036,6.23887054274553,1.6689696708348136,,,
R3,Stationary_WN,0.5672023418981713,0.17350826642514716,0.31761209141008295,None,2,,,500,0.0,0.0,0.0,0.0,9.457573697369801,,,
R4,Trending_RandomWalkDrift,0.9974630425893659,0.8757292788845934,0.0,None,250,,,500,,,0.0,0.0,0.66160837630376,,,0.4902908322001909
R1,Composite,0.9994123168317565,0.9961968341888512,0.9774869516803635,36,36,36.0,72.0,500,-0.12476558142464977,3.4353315225882196e-05,8.664897768981334,6.900253286679276,0.6371633505353037,,,
R2,Seasonal,0.8454066510917733,0.9951931320731308,0.8850988214445249,36,36,36.0,72.0,500,0.0,0.0,16.57188217272655,5.7941470010053004,1.269272717628832,,,
R3,Stationary_AR,0.13406995016738477,0.5861049376222378,0.6426907648432296,None,83,,,500,0.0,0.0,0.0,0.0,5.0,0.5350727816476861,,
R4,Trending_MeanShift,0.9996698912581946,0.998666470415372,0.0,None,250,,,500,,,0.0,0.0,0.6252142325379557,,250.0,
R1,Composite,0.9996798922052272,0.9931348593722865,0.7321826337581633,24,24,24.0,48.0,500,0.3442851547108121,-1.7134977616564283e-05,14.491650621628684,3.292325220776358,1.176004249420131,,,
R2,Seasonal,0.80931072131919,0.9962195156140992,0.867247918497535,24,24,24.0,48.0,500,0.0,0.0,26.813434115477904,7.5751917616812525,1.7855722127321392,,,
R3,Stationary_AR,0.05889805799488612,0.3967289400572689,0.4981014633303844,None,56,,,500,0.0,0.0,0.0,0.0,5.0,0.40999301787746156,,
R4,Trending_RandomWalkDrift,0.9997680227057225,0.6451763704544726,0.8788548812287249,None,24,,,500,,,0.0,0.0,0.5445044205917473,,,0.49782679946721686
R1,Composite,0.9990959326883708,0.9962801605738316,0.8083486503457324,24,24,24.0,48.0,500,0.2021259093740948,-3.783414282714088e-05,18.300950236595952,4.006439145622163,1.1614498125470372,,,
R2,Seasonal,0.9820443736906546,0.9953196457970942,0.9857704252393277,24,24,24.0,48.0,500,0.0,0.0,10.532489330244449,11.769840457879686,0.7969778713331561,,,
R3,Stationary_AR,0.0763732544475133,0.6281530988724702,0.5787664100728277,None,83,,,500,0.0,0.0,0.0,0.0,5.0,0.5359645503234717,,
R4,Trending_ExponentialGrowth,0.9982737166667485,0.42310654582005225,0.4726522304632633,None,24,,,500,,,0.0,0.0,1.4219655102936728,,,
R1,Composite,0.9975905471235493,0.9967527304658017,0.9150965058728066,24,24,24.0,48.0,500,0.14451074230378513,-4.214327637850395e-05,21.539928365021904,7.51367035469051,1.3064939869081997,,,
R2,Seasonal,0.9601165549838239,0.999608992130078,0.9685698533292804,24,24,24.0,48.0,500,0.0,0.0,26.634099900338725,5.534413794579481,0.5111003097726312,,,
R3,Stationary_WN,0.441387389096325,0.34152555611343527,0.3422939257546177,None,3,,,500,0.0,0.0,0.0,0.0,9.643856982697107,,,
R4,Trending_RandomWalkDrift,0.9612952807540198,0.43425998144959044,0.0,None,167,,,500,,,0.0,0.0,1.3483095291324065,,,0.40179474700649254
R1,Composite,0.9996295608809816,0.9952802830987406,0.915933754843499,12,12,12.0,24.0,500,0.21345950238497846,4.083788180042702e-05,13.22461331273569,5.865124013534364,0.9173412908824077,,,
R2,Seasonal,0.9610924116869408,0.9949486957201906,0.9576018694266757,12,12,12.0,24.0,500,0.0,0.0,14.40354185520552,9.78043792881694,1.159289799860364,,,
R3,Stationary_WN,0.2235807620166529,0.38165236107499234,0.30290289434645556,None,9,,,500,0.0,0.0,0.0,0.0,8.22754189017006,,,
R4,Trending_MeanShift,0.9992087254727164,0.9966674462367278,0.0,None,250,,,500,,,0.0,0.0,0.6012695245378152,,250.0,
R1,Composite,0.9995648938797874,0.9860095237244741,0.8699612070405185,12,12,12.0,24.0,500,-0.33729624175106887,4.40851192641976e-05,11.240985052364083,6.7874913996484745,1.349190558351986,,,
R2,Seasonal,0.831244023161982,0.9949680495447834,0.839920975927452,12,12,12.0,24.0,500,0.0,0.0,19.833079618772324,6.34686767909717,1.4310938427818272,,,
R3,Stationary_WN,0.1304172336872257,0.4486285961219988,0.41252248200984565,None,20,,,500,0.0,0.0,0.0,0.0,12.961756287404754,,,
R4,Trending_MeanShift,0.9999483467595554,0.9997919439155418,0.0,None,250,,,500,,,0.0,0.0,0.9982200110209498,,250.0,
R1,Composite,0.9994831371275325,0.9975529439246064,0.8999623565734235,12,12,12.0,24.0,500,0.23542213216494023,3.7588962672152355e-05,23.611127638478735,6.9913819032120905,1.2856707505482685,,,
R2,Seasonal,0.8070281117520368,0.9967189351894982,0.82273987299685,12,12,12.0,24.0,500,0.0,0.0,29.46807838533503,6.845231303747495,1.8752266919031286,,,
R3,Stationary_WN,0.21895688009431147,0.24800676504650432,0.32001719960718655,None,6,,,500,0.0,0.0,0.0,0.0,13.20065984990308,,,
R4,Trending_RandomWalkDrift,0.0,0.8532875646718123,0.40733031005366127,None,250,,,500,,,0.0,0.0,0.941813168239856,,,-0.21337517913262
R1,Composite,0.9988214203823981,0.9770541181476542,0.845660148082752,36,36,36.0,72.0,500,-0.22447699174328847,3.7315308508004615e-05,9.212610061765435,5.9215750503493645,1.4990510333217828,,,
R2,Seasonal,0.9522591445341247,0.9993984850486239,0.9612840232284598,36,36,36.0,72.0,500,0.0,0.0,21.726254032824016,4.940601603042332,0.6646288350223446,,,
R3,Stationary_AR,0.3134535205389386,0.538493457304078,0.6449136241394304,None,24,,,500,0.0,0.0,0.0,0.0,5.0,0.6451502174467052,,
R4,Trending_MeanShift,0.9998282260728534,0.9992891368193751,0.0,None,250,,,500,,,0.0,0.0,0.7931644727196331,,250.0,
R1,Composite,0.9990674044126276,0.9950162730807534,0.8321361885874288,36,36,36.0,72.0,500,-0.22454138501691923,4.946722237689905e-05,17.658797152297012,4.807191591667301,1.288135498105963,,,
R2,Seasonal,0.9548251198240917,0.9976057614894863,0.9623906840750732,36,36,36.0,72.0,500,0.0,0.0,24.075834070475153,11.391632332339523,1.2267322042127848,,,
R3,Stationary_AR,0.01203790461287868,0.5397802827078018,0.6310228257043063,None,100,,,500,0.0,0.0,0.0,0.0,5.0,0.6520956964387659,,
R4,Trending_ExponentialGrowth,0.9995633521287206,0.41946960881068984,0.4325310629813244,None,24,,,500,,,0.0,0.0,0.8247190516462607,,,
R1,Composite,0.9981429755442227,0.9942390817356723,0.8857444030581647,48,50,48.0,96.0,500,0.10831732209095647,4.706812939531369e-05,16.010691592535792,5.183767318589854,1.1350511718011917,,,
R2,Seasonal,0.9736659959752121,0.9976610539181988,0.9787275528736701,48,50,48.0,96.0,500,0.0,0.0,12.266022819611415,6.811585367864901,0.6294823321579317,,,
R3,Stationary_WN,0.2632145068747056,0.31560208013829816,0.3222642367072365,None,7,,,500,0.0,0.0,0.0,0.0,6.683752624720331,,,
R4,Trending_MeanShift,0.9990489607832067,0.995830455217008,0.0,None,250,,,500,,,0.0,0.0,0.9453095971162194,,250.0,
R1,Composite,0.9997855034771301,0.9990461182120711,0.9760256117030519,48,50,48.0,96.0,500,0.2704268258733954,-4.846482548534802e-05,24.980668420995457,7.980069975174047,0.8020304605099108,,,
R2,Seasonal,0.9732296599031038,0.9982314362391856,0.9794481631740314,48,50,48.0,96.0,500,0.0,0.0,24.312616675982923,11.940456711083193,1.1373695346352264,,,
R3,Stationary_AR,0.2890732774635324,0.6244240691640888,0.6541504402699962,None,45,,,500,0.0,0.0,0.0,0.0,5.0,0.6143115439016755,,
R4,Trending_MeanShift,0.9999079122968806,0.9996344261223825,0.1555797601912532,None,250,,,500,,,0.0,0.0,0.6215308436392923,,250.0,
R1,Composite,0.9993242314867088,0.9885033800614897,0.8794572895350796,12,12,12.0,24.0,500,-0.2709451154973277,3.9943494518557756e-05,12.269317039896844,6.9159062625449295,1.4131050319603466,,,
R2,Seasonal,0.7925184851756535,0.9904877058723681,0.8175098948476615,12,12,12.0,24.0,500,0.0,0.0,13.594605204587037,4.959419327011437,1.4567579837532145,,,
R3,Stationary_AR,0.21051606311106252,0.43166344459026573,0.47620137385200145,None,19,,,500,0.0,0.0,0.0,0.0,5.0,0.4631287877462908,,
R4,Trending_RandomWalkDrift,0.9846898795091539,0.47723761975630485,0.8512051259333089,None,24,,,500,,,0.0,0.0,0.5546780870298601,,,0.1182911258942041
R1,Composite,0.999894482871587,0.9985507544205288,0.9443584053264308,36,36,36.0,72.0,500,-0.34333513304008145,-2.0867626182660498e-05,19.474750693807366,5.725712415002268,0.8077688281603431,,,
R2,Seasonal,0.8784541374412972,0.9881351673083246,0.9049127913250747,36,36,36.0,72.0,500,0.0,0.0,10.811675859096344,6.846325151974534,1.2894489030152492,,,
R3,Stationary_AR,0.28884145086591984,0.49817668337174303,0.6462090079286089,None,28,,,500,0.0,0.0,0.0,0.0,5.0,0.6608250028341995,,
R4,Trending_RandomWalkDrift,0.9902465279571586,0.7432396454610004,0.0,None,250,,,500,,,0.0,0.0,0.7150910509160276,,,0.3818685469917644
R1,Composite,0.9986818912002452,0.9962991374303599,0.7220672109312671,48,50,48.0,96.0,500,0.21220485675308073,-2.4842474437563946e-05,24.967096946743357,2.191041616574876,1.1948336249923952,,,
R2,Seasonal,0.8449174720704816,0.9948568285967545,0.9090534665865234,48,50,48.0,96.0,500,0.0,0.0,19.331073471616165,6.724484905712032,1.2141712725154798,,,
R3,Stationary_AR,0.23378077054758628,0.4623040250313962,0.5496073048513176,None,14,,,500,0.0,0.0,0.0,0.0,5.0,0.4021371599475679,,
R4,Trending_RandomWalkDrift,0.9986422134426495,0.7353172472940509,0.8484769098428436,None,24,,,500,,,0.0,0.0,0.7890319929668528,,,0.1762559790970597
R1,Composite,0.9998954288461127,0.9985820629169704,0.9463290439937089,12,12,12.0,24.0,500,-0.3324152283245059,-1.654666956551995e-05,18.912173990812178,5.998203634850214,0.7311060540643584,,,
R2,Seasonal,0.9386840463831175,0.9922936333818104,0.9364894618988902,12,12,12.0,24.0,500,0.0,0.0,15.409388089779556,10.459882267984609,1.6126720065166995,,,
R3,Stationary_WN,0.19049645485862476,0.3254343475999687,0.32062836515190707,None,11,,,500,0.0,0.0,0.0,0.0,9.212667967559572,,,
R4,Trending_RandomWalkDrift,0.9997084925763012,0.9839715888273011,0.9811100696285154,None,125,,,500,,,0.0,0.0,1.0840561661993762,,,0.4887994719699358
R1,Composite,0.9997034106816965,0.995566908044598,0.8028599796616364,36,36,36.0,72.0,500,-0.26731359668678234,-1.6665277693794938e-05,14.594996251541524,3.211068472066113,0.8243976129495862,,,
R2,Seasonal,0.6156215133829072,0.9710185561093344,0.7631014322517486,36,36,36.0,72.0,500,0.0,0.0,11.233171140741723,6.050713116099461,1.9448370718443224,,,
R3,Stationary_AR,0.4646180818917578,0.5655122481740709,0.6572067289648165,None,17,,,500,0.0,0.0,0.0,0.0,5.0,0.684813159435063,,
R4,Trending_RandomWalkDrift,0.999377669097257,0.7290261340548629,0.9196313855983013,None,24,,,500,,,0.0,0.0,1.4633901149745188,,,-0.30657259671963166
R1,Composite,0.9999329863943551,0.9985084800644007,0.9474208295430993,12,12,12.0,24.0,500,0.39055189754402975,2.4832055679373745e-05,17.362904713581347,5.721097594246817,0.7586412721987899,,,
R2,Seasonal,0.5478447724101743,0.9941156003663565,0.6488115448062455,12,12,12.0,24.0,500,0.0,0.0,25.344074597924582,4.254124745494677,1.8552184724289875,,,
R3,Stationary_WN,0.5493229030663551,0.16465729954004116,0.2448181958693182,None,2,,,500,0.0,0.0,0.0,0.0,8.533208298123355,,,
R4,Trending_RandomWalkDrift,0.997006254733198,0.9281478000240656,0.8285926749341589,None,250,,,500,,,0.0,0.0,0.6047477417949879,,,-0.3879471353199908
R1,Composite,0.9996289455520693,0.9987949839691861,0.9509386227590961,12,12,12.0,24.0,500,-0.23091338852163648,3.971401972199205e-05,24.09971726110295,7.377875129654676,0.914430429990835,,,
R2,Seasonal,0.9389838438898108,0.9890052874846532,0.9341261975873456,12,12,12.0,24.0,500,0.0,0.0,14.789151448238773,11.746441423802594,1.6841116125024398,,,
R3,Stationary_WN,0.14738715257858936,0.2921796649000086,0.31061009573271314,None,12,,,500,0.0,0.0,0.0,0.0,8.736763870595539,,,
R4,Trending_ExponentialGrowth,0.986670617667632,0.350738086180187,0.34682683958240734,None,24,,,500,,,0.0,0.0,0.9180607651704912,,,
R1,Composite,0.9996088614234073,0.9985187902583947,0.8857535181767093,36,36,36.0,72.0,500,0.1749982069286663,3.986511672909609e-05,20.382334834773808,4.007219392087598,0.8027890618341832,,,
R2,Seasonal,0.8741741513357522,0.9972240391303981,0.9053356325620496,36,36,36.0,72.0,500,0.0,0.0,25.682996495433294,7.6713875192916,1.5476236561795038,,,
R3,Stationary_AR,0.2900618330973006,0.5386286169471332,0.6757420270866112,None,28,,,500,0.0,0.0,0.0,0.0,5.0,0.6762846771335123,,
R4,Trending_RandomWalkDrift,0.9988228894517307,0.7192118068869471,0.8714550611470695,None,24,,,500,,,0.0,0.0,1.1785315013267914,,,0.24534296224120775
R1,Composite,0.9997474082444379,0.9968777855255174,0.8329790774324176,24,24,24.0,48.0,500,-0.32470438737161544,2.1927956466700724e-05,17.911493337549814,3.854103181566459,1.070196949213197,,,
R2,Seasonal,0.9220101610405373,0.9887243672940128,0.9419914089175511,24,24,24.0,48.0,500,0.0,0.0,12.665148460268894,10.30828712482283,1.5392856122045426,,,
R3,Stationary_AR,0.2159988599047381,0.40632952612922857,0.5955880977740166,None,28,,,500,0.0,0.0,0.0,0.0,5.0,0.5906593972814378,,
R4,Trending_RandomWalkDrift,0.9958491198186783,0.4615875147256667,0.85401411146906,None,24,,,500,,,0.0,0.0,1.0176152530452431,,,0.30286458074056144
R1,Composite,0.9994551263673699,0.9908681305454903,0.7885644334096567,48,50,48.0,96.0,500,-0.2349614032314781,4.0819621887161745e-05,10.895467742678825,2.6216461146259515,0.9997605859960499,,,
R2,Seasonal,0.9610795636018619,0.9977638211088502,0.9697552667804543,48,50,48.0,96.0,500,0.0,0.0,22.240763388141445,10.03001498786842,1.0279708560976415,,,
R3,Stationary_WN,0.3464136828593888,0.23182478799048423,0.32022304400331436,None,4,,,500,0.0,0.0,0.0,0.0,5.3104224622313145,,,
R4,Trending_MeanShift,0.9999865683676817,0.9999463350719384,0.2843607869889757,None,250,,,500,,,0.0,0.0,0.5196014889120725,,250.0,
R1,Composite,0.9994533856337727,0.9959643173467561,0.9014027689296249,24,24,24.0,48.0,500,0.2851201300399774,1.3408711068639365e-05,21.47510242013876,7.440875547016191,1.4688657885068257,,,
R2,Seasonal,0.940025371575982,0.9981281483601792,0.9537798325255975,24,24,24.0,48.0,500,0.0,0.0,18.51269769451479,6.843394528559153,0.7453579344967554,,,
R3,Stationary_WN,0.4253438118261246,0.34308815491528,0.5002822713567516,None,3,,,500,0.0,0.0,0.0,0.0,11.933808129395961,,,
R4,Trending_MeanShift,0.999561416453019,0.9981935118196339,0.0,None,250,,,500,,,0.0,0.0,1.0248330999285842,,250.0,
R1,Composite,0.9999016210083131,0.9982802631559676,0.9388236111684645,48,50,48.0,96.0,500,0.308464230610346,1.3858127535635314e-05,15.967120209780546,3.873229659851196,0.6578973842982965,,,
R2,Seasonal,0.9682983346789302,0.99856977095551,0.9764766243699097,48,50,48.0,96.0,500,0.0,0.0,23.405141642399613,9.471606808543342,0.9135632064137418,,,
R3,Stationary_AR,0.0351481305020801,0.5643469240783047,0.6391988745458872,None,100,,,500,0.0,0.0,0.0,0.0,5.0,0.5199043524689665,,
R4,Trending_ExponentialGrowth,0.975903557138995,0.3768130459426897,0.2834363759651788,None,24,,,500,,,0.0,0.0,1.1228200698392041,,,
R1,Composite,0.9998876956655721,0.9991134455254065,0.8837999593273429,12,12,12.0,24.0,500,-0.32411367315416867,4.156123889311253e-05,22.00892498027216,3.47026147179829,0.7176176425115528,,,
R2,Seasonal,0.9162280616694625,0.9971541980418277,0.9139351448855728,12,12,12.0,24.0,500,0.0,0.0,23.813036857283834,8.096959495460762,1.3977647049632262,,,
R3,Stationary_AR,0.31679352505491365,0.5450066425321334,0.7064845425257121,None,24,,,500,0.0,0.0,0.0,0.0,5.0,0.587578899567648,,
R4,Trending_ExponentialGrowth,0.998872357699069,0.4352214766948149,0.4040247133734386,None,24,,,500,,,0.0,0.0,0.9405959347053167,,,
R1,Composite,0.9999104929913821,0.9987977790947823,0.9604018277946008,36,36,36.0,72.0,500,0.3856748365891569,4.9962646276102384e-05,22.78689783407477,7.332756235131265,0.863859901152926,,,
R2,Seasonal,0.9026685927699244,0.9970584815155669,0.9246383435952312,36,36,36.0,72.0,500,0.0,0.0,20.811170413344612,7.26600605069208,1.1170514169001198,,,
R3,Stationary_AR,0.17957646614854894,0.38545262487278686,0.4754141724437474,None,23,,,500,0.0,0.0,0.0,0.0,5.0,0.45435193425726456,,
R4,Trending_ExponentialGrowth,0.9990685414229125,0.35826512081958284,0.4220636592791043,None,24,,,500,,,0.0,0.0,1.472565603813468,,,
R1,Composite,0.9986597505249469,0.9921208169200203,0.605958051733628,36,36,36.0,72.0,500,-0.20923053345754108,4.2655888439664106e-05,15.805497579622159,2.225398670906159,1.4929565305907193,,,
R2,Seasonal,0.6913663183161645,0.9969443854355132,0.7969005990103771,36,36,36.0,72.0,500,0.0,0.0,29.260312744930616,5.470875897291568,1.587195439602014,,,
R3,Stationary_WN,0.4309141351790239,0.26216549186582594,0.28959201103782206,None,4,,,500,0.0,0.0,0.0,0.0,5.637478330200157,,,
R4,Trending_ExponentialGrowth,0.9846951653738641,0.3127099353564675,0.395373413060337,None,24,,,500,,,0.0,0.0,1.0540591657308478,,,
R1,Composite,0.9997220167055694,0.9970629833296728,0.932586108262086,36,36,36.0,72.0,500,0.27790486542149206,-3.420199936669797e-05,16.378186896363154,6.120466804168192,0.8928834466439522,,,
R2,Seasonal,0.9525980182675189,0.9969096398760756,0.9612933567451304,36,36,36.0,72.0,500,0.0,0.0,22.759067749576623,11.924287312628675,1.3679181875508974,,,
R3,Stationary_AR,0.051852160337931164,0.6731817403149111,0.5666204951562387,None,100,,,500,0.0,0.0,0.0,0.0,5.0,0.5587782321061647,,
R4,Trending_ExponentialGrowth,0.99385791582438,0.4258557969591873,0.4230443023111762,None,24,,,500,,,0.0,0.0,1.144015231097855,,,
R1,Composite,0.99990237703197,0.9984648107920816,0.9250726764970769,24,24,24.0,48.0,500,0.39066216044057556,-3.983367329958312e-05,18.930620742474822,4.7355786391649195,0.8642042459206751,,,
R2,Seasonal,0.8822847248051495,0.9901607948864735,0.9133472438268504,24,24,24.0,48.0,500,0.0,0.0,17.910131106064938,10.90836420116284,1.9406900527690565,,,
R3,Stationary_AR,0.0016467208242967324,0.6468575685368434,0.0,None,250,,,500,0.0,0.0,0.0,0.0,5.0,0.5612396816466565,,
R4,Trending_MeanShift,0.9999855215705956,0.9999422649155775,0.0,None,250,,,500,,,0.0,0.0,0.5665076806765252,,250.0,
R1,Composite,0.9998899128963705,0.9978138624828637,0.9598169668172324,12,12,12.0,24.0,500,-0.2793753854186665,2.559912247257603e-05,12.243195841291403,5.573452783822795,0.5475287640702851,,,
R2,Seasonal,0.8826055059546576,0.9938082967423587,0.8823703853609506,12,12,12.0,24.0,500,0.0,0.0,19.391820719587834,8.247159752392426,1.621955254317623,,,
R3,Stationary_AR,0.3898973155954475,0.5653655844761846,0.7507106623267232,None,21,,,500,0.0,0.0,0.0,0.0,5.0,0.6881166204691844,,
R4,Trending_ExponentialGrowth,0.9991800040174408,0.36873535756907183,0.3223941011584657,None,24,,,500,,,0.0,0.0,1.02973655648904,,,
R1,Composite,0.9998583161767861,0.9984419468701947,0.8954183937269151,48,50,48.0,96.0,500,-0.3957915598980538,2.0793338589060417e-05,24.273126980367575,3.772008162805994,0.8890770010969475,,,
R2,Seasonal,0.01465011020108975,0.9888914301295032,0.6557706088236278,48,100,48.0,96.0,500,0.0,0.0,14.758296497992303,11.50282583536158,1.8822928242236712,,,
R3,Stationary_AR,0.30550573580501506,0.5119674150700876,0.5583417999941571,None,22,,,500,0.0,0.0,0.0,0.0,5.0,0.49750836977826934,,
R4,Trending_RandomWalkDrift,0.9998299204084065,0.9707231313829002,0.9386239013068057,None,125,,,500,,,0.0,0.0,1.1984228589929722,,,-0.39926898298974467
R1,Composite,0.9991889749060641,0.996491759327846,0.977795192195387,36,36,36.0,72.0,500,-0.10199277543783974,4.346463884034188e-05,8.05888312129567,6.058580970376122,0.5253100923029431,,,
R2,Seasonal,0.9706215461797949,0.9982596749152687,0.9758732813819985,36,36,36.0,72.0,500,0.0,0.0,19.197693735398623,9.761673678030887,0.8415551934196106,,,
R3,Stationary_AR,0.17704337730322073,0.4491072034992377,0.638741482394134,None,42,,,500,0.0,0.0,0.0,0.0,5.0,0.6751396509841862,,
R4,Trending_RandomWalkDrift,0.9994896369157051,0.716350357629046,0.8659198712260074,None,24,,,500,,,0.0,0.0,0.7165895689094249,,,0.49329159257325483
R1,Composite,0.9998540747492957,0.9915657123387848,0.817480501307294,36,36,36.0,72.0,500,0.3679895709765898,-1.0242337732253804e-05,9.68507419766571,3.2107362807798956,0.9906917574258554,,,
R2,Seasonal,0.8716445179550306,0.9963330431833934,0.8976676979081877,36,36,36.0,72.0,500,0.0,0.0,12.624491733376622,4.17785488537671,0.8239018029289011,,,
R3,Stationary_AR,0.10810401892001198,0.6163468508565134,0.652861649642607,None,42,,,500,0.0,0.0,0.0,0.0,5.0,0.5133173769610757,,
R4,Trending_RandomWalkDrift,0.9990311520614114,0.6828230858691641,0.8888114709192408,None,24,,,500,,,0.0,0.0,0.9661141146422224,,,0.17349815717210926
R1,Composite,0.9998981556966202,0.9944443676936865,0.8908593445946791,24,24,24.0,48.0,500,-0.3389110172708213,-3.8979368903707374e-05,9.68356675122874,3.7869093369563274,0.8359401917598946,,,
R2,Seasonal,0.8785725406212502,0.9975075362907428,0.9089814169227204,24,24,24.0,48.0,500,0.0,0.0,21.416253013110826,6.216729445447565,1.0836088854922352,,,
R3,Stationary_WN,0.05869834569754562,0.37005688605270903,0.37259374794931344,None,28,,,500,0.0,0.0,0.0,0.0,8.559931318022949,,,
R4,Trending_ExponentialGrowth,0.9993852151633607,0.3324141335567138,0.3814270562040857,None,24,,,500,,,0.0,0.0,1.0957429887696917,,,
R1,Composite,0.9997722213646574,0.9981674213831149,0.9615239173699999,12,12,12.0,24.0,500,0.28616038014345313,-4.866156936622933e-05,18.648550946140794,7.969654169549998,0.8606514014451926,,,
R2,Seasonal,0.9779456972870835,0.9988439850469325,0.9761266493708226,12,12,12.0,24.0,500,0.0,0.0,23.111142473715827,10.220830891181764,0.7961543549555269,,,
R3,Stationary_WN,0.22832087995004713,0.39425026456688506,0.29992666844025617,None,7,,,500,0.0,0.0,0.0,0.0,5.3957515805651814,,,
R4,Trending_ExponentialGrowth,0.9992173149804032,0.3830231276515048,0.309438247309464,None,24,,,500,,,0.0,0.0,0.8887618083527778,,,
R1,Composite,0.9995284039783491,0.9961570043324315,0.912451683234583,48,50,48.0,96.0,500,0.30118909000871413,-4.1833404216193616e-05,20.98664284890526,6.339404026806883,1.3060215887692461,,,
R2,Seasonal,0.861506051855339,0.9969047822800228,0.9137579559582146,48,50,48.0,96.0,500,0.0,0.0,23.332878128558573,6.420220490126988,1.2744473629156592,,,
R3,Stationary_WN,0.46216327018726433,0.15673526691265272,0.23280836193699728,None,2,,,500,0.0,0.0,0.0,0.0,13.074493714694825,,,
R4,Trending_RandomWalkDrift,0.9791562538041813,0.7477654373447948,0.46150929977539346,None,250,,,500,,,0.0,0.0,1.3857726571586895,,,-0.20008258557266856
R1,Composite,0.9940638624613916,0.9842252745916101,0.8977542320196367,24,24,24.0,48.0,500,-0.10102041149304657,3.336155911829753e-05,10.21638315079946,6.959653366101321,1.4447113957282278,,,
R2,Seasonal,0.8328459699703175,0.9945176510859776,0.8731451846306868,24,24,24.0,48.0,500,0.0,0.0,22.68932297959531,8.164958342665116,1.6806505961650706,,,
R3,Stationary_WN,0.28860280963177787,0.4024246988535941,0.3317153488553496,None,5,,,500,0.0,0.0,0.0,0.0,10.035843392789799,,,
R4,Trending_MeanShift,0.9997342889516254,0.9989502611086342,0.0,None,250,,,500,,,0.0,0.0,1.3401277086168721,,250.0,
R1,Composite,0.9998470868322916,0.9965894151488623,0.9123100047885332,24,24,24.0,48.0,500,-0.39430182863349195,-3.9673885954617494e-05,17.610916212583675,6.127862964830557,1.1451372795299963,,,
R2,Seasonal,0.5816120059111303,0.9945981480206031,0.7483721201102913,24,24,24.0,48.0,500,0.0,0.0,22.029484906101573,4.212654705655214,1.8588824584847488,,,
R3,Stationary_WN,0.3522367160846115,0.23399917688738292,0.31520997323456934,None,4,,,500,0.0,0.0,0.0,0.0,7.5942756140451415,,,
R4,Trending_MeanShift,0.9999624830115199,0.999850116743659,0.058048657406252535,None,250,,,500,,,0.0,0.0,0.8399705599094209,,250.0,
R1,Composite,0.9999008078295033,0.9986818179287634,0.9285719736153358,48,50,48.0,96.0,500,-0.3569506527308428,4.95594850619193e-05,19.150045396933624,3.4825176652064904,0.6581269615593833,,,
R2,Seasonal,0.009840998065757445,0.9811356858999604,0.5826943289031982,48,100,48.0,96.0,500,0.0,0.0,10.888320835776366,8.47689578251307,1.776362865120026,,,
R3,Stationary_WN,0.3136958825219456,0.3241806386399705,0.3056683170071829,None,4,,,500,0.0,0.0,0.0,0.0,13.077693201502926,,,
R4,Trending_MeanShift,0.9999726844840325,0.9998912148112477,0.049141120311183895,None,250,,,500,,,0.0,0.0,0.6700538863323341,,250.0,
R1,Composite,0.9979519218184602,0.9952857130019931,0.5857676201545483,36,36,36.0,72.0,500,0.17020077064541103,1.8665824431533687e-05,23.771437196927444,2.8176862999879524,1.4765631755541944,,,
R2,Seasonal,0.9492081733026617,0.9992965850569775,0.9592659723525807,36,36,36.0,72.0,500,0.0,0.0,22.727864782340276,5.584821611384866,0.6293099186943771,,,
R3,Stationary_WN,0.2629820592708807,0.2670122776951085,0.2565297818865748,None,5,,,500,0.0,0.0,0.0,0.0,8.908675043339898,,,
R4,Trending_MeanShift,0.9996934358241704,0.9988161842318781,0.0,None,250,,,500,,,0.0,0.0,0.6393298263278889,,250.0,
R1,Composite,0.9996052725077164,0.9962820652858361,0.8274977807296108,48,50,48.0,96.0,500,-0.26343116092601104,-1.2280105648971223e-05,18.4799234876918,2.767267808192804,1.0583396979921562,,,
R2,Seasonal,0.6569917043906223,0.9946482635178165,0.8500477941807161,48,50,48.0,96.0,500,0.0,0.0,27.955463431772735,5.93661336949512,1.7816694805547062,,,
R3,Stationary_AR,0.29280747197753143,0.5323222344419879,0.5677031296029285,None,20,,,500,0.0,0.0,0.0,0.0,5.0,0.41742468869867144,,
R4,Trending_MeanShift,0.9999656195194463,0.9998627661997485,0.0,None,250,,,500,,,0.0,0.0,0.6445143493933537,,250.0,
R1,Composite,0.9990895152351125,0.9960634462346137,0.9148223759941787,48,50,48.0,96.0,500,-0.23165794030313666,-1.1330974884522759e-05,23.531462778098277,7.4028208434800575,1.382132784064913,,,
R2,Seasonal,0.9112734221145435,0.9975330870867922,0.9408158976371873,48,50,48.0,96.0,500,0.0,0.0,23.534322964199568,7.166302639788688,1.118885368185392,,,
R3,Stationary_AR,0.014459018861443296,0.4389804333715953,0.0,None,167,,,500,0.0,0.0,0.0,0.0,5.0,0.5282906374500603,,
R4,Trending_MeanShift,0.9995644381941873,0.9982550767131758,0.0,None,250,,,500,,,0.0,0.0,1.4367790062823889,,250.0,
R1,Composite,0.9990779067080994,0.9943417713904075,0.7471947265663987,12,12,12.0,24.0,500,0.1980252664455332,1.5863894311485625e-05,17.083284410177406,3.901105525681224,1.3107969225099296,,,
R2,Seasonal,0.8971753295627505,0.9931744856310472,0.8958866185331901,12,12,12.0,24.0,500,0.0,0.0,22.043330152162646,10.657189940635462,1.9998883856122278,,,
R3,Stationary_WN,0.3524874720432235,0.345930536061696,0.22209502346167287,None,5,,,500,0.0,0.0,0.0,0.0,6.576983620572566,,,
R4,Trending_ExponentialGrowth,0.9903263841729073,0.3984087175081774,0.32289480156490447,None,24,,,500,,,0.0,0.0,0.9956050734994966,,,
R1,Composite,0.9999355085409639,0.9987124871094866,0.9614577058195383,12,12,12.0,24.0,500,0.29796591464037564,2.6817063027866608e-05,14.11751345241223,5.089950158487208,0.5429420411515793,,,
R2,Seasonal,0.937165862347054,0.9910190147418215,0.9361683881884779,12,12,12.0,24.0,500,0.0,0.0,14.307023481246308,10.484328132577543,1.5035055464441545,,,
R3,Stationary_WN,0.4637445114928932,0.1016899311978301,0.21383529800317336,None,2,,,500,0.0,0.0,0.0,0.0,6.6756652075480165,,,
R4,Trending_MeanShift,0.9999342506134065,0.9997387794501792,0.0,None,250,,,500,,,0.0,0.0,1.3300124150274089,,250.0,
R1,Composite,0.9994016945038655,0.9991422549880626,0.9473517452898724,36,36,36.0,72.0,500,-0.1427481092666221,2.180659824684175e-05,22.736415057531442,5.267717695401237,0.7111914386610817,,,
R2,Seasonal,0.8478731023504372,0.9876319835282346,0.890366528131625,36,36,36.0,72.0,500,0.0,0.0,12.03536564926,6.924789887523706,1.517863936885766,,,
R3,Stationary_WN,0.08566747574823663,0.39797259452347666,0.3064304075578467,None,20,,,500,0.0,0.0,0.0,0.0,14.317346053548546,,,
R4,Trending_RandomWalkDrift,0.972215076380003,0.0,0.0,None,250,,,500,,,0.0,0.0,1.172372208083602,,,-0.36825256859775346
R1,Composite,0.9999194838358183,0.9986525200726878,0.9712867849432978,12,12,12.0,24.0,500,-0.3618826731614413,4.117616587108975e-05,17.030829052967476,7.19429068891211,0.7221467338792902,,,
R2,Seasonal,0.977118146911158,0.9971697948752318,0.9747828194012536,12,12,12.0,24.0,500,0.0,0.0,16.727667552973777,11.357884370290108,0.9036789346903007,,,
R3,Stationary_WN,0.5546440653890726,0.1529816674428468,0.21429103888798706,None,2,,,500,0.0,0.0,0.0,0.0,10.459231293309168,,,
R4,Trending_ExponentialGrowth,0.9957604638078079,0.4223240823905684,0.39178533309681496,None,24,,,500,,,0.0,0.0,1.2775202325932917,,,
R1,Composite,0.9982330942542946,0.9971080205257015,0.9280676768708551,36,36,36.0,72.0,500,-0.11287214108650424,-1.2281581467980046e-05,19.28371796619946,7.0734049199369435,1.0349803515226896,,,
R2,Seasonal,0.9062935592070219,0.9900559233761375,0.9251410278139944,36,36,36.0,72.0,500,0.0,0.0,14.752032641940191,9.79194884709301,1.6128674086760861,,,
R3,Stationary_AR,0.40297062847396536,0.3362783410167912,0.49767024609766075,None,12,,,500,0.0,0.0,0.0,0.0,5.0,0.4434332047660569,,
R4,Trending_RandomWalkDrift,0.7081707820044936,0.40802843794088994,0.0,None,250,,,500,,,0.0,0.0,1.3744982708072273,,,-0.2541335762623277
R1,Composite,0.9996861158666307,0.9954768512222835,0.82397306322028,36,36,36.0,72.0,500,-0.37599394248856355,2.42328667837558e-05,19.45069923890049,4.88371874330727,1.4324063263309275,,,
R2,Seasonal,0.907173200664814,0.9966817062277604,0.9240542689451696,36,36,36.0,72.0,500,0.0,0.0,21.830005606367102,8.251636051663219,1.2473286530271386,,,
R3,Stationary_WN,0.5300067752579113,0.177094586579985,0.22936889757563927,None,2,,,500,0.0,0.0,0.0,0.0,12.89344305605687,,,
R4,Trending_RandomWalkDrift,0.9312462537075424,0.251798007650907,0.0,None,250,,,500,,,0.0,0.0,0.6842988991188707,,,0.2755765122875159
R1,Composite,0.9988158285498553,0.9992742903972188,0.9593641259221718,36,36,36.0,72.0,500,-0.10386608123366235,2.5032812953915354e-05,24.34912269999146,6.067025787493865,0.6714165821520882,,,
R2,Seasonal,0.9091516795530759,0.9964118786589141,0.9285311082972161,36,36,36.0,72.0,500,0.0,0.0,13.087570317402928,5.296308974757868,0.8010059059547174,,,
R3,Stationary_WN,0.4166357361904277,0.21258899446951163,0.37008419236853096,None,3,,,500,0.0,0.0,0.0,0.0,13.894958826443842,,,
R4,Trending_ExponentialGrowth,0.9987000792370144,0.3731902717189387,0.3995413316093497,None,24,,,500,,,0.0,0.0,1.3328244903994184,,,
R1,Composite,0.999776775705188,0.9934697136772208,0.7623590565438256,36,36,36.0,72.0,500,0.22007708664641817,1.0228556541303098e-05,8.497729747832155,2.069340339852788,0.776905237017623,,,
R2,Seasonal,0.7765033646203514,0.9841076814736008,0.8363727992954535,36,36,36.0,72.0,500,0.0,0.0,10.540558639693904,5.61515539045374,1.4001537697240776,,,
R3,Stationary_AR,0.27736977910564364,0.5616545893641389,0.7054034941699443,None,33,,,500,0.0,0.0,0.0,0.0,5.0,0.6965224454688859,,
R4,Trending_MeanShift,0.9999714495615195,0.9998862482211689,0.0,None,250,,,500,,,0.0,0.0,0.5125078332963775,,250.0,
R1,Composite,0.9979333413428854,0.9970083650296949,0.8876127395350554,24,24,24.0,48.0,500,0.10948514319859215,1.7622915892037656e-05,20.03781600626209,5.652001332210681,1.2113767042009043,,,
R2,Seasonal,0.894831188331074,0.9961685095001542,0.9197844845493822,24,24,24.0,48.0,500,0.0,0.0,26.343047765652393,10.377295684244867,1.7429321879712307,,,
R3,Stationary_WN,0.1738928391977287,0.30857402166992354,0.25437619569444825,None,8,,,500,0.0,0.0,0.0,0.0,11.512943608680857,,,
R4,Trending_RandomWalkDrift,0.997989786158778,0.9533726599768747,0.5611748070271858,None,250,,,500,,,0.0,0.0,1.2426544432868205,,,-0.33605459241018454
R1,Composite,0.9998353426229862,0.9963358110745623,0.9111224760856229,24,24,24.0,48.0,500,-0.392716927169368,-4.2895485862546764e-05,17.57544442426497,6.253179152168172,1.2004206485572235,,,
R2,Seasonal,0.9706338993891734,0.9991521337772584,0.9768979671992842,24,24,24.0,48.0,500,0.0,0.0,25.85957775302385,9.284648289873932,0.828949772858014,,,
R3,Stationary_WN,0.03554682392524833,0.4005707932796574,0.36656707501281216,None,26,,,500,0.0,0.0,0.0,0.0,8.528145692139134,,,
R4,Trending_ExponentialGrowth,0.9988047837636299,0.3404760698176268,0.304185721647526,None,24,,,500,,,0.0,0.0,0.8641756411087278,,,
R1,Composite,0.9993541101293539,0.9945815261696245,0.955804547020981,48,50,48.0,96.0,500,-0.15733063242896675,2.0295370271900236e-05,10.476002787366191,6.006662648110282,0.7733823031472489,,,
R2,Seasonal,0.8687149694054156,0.9966481522039936,0.9236509282730232,48,50,48.0,96.0,500,0.0,0.0,26.579902629116987,8.101113318378877,1.4076692950914929,,,
R3,Stationary_WN,0.5038595873129539,0.10975062925269341,0.29367331403356334,None,2,,,500,0.0,0.0,0.0,0.0,8.418020923388328,,,
R4,Trending_RandomWalkDrift,0.9995050541571981,0.9856788742576152,0.9678096205731606,None,125,,,500,,,0.0,0.0,0.9069597705104944,,,-0.31021559068312987
R1,Composite,0.9993466795652688,0.9992576923895753,0.9341965260726555,24,24,24.0,48.0,500,-0.12707837825102222,2.347602970088222e-05,21.966878534601623,4.138188414244717,0.5915855956146249,,,
R2,Seasonal,0.9327661796098544,0.9989487787451555,0.9470470446745524,24,24,24.0,48.0,500,0.0,0.0,29.492701478550554,7.5170986951720336,1.0118586450117708,,,
R3,Stationary_AR,0.44192096057593533,0.5404944916937476,0.630774026173677,None,23,,,500,0.0,0.0,0.0,0.0,5.0,0.567379698682776,,
R4,Trending_MeanShift,0.9998099445342932,0.9992487593037305,0.0,None,250,,,500,,,0.0,0.0,0.6680383537904059,,250.0,
R1,Composite,0.999508702731932,0.9962952432392761,0.944500555376143,48,50,48.0,96.0,500,-0.1486183065262104,-4.5027789370508135e-05,12.857596379369141,5.445182805999292,0.8332309557715007,,,
R2,Seasonal,0.7889280880926843,0.9957129075243486,0.8952391551724649,48,50,48.0,96.0,500,0.0,0.0,25.564432195728873,6.9166427425281745,1.5473853563057185,,,
R3,Stationary_WN,0.2158855982993414,0.3410125584580531,0.339124933365643,None,5,,,500,0.0,0.0,0.0,0.0,7.670359615633658,,,
R4,Trending_ExponentialGrowth,0.9977925531895226,0.3882351429095826,0.3128093248249082,None,24,,,500,,,0.0,0.0,0.9532769552117261,,,
R1,Composite,0.9994447541296203,0.9974589704753146,0.9561137598523606,36,36,36.0,72.0,500,0.12662932819493952,2.246764237710715e-05,13.14226059777705,5.863738592858168,0.6982250984632564,,,
R2,Seasonal,0.9727307038009264,0.9995620529892444,0.9781365273472616,36,36,36.0,72.0,500,0.0,0.0,27.24972761801847,7.251294899341109,0.6459822841834124,,,
R3,Stationary_WN,0.010718686139202127,0.4811753135019039,0.3646017527675651,None,125,,,500,0.0,0.0,0.0,0.0,9.312849257471605,,,
R4,Trending_ExponentialGrowth,0.9964089192146739,0.3418803602728786,0.27295017497149776,None,24,,,500,,,0.0,0.0,0.9499958567436568,,,
R1,Composite,0.999508079106338,0.996417380912484,0.9552442288407714,24,24,24.0,48.0,500,-0.20650622609115984,1.4855440038369428e-05,14.632815989975587,7.716339210591757,0.946330263077567,,,
R2,Seasonal,0.9441336415924702,0.9954272185363006,0.9566981338361679,24,24,24.0,48.0,500,0.0,0.0,14.444314343286397,8.6935077137154,1.199374399643402,,,
R3,Stationary_AR,0.13704799507687782,0.3904228443683071,0.5199594982198825,None,36,,,500,0.0,0.0,0.0,0.0,5.0,0.4242387551399637,,
R4,Trending_ExponentialGrowth,0.9945171335591425,0.39047657662375923,0.43006943656983154,None,24,,,500,,,0.0,0.0,1.0917127529896367,,,
R1,Composite,0.9999002454843641,0.9987203866565731,0.8986629066874526,24,24,24.0,48.0,500,-0.3747828572629974,4.288009965250048e-05,19.89623975721672,3.883875590569648,0.6847196733732092,,,
R2,Seasonal,0.9274981447292465,0.9975248732376529,0.9436497424610523,24,24,24.0,48.0,500,0.0,0.0,28.59557120369052,11.04488065749714,1.5685693573998747,,,
R3,Stationary_AR,0.10274542987317548,0.5338154172024832,0.6039927054449404,None,36,,,500,0.0,0.0,0.0,0.0,5.0,0.4793292424655548,,
R4,Trending_MeanShift,0.9999707266111271,0.9998827091297281,0.27479359815273174,None,250,,,500,,,0.0,0.0,0.8189903140387774,,250.0,
R1,Composite,0.99962735652816,0.9792792211588722,0.753557398220533,48,50,48.0,96.0,500,-0.35370810934759056,4.765135745553134e-05,9.249222098146804,3.495012987163576,1.3038533385146684,,,
R2,Seasonal,0.6505881665623441,0.9933075926238,0.8231082297530088,48,50,48.0,96.0,500,0.0,0.0,18.154625564478863,4.041806038225731,1.4105190275043837,,,
R3,Stationary_AR,0.3754264499922264,0.6476308734543692,0.6861656482227708,None,83,,,500,0.0,0.0,0.0,0.0,5.0,0.6908803798739155,,
R4,Trending_RandomWalkDrift,0.9937512770141061,0.8433925837926082,0.0,None,250,,,500,,,0.0,0.0,0.9344322904115655,,,0.39730592684014976
R1,Composite,0.9998415176860986,0.9993254642188576,0.9784183466222277,24,24,24.0,48.0,500,-0.22283876156074112,1.431319643048295e-05,21.088179518449767,6.91311664016413,0.5660865353886256,,,
R2,Seasonal,0.8631455955463999,0.991848695387617,0.8967251732263819,24,24,24.0,48.0,500,0.0,0.0,19.56591480018087,9.808478719429509,1.9203477113770346,,,
R3,Stationary_AR,0.31128829410633185,0.47984202973287604,0.5752768929679258,None,29,,,500,0.0,0.0,0.0,0.0,5.0,0.5538057714186416,,
R4,Trending_ExponentialGrowth,0.9956103380645981,0.33958369087835993,0.2894978221750323,None,24,,,500,,,0.0,0.0,0.5695778437831611,,,
R1,Composite,0.997521136030599,0.9942253900912539,0.7968693632985008,48,50,48.0,96.0,500,-0.189883721282943,2.229434264490608e-05,24.863585293997524,3.4546212613087426,1.4658622817173008,,,
R2,Seasonal,0.4605230433718941,0.9930528890991694,0.7846362359119751,48,50,48.0,96.0,500,0.0,0.0,29.50075244382124,4.984728545735893,1.9242767462735475,,,
R3,Stationary_AR,0.01913985538201246,0.6967253641195621,0.6730268477985075,None,125,,,500,0.0,0.0,0.0,0.0,5.0,0.5293594349222974,,
R4,Trending_MeanShift,0.9997488524507095,0.9990195913896617,0.0,None,250,,,500,,,0.0,0.0,1.0586404260217868,,250.0,
R1,Composite,0.9996048661698851,0.9951471858454248,0.8850547331110173,36,36,36.0,72.0,500,-0.3095049253421028,3.6142490674814176e-05,17.08690968174976,6.027219947988796,1.2516171791933863,,,
R2,Seasonal,0.9277732185029997,0.9972078821116106,0.9422261082119638,36,36,36.0,72.0,500,0.0,0.0,27.926752113306687,11.346676924848742,1.607842942753289,,,
R3,Stationary_WN,0.0035645942888650195,0.03455616515604176,0.0,None,250,,,500,0.0,0.0,0.0,0.0,11.488363050691675,,,
R4,Trending_ExponentialGrowth,0.9996114635896094,0.40830045460545283,0.4402313694670055,None,24,,,500,,,0.0,0.0,0.805619170207789,,,
R1,Composite,0.9996802668547083,0.99933728163686,0.8938003102711526,24,24,24.0,48.0,500,0.17339058242893204,-3.568569843266773e-05,22.024791571141524,2.9337076464660132,0.5837117133115132,,,
R2,Seasonal,0.9820716393085973,0.9994738319778517,0.9860071449591824,24,24,24.0,48.0,500,0.0,0.0,21.058297229428927,7.675899233118897,0.5518347399157866,,,
R3,Stationary_WN,0.5256333833877415,0.05261065891231931,0.21874776445968624,None,2,,,500,0.0,0.0,0.0,0.0,13.406455073609004,,,
R4,Trending_MeanShift,0.9999232931577637,0.9996877305782237,0.0,None,250,,,500,,,0.0,0.0,0.5058391134637504,,250.0,
R1,Composite,0.9994022410747944,0.988568942850926,0.8697084254566336,24,24,24.0,48.0,500,0.2679093600644902,2.3645954602154954e-05,12.702306633791762,6.539482190960356,1.4640481208850926,,,
R2,Seasonal,0.842073450804498,0.9920424711725164,0.8850382694096501,24,24,24.0,48.0,500,0.0,0.0,19.477029579846914,8.950058743075942,1.8836694709942332,,,
R3,Stationary_AR,0.07899290284392857,0.5314737648702783,0.6019134955306302,None,71,,,500,0.0,0.0,0.0,0.0,5.0,0.4432955182130238,,
R4,Trending_RandomWalkDrift,0.99858524313758,0.7547387015088128,0.8632530191140416,None,24,,,500,,,0.0,0.0,0.765700900265168,,,-0.17603263365665822
R1,Composite,0.9987468074070712,0.9837983629275656,0.8884741539185135,48,50,48.0,96.0,500,0.17192710250634513,4.2956668329917856e-05,11.460268157927905,6.771789197220007,1.3944332234288002,,,
R2,Seasonal,0.006402943348931656,0.9863324227725937,0.6133550357775537,48,100,48.0,96.0,500,0.0,0.0,12.487016295477389,10.03852097776571,1.8631072855235258,,,
R3,Stationary_WN,0.30650535831360737,0.37282900011417497,0.3437844122365382,None,5,,,500,0.0,0.0,0.0,0.0,13.558133813069142,,,
R4,Trending_MeanShift,0.99963661264239,0.9985369584943342,0.0,None,250,,,500,,,0.0,0.0,1.2686454505150437,,250.0,
R1,Composite,0.9993408661987486,0.9955175975040154,0.9163435662008158,48,50,48.0,96.0,500,-0.11532327178262565,-1.4533246380018233e-05,9.610344521820638,3.3028484484971385,0.7011871024112333,,,
R2,Seasonal,0.8724367378889766,0.9937759811159023,0.9058429038930224,48,50,48.0,96.0,500,0.0,0.0,22.198032280619163,8.965391229088723,1.8311933860547458,,,
R3,Stationary_WN,0.4352554899485279,0.040862607397055606,0.23010494247827218,None,2,,,500,0.0,0.0,0.0,0.0,10.862894728149321,,,
R4,Trending_MeanShift,0.9985544071565376,0.9944158167241,0.0,None,250,,,500,,,0.0,0.0,1.0923896124891055,,250.0,
R1,Composite,0.9998815851287122,0.9968168445189913,0.8988511485514712,24,24,24.0,48.0,500,-0.2802420660110414,1.7893940684513594e-05,10.444983313604473,3.227736497024896,0.6660924815326486,,,
R2,Seasonal,0.9844870266121009,0.999449044366356,0.9877040095240728,24,24,24.0,48.0,500,0.0,0.0,25.55112168943182,10.265731673243536,0.5243121114799243,,,
R3,Stationary_WN,0.227970618518055,0.3934776087771221,0.316901774640158,None,7,,,500,0.0,0.0,0.0,0.0,14.4503266685337,,,
R4,Trending_RandomWalkDrift,0.9997210234692099,0.7226057187832229,0.921873194339015,None,24,,,500,,,0.0,0.0,0.7368056650188719,,,0.3884426302219063
R1,Composite,0.9978201301633995,0.9958708060140041,0.8867738557097619,48,50,48.0,96.0,500,0.142300822887578,-3.323016043961003e-05,19.8614691703165,4.730953694934182,1.1764653682287483,,,
R2,Seasonal,0.9815224533132024,0.9994332302844168,0.9865375496460079,48,50,48.0,96.0,500,0.0,0.0,27.67239540021563,9.258370070900728,0.5641225771991512,,,
R3,Stationary_WN,0.47089544160954766,0.2028859842659223,0.37540848104338675,None,3,,,500,0.0,0.0,0.0,0.0,13.41973939509207,,,
R4,Trending_RandomWalkDrift,0.9996526269663949,0.7740519974572444,0.9391614370552184,None,24,,,500,,,0.0,0.0,1.0145696112812623,,,0.24196291600527142
R1,Composite,0.9997836770730744,0.9983927349977899,0.8473648252962245,36,36,36.0,72.0,500,-0.3454645765154132,2.288083197782121e-05,24.895974920730655,4.2102624028511615,1.0019957937665187,,,
R2,Seasonal,0.979661437873678,0.9993690082902262,0.9828238318113698,36,36,36.0,72.0,500,0.0,0.0,20.830500185375616,7.573293615689761,0.5507642898583223,,,
R3,Stationary_WN,0.5229131859467534,0.10454177013343191,0.23309106279744163,None,2,,,500,0.0,0.0,0.0,0.0,9.856809997222154,,,
R4,Trending_ExponentialGrowth,0.9979928716703278,0.4061395700365753,0.37820573154877923,None,24,,,500,,,0.0,0.0,0.5745592475620075,,,
R1,Composite,0.9998802388684562,0.9976598138728423,0.8997744163336321,48,50,48.0,96.0,500,-0.33291963473978226,-1.8622434998222527e-05,16.178301130570656,3.442675754376093,0.8382499321736092,,,
R2,Seasonal,0.9212179003177543,0.9945359866347354,0.9429658729899266,48,50,48.0,96.0,500,0.0,0.0,22.640934821557153,11.313159078520433,1.7575408161055124,,,
R3,Stationary_WN,0.4214284527206197,0.1987524478760727,0.16832791419551996,None,3,,,500,0.0,0.0,0.0,0.0,10.648120617401267,,,
R4,Trending_MeanShift,0.9987456096718632,0.9954031027747116,0.0,None,250,,,500,,,0.0,0.0,1.2958052094501866,,250.0,
R1,Composite,0.9997378750653035,0.983142188683812,0.6208773638249421,48,100,48.0,96.0,500,-0.3772572535689379,-4.494376634430104e-05,8.063261834130971,6.34184002459301,1.3360124209569415,,,
R2,Seasonal,0.9252099974289729,0.99578460991285,0.9442997066888149,48,50,48.0,96.0,500,0.0,0.0,18.166293752591876,8.179827570170648,1.2366854408298518,,,
R3,Stationary_WN,0.3286278280407433,0.2465086216659389,0.2672596551230386,None,4,,,500,0.0,0.0,0.0,0.0,9.61185546727031,,,
R4,Trending_ExponentialGrowth,0.999887157227133,0.5123702109061898,0.6148998804908478,None,24,,,500,,,0.0,0.0,0.52985029967191,,,
R1,Composite,0.9996322535673363,0.9943755535414444,0.5246975232299483,12,12,12.0,24.0,500,0.39820070960305964,2.902185682670159e-05,21.304423334332107,2.282832685783961,1.4891160358008628,,,
R2,Seasonal,0.9676037298146265,0.9979001452679847,0.9654905821471986,12,12,12.0,24.0,500,0.0,0.0,23.288884094567727,11.17872517525893,1.181259180487961,,,
R3,Stationary_AR,0.2386108676951294,0.43886419374440266,0.4685404620284669,None,14,,,500,0.0,0.0,0.0,0.0,5.0,0.430659067195361,,
R4,Trending_ExponentialGrowth,0.9978677200659161,0.37276628774190934,0.3448515617534704,None,24,,,500,,,0.0,0.0,1.0053942009065606,,,
R1,Composite,0.9992331817379182,0.9962666633232432,0.715052289715471,48,50,48.0,96.0,500,0.21316347855157894,1.3376734295588842e-05,21.000341865239797,2.0151495827311177,1.0278552700926702,,,
R2,Seasonal,0.7847031985602125,0.9951924935886768,0.8605409127910701,48,50,48.0,96.0,500,0.0,0.0,17.573181126009263,4.532715429977218,1.1920195092935333,,,
R3,Stationary_AR,0.2941867505822888,0.4621463521926866,0.5884209969817491,None,16,,,500,0.0,0.0,0.0,0.0,5.0,0.4485719644446614,,
R4,Trending_RandomWalkDrift,0.997954300623939,0.9242986861073916,0.0,None,250,,,500,,,0.0,0.0,0.8178214974940412,,,0.2893968529526322
R1,Composite,0.9997907620927027,0.9942033366752915,0.8619677948778831,12,12,12.0,24.0,500,0.36305506284889655,1.4383176505904594e-05,14.168187800008052,5.351224161590508,1.204492076627608,,,
R2,Seasonal,0.9749408245353826,0.9990471941897541,0.972399878289498,12,12,12.0,24.0,500,0.0,0.0,18.194213162821537,6.791077290361046,0.5699618371242203,,,
R3,Stationary_AR,0.26845188092623373,0.4198621573642807,0.5395577345994438,None,19,,,500,0.0,0.0,0.0,0.0,5.0,0.5003591265949234,,
R4,Trending_MeanShift,0.9999534535368368,0.9998137901237257,0.0,None,250,,,500,,,0.0,0.0,0.881607415774492,,250.0,
R1,Composite,0.9997407324604886,0.9979472933417205,0.8830283504857317,24,24,24.0,48.0,500,0.29125743121332254,4.410527668987979e-05,22.51426174322874,4.8992895133935965,1.1631468038112724,,,
R2,Seasonal,0.9879486772470011,0.9993975087949225,0.9905004138339025,24,24,24.0,48.0,500,0.0,0.0,20.493058622678618,9.909984502705733,0.5757168889602,,,
R3,Stationary_AR,0.41879660889922166,0.3725974228543808,0.48726981487044496,None,12,,,500,0.0,0.0,0.0,0.0,5.0,0.401401718329896,,
R4,Trending_RandomWalkDrift,0.999799038539235,0.6525998032310798,0.8397559268700127,None,24,,,500,,,0.0,0.0,1.1117033204973732,,,0.3722687405875392
R1,Composite,0.9996853492621116,0.994666844825856,0.9058654530288306,48,50,48.0,96.0,500,0.1825577413331219,-2.2294201731946225e-05,8.860855728377057,3.172726934340459,0.6413188208762424,,,
R2,Seasonal,0.9509616230692132,0.9966867040878805,0.9637847873210057,48,50,48.0,96.0,500,0.0,0.0,21.115370745017195,10.445515891084895,1.1847826003723256,,,
R3,Stationary_WN,0.5117027293660057,0.15397069848025446,0.21251383003012037,None,2,,,500,0.0,0.0,0.0,0.0,12.788822223724962,,,
R4,Trending_RandomWalkDrift,0.9996933860410063,0.6354314128169547,0.844682550309589,None,24,,,500,,,0.0,0.0,0.8768277684953564,,,-0.4694011516947434
R1,Composite,0.9981850926787168,0.9964473301369025,0.7449035807537892,36,36,36.0,72.0,500,-0.1218088991184254,-2.322119872543251e-05,19.541968123045585,3.2083645213439116,1.155517669102857,,,
R2,Seasonal,0.9668372990699967,0.996191542058004,0.9731448362890376,36,36,36.0,72.0,500,0.0,0.0,10.77008702144273,7.598416912145692,0.7262388104517536,,,
R3,Stationary_WN,0.19916429112439737,0.3034101606992744,0.2559888112068527,None,8,,,500,0.0,0.0,0.0,0.0,12.750037507370141,,,
R4,Trending_MeanShift,0.9992652343287077,0.9969555567108502,0.0,None,250,,,500,,,0.0,0.0,0.9060943686691478,,250.0,
R1,Composite,0.999708918733374,0.9978345881089219,0.9481356305781056,12,12,12.0,24.0,500,0.17930569289433823,3.4474463433093694e-05,14.621524054421009,5.73298201204487,0.7437247152899692,,,
R2,Seasonal,0.8639318406513696,0.9915816061533568,0.8672272258901093,12,12,12.0,24.0,500,0.0,0.0,22.65332939297337,10.45159357915093,1.9531679701411782,,,
R3,Stationary_WN,0.47901678074807363,0.11037589806863679,0.2047781499939727,None,2,,,500,0.0,0.0,0.0,0.0,9.753236156404702,,,
R4,Trending_ExponentialGrowth,0.9979353261135215,0.40702976682382175,0.3378312398403568,None,24,,,500,,,0.0,0.0,1.1464808109580056,,,
R1,Composite,0.9998821079662359,0.9978142488561123,0.9030905550788785,12,12,12.0,24.0,500,-0.33172658112332865,3.1478159867047916e-05,14.916088001972199,4.191512431658287,0.7274111682540925,,,
R2,Seasonal,0.7875754131450979,0.9977602885725015,0.8086680284155029,12,12,12.0,24.0,500,0.0,0.0,29.197971957603816,5.1665441246925345,1.57221511592556,,,
R3,Stationary_WN,0.5497093402397042,0.11746000515360422,0.2827071983751658,None,2,,,500,0.0,0.0,0.0,0.0,13.282693966123828,,,
R4,Trending_RandomWalkDrift,0.9997724516192984,0.6215490330207435,0.8468724950174471,None,24,,,500,,,0.0,0.0,1.1536059987531726,,,-0.43495179832639086
R1,Composite,0.9999273346678927,0.9990479070202469,0.9666415051070169,36,36,36.0,72.0,500,0.3358604521599193,3.568949936398389e-05,19.9352997378015,6.272371238766704,0.6162695564764891,,,
R2,Seasonal,0.9545721421925564,0.9980588578242164,0.9628553853765878,36,36,36.0,72.0,500,0.0,0.0,26.446163640614028,11.148361689012102,1.3879330110524255,,,
R3,Stationary_WN,0.5132117325893208,0.1924410028443162,0.20944199570820599,None,2,,,500,0.0,0.0,0.0,0.0,8.523675627158479,,,
R4,Trending_RandomWalkDrift,0.9983477390926858,0.981353700809054,0.957151803768377,None,125,,,500,,,0.0,0.0,1.3847072382564143,,,0.24403670084201604
R1,Composite,0.9997379305479674,0.9912969980878426,0.9294005939273298,36,36,36.0,72.0,500,-0.2902875172096343,-4.756282021328816e-05,11.096519303312084,7.180511230560493,1.0697510772122683,,,
R2,Seasonal,0.9079087783356327,0.9948024372537394,0.9290014168830363,36,36,36.0,72.0,500,0.0,0.0,16.677946350861248,8.103348467789356,1.2511069263261563,,,
R3,Stationary_AR,0.20182077248640262,0.47554122385730424,0.5415191731298041,None,25,,,500,0.0,0.0,0.0,0.0,5.0,0.47140938741797733,,
R4,Trending_RandomWalkDrift,0.9993825622117991,0.642766146717098,0.779403123038269,None,24,,,500,,,0.0,0.0,1.4256128230220577,,,0.2152434646406528
R1,Composite,0.9984900626338931,0.9728663499977074,0.7783492860722496,12,12,12.0,24.0,500,0.19158811322596747,-2.7205934955959117e-05,8.377492379089782,4.900852406493851,1.4824766175850455,,,
R2,Seasonal,0.0735139594770059,0.9962531584632977,0.40714151073463545,12,24,12.0,24.0,500,0.0,0.0,10.497335158410614,9.190812494349839,0.9191352787603717,,,
R3,Stationary_WN,0.14906146378626106,0.31531427916019683,0.3089234403918414,None,9,,,500,0.0,0.0,0.0,0.0,5.669881978344062,,,
R4,Trending_RandomWalkDrift,0.9993972640651878,0.49416098274136677,0.8414692984576961,None,24,,,500,,,0.0,0.0,1.000521229016069,,,0.24982709547553697
R1,Composite,0.999433451948413,0.9986889692178773,0.9352440976281695,12,12,12.0,24.0,500,-0.15228052101168904,-3.942977656003767e-05,23.186292287994874,6.325831517872033,0.9281400442765837,,,
R2,Seasonal,0.9745423939410387,0.9981472846098944,0.9724984186870099,12,12,12.0,24.0,500,0.0,0.0,20.925407460256654,10.771133430930082,0.9489655497816791,,,
R3,Stationary_WN,0.15892529353302454,0.37355734905870785,0.372962729446195,None,15,,,500,0.0,0.0,0.0,0.0,12.424120411738055,,,
R4,Trending_RandomWalkDrift,0.9996290187356172,0.5745592248731306,0.8984660738318118,None,24,,,500,,,0.0,0.0,1.0151298370930641,,,-0.39560538723897176
R1,Composite,0.9997178382277455,0.9943642300795954,0.912527222625942,48,50,48.0,96.0,500,0.3299343787893596,3.997203305519949e-05,16.457165936674947,6.209042072897774,1.2783688875824986,,,
R2,Seasonal,0.971365644403692,0.9986596038298347,0.9782539985720102,48,50,48.0,96.0,500,0.0,0.0,25.725181938058995,10.557937867823005,0.9287917735338616,,,
R3,Stationary_AR,0.07021961662356102,0.6662527440425156,0.7310483619785755,None,100,,,500,0.0,0.0,0.0,0.0,5.0,0.6612116595278474,,
R4,Trending_RandomWalkDrift,0.9859512424697358,0.9357616832788092,0.5127886667831913,None,250,,,500,,,0.0,0.0,1.1570424950720688,,,-0.13596728712159512
R1,Composite,0.9996341338205903,0.9955728723716432,0.8546297301897222,48,50,48.0,96.0,500,0.3567888490605907,-1.6216592805791924e-05,21.29189031080785,4.76908451980745,1.441497003194335,,,
R2,Seasonal,0.12184568180559563,0.9982817668778791,0.9036812184971944,48,100,48.0,96.0,500,0.0,0.0,14.7646320984186,11.238282707264803,0.8844096152404333,,,
R3,Stationary_AR,0.20064273057871973,0.5347344915058772,0.6085213875515914,None,36,,,500,0.0,0.0,0.0,0.0,5.0,0.5243141811224006,,
R4,Trending_RandomWalkDrift,0.804328898758405,0.19259249099869336,0.0,None,250,,,500,,,0.0,0.0,0.6293630392205722,,,-0.40046896298999024
R1,Composite,0.9997812807002615,0.9975889382380799,0.872353090534656,36,36,36.0,72.0,500,0.1498228989456248,4.3227313015297585e-05,10.474285796081158,2.4124689914176676,0.5086688034735469,,,
R2,Seasonal,0.9767271120921069,0.9991562429702814,0.9808139396948267,36,36,36.0,72.0,500,0.0,0.0,22.84033249013394,9.059472145385564,0.6846162971816894,,,
R3,Stationary_WN,0.17926033477273373,0.3211492995130285,0.29826463964842354,None,9,,,500,0.0,0.0,0.0,0.0,6.416735663560353,,,
R4,Trending_MeanShift,0.9926566441471074,0.9665175598746765,0.0,None,250,,,500,,,0.0,0.0,1.0751246942684878,,250.0,
R1,Composite,0.9997815962228943,0.9962339093711876,0.9532327717261545,36,36,36.0,72.0,500,-0.23887071626191494,-4.963806612601348e-05,13.114749099810766,6.818208710447377,0.9550294051390902,,,
R2,Seasonal,0.9643854882481125,0.9987367487047575,0.9707633029891708,36,36,36.0,72.0,500,0.0,0.0,17.27707174254531,6.716404130200631,0.726284082530511,,,
R3,Stationary_WN,0.08130888025497673,0.34690771145088206,0.33187013888264216,None,14,,,500,0.0,0.0,0.0,0.0,9.827116584448174,,,
R4,Trending_ExponentialGrowth,0.9940183760949294,0.29691929462550204,0.2849486263411244,None,24,,,500,,,0.0,0.0,1.004817149087323,,,
R1,Composite,0.9992986956631992,0.9950734352886318,0.8497424126561602,24,24,24.0,48.0,500,0.19707490291608368,-2.7649473500137867e-05,13.90687104676961,4.034675652692933,1.1231193276949627,,,
R2,Seasonal,0.8909356119114443,0.9955820999876626,0.9201648954432723,24,24,24.0,48.0,500,0.0,0.0,23.9507147507345,9.904180993000278,1.7014604575273997,,,
R3,Stationary_WN,0.24990193632188218,0.33368490617862157,0.27126161251846503,None,6,,,500,0.0,0.0,0.0,0.0,13.379706445255643,,,
R4,Trending_ExponentialGrowth,0.9630741106062441,0.3318754952781573,0.17867985700935973,None,24,,,500,,,0.0,0.0,1.359357504273727,,,
R1,Composite,0.9988747940727032,0.9991812589974037,0.9656194153185914,48,50,48.0,96.0,500,-0.10509586565714102,2.4255535525616904e-05,22.5711310992328,4.975621221889829,0.6518539125647929,,,
R2,Seasonal,0.9408041427947748,0.9977986143057909,0.9587641548421727,48,50,48.0,96.0,500,0.0,0.0,18.88464834545699,6.932011479044782,0.8651159610566306,,,
R3,Stationary_AR,0.23541234602853878,0.36043528870280706,0.49112399588450906,None,19,,,500,0.0,0.0,0.0,0.0,5.0,0.40520452343850366,,
R4,Trending_ExponentialGrowth,0.9993421748095971,0.34812129425235083,0.29851294687152685,None,24,,,500,,,0.0,0.0,0.575472806279688,,,
R1,Composite,0.9982594936452939,0.9969934847642047,0.7023356611294428,36,36,36.0,72.0,500,-0.16736345443407274,4.4737932700623226e-05,22.537396809103416,2.7773731672952593,1.1093276039974667,,,
R2,Seasonal,0.9533378937361433,0.9972768279887927,0.9630595892248857,36,36,36.0,72.0,500,0.0,0.0,21.592793010302152,10.77160659929578,1.2178549098948352,,,
R3,Stationary_WN,0.03092321040369872,0.49657077388933957,0.3597338662978937,None,83,,,500,0.0,0.0,0.0,0.0,13.650016979055206,,,
R4,Trending_RandomWalkDrift,0.9997680401852176,0.6327059638965231,0.853465434882889,None,24,,,500,,,0.0,0.0,1.228726735820338,,,-0.3672378662855905
R1,Composite,0.9997974890805201,0.9979199792317452,0.9539951699306733,12,12,12.0,24.0,500,0.2843486763955214,1.0578960801668807e-05,18.32843728330998,7.5853941557241855,0.9212536058038095,,,
R2,Seasonal,0.972533235320545,0.9988086317044587,0.9706673523783658,12,12,12.0,24.0,500,0.0,0.0,18.363363017084144,7.333561685376585,0.6867690372000231,,,
R3,Stationary_WN,0.4093119317234951,0.2208976905277018,0.22755212018965454,None,4,,,500,0.0,0.0,0.0,0.0,6.928759419609889,,,
R4,Trending_MeanShift,0.9995609761472942,0.9982410680365819,0.0,None,250,,,500,,,0.0,0.0,0.8128945492691364,,250.0,
R1,Composite,0.9997510794620108,0.9991361480522837,0.7695661731526823,12,12,12.0,24.0,500,-0.20525232960697493,4.559635138611108e-05,20.07736056470152,2.0411699162245283,0.556330483836472,,,
R2,Seasonal,0.9270813701715394,0.9972512419961922,0.9240448194030005,12,12,12.0,24.0,500,0.0,0.0,26.392056064778885,9.665174667385255,1.4949171255861913,,,
R3,Stationary_WN,0.3124501951647852,0.25059101634102954,0.332935085922322,None,5,,,500,0.0,0.0,0.0,0.0,6.037867006275687,,,
R4,Trending_RandomWalkDrift,0.9962001276419986,0.5009568793155017,0.8439458222973952,None,24,,,500,,,0.0,0.0,1.320183198838803,,,0.14398355938846016
R1,Composite,0.9997375281838125,0.9896751152817336,0.8811328227449154,48,50,48.0,96.0,500,0.3094923486291727,3.889232718012683e-05,11.529558892827453,3.3843630354577954,0.9316983261225097,,,
R2,Seasonal,0.6806768443826712,0.9978148179140998,0.887860632153179,48,50,48.0,96.0,500,0.0,0.0,28.403296606259723,4.392299588810486,1.1255875396535187,,,
R3,Stationary_WN,0.4183841867545348,0.2699950687909566,0.4042183260332318,None,3,,,500,0.0,0.0,0.0,0.0,6.537571124783048,,,
R4,Trending_ExponentialGrowth,0.999482711214243,0.3317004423549812,0.35616948112956004,None,24,,,500,,,0.0,0.0,1.1088775386881013,,,
R1,Composite,0.9999176990157694,0.9979370791939218,0.9708200370579879,24,24,24.0,48.0,500,-0.36177175024547137,-4.3620496496486684e-05,15.342091327325917,7.6190330053432485,0.7723295264686489,,,
R2,Seasonal,0.91055705221197,0.9955696414684843,0.9349930292444353,24,24,24.0,48.0,500,0.0,0.0,19.78362473103082,9.349364631852053,1.4324361347943877,,,
R3,Stationary_AR,0.27475847797369846,0.39177306614080676,0.5794578643795492,None,16,,,500,0.0,0.0,0.0,0.0,5.0,0.587242840793532,,
R4,Trending_RandomWalkDrift,0.9994638807338383,0.982580618214888,0.9427309885808425,None,167,,,500,,,0.0,0.0,0.9133713475054355,,,0.2139945875573176
R1,Composite,0.9997572588852317,0.9957741118950814,0.8335974958579158,48,50,48.0,96.0,500,0.3586557573949305,2.7295818087251488e-05,19.096091451699863,3.34633087084428,1.0640913949748896,,,
R2,Seasonal,0.7231455660139031,0.9973679737196437,0.9208460925075499,48,50,48.0,96.0,500,0.0,0.0,27.748041507766843,5.206597681616034,0.9552013287392813,,,
R3,Stationary_AR,0.1892465107135044,0.3846798287733868,0.5659819152368832,None,50,,,500,0.0,0.0,0.0,0.0,5.0,0.5725304358152408,,
R4,Trending_MeanShift,0.9995265411320478,0.9981155859803202,0.0,None,250,,,500,,,0.0,0.0,0.9016833473955079,,250.0,
R1,Composite,0.999748223502067,0.9958812185207583,0.755591745115915,36,36,36.0,72.0,500,-0.32585095625549754,-2.368748667426161e-05,17.03601639276345,3.0233966694647725,1.030086314129767,,,
R2,Seasonal,0.7761875031623475,0.9934918105824122,0.8270038866967611,36,36,36.0,72.0,500,0.0,0.0,19.14652329073035,6.265788616934042,1.6618995287910392,,,
R3,Stationary_AR,0.20402269057020905,0.6893245788406119,0.7131870773355375,None,36,,,500,0.0,0.0,0.0,0.0,5.0,0.5687292170756756,,
R4,Trending_ExponentialGrowth,0.9996441781209919,0.4159218525101368,0.3836957012241391,None,24,,,500,,,0.0,0.0,0.8675718107665108,,,
R1,Composite,0.9999183688819359,0.9979346975952874,0.9453555144740455,48,50,48.0,96.0,500,-0.38730751737779867,-4.006539904916362e-05,16.95112338415067,4.809129515659397,0.7358671882697895,,,
R2,Seasonal,0.8700016558787498,0.9955739297907596,0.9081603471298898,48,50,48.0,96.0,500,0.0,0.0,29.7558837739962,10.13430611209571,1.8729334302341323,,,
R3,Stationary_WN,0.08347275275894261,0.36482126132550985,0.3778735629168175,None,29,,,500,0.0,0.0,0.0,0.0,8.43558282092534,,,
R4,Trending_MeanShift,0.9992719955630716,0.9967671339006196,0.0,None,250,,,500,,,0.0,0.0,1.0405738877702444,,250.0,
R1,Composite,0.9993903002113803,0.9895564027502591,0.9240048160547452,24,24,24.0,48.0,500,0.24273792214065903,-3.7830371658924037e-05,10.606627690883426,7.252289311525226,1.1576953165044963,,,
R2,Seasonal,0.7991340640466098,0.9972706953812814,0.8558771542074558,24,24,24.0,48.0,500,0.0,0.0,22.03451212329069,4.86688547621849,1.3072875060978821,,,
R3,Stationary_AR,0.11858577154097838,0.4439372232917502,0.6174466380167869,None,36,,,500,0.0,0.0,0.0,0.0,5.0,0.6111257816260792,,
R4,Trending_ExponentialGrowth,0.9976908364447765,0.32415110030549776,0.33728378031746964,None,24,,,500,,,0.0,0.0,0.9361330463245925,,,
R1,Composite,0.9997173981393417,0.9985059363679261,0.9821814201857488,24,24,24.0,48.0,500,0.1308696411521798,3.313670812639924e-05,12.91261784327272,7.083722906640956,0.5702879658918789,,,
R2,Seasonal,0.9620187581640663,0.9978875774525793,0.9702691559111307,24,24,24.0,48.0,500,0.0,0.0,16.62128401891932,8.253133061137664,0.8875974536808287,,,
R3,Stationary_WN,0.27488785888447564,0.29382030505021905,0.3327082364394127,None,5,,,500,0.0,0.0,0.0,0.0,12.507150718600032,,,
R4,Trending_MeanShift,0.9999782521582298,0.9999130912702363,0.0,None,250,,,500,,,0.0,0.0,0.687526909414708,,250.0,
R1,Composite,0.9999409335422592,0.9983828708502857,0.9031081304803138,24,24,24.0,48.0,500,-0.34595462334258487,-2.3911832599536555e-05,13.846980964883654,3.1583905787682216,0.6170258182415483,,,
R2,Seasonal,0.8492140990522911,0.9991079561521696,0.8888292848221047,24,24,24.0,48.0,500,0.0,0.0,29.034118244614383,4.395693138855496,0.8807012318281519,,,
R3,Stationary_AR,0.33276303894018466,0.4546871152208698,0.48043024539808,None,9,,,500,0.0,0.0,0.0,0.0,5.0,0.4013433551426165,,
R4,Trending_MeanShift,0.9992962307648557,0.9972184369589658,0.0,None,250,,,500,,,0.0,0.0,1.230665164962817,,250.0,
R1,Composite,0.9990989912135256,0.9961762853792943,0.7944176543399666,36,36,36.0,72.0,500,-0.13846311148073723,4.3212825176809626e-05,11.552052703811015,2.411697491252916,0.7664483958551007,,,
R2,Seasonal,0.5173644378365905,0.9913426417592016,0.7155539134480957,36,36,36.0,72.0,500,0.0,0.0,20.387069412533577,4.861313255542926,1.7836382081220374,,,
R3,Stationary_WN,0.5171288243249502,0.14609765285114618,0.29341460345767956,None,2,,,500,0.0,0.0,0.0,0.0,13.871710520800445,,,
R4,Trending_ExponentialGrowth,0.9623569357366853,0.39830665434327894,0.27778805202638024,None,24,,,500,,,0.0,0.0,1.476815718359646,,,
R1,Composite,0.9999593230232618,0.9994370664712814,0.9814201914629992,24,24,24.0,48.0,500,-0.35974189253954103,-2.947394401650572e-05,20.17339620568614,6.573841062791846,0.5002783281872898,,,
R2,Seasonal,0.5859938631496666,0.9952765587941013,0.7311004461688466,24,24,24.0,48.0,500,0.0,0.0,24.273808825013823,4.494762497204102,1.831881766056894,,,
R3,Stationary_WN,0.5209424838577457,0.1313126394929398,0.2377764371826575,None,2,,,500,0.0,0.0,0.0,0.0,6.993673667885111,,,
R4,Trending_RandomWalkDrift,0.2385986944060995,0.0,0.0,None,250,,,500,,,0.0,0.0,0.5571699142575837,,,0.33120320200774545
R1,Composite,0.9998594717117321,0.9983886169347531,0.8192592141311895,24,24,24.0,48.0,500,0.36936288159156705,-1.75346051751228e-05,21.529298721630752,3.1534977518247156,0.9935158615791384,,,
R2,Seasonal,0.6350179201638266,0.9977283202989756,0.7839266364590832,24,24,24.0,48.0,500,0.0,0.0,28.217942266442265,4.137591418785584,1.3973362256769235,,,
R3,Stationary_WN,0.35942164670708665,0.2564580263490408,0.3462867329180809,None,4,,,500,0.0,0.0,0.0,0.0,9.262267583543835,,,
R4,Trending_ExponentialGrowth,0.9850947772981073,0.4267723842387148,0.3752547318002054,None,24,,,500,,,0.0,0.0,1.1816480131242093,,,
R1,Composite,0.9997515278089,0.9952016558671541,0.8544668566555434,12,12,12.0,24.0,500,0.30415335239377045,3.1130464525648885e-05,14.746611205837727,4.701316825206827,1.1449639324890146,,,
R2,Seasonal,0.7654653877604333,0.9797654870743026,0.7770368402205311,12,12,12.0,24.0,500,0.0,0.0,12.500166283417578,6.345563127604619,1.959042164257073,,,
R3,Stationary_WN,0.18989657285652417,0.4136408252475071,0.31516429740172136,None,13,,,500,0.0,0.0,0.0,0.0,6.6164940789470075,,,
R4,Trending_MeanShift,0.9999779439696574,0.9999120397690264,0.2038449441836958,None,250,,,500,,,0.0,0.0,0.8804980145974763,,250.0,
R1,Composite,0.9998983915399831,0.9895879717672454,0.8366264339587715,48,50,48.0,96.0,500,0.3930472984521094,2.8540543607958182e-05,8.49214576263333,2.8710755065244244,0.8336779044351963,,,
R2,Seasonal,0.6089558257747725,0.9892344343796852,0.7967113605635678,48,50,48.0,96.0,500,0.0,0.0,14.844151207836385,4.261186462770195,1.4078226373700113,,,
R3,Stationary_AR,0.3595252838643982,0.4999586730513601,0.5901322965902007,None,24,,,500,0.0,0.0,0.0,0.0,5.0,0.57126946121157,,
R4,Trending_RandomWalkDrift,0.9438853619005294,0.50401863197193,0.0,None,167,,,500,,,0.0,0.0,0.6196968724958355,,,-0.3398152933257973
R1,Composite,0.9999222352258844,0.9984329940351904,0.8114848387727105,24,24,24.0,48.0,500,-0.33884998234704944,2.37136970210427e-05,14.735809297009038,2.1170965064386755,0.5720630413718197,,,
R2,Seasonal,0.9522825389831088,0.9993304078150181,0.9627314661759461,24,24,24.0,48.0,500,0.0,0.0,19.86701929605563,4.935552933251163,0.5508216321960832,,,
R3,Stationary_AR,0.2350373705937262,0.46586733493886245,0.5086711354271936,None,33,,,500,0.0,0.0,0.0,0.0,5.0,0.5328655636179573,,
R4,Trending_RandomWalkDrift,0.9997211740238663,0.6013409001295587,0.8409600539379938,None,24,,,500,,,0.0,0.0,1.1314982435281355,,,-0.3622104566769372
R1,Composite,0.9990132426756566,0.9977045800247906,0.8185343490302984,24,24,24.0,48.0,500,-0.16819189190715297,-2.882703513324996e-05,23.86989163907578,4.237723372425009,1.3646926504049381,,,
R2,Seasonal,0.9058153613591037,0.9902106739263425,0.9301633925548584,24,24,24.0,48.0,500,0.0,0.0,12.229022287428013,8.328907175159571,1.3830762514397892,,,
R3,Stationary_AR,0.07894495000176638,0.6293323129730328,0.6901431229040109,None,71,,,500,0.0,0.0,0.0,0.0,5.0,0.6692573928622325,,
R4,Trending_ExponentialGrowth,0.9973790420075362,0.28039282259634213,0.32516400435551673,None,24,,,500,,,0.0,0.0,0.6706570292018356,,,
R1,Composite,0.999503025839756,0.9940252619091402,0.6884817181137768,12,12,12.0,24.0,500,-0.3008896808970241,-4.63644056880484e-05,18.903298838124616,3.337693875213145,1.4687916703660364,,,
R2,Seasonal,0.6681430057755642,0.9961828354893176,0.7310804848294323,12,12,12.0,24.0,500,0.0,0.0,25.29435027875261,4.3737310174582795,1.739198552492243,,,
R3,Stationary_WN,0.2546891830529847,0.34505166312717517,0.2721212324336669,None,7,,,500,0.0,0.0,0.0,0.0,13.081585552844174,,,
R4,Trending_RandomWalkDrift,0.9987854949347599,0.8882830670401944,0.5638607591993015,None,250,,,500,,,0.0,0.0,0.9406228183272684,,,-0.4446991852955161
R1,Composite,0.9997509334912391,0.9961141390396444,0.8747887998585514,12,12,12.0,24.0,500,0.22115166151199717,4.931849402088649e-05,12.67588149293135,3.90813168736893,0.8468793505811327,,,
R2,Seasonal,0.9763062295002881,0.9993972403349064,0.973989726213562,12,12,12.0,24.0,500,0.0,0.0,22.871734290637626,6.946888688755219,0.5475242125470714,,,
R3,Stationary_WN,0.04889545224514247,0.3969750324839564,0.3466397716320505,None,42,,,500,0.0,0.0,0.0,0.0,5.526780503465389,,,
R4,Trending_ExponentialGrowth,0.9915625984962575,0.353396246285533,0.2457581862334598,None,24,,,500,,,0.0,0.0,0.823282565827188,,,
R1,Composite,0.9998882762083815,0.9932903742016441,0.9192621498765697,12,12,12.0,24.0,500,0.35622961243437157,-1.8715510709506497e-05,9.000683987674005,4.95308372047004,0.8086296090271231,,,
R2,Seasonal,0.83053751414125,0.9977422052774116,0.8429196010562618,12,12,12.0,24.0,500,0.0,0.0,22.055510320880373,4.634204974564866,1.0738529795543132,,,
R3,Stationary_AR,0.35922902697238246,0.4780965380813672,0.6122392394042382,None,12,,,500,0.0,0.0,0.0,0.0,5.0,0.5905317784660338,,
R4,Trending_MeanShift,0.9998517196246869,0.9994012301046366,0.0,None,250,,,500,,,0.0,0.0,0.7179069537693242,,250.0,
R1,Composite,0.9997675438276837,0.9974197391744908,0.793559692301256,12,12,12.0,24.0,500,-0.32601909155842806,1.0118947499642089e-05,19.571964943792352,3.4209157135312442,1.0420318865573646,,,
R2,Seasonal,0.9805216409551808,0.9993863674520188,0.9792421101887402,12,12,12.0,24.0,500,0.0,0.0,27.420275027444113,9.328747714078522,0.7602061667184901,,,
R3,Stationary_AR,0.36087827117477256,0.7133105132730264,0.7113680614338078,None,71,,,500,0.0,0.0,0.0,0.0,5.0,0.6910779220119843,,
R4,Trending_MeanShift,0.9991377893312818,0.9966364317360517,0.0,None,250,,,500,,,0.0,0.0,1.268009381922611,,250.0,
R1,Composite,0.9990691606850006,0.9933066579983588,0.760503711905354,48,50,48.0,96.0,500,0.23921048495874864,4.773745011029235e-05,20.910140636735328,3.2524112815936146,1.4820008414626518,,,
R2,Seasonal,0.716807039901705,0.9947822671595475,0.857236126746829,48,50,48.0,96.0,500,0.0,0.0,23.906260036338615,5.908868251390844,1.532427639714451,,,
R3,Stationary_AR,0.33774824396191494,0.6194424903599143,0.7471494720976422,None,50,,,500,0.0,0.0,0.0,0.0,5.0,0.6896642983179817,,
R4,Trending_MeanShift,0.9999130690056875,0.9996465725346318,0.0,None,250,,,500,,,0.0,0.0,0.8923659421155092,,250.0,
R1,Composite,0.9983900771941634,0.9966639209667887,0.9234443551031021,36,36,36.0,72.0,500,0.12606755177156231,-3.759404567137584e-05,15.224538999022588,5.525310815907292,1.071955034916707,,,
R2,Seasonal,0.920467080058056,0.9976820527597814,0.9394478719330333,36,36,36.0,72.0,500,0.0,0.0,23.564279614477947,8.407725416104633,1.152202731754234,,,
R3,Stationary_AR,0.1438710133080625,0.6084053132816354,0.7598844985340231,None,50,,,500,0.0,0.0,0.0,0.0,5.0,0.6748283892006207,,
R4,Trending_ExponentialGrowth,0.9979149400186349,0.41932223663647283,0.3428487421775771,None,24,,,500,,,0.0,0.0,0.5140229455508701,,,
R1,Composite,0.9987633951928457,0.9840379667651397,0.9097980553607724,24,24,24.0,48.0,500,-0.14504891960180963,-3.698542163234771e-05,8.814136172420417,6.735995818887812,1.3380189100868862,,,
R2,Seasonal,0.9838594483099126,0.9987360946897815,0.987358682647022,24,24,24.0,48.0,500,0.0,0.0,18.445416176728433,11.210304185761037,0.6508552516467874,,,
R3,Stationary_AR,0.07024302306199326,0.5628672825172072,0.5738876549047283,None,71,,,500,0.0,0.0,0.0,0.0,5.0,0.5323187836833355,,
R4,Trending_RandomWalkDrift,0.9868484950888533,0.8274972354989647,0.6496487192505735,None,250,,,500,,,0.0,0.0,0.9143369929815698,,,-0.3767591617896351
R1,Composite,0.9996200180988711,0.9903407471321419,0.7943873076367949,36,36,36.0,72.0,500,0.37815244943137116,-2.3028326376659094e-05,14.759586911616244,4.654506941224428,1.4322961270413153,,,
R2,Seasonal,0.537412865644183,0.9773975259909622,0.7059014443955076,36,36,36.0,72.0,500,0.0,0.0,12.864390046231255,4.649270407322833,1.9888254336904394,,,
R3,Stationary_WN,0.3212151247774401,0.3260012095905903,0.3286108486552277,None,4,,,500,0.0,0.0,0.0,0.0,10.99700814456556,,,
R4,Trending_RandomWalkDrift,0.9994956984108689,0.63997035740365,0.8618720876186818,None,24,,,500,,,0.0,0.0,0.5915354757287689,,,0.1386619428381334
R1,Composite,0.9998158978575108,0.9921197013414838,0.8859193828768303,36,36,36.0,72.0,500,-0.3346456718543266,-4.117598967064544e-05,11.025574924127643,4.948456441734999,1.0156319155596913,,,
R2,Seasonal,0.9851440733836595,0.9988864120573681,0.9877274843164681,36,36,36.0,72.0,500,0.0,0.0,20.19996726464538,11.619358120888442,0.64279187355118,,,
R3,Stationary_WN,0.18737096985930246,0.24785020197378338,0.3047268518367232,None,9,,,500,0.0,0.0,0.0,0.0,6.773894648673428,,,
R4,Trending_RandomWalkDrift,0.8117210388772523,0.852344751760694,0.4233932927287011,None,167,,,500,,,0.0,0.0,0.8280346161874201,,,-0.10932358244605776
R1,Composite,0.9998646836823312,0.9965853705698682,0.7731628274751013,36,36,36.0,72.0,500,0.39764373286596477,-3.8555078771904126e-05,15.293741054704288,2.7347245065563754,0.8545699345532977,,,
R2,Seasonal,0.9137729072838973,0.9910942355090169,0.9347883258784696,36,36,36.0,72.0,500,0.0,0.0,16.78891919861162,11.057923182098595,1.7134329977116889,,,
R3,Stationary_AR,0.16678876618616145,0.4273172882477606,0.4886483073750072,None,19,,,500,0.0,0.0,0.0,0.0,5.0,0.402704145363038,,
R4,Trending_RandomWalkDrift,0.9993816336072101,0.7264685272397973,0.9183551515944088,None,24,,,500,,,0.0,0.0,1.0676864572009301,,,-0.4622509330353697
R1,Composite,0.9995832032129452,0.9979320168091591,0.9656344096931991,48,50,48.0,96.0,500,-0.2307611032357063,2.332289248290108e-05,20.27899628073949,7.998416115613583,0.9328057391160046,,,
R2,Seasonal,0.8346649277345888,0.997139176257546,0.9077432117361036,48,50,48.0,96.0,500,0.0,0.0,20.961183584798793,5.012180343899196,1.0847531359501126,,,
R3,Stationary_AR,0.2572393812458661,0.3534175686450707,0.5606360544251008,None,20,,,500,0.0,0.0,0.0,0.0,5.0,0.5137695123571875,,
R4,Trending_RandomWalkDrift,0.9764581053115927,0.9108765087101444,0.1340542230128805,None,250,,,500,,,0.0,0.0,0.7452134595777133,,,0.24205933086933942
R1,Composite,0.9999268979090677,0.9982844030302351,0.9346258305978824,48,50,48.0,96.0,500,0.38227759242517856,3.0395721922097964e-05,17.284816783408154,4.1131247022917545,0.6892853031750513,,,
R2,Seasonal,0.9223657283626976,0.9985104264404431,0.955260223864128,48,50,48.0,96.0,500,0.0,0.0,19.321864548605053,5.091523229749818,0.7092035239476144,,,
R3,Stationary_WN,0.1757508939161848,0.3914679674653563,0.2826228219478184,None,7,,,500,0.0,0.0,0.0,0.0,9.118348811421939,,,
R4,Trending_ExponentialGrowth,0.9994121595982183,0.3813672344421166,0.39371330666944615,None,24,,,500,,,0.0,0.0,0.5562941305873478,,,
R1,Composite,0.9998752909201012,0.998453889772216,0.9356697338245191,12,12,12.0,24.0,500,-0.269068661483993,1.5657725101948536e-05,15.157267388248522,4.4898837389817015,0.5993314293366144,,,
R2,Seasonal,0.8028069048072948,0.9981409274730734,0.8260897262685316,12,12,12.0,24.0,500,0.0,0.0,27.898405884594094,4.9243762946920215,1.300423571745572,,,
R3,Stationary_WN,0.5415780669634713,0.19552264587791057,0.22792819672389808,None,2,,,500,0.0,0.0,0.0,0.0,6.247266480322017,,,
R4,Trending_RandomWalkDrift,0.0,0.005592477965008502,0.0,None,250,,,500,,,0.0,0.0,0.7410718808450336,,,-0.35935363557216204
R1,Composite,0.9996175681209247,0.9990151849412106,0.9800965027265329,36,36,36.0,72.0,500,-0.11050150696158843,-2.008839198647059e-05,15.566547200636894,6.595096605279606,0.5068140625257196,,,
R2,Seasonal,0.9778164152450348,0.9997101836233985,0.9813397136419104,36,36,36.0,72.0,500,0.0,0.0,29.84863215229755,7.031042207678569,0.5372920784774056,,,
R3,Stationary_WN,0.3668433263227946,0.36048421225226124,0.32057464932277757,None,5,,,500,0.0,0.0,0.0,0.0,9.460240923192314,,,
R4,Trending_MeanShift,0.9999029040306473,0.9996167088872365,0.0,None,250,,,500,,,0.0,0.0,0.6276468589449956,,250.0,
R1,Composite,0.9997263724524023,0.9988954373535578,0.9664175832581167,48,50,48.0,96.0,500,-0.22899991763024402,1.5753218122908475e-05,22.859864230964856,6.298667767349676,0.6916927754307304,,,
R2,Seasonal,0.07378812819705616,0.998246976473543,0.8910497251739117,48,100,48.0,96.0,500,0.0,0.0,11.912846656638251,9.926226534877971,0.7833030904650344,,,
R3,Stationary_AR,0.21306305262937186,0.4945151336054351,0.5896275960949946,None,25,,,500,0.0,0.0,0.0,0.0,5.0,0.5744056838934275,,
R4,Trending_MeanShift,0.9998858523387357,0.9995423616765906,0.0,None,250,,,500,,,0.0,0.0,1.0579564729571906,,250.0,
R1,Composite,0.9994629848403154,0.9792756053106892,0.6282353170696409,36,36,36.0,72.0,500,-0.30720466129594537,3.5024621985377565e-05,9.295926361072668,2.489211214088928,1.2631703935139054,,,
R2,Seasonal,0.5350515934729885,0.9931309974094626,0.6909388620659175,36,36,36.0,72.0,500,0.0,0.0,21.281109095347862,4.288831106236847,1.764374896914831,,,
R3,Stationary_WN,0.31427194890449683,0.2899547232824299,0.33589979047532026,None,5,,,500,0.0,0.0,0.0,0.0,7.687503650393419,,,
R4,Trending_MeanShift,0.9996089395936423,0.998432825068212,0.0,None,250,,,500,,,0.0,0.0,1.1072981500528578,,250.0,
R1,Composite,0.9998697743700792,0.9966601403308,0.9224376599628087,12,12,12.0,24.0,500,-0.2868320514825532,-4.824079228132365e-05,12.54700366188699,4.89621278866295,0.7562432162215339,,,
R2,Seasonal,0.6689887387732762,0.9902045552818813,0.7117734144732428,12,12,12.0,24.0,500,0.0,0.0,16.931768557115557,4.858769173509298,1.7089155935261642,,,
R3,Stationary_WN,0.40875322000715775,0.31092988223051776,0.3788752428418678,None,4,,,500,0.0,0.0,0.0,0.0,10.657250372228695,,,
R4,Trending_RandomWalkDrift,0.9929335141054002,0.5138924223172575,0.0,None,250,,,500,,,0.0,0.0,0.614809691191056,,,0.4538664863266051
R1,Composite,0.9996872477603479,0.9943445504764227,0.886618050016432,48,50,48.0,96.0,500,-0.36916061466153405,3.6537812182006524e-05,17.329164407090474,5.737823830223745,1.3226119280772348,,,
R2,Seasonal,0.8262113813518115,0.9977015328651031,0.913134493807919,48,50,48.0,96.0,500,0.0,0.0,28.86739657007436,6.058003370968066,1.2911836905591527,,,
R3,Stationary_AR,0.244975530923628,0.4046793709477685,0.529967291700639,None,29,,,500,0.0,0.0,0.0,0.0,5.0,0.4862936947116821,,
R4,Trending_RandomWalkDrift,0.9996170598026181,0.7965079849385007,0.8979946852060963,None,24,,,500,,,0.0,0.0,0.9423431677368205,,,0.3053692097413939
R1,Composite,0.9997365132256093,0.998087584547903,0.9518939208199018,24,24,24.0,48.0,500,-0.2637831020749729,2.112588459504894e-05,18.886012412833345,6.908893862694107,0.8840193119654627,,,
R2,Seasonal,0.9181290995866243,0.9977509753061986,0.9386405927615924,24,24,24.0,48.0,500,0.0,0.0,24.00557807672347,8.276995021209189,1.2732454363090637,,,
R3,Stationary_AR,0.08315080735935143,0.6615166132415703,0.7030111904516818,None,71,,,500,0.0,0.0,0.0,0.0,5.0,0.5662043950278918,,
R4,Trending_ExponentialGrowth,0.9994507552942532,0.3407507871852832,0.3270632480879234,None,24,,,500,,,0.0,0.0,0.8317780347036116,,,
R1,Composite,0.9998618011597175,0.9979416170192673,0.882378430631645,48,50,48.0,96.0,500,0.37960929290101253,2.014559299859912e-05,21.354458905146355,3.7921377212985368,0.9551714094641339,,,
R2,Seasonal,0.8308858858857923,0.9849114322635648,0.8824292788233337,48,50,48.0,96.0,500,0.0,0.0,12.598403080519489,7.005809116857861,1.7372974660844835,,,
R3,Stationary_WN,0.49591211685923753,0.11518207295773142,0.2694450922881759,None,2,,,500,0.0,0.0,0.0,0.0,14.603703105913207,,,
R4,Trending_RandomWalkDrift,0.9996670921856028,0.7391100056758362,0.9253941993444061,None,24,,,500,,,0.0,0.0,0.9575562519037456,,,0.4555952447033401
R1,Composite,0.9999240038875596,0.9992068875276574,0.9815788513250134,48,50,48.0,96.0,500,-0.3066580077387723,-2.185025400352343e-05,20.334431809602492,6.961021512812408,0.566601826809281,,,
R2,Seasonal,0.9272958691055174,0.9985636422673317,0.953279620877744,48,50,48.0,96.0,500,0.0,0.0,22.689012684072303,6.057229372954421,0.8020963881902352,,,
R3,Stationary_WN,0.4016421464266693,0.2886642617658912,0.3351786070787496,None,4,,,500,0.0,0.0,0.0,0.0,5.661755660071785,,,
R4,Trending_RandomWalkDrift,0.9998078796873188,0.7928718408044763,0.9018090320760281,None,24,,,500,,,0.0,0.0,1.4327435466619174,,,0.3637571394270367
R1,Composite,0.9996669216626104,0.997750029659427,0.9088904231098741,48,50,48.0,96.0,500,-0.31709586058752603,2.3661193394807793e-05,24.481017899105343,4.984084928129789,1.1607527786784468,,,
R2,Seasonal,0.9449985118493209,0.996891266148777,0.9579114097094854,48,50,48.0,96.0,500,0.0,0.0,16.404126534032905,7.2432356206751605,1.0362781072547664,,,
R3,Stationary_AR,0.21683501873012634,0.4896941443375644,0.5871537690084092,None,19,,,500,0.0,0.0,0.0,0.0,5.0,0.4689856025096378,,
R4,Trending_MeanShift,0.9999121134642597,0.9996449578718518,0.0,None,250,,,500,,,0.0,0.0,0.5322414619444757,,250.0,
R1,Composite,0.9963936098966801,0.9844131912935594,0.8599054930423667,48,50,48.0,96.0,500,-0.12138154588383553,3.1034937658875086e-05,10.34963163593415,5.215962543286251,1.3577702093838373,,,
R2,Seasonal,0.9351199956892673,0.9969485048829272,0.9530096577027475,48,50,48.0,96.0,500,0.0,0.0,21.863707333179015,8.86479092077846,1.2944796227253355,,,
R3,Stationary_AR,0.18489361237221724,0.4861789820751298,0.7051281261717612,None,56,,,500,0.0,0.0,0.0,0.0,5.0,0.6092461563609028,,
R4,Trending_ExponentialGrowth,0.9987758682573927,0.45690427911781073,0.38662687910415505,None,24,,,500,,,0.0,0.0,0.9598813208270218,,,
R1,Composite,0.9996285758237393,0.995740819702534,0.8998592789085231,24,24,24.0,48.0,500,-0.3124078453005931,3.384430700234921e-05,17.435261722566416,6.2581882072661115,1.2153267459509571,,,
R2,Seasonal,0.785667804788492,0.9944984651679418,0.8482978310208484,24,24,24.0,48.0,500,0.0,0.0,17.596314641241808,5.614893296745038,1.4272280822807557,,,
R3,Stationary_WN,0.4104477631121609,0.22348228231534673,0.35632351812005825,None,3,,,500,0.0,0.0,0.0,0.0,8.040713653271352,,,
R4,Trending_MeanShift,0.9999547126427346,0.9998187712721783,0.1291636994248614,None,250,,,500,,,0.0,0.0,1.2213633374871316,,250.0,
R1,Composite,0.9996855586367612,0.9978944477424011,0.9084332526224059,24,24,24.0,48.0,500,-0.20605229173708478,-1.0152450847645442e-05,16.517840676840706,4.328797160438013,0.8863450335458476,,,
R2,Seasonal,0.9714974874591128,0.9974237348935009,0.9776917573998812,24,24,24.0,48.0,500,0.0,0.0,18.154127386369584,11.815131752479605,0.9096973012850207,,,
R3,Stationary_AR,0.17876904010970118,0.38493417425359633,0.49833460928350914,None,28,,,500,0.0,0.0,0.0,0.0,5.0,0.5569906928335124,,
R4,Trending_MeanShift,0.9999461172332595,0.9997840859928373,0.0,None,250,,,500,,,0.0,0.0,1.4173907866824562,,250.0,
R1,Composite,0.999036268466192,0.9969536967935679,0.9127704414684117,12,12,12.0,24.0,500,0.17887682871329072,4.196361248264417e-05,22.771895030217877,7.918316599535064,1.245673509350465,,,
R2,Seasonal,0.9888677252943121,0.998264242904813,0.9877468956269544,12,12,12.0,24.0,500,0.0,0.0,12.395236911796236,9.491126907961142,0.5386747779989152,,,
R3,Stationary_WN,0.4645985487228468,0.21300893579349434,0.3252513093559275,None,3,,,500,0.0,0.0,0.0,0.0,13.791945511467414,,,
R4,Trending_MeanShift,0.9998893327645805,0.9995555286484663,0.0,None,250,,,500,,,0.0,0.0,1.3592888774757874,,250.0,
R1,Composite,0.9996713731790124,0.9979950083134381,0.9382714418635515,36,36,36.0,72.0,500,0.25855804047459774,-1.2996553838474992e-05,20.755612501550978,6.812056822250306,1.063696921778319,,,
R2,Seasonal,0.9358085389877154,0.9977476556325426,0.94877999235253,36,36,36.0,72.0,500,0.0,0.0,29.610458667490025,11.312731100423816,1.6368325569133648,,,
R3,Stationary_AR,0.17887521302880738,0.603537789663892,0.6648452305197218,None,45,,,500,0.0,0.0,0.0,0.0,5.0,0.51258847769667,,
R4,Trending_MeanShift,0.9999781606005502,0.9999125015826319,0.0,None,250,,,500,,,0.0,0.0,0.5082962173145654,,250.0,
R1,Composite,0.9995410348897397,0.9984338269738785,0.9104012324567983,36,36,36.0,72.0,500,0.13261932104056515,3.935600358272336e-05,16.681570461695483,3.9123460887744583,0.7115166507418006,,,
R2,Seasonal,0.9735516582931755,0.9993884465436813,0.9785964824352422,36,36,36.0,72.0,500,0.0,0.0,28.696624378784485,9.123045498058907,0.7072439211682359,,,
R3,Stationary_WN,0.16092768755497777,0.27696050164839336,0.27603642053052124,None,7,,,500,0.0,0.0,0.0,0.0,6.408716887673217,,,
R4,Trending_RandomWalkDrift,0.9985222873338366,0.6408108276595181,0.8475049483012357,None,24,,,500,,,0.0,0.0,1.2491318364561361,,,0.19374821019997324
R1,Composite,0.9997311101697945,0.9992426135827859,0.9808637704659234,24,24,24.0,48.0,500,-0.16017504001568234,-3.4286162764797906e-05,21.19175174466855,7.9081878816400835,0.6421720379379838,,,
R2,Seasonal,0.9603717349345123,0.9981060543008238,0.9692683471592689,24,24,24.0,48.0,500,0.0,0.0,19.086876477612687,8.93263694781468,0.9289291717569812,,,
R3,Stationary_WN,0.3747833946981022,0.29521237364326314,0.3599011204383489,None,4,,,500,0.0,0.0,0.0,0.0,9.660132724112481,,,
R4,Trending_MeanShift,0.9999658256715545,0.9998632039214169,0.08818023060310054,None,250,,,500,,,0.0,0.0,1.3235334038270166,,250.0,
R1,Composite,0.9998124237904422,0.9975508652819509,0.9486964437866099,48,50,48.0,96.0,500,-0.2866362579570177,4.570935417515803e-05,15.102758921942932,5.1911458973077975,0.7994895285456439,,,
R2,Seasonal,0.6620325387030792,0.9945212721599797,0.8349133625200272,48,50,48.0,96.0,500,0.0,0.0,29.503721011860094,6.422913994157574,1.9488409936534687,,,
R3,Stationary_WN,0.33668604258815804,0.30012348285294876,0.3469698657314625,None,4,,,500,0.0,0.0,0.0,0.0,7.6404219269309035,,,
R4,Trending_ExponentialGrowth,0.9992286438294837,0.32551946738092885,0.23293866328059742,None,24,,,500,,,0.0,0.0,0.9072524609787814,,,
R1,Composite,0.9998610815483913,0.9945037838590469,0.9321449205194068,12,12,12.0,24.0,500,0.3941737591674538,4.155680190353685e-05,13.24094584607588,7.4315414544347345,1.044563521760558,,,
R2,Seasonal,0.9633990571693191,0.9986518565896619,0.9599994458963474,12,12,12.0,24.0,500,0.0,0.0,20.8738831518264,7.567571085039757,0.7374343848469562,,,
R3,Stationary_WN,0.4454346439331973,0.34973870347942393,0.2553231240246183,None,3,,,500,0.0,0.0,0.0,0.0,6.144876275214671,,,
R4,Trending_MeanShift,0.9999271923672401,0.9997073156611732,0.0,None,250,,,500,,,0.0,0.0,0.7162926933340077,,250.0,
R1,Composite,0.9998642398707489,0.9949577293557085,0.9448538688550865,48,50,48.0,96.0,500,-0.33160809498059296,-3.699618387911875e-05,12.08016004976652,5.6470057872644315,0.9773446918464533,,,
R2,Seasonal,0.5048552404279723,0.9953851031459101,0.8276041698969803,48,50,48.0,96.0,500,0.0,0.0,29.574139986791195,4.606187063448858,1.9182071428788985,,,
R3,Stationary_WN,0.4341255562381492,0.1575804259237581,0.3131786078537624,None,3,,,500,0.0,0.0,0.0,0.0,12.05528747975437,,,
R4,Trending_ExponentialGrowth,0.9991761800141515,0.34197443774150116,0.37119477891301134,None,24,,,500,,,0.0,0.0,0.8311236371206993,,,
R1,Composite,0.9997889809950368,0.9993732776015528,0.9661246986006876,36,36,36.0,72.0,500,0.18107179699261977,-1.2959490810973585e-05,20.70948287329532,5.191446256607294,0.5593404853984293,,,
R2,Seasonal,0.9663623154820317,0.9984330604873684,0.9723321081253594,36,36,36.0,72.0,500,0.0,0.0,24.57396779095828,10.974170470661507,0.9857892964414966,,,
R3,Stationary_AR,0.023648723878083255,0.6899127432705918,0.6383623341953162,None,125,,,500,0.0,0.0,0.0,0.0,5.0,0.460939478933342,,
R4,Trending_MeanShift,0.9999218468298791,0.9996886885498355,0.03393271958634647,None,250,,,500,,,0.0,0.0,1.4068470687675005,,250.0,
R1,Composite,0.9998380248186224,0.9982415677641977,0.9341906084094603,48,50,48.0,96.0,500,-0.3812816237189469,2.9622045557441875e-05,23.311726953080132,5.304963173355102,1.0321078630094807,,,
R2,Seasonal,0.898998814886542,0.9928949402335541,0.9280132559443618,48,50,48.0,96.0,500,0.0,0.0,21.468789374178037,10.706098340026077,1.8710637984600238,,,
R3,Stationary_AR,0.453122978904536,0.5234952392980811,0.6360514998079201,None,19,,,500,0.0,0.0,0.0,0.0,5.0,0.6232640480414314,,
R4,Trending_ExponentialGrowth,0.9989324726205577,0.337307952312622,0.37926125292402013,None,24,,,500,,,0.0,0.0,0.7388770497579039,,,
R1,Composite,0.9992277586956541,0.9992635922416465,0.9630466169560624,24,24,24.0,48.0,500,0.10817256633387135,1.4045147881175001e-05,24.04832290120101,6.28539976131066,0.683037329273819,,,
R2,Seasonal,0.8657791206656019,0.9993607717482561,0.8985999077796152,24,24,24.0,48.0,500,0.0,0.0,29.459435303960188,4.061583697553142,0.8023520579409117,,,
R3,Stationary_WN,0.10804686934488461,0.33336370435873075,0.30928508500406415,None,12,,,500,0.0,0.0,0.0,0.0,11.810367062464024,,,
R4,Trending_MeanShift,0.9933498330278723,0.9752945273618367,0.0,None,250,,,500,,,0.0,0.0,1.2579966182991271,,250.0,
R1,Composite,0.9999515854745824,0.9995438692793912,0.9802575856573746,48,50,48.0,96.0,500,0.3639855381790451,-1.0340810258042668e-05,24.7984827661682,5.736393364932175,0.5140777119557572,,,
R2,Seasonal,0.8847931963249139,0.9922147614263592,0.9170232822837329,48,50,48.0,96.0,500,0.0,0.0,21.713055635174427,10.328005168521436,1.8870359327501536,,,
R3,Stationary_AR,0.00961033130257305,0.4041002502053418,0.0,None,167,,,500,0.0,0.0,0.0,0.0,5.0,0.6985432339404255,,
R4,Trending_RandomWalkDrift,0.9983413685293525,0.6223128079855689,0.8492289579203902,None,24,,,500,,,0.0,0.0,1.2078045706995963,,,-0.2612882413899744
R1,Composite,0.9981463738651215,0.9896159804695803,0.8947762138757928,48,50,48.0,96.0,500,0.1042392312943688,4.606403941175265e-05,11.399078723480606,5.491394093831307,1.2144827944839012,,,
R2,Seasonal,0.9871275257337956,0.9990556743565829,0.989615044751709,48,50,48.0,96.0,500,0.0,0.0,21.43381421893953,10.93256582860074,0.6590343338635923,,,
R3,Stationary_WN,0.41253893852895507,0.2355965025692338,0.34636758378078514,None,3,,,500,0.0,0.0,0.0,0.0,6.984303014641311,,,
R4,Trending_ExponentialGrowth,0.9996710556313748,0.387503752826564,0.3388977662869256,None,24,,,500,,,0.0,0.0,0.7050034418635519,,,
R1,Composite,0.9997829162784956,0.997623903316479,0.8784653812226135,48,50,48.0,96.0,500,-0.25423169960466396,-3.3864177565470844e-05,17.161267090978633,2.8682177527216797,0.7615181044362769,,,
R2,Seasonal,0.8309752800705381,0.9937414526494895,0.8981944761390892,48,50,48.0,96.0,500,0.0,0.0,14.032648963860805,4.920290715809816,1.1635157516890902,,,
R3,Stationary_WN,0.15401860170729598,0.3445379679361473,0.23587047473985556,None,9,,,500,0.0,0.0,0.0,0.0,9.302128515587992,,,
R4,Trending_ExponentialGrowth,0.9994882594797724,0.45403450845397164,0.332304508983994,None,24,,,500,,,0.0,0.0,1.019106412137233,,,
R1,Composite,0.9996844142449662,0.998513360972972,0.7469692979992503,12,12,12.0,24.0,500,0.21041717740012428,3.078908806559108e-05,21.063694879301615,2.4732628866711472,0.8540442259573525,,,
R2,Seasonal,0.5503667976039154,0.9851972814600056,0.6717153047113555,12,12,12.0,24.0,500,0.0,0.0,16.205436954734893,4.67022214342147,1.849471806196322,,,
R3,Stationary_AR,0.1478255516481901,0.3416419621476916,0.44797552823406905,None,25,,,500,0.0,0.0,0.0,0.0,5.0,0.4164966624068966,,
R4,Trending_ExponentialGrowth,0.9979726340519344,0.36024802582975535,0.30019126253280004,None,24,,,500,,,0.0,0.0,1.126835982847866,,,
R1,Composite,0.9997513304233085,0.9987551248694165,0.9742198124058621,36,36,36.0,72.0,500,-0.21327753942319955,3.8027946990807305e-05,17.901115486276133,7.3779221376650925,0.704650236689072,,,
R2,Seasonal,0.8883993942267266,0.9866024602714895,0.9126589477699126,36,36,36.0,72.0,500,0.0,0.0,10.393312119483703,7.360891041926057,1.2313870038122858,,,
R3,Stationary_WN,0.02845491673195988,0.4535490997071653,0.39108659208706387,None,56,,,500,0.0,0.0,0.0,0.0,14.724584888283161,,,
R4,Trending_RandomWalkDrift,0.998749185408649,0.9506966692153375,0.6443614326010924,None,250,,,500,,,0.0,0.0,1.071056567976781,,,-0.30929567182346507
R1,Composite,0.9996395477230369,0.9943032071008095,0.9233374104190956,24,24,24.0,48.0,500,0.3054400466594755,1.0365894591689138e-05,15.761430374439065,7.530842021061952,1.3326495691807798,,,
R2,Seasonal,0.9444499010125327,0.9860986622796244,0.9579081072123525,24,24,24.0,48.0,500,0.0,0.0,11.03031033963719,11.874703212801407,1.4804838788282755,,,
R3,Stationary_AR,0.31184475513918264,0.45841996335339374,0.5436300422926668,None,19,,,500,0.0,0.0,0.0,0.0,5.0,0.6022313264521096,,
R4,Trending_MeanShift,0.999942936994507,0.9997716345782123,0.20723183527585376,None,250,,,500,,,0.0,0.0,1.1258906022035342,,250.0,
R1,Composite,0.999890006613739,0.995089524137038,0.9514150849991677,36,36,36.0,72.0,500,0.36605812608529853,2.3032392909408502e-05,11.468922088238449,6.545909753358128,0.8333701294906323,,,
R2,Seasonal,0.9432262237303588,0.9939757533256893,0.9514961693645183,36,36,36.0,72.0,500,0.0,0.0,17.025267049858364,11.292440564715616,1.3022183584320817,,,
R3,Stationary_AR,0.3631979813044227,0.3954354694609923,0.49900100380238244,None,11,,,500,0.0,0.0,0.0,0.0,5.0,0.4561295275153441,,
R4,Trending_MeanShift,0.9999280295000219,0.9997084090176279,0.0,None,250,,,500,,,0.0,0.0,0.5032577603346068,,250.0,
R1,Composite,0.9998532745387979,0.9993129072986019,0.9231506374101172,48,50,48.0,96.0,500,0.22696461913902582,3.7512992498713615e-05,23.9676509598266,2.292265320926157,0.5213273824223266,,,
R2,Seasonal,0.9532339485272663,0.9973761349532023,0.9633970200384617,48,50,48.0,96.0,500,0.0,0.0,25.260709089892686,11.216924115137338,1.3169279738942041,,,
R3,Stationary_WN,0.1566213788468631,0.42344780873010757,0.3334609891834722,None,9,,,500,0.0,0.0,0.0,0.0,13.150893025119094,,,
R4,Trending_RandomWalkDrift,0.9875123683196367,0.7442078883025016,0.0,None,250,,,500,,,0.0,0.0,0.662280325085901,,,0.3139171518019763
R1,Composite,0.9996398243517616,0.9971537537234902,0.9198387372047535,24,24,24.0,48.0,500,-0.13530895146319796,-1.1377040973105737e-05,10.042726234586514,3.4226406863064898,0.5793290995840797,,,
R2,Seasonal,0.8544996483475907,0.9962120152546022,0.8947408596325682,24,24,24.0,48.0,500,0.0,0.0,27.46441232939704,8.867210509634774,1.8967189836754919,,,
R3,Stationary_AR,0.16803287425962432,0.5526078257022606,0.6228480059244526,None,45,,,500,0.0,0.0,0.0,0.0,5.0,0.66201818712641,,
R4,Trending_ExponentialGrowth,0.9900534986628452,0.25552413382241035,0.29896130534140153,None,24,,,500,,,0.0,0.0,0.9707081383405652,,,
R1,Composite,0.9980986237402933,0.9944630279099077,0.6440045074756908,24,24,24.0,48.0,500,0.1451634239671053,4.532069314798529e-05,19.76515239482758,2.6523290619255917,1.3649250678463483,,,
R2,Seasonal,0.8208729463312268,0.9954184204554847,0.8691440802275501,24,24,24.0,48.0,500,0.0,0.0,21.410888013485433,6.976062714007457,1.5118099757470747,,,
R3,Stationary_WN,0.3360601897309389,0.24207918338198953,0.27204060856978907,None,4,,,500,0.0,0.0,0.0,0.0,8.70489591401821,,,
R4,Trending_MeanShift,0.9999079306525861,0.9996312879891733,0.009585620401109551,None,250,,,500,,,0.0,0.0,0.7867941555424818,,250.0,
R1,Composite,0.9999262234551766,0.9970865450126911,0.9348452862963956,48,50,48.0,96.0,500,0.373390860873713,-4.381397691463044e-05,11.867849616464913,3.854447623315885,0.7075194802919444,,,
R2,Seasonal,0.854486157201771,0.9909951173320461,0.8970132369430317,48,50,48.0,96.0,500,0.0,0.0,13.186829768137722,5.861094941549097,1.2998430861733576,,,
R3,Stationary_WN,0.4098149047460903,0.22290587343858648,0.3672915407979229,None,3,,,500,0.0,0.0,0.0,0.0,11.778528505994515,,,
R4,Trending_ExponentialGrowth,0.9991686709818386,0.32323869506767855,0.3672480241243491,None,24,,,500,,,0.0,0.0,1.1437791017054346,,,
R1,Composite,0.9968151089525233,0.9882472730443904,0.7993193406745402,12,12,12.0,24.0,500,0.11333601867710047,-2.342431625999186e-05,10.80242175668367,4.5368641946756005,1.2044293670679571,,,
R2,Seasonal,0.8729712752116361,0.9754968727931221,0.8750560887456258,12,12,12.0,24.0,500,0.0,0.0,10.867547321909946,8.824993778783014,1.952410675819557,,,
R3,Stationary_AR,0.259810756999614,0.525618886408801,0.5296576008077034,None,25,,,500,0.0,0.0,0.0,0.0,5.0,0.4955932354411803,,
R4,Trending_MeanShift,0.9997655324153464,0.9990826135525973,0.0,None,250,,,500,,,0.0,0.0,0.9741756226174164,,250.0,
R1,Composite,0.999692939304763,0.9976701512139855,0.9167042038177082,12,12,12.0,24.0,500,0.2480956731948132,-3.954500565700828e-05,16.820279401166104,5.3193565177457725,0.8546471659783297,,,
R2,Seasonal,0.9843086923083254,0.9990745995691818,0.9826439804437287,12,12,12.0,24.0,500,0.0,0.0,24.5825183669074,11.335998408107628,0.739083749483588,,,
R3,Stationary_WN,0.5246270220078424,0.19875653231945412,0.2790529313831558,None,2,,,500,0.0,0.0,0.0,0.0,5.880473133561087,,,
R4,Trending_RandomWalkDrift,0.998254622198839,0.6561281943035563,0.8845667542684311,None,24,,,500,,,0.0,0.0,1.4842734194064748,,,-0.24461948457481736
R1,Composite,0.9983718499018932,0.9959741938536881,0.8614671728205956,12,12,12.0,24.0,500,-0.15212625731206675,-2.0521612746138783e-05,21.10670788350561,6.527140296527657,1.3722593391406273,,,
R2,Seasonal,0.9613519019876857,0.9989200432025466,0.9577012698234879,12,12,12.0,24.0,500,0.0,0.0,19.671818447323336,6.1026842763736155,0.7094603630289222,,,
R3,Stationary_AR,0.16766358099496548,0.47258190106240716,0.5791178874053173,None,42,,,500,0.0,0.0,0.0,0.0,5.0,0.6310860955803613,,
R4,Trending_MeanShift,0.9999159558075618,0.9996653988471351,0.08732926269504171,None,250,,,500,,,0.0,0.0,0.903585713890046,,250.0,
R1,Composite,0.9998746226858739,0.9957770801307425,0.8789563498109079,12,12,12.0,24.0,500,0.2875962496198018,-4.0397262271300224e-05,9.323492636050236,3.165621668279237,0.6469620686965756,,,
R2,Seasonal,0.9725064650148554,0.9963264952335312,0.9700366500236781,12,12,12.0,24.0,500,0.0,0.0,15.123380955890426,10.600032454389567,0.9095594372318502,,,
R3,Stationary_AR,0.16934388238278808,0.48684995712422763,0.5846824756433499,None,28,,,500,0.0,0.0,0.0,0.0,5.0,0.40116400964026316,,
R4,Trending_RandomWalkDrift,0.9635957165770975,0.7911067362387245,0.43975801497075817,None,167,,,500,,,0.0,0.0,0.6701978927193254,,,0.2771082637981948
R1,Composite,0.9998376623388195,0.9962002715095871,0.968511438082572,24,24,24.0,48.0,500,-0.25424743234434866,1.7657982519241493e-05,9.966875877915543,6.536680318184133,0.6884139519195703,,,
R2,Seasonal,0.9759019921789704,0.997836192985584,0.9814768202998295,24,24,24.0,48.0,500,0.0,0.0,18.172027601772626,11.774171314270816,0.8986814041365196,,,
R3,Stationary_AR,0.0,0.15805092741646487,0.0,None,250,,,500,0.0,0.0,0.0,0.0,5.0,0.45090010396673624,,
R4,Trending_ExponentialGrowth,0.9976169743312037,0.3330363902637029,0.42313449194096153,None,24,,,500,,,0.0,0.0,0.6547137215972985,,,
R1,Composite,0.999938963558974,0.9988000261371055,0.9337036950394495,24,24,24.0,48.0,500,0.3789530588360217,-2.8567119861079476e-05,16.564789563508196,4.089823525267694,0.6432188345667962,,,
R2,Seasonal,0.7043633682809551,0.9971241406110196,0.8109854765003599,24,24,24.0,48.0,500,0.0,0.0,29.347704663425926,5.4625333658003346,1.769494293118812,,,
R3,Stationary_WN,0.4467345816688021,0.18089088527306252,0.35850197070875855,None,3,,,500,0.0,0.0,0.0,0.0,8.37319420659488,,,
R4,Trending_RandomWalkDrift,0.9992156993418293,0.6110544652836252,0.8718075730296224,None,24,,,500,,,0.0,0.0,1.0131100817427945,,,0.3952072346937786
R1,Composite,0.9992120525984495,0.9972242849809437,0.93624545246389,48,50,48.0,96.0,500,-0.17361879370262207,1.7911693834897744e-05,18.072690791105213,5.82646417119202,0.914738777312123,,,
R2,Seasonal,0.0654623823007272,0.9978523945216984,0.8649664107250432,48,100,48.0,96.0,500,0.0,0.0,12.17636792783293,11.290755540392764,0.9147010717131282,,,
R3,Stationary_AR,0.4629775568094874,0.5080625619961383,0.6849352625482628,None,24,,,500,0.0,0.0,0.0,0.0,5.0,0.6997919613550978,,
R4,Trending_MeanShift,0.9995857298366602,0.9983315270469186,0.0,None,250,,,500,,,0.0,0.0,1.3352775246201658,,250.0,
R1,Composite,0.9998635665074328,0.9965114714958551,0.9411167869735606,36,36,36.0,72.0,500,-0.37424956342786253,-3.397732975490843e-05,15.775843255101062,6.904940679462602,1.08478975391625,,,
R2,Seasonal,0.9081360994110598,0.9942884973798052,0.9309016559725213,36,36,36.0,72.0,500,0.0,0.0,12.131264244648111,6.285687150912726,0.9769658238866863,,,
R3,Stationary_AR,0.14029582076236624,0.5884766452129102,0.649080018829868,None,31,,,500,0.0,0.0,0.0,0.0,5.0,0.581948405548925,,
R4,Trending_MeanShift,0.9853461236984687,0.9532622900280514,0.0,None,250,,,500,,,0.0,0.0,1.43041856169627,,250.0,
R1,Composite,0.9993328629934379,0.9935777248412421,0.9022719757299305,48,50,48.0,96.0,500,0.2801182526811947,-4.866879182825735e-05,17.78183352088832,6.889008203995752,1.4257637059375043,,,
R2,Seasonal,0.6730173501946058,0.9950039382878856,0.8398224761118891,48,50,48.0,96.0,500,0.0,0.0,21.747018729165685,4.256637292075901,1.3191942692984557,,,
R3,Stationary_AR,0.13254674863803217,0.5665629025738799,0.6298300562479138,None,56,,,500,0.0,0.0,0.0,0.0,5.0,0.5564134385147044,,
R4,Trending_MeanShift,0.9997898984181712,0.9991788384398063,0.0,None,250,,,500,,,0.0,0.0,1.2762885730979503,,250.0,
R1,Composite,0.9994268118482255,0.9974531500595826,0.9585813363225089,36,36,36.0,72.0,500,0.15413389659778326,3.37341278870609e-05,16.50854265515144,7.630996512371817,0.7942679918857118,,,
R2,Seasonal,0.923084013126573,0.9980687980610331,0.9423829153865597,36,36,36.0,72.0,500,0.0,0.0,24.61089861389842,8.190654939746416,1.3419434404020163,,,
R3,Stationary_WN,0.2066930649602392,0.3502973826956378,0.2916407836751662,None,8,,,500,0.0,0.0,0.0,0.0,12.395625645134597,,,
R4,Trending_MeanShift,0.9989424195992025,0.9955630666278683,0.0,None,250,,,500,,,0.0,0.0,0.5262248210140745,,250.0,
R1,Composite,0.9998951197564083,0.9992906067247398,0.9617351519363152,36,36,36.0,72.0,500,0.3149038156745415,-3.0261328844375538e-05,23.37378587502188,5.908844504512199,0.6507879724984098,,,
R2,Seasonal,0.9035790692238547,0.9966449836251077,0.9252577438709155,36,36,36.0,72.0,500,0.0,0.0,21.36279274918326,8.142728791374097,1.41719472771142,,,
R3,Stationary_AR,0.13553385754045633,0.4445082782436829,0.5401506103212088,None,26,,,500,0.0,0.0,0.0,0.0,5.0,0.4818616157619938,,
R4,Trending_ExponentialGrowth,0.9757418134135716,0.24559229684416306,0.2954255586012552,None,24,,,500,,,0.0,0.0,1.1828781097487877,,,
R1,Composite,0.9999142431777117,0.9974066302710379,0.9146392099406265,48,50,48.0,96.0,500,-0.39879910306927446,1.589802217836986e-05,14.833274801790763,3.832582243728848,0.756278193621309,,,
R2,Seasonal,0.9726898356812763,0.9984391521992098,0.9789380870734247,48,50,48.0,96.0,500,0.0,0.0,25.30834784440067,11.353416736818634,1.0105669683291763,,,
R3,Stationary_WN,0.5371632244904365,0.12840659281090072,0.2241673520735059,None,2,,,500,0.0,0.0,0.0,0.0,14.460733239591864,,,
R4,Trending_MeanShift,0.9998935214089609,0.999572399384952,0.0,None,250,,,500,,,0.0,0.0,0.881996381579712,,250.0,
R1,Composite,0.9998233857364439,0.9962320192992464,0.9701533159336178,48,50,48.0,96.0,500,0.24701024156012735,1.1190345186905004e-05,11.63563163597809,6.898765429107929,0.7902708067197866,,,
R2,Seasonal,0.96918953148368,0.9978366463715606,0.9767719893211175,48,50,48.0,96.0,500,0.0,0.0,19.435206180593184,9.794659671025707,0.9001598439924763,,,
R3,Stationary_AR,0.12370141477034025,0.4257136514673907,0.6425701602079484,None,38,,,500,0.0,0.0,0.0,0.0,5.0,0.4092904385013511,,
R4,Trending_MeanShift,0.9795368970680546,0.8922158897203332,0.0,None,250,,,500,,,0.0,0.0,1.3313791220501687,,250.0,
R1,Composite,0.9997286612998822,0.9964524336306486,0.802618458371317,36,36,36.0,72.0,500,-0.37367775098840217,2.345515923030981e-05,20.36202815406966,4.038270965867982,1.2630173229647264,,,
R2,Seasonal,0.864584459008462,0.9956346313826324,0.9007218335709886,36,36,36.0,72.0,500,0.0,0.0,28.916351261364305,10.741844533134685,1.9998243533974995,,,
R3,Stationary_WN,0.3835868440860809,0.25988594497342243,0.38387399103379083,None,4,,,500,0.0,0.0,0.0,0.0,12.722605542906097,,,
R4,Trending_ExponentialGrowth,0.9847926952799834,0.45839361501582565,0.36806658351121957,None,24,,,500,,,0.0,0.0,1.111658608797697,,,
R1,Composite,0.9999072360893163,0.998729853936196,0.9239659820359205,24,24,24.0,48.0,500,-0.37668951405755036,2.2094130336869256e-05,20.03680420069488,4.557816978811226,0.7813352404892367,,,
R2,Seasonal,0.9679926602478506,0.9985385793459504,0.9754804375166922,24,24,24.0,48.0,500,0.0,0.0,16.783994644253568,7.71517684771704,0.6392381788539239,,,
R3,Stationary_WN,0.330290752667616,0.2671286839023862,0.22085279841135352,None,5,,,500,0.0,0.0,0.0,0.0,9.634705644819045,,,
R4,Trending_ExponentialGrowth,0.9984691609891096,0.4506992853478132,0.41771974222862773,None,24,,,500,,,0.0,0.0,0.8592937103522863,,,
R1,Composite,0.9994411453839791,0.9984992843243795,0.8575634732533992,12,12,12.0,24.0,500,-0.1410678455049221,-1.996056112618447e-05,18.868551920574863,3.474950344830837,0.7669659177713765,,,
R2,Seasonal,0.8893385969704033,0.9856819367762123,0.891696191303933,12,12,12.0,24.0,500,0.0,0.0,13.875903946746323,9.026354150300591,1.8382425850819981,,,
R3,Stationary_WN,0.23182752725232225,0.2543967603078461,0.2828040493516105,None,5,,,500,0.0,0.0,0.0,0.0,5.048133198866131,,,
R4,Trending_RandomWalkDrift,0.9597604931149186,0.41526218263718173,0.0,None,167,,,500,,,0.0,0.0,0.6089957181223752,,,0.31972377352790976
R1,Composite,0.9987343521643338,0.9969812632286223,0.9283830602254179,48,50,48.0,96.0,500,-0.18729538639901258,4.9138704186526964e-05,21.634020977905692,6.786814368956759,1.2129337926323063,,,
R2,Seasonal,0.6451709448121165,0.9931624482908517,0.8031999574017712,48,50,48.0,96.0,500,0.0,0.0,21.494612176074405,5.163605044628504,1.686466122959772,,,
R3,Stationary_WN,0.0721435389714623,0.35411320469160346,0.3398190118906603,None,26,,,500,0.0,0.0,0.0,0.0,5.5752399217519555,,,
R4,Trending_MeanShift,0.9937225477936201,0.9747336325709925,0.0,None,250,,,500,,,0.0,0.0,1.488530191324676,,250.0,
R1,Composite,0.999530398135587,0.9934225936499202,0.9238235253919337,12,12,12.0,24.0,500,-0.21941323944662533,2.098900530078177e-05,11.328551783752964,6.353547484563608,1.0244309735887214,,,
R2,Seasonal,0.9591126678388155,0.9978376310508178,0.9560390466870542,12,12,12.0,24.0,500,0.0,0.0,26.425363806657124,11.415868788699907,1.403255765668214,,,
R3,Stationary_AR,0.3385855468684821,0.43885570339828295,0.46026361066018406,None,11,,,500,0.0,0.0,0.0,0.0,5.0,0.4751963200882066,,
R4,Trending_MeanShift,0.9966252743882545,0.9843260923834296,0.0,None,250,,,500,,,0.0,0.0,1.174477480174858,,250.0,
R1,Composite,0.9995930676889089,0.9927239413917168,0.9404067417157266,48,50,48.0,96.0,500,0.18311211660412763,4.185343626556308e-05,10.213854316750766,5.691558352484193,0.9550969065394914,,,
R2,Seasonal,0.8061152944384923,0.9709599181576513,0.8698296614111695,48,50,48.0,96.0,500,0.0,0.0,10.135297787933537,7.3549181586605865,1.7028284524356017,,,
R3,Stationary_AR,0.11773474368655412,0.5103520701233955,0.47970293468195335,None,29,,,500,0.0,0.0,0.0,0.0,5.0,0.43519648461779203,,
R4,Trending_ExponentialGrowth,0.9989241983982785,0.3639570127336832,0.33138199284830694,None,24,,,500,,,0.0,0.0,0.7486493355608574,,,
R1,Composite,0.9995926819115963,0.9931864856311663,0.629271303495927,12,12,12.0,24.0,500,-0.3867216694060045,2.6771583819609632e-05,18.365114138530963,2.4848153020752775,1.471111596661594,,,
R2,Seasonal,0.9218975096719795,0.9922199235154358,0.9235653406680121,12,12,12.0,24.0,500,0.0,0.0,19.328301307737092,11.683732791162274,1.944719246167747,,,
R3,Stationary_WN,0.5097324666466262,0.12126090084298757,0.242825416697797,None,2,,,500,0.0,0.0,0.0,0.0,5.014203758888293,,,
R4,Trending_ExponentialGrowth,0.9984909788175879,0.4408407196360229,0.386602420747696,None,24,,,500,,,0.0,0.0,1.2652380769791516,,,
R1,Composite,0.9993878270372759,0.990761762373647,0.8531340624490051,36,36,36.0,72.0,500,0.23393929861186583,-4.905392150525386e-05,10.867813322320744,4.5731070282237205,1.1288380110199108,,,
R2,Seasonal,0.799250527120926,0.9933727288399552,0.8549808654362503,36,36,36.0,72.0,500,0.0,0.0,11.694126083161834,4.17993908936986,0.9898179662992006,,,
R3,Stationary_AR,0.1334109720178962,0.3652034522311598,0.48009238707754165,None,24,,,500,0.0,0.0,0.0,0.0,5.0,0.4180973958671398,,
R4,Trending_ExponentialGrowth,0.9925847647052651,0.3354763043786715,0.3652110377377259,None,24,,,500,,,0.0,0.0,1.3037824396712228,,,
R1,Composite,0.9988502323246595,0.9977316339598631,0.9467630066424081,48,50,48.0,96.0,500,0.140683856842825,-3.347049954196105e-05,19.09464126607655,6.243637178553656,0.9131336367866849,,,
R2,Seasonal,0.5953295003195161,0.9732667918252187,0.7797546642259379,48,50,48.0,96.0,500,0.0,0.0,10.571928767882104,4.47770116277162,1.6424683001213463,,,
R3,Stationary_WN,0.2648602138087812,0.2506129928906745,0.25404348919094044,None,6,,,500,0.0,0.0,0.0,0.0,6.87485116826844,,,
R4,Trending_ExponentialGrowth,0.9870365182841613,0.4364609461521689,0.38530923082961743,None,24,,,500,,,0.0,0.0,1.1097925848459969,,,
R1,Composite,0.9998219731999659,0.9983952365157406,0.9718680379734083,24,24,24.0,48.0,500,-0.25283004354733285,2.6698005602857968e-05,15.875378035165518,7.0548235069265,0.7027835422142437,,,
R2,Seasonal,0.987946819190341,0.9986662028359911,0.9905827552232673,24,24,24.0,48.0,500,0.0,0.0,15.97643109704443,11.57198639765554,0.6029272515836221,,,
R3,Stationary_AR,0.07356384834194374,0.6595417779180257,0.7090714035318133,None,50,,,500,0.0,0.0,0.0,0.0,5.0,0.5856640908335369,,
R4,Trending_ExponentialGrowth,0.9971006422747275,0.3218416458374722,0.320112888961568,None,24,,,500,,,0.0,0.0,1.3109520919944964,,,
R1,Composite,0.9993505207248575,0.9923501316215295,0.8781316021297662,12,12,12.0,24.0,500,-0.28378913939746486,2.786415871697299e-05,15.88327340622413,7.316242498987972,1.438794770872668,,,
R2,Seasonal,0.980864839311066,0.9985887727064008,0.9783868507651755,12,12,12.0,24.0,500,0.0,0.0,22.222210370934796,11.37678537826317,0.6492766809205881,,,
R3,Stationary_AR,0.3951217025564202,0.6007564612735297,0.6676887350379108,None,15,,,500,0.0,0.0,0.0,0.0,5.0,0.5283405043361536,,
R4,Trending_ExponentialGrowth,0.9967807401299899,0.3393763132802424,0.32665992626591145,None,24,,,500,,,0.0,0.0,0.6896681241966302,,,
R1,Composite,0.9999210201523732,0.998775669752178,0.973113233357333,36,36,36.0,72.0,500,0.3513086235292492,4.730538873701829e-05,19.316479295784756,7.834941219410625,0.7313481726547868,,,
R2,Seasonal,0.957383329779848,0.9992583398194544,0.9651616521079189,36,36,36.0,72.0,500,0.0,0.0,20.318140665405743,5.6014299298628245,0.5806963315782574,,,
R3,Stationary_AR,0.4913441493265758,0.47763800146881696,0.6204740495949043,None,22,,,500,0.0,0.0,0.0,0.0,5.0,0.6873748959985577,,
R4,Trending_MeanShift,0.9985859487238187,0.9946005671884546,0.0,None,250,,,500,,,0.0,0.0,0.565353365101339,,250.0,
R1,Composite,0.9993906137509544,0.998551124815554,0.8937011752334129,48,50,48.0,96.0,500,-0.17144076496281085,2.0172632904933316e-05,21.879828876380966,2.790458731167522,0.6642161686856206,,,
R2,Seasonal,0.8718360748394425,0.9983108389862675,0.9461803085069439,48,50,48.0,96.0,500,0.0,0.0,26.285826534240922,5.958812779095274,1.0192952524395573,,,
R3,Stationary_AR,0.2543665214031078,0.40840450352950797,0.5366516399727251,None,20,,,500,0.0,0.0,0.0,0.0,5.0,0.4345644915220298,,
R4,Trending_MeanShift,0.9997502409512125,0.9989772876707887,0.0,None,250,,,500,,,0.0,0.0,1.4031944779359358,,250.0,
R1,Composite,0.9998405817158552,0.9971956191585206,0.9426078123428953,12,12,12.0,24.0,500,-0.3666262250225969,3.709737096627903e-05,16.917444661534617,7.293126552459298,0.8780450254973474,,,
R2,Seasonal,0.9184647695766095,0.9981566884745343,0.9197775669198213,12,12,12.0,24.0,500,0.0,0.0,29.461828223080108,8.252627144834879,1.2920483413665287,,,
R3,Stationary_WN,0.340644226328486,0.3356014200298969,0.3142769993855625,None,5,,,500,0.0,0.0,0.0,0.0,13.218688227021914,,,
R4,Trending_RandomWalkDrift,0.9110197782002462,0.777844841579932,0.0,None,250,,,500,,,0.0,0.0,1.4827701517482448,,,0.15979295774822413
R1,Composite,0.9995639094596023,0.9966757309716521,0.8048580182681193,36,36,36.0,72.0,500,-0.13692419012850923,-2.300859072771118e-05,10.965048626588187,2.2484476727927154,0.6945607284526146,,,
R2,Seasonal,0.9300520731211854,0.9987718303213835,0.9442778331373853,36,36,36.0,72.0,500,0.0,0.0,19.094012937688326,5.170267540846299,0.7013882522791219,,,
R3,Stationary_WN,0.4686512291367937,0.10230674130788009,0.3184633717998505,None,3,,,500,0.0,0.0,0.0,0.0,9.79790408230998,,,
R4,Trending_MeanShift,0.9993706759109938,0.9973446487306007,0.0,None,250,,,500,,,0.0,0.0,1.2081570164314088,,250.0,
R1,Composite,0.9994393155253779,0.9902601132629982,0.9537171710227941,24,24,24.0,48.0,500,-0.17245511934976523,-4.737961970341726e-05,9.067368202878846,7.995117925371803,1.0100490931587551,,,
R2,Seasonal,0.9814404973223885,0.9997045522070152,0.9853779930929596,24,24,24.0,48.0,500,0.0,0.0,27.129324211216957,7.2455594706044995,0.5064753667251617,,,
R3,Stationary_WN,0.37502589241926,0.15019490894516185,0.31763161221921177,None,3,,,500,0.0,0.0,0.0,0.0,10.225261203974556,,,
R4,Trending_MeanShift,0.9999390195705816,0.9997512408450403,0.0,None,250,,,500,,,0.0,0.0,0.7698855249511448,,250.0,
R1,Composite,0.9996979003654585,0.9978019222627811,0.9053274390635948,36,36,36.0,72.0,500,-0.31762729066151163,2.6455445631037737e-05,22.989358291538153,6.310166664213536,1.2523180881589049,,,
R2,Seasonal,0.9190371780087108,0.9960048193090029,0.9352359426693045,36,36,36.0,72.0,500,0.0,0.0,26.980619934590575,11.9116899712591,1.588285051866679,,,
R3,Stationary_AR,0.07991595611847768,0.8070432668677028,0.7193882325319951,None,125,,,500,0.0,0.0,0.0,0.0,5.0,0.6900878030131852,,
R4,Trending_ExponentialGrowth,0.9991440746050784,0.4927097495109066,0.3735463094855278,None,24,,,500,,,0.0,0.0,1.0336316711772235,,,
R1,Composite,0.9996098893109885,0.9991704201026078,0.8149445214618929,12,12,12.0,24.0,500,-0.19453810047033465,4.26880519869001e-05,24.210636611455524,2.7191922711711745,0.7818913182620297,,,
R2,Seasonal,0.7527752189191688,0.9966686444013644,0.8058015335604504,12,12,12.0,24.0,500,0.0,0.0,24.99885652765853,4.960719387070634,1.5310475632012033,,,
R3,Stationary_WN,0.16458115310074561,0.3694626610566497,0.3605731053703749,None,10,,,500,0.0,0.0,0.0,0.0,6.630345481951835,,,
R4,Trending_MeanShift,0.9963460166512963,0.983766088964608,0.0,None,250,,,500,,,0.0,0.0,0.9392697458426565,,250.0,
R1,Composite,0.999710397391634,0.9956806798012386,0.9248342778410452,24,24,24.0,48.0,500,-0.26842432787281423,-4.2500031700567304e-05,14.948543221451176,6.42252049402836,1.1349342861092984,,,
R2,Seasonal,0.9146864506168899,0.9968010187996988,0.9367987933712552,24,24,24.0,48.0,500,0.0,0.0,17.90013383749174,7.174079883610739,1.142537439187427,,,
R3,Stationary_AR,0.17838776655068256,0.5857841810972428,0.6098815078314312,None,50,,,500,0.0,0.0,0.0,0.0,5.0,0.6156615406025246,,
R4,Trending_ExponentialGrowth,0.9979460099280762,0.3904956216961014,0.317080223531678,None,24,,,500,,,0.0,0.0,1.4478625303862005,,,
R1,Composite,0.9997044187678258,0.9945496276447705,0.9506486653421974,24,24,24.0,48.0,500,0.24015118126282836,2.2084594335754718e-05,11.517044018913595,7.011707148546297,0.9851734916841854,,,
R2,Seasonal,0.7690863539565183,0.9903245845378209,0.8351825088727525,24,24,24.0,48.0,500,0.0,0.0,12.462272843484818,4.976627199234715,1.3488476462884655,,,
R3,Stationary_WN,0.5064504859198441,0.1420396425681284,0.21412536561840334,None,2,,,500,0.0,0.0,0.0,0.0,6.9666965662933675,,,
R4,Trending_MeanShift,0.9992967129880804,0.9972764568018271,0.0,None,250,,,500,,,0.0,0.0,0.6720405336639257,,250.0,
R1,Composite,0.999687278177009,0.9823932664056912,0.9201070827709814,24,24,24.0,48.0,500,0.3355304737958027,-4.4151292854291434e-05,8.0960400446905,6.8942847501621145,1.1060180331375196,,,
R2,Seasonal,0.9030378676430506,0.9965994798868362,0.9279295853977014,24,24,24.0,48.0,500,0.0,0.0,29.06961034865346,11.380540498924036,1.9622494565709487,,,
R3,Stationary_WN,0.33842516890273666,0.21609349328791239,0.2824276164982057,None,4,,,500,0.0,0.0,0.0,0.0,6.198869056370655,,,
R4,Trending_MeanShift,0.9999490079009035,0.9997956490585126,0.0,None,250,,,500,,,0.0,0.0,1.307030910569868,,250.0,
R1,Composite,0.9997816616316192,0.9967698720188851,0.8601394201141362,12,12,12.0,24.0,500,0.318000129090996,4.949530744611025e-05,18.086443301469195,4.755487942652691,1.1899013556988565,,,
R2,Seasonal,0.9190006174041994,0.9840738377930118,0.9142168281147048,12,12,12.0,24.0,500,0.0,0.0,10.066875700976306,8.54608983588741,1.3376351961536577,,,
R3,Stationary_AR,0.27870995935475984,0.6312336073017668,0.7008562699384202,None,62,,,500,0.0,0.0,0.0,0.0,5.0,0.6770337317164163,,
R4,Trending_RandomWalkDrift,0.9990709552446889,0.5300461557419559,0.8002910953179918,None,24,,,500,,,0.0,0.0,1.344164670169878,,,0.4293912406845263
R1,Composite,0.9976075432198191,0.9818926472182035,0.747966133873814,12,12,12.0,24.0,500,-0.10822411746271168,-2.1582572194201814e-05,8.865600974050059,3.6133991687818545,1.1589223548672765,,,
R2,Seasonal,0.8072778179706417,0.9956481838582285,0.8187717482327763,12,12,12.0,24.0,500,0.0,0.0,26.653807544315214,7.060631599457059,1.8001310887411908,,,
R3,Stationary_WN,0.2878458860757379,0.22074173226976757,0.26544984761645685,None,4,,,500,0.0,0.0,0.0,0.0,12.520157886528846,,,
R4,Trending_ExponentialGrowth,0.9996791239606261,0.38561750302936304,0.36643526494380274,None,24,,,500,,,0.0,0.0,0.5295714227327375,,,
R1,Composite,0.9997316714298609,0.9938719295857038,0.7848770112535336,24,24,24.0,48.0,500,-0.24644641174699863,-1.2542115064303273e-05,10.56838438896542,2.683623692702153,0.9345534532122574,,,
R2,Seasonal,0.95953346814553,0.9920588053004625,0.9685306204561401,24,24,24.0,48.0,500,0.0,0.0,11.088268047739167,10.739435943544795,1.070139520081626,,,
R3,Stationary_WN,0.08759098212280758,0.37189390585168425,0.37401603211971746,None,24,,,500,0.0,0.0,0.0,0.0,11.279579329040235,,,
R4,Trending_MeanShift,0.9999611404382984,0.9998451175173202,0.01823813978407096,None,250,,,500,,,0.0,0.0,1.249007214865768,,250.0,
R1,Composite,0.9987558457352957,0.9971090168996813,0.9486218991660863,36,36,36.0,72.0,500,-0.13315441549837376,1.837710572722685e-05,16.898659111243745,7.402785769167532,0.9866755497255658,,,
R2,Seasonal,0.9797950459868644,0.9991321349493179,0.9830725101049081,36,36,36.0,72.0,500,0.0,0.0,18.198135516816716,7.796358533512771,0.590574342073718,,,
R3,Stationary_AR,0.18498723754963187,0.33810822197901524,0.7077881346513496,None,71,,,500,0.0,0.0,0.0,0.0,5.0,0.6920719099665478,,
R4,Trending_RandomWalkDrift,0.579007207949783,0.29526018235009255,0.0,None,167,,,500,,,0.0,0.0,0.7347273093954064,,,-0.14737361363323537
R1,Composite,0.9998586824718647,0.9941729146850132,0.9072971532356863,24,24,24.0,48.0,500,0.394472635847842,-1.2005900438238385e-05,12.016356855381954,5.380544363088507,0.9416725048637916,,,
R2,Seasonal,0.847487270366354,0.993444572025161,0.8882397979995016,24,24,24.0,48.0,500,0.0,0.0,22.26561561969332,9.416025949430527,1.7509024130146176,,,
R3,Stationary_AR,0.13432460068821328,0.5435691692887039,0.5538872441381539,None,25,,,500,0.0,0.0,0.0,0.0,5.0,0.47034047315111277,,
R4,Trending_RandomWalkDrift,0.9996632136860917,0.5735615745736264,0.8491046084066349,None,24,,,500,,,0.0,0.0,1.4309759058279021,,,0.2286057379982264
R1,Composite,0.9996461530453807,0.9977012498972285,0.8763333173982671,24,24,24.0,48.0,500,0.3087044928638084,-4.796954956268336e-05,22.5580761421307,5.125749190785778,1.2407157536954525,,,
R2,Seasonal,0.9478013409727434,0.9924080810120531,0.9595573837185718,24,24,24.0,48.0,500,0.0,0.0,10.956072491590344,8.956053894726722,1.0225257017237654,,,
R3,Stationary_AR,0.3920747186079159,0.4510394961691857,0.6076629532767501,None,13,,,500,0.0,0.0,0.0,0.0,5.0,0.5923800240610728,,
R4,Trending_MeanShift,0.9999359285983627,0.9997435526440706,0.0,None,250,,,500,,,0.0,0.0,1.1927778101641773,,250.0,
R1,Composite,0.9985119687081024,0.9826449602044472,0.7926114989769598,36,36,36.0,72.0,500,-0.1902022728921202,3.6623963463858484e-05,10.52638397969388,4.543074919113334,1.4751950003160017,,,
R2,Seasonal,0.8195895864695852,0.9872056318843718,0.867041812664847,36,36,36.0,72.0,500,0.0,0.0,12.89534745958787,7.039102087936479,1.5044495508179678,,,
R3,Stationary_AR,0.2930987806007387,0.5575473054195752,0.6180561147974787,None,24,,,500,0.0,0.0,0.0,0.0,5.0,0.6308614251472707,,
R4,Trending_ExponentialGrowth,0.987749601866347,0.31923204804255545,0.31374042169706384,None,24,,,500,,,0.0,0.0,1.0755587858109397,,,
R1,Composite,0.9993131387007953,0.9925915478898695,0.8009517835971857,48,50,48.0,96.0,500,-0.26270855429229156,2.3094493608175607e-05,15.801701917990988,3.523184361466994,1.3285384068537476,,,
R2,Seasonal,0.808047401752446,0.9874185035568994,0.8739944639400451,48,50,48.0,96.0,500,0.0,0.0,15.014804239854477,7.160711451928007,1.65902860772178,,,
R3,Stationary_AR,0.28419506854865595,0.5432946177038929,0.688769378408953,None,31,,,500,0.0,0.0,0.0,0.0,5.0,0.6839783354747799,,
R4,Trending_RandomWalkDrift,0.9956239504175279,0.7465145486369225,0.9254317990244602,None,24,,,500,,,0.0,0.0,1.1193590802346938,,,0.1061087681620788
R1,Composite,0.9987767184002254,0.9992356767373902,0.9729236213040092,24,24,24.0,48.0,500,-0.10549615501122134,3.6252665042364357e-05,22.421881288752083,7.003344316339438,0.684165232051631,,,
R2,Seasonal,0.9341619422251024,0.9987689612195005,0.9477851733494576,24,24,24.0,48.0,500,0.0,0.0,29.892151224779838,8.360333954022513,1.056673414987863,,,
R3,Stationary_WN,0.18949179709554642,0.31285795564576757,0.2656813987432596,None,7,,,500,0.0,0.0,0.0,0.0,14.672093471578055,,,
R4,Trending_ExponentialGrowth,0.9897604925080472,0.38285872822035794,0.4132259884539321,None,24,,,500,,,0.0,0.0,1.1351073133023677,,,
R1,Composite,0.9997547616784322,0.9861761331233014,0.9248423594636938,24,24,24.0,48.0,500,0.3410819315329445,2.6080924379777165e-05,9.19609328036952,7.201379643483992,1.3029941147509376,,,
R2,Seasonal,0.9636583647263376,0.9986384581695174,0.9728773337857957,24,24,24.0,48.0,500,0.0,0.0,24.98467625800711,10.426137499221952,1.07577258873703,,,
R3,Stationary_WN,0.446274196056466,0.30252186454544394,0.37463592610678786,None,3,,,500,0.0,0.0,0.0,0.0,13.858553090614112,,,
R4,Trending_MeanShift,0.9999383576534078,0.9997523588588715,0.0,None,250,,,500,,,0.0,0.0,1.3013455757247359,,250.0,
R1,Composite,0.9994780882819818,0.9975618916012532,0.8670779836195274,36,36,36.0,72.0,500,-0.2179254942588891,-3.4475237683185705e-05,22.35783398239188,5.011280415246384,1.146159044298225,,,
R2,Seasonal,0.828191889145772,0.9944094808187603,0.8680665260830951,36,36,36.0,72.0,500,0.0,0.0,17.07425361464238,5.806042487605399,1.3848177542236066,,,
R3,Stationary_AR,0.29757284479620016,0.5191096477824095,0.7351740730408698,None,56,,,500,0.0,0.0,0.0,0.0,5.0,0.676319042425658,,
R4,Trending_MeanShift,0.9986114637606058,0.9950202548102773,0.0,None,250,,,500,,,0.0,0.0,0.9949075890022269,,250.0,
R1,Composite,0.9970956970207423,0.981276972072326,0.9022549013074104,12,12,12.0,24.0,500,-0.12186001727538773,3.639598039737267e-05,8.286365962328748,6.893510481385715,1.2119451003982458,,,
R2,Seasonal,0.9192400640655656,0.9926045664303353,0.9189735982512254,12,12,12.0,24.0,500,0.0,0.0,18.79652975992691,10.984160803745663,1.7093167046769042,,,
R3,Stationary_WN,0.4720579187777404,0.23873527618986667,0.4308867588039914,None,3,,,500,0.0,0.0,0.0,0.0,9.32711559169077,,,
R4,Trending_RandomWalkDrift,0.999203770494075,0.5654791273252047,0.853330042337525,None,24,,,500,,,0.0,0.0,0.8059725909344709,,,-0.1282018236399187
R1,Composite,0.9999050437549394,0.9975011044610957,0.9567629642539217,36,36,36.0,72.0,500,-0.36327932273335073,3.724439393051297e-05,13.753038548081285,6.1163749188713075,0.8047444465339137,,,
R2,Seasonal,0.9397761896528711,0.9985321498647852,0.9506881990263076,36,36,36.0,72.0,500,0.0,0.0,29.778994491924028,9.58156105533294,1.2834237540301117,,,
R3,Stationary_WN,0.5150239152754268,0.20390071280801636,0.21741209619830337,None,2,,,500,0.0,0.0,0.0,0.0,6.07463100632796,,,
R4,Trending_ExponentialGrowth,0.9931776610008001,0.367197367272866,0.3320222977419469,None,24,,,500,,,0.0,0.0,1.4877762079982308,,,
R1,Composite,0.9995440048649961,0.9902354169727672,0.7482184509815717,36,36,36.0,72.0,500,-0.2499726810509563,2.802056104164731e-05,10.349410850765427,2.833665009701612,1.0990909876418005,,,
R2,Seasonal,0.9196448721574877,0.9967191384857315,0.9370763995505856,36,36,36.0,72.0,500,0.0,0.0,21.265789532384225,8.636801368348282,1.3694605716962904,,,
R3,Stationary_WN,0.36354227853585286,0.366908110583512,0.3508939055097007,None,4,,,500,0.0,0.0,0.0,0.0,14.320933557507002,,,
R4,Trending_ExponentialGrowth,0.9985462265234584,0.28711880269363743,0.3843512945014167,None,24,,,500,,,0.0,0.0,1.2306204374179397,,,
R1,Composite,0.9994182737727574,0.9902920042706735,0.7153353572579495,24,24,24.0,48.0,500,-0.23404477428190085,-2.817091923677952e-05,12.18694537541789,2.4694207234744603,1.0690617188105516,,,
R2,Seasonal,0.7018530941242624,0.9925366307922189,0.8037811888805846,24,24,24.0,48.0,500,0.0,0.0,21.385515185939944,6.491388849777058,1.971828509221225,,,
R3,Stationary_WN,0.3984382862373871,0.2567735046713153,0.31959814825200805,None,3,,,500,0.0,0.0,0.0,0.0,8.845836925180091,,,
R4,Trending_MeanShift,0.9998955735621402,0.999582860886611,0.0,None,250,,,500,,,0.0,0.0,1.0549859127773027,,250.0,
R1,Composite,0.9992450298961197,0.9982917320371282,0.8948281283993406,24,24,24.0,48.0,500,-0.1172743879827336,-1.9360028037570527e-05,16.902152948131558,3.753508768711292,0.7616355554523615,,,
R2,Seasonal,0.7278368051611799,0.9979243819018776,0.813268290446215,24,24,24.0,48.0,500,0.0,0.0,24.12886636802768,4.082056838279586,1.1260852004697302,,,
R3,Stationary_WN,0.3298736231643248,0.2531174162416322,0.3623222442594135,None,4,,,500,0.0,0.0,0.0,0.0,6.64899034740669,,,
R4,Trending_MeanShift,0.9999463207769853,0.9997846388521425,0.0,None,250,,,500,,,0.0,0.0,1.088307896202771,,250.0,
R1,Composite,0.9991655063193764,0.9984385400881657,0.9207335162875838,24,24,24.0,48.0,500,-0.1749270598702572,4.048491444407906e-05,22.92261221288274,5.551132294225363,1.0796753288100616,,,
R2,Seasonal,0.987346434928983,0.9996660868471507,0.9900761914088565,24,24,24.0,48.0,500,0.0,0.0,28.229097898159985,9.735435592471863,0.5489917675127505,,,
R3,Stationary_AR,0.15911255634276666,0.4287799527936531,0.6011081265946745,None,45,,,500,0.0,0.0,0.0,0.0,5.0,0.48659510503250153,,
R4,Trending_MeanShift,0.9995469196928906,0.9981984522692448,0.0,None,250,,,500,,,0.0,0.0,1.486153890164466,,250.0,
R1,Composite,0.9995491388751242,0.9912045773469956,0.9228592071084681,12,12,12.0,24.0,500,0.22482227445640798,3.59024011655013e-05,11.05146650251234,7.243045101536848,1.1112086953764702,,,
R2,Seasonal,0.951944059588887,0.9981354756158992,0.9480007537480868,12,12,12.0,24.0,500,0.0,0.0,25.621139149908288,9.45464643236168,1.1791007649981289,,,
R3,Stationary_AR,0.13276180965784934,0.4318727283657001,0.417737454416491,None,26,,,500,0.0,0.0,0.0,0.0,5.0,0.43133587701555365,,
R4,Trending_MeanShift,0.9999172947076486,0.9996659764464195,0.0,None,250,,,500,,,0.0,0.0,1.0009039703324438,,250.0,
R1,Composite,0.9998724636691105,0.9956240536695954,0.8995946769583673,36,36,36.0,72.0,500,0.2953976193858953,1.3153217642241222e-05,10.43993007413497,3.7419442046538673,0.8101263022259018,,,
R2,Seasonal,0.926375189188409,0.9910600411013787,0.9438352792865611,36,36,36.0,72.0,500,0.0,0.0,12.17026832976758,8.859169516116108,1.3376712798513217,,,
R3,Stationary_AR,0.1360951059136355,0.5677468978029868,0.5966519607966945,None,71,,,500,0.0,0.0,0.0,0.0,5.0,0.6336223782248942,,
R4,Trending_MeanShift,0.9999542094612507,0.999818771716794,0.0,None,250,,,500,,,0.0,0.0,0.939713794870956,,250.0,
R1,Composite,0.9992890496807642,0.9916927438786467,0.860844160794545,12,12,12.0,24.0,500,0.24503957412155214,3.9022348268348175e-05,15.492955980953731,6.898571249003263,1.4332146783739246,,,
R2,Seasonal,0.942768590037864,0.9986572719749701,0.9375262894564375,12,12,12.0,24.0,500,0.0,0.0,15.940248026985653,4.463242121174783,0.6277894175275882,,,
R3,Stationary_WN,0.5389461934563458,0.16039499172008498,0.28555305762575633,None,2,,,500,0.0,0.0,0.0,0.0,10.243596481059285,,,
R4,Trending_RandomWalkDrift,0.9621585100479292,0.48821511984683585,0.0,None,167,,,500,,,0.0,0.0,1.2877530539775008,,,-0.1025960730994303
R1,Composite,0.9994704863303658,0.9972461941734392,0.8975213506597886,36,36,36.0,72.0,500,0.23346329063219667,2.6621584101891246e-05,21.93223911449561,6.13003534576627,1.332718832516231,,,
R2,Seasonal,0.8922266021210474,0.9984538353769118,0.9181555718729351,36,36,36.0,72.0,500,0.0,0.0,20.31395362500858,4.86398941050616,0.999755151864157,,,
R3,Stationary_WN,0.32174989156910083,0.2068430138977384,0.2735412633211477,None,4,,,500,0.0,0.0,0.0,0.0,14.197595451601565,,,
R4,Trending_MeanShift,0.9999143329301924,0.9996545652369474,0.0,None,250,,,500,,,0.0,0.0,1.2791603743212445,,250.0,
R1,Composite,0.9999025052968443,0.9928865699069775,0.9312117999221234,36,36,36.0,72.0,500,-0.3652123425778908,-1.7657426292702094e-05,8.984910851566195,5.135252620879044,0.8179235344000716,,,
R2,Seasonal,0.7440978810340662,0.9939242322357793,0.8399074227798806,36,36,36.0,72.0,500,0.0,0.0,24.485832126030033,7.405018354909967,1.8546274004695764,,,
R3,Stationary_AR,0.21724201626340878,0.6106580588126829,0.7093366162840986,None,50,,,500,0.0,0.0,0.0,0.0,5.0,0.6869582982422759,,
R4,Trending_RandomWalkDrift,0.0,0.11208592756158942,0.0,None,167,,,500,,,0.0,0.0,1.2890827569877712,,,0.10958406613655135
R1,Composite,0.9990921524017886,0.9820297115689983,0.8514188912286602,48,50,48.0,96.0,500,0.2383065958269341,-2.6668149343938782e-05,10.638896042899525,5.399659648514097,1.409849820172147,,,
R2,Seasonal,0.9080418888502327,0.9984680564350573,0.9429656666539573,48,50,48.0,96.0,500,0.0,0.0,28.39294727412111,6.763785882478897,1.1899309374877332,,,
R3,Stationary_WN,0.48296115771833104,0.21065733717747492,0.158799668085434,None,2,,,500,0.0,0.0,0.0,0.0,5.990873339113256,,,
R4,Trending_RandomWalkDrift,0.925150338421206,0.9798579455444735,0.9731344503047141,None,125,,,500,,,0.0,0.0,0.8326905753850875,,,0.10472993192563695
R1,Composite,0.9997317425351491,0.9986463368523419,0.821084339427365,12,12,12.0,24.0,500,0.22498639537625753,1.6332223669439797e-05,21.084724134179584,3.1777028557708142,0.8254090782848007,,,
R2,Seasonal,0.986166302274499,0.9993809116622963,0.984855464567696,12,12,12.0,24.0,500,0.0,0.0,26.0313647208905,10.642438870266188,0.5913164407991942,,,
R3,Stationary_WN,0.1958844117879608,0.24392006575778113,0.19038508101712226,None,6,,,500,0.0,0.0,0.0,0.0,13.180030128633973,,,
R4,Trending_ExponentialGrowth,0.9971513057861441,0.4463931971977674,0.3003043049568477,None,24,,,500,,,0.0,0.0,1.409024446795934,,,
R1,Composite,0.9989120776571088,0.9892125337682409,0.7201391066775393,12,12,12.0,24.0,500,-0.2014842272525473,-1.936891128155367e-05,13.620853444450841,4.213607284540828,1.45201029559933,,,
R2,Seasonal,0.8736405021082785,0.9934138905334438,0.8740273210055665,12,12,12.0,24.0,500,0.0,0.0,20.930621740795164,8.857048098963197,1.8448725418961684,,,
R3,Stationary_AR,0.23652880089849804,0.5641630573721697,0.6278109946159209,None,42,,,500,0.0,0.0,0.0,0.0,5.0,0.6381038851582324,,
R4,Trending_ExponentialGrowth,0.9964274946283341,0.3137660979821245,0.26687358294512176,None,24,,,500,,,0.0,0.0,0.835808346162731,,,
R1,Composite,0.9989935023947957,0.9962480058116252,0.8436690337581456,12,12,12.0,24.0,500,0.1776597472027896,-2.36676420125139e-05,17.261309683124722,4.727314541617296,1.1710093248692424,,,
R2,Seasonal,0.9571534670798182,0.992883994744318,0.9546373823055391,12,12,12.0,24.0,500,0.0,0.0,15.067702028450523,11.850090008178832,1.2950886870278255,,,
R3,Stationary_AR,0.1913587461291536,0.6350360226202476,0.7455201035880742,None,56,,,500,0.0,0.0,0.0,0.0,5.0,0.6879364210161283,,
R4,Trending_RandomWalkDrift,0.999111605145203,0.9479500315832835,0.12056983920651232,None,250,,,500,,,0.0,0.0,0.9538540990878398,,,0.47371483225019506
R1,Composite,0.9997538532524929,0.991786752581294,0.8160443926303117,24,24,24.0,48.0,500,0.3260385803674902,4.689252207366782e-05,12.133145206434548,4.176533309214203,1.147733504485923,,,
R2,Seasonal,0.8830487824538802,0.9968413240661389,0.9118070565907792,24,24,24.0,48.0,500,0.0,0.0,25.696733682471894,8.711827578281614,1.478041484048778,,,
R3,Stationary_AR,0.11240797959251292,0.6498390616950019,0.6493914103848878,None,83,,,500,0.0,0.0,0.0,0.0,5.0,0.587697445908892,,
R4,Trending_MeanShift,0.9998855701234671,0.9995419517824081,0.0,None,250,,,500,,,0.0,0.0,0.7613030656529716,,250.0,
R1,Composite,0.9995744768120437,0.9959064848968366,0.7578687975973027,48,50,48.0,96.0,500,-0.339875345863741,-2.6150215829416702e-05,23.583797762493674,2.851587007283369,1.154256227516476,,,
R2,Seasonal,0.9551438346664741,0.9943798356628585,0.965162058189501,48,50,48.0,96.0,500,0.0,0.0,15.002175974224512,10.246526773203755,1.175793344791796,,,
R3,Stationary_WN,0.2919203047451031,0.2366735059177021,0.29539794340704895,None,5,,,500,0.0,0.0,0.0,0.0,9.468202631643488,,,
R4,Trending_ExponentialGrowth,0.9981440416610051,0.44789961187429683,0.3902962544555476,None,24,,,500,,,0.0,0.0,0.9128313384415222,,,
R1,Composite,0.9998859780495787,0.9975367807973956,0.8789459549752154,48,50,48.0,96.0,500,0.24568914138510986,2.298744207350267e-05,11.765106479076152,2.0071720500353614,0.5243414980281141,,,
R2,Seasonal,0.9455982475833378,0.9990481912984421,0.9664515517875552,48,50,48.0,96.0,500,0.0,0.0,26.82193224920229,6.749718513846243,0.7808783806638193,,,
R3,Stationary_WN,0.43256545642383804,0.17037023351982772,0.2276262446368058,None,2,,,500,0.0,0.0,0.0,0.0,5.290178220843989,,,
R4,Trending_ExponentialGrowth,0.9843471079185764,0.3868834079879224,0.33370719034362417,None,24,,,500,,,0.0,0.0,1.0486308915039857,,,
R1,Composite,0.9996451889276649,0.9986996556290281,0.9579130731961314,24,24,24.0,48.0,500,0.21453600016966745,3.052988534779428e-05,24.184588081990313,7.959079121298025,0.9446645826715592,,,
R2,Seasonal,0.9164779578874732,0.9977111566526801,0.9386315147320984,24,24,24.0,48.0,500,0.0,0.0,26.45745297184412,9.110675683252069,1.4217676110366626,,,
R3,Stationary_AR,0.3367489954701316,0.43272695741551725,0.5316722193568758,None,17,,,500,0.0,0.0,0.0,0.0,5.0,0.4052320201827028,,
R4,Trending_RandomWalkDrift,0.9988470640737158,0.865580486373237,0.8867560094643134,None,100,,,500,,,0.0,0.0,0.5332723483195336,,,0.21777825398726847
R1,Composite,0.9977936575313481,0.9978892546935165,0.9375473841862495,24,24,24.0,48.0,500,-0.10494664854082321,2.8973864845433605e-05,18.799039355860714,6.134202673010084,0.9575289689519986,,,
R2,Seasonal,0.9116101676853067,0.9952943105091056,0.9355614384817004,24,24,24.0,48.0,500,0.0,0.0,18.37450220083851,8.913185309251254,1.3825749431024874,,,
R3,Stationary_AR,0.3693119550429904,0.6175111362100774,0.6912208324379804,None,36,,,500,0.0,0.0,0.0,0.0,5.0,0.6679596702068291,,
R4,Trending_ExponentialGrowth,0.9982903519284992,0.35383315200957954,0.3875583012607229,None,24,,,500,,,0.0,0.0,0.8339020269888826,,,
R1,Composite,0.9993807197114372,0.9905973537672906,0.9119588067139113,12,12,12.0,24.0,500,-0.25148841541542744,2.0133994769299376e-05,12.604623741014482,7.734290473118616,1.3111337392293363,,,
R2,Seasonal,0.9398377930796121,0.9983150554521012,0.9384472665383057,12,12,12.0,24.0,500,0.0,0.0,18.867668106707555,5.931101430653431,0.877127545717157,,,
R3,Stationary_WN,0.47191934017210113,0.06918599366414768,0.23202741620025902,None,2,,,500,0.0,0.0,0.0,0.0,9.341413254529964,,,
R4,Trending_MeanShift,0.9999875006059876,0.9999497112972429,0.0,None,250,,,500,,,0.0,0.0,0.5563742779677754,,250.0,
R1,Composite,0.9980330551588548,0.9974808303544758,0.8012741274242895,48,50,48.0,96.0,500,-0.10247730771314265,-1.849851179962336e-05,20.466181987461496,2.264071737745631,0.9450259353052057,,,
R2,Seasonal,0.9861981706507159,0.9992149936603714,0.9892665978156263,48,50,48.0,96.0,500,0.0,0.0,19.953468012744445,9.062963779242281,0.5491316466566805,,,
R3,Stationary_WN,0.44334016966554946,0.13214574511166777,0.32074549875367275,None,3,,,500,0.0,0.0,0.0,0.0,8.409032293742488,,,
R4,Trending_ExponentialGrowth,0.9944118404231942,0.30885731275588757,0.25172428652553913,None,24,,,500,,,0.0,0.0,0.8690395400069252,,,
R1,Composite,0.9993783099413358,0.9982937813079169,0.9539039053205836,36,36,36.0,72.0,500,-0.18178593318950437,2.3705305634794597e-05,21.103680237661408,7.576239470017527,1.0334792334686473,,,
R2,Seasonal,0.5262295052449324,0.9954267909323372,0.7250467967060361,36,36,36.0,72.0,500,0.0,0.0,29.530169088152164,5.074647213407414,1.8281233830902512,,,
R3,Stationary_AR,0.17441267092644097,0.48003449495765504,0.5859569433238625,None,24,,,500,0.0,0.0,0.0,0.0,5.0,0.47804135722004504,,
R4,Trending_ExponentialGrowth,0.9980015810599261,0.34980078279530746,0.3865557617030976,None,24,,,500,,,0.0,0.0,0.8489528561167872,,,
R1,Composite,0.9998075619426796,0.9967658751936516,0.6743664581911315,24,24,24.0,48.0,500,0.35479209761971187,-2.466198592837729e-05,17.047842615739295,2.344438642982561,1.0446184517468295,,,
R2,Seasonal,0.9540827520986277,0.9974301985500057,0.9648133610586223,24,24,24.0,48.0,500,0.0,0.0,23.739040742708962,11.904870073861836,1.3916656585324885,,,
R3,Stationary_AR,0.501913117694643,0.5761326796476192,0.7124545449614836,None,24,,,500,0.0,0.0,0.0,0.0,5.0,0.6304132357138363,,
R4,Trending_RandomWalkDrift,0.9971137322156143,0.6619114329312095,0.8714947099243565,None,24,,,500,,,0.0,0.0,0.784714628792654,,,-0.23316931414234096
R1,Composite,0.9995958971282395,0.9851484892844384,0.8017208877985917,24,24,24.0,48.0,500,-0.35642838556409195,3.645940876941591e-05,11.012902002374748,4.725069164188006,1.3930831762180915,,,
R2,Seasonal,0.8428064183493909,0.9949515710287974,0.8838091520891591,24,24,24.0,48.0,500,0.0,0.0,20.799182648916737,7.394759767546773,1.5859641315911488,,,
R3,Stationary_WN,0.4084811782379343,0.19361529931614474,0.26645845066696827,None,3,,,500,0.0,0.0,0.0,0.0,6.422904817811997,,,
R4,Trending_RandomWalkDrift,0.9887447400033611,0.7062811743129378,0.0,None,250,,,500,,,0.0,0.0,1.4469584431061722,,,0.4495007753591883
R1,Composite,0.9997892462904971,0.9953302890560465,0.6688753487704512,36,36,36.0,72.0,500,0.392375742384126,2.192278088569273e-05,17.54041813010533,2.485903749313162,1.3046809565975317,,,
R2,Seasonal,0.8382181518529394,0.9961139434952391,0.8776301753833511,36,36,36.0,72.0,500,0.0,0.0,22.419187021314677,6.81068401287228,1.4680809583450556,,,
R3,Stationary_AR,0.24811010822215962,0.513110645866909,0.6968498686856417,None,29,,,500,0.0,0.0,0.0,0.0,5.0,0.6729808259773615,,
R4,Trending_ExponentialGrowth,0.992397908855503,0.3793810767265162,0.3033911651259793,None,24,,,500,,,0.0,0.0,1.4014371931965899,,,
R1,Composite,0.9997059998639071,0.9902699001618338,0.7468179086073081,36,36,36.0,72.0,500,-0.24919565493338938,-3.091180314138595e-05,9.120945377369226,2.5143847618269786,0.8870828483202033,,,
R2,Seasonal,0.9765669293931485,0.9989963437319184,0.9803235078912411,36,36,36.0,72.0,500,0.0,0.0,15.056427730015844,6.49274927837878,0.5121572372455715,,,
R3,Stationary_WN,0.29816759213652533,0.20539615708105385,0.21497053837802227,None,4,,,500,0.0,0.0,0.0,0.0,14.514174856443415,,,
R4,Trending_ExponentialGrowth,0.9898283670595229,0.41929181232798474,0.4613065155917536,None,24,,,500,,,0.0,0.0,1.27220747459737,,,
R1,Composite,0.995426148866931,0.9939125983380913,0.8810327701199532,12,12,12.0,24.0,500,-0.10451756827528441,1.2508094297327341e-05,17.93132300892683,7.095597839677108,1.4326622072864423,,,
R2,Seasonal,0.8506844965506476,0.9948638036309999,0.8573809771922964,12,12,12.0,24.0,500,0.0,0.0,17.782330606551906,6.0052838390554,1.3419653650414596,,,
R3,Stationary_WN,0.15699291812613747,0.34639446586244727,0.28102933891642345,None,9,,,500,0.0,0.0,0.0,0.0,8.648363157576494,,,
R4,Trending_MeanShift,0.9993687763338068,0.9974944924251099,0.0,None,250,,,500,,,0.0,0.0,1.4852117904172195,,250.0,
R1,Composite,0.9985557218884876,0.9952390497801665,0.7828872799345317,36,36,36.0,72.0,500,0.12499862894432737,-1.4392572370341871e-05,13.04177987258858,2.9702849230744413,0.9692577092047665,,,
R2,Seasonal,0.9173886408626163,0.995949946490339,0.9353423846374527,36,36,36.0,72.0,500,0.0,0.0,25.166017145306327,11.678319421207537,1.788966802874754,,,
R3,Stationary_AR,0.27056599560397365,0.6579808496455428,0.7286678147630512,None,36,,,500,0.0,0.0,0.0,0.0,5.0,0.6787429511668497,,
R4,Trending_ExponentialGrowth,0.9998309123702377,0.4838910780729798,0.5110748867098492,None,24,,,500,,,0.0,0.0,0.6955916546868156,,,
R1,Composite,0.9995181071710264,0.9979147380969217,0.9304946063159015,48,50,48.0,96.0,500,-0.2647188458508941,3.7784950949394705e-05,24.449939419578165,6.331112000246438,1.236154797661808,,,
R2,Seasonal,0.889482523754352,0.9978288711994642,0.9316983251350119,48,50,48.0,96.0,500,0.0,0.0,25.33480082663523,6.601789264940805,1.1863422780061037,,,
R3,Stationary_WN,0.22994227951919333,0.33645098023962783,0.20465758783320953,None,6,,,500,0.0,0.0,0.0,0.0,9.3972600090662,,,
R4,Trending_RandomWalkDrift,0.8585643464079535,0.0,0.0,None,250,,,500,,,0.0,0.0,1.1080452639416976,,,0.37931929757075344
R1,Composite,0.9991045591693911,0.9963324447546097,0.8646860123877607,24,24,24.0,48.0,500,-0.2103047552270676,-1.568015928383771e-05,21.595721023019635,6.00771688362805,1.454890836182766,,,
R2,Seasonal,0.9212889831012905,0.994380805723089,0.9415707530508048,24,24,24.0,48.0,500,0.0,0.0,14.958701454969901,8.601624659574767,1.2430532257869722,,,
R3,Stationary_WN,0.4639872726087262,0.1944737757317252,0.3445401502175576,None,3,,,500,0.0,0.0,0.0,0.0,7.609597923502357,,,
R4,Trending_RandomWalkDrift,0.9997464391887936,0.8032603159257727,0.9136476155262209,None,24,,,500,,,0.0,0.0,1.3786456905677826,,,0.24155344640250542
R1,Composite,0.9998073654897934,0.9959544795560622,0.942112818007122,24,24,24.0,48.0,500,-0.35492577911445355,-1.2335495034045185e-05,15.690755824163979,7.609785825891457,1.090469094681433,,,
R2,Seasonal,0.8575606562560919,0.9954731769205889,0.8995229412072769,24,24,24.0,48.0,500,0.0,0.0,20.195837367989235,7.596059971109837,1.4488568951312153,,,
R3,Stationary_AR,0.15366791047675,0.5589238438275288,0.6233142891906371,None,33,,,500,0.0,0.0,0.0,0.0,5.0,0.5037769248328047,,
R4,Trending_ExponentialGrowth,0.9995427022389747,0.35501040728733535,0.29516710114819733,None,24,,,500,,,0.0,0.0,0.6438423319403158,,,
R1,Composite,0.9998721225190335,0.9931061580263628,0.9516923054635155,12,12,12.0,24.0,500,-0.36642775058504007,-1.5423514856712535e-05,10.329877258219595,7.69570667825181,0.9093001201173394,,,
R2,Seasonal,0.9206232373474795,0.9969340296838752,0.9177623651517299,12,12,12.0,24.0,500,0.0,0.0,24.24481392889541,8.771812758213203,1.4069146331497393,,,
R3,Stationary_WN,0.2910381413372539,0.2612452597034821,0.2348674963381323,None,4,,,500,0.0,0.0,0.0,0.0,7.244707715814731,,,
R4,Trending_MeanShift,0.9997941135407313,0.9991942402092967,0.0,None,250,,,500,,,0.0,0.0,1.2695239670781824,,250.0,
R1,Composite,0.9997080125823673,0.9969972795124765,0.7405145853389632,24,24,24.0,48.0,500,0.2832266166107569,-2.9995118294178482e-05,16.847921639982758,2.64740225591337,0.9781152403715853,,,
R2,Seasonal,0.8114562278739474,0.998375850423533,0.860263823506907,24,24,24.0,48.0,500,0.0,0.0,24.581743079082127,4.4104750342137775,1.071483566015464,,,
R3,Stationary_WN,0.22594890199483308,0.3099591639345717,0.18816159821640044,None,6,,,500,0.0,0.0,0.0,0.0,9.506917505764516,,,
R4,Trending_ExponentialGrowth,0.992806382856833,0.3779150101822788,0.2954592928642795,None,24,,,500,,,0.0,0.0,0.9313365447634899,,,
R1,Composite,0.9996876550176816,0.984332609090558,0.8943433403460492,12,12,12.0,24.0,500,0.3667756621070596,1.8195845397303558e-05,10.495395576288576,7.726745744353708,1.3400538433147091,,,
R2,Seasonal,0.9478225990817007,0.9963936115537063,0.9432997938760849,12,12,12.0,24.0,500,0.0,0.0,18.12645244342916,8.787909915693877,1.2074135152118854,,,
R3,Stationary_AR,0.16820669489466122,0.4149022416233551,0.44266310042828494,None,29,,,500,0.0,0.0,0.0,0.0,5.0,0.5428806217155171,,
R4,Trending_ExponentialGrowth,0.9994255025050739,0.40001392638314137,0.3921705248771493,None,24,,,500,,,0.0,0.0,1.2723315441504623,,,
R1,Composite,0.9995935761693185,0.9811474557290927,0.8094006816027519,48,50,48.0,96.0,500,-0.3069974332525811,1.7838045854876693e-05,9.088714074869564,3.7973695051825223,1.3410038334595806,,,
R2,Seasonal,0.9741592474025256,0.9974026710976376,0.9791695043824273,48,50,48.0,96.0,500,0.0,0.0,16.98631403660043,10.279722292987012,0.815906421683683,,,
R3,Stationary_WN,0.4077346600111472,0.2917759763250304,0.2891696362169486,None,3,,,500,0.0,0.0,0.0,0.0,10.606758197624789,,,
R4,Trending_ExponentialGrowth,0.9989830836919514,0.3931197861020237,0.32745083841034905,None,24,,,500,,,0.0,0.0,0.6828896856482243,,,
R1,Composite,0.9996564856330661,0.9926338081100399,0.7272836541149028,48,50,48.0,96.0,500,0.3720934049859602,4.399401619468846e-05,18.29764815766332,2.193328377621598,1.3772298370524199,,,
R2,Seasonal,0.03046541813567949,0.9897313539344259,0.6394665056718614,48,100,48.0,96.0,500,0.0,0.0,10.504353974909069,10.540494683885331,1.4966509301856519,,,
R3,Stationary_AR,0.46687010122954575,0.46077228206171883,0.5895838006606642,None,12,,,500,0.0,0.0,0.0,0.0,5.0,0.5467269434273234,,
R4,Trending_ExponentialGrowth,0.9804336864107794,0.32760262035942367,0.3215666526736297,None,24,,,500,,,0.0,0.0,1.1659719144361516,,,
R1,Composite,0.9999503568123839,0.9991116841731351,0.968660596757369,24,24,24.0,48.0,500,0.3600211717796499,4.176108837587534e-05,18.18252081776098,5.671517755230044,0.583567191219649,,,
R2,Seasonal,0.9693947182652798,0.9981295817792631,0.9763859598304032,24,24,24.0,48.0,500,0.0,0.0,19.349637302067016,10.206748079765593,0.9251151382037294,,,
R3,Stationary_WN,0.08469159862407627,0.4402907268544467,0.40850778832814705,None,25,,,500,0.0,0.0,0.0,0.0,5.8333671402011475,,,
R4,Trending_MeanShift,0.999925323144293,0.999702923348189,0.11134394974537454,None,250,,,500,,,0.0,0.0,0.7540733721054019,,250.0,
R1,Composite,0.9995964627584655,0.9984710152721286,0.946594888588967,36,36,36.0,72.0,500,0.2017324611810093,4.0540151201570587e-05,23.13472505911713,7.283011734501869,0.9470903987561303,,,
R2,Seasonal,0.9690857165738638,0.9980860115145719,0.9743475327316717,36,36,36.0,72.0,500,0.0,0.0,16.809024868609796,8.762034555129095,0.7720408106043929,,,
R3,Stationary_AR,0.414429862036375,0.4881478263048704,0.5111169072198691,None,24,,,500,0.0,0.0,0.0,0.0,5.0,0.676085347320712,,
R4,Trending_MeanShift,0.9999623356507403,0.9998493137004704,0.0,None,250,,,500,,,0.0,0.0,0.6997336476605145,,250.0,
R1,Composite,0.9994578100985584,0.9958999556109226,0.8321553519860632,48,50,48.0,96.0,500,0.2327668664796059,-1.3506026204386706e-05,17.590772680235318,2.4793696048099934,0.9411722461076122,,,
R2,Seasonal,0.8649774565431939,0.9970238745531795,0.9091348015078179,48,50,48.0,96.0,500,0.0,0.0,27.771036759490368,7.312773238690706,1.513540220705793,,,
R3,Stationary_AR,0.37724741465549205,0.4840376223152498,0.5225578828230246,None,17,,,500,0.0,0.0,0.0,0.0,5.0,0.5420804463317294,,
R4,Trending_ExponentialGrowth,0.9978331095160721,0.4080084409249056,0.35455629914073405,None,24,,,500,,,0.0,0.0,1.3540487743799758,,,
R1,Composite,0.9988794924443676,0.9974433713970023,0.9479555657510478,48,50,48.0,96.0,500,-0.14002937890083936,-3.1187452043747566e-05,21.23800136793497,7.13111379545003,1.2254112875988175,,,
R2,Seasonal,0.7434157314812748,0.9928593760181588,0.8536354357119804,48,50,48.0,96.0,500,0.0,0.0,13.755474382692592,4.14355507139049,1.2000679018185725,,,
R3,Stationary_AR,0.28357948857825044,0.4785275412153477,0.553539193151607,None,16,,,500,0.0,0.0,0.0,0.0,5.0,0.4372190010473899,,
R4,Trending_MeanShift,0.9998673787953022,0.9994748624639057,0.09560328767290882,None,250,,,500,,,0.0,0.0,1.3168124476084717,,250.0,
R1,Composite,0.9998638544924495,0.9912762294718984,0.8542843625153241,24,24,24.0,48.0,500,-0.3979153703450944,2.7212662470044218e-05,9.498631919100793,3.994212187247842,0.9947792329098987,,,
R2,Seasonal,0.9619448071581402,0.9972047122061986,0.9709486635071288,24,24,24.0,48.0,500,0.0,0.0,19.957632550556887,11.562334496844713,1.2554456563432992,,,
R3,Stationary_AR,0.14882602413781754,0.6059729783467198,0.6758241183418943,None,45,,,500,0.0,0.0,0.0,0.0,5.0,0.5916790858935947,,
R4,Trending_RandomWalkDrift,0.999606006633845,0.9839854927986981,0.9849873511764241,None,125,,,500,,,0.0,0.0,1.1294011329409672,,,0.39665208784261874
R1,Composite,0.9997447051061268,0.9988341339425453,0.8860124725605159,48,50,48.0,96.0,500,0.2294188416861221,2.4400620372415436e-05,23.942867778032422,2.5771399921767895,0.770945136813162,,,
R2,Seasonal,0.493029724649647,0.9942640998843267,0.7724746523140753,48,50,48.0,96.0,500,0.0,0.0,28.767688121535866,4.746037321428428,1.7906958146133576,,,
R3,Stationary_WN,0.17953259647922493,0.31017121015310234,0.3605141745045922,None,9,,,500,0.0,0.0,0.0,0.0,5.4214183760417525,,,
R4,Trending_RandomWalkDrift,0.8432011530410863,0.0,0.0,None,167,,,500,,,0.0,0.0,1.3756894393867518,,,-0.3235029870739403
R1,Composite,0.999778560723673,0.9983274185139029,0.8983157328398701,12,12,12.0,24.0,500,-0.3126480019884764,-3.512495273147812e-05,24.52213447985507,5.842837511459205,0.995989131546323,,,
R2,Seasonal,0.8745352609566277,0.9948717516842254,0.874482649265347,12,12,12.0,24.0,500,0.0,0.0,19.06261171674509,7.0439137500564675,1.4493265812593041,,,
R3,Stationary_WN,0.42669139772275566,0.18971609516098253,0.3553275584883381,None,3,,,500,0.0,0.0,0.0,0.0,10.190437901519944,,,
R4,Trending_ExponentialGrowth,0.9981263808693931,0.3626815534278701,0.33701150565964944,None,24,,,500,,,0.0,0.0,1.3009196401269552,,,
R1,Composite,0.9998829717835132,0.9994442575431173,0.9640353038265969,12,12,12.0,24.0,500,-0.223145734957936,3.2001358956054965e-05,19.551915697866193,4.731081068146087,0.5112588157362548,,,
R2,Seasonal,0.9520010945840099,0.9983352412865686,0.9490508367192106,12,12,12.0,24.0,500,0.0,0.0,28.958202568425115,10.141497284601751,1.3173898729952778,,,
R3,Stationary_WN,0.014119597286110563,0.40377774939137545,0.30797150173086785,None,62,,,500,0.0,0.0,0.0,0.0,10.695466962856901,,,
R4,Trending_RandomWalkDrift,0.9995992989566197,0.6311097782713342,0.8576753131894876,None,24,,,500,,,0.0,0.0,1.0870387213000714,,,0.40364458232306144
R1,Composite,0.9999121322200429,0.9985613949285823,0.9598792303625193,48,50,48.0,96.0,500,-0.3009230313705523,-2.5542487923590217e-05,16.11849282710863,4.753273214565902,0.6256950628082838,,,
R2,Seasonal,0.8587632830990347,0.9933912586016901,0.9031754654411663,48,50,48.0,96.0,500,0.0,0.0,22.347491936704817,9.026466374573328,1.9663241821631166,,,
R3,Stationary_AR,0.3956056311205465,0.3799916498343219,0.4450427647700742,None,11,,,500,0.0,0.0,0.0,0.0,5.0,0.5402174214030175,,
R4,Trending_MeanShift,0.9989877422388874,0.995459711575813,0.0,None,250,,,500,,,0.0,0.0,0.7274305592594952,,250.0,
R1,Composite,0.9996155651744537,0.9980271005117246,0.9637819278833849,24,24,24.0,48.0,500,0.17734021427036906,2.5535158934015883e-05,16.901786837295084,7.278826329540298,0.8155450985792004,,,
R2,Seasonal,0.9372148244235896,0.9935281228413061,0.9524741522242806,24,24,24.0,48.0,500,0.0,0.0,16.359030338017142,11.258390851604684,1.3910801809961733,,,
R3,Stationary_AR,0.26617849162725316,0.39157920677762925,0.4540206995978593,None,15,,,500,0.0,0.0,0.0,0.0,5.0,0.45856423867754587,,
R4,Trending_MeanShift,0.9945906686522744,0.9831767638374199,0.0,None,250,,,500,,,0.0,0.0,1.2884302106605565,,250.0,
R1,Composite,0.9998572257124809,0.9982865945838837,0.9476299132144528,24,24,24.0,48.0,500,-0.22168520655228371,3.4870016639721166e-05,11.90134640546066,3.9028503138223933,0.511415181284656,,,
R2,Seasonal,0.9730231293838298,0.9989428206098849,0.979006417029733,24,24,24.0,48.0,500,0.0,0.0,22.375928196549758,9.493642664934342,0.8012678550016106,,,
R3,Stationary_WN,0.531915221385379,0.13170545748691176,0.2025575378005825,None,2,,,500,0.0,0.0,0.0,0.0,10.49365936735039,,,
R4,Trending_MeanShift,0.9963462288572206,0.983339336319591,0.0,None,250,,,500,,,0.0,0.0,0.9113613496730284,,250.0,
R1,Composite,0.9957565989859835,0.9969712882187671,0.8157759817332252,24,24,24.0,48.0,500,-0.10851339786747961,3.066933182008116e-05,22.290699683013504,4.627753182385361,1.1674808325613117,,,
R2,Seasonal,0.9566370874596875,0.9982020229779698,0.9660644783093504,24,24,24.0,48.0,500,0.0,0.0,26.981615088103858,11.536071888649403,1.2090457080651786,,,
R3,Stationary_WN,0.491485678029452,0.11383953452990525,0.308083311038571,None,2,,,500,0.0,0.0,0.0,0.0,13.169684262065038,,,
R4,Trending_ExponentialGrowth,0.9967052795182376,0.42090619885205394,0.39891873779972653,None,24,,,500,,,0.0,0.0,0.5106158042123107,,,
R1,Composite,0.9993540267307339,0.9953627351475031,0.8664556470404302,48,50,48.0,96.0,500,-0.1333232697879767,-2.672035107944077e-05,11.401067184666905,2.7949019429225586,0.7776417789193094,,,
R2,Seasonal,0.951779556685372,0.9987697133684095,0.9665024076248288,48,50,48.0,96.0,500,0.0,0.0,22.94475178450156,7.015722735777837,0.7669298667059381,,,
R3,Stationary_WN,0.4789409343537824,0.1800472709320795,0.2526206671615756,None,2,,,500,0.0,0.0,0.0,0.0,6.956380863203186,,,
R4,Trending_MeanShift,0.9840240469921127,0.9563333557806093,0.0,None,250,,,500,,,0.0,0.0,0.5032114792823401,,250.0,
R1,Composite,0.999703816357835,0.9990200499373444,0.8476322038102071,24,24,24.0,48.0,500,-0.1866341626132914,-1.9676203824358724e-05,21.845586967231725,2.916210435590251,0.7560259927371539,,,
R2,Seasonal,0.7835569512739818,0.9920332337041218,0.8598481447333424,24,24,24.0,48.0,500,0.0,0.0,19.086546335415978,7.3759765736404885,1.7095614292851242,,,
R3,Stationary_WN,0.462406780291709,0.09694171085299608,0.21567090796231414,None,2,,,500,0.0,0.0,0.0,0.0,13.245575450743518,,,
R4,Trending_ExponentialGrowth,0.9975296069363074,0.39752797840313414,0.37055545097156983,None,24,,,500,,,0.0,0.0,0.7082398677759625,,,
R1,Composite,0.9995814422108642,0.9968717604289972,0.8365513104162584,12,12,12.0,24.0,500,0.27796698760681215,1.015006361585621e-05,21.24912852038124,5.003875068312245,1.170602544309715,,,
R2,Seasonal,0.8484213314117817,0.9981701481980054,0.8537781092586977,12,12,12.0,24.0,500,0.0,0.0,26.317667101900827,5.183220845366885,1.2778721816346268,,,
R3,Stationary_AR,0.15782284070160302,0.4601795713922885,0.5419861782429003,None,26,,,500,0.0,0.0,0.0,0.0,5.0,0.4760504013631385,,
R4,Trending_ExponentialGrowth,0.9959312340324151,0.326432397920687,0.2793712846260281,None,24,,,500,,,0.0,0.0,1.4654779530810789,,,
R1,Composite,0.9998121369357725,0.9988122567573556,0.9365763471119793,24,24,24.0,48.0,500,0.28539271174800535,4.758529806452834e-05,24.92953647253934,6.186801757222417,0.9422657055479208,,,
R2,Seasonal,0.9660637846855843,0.9980319670328761,0.9738615913127903,24,24,24.0,48.0,500,0.0,0.0,13.3478824763368,6.867247026101811,0.6422076019134241,,,
R3,Stationary_WN,0.35553239586617624,0.1604458106012263,0.1857713117956452,None,3,,,500,0.0,0.0,0.0,0.0,8.756018744519828,,,
R4,Trending_RandomWalkDrift,0.9963380120321499,0.6848515025994825,0.8425719228405808,None,24,,,500,,,0.0,0.0,1.4296613215284846,,,-0.134831387352159
R1,Composite,0.9988855068135382,0.9766600246309033,0.5440625566433054,36,36,36.0,72.0,500,0.20706527949211753,3.856511348136292e-05,9.70958742435595,2.338045759534888,1.3751685267555651,,,
R2,Seasonal,0.6653616231548471,0.9896696132537097,0.7788102998483608,36,36,36.0,72.0,500,0.0,0.0,12.033897599369697,4.06649303832227,1.2985955070896231,,,
R3,Stationary_WN,0.4721097225664045,0.20994703755656108,0.25894649424344296,None,2,,,500,0.0,0.0,0.0,0.0,8.821100650094657,,,
R4,Trending_MeanShift,0.9999702353354818,0.9998814165003659,0.0,None,250,,,500,,,0.0,0.0,0.7446182826663651,,250.0,
R1,Composite,0.9994017247246552,0.9790027293748541,0.8572071441787157,48,50,48.0,96.0,500,0.21298097195850907,2.872374117003831e-05,8.025702956280941,4.76510742566022,1.177417735514795,,,
R2,Seasonal,0.9855212985611321,0.9983304133567005,0.9882854620715386,48,50,48.0,96.0,500,0.0,0.0,13.189190660271395,8.571063416043929,0.5472113600265551,,,
R3,Stationary_AR,0.19852652506823631,0.43129954582044716,0.5875865971096441,None,26,,,500,0.0,0.0,0.0,0.0,5.0,0.5454603442919097,,
R4,Trending_MeanShift,0.9782233259517622,0.8484996671367331,0.0,None,250,,,500,,,0.0,0.0,1.356980305797209,,250.0,
R1,Composite,0.9998893063586206,0.999254584871089,0.9454692291603367,24,24,24.0,48.0,500,0.289099837307688,-4.541672134058439e-05,20.779382489910326,4.379408696575779,0.5883793869448979,,,
R2,Seasonal,0.5422459521753027,0.975458936184116,0.7204451028481965,24,24,24.0,48.0,500,0.0,0.0,11.356760870755934,4.382529543794445,1.964253381046046,,,
R3,Stationary_AR,0.3838000563726006,0.714783760316151,0.7244125263766095,None,62,,,500,0.0,0.0,0.0,0.0,5.0,0.6524873499466752,,
R4,Trending_MeanShift,0.9998101046998168,0.9992252177987241,0.0,None,250,,,500,,,0.0,0.0,0.641072104316622,,250.0,
R1,Composite,0.9993429723546262,0.9894941350238069,0.8977898787053508,48,50,48.0,96.0,500,-0.251710769444201,2.8652362307411384e-05,12.23969212150217,5.918434576009227,1.2607286500216486,,,
R2,Seasonal,0.916869491380196,0.9870090930260073,0.9338786760856544,48,50,48.0,96.0,500,0.0,0.0,14.046358873987314,10.136663254717778,1.7168060241589878,,,
R3,Stationary_WN,0.39636283195037125,0.1960038829691666,0.38798635835809625,None,3,,,500,0.0,0.0,0.0,0.0,6.042408100415553,,,
R4,Trending_MeanShift,0.9998076153948718,0.999250073610325,0.0,None,250,,,500,,,0.0,0.0,1.1141878320182141,,250.0,
R1,Composite,0.9972027741214569,0.9861400516868802,0.7362791006067897,12,12,12.0,24.0,500,-0.14350155785141627,3.687291934107896e-05,11.537448261272056,4.3117611609095405,1.3005719257317125,,,
R2,Seasonal,0.9083435226272814,0.9930155880256964,0.9092840778780339,12,12,12.0,24.0,500,0.0,0.0,18.11714453283474,9.141274883357273,1.6577759258726348,,,
R3,Stationary_AR,0.11096000295359865,0.5882963989925728,0.65435905823921,None,62,,,500,0.0,0.0,0.0,0.0,5.0,0.6595882614373192,,
R4,Trending_ExponentialGrowth,0.9939413821171027,0.2343909423438455,0.27669101090581083,None,24,,,500,,,0.0,0.0,1.2991053795077356,,,
R1,Composite,0.9999439025188543,0.999495291982283,0.9794774319923176,48,50,48.0,96.0,500,-0.3440363203711234,-2.242722533793194e-05,24.619649141370417,5.976976048633954,0.558482156384218,,,
R2,Seasonal,0.9548762713433558,0.9961546107794913,0.9636057406288178,48,50,48.0,96.0,500,0.0,0.0,14.262262702177095,7.723280193584414,0.9601627771131145,,,
R3,Stationary_AR,0.25442454583481433,0.4370110376679577,0.5920061648385937,None,23,,,500,0.0,0.0,0.0,0.0,5.0,0.46581209570016,,
R4,Trending_MeanShift,0.999204643217562,0.996891488657967,0.0,None,250,,,500,,,0.0,0.0,0.9995334963188873,,250.0,
R1,Composite,0.9982348608633064,0.9977276970697223,0.928227229484114,12,12,12.0,24.0,500,-0.13485925569087126,2.1076565362330112e-05,22.860586017189107,7.751683417004331,1.112535718174611,,,
R2,Seasonal,0.9762591584343828,0.9990349563023795,0.9741190256029845,12,12,12.0,24.0,500,0.0,0.0,25.986284318201506,9.854017329115528,0.9091368504571302,,,
R3,Stationary_AR,0.13866406211051552,0.6625261664959687,0.693696701678105,None,83,,,500,0.0,0.0,0.0,0.0,5.0,0.6195492953895494,,
R4,Trending_MeanShift,0.9946224522776624,0.9835134381793764,0.0,None,250,,,500,,,0.0,0.0,1.0226810249931844,,250.0,
R1,Composite,0.9974842901634492,0.9911779248815701,0.9201395913072132,24,24,24.0,48.0,500,0.13353285725839786,-4.049274100732189e-05,12.127248201410223,7.264689354125512,1.2815400197880928,,,
R2,Seasonal,0.8924800952584668,0.9943987274421142,0.920858947538799,24,24,24.0,48.0,500,0.0,0.0,12.993342853387366,6.057656460857315,1.054338824827442,,,
R3,Stationary_AR,0.23422404075867898,0.48097750559798247,0.5875761567033444,None,26,,,500,0.0,0.0,0.0,0.0,5.0,0.5494287602013282,,
R4,Trending_RandomWalkDrift,0.9824659823674816,0.395696211296936,0.0,None,167,,,500,,,0.0,0.0,0.8261137877060863,,,0.40578949043594637
R1,Composite,0.9996911670556428,0.993024381118932,0.850924834176886,48,50,48.0,96.0,500,0.3680647823931159,4.393338943953318e-05,17.44170222092945,4.9276932667705875,1.4539492533810412,,,
R2,Seasonal,0.6260687032950476,0.9834955869891608,0.7882837633061915,48,50,48.0,96.0,500,0.0,0.0,13.126568672076148,4.604189741635619,1.546940258872615,,,
R3,Stationary_AR,0.1041047299738952,0.6790203909200139,0.6961115778856057,None,71,,,500,0.0,0.0,0.0,0.0,5.0,0.6271799849945954,,
R4,Trending_MeanShift,0.9998500973709326,0.9993955381621409,0.0,None,250,,,500,,,0.0,0.0,1.0338514567794732,,250.0,
R1,Composite,0.9995735118324188,0.9984059911501852,0.9463563828747026,12,12,12.0,24.0,500,0.2000065975815342,2.4241472021745536e-05,22.349660425867402,7.48090040696783,0.9183402149680785,,,
R2,Seasonal,0.7979710580320344,0.9895268204400204,0.8130841638316435,12,12,12.0,24.0,500,0.0,0.0,14.70022137000931,6.053310271571863,1.494303961372249,,,
R3,Stationary_AR,0.1287309815851707,0.5349393041084463,0.5307751676624204,None,22,,,500,0.0,0.0,0.0,0.0,5.0,0.4483822989106522,,
R4,Trending_ExponentialGrowth,0.9991406578014433,0.297469138950585,0.33634976946940964,None,24,,,500,,,0.0,0.0,0.5450467272166251,,,
R1,Composite,0.9997902510799188,0.9988363877263027,0.9724459915626742,48,50,48.0,96.0,500,-0.2531886632763638,4.390195028362079e-05,20.261312912890602,6.753046122792831,0.6726822304576205,,,
R2,Seasonal,0.9749390956752811,0.9987014942221518,0.9807799950988335,48,50,48.0,96.0,500,0.0,0.0,14.550880894730307,6.274468378873504,0.5186760909224172,,,
R3,Stationary_WN,0.3842044211745196,0.23123121343174258,0.3122050025679167,None,3,,,500,0.0,0.0,0.0,0.0,6.0955209771613195,,,
R4,Trending_MeanShift,0.9998119598250287,0.9992617135827967,0.0,None,250,,,500,,,0.0,0.0,0.9710472820368716,,250.0,
R1,Composite,0.9993988998699209,0.9988284285307669,0.9380897526708836,12,12,12.0,24.0,500,0.1632469497797849,-2.5456445316120576e-05,21.898592755164,5.7522088286147675,0.8034283080305706,,,
R2,Seasonal,0.9677457321399245,0.9987905455817382,0.9659011558356224,12,12,12.0,24.0,500,0.0,0.0,29.388787472268206,11.039882453716707,1.0276445077076648,,,
R3,Stationary_WN,0.5277917100301031,0.16627072866494186,0.2507316095870811,None,2,,,500,0.0,0.0,0.0,0.0,11.041074378267224,,,
R4,Trending_MeanShift,0.9999719010032686,0.9998873078878061,0.0,None,250,,,500,,,0.0,0.0,0.8941132986995807,,250.0,
R1,Composite,0.9999293271386833,0.9958696754702692,0.9696651292171203,36,36,36.0,72.0,500,0.35894733062488327,2.5162140892699638e-05,9.905895933876955,6.860758400235243,0.6179486978459129,,,
R2,Seasonal,0.9720345562468801,0.999244925962024,0.9769320401462002,36,36,36.0,72.0,500,0.0,0.0,29.148963368055618,9.931713775447037,0.8238157757164823,,,
R3,Stationary_WN,0.37103496251361934,0.18277166725923233,0.29236402452772003,None,3,,,500,0.0,0.0,0.0,0.0,11.224979211307135,,,
R4,Trending_ExponentialGrowth,0.998911097111901,0.3224493734215561,0.36637640884044864,None,24,,,500,,,0.0,0.0,1.3836731817246881,,,
R1,Composite,0.9997060307133866,0.9957257961679044,0.892738526039148,36,36,36.0,72.0,500,0.3595179722146524,4.468328122645149e-05,20.4358980325094,6.884351375881316,1.4070141100965452,,,
R2,Seasonal,0.9569369383670719,0.9990694532594306,0.9662958584350534,36,36,36.0,72.0,500,0.0,0.0,22.871368701539016,7.0750890892567995,0.9046646985535244,,,
R3,Stationary_AR,0.41977594789712613,0.6054396712175774,0.7171655262722848,None,56,,,500,0.0,0.0,0.0,0.0,5.0,0.6368454916301095,,
R4,Trending_RandomWalkDrift,0.9614330773212272,0.2999034338711384,0.0,None,250,,,500,,,0.0,0.0,0.9815664289174075,,,0.40877560042547434
R1,Composite,0.9999566702119769,0.9992057988960004,0.9598115421495999,12,12,12.0,24.0,500,0.3610533705094985,4.445263526708797e-05,18.23419415180893,5.026146729763094,0.5614632473295675,,,
R2,Seasonal,0.9491356366285986,0.995920389255829,0.9463217881623823,12,12,12.0,24.0,500,0.0,0.0,20.75946172729102,11.243511578500003,1.5493986742774017,,,
R3,Stationary_AR,0.23136678330740656,0.37886691726206567,0.5814855239017338,None,16,,,500,0.0,0.0,0.0,0.0,5.0,0.5455398944928342,,
R4,Trending_RandomWalkDrift,0.9968020116370497,0.5636006570562054,0.811730504925275,None,24,,,500,,,0.0,0.0,1.3310875290315312,,,-0.22701885063218757
R1,Composite,0.9998855389326136,0.9985514870186957,0.9688325922000293,48,50,48.0,96.0,500,-0.2520183981132216,-2.3154397088575928e-05,15.356487976219341,5.331413838373592,0.6043987424385817,,,
R2,Seasonal,0.8127687008007011,0.996020029690869,0.9068870486268915,48,50,48.0,96.0,500,0.0,0.0,29.010253379521757,8.006885939677415,1.6439278207223027,,,
R3,Stationary_WN,0.45041480053012817,0.11915274371135076,0.25221660906981347,None,2,,,500,0.0,0.0,0.0,0.0,7.002556096518791,,,
R4,Trending_ExponentialGrowth,0.9942193498499624,0.3664560342726664,0.3887323588629531,None,24,,,500,,,0.0,0.0,0.9243755815839612,,,
R1,Composite,0.9991438185830285,0.9953082824362546,0.8482605354894618,12,12,12.0,24.0,500,0.13983132269786802,2.1525698331564526e-05,13.039364443344972,4.117002829649698,0.9241794324811412,,,
R2,Seasonal,0.9714524933291255,0.9993710749799687,0.9689687942915516,12,12,12.0,24.0,500,0.0,0.0,28.524996983523756,8.035483630692884,0.7066931083113652,,,
R3,Stationary_AR,0.5103662025112858,0.4948735566015753,0.6520001533101789,None,14,,,500,0.0,0.0,0.0,0.0,5.0,0.5699038655922849,,
R4,Trending_MeanShift,0.9995198477422775,0.9980613955395924,0.0,None,250,,,500,,,0.0,0.0,1.3410687979296383,,250.0,
R1,Composite,0.9997878868278341,0.9978687609523111,0.7905310797592926,12,12,12.0,24.0,500,-0.32946059739643274,-1.952912021879587e-05,21.78338653311414,3.57921576483566,1.0625775932885393,,,
R2,Seasonal,0.9793839097236264,0.9985957965263661,0.9773166082709588,12,12,12.0,24.0,500,0.0,0.0,15.501437056108138,7.669723354277918,0.6176990729794957,,,
R3,Stationary_WN,0.35091985126200365,0.3162940602846488,0.32087008720365695,None,4,,,500,0.0,0.0,0.0,0.0,7.040195755566971,,,
R4,Trending_RandomWalkDrift,0.9976066996110133,0.6218167323326085,0.8518004976039705,None,24,,,500,,,0.0,0.0,1.3531173388226847,,,-0.23890833301883718
R1,Composite,0.9996891194629649,0.9957870583264347,0.9353594842133172,24,24,24.0,48.0,500,-0.2218501340394152,-2.788674236094607e-05,12.712941476877822,5.958832424357735,0.8782997111006373,,,
R2,Seasonal,0.8837251077430143,0.9855922097309425,0.9158045067360505,24,24,24.0,48.0,500,0.0,0.0,14.027369060103045,10.226864050866276,1.7985650816752006,,,
R3,Stationary_WN,0.5208201409940156,0.17113126217875307,0.24479120972922153,None,2,,,500,0.0,0.0,0.0,0.0,7.941862482883007,,,
R4,Trending_MeanShift,0.9995835891644034,0.9983178079879221,0.0,None,250,,,500,,,0.0,0.0,1.0355024010404588,,250.0,
R1,Composite,0.9997687272672469,0.9977685275608997,0.9282079179217596,24,24,24.0,48.0,500,-0.2135624609400046,-2.0391921409149115e-05,14.524561500983122,4.523272725949086,0.7129787239544871,,,
R2,Seasonal,0.9820625684930695,0.996818390044211,0.9860808875422221,24,24,24.0,48.0,500,0.0,0.0,10.490218661695081,9.701161929216118,0.644046931884422,,,
R3,Stationary_AR,0.4362276254447355,0.4040399713106697,0.4859485500304219,None,8,,,500,0.0,0.0,0.0,0.0,5.0,0.44883918981099724,,
R4,Trending_MeanShift,0.9998973339958309,0.9995845584014967,0.0,None,250,,,500,,,0.0,0.0,1.2439921637141294,,250.0,
R1,Composite,0.9998514040944219,0.9942989137762342,0.9573096122789646,24,24,24.0,48.0,500,-0.32821674393741807,2.3608126645592473e-05,10.009004637677206,6.900161364422951,0.8346585433068581,,,
R2,Seasonal,0.8714055634396286,0.9969206573841362,0.903179851149607,24,24,24.0,48.0,500,0.0,0.0,25.17147558810578,7.7875778307166375,1.4384945029784932,,,
R3,Stationary_AR,0.045382542855908925,0.7605673271248099,0.5159120439845979,None,167,,,500,0.0,0.0,0.0,0.0,5.0,0.5060021277390507,,
R4,Trending_ExponentialGrowth,0.9947826299001652,0.3490312831048703,0.41685960004326683,None,24,,,500,,,0.0,0.0,1.1393310024566476,,,
R1,Composite,0.9981583386881959,0.9974265355084655,0.863599125083979,12,12,12.0,24.0,500,0.1491415952224931,-4.2332477987134526e-05,21.94622310645667,5.344037599565765,1.2023411368924533,,,
R2,Seasonal,0.9299212672901671,0.9955708099224256,0.925976590985218,12,12,12.0,24.0,500,0.0,0.0,24.457593131947196,11.324714950116146,1.6964041304495214,,,
R3,Stationary_AR,0.1818764442629115,0.4370664111805853,0.564525684045602,None,16,,,500,0.0,0.0,0.0,0.0,5.0,0.40699288738436673,,
R4,Trending_MeanShift,0.9997642015694119,0.9990680127746965,0.0,None,250,,,500,,,0.0,0.0,1.1635139705846091,,250.0,
R1,Composite,0.999626393178565,0.9924302356885139,0.746305602300944,48,50,48.0,96.0,500,-0.3740931105482498,1.790644026114618e-05,17.16341439654225,2.5335756404506498,1.2027990849020138,,,
R2,Seasonal,0.773925777150748,0.9920274854510335,0.8621735031868836,48,50,48.0,96.0,500,0.0,0.0,16.39490034791906,5.5334281659469475,1.3915279079339342,,,
R3,Stationary_AR,0.27607176660713695,0.454088896937219,0.563778829416028,None,16,,,500,0.0,0.0,0.0,0.0,5.0,0.5048767505380988,,
R4,Trending_RandomWalkDrift,0.5158655311117715,0.0,0.0,None,167,,,500,,,0.0,0.0,1.3929203417179536,,,-0.17593942711331523
R1,Composite,0.9998238481275781,0.9940444703615077,0.7498743362309888,48,50,48.0,96.0,500,-0.39249938460810396,-3.139715818090416e-05,14.751995429242594,2.336594904082459,1.0113956830478497,,,
R2,Seasonal,0.4490803490214743,0.9945924132726996,0.7730885881325856,48,50,48.0,96.0,500,0.0,0.0,25.006379387750275,4.12622070604928,1.7630541188506574,,,
R3,Stationary_WN,0.03928890600207424,0.2711496946319999,0.23648473148070182,None,45,,,500,0.0,0.0,0.0,0.0,10.696629372120924,,,
R4,Trending_ExponentialGrowth,0.9995210567970845,0.35397470251698393,0.3645465893397536,None,24,,,500,,,0.0,0.0,0.5051667896542962,,,
R1,Composite,0.9997154689344396,0.9897669153127894,0.9264994307446174,48,50,48.0,96.0,500,-0.2843488747749434,4.01861845133947e-05,9.04351634151513,5.415773690314618,0.9771248862257652,,,
R2,Seasonal,0.9667418085321204,0.997060332492349,0.9741400275591656,48,50,48.0,96.0,500,0.0,0.0,20.109060372846713,11.263383287978861,1.1530820130139436,,,
R3,Stationary_AR,0.3181825535121261,0.5720347568546373,0.6737590867648193,None,38,,,500,0.0,0.0,0.0,0.0,5.0,0.6815324734092617,,
R4,Trending_RandomWalkDrift,0.9996628686759718,0.7382603168877373,0.860549225882474,None,24,,,500,,,0.0,0.0,0.5736500545395425,,,0.3250220121145011
R1,Composite,0.9995337131009983,0.9853275661488098,0.715956493381456,48,50,48.0,96.0,500,-0.36536655417102903,4.760641112302143e-05,12.943936473947115,3.126386146901858,1.3129385412864172,,,
R2,Seasonal,0.9789103728163219,0.9993434398946224,0.9853036492346987,48,50,48.0,96.0,500,0.0,0.0,28.326400118346896,9.718462339665642,0.7814710559138768,,,
R3,Stationary_WN,0.3821016423718563,0.1934458382143346,0.2516813210939798,None,4,,,500,0.0,0.0,0.0,0.0,10.027986464882705,,,
R4,Trending_MeanShift,0.9996194517432822,0.9984329532463132,0.0,None,250,,,500,,,0.0,0.0,1.2983266606920165,,250.0,
R1,Composite,0.9993118406975742,0.993052776295254,0.7240314580528671,48,100,48.0,96.0,500,-0.17824325388725532,-2.926942991482473e-05,9.595744150246002,7.7217403977527805,0.9087239787926346,,,
R2,Seasonal,0.8381309181052146,0.9962278236047384,0.9047159076614862,48,50,48.0,96.0,500,0.0,0.0,20.50162489307315,5.8686031316711125,1.3558192374988467,,,
R3,Stationary_WN,0.2645900142005897,0.33001372098126636,0.275811384779336,None,6,,,500,0.0,0.0,0.0,0.0,12.506281188111467,,,
R4,Trending_RandomWalkDrift,0.9974752495902444,0.9691460242970776,0.0,None,250,,,500,,,0.0,0.0,1.3489842232613292,,,0.3841668160224213
R1,Composite,0.9993403096533913,0.9853259254694003,0.8905869629030144,12,12,12.0,24.0,500,-0.21282720881987788,-1.301919766247564e-05,9.45946813656667,6.274269713718942,1.26680025356869,,,
R2,Seasonal,0.7361713599185131,0.9938721843139869,0.7555596296993027,12,12,12.0,24.0,500,0.0,0.0,16.848721446893684,4.133886888471035,1.288201994976422,,,
R3,Stationary_WN,0.4746243638542348,0.2237786400074152,0.2781730302902168,None,2,,,500,0.0,0.0,0.0,0.0,11.249127760666918,,,
R4,Trending_MeanShift,0.9999813365510437,0.9999252421169024,0.0,None,250,,,500,,,0.0,0.0,0.5075722503850824,,250.0,
R1,Composite,0.9998136715123025,0.9981706917001646,0.864453102223804,24,24,24.0,48.0,500,-0.3194543921330093,1.1956512778323214e-05,20.235493549122562,3.817482848640064,0.9213521867727419,,,
R2,Seasonal,0.798773557956041,0.9842589425116585,0.8491496702274847,24,24,24.0,48.0,500,0.0,0.0,13.384375790035572,7.189356473790412,1.7099296699031277,,,
R3,Stationary_WN,0.10848905508609408,0.4418229780420604,0.3997971098688694,None,14,,,500,0.0,0.0,0.0,0.0,6.018069197750398,,,
R4,Trending_ExponentialGrowth,0.994470363304057,0.49917540668803295,0.40012579541772697,None,24,,,500,,,0.0,0.0,0.7848592521756117,,,
R1,Composite,0.9986078990917012,0.9941452759109844,0.8150763321010038,24,24,24.0,48.0,500,0.1637833537819343,2.179589374690483e-05,17.229682045044576,4.97316912575127,1.4321007081285264,,,
R2,Seasonal,0.8899680108421599,0.9966633375702132,0.9186069833339253,24,24,24.0,48.0,500,0.0,0.0,16.932019051403262,6.086164460092392,1.2223671596627004,,,
R3,Stationary_WN,0.16416275289447124,0.30671509091563054,0.4073967377559561,None,12,,,500,0.0,0.0,0.0,0.0,10.63255543187692,,,
R4,Trending_ExponentialGrowth,0.9947571846649965,0.374434049537952,0.3597382751232776,None,24,,,500,,,0.0,0.0,0.6638752615844233,,,
R1,Composite,0.9993166919169085,0.9985406847533204,0.9229015050441617,24,24,24.0,48.0,500,0.18124187343927523,-2.714988136459e-05,23.304461367596236,5.590703095722066,1.0597909099004648,,,
R2,Seasonal,0.8927477701586923,0.9948302823120322,0.9172269862297983,24,24,24.0,48.0,500,0.0,0.0,23.032819993832092,10.135472812953253,1.7982767790173422,,,
R3,Stationary_WN,0.20010507348444484,0.27598587737719404,0.2843268764403971,None,6,,,500,0.0,0.0,0.0,0.0,9.388022968534013,,,
R4,Trending_ExponentialGrowth,0.9928120323499432,0.41555522701207637,0.3356647611928134,None,24,,,500,,,0.0,0.0,0.7120121387651367,,,
R1,Composite,0.9999221707235861,0.9992340687030468,0.9342976170363169,36,36,36.0,72.0,500,0.3653950602860532,1.1269254894139499e-05,24.040068481036016,4.700539922905699,0.7483109426556118,,,
R2,Seasonal,0.8779386187204324,0.9912003766780434,0.9057386980290001,36,36,36.0,72.0,500,0.0,0.0,15.720229404682373,8.76341503358354,1.7302519807105285,,,
R3,Stationary_AR,0.3561580910763513,0.4140627648260893,0.6078042947068051,None,21,,,500,0.0,0.0,0.0,0.0,5.0,0.5649549303897243,,
R4,Trending_ExponentialGrowth,0.9996119838812513,0.46866015371788705,0.3783128646328954,None,24,,,500,,,0.0,0.0,1.1231924886310365,,,
R1,Composite,0.999718129425034,0.9949367275296424,0.8644890657159126,24,24,24.0,48.0,500,-0.37286395025894736,-4.970207738953618e-05,18.71710836362789,6.19451920647409,1.411343494641546,,,
R2,Seasonal,0.9473183305559373,0.9950111963516705,0.9592454986639811,24,24,24.0,48.0,500,0.0,0.0,10.154181935045223,6.649020449525444,0.7656002985090833,,,
R3,Stationary_WN,0.3232778053804113,0.15350867440567417,0.351286985254435,None,4,,,500,0.0,0.0,0.0,0.0,13.697433976539305,,,
R4,Trending_MeanShift,0.9992695482548739,0.9970963265153518,0.0,None,250,,,500,,,0.0,0.0,0.8773588769743559,,250.0,
R1,Composite,0.9993030685737583,0.9990926680405683,0.9219298915073342,36,36,36.0,72.0,500,0.14286559509270416,-2.8056996473082526e-05,23.06624140052771,4.357237173873344,0.7664215746271047,,,
R2,Seasonal,0.5242738941240147,0.9915573266870275,0.7081803976299477,36,36,36.0,72.0,500,0.0,0.0,19.333413130378936,4.450338894126475,1.9411719281250917,,,
R3,Stationary_WN,0.19179290432278484,0.36882098089069437,0.3087266825448046,None,8,,,500,0.0,0.0,0.0,0.0,10.952251167681247,,,
R4,Trending_MeanShift,0.9999337579831508,0.9997368330571134,0.0,None,250,,,500,,,0.0,0.0,0.7236416149984591,,250.0,
R1,Composite,0.9998378144860165,0.9972215494938116,0.9633458394902692,36,36,36.0,72.0,500,0.26542090942417107,-4.0126465742686485e-05,12.099810652943006,6.117968085069851,0.7040324838066329,,,
R2,Seasonal,0.7096734720254076,0.9947424491868471,0.8159348643345812,36,36,36.0,72.0,500,0.0,0.0,18.365530934353544,4.695360065597281,1.6324913156456193,,,
R3,Stationary_WN,0.16691885434966192,0.32048245027726374,0.3593641561437646,None,9,,,500,0.0,0.0,0.0,0.0,12.277676521789768,,,
R4,Trending_MeanShift,0.9996776340574856,0.998716808653057,0.0,None,250,,,500,,,0.0,0.0,1.152310783932014,,250.0,
R1,Composite,0.9994169841465632,0.9987687576274072,0.9702716513218822,36,36,36.0,72.0,500,-0.1349699991770462,1.6087106088536004e-05,18.16242785484991,6.838546844583,0.6540315241203818,,,
R2,Seasonal,0.898167285513304,0.9964934990870206,0.92221373070465,36,36,36.0,72.0,500,0.0,0.0,17.871740064471243,6.783451953522273,1.1445094400094866,,,
R3,Stationary_WN,0.4678996958693281,0.08983671501124524,0.2007099468117408,None,2,,,500,0.0,0.0,0.0,0.0,14.755328579921953,,,
R4,Trending_RandomWalkDrift,0.9962486443578028,0.6311642787904457,0.8801388557033967,None,24,,,500,,,0.0,0.0,1.2765181143260467,,,-0.1140225885758591
R1,Composite,0.999615493951656,0.9988430496529273,0.9445377326957446,36,36,36.0,72.0,500,0.19316991743769582,-1.9665374889646333e-05,21.50423778894093,5.65964425047029,0.8041162011110555,,,
R2,Seasonal,0.8044792285571778,0.9951235504619804,0.8573809337800006,36,36,36.0,72.0,500,0.0,0.0,26.369691935915746,8.201120908683695,1.824127854165988,,,
R3,Stationary_AR,0.08269867737927439,0.6261898349495738,0.5958517314258345,None,100,,,500,0.0,0.0,0.0,0.0,5.0,0.5131485678613147,,
R4,Trending_ExponentialGrowth,0.9981417813189191,0.3417882131226071,0.35644329908383143,None,24,,,500,,,0.0,0.0,1.4395061904868989,,,
R1,Composite,0.9995091660851327,0.9948271828735303,0.6897961236612093,24,24,24.0,48.0,500,0.2697512534622338,3.372526288701332e-05,17.763545610677294,2.7945372943782094,1.1876508727350101,,,
R2,Seasonal,0.9798207498023127,0.9986959475906297,0.98425342833136,24,24,24.0,48.0,500,0.0,0.0,15.249831873851305,8.343787745253934,0.6447301120916972,,,
R3,Stationary_AR,0.306953276992565,0.5784982653637678,0.7241120696593479,None,19,,,500,0.0,0.0,0.0,0.0,5.0,0.599089355186819,,
R4,Trending_RandomWalkDrift,0.9997328882903141,0.6469889072716388,0.9035190539136332,None,24,,,500,,,0.0,0.0,0.5654040252885588,,,-0.3887735411378367
R1,Composite,0.9969572213001291,0.997650615055842,0.9168974871434179,12,12,12.0,24.0,500,-0.10431298779442937,2.27282164966226e-05,22.189928052118255,6.927825206362212,1.2153960915298292,,,
R2,Seasonal,0.8828304862839839,0.9957045936865094,0.8836819016254729,12,12,12.0,24.0,500,0.0,0.0,27.539093145879356,9.680323965743638,1.9631352907595054,,,
R3,Stationary_WN,0.41258247438299156,0.13386814733382701,0.3534053304500828,None,3,,,500,0.0,0.0,0.0,0.0,13.130092388253216,,,
R4,Trending_MeanShift,0.9998694649627501,0.9994811841767155,0.0,None,250,,,500,,,0.0,0.0,1.2365540260210641,,250.0,
R1,Composite,0.9996939628068875,0.9983440633118497,0.9446069487231484,12,12,12.0,24.0,500,0.19690856842994425,-2.9045084861619844e-05,15.877854170328002,5.361920811654542,0.6954732504302079,,,
R2,Seasonal,0.8997931182954655,0.990411023790293,0.9013418162382177,12,12,12.0,24.0,500,0.0,0.0,14.974396446165832,8.697468227139023,1.5108361871955285,,,
R3,Stationary_AR,0.12550787018980103,0.4617565848273625,0.538157512442948,None,28,,,500,0.0,0.0,0.0,0.0,5.0,0.5109870526122995,,
R4,Trending_MeanShift,0.9999906992190973,0.9999626990191399,0.05238544997881722,None,250,,,500,,,0.0,0.0,0.5412376500749854,,250.0,
R1,Composite,0.9966026016548948,0.9889132957732187,0.8947784702265179,36,36,36.0,72.0,500,0.11944003305207085,-2.2018320433510114e-05,12.142460028241665,6.640676959118843,1.3116443885701639,,,
R2,Seasonal,0.8342795872438961,0.9747224928442053,0.875462979855214,36,36,36.0,72.0,500,0.0,0.0,10.817681630262017,8.426558403238813,1.9298687856791188,,,
R3,Stationary_AR,0.5239017608880561,0.5415111576936338,0.6311652249831243,None,12,,,500,0.0,0.0,0.0,0.0,5.0,0.6351646343068963,,
R4,Trending_ExponentialGrowth,0.9961876020865429,0.3705366147253092,0.3467446689416511,None,24,,,500,,,0.0,0.0,0.8602792002118732,,,
R1,Composite,0.9999011827147023,0.9957491696757579,0.9106461492733584,24,24,24.0,48.0,500,0.3609944505208068,4.660088194935112e-05,11.78950582939986,4.452285322732279,0.9467719616164589,,,
R2,Seasonal,0.9646879405625235,0.9963276545128372,0.9729504185511092,24,24,24.0,48.0,500,0.0,0.0,16.91052320189776,11.856514824115571,1.1922094018652638,,,
R3,Stationary_WN,0.17155771113878548,0.3849924960424105,0.3518621900305514,None,11,,,500,0.0,0.0,0.0,0.0,8.836039550682017,,,
R4,Trending_ExponentialGrowth,0.9994239298163771,0.3775396823919328,0.3658381466854711,None,24,,,500,,,0.0,0.0,1.0243318709220448,,,
R1,Composite,0.9993312061994665,0.9976845808348102,0.7850061927636025,12,12,12.0,24.0,500,-0.1480399488528069,-4.3716477548215456e-05,18.731879805298625,3.051447131804257,0.9956889169995254,,,
R2,Seasonal,0.9468281035639147,0.9949840755930514,0.945304236972883,12,12,12.0,24.0,500,0.0,0.0,13.24401334397524,7.846888693228461,0.9979498857255529,,,
R3,Stationary_WN,0.12387767062404953,0.36583856432330086,0.21627450332588727,None,13,,,500,0.0,0.0,0.0,0.0,7.272536707922362,,,
R4,Trending_MeanShift,0.9997561551932896,0.999022020504417,0.0,None,250,,,500,,,0.0,0.0,1.2670247614306462,,250.0,
R1,Composite,0.9979904245266669,0.992256778737677,0.9003337739409092,12,12,12.0,24.0,500,-0.11105998049045723,-4.011848217437322e-05,13.825110591027398,7.3258980536820495,1.3320391774916236,,,
R2,Seasonal,0.9427903833926263,0.9958083716248662,0.941134011391555,12,12,12.0,24.0,500,0.0,0.0,23.215746078193042,11.803557593316476,1.721605784177259,,,
R3,Stationary_AR,0.09852489276238707,0.5203500191181376,0.4959440128812531,None,62,,,500,0.0,0.0,0.0,0.0,5.0,0.43816333537813734,,
R4,Trending_ExponentialGrowth,0.9996881638427372,0.4699834718102286,0.370779933798974,None,24,,,500,,,0.0,0.0,0.7610212487596334,,,
R1,Composite,0.9997058742499063,0.993631588002638,0.9451065176865286,24,24,24.0,48.0,500,-0.19010190572616964,-4.304687316111441e-05,8.955269749822499,5.706152193635275,0.8253486667890556,,,
R2,Seasonal,0.9177001251274272,0.9980943624238221,0.9383521803347755,24,24,24.0,48.0,500,0.0,0.0,21.436528142788156,6.762557659524562,0.9706894451458764,,,
R3,Stationary_WN,0.205862383477998,0.40621120342058137,0.3287293515436893,None,12,,,500,0.0,0.0,0.0,0.0,10.812183915960768,,,
R4,Trending_RandomWalkDrift,0.9975391432124083,0.6888273427219505,0.8797654677167045,None,24,,,500,,,0.0,0.0,1.4387468795682228,,,-0.14253150911319806
R1,Composite,0.9979005798097423,0.9960700718607829,0.953043185076866,24,24,24.0,48.0,500,-0.12302843202215201,4.6476629572880435e-05,14.535171937966588,7.7798360583965405,1.0539858265348867,,,
R2,Seasonal,0.924958225051371,0.997744227161908,0.9410819928030514,24,24,24.0,48.0,500,0.0,0.0,14.93996993629294,5.408050177240802,0.7229405376957379,,,
R3,Stationary_AR,0.251950953938918,0.4028729869448098,0.4900206474403197,None,13,,,500,0.0,0.0,0.0,0.0,5.0,0.4169357132145433,,
R4,Trending_MeanShift,0.9999630101306896,0.9998513268004823,0.0,None,250,,,500,,,0.0,0.0,1.0516291704223701,,250.0,
R1,Composite,0.9998720279178838,0.9987035162006519,0.9661868370567039,36,36,36.0,72.0,500,0.280198071722939,2.0157550863638074e-05,18.491770209997355,6.736712335583952,0.7788050722579782,,,
R2,Seasonal,0.04509922430573099,0.9909760597680396,0.3450862944574079,36,71,36.0,72.0,500,0.0,0.0,10.757873231724613,10.772475092770168,1.478150111263971,,,
R3,Stationary_WN,0.525684894292602,0.1434577283862577,0.26455135627777515,None,2,,,500,0.0,0.0,0.0,0.0,7.42650102878379,,,
R4,Trending_MeanShift,0.9998267564918288,0.9993170606592611,0.0,None,250,,,500,,,0.0,0.0,1.3085205769362105,,250.0,
R1,Composite,0.9996950384020561,0.9969491636054397,0.955978994715153,12,12,12.0,24.0,500,0.2022262127399812,2.845363994783765e-05,13.785687711306869,7.056988625778107,0.8362180447530198,,,
R2,Seasonal,0.8007104943840595,0.9965553552540781,0.817428141436682,12,12,12.0,24.0,500,0.0,0.0,25.110751761545654,5.8407594343871105,1.450405340105871,,,
R3,Stationary_WN,0.2926870211421869,0.2246199304473121,0.21799176584744695,None,5,,,500,0.0,0.0,0.0,0.0,9.176495460702323,,,
R4,Trending_MeanShift,0.9998827915764416,0.9995340248055989,0.0,None,250,,,500,,,0.0,0.0,0.6125963728310804,,250.0,
R1,Composite,0.9991612412298805,0.9955297061439798,0.8310868350175902,48,50,48.0,96.0,500,0.23586123013422958,-1.3584155326945085e-05,21.42217920445213,3.2726641212806893,1.200049099597221,,,
R2,Seasonal,0.9566701893609351,0.9975782033986157,0.9657865055657758,48,50,48.0,96.0,500,0.0,0.0,27.502661408364183,11.95912778781231,1.3685755290189063,,,
R3,Stationary_WN,0.355274140385067,0.25983498745808464,0.32900170777976456,None,5,,,500,0.0,0.0,0.0,0.0,7.923832421901925,,,
R4,Trending_RandomWalkDrift,0.9997990180723967,0.7557640194476339,0.910977352869812,None,24,,,500,,,0.0,0.0,0.7815928760762856,,,-0.47894020817151306
R1,Composite,0.9999008248056916,0.9995904773894886,0.8944960988699907,24,24,24.0,48.0,500,0.25734760912206944,-2.0116570131659316e-05,24.757745066712847,2.6117396512721633,0.545291372113738,,,
R2,Seasonal,0.900040055926192,0.9976982833207663,0.9236530321583314,24,24,24.0,48.0,500,0.0,0.0,24.018125536580044,7.367528248305737,1.227683959344828,,,
R3,Stationary_WN,0.07495791035805355,0.3969953321463533,0.36708219567033795,None,21,,,500,0.0,0.0,0.0,0.0,9.909682905206228,,,
R4,Trending_MeanShift,0.9999852207649162,0.9999406844382736,0.0,None,250,,,500,,,0.0,0.0,0.6445626335698921,,250.0,
R1,Composite,0.9998850444229123,0.9986760902863417,0.9742627297052032,48,50,48.0,96.0,500,0.28769129790053466,-3.8548796521407084e-05,16.83607727950769,6.189283595510896,0.5799145490023511,,,
R2,Seasonal,0.8454244194114011,0.9964421089889328,0.8999741007297088,48,50,48.0,96.0,500,0.0,0.0,21.837657749112235,5.924289375089098,1.3590976990957053,,,
R3,Stationary_WN,0.4592641397934535,0.23205612645776774,0.29345774692185267,None,3,,,500,0.0,0.0,0.0,0.0,8.318552889176866,,,
R4,Trending_RandomWalkDrift,0.9951827566896002,0.5721546352527438,0.835168164485087,None,24,,,500,,,0.0,0.0,1.418959067214145,,,0.1740001319293059
R1,Composite,0.9995708728387638,0.9960844747822224,0.931506323877078,36,36,36.0,72.0,500,0.1963922953375815,2.4924632162483907e-05,13.982415500058337,6.1796303175797105,0.905937800057688,,,
R2,Seasonal,0.8916606654262074,0.9927001720204156,0.915174329299798,36,36,36.0,72.0,500,0.0,0.0,15.83803305355631,8.339944495313285,1.4454067034977132,,,
R3,Stationary_AR,0.16057456688616178,0.5000569017269167,0.60562176720427,None,26,,,500,0.0,0.0,0.0,0.0,5.0,0.4746197318411786,,
R4,Trending_ExponentialGrowth,0.989077457890937,0.33495001876667096,0.27090301734942424,None,24,,,500,,,0.0,0.0,1.4435117453459334,,,
R1,Composite,0.9995966862274912,0.9887583922797116,0.8872617338672327,12,12,12.0,24.0,500,-0.28893394042855775,-4.745619356361765e-05,12.041828421690482,6.692998774971857,1.375461006214987,,,
R2,Seasonal,0.900992036820631,0.9901233936009903,0.9040668067314231,12,12,12.0,24.0,500,0.0,0.0,15.89476767404124,9.617064437985618,1.727659409415937,,,
R3,Stationary_WN,0.42163091820542464,0.29840619324079953,0.2813472973459148,None,3,,,500,0.0,0.0,0.0,0.0,6.6108533320372995,,,
R4,Trending_RandomWalkDrift,0.9996466479354394,0.5717741866999759,0.8221085077138182,None,24,,,500,,,0.0,0.0,1.4606790822560005,,,-0.4671497547453116
R1,Composite,0.999884512531797,0.9988096524616715,0.9768623980222956,24,24,24.0,48.0,500,-0.314383908530131,3.606809484984459e-05,18.547970981037555,7.837908602970559,0.7348683540079738,,,
R2,Seasonal,0.976665958588634,0.9994520668712972,0.9817557120099925,24,24,24.0,48.0,500,0.0,0.0,23.21944540641571,7.5569263653836485,0.6047062025888625,,,
R3,Stationary_WN,0.18545181695367352,0.35784719690177835,0.3457128994421981,None,8,,,500,0.0,0.0,0.0,0.0,12.475480164492346,,,
R4,Trending_RandomWalkDrift,0.9991234685362347,0.6730948279975397,0.9093126141511829,None,24,,,500,,,0.0,0.0,0.8562096284231013,,,-0.33839989647621116
R1,Composite,0.9996266292458499,0.9862399860179958,0.742055969389315,48,50,48.0,96.0,500,-0.37688981020046985,-3.073322199853444e-05,13.622863076804643,3.0109532534008956,1.477712247029143,,,
R2,Seasonal,0.9383718573994383,0.9930615827402025,0.9499392587448299,48,50,48.0,96.0,500,0.0,0.0,10.116954448623721,6.252015172856241,0.8837372289076406,,,
R3,Stationary_WN,0.24407788132034303,0.3272678278369384,0.23829545422329412,None,7,,,500,0.0,0.0,0.0,0.0,12.61507462028803,,,
R4,Trending_MeanShift,0.9992173180330903,0.9969303990653509,0.0,None,250,,,500,,,0.0,0.0,1.4563684548693754,,250.0,
R1,Composite,0.9997238716721991,0.9954625851129663,0.9120835435727213,36,36,36.0,72.0,500,-0.2613669916956727,-2.7384031655212516e-05,13.92203317465604,5.724791823811814,0.9607070231120869,,,
R2,Seasonal,0.9179027883369824,0.9896830859894484,0.9368486356247546,36,36,36.0,72.0,500,0.0,0.0,11.827889805126851,8.673963916128624,1.3102080810086072,,,
R3,Stationary_AR,0.1533956137995225,0.6327564148171847,0.6535443782482792,None,26,,,500,0.0,0.0,0.0,0.0,5.0,0.5620009977438923,,
R4,Trending_ExponentialGrowth,0.9987365466573511,0.38432252131237565,0.3863136445883031,None,24,,,500,,,0.0,0.0,0.6262828146145035,,,
R1,Composite,0.9998258679703269,0.9971725970077526,0.8760331383330479,36,36,36.0,72.0,500,0.3655421382629006,2.6569505179418096e-05,18.978703573576755,4.931039742605108,1.0452265348068537,,,
R2,Seasonal,0.8148704831683853,0.996155452852793,0.8700739246613473,36,36,36.0,72.0,500,0.0,0.0,23.70481206223935,6.920388006353168,1.5326010638387857,,,
R3,Stationary_AR,0.3255150709860801,0.400168877447152,0.553569890102273,None,11,,,500,0.0,0.0,0.0,0.0,5.0,0.4717258212012489,,
R4,Trending_RandomWalkDrift,0.954487597625545,0.06671237868448898,0.0,None,250,,,500,,,0.0,0.0,1.174195896749922,,,0.3944160207513513
R1,Composite,0.9998436998410173,0.9984437033520667,0.9871214551627198,48,50,48.0,96.0,500,-0.20252702933923744,4.132167306956737e-05,11.867808067764086,6.982416717383325,0.5053702746883942,,,
R2,Seasonal,0.9703376005121351,0.9990980439755196,0.9789668570445121,48,50,48.0,96.0,500,0.0,0.0,22.419886164226295,7.5117650100591495,0.6225261836414411,,,
R3,Stationary_AR,0.016806996201000568,0.0,0.0,None,167,,,500,0.0,0.0,0.0,0.0,5.0,0.5608070460296467,,
R4,Trending_MeanShift,0.9999340055781769,0.9997364346985652,0.0,None,250,,,500,,,0.0,0.0,0.6365670697422656,,250.0,
R1,Composite,0.9998230807917531,0.9969426923900617,0.9612877415414018,12,12,12.0,24.0,500,-0.2582138239731636,3.6457959306710356e-05,11.753410770449708,6.4576669314213495,0.6640919374581762,,,
R2,Seasonal,0.7947455935234427,0.9976161527633831,0.8311516843667099,12,12,12.0,24.0,500,0.0,0.0,26.4988472399137,5.127309535915848,1.3466722062271956,,,
R3,Stationary_WN,0.5374017573702426,0.2149467779420009,0.20849877678494355,None,2,,,500,0.0,0.0,0.0,0.0,13.709793335879922,,,
R4,Trending_MeanShift,0.9992393939310773,0.9968280955601011,0.0,None,250,,,500,,,0.0,0.0,1.3623172489185897,,250.0,
R1,Composite,0.9998634667952916,0.9950697132589299,0.9015065270316713,12,12,12.0,24.0,500,0.3878316113595859,-3.487694645025916e-05,12.426602925338528,5.143228952478344,0.9665669532923256,,,
R2,Seasonal,0.8793106291873631,0.9977460424562627,0.8810630485281603,12,12,12.0,24.0,500,0.0,0.0,29.70034406210885,7.744592917414436,1.5394941050589517,,,
R3,Stationary_AR,0.15218726845362207,0.6135000716170436,0.5715866805340126,None,125,,,500,0.0,0.0,0.0,0.0,5.0,0.5782888723490692,,
R4,Trending_ExponentialGrowth,0.9885472556331214,0.37330712503185215,0.332346439247741,None,24,,,500,,,0.0,0.0,1.1833565951768468,,,
R1,Composite,0.9994110424004147,0.9935903464878115,0.743450774289949,48,50,48.0,96.0,500,0.29535540328289067,-3.994197176879193e-05,17.948123771943898,2.416771331973803,1.1576387080073305,,,
R2,Seasonal,0.04815701613712253,0.9954132414745746,0.7779062863423417,48,100,48.0,96.0,500,0.0,0.0,12.187288193833641,11.61610314290623,1.1795806926046601,,,
R3,Stationary_WN,0.13857178158599148,0.24125878063997075,0.27372984727573524,None,13,,,500,0.0,0.0,0.0,0.0,5.875472010931725,,,
R4,Trending_ExponentialGrowth,0.9813066352047723,0.37450860372115125,0.39015693646758753,None,24,,,500,,,0.0,0.0,1.0689029857645673,,,
R1,Composite,0.9996054479305917,0.997752518163284,0.8836859189152227,12,12,12.0,24.0,500,-0.2784903125651436,-1.7966689748531698e-05,24.501550958857408,6.184048548401622,1.3225204334503657,,,
R2,Seasonal,0.9600960022828003,0.9983199033684914,0.9569173022667609,12,12,12.0,24.0,500,0.0,0.0,17.774148736993293,6.79068288231715,0.7428481905050637,,,
R3,Stationary_AR,0.07104554056917867,0.6298399234728336,0.6154052020777127,None,71,,,500,0.0,0.0,0.0,0.0,5.0,0.600587381810446,,
R4,Trending_MeanShift,0.9997500389309973,0.999029072717778,0.0,None,250,,,500,,,0.0,0.0,0.5372969804087891,,250.0,
R1,Composite,0.999833719121916,0.9954897480694376,0.8521072748769798,24,24,24.0,48.0,500,-0.3861024463220579,-3.057698463421752e-05,15.497194190960732,4.494002557748318,1.1435911341059781,,,
R2,Seasonal,0.9881697693579636,0.9995642315425045,0.9905826183975933,24,24,24.0,48.0,500,0.0,0.0,27.245291431387262,11.160504336181624,0.6170661810511381,,,
R3,Stationary_WN,0.4695391549919885,0.28678078818824415,0.365487994978549,None,3,,,500,0.0,0.0,0.0,0.0,11.71425480429837,,,
R4,Trending_ExponentialGrowth,0.9992271397552787,0.34369924775908156,0.29872965096034043,None,24,,,500,,,0.0,0.0,1.083520602096023,,,
R1,Composite,0.9998030999374414,0.9967789752208798,0.8928148683201523,12,12,12.0,24.0,500,0.37717187266974117,1.0268434081242038e-05,19.09946860046626,6.051951339634216,1.1847586403769133,,,
R2,Seasonal,0.9336205090498979,0.9936348562627197,0.9309975224546528,12,12,12.0,24.0,500,0.0,0.0,14.128623072408896,8.374276521683104,1.1866227110983645,,,
R3,Stationary_WN,0.03546845435922996,0.34260789199683783,0.36459987603065314,None,56,,,500,0.0,0.0,0.0,0.0,6.933883510722534,,,
R4,Trending_ExponentialGrowth,0.9992454604572204,0.4265395969186577,0.36807733710402124,None,24,,,500,,,0.0,0.0,0.9521610201905611,,,
R1,Composite,0.9997100947720906,0.99893964955456,0.9510765874565561,12,12,12.0,24.0,500,-0.18413532777514646,3.629503701002449e-05,17.77227140721312,5.135001079118869,0.603910481725483,,,
R2,Seasonal,0.9474679843668277,0.9979196219314861,0.9446082161338235,12,12,12.0,24.0,500,0.0,0.0,29.92067428689532,11.180211572940944,1.3892959009960593,,,
R3,Stationary_AR,0.12882050951494706,0.498249407140148,0.5807149655930349,None,36,,,500,0.0,0.0,0.0,0.0,5.0,0.5866920953668107,,
R4,Trending_ExponentialGrowth,0.9962129898540223,0.4204817335059954,0.3336587892911088,None,24,,,500,,,0.0,0.0,0.6896353196488348,,,
R1,Composite,0.9996839088119814,0.9947733581044022,0.7400108794341247,36,36,36.0,72.0,500,0.3505767339380552,-4.237484477504561e-05,16.41185252438663,2.9318190950731093,1.2201677468174448,,,
R2,Seasonal,0.9142548367187441,0.9819344820348046,0.9317636358051116,36,36,36.0,72.0,500,0.0,0.0,11.536560000877733,11.081413202518057,1.8082393683943676,,,
R3,Stationary_AR,0.4071370349527962,0.3310339220362406,0.44557918152816,None,10,,,500,0.0,0.0,0.0,0.0,5.0,0.4288123321162666,,
R4,Trending_ExponentialGrowth,0.9990307346881012,0.36388821505646973,0.3735862401655847,None,24,,,500,,,0.0,0.0,0.6520738127192451,,,
R1,Composite,0.9997819451657037,0.9945465994447157,0.7329050573518234,48,100,48.0,96.0,500,0.25929505733662706,1.5531289527916572e-05,8.215772968882366,7.20617038052811,1.002884697388153,,,
R2,Seasonal,0.9748143469359858,0.9989690886702346,0.9821674041270588,48,50,48.0,96.0,500,0.0,0.0,23.69006270965351,9.25727708191123,0.7343844237859489,,,
R3,Stationary_AR,0.08475038950324609,0.43262650983795325,0.5362173069598339,None,33,,,500,0.0,0.0,0.0,0.0,5.0,0.5381658459550978,,
R4,Trending_RandomWalkDrift,0.9997947287397184,0.7839341994888753,0.8908893297665728,None,24,,,500,,,0.0,0.0,0.6119190410173239,,,0.34793361548211676
R1,Composite,0.9997635604510832,0.99639767124337,0.9290155370094729,12,12,12.0,24.0,500,0.36430869155098144,-1.998089667247161e-05,18.289206929924802,7.924373509277942,1.2745922130211231,,,
R2,Seasonal,0.8600014564953533,0.9965680559480791,0.8685250748834035,12,12,12.0,24.0,500,0.0,0.0,16.16428621309562,4.6359451488426755,1.0783885022382542,,,
R3,Stationary_WN,0.2823669074611983,0.3252661468070829,0.25959153702925875,None,5,,,500,0.0,0.0,0.0,0.0,6.552052725051399,,,
R4,Trending_RandomWalkDrift,0.99803496219276,0.8993936805863402,0.7811670507865027,None,250,,,500,,,0.0,0.0,1.2014720973916024,,,-0.26000966750518906
R1,Composite,0.9999463599941669,0.9994712800705834,0.9476128586806593,12,12,12.0,24.0,500,-0.32765908514391084,-4.309085477327338e-05,22.723856042852958,4.3842940301909925,0.5852524793841438,,,
R2,Seasonal,0.9422399790341867,0.9970474758848092,0.9403572746507329,12,12,12.0,24.0,500,0.0,0.0,19.778074737868078,8.534534441974243,1.2108050328852613,,,
R3,Stationary_WN,0.06587392886487975,0.37060738439564267,0.38936929379543606,None,28,,,500,0.0,0.0,0.0,0.0,13.002402804810275,,,
R4,Trending_RandomWalkDrift,0.34961715842205987,0.09971319737161732,0.0,None,167,,,500,,,0.0,0.0,1.1101431040059335,,,-0.16254614568441583
R1,Composite,0.9997873792041024,0.9984071016023529,0.9334453114407861,24,24,24.0,48.0,500,-0.28492763008238414,3.2433283934876004e-05,19.73767797975284,5.512066055400525,0.8275296179709519,,,
R2,Seasonal,0.47522395854511623,0.9888576370300677,0.6586556998882005,24,24,24.0,48.0,500,0.0,0.0,16.857156810193718,4.008906843603777,1.8491835034355424,,,
R3,Stationary_AR,0.2460047878370486,0.4236128485737317,0.44666019071836816,None,17,,,500,0.0,0.0,0.0,0.0,5.0,0.4549724620963841,,
R4,Trending_MeanShift,0.9998827193083274,0.9995255168061871,0.0,None,250,,,500,,,0.0,0.0,0.8508457623865379,,250.0,
R1,Composite,0.9996137647349254,0.9993018516452002,0.959443992715181,48,50,48.0,96.0,500,-0.14521383419784392,-1.4879993717874898e-05,23.691161958788992,4.085727234270125,0.6866828157843677,,,
R2,Seasonal,0.5753599666929072,0.996891132710364,0.8650422026109554,48,50,48.0,96.0,500,0.0,0.0,27.98178672820869,4.490838733074553,1.4060122461415112,,,
R3,Stationary_AR,0.0713740691640159,0.4749323754842715,0.5317032338285053,None,62,,,500,0.0,0.0,0.0,0.0,5.0,0.42652759950541347,,
R4,Trending_ExponentialGrowth,0.9979842931110511,0.36424053051260075,0.3071150634501537,None,24,,,500,,,0.0,0.0,0.6357420636525519,,,
R1,Composite,0.9996737836673679,0.9899214076525071,0.6417108455754115,24,24,24.0,48.0,500,0.30708276411694724,2.949592840774144e-05,11.713115762216221,2.3298997838416096,1.2022175899951235,,,
R2,Seasonal,0.9632526565790447,0.9982435999403783,0.971473270204927,24,24,24.0,48.0,500,0.0,0.0,22.40646750122734,10.398929683627966,1.0025905862879103,,,
R3,Stationary_AR,0.009841482031160087,0.20882387966101257,0.0,None,250,,,500,0.0,0.0,0.0,0.0,5.0,0.5029029595478864,,
R4,Trending_ExponentialGrowth,0.9982293307451882,0.3296583847442377,0.2078152665814591,None,24,,,500,,,0.0,0.0,0.8176885734269196,,,
R1,Composite,0.9997103824318886,0.9979217419617208,0.9382493733454235,24,24,24.0,48.0,500,-0.24150038062058304,3.7346632238893e-05,16.81914496025305,5.5602286177061915,0.8073753277383889,,,
R2,Seasonal,0.8332074128908642,0.9948768798774128,0.8846628324402845,24,24,24.0,48.0,500,0.0,0.0,27.250965821050144,9.588216392627254,1.9939930114427837,,,
R3,Stationary_AR,0.014904202666228716,0.6900581255278464,0.5681660187238942,None,125,,,500,0.0,0.0,0.0,0.0,5.0,0.49029421254780176,,
R4,Trending_MeanShift,0.9998838274239688,0.9995343429122067,0.055071739426160615,None,250,,,500,,,0.0,0.0,1.2729601306284362,,250.0,
R1,Composite,0.999841963017726,0.9987702711808041,0.9372475888329106,36,36,36.0,72.0,500,-0.3310157217169155,2.903266437283732e-05,23.223668730327923,5.864861638365712,0.8732995551281459,,,
R2,Seasonal,0.8644118679946805,0.9964487352765474,0.899364468232249,36,36,36.0,72.0,500,0.0,0.0,27.948458764252287,9.536980716758606,1.8003143244098276,,,
R3,Stationary_WN,0.26083810025682874,0.22233610246916458,0.33034418374608043,None,5,,,500,0.0,0.0,0.0,0.0,12.002083411962554,,,
R4,Trending_ExponentialGrowth,0.9991402833742213,0.4310211471470696,0.3693597903374821,None,24,,,500,,,0.0,0.0,0.6166949292693127,,,
R1,Composite,0.9995492421755928,0.9862202128079083,0.8250145841668144,24,24,24.0,48.0,500,-0.2412112606900133,-3.070269137965974e-05,9.095866956904118,4.127703028068106,1.1682383266359144,,,
R2,Seasonal,0.884070337013323,0.9953840457131903,0.9131020126772342,24,24,24.0,48.0,500,0.0,0.0,26.07813166976197,10.555612676881687,1.7848603838075914,,,
R3,Stationary_WN,0.36959232411047604,0.2768005595154216,0.3095083724558081,None,4,,,500,0.0,0.0,0.0,0.0,12.899279777785393,,,
R4,Trending_MeanShift,0.9999753267389369,0.9999013803917058,0.0,None,250,,,500,,,0.0,0.0,0.7105041331922372,,250.0,
R1,Composite,0.9996591603464816,0.9823691071297856,0.8494154686513273,12,12,12.0,24.0,500,-0.3318312040379807,4.3480305186532415e-05,8.908852839160923,5.222903190450774,1.2290172719556114,,,
R2,Seasonal,0.7943182786208223,0.995650009146578,0.7988508638140184,12,12,12.0,24.0,500,0.0,0.0,20.20812367148346,5.024853191111674,1.4310220460595233,,,
R3,Stationary_AR,0.30951286091489383,0.6830842601756395,0.6721135733754231,None,83,,,500,0.0,0.0,0.0,0.0,5.0,0.5671152593396902,,
R4,Trending_RandomWalkDrift,0.9984792921282275,0.7461473744266911,0.92297059830573,None,24,,,500,,,0.0,0.0,0.8141161079710663,,,-0.2905472145658062
R1,Composite,0.999596514406956,0.991908339289828,0.8978436965187264,48,50,48.0,96.0,500,0.31883619723901585,-4.252073016772924e-05,14.075240882894613,6.089561526900994,1.2496445388638997,,,
R2,Seasonal,0.8105296918980289,0.9796387121231865,0.8602551801874826,48,50,48.0,96.0,500,0.0,0.0,10.522542824055146,6.103831150389185,1.6412846457802643,,,
R3,Stationary_WN,0.45800538519478895,0.3150490627573964,0.3624330701437791,None,3,,,500,0.0,0.0,0.0,0.0,14.142781972546112,,,
R4,Trending_RandomWalkDrift,0.6117521129555407,0.1498126248913867,0.0,None,167,,,500,,,0.0,0.0,0.692519906844294,,,-0.24812817977116236
R1,Composite,0.9984772829216262,0.9964643092909313,0.8880006161678431,24,24,24.0,48.0,500,-0.16644965491688254,-1.785795666282712e-05,23.02505641255697,7.098823760034004,1.3773544127874546,,,
R2,Seasonal,0.6638404962207312,0.9870698080228544,0.7955739540125326,24,24,24.0,48.0,500,0.0,0.0,15.706387175410653,5.768243218970499,1.8294843926064224,,,
R3,Stationary_WN,0.2596313436637112,0.26851455106953104,0.1525288942914481,None,6,,,500,0.0,0.0,0.0,0.0,13.35631297495955,,,
R4,Trending_ExponentialGrowth,0.9840199010627254,0.35851988443888116,0.3997775932294786,None,24,,,500,,,0.0,0.0,1.3575895573965262,,,
R1,Composite,0.9991905674466807,0.9887597166853899,0.7739553247586565,36,36,36.0,72.0,500,-0.23296688712253974,3.7018526032056825e-05,11.884850357220209,3.6830029763281984,1.2507494215814663,,,
R2,Seasonal,0.9239326953574962,0.9976564240881817,0.940226691964724,36,36,36.0,72.0,500,0.0,0.0,26.80340497790001,9.573439887013409,1.4128880922384717,,,
R3,Stationary_WN,0.48379017112618516,0.1019779653192493,0.22029476382816426,None,2,,,500,0.0,0.0,0.0,0.0,9.811602581487618,,,
R4,Trending_RandomWalkDrift,0.9984175181259405,0.784792542604643,0.9097427560130946,None,24,,,500,,,0.0,0.0,1.2834869282368082,,,0.156834803603651
R1,Composite,0.9998554431240111,0.9955714227499611,0.9456855303439394,12,12,12.0,24.0,500,-0.26947583785593376,-1.5043267679867856e-05,10.170829797941904,5.5321650573582035,0.6997565215767328,,,
R2,Seasonal,0.8993891452882186,0.9851971397442424,0.8969417238557478,12,12,12.0,24.0,500,0.0,0.0,14.2862621207677,10.234002669992034,1.8749853682433988,,,
R3,Stationary_AR,0.15691898649051306,0.4212386602018108,0.4706493358118513,None,26,,,500,0.0,0.0,0.0,0.0,5.0,0.510093358940858,,
R4,Trending_RandomWalkDrift,0.998587900421875,0.6445174119139002,0.9035714167578055,None,24,,,500,,,0.0,0.0,0.613717449036986,,,0.3948867904952421
R1,Composite,0.9996239637283831,0.990797438823337,0.9494264183750125,12,12,12.0,24.0,500,-0.22322076342148656,1.850606042113277e-05,8.662638934552502,7.364630659145522,0.9397060675717085,,,
R2,Seasonal,0.8758275847154184,0.9976039003851581,0.8801389936538693,12,12,12.0,24.0,500,0.0,0.0,26.556189925279764,6.863649582665347,1.3240363648894733,,,
R3,Stationary_WN,0.24060287144533943,0.2811939349541537,0.3500687154049552,None,10,,,500,0.0,0.0,0.0,0.0,6.350339647370208,,,
R4,Trending_RandomWalkDrift,0.9998370144323929,0.6497952113531806,0.8516126573268687,None,24,,,500,,,0.0,0.0,0.7725265283172347,,,0.44845521691254675
R1,Composite,0.9998907668815977,0.9996234964214475,0.9238630146570124,12,12,12.0,24.0,500,-0.23639742880086323,4.8240680157368976e-05,23.355133821463337,3.1082948775790546,0.5034799810931592,,,
R2,Seasonal,0.9540360141558184,0.9916826095808311,0.9508713106376594,12,12,12.0,24.0,500,0.0,0.0,12.740367527568575,10.238407571359323,1.3016172549458387,,,
R3,Stationary_WN,0.5016710483653437,0.1751894723106432,0.30815016580427934,None,2,,,500,0.0,0.0,0.0,0.0,12.883316669572906,,,
R4,Trending_RandomWalkDrift,0.9997171124868938,0.9600353734253675,0.9501019674230177,None,83,,,500,,,0.0,0.0,0.756379238346982,,,0.4778392393684313
R1,Composite,0.9998720847009674,0.9987438674590288,0.9775570049122946,24,24,24.0,48.0,500,0.2504245671150491,-1.2034637293263938e-05,15.68146212487095,7.030049519496686,0.5606464788738851,,,
R2,Seasonal,0.6056285898463536,0.9954411617246973,0.7503801339608897,24,24,24.0,48.0,500,0.0,0.0,26.080061678269722,4.997260393056159,1.9312490759203722,,,
R3,Stationary_AR,0.0,0.056838638290043764,0.0,None,167,,,500,0.0,0.0,0.0,0.0,5.0,0.5096287126972857,,
R4,Trending_ExponentialGrowth,0.9947161407357764,0.32137037997401674,0.3751542268546154,None,24,,,500,,,0.0,0.0,0.7608136502604731,,,
R1,Composite,0.9999039369215122,0.9961068244311463,0.7403137106709463,36,36,36.0,72.0,500,0.393477069206988,-2.4710457737558136e-05,12.071117367441348,2.1763637581835518,0.8304934880367185,,,
R2,Seasonal,0.8692904977698453,0.9953233839020359,0.8967070152896259,36,36,36.0,72.0,500,0.0,0.0,20.617969749321507,7.602308925059101,1.515755102781106,,,
R3,Stationary_WN,0.34561437909152537,0.32648224812472293,0.354520038600428,None,4,,,500,0.0,0.0,0.0,0.0,11.984313502704714,,,
R4,Trending_RandomWalkDrift,0.9996816560767429,0.6615563039310898,0.867749757217467,None,24,,,500,,,0.0,0.0,1.2173826589023826,,,0.10824644894315885
R1,Composite,0.9995620749342892,0.9955478592443372,0.9111220404239941,36,36,36.0,72.0,500,-0.2523645268386491,-1.3010260997299601e-05,16.546059893310396,6.539995047921854,1.1290014011900786,,,
R2,Seasonal,0.9646063131435072,0.9989486259646099,0.9712061793339174,36,36,36.0,72.0,500,0.0,0.0,29.318004409358572,10.479682024293048,1.0705399126868902,,,
R3,Stationary_AR,0.15235616361534376,0.6056580454822058,0.7125885028679169,None,42,,,500,0.0,0.0,0.0,0.0,5.0,0.6807811462123002,,
R4,Trending_ExponentialGrowth,0.9954562819478717,0.32929502358954454,0.4188937357165846,None,24,,,500,,,0.0,0.0,0.834367291581792,,,
R1,Composite,0.9996853212955407,0.9972532897870395,0.9301918896027681,24,24,24.0,48.0,500,-0.2689164487528995,4.895324591605888e-05,16.530009466082966,5.870021648604524,0.966373096733919,,,
R2,Seasonal,0.7804659188147332,0.994614565683596,0.8527573053509427,24,24,24.0,48.0,500,0.0,0.0,23.570927737455456,7.390567063917844,1.8704841516542876,,,
R3,Stationary_WN,0.45108701872527135,0.11083320724578893,0.3669333822212596,None,3,,,500,0.0,0.0,0.0,0.0,10.294667337715463,,,
R4,Trending_ExponentialGrowth,0.9985062406302117,0.37154540069118125,0.3045415547083953,None,24,,,500,,,0.0,0.0,0.5731660204456753,,,
R1,Composite,0.9997429706984174,0.9985391917114589,0.8668727646762268,12,12,12.0,24.0,500,0.2425935593390027,3.729881179834754e-05,22.34815730063147,4.150693841528373,0.9434817729069954,,,
R2,Seasonal,0.8823261500655795,0.984155261671425,0.8860999821368609,12,12,12.0,24.0,500,0.0,0.0,11.988186985199398,8.048742442367494,1.7615492785548286,,,
R3,Stationary_WN,0.2538265238887315,0.25364983308554245,0.16608800528372314,None,7,,,500,0.0,0.0,0.0,0.0,6.112649229092344,,,
R4,Trending_RandomWalkDrift,0.8529246794371659,0.0,0.0,None,167,,,500,,,0.0,0.0,1.0811801804794985,,,-0.22971376771644947
R1,Composite,0.999222741252337,0.9937230676818303,0.9167131489228758,24,24,24.0,48.0,500,0.12168437385175104,2.3461614689289115e-05,9.394843819220942,4.521876265410787,0.9100960723014101,,,
R2,Seasonal,0.9488476110886307,0.9987136036139062,0.9616574889139102,24,24,24.0,48.0,500,0.0,0.0,24.04960814139886,8.059122298839036,0.9835515765734015,,,
R3,Stationary_AR,0.12136140440133214,0.5620847996424128,0.575776790801285,None,71,,,500,0.0,0.0,0.0,0.0,5.0,0.5632993346422797,,
R4,Trending_ExponentialGrowth,0.9995925224277148,0.41241178308147375,0.4250512300530429,None,24,,,500,,,0.0,0.0,0.662581914348687,,,
R1,Composite,0.9993903738944787,0.9855385166922529,0.8173853475770594,48,50,48.0,96.0,500,0.24480145860052008,4.5237850152745356e-05,11.65376813872121,4.107958214363678,1.341637783656243,,,
R2,Seasonal,0.908146828721606,0.9877039732498025,0.929218705285593,48,50,48.0,96.0,500,0.0,0.0,12.225552205099714,8.043376492353618,1.3153191070320416,,,
R3,Stationary_AR,0.29465058498124974,0.43622660318092876,0.6486626743520031,None,24,,,500,0.0,0.0,0.0,0.0,5.0,0.6719830552666222,,
R4,Trending_MeanShift,0.9954222681979393,0.9837721278203726,0.0,None,250,,,500,,,0.0,0.0,1.2524526218190333,,250.0,
R1,Composite,0.9997579472634196,0.9912792941902878,0.9346857065608923,24,24,24.0,48.0,500,0.270511336877375,2.1349111666363105e-05,9.276474863232279,6.242991642401486,0.9313590311608406,,,
R2,Seasonal,0.9674218984564094,0.9988137993893708,0.9746822903808853,24,24,24.0,48.0,500,0.0,0.0,28.997221842045175,11.72352690155556,1.0040585287481658,,,
R3,Stationary_AR,0.37833029060050694,0.35505819175016795,0.5423338168145257,None,15,,,500,0.0,0.0,0.0,0.0,5.0,0.5011245277130721,,
R4,Trending_ExponentialGrowth,0.9997814736482679,0.39149587604589575,0.31819360266383323,None,24,,,500,,,0.0,0.0,0.6539120053748955,,,
R1,Composite,0.9980643666511082,0.971878051224416,0.7667759626915676,48,50,48.0,96.0,500,-0.17341661083583337,1.655128161210056e-05,9.036744072389704,3.590810432055986,1.4277991068657028,,,
R2,Seasonal,0.9593381678139858,0.9984542828160207,0.9714274042616471,48,50,48.0,96.0,500,0.0,0.0,17.015957468944727,6.348438954024311,0.6716010653881546,,,
R3,Stationary_AR,0.26393741054108644,0.43849536216453333,0.5382069503394109,None,15,,,500,0.0,0.0,0.0,0.0,5.0,0.4825084670067869,,
R4,Trending_ExponentialGrowth,0.992228751581691,0.4396962578696455,0.3797299251764896,None,24,,,500,,,0.0,0.0,1.3049793185683323,,,
R1,Composite,0.9997787737935556,0.9970047407508545,0.9074168570767216,12,12,12.0,24.0,500,-0.20655894039682085,-1.9458000401375052e-05,12.038889607254493,3.9618216838127025,0.7359158072804707,,,
R2,Seasonal,0.9493160604004987,0.9984463879435217,0.9464986412709764,12,12,12.0,24.0,500,0.0,0.0,26.82541778491167,8.831747588465799,1.0288631344006856,,,
R3,Stationary_WN,0.49820850655153315,0.14695255229865534,0.1923835429696762,None,2,,,500,0.0,0.0,0.0,0.0,14.465366275077495,,,
R4,Trending_ExponentialGrowth,0.999052669564066,0.37538268903659366,0.37764930799028484,None,24,,,500,,,0.0,0.0,1.464448662147786,,,
R1,Composite,0.9997933055588302,0.9874609038615545,0.8863718984857335,36,36,36.0,72.0,500,0.36664364932599247,4.296017282119185e-05,9.934641191730018,5.857581097098695,1.2945737746082757,,,
R2,Seasonal,0.9857157344955743,0.9993722988406556,0.9880746671431433,36,36,36.0,72.0,500,0.0,0.0,27.4244618496897,11.94969265150226,0.6805085472350552,,,
R3,Stationary_AR,0.23963152434356905,0.524814171362136,0.513898264917801,None,26,,,500,0.0,0.0,0.0,0.0,5.0,0.4974064747231068,,
R4,Trending_ExponentialGrowth,0.9892023428673903,0.3734084089198243,0.34023908152269977,None,24,,,500,,,0.0,0.0,1.3930370682112807,,,
R1,Composite,0.9962442863509126,0.9955673677102375,0.8018808272338749,48,50,48.0,96.0,500,-0.1032728063617781,-1.6382283476191854e-05,21.14754771599709,3.406503818432228,1.4215841255227304,,,
R2,Seasonal,0.9792469868098927,0.9975305811672052,0.9829945401027829,48,50,48.0,96.0,500,0.0,0.0,16.81330710728136,10.947191329594693,0.7563910689987209,,,
R3,Stationary_WN,0.38688761466460153,0.2629490679575399,0.3196548054294125,None,3,,,500,0.0,0.0,0.0,0.0,8.262709750802934,,,
R4,Trending_MeanShift,0.9999290882155918,0.9997192019601793,0.3443269194787847,None,250,,,500,,,0.0,0.0,1.048823921097647,,250.0,
R1,Composite,0.9998253765716527,0.9972453524419455,0.9517583534308959,24,24,24.0,48.0,500,-0.32175896916748875,-3.6301855866990774e-05,17.162370535398665,7.486595406647278,1.017679103298651,,,
R2,Seasonal,0.8054682045842835,0.998232851067126,0.8537157725028712,24,24,24.0,48.0,500,0.0,0.0,26.524091388836304,4.798487235727961,1.127592143563808,,,
R3,Stationary_WN,0.04401046649419027,0.4320217649945376,0.31063163333610977,None,56,,,500,0.0,0.0,0.0,0.0,5.3531659616651215,,,
R4,Trending_MeanShift,0.9989536992352868,0.9960111728219119,0.0,None,250,,,500,,,0.0,0.0,1.4352886399170286,,250.0,
R1,Composite,0.9998830017829491,0.9952721374225825,0.8963795368867052,36,36,36.0,72.0,500,-0.3967982668202128,-1.563617565002516e-05,12.972798607393024,4.738278238849847,0.9117289715877452,,,
R2,Seasonal,0.9347949807103298,0.9953291706598367,0.9475553695078375,36,36,36.0,72.0,500,0.0,0.0,21.722722837751952,11.958149053956076,1.5074388868879267,,,
R3,Stationary_AR,0.08152463864007997,0.47722393053533574,0.570400222396761,None,38,,,500,0.0,0.0,0.0,0.0,5.0,0.48171664435830247,,
R4,Trending_ExponentialGrowth,0.9994031183176983,0.3796406449227262,0.3531323267083146,None,24,,,500,,,0.0,0.0,1.023478887915064,,,
R1,Composite,0.9999020023863584,0.9992720220122692,0.9276839784809087,24,24,24.0,48.0,500,0.2736825473841298,3.443509919991638e-05,21.59491825358303,3.804914049999687,0.6292242100493827,,,
R2,Seasonal,0.9512283265182171,0.9993979455328297,0.962872196221846,24,24,24.0,48.0,500,0.0,0.0,28.256496584377167,6.536834598681425,0.6918078849188929,,,
R3,Stationary_WN,0.49749023131450565,0.09761771910414652,0.13002629418346312,None,2,,,500,0.0,0.0,0.0,0.0,14.901754231409946,,,
R4,Trending_RandomWalkDrift,0.8939071991901621,0.9127332624550614,0.5992310838092277,None,250,,,500,,,0.0,0.0,0.6584095824292843,,,-0.11041310752980378
R1,Composite,0.9984569529520305,0.9935761345686802,0.6206024585609478,36,36,36.0,72.0,500,0.20855931008989834,-4.86633173423052e-05,18.39926540982652,2.1109245991004464,1.429921752054013,,,
R2,Seasonal,0.766161808010482,0.9932591459411414,0.84122788792599,36,36,36.0,72.0,500,0.0,0.0,21.9890075898354,6.957370753715142,1.8373019411841935,,,
R3,Stationary_AR,0.2552415221555383,0.6284201117487915,0.7031856209546112,None,42,,,500,0.0,0.0,0.0,0.0,5.0,0.6663730501328369,,
R4,Trending_ExponentialGrowth,0.9997409888135971,0.3881845941193799,0.41933785380491095,None,24,,,500,,,0.0,0.0,0.7372274884182974,,,
R1,Composite,0.9995238094967028,0.9955563511246971,0.834331776038206,36,36,36.0,72.0,500,0.3096303515914882,-2.0790363552459224e-05,19.90117682973439,5.294493583221147,1.446015008929602,,,
R2,Seasonal,0.711080749460864,0.9919566660176188,0.7989635305309171,36,36,36.0,72.0,500,0.0,0.0,19.781237839499504,6.2294319669790195,1.9211403437773316,,,
R3,Stationary_AR,0.09833965652526355,0.09544821456321728,0.0,None,167,,,500,0.0,0.0,0.0,0.0,5.0,0.6237025347168892,,
R4,Trending_ExponentialGrowth,0.9991815140960515,0.30067336244180265,0.341266517560727,None,24,,,500,,,0.0,0.0,0.8780350854731542,,,
R1,Composite,0.9998471891025777,0.9988454975338938,0.927317611332819,48,50,48.0,96.0,500,-0.2694474650142202,-1.2127210945974217e-05,20.921409279746467,3.468896904544474,0.7579107549321391,,,
R2,Seasonal,0.055076452550345434,0.9848024571526225,0.6334372499645217,48,100,48.0,96.0,500,0.0,0.0,10.31166633837117,9.692166210019325,1.6005353257458974,,,
R3,Stationary_AR,0.07655740543046363,0.5107873440506525,0.6224236012027449,None,62,,,500,0.0,0.0,0.0,0.0,5.0,0.4602495498991609,,
R4,Trending_RandomWalkDrift,0.9996587511898631,0.6018893163686114,0.8548088910240321,None,24,,,500,,,0.0,0.0,0.9255448699507277,,,-0.4917801430534018
R1,Composite,0.9986904371527244,0.9954140634685681,0.7450206698448455,36,36,36.0,72.0,500,-0.11320421180970652,2.5015232249653134e-05,10.982890002487299,2.2186487523366187,0.749007367618869,,,
R2,Seasonal,0.976000995121004,0.9992909951971214,0.9802101764772835,36,36,36.0,72.0,500,0.0,0.0,29.74010419138057,10.659433150235497,0.7964503168298034,,,
R3,Stationary_WN,0.4012187951950188,0.2254494523808257,0.3895916021281304,None,4,,,500,0.0,0.0,0.0,0.0,5.447443753496667,,,
R4,Trending_MeanShift,0.9999043739074879,0.9996162623047256,0.0,None,250,,,500,,,0.0,0.0,0.9301215479497457,,250.0,
R1,Composite,0.9998653164801621,0.9954710461886833,0.9782337094051192,24,24,24.0,48.0,500,0.2507134692773014,2.9159938875566467e-05,9.060668358705636,7.888081731939019,0.6300785297233116,,,
R2,Seasonal,0.9432614784319157,0.9931418664174553,0.956981762639524,24,24,24.0,48.0,500,0.0,0.0,12.638302034164248,9.635043642404561,1.1317186472067415,,,
R3,Stationary_AR,0.3074888477320995,0.5013272102353774,0.6318355726302091,None,38,,,500,0.0,0.0,0.0,0.0,5.0,0.5248454630177639,,
R4,Trending_MeanShift,0.999866119563628,0.9994626675350071,0.0,None,250,,,500,,,0.0,0.0,0.9483084659860822,,250.0,
R1,Composite,0.9998627869251696,0.99899141396455,0.8963943485248309,12,12,12.0,24.0,500,0.30173550836824353,3.20906948225543e-05,23.89733544704098,4.33181493052657,0.8068676560078888,,,
R2,Seasonal,0.5096634957799386,0.9950965846288871,0.6237624818738607,12,12,12.0,24.0,500,0.0,0.0,27.71311935181806,4.18167896019951,1.973017849918107,,,
R3,Stationary_WN,0.4024458153709486,0.10514907921979932,0.17627085862613823,None,2,,,500,0.0,0.0,0.0,0.0,11.719640185972132,,,
R4,Trending_RandomWalkDrift,0.9989272542350855,0.6309369648100307,0.8826023317534278,None,24,,,500,,,0.0,0.0,1.106732241594338,,,-0.31204765818897273
R1,Composite,0.9999358565215258,0.9980814192755794,0.9833691562097864,24,24,24.0,48.0,500,-0.3227478916772102,-1.0857858493104474e-05,11.912117846038115,7.7643763979459,0.5473156456184964,,,
R2,Seasonal,0.8278670623508547,0.9933658825357804,0.8714496962661893,24,24,24.0,48.0,500,0.0,0.0,15.023471907375034,5.926014971910233,1.4083084093382907,,,
R3,Stationary_AR,0.13560798722838951,0.6173835969952277,0.6295826865718479,None,33,,,500,0.0,0.0,0.0,0.0,5.0,0.5359502210253708,,
R4,Trending_ExponentialGrowth,0.9873089421606923,0.2860738519342907,0.3871194266613459,None,24,,,500,,,0.0,0.0,0.9885050369232197,,,
R1,Composite,0.999906596613865,0.9986731350495301,0.9641218143398106,12,12,12.0,24.0,500,0.32961195014646427,3.667461110445557e-05,18.660390924133274,7.159623054982587,0.6903956705494635,,,
R2,Seasonal,0.8659024807225815,0.9955472108640234,0.8645142370656634,12,12,12.0,24.0,500,0.0,0.0,20.591198927773586,6.522408683936688,1.4713209741061162,,,
R3,Stationary_AR,0.38139127268491324,0.527534527660502,0.7215473796400304,None,23,,,500,0.0,0.0,0.0,0.0,5.0,0.5569351640992699,,
R4,Trending_RandomWalkDrift,0.9957131049014013,0.8127212396410578,0.6448889824534192,None,250,,,500,,,0.0,0.0,0.7928839863276469,,,-0.27905635196207
R1,Composite,0.9995846077147811,0.9957830618728226,0.5680194709719883,36,36,36.0,72.0,500,0.34708138054976206,2.6791698450465082e-05,22.8879113188315,2.33096005854951,1.402965186308032,,,
R2,Seasonal,0.8621438817895529,0.9937010487404976,0.895784883690458,36,36,36.0,72.0,500,0.0,0.0,10.807457564853518,4.6286030121525235,1.0003815275646124,,,
R3,Stationary_AR,0.1628035792106891,0.8996881113569507,0.578822358302544,None,250,,,500,0.0,0.0,0.0,0.0,5.0,0.6292043237658572,,
R4,Trending_MeanShift,0.9999354052969455,0.9997417163474376,0.0,None,250,,,500,,,0.0,0.0,0.8854062317595167,,250.0,
R1,Composite,0.9986247880329441,0.9967973828477461,0.6839637986002157,36,36,36.0,72.0,500,0.15308296160049298,-4.87206426851912e-05,17.233809037209877,2.271085349943152,0.9903673592878199,,,
R2,Seasonal,0.49019452539896535,0.9905595081575617,0.7185983628286184,36,36,36.0,72.0,500,0.0,0.0,16.741511157745197,4.082539304109978,1.682441033490929,,,
R3,Stationary_AR,0.11819689095127206,0.47612152467631197,0.6406226655593046,None,29,,,500,0.0,0.0,0.0,0.0,5.0,0.6071068355867025,,
R4,Trending_RandomWalkDrift,0.9976569805365494,0.9330122149944647,0.6953789168095924,None,167,,,500,,,0.0,0.0,1.4235504228636109,,,-0.31107937613712827
