True_Sector,Pattern,F_T_STL,F_S_STL,F_R_STL,F_T_STL_EMD,F_S_STL_EMD,F_I_STL_EMD,True_P,Est_P,rand_p1,rand_p2,length,slope,curve,amp1,amp2,noise_std,phi,break_point,drift
S1,Composite,0.9953894454943086,0.9816955298562814,0.0,0.999031936784097,0.9958843643429753,0.7939885078477493,24,25,24.0,48.0,300,0.3537878096269038,-2.3942700267229158e-05,21.368186922241023,3.146270963931772,1.1501635325176438,,,
S2,Seasonal,0.5034140284151383,0.9766635155872293,0.0,0.6930972126097144,0.9962844538672531,0.8568589920940045,24,25,24.0,48.0,300,0.0,0.0,19.325134822347465,4.027071892591819,1.1026778677441385,,,
S3,Stationary_AR,0.2920722582275316,0.24341817688013911,0.0,0.48013187740828134,0.5580415193609349,0.6965571464976521,None,12,,,300,0.0,0.0,0.0,0.0,5.0,0.5843937038593511,,
S4,Trending_RandomWalkDrift,0.9904793607444081,0.09089139261288681,0.0,0.9986990583874447,0.6628604813312209,0.8683160237952618,None,24,,,300,,,0.0,0.0,0.9631958779654483,,,0.45260008890464765
S1,Composite,0.9823880929956147,0.9124705619673126,0.0,0.9991349375585173,0.9950541849111025,0.9525979354615566,36,38,36.0,72.0,300,-0.3050419419321237,4.674692690311858e-05,15.328448703603307,7.590116015052173,0.9307980528637749,,,
S2,Seasonal,0.4143702490509795,0.9670344409404851,0.0,0.7511847362996914,0.9952067683515237,0.8702445301537607,36,38,36.0,72.0,300,0.0,0.0,25.82725748110318,5.1613096668901814,1.8997452673248205,,,
S3,Stationary_WN,0.034467292465125254,0.27406012653829714,0.0,0.03845929747297416,0.40934526935658244,0.3532532488342962,None,43,,,300,0.0,0.0,0.0,0.0,7.708360376956658,,,
S4,Trending_RandomWalkDrift,0.9479062581429557,0.0,0.0,0.9928225276698357,0.7141726132593498,0.8735623892681342,None,24,,,300,,,0.0,0.0,0.874941146352647,,,-0.18916447153186558
S1,Composite,0.9932429981372319,0.978286004169634,0.0,0.9989400583010198,0.9961494464969123,0.8451219956707615,24,25,24.0,48.0,300,0.31078029003692886,1.8902924451545408e-05,21.561011749285406,2.660921837477761,1.0689958347036714,,,
S2,Seasonal,0.6343081672200271,0.9683652204345745,0.0,0.9593785341710139,0.9991164323192966,0.9748023964297255,24,25,24.0,48.0,300,0.0,0.0,19.855658690392406,5.90230736889257,0.6450994255288405,,,
S3,Stationary_AR,0.138829066405455,0.25449045972431616,0.0,0.29239502830991104,0.41113203081935124,0.5747151740754557,None,14,,,300,0.0,0.0,0.0,0.0,5.0,0.547354960128881,,
S4,Trending_MeanShift,0.9999006646115047,0.9996017230270656,0.0,0.9999242875629321,0.9996976979498984,0.23883507343425436,None,150,,,300,,,0.0,0.0,1.4997744776055288,,150.0,
S1,Composite,0.9987885753938259,0.9811003865953661,0.0,0.999807060003403,0.9967254644956228,0.8409239324652077,24,50,24.0,48.0,300,0.36259154702704055,-4.271923399716062e-05,8.700547827606286,6.054431987921251,0.7146447139897557,,,
S2,Seasonal,0.643179481672832,0.9571911683367059,0.0,0.9602888454974412,0.9987783818283702,0.9746388211974609,24,25,24.0,48.0,300,0.0,0.0,20.925961397577616,7.441600773941261,0.7286643266118553,,,
S3,Stationary_WN,0.1882394072007656,0.2571729981261286,0.0,0.3571842302647177,0.3532493987570958,0.31010389585908027,None,3,,,300,0.0,0.0,0.0,0.0,13.29503274040285,,,
S4,Trending_MeanShift,0.9999250361964931,0.9997031348585991,0.0,0.9999173830165815,0.9996739747058507,0.0,None,150,,,300,,,0.0,0.0,1.4300486636415286,,150.0,
S1,Composite,0.9841121995811809,0.9028375531321916,0.0,0.9976870123644228,0.9847545875035311,0.8597262453407025,48,50,48.0,96.0,300,-0.3223458019856976,-2.9674306935616972e-05,15.186884654179757,6.559785549831491,1.3376609057760556,,,
S2,Seasonal,0.5365451459684089,0.960277011574206,0.0,0.7409051775812231,0.9932714873118246,0.8443563460922315,48,50,48.0,96.0,300,0.0,0.0,24.138582703763703,6.577555391810298,1.7664758621094852,,,
S3,Stationary_WN,0.16217659119933547,0.25187366093583063,0.0,0.3044727662324155,0.35902598336104596,0.362154946805057,None,9,,,300,0.0,0.0,0.0,0.0,12.27541414155747,,,
S4,Trending_RandomWalkDrift,0.9851502915505846,0.832770050102985,0.0,0.0,0.27473727766075395,0.0,None,150,,,300,,,0.0,0.0,0.932978766057497,,,0.10933547313225885
S1,Composite,0.9905698685676358,0.9265574209617823,0.0,0.9983076689939775,0.9844215790476901,0.8223100142256147,36,38,36.0,72.0,300,0.2524241608557021,1.2707374210769458e-05,11.096688738343502,3.5885762781964186,1.2063876345584275,,,
S2,Seasonal,0.658033968865132,0.9062010776531209,0.0,0.9666452523532004,0.9969907422374584,0.9734037115914985,36,38,36.0,72.0,300,0.0,0.0,15.112844597992073,8.26542075008236,0.9203302304160557,,,
S3,Stationary_WN,0.052831489841340784,0.19040522242343472,0.0,0.1313902564543864,0.3518353356162919,0.3323335032266477,None,15,,,300,0.0,0.0,0.0,0.0,12.585888192751806,,,
S4,Trending_MeanShift,0.9998922018793589,0.9995690103040054,0.0,0.9997827666059056,0.9991272212346208,0.0,None,150,,,300,,,0.0,0.0,0.9060618750524041,,150.0,
S1,Composite,0.9955784633851307,0.9679565536760377,0.0,0.9998417498008991,0.998853200212073,0.964856021566469,12,12,12.0,24.0,300,0.34049388222906735,-2.811066437112303e-05,14.874511099158884,5.308742090821214,0.5624407240174317,,,
S2,Seasonal,0.7218169975120052,0.9814054439320676,0.0,0.9000947977682632,0.9981074443881236,0.899219410913393,12,12,12.0,24.0,300,0.0,0.0,24.298961102735888,6.126544721694358,1.1743865466385994,,,
S3,Stationary_WN,0.15058400781662928,0.24811914849883465,0.0,0.39684580635136124,0.29983386883502294,0.2387308374204533,None,5,,,300,0.0,0.0,0.0,0.0,10.93906260225598,,,
S4,Trending_RandomWalkDrift,0.9952197795333292,0.07762017417015299,0.0,0.9994030472212204,0.6476105710304577,0.8777649278003944,None,24,,,300,,,0.0,0.0,0.7742433519261003,,,-0.3909227585350974
S1,Composite,0.9850748538223203,0.9521156708547897,0.0,0.9939598308418987,0.9803083643009504,0.5954355964433318,12,12,12.0,24.0,300,-0.15161914509800767,3.800840059960891e-05,9.316094643760527,2.395195947002853,1.2592129804432501,,,
S2,Seasonal,0.7511191679724275,0.9736721795573904,0.0,0.9861040666682254,0.9996060258079931,0.9853113710494615,12,12,12.0,24.0,300,0.0,0.0,26.3780455302826,8.789456075692845,0.5329910798885955,,,
S3,Stationary_WN,0.23056112051707978,0.05771193313860068,0.0,0.5834038617533911,0.09923350154863719,0.3622535985173516,None,2,,,300,0.0,0.0,0.0,0.0,7.779869162011818,,,
S4,Trending_MeanShift,0.9999393211636337,0.9997577929216314,0.0,0.9999389930603781,0.9997547953940465,0.0,None,150,,,300,,,0.0,0.0,0.9668773060424564,,150.0,
S1,Composite,0.9913091253905675,0.9439448298494029,0.0,0.9995541047727944,0.9967054833572957,0.9493816074046063,36,38,36.0,72.0,300,0.2592221780385613,3.843319119597591e-05,12.980203908546887,4.765437870613202,0.7665874098059319,,,
S2,Seasonal,0.627637941267496,0.942955978812931,0.0,0.974515634066596,0.9987630607414791,0.9814669803464657,36,38,36.0,72.0,300,0.0,0.0,21.173569533299855,8.338053833148493,0.6849516830697941,,,
S3,Stationary_AR,0.11845260073316588,0.34118051383409753,0.0,0.283716545696552,0.6077676193344979,0.6315757568139042,None,33,,,300,0.0,0.0,0.0,0.0,5.0,0.6714420012136647,,
S4,Trending_MeanShift,0.9999337522613246,0.9997386135419722,0.0,0.9958380754453673,0.9812673144179065,0.0,None,150,,,300,,,0.0,0.0,1.0070083802260257,,150.0,
S1,Composite,0.9962369587705603,0.9602242873113501,0.0,0.9994180329706176,0.9930897016851209,0.8439282513691218,48,50,48.0,96.0,300,0.397057628180159,-1.5247501676720434e-05,14.564082630067123,3.545248327009994,1.09825917398188,,,
S2,Seasonal,0.4258865145686531,0.8449325960835162,0.0,0.6545560393938813,0.9755704004511878,0.8599034144491411,48,50,48.0,96.0,300,0.0,0.0,10.345713419396256,5.383618225922549,1.0234247332232194,,,
S3,Stationary_WN,0.08487901571667555,0.13463798460796206,0.0,0.2348458274607932,0.22031716942275203,0.1160126947563529,None,6,,,300,0.0,0.0,0.0,0.0,5.231760836970118,,,
S4,Trending_ExponentialGrowth,0.9869848975244379,0.19789565292554145,0.0,0.9906984828378554,0.34680010713488607,0.2659854395151623,None,24,,,300,,,0.0,0.0,0.9881799175472844,,,
S1,Composite,0.9960701741477236,0.9429014035037989,0.0,0.9993060866094278,0.9898414623848639,0.825457626463016,12,12,12.0,24.0,300,0.31177788000797074,1.009825363567492e-05,9.851189639854363,4.21202830100793,1.0503618854401129,,,
S2,Seasonal,0.7004259240702233,0.9467487458634481,0.0,0.8543347014952758,0.9922819964386416,0.8608495852886555,12,12,12.0,24.0,300,0.0,0.0,19.27153254477344,8.237335330636121,1.9513524229729096,,,
S3,Stationary_AR,0.26969093519840315,0.3416371798148453,0.0,0.3433189804241089,0.6071830246080925,0.6355572878203483,None,38,,,300,0.0,0.0,0.0,0.0,5.0,0.6990398563357534,,
S4,Trending_RandomWalkDrift,0.9467133973645594,0.09241601350822881,0.0,0.9908216335335028,0.6381114185143302,0.8605548298247704,None,24,,,300,,,0.0,0.0,1.0591514849392554,,,0.1022334122711956
S1,Composite,0.9910579299096698,0.9795053901907349,0.0,0.9994402843820231,0.998548372044053,0.938543840793244,24,25,24.0,48.0,300,0.3058121096538875,-2.8450139542791107e-05,24.094568468465557,3.9299307621969204,0.6522309567539343,,,
S2,Seasonal,0.6670233317617833,0.9020483046325944,0.0,0.9524608252038445,0.9958217469999181,0.9641551673951081,24,25,24.0,48.0,300,0.0,0.0,16.71091075278926,9.43051175235371,1.2490899753752402,,,
S3,Stationary_WN,0.1024634043800482,0.077140859434356,0.0,0.5123437595279714,0.12628879632997791,0.3815091795102358,None,2,,,300,0.0,0.0,0.0,0.0,8.109669757831433,,,
S4,Trending_RandomWalkDrift,0.9690065346930844,0.09812104783244124,0.0,0.9976794527373934,0.8195423666954149,0.9292086990797958,None,24,,,300,,,0.0,0.0,0.5258411390720232,,,0.33211820523410834
S1,Composite,0.9984064641801345,0.9761014352189225,0.0,0.9996099008985153,0.9935866842763317,0.7557455436133313,24,50,24.0,48.0,300,0.3834706824265516,-1.3326814070211507e-05,8.592490517428214,7.765845287093443,1.0625918487439487,,,
S2,Seasonal,0.03492956889173415,0.9824513137902198,0.0,0.12693602051424868,0.9973577956327679,0.8622622802088208,24,50,24.0,48.0,300,0.0,0.0,11.901757567470728,10.811816590419678,0.9341323150468842,,,
S3,Stationary_AR,0.030322293143246304,0.35152618414586756,0.0,0.02098485759440738,0.6025692919406437,0.6097133713407838,None,50,,,300,0.0,0.0,0.0,0.0,5.0,0.44740213498107406,,
S4,Trending_RandomWalkDrift,0.9540533464366738,0.0,0.0,0.995095583593278,0.4746624303113185,0.9046721441909001,None,24,,,300,,,0.0,0.0,0.79400926382735,,,-0.18363386381777672
S1,Composite,0.9662204504783038,0.8891899984374619,0.0,0.9983604775698973,0.9936798185173629,0.953850758693361,36,38,36.0,72.0,300,-0.14597648869573474,3.852109743998293e-05,8.57405490663798,3.4069493239789947,0.525756391740578,,,
S2,Seasonal,0.5582196046257749,0.9597849426654923,0.0,0.8493464633077116,0.9956613845298588,0.9056009136736805,36,38,36.0,72.0,300,0.0,0.0,19.822551285118713,5.4753546143520575,1.2248217828093555,,,
S3,Stationary_WN,0.18315859844560567,0.0,0.0,0.3551865907798518,0.0,0.25387430269548716,None,3,,,300,0.0,0.0,0.0,0.0,11.88132680993236,,,
S4,Trending_RandomWalkDrift,0.9900967596601543,0.0761943749375299,0.0,0.9985347888621349,0.5378846161092266,0.8542121455679268,None,24,,,300,,,0.0,0.0,1.2335448971490597,,,-0.2856521116877023
S1,Composite,0.9820919839941062,0.9525034982033258,0.0,0.9995942869669652,0.9987721100924027,0.9780834744229302,36,38,36.0,72.0,300,0.2263513765010826,3.462952332165511e-05,18.126716353462697,5.543333602462037,0.5344997224110439,,,
S2,Seasonal,0.5959778037143615,0.8908770890531036,0.0,0.8052606210168436,0.9827706063434615,0.8681747030414315,36,38,36.0,72.0,300,0.0,0.0,14.385227544306364,7.5803922763915494,1.990825541865681,,,
S3,Stationary_WN,0.13570814006546172,0.14229795133002365,0.0,0.3525723441738088,0.24199601776845103,0.3205459589721743,None,4,,,300,0.0,0.0,0.0,0.0,6.12653200163801,,,
S4,Trending_RandomWalkDrift,0.9917049818163636,0.17829035969660545,0.0,0.9992778458115776,0.752804443120151,0.9173397363657876,None,24,,,300,,,0.0,0.0,0.8357271994608336,,,0.2904616287651567
S1,Composite,0.9472493306959102,0.9469738970052453,0.0,0.9923579230506139,0.9921986888029003,0.8649933160541543,48,50,48.0,96.0,300,0.1210682372779252,2.144200453255665e-05,16.470141403442277,5.027459215814888,1.2852316058423088,,,
S2,Seasonal,0.09080573037344719,0.9600985757916719,0.0,0.6050256302410603,0.9969146566079153,0.9328252876345873,48,50,48.0,96.0,300,0.0,0.0,27.538509987951066,4.567223495369895,1.4085473777538549,,,
S3,Stationary_WN,0.09811536298404477,0.23600824804739362,0.0,0.3428921170697147,0.3766745208979435,0.3519036435570426,None,7,,,300,0.0,0.0,0.0,0.0,5.701255450773463,,,
S4,Trending_RandomWalkDrift,0.962985930933771,0.31299677159107886,0.0,0.9954381236001404,0.7901533232449555,0.8844743861601094,None,24,,,300,,,0.0,0.0,1.0529208168517594,,,-0.4618511703200655
S1,Composite,0.9867763640107925,0.9618322144739464,0.0,0.9986871293499047,0.9956712040987612,0.9025417020372731,36,38,36.0,72.0,300,-0.3003266322068069,4.433405463326005e-05,20.05467755994115,4.956043713616948,1.134309271322734,,,
S2,Seasonal,0.6212153626725099,0.9070614882931386,0.0,0.9045530547467825,0.9922458475880513,0.930349242842856,36,38,36.0,72.0,300,0.0,0.0,16.937239590043696,8.442593356102872,1.567892655672602,,,
S3,Stationary_WN,0.004006085970863049,0.01074759428001193,0.0,0.5065868327101857,0.05964146463944775,0.3896269620076773,None,2,,,300,0.0,0.0,0.0,0.0,6.029659458224511,,,
S4,Trending_RandomWalkDrift,0.9782978644315472,0.18807140165679004,0.0,0.9964629202651127,0.7055901089772667,0.8494741258474277,None,24,,,300,,,0.0,0.0,1.1921760348559154,,,-0.2826045431962319
S1,Composite,0.9862395015176365,0.9623518113022713,0.0,0.996207439121364,0.9885176035075107,0.7275051423974599,36,38,36.0,72.0,300,0.19576877191222508,4.7885206408467934e-05,15.794856487450886,2.5096026755021734,1.495500629338827,,,
S2,Seasonal,0.5240046778916596,0.9262931210061525,0.0,0.8609519093382315,0.9934573142059452,0.9258430864475431,36,38,36.0,72.0,300,0.0,0.0,24.246515980961718,8.906255127633745,1.2942013015020484,,,
S3,Stationary_WN,0.1748987801184282,0.09008783145756527,0.0,0.5706544077437097,0.15375106570111308,0.4181973011106864,None,2,,,300,0.0,0.0,0.0,0.0,13.495899598415397,,,
S4,Trending_ExponentialGrowth,0.9886540817882028,0.17361592743493937,0.0,0.9931791615820459,0.3524212058784685,0.38454027213647324,None,24,,,300,,,0.0,0.0,1.4066545820311767,,,
S1,Composite,0.987898508784965,0.9527789025116877,0.0,0.9980399407784312,0.9910379674044077,0.839779750372742,36,38,36.0,72.0,300,-0.23903306679867328,-4.76234491329111e-05,15.062113733506191,3.4998993879064138,1.1641207177673372,,,
S2,Seasonal,0.5889923215328698,0.9277586909242422,0.0,0.8622857530080251,0.9920514240475793,0.9066090147921706,36,38,36.0,72.0,300,0.0,0.0,15.585366644106614,6.5270102471357685,1.4027787986488707,,,
S3,Stationary_WN,0.19576775112208455,0.18730500123212912,0.0,0.5903635691711884,0.2663836920203533,0.3632443122667818,None,2,,,300,0.0,0.0,0.0,0.0,10.14400641416545,,,
S4,Trending_MeanShift,0.9999695343183633,0.9998781969629237,0.0,0.9999441666949204,0.9997770003732824,0.0,None,150,,,300,,,0.0,0.0,0.782870514033552,,150.0,
S1,Composite,0.9956362484768724,0.9011293777848807,0.0,0.9997345004289904,0.9933423758370457,0.9394626560943771,48,50,48.0,96.0,300,0.33605924491950323,-2.6692986049391974e-05,8.06336978803439,4.613004212592454,0.6577233887252488,,,
S2,Seasonal,0.6396380545290528,0.9232865103584533,0.0,0.983175042606372,0.9989942392720301,0.9881149234306207,48,50,48.0,96.0,300,0.0,0.0,22.231810537054585,10.79627322597134,0.6352710611313412,,,
S3,Stationary_AR,0.28168229969494474,0.3826137686367508,0.0,0.3620832719438599,0.5091944853022895,0.3976848653024274,None,9,,,300,0.0,0.0,0.0,0.0,5.0,0.4436044438293835,,
S4,Trending_RandomWalkDrift,0.9313306206684656,0.7868759186931815,0.0,0.8849540047036841,0.47442750127255495,0.0,None,150,,,300,,,0.0,0.0,0.5799206050890443,,,-0.17611568228223604
S1,Composite,0.964687703972141,0.9727766552702672,0.0,0.9982531741736016,0.9986108411241021,0.954000204073954,24,25,24.0,48.0,300,-0.12570286483425597,-3.852767713444003e-05,19.16219985378315,4.9345882176649125,0.7112484291340665,,,
S2,Seasonal,0.6224279330864831,0.9505542564316929,0.0,0.8578312744158888,0.9948423830329963,0.9077134602012196,24,25,24.0,48.0,300,0.0,0.0,24.95776169337145,9.082629993966211,1.8543273720664812,,,
S3,Stationary_WN,0.06751411430816534,0.32755757136125474,0.0,0.07385110919105042,0.4850652030528405,0.36979970182550803,None,27,,,300,0.0,0.0,0.0,0.0,9.341636947927748,,,
S4,Trending_ExponentialGrowth,0.9983221681209054,0.22659630420230914,0.0,0.99907754513716,0.44102031448059786,0.44360714724123707,None,24,,,300,,,0.0,0.0,1.2871266133355852,,,
S1,Composite,0.9965694741100428,0.9878230748586404,0.0,0.99980447977307,0.9993059232834014,0.9433709097860123,12,12,12.0,24.0,300,-0.34429176186768357,1.4303508557195333e-05,22.030071185259224,4.763166560895488,0.5441729270358712,,,
S2,Seasonal,0.7038432276984722,0.9881210749156752,0.0,0.8596625978366926,0.998398803364651,0.8663720996535442,12,12,12.0,24.0,300,0.0,0.0,24.205930496801148,4.755922455748572,1.019605974040345,,,
S3,Stationary_WN,0.11368001411532769,0.22839237315472005,0.0,0.3191035307813904,0.3563057633050055,0.3461545650801715,None,5,,,300,0.0,0.0,0.0,0.0,9.631291850066823,,,
S4,Trending_ExponentialGrowth,0.9985084845134453,0.021738251128271657,0.0,0.9997625123279437,0.7749186767977627,0.8363696894189964,None,24,,,300,,,0.0,0.0,0.6241777739689464,,,
S1,Composite,0.9867025606064521,0.937076861439464,0.0,0.9992854181693134,0.9960381401124497,0.9476260911200809,36,38,36.0,72.0,300,0.35076591745315666,4.106847111563651e-05,20.551050473617494,7.402564768478411,1.1569042218986958,,,
S2,Seasonal,0.310408106085711,0.9202333590443419,0.0,0.5357449160949392,0.9826961759156981,0.8218649936880719,36,38,36.0,72.0,300,0.0,0.0,22.59262621624997,6.245565673669334,1.7863503744842366,,,
S3,Stationary_WN,0.35012986994394835,0.24127184409027114,0.0,0.4881524445306257,0.30222617745388125,0.23264949561000037,None,3,,,300,0.0,0.0,0.0,0.0,12.255021802116648,,,
S4,Trending_RandomWalkDrift,0.9786491629904821,0.8786550113541475,0.0,0.947408380581756,0.7463783613252857,0.0,None,150,,,300,,,0.0,0.0,1.0239866289614454,,,-0.18578229625136755
S1,Composite,0.9903621971010407,0.8779693182209769,0.0,0.999461999330434,0.9917161527610657,0.9454277690460476,36,38,36.0,72.0,300,-0.3392911562127196,-3.6329637052149636e-05,11.077114606512598,6.621598759355796,1.1508331397951246,,,
S2,Seasonal,0.568980004586779,0.9437011560402068,0.0,0.9395457038155351,0.9977267544072901,0.9660285300670656,36,38,36.0,72.0,300,0.0,0.0,12.898479316831146,4.519394216853754,0.5043327653564353,,,
S3,Stationary_AR,0.23615542690074032,0.3348931906982392,0.0,0.2904077518833956,0.5552583788874759,0.639919656941419,None,20,,,300,0.0,0.0,0.0,0.0,5.0,0.6640504167764498,,
S4,Trending_ExponentialGrowth,0.9981451478345545,0.09908060474483327,0.0,0.9992452197158928,0.5342481968267516,0.5818135977387457,None,24,,,300,,,0.0,0.0,1.2092912258284798,,,
S1,Composite,0.9807094456687514,0.9320097081378415,0.0,0.9990755003459842,0.9966074727242707,0.9543163967743965,48,50,48.0,96.0,300,-0.22539096428880984,1.3234588153652204e-05,13.706097966588711,6.490946173209895,0.932522919438912,,,
S2,Seasonal,0.6259343847782708,0.9634861879705917,0.0,0.9184477933555198,0.9977563427881159,0.9429923474351133,48,50,48.0,96.0,300,0.0,0.0,29.196251026378853,9.360831611746743,1.14915426731679,,,
S3,Stationary_AR,0.021716372620518065,0.10335498755885508,0.0,0.11063154702834876,0.39038637581188906,0.588081132663973,None,38,,,300,0.0,0.0,0.0,0.0,5.0,0.638341524270911,,
S4,Trending_ExponentialGrowth,0.9987904424626753,0.2533817961121221,0.0,0.9995670588865172,0.6432253355893003,0.6349155605890391,None,24,,,300,,,0.0,0.0,0.956313926489051,,,
S1,Composite,0.9850688381213397,0.9313511039500539,0.0,0.9980945655720639,0.9900491973376713,0.8764311961323761,36,38,36.0,72.0,300,-0.2481508669293792,-2.4158124396949804e-05,14.054527910297317,5.172923036798478,1.4441074824141817,,,
S2,Seasonal,0.6484622720149655,0.9288565990682478,0.0,0.9784559104118499,0.9986364953591929,0.9837442745768995,36,38,36.0,72.0,300,0.0,0.0,18.667986002614033,8.519747226035303,0.5194576533789252,,,
S3,Stationary_AR,0.2552286562313488,0.3813795728102365,0.0,0.3169604691882745,0.5333199260690877,0.5234019866512636,None,14,,,300,0.0,0.0,0.0,0.0,5.0,0.5654598806485243,,
S4,Trending_RandomWalkDrift,0.9852056787674298,0.331587036691283,0.0,0.9978001741912355,0.7611258335581457,0.8531890621234549,None,24,,,300,,,0.0,0.0,1.3052154536269955,,,-0.4525051650379984
S1,Composite,0.9970766703080413,0.9862572990677976,0.0,0.9997000710007342,0.9984433911235719,0.897997179752358,24,25,24.0,48.0,300,0.28161389207801923,4.641355463719222e-05,16.64729901471979,2.395199888285588,0.6433469913216272,,,
S2,Seasonal,0.6435194658868986,0.8937223439128292,0.0,0.9132179932994464,0.9926093947730537,0.9418535670267312,24,25,24.0,48.0,300,0.0,0.0,13.12201258536481,7.426236433160766,1.1364041455597276,,,
S3,Stationary_AR,0.01901586739130534,0.12112398206612907,0.0,0.06158170449122036,0.5010856587757985,0.5185614710519817,None,60,,,300,0.0,0.0,0.0,0.0,5.0,0.4542310596351738,,
S4,Trending_RandomWalkDrift,0.9875935725676763,0.0,0.0,0.999250833333934,0.7439932115352961,0.93942973574211,None,24,,,300,,,0.0,0.0,0.9743321820134886,,,0.4772600031442067
S1,Composite,0.9792525238866744,0.9476602466130817,0.0,0.9984938328280771,0.9957422001196193,0.9302806605764787,36,38,36.0,72.0,300,0.1576997638408394,-4.806208943133203e-05,11.186317527833323,3.869399568687082,0.7811708712478822,,,
S2,Seasonal,0.648664424799614,0.9396902038596714,0.0,0.9852086678483284,0.9992034331346645,0.9886449392552349,36,38,36.0,72.0,300,0.0,0.0,21.13205434720765,8.734991034573923,0.5851786854055718,,,
S3,Stationary_AR,0.10808791513458504,0.21948485724678213,0.0,0.07121888062745207,0.4456571269451727,0.5750066642904441,None,25,,,300,0.0,0.0,0.0,0.0,5.0,0.42855849493930853,,
S4,Trending_RandomWalkDrift,0.9962656070802549,0.22601290002254237,0.0,0.9990955407903013,0.5629629121001345,0.7555313870385021,None,24,,,300,,,0.0,0.0,1.1361882344450294,,,0.3598619180056043
S1,Composite,0.9934296417701219,0.9837325510007806,0.0,0.9995567780888037,0.9988055391584764,0.9333995572474288,24,25,24.0,48.0,300,0.24215379565069678,3.767514689376054e-05,19.80638062243038,3.6145876579579035,0.7605278014690328,,,
S2,Seasonal,0.6534018944384689,0.944385131598357,0.0,0.9737524161663124,0.9988883182889196,0.9824341403982457,24,25,24.0,48.0,300,0.0,0.0,22.76952374315342,9.388406250601864,0.790845575348607,,,
S3,Stationary_AR,0.04881715853788671,0.34151936209971145,0.0,0.10483832728181586,0.7622650441551325,0.6968664280883254,None,75,,,300,0.0,0.0,0.0,0.0,5.0,0.46472586991699405,,
S4,Trending_MeanShift,0.9999496823036601,0.9998006889088412,0.0,0.9999251645430254,0.9997025209216632,0.0,None,150,,,300,,,0.0,0.0,0.6132897720620442,,150.0,
S1,Composite,0.9932926475041728,0.9632374623193758,0.0,0.999504479257776,0.9967782148947076,0.9264117329517946,48,50,48.0,96.0,300,0.37966783410398197,-2.5611795824187077e-05,19.482260809568796,3.20894696394111,0.8459685916677359,,,
S2,Seasonal,0.31662614393524746,0.8832033977122372,0.0,0.5585305243941343,0.9761216998829811,0.827174913995698,48,50,48.0,96.0,300,0.0,0.0,11.686932037024732,4.2990273980406055,1.4318020232153081,,,
S3,Stationary_AR,0.12786664122197833,0.24075331527347243,0.0,0.37284351322888265,0.7363526038662698,0.8231200973325278,None,38,,,300,0.0,0.0,0.0,0.0,5.0,0.6991833135992948,,
S4,Trending_RandomWalkDrift,0.9918531672687722,0.05946567853425777,0.0,0.9987023302365107,0.618256112664219,0.8406809578078411,None,24,,,300,,,0.0,0.0,0.8124414230297005,,,0.48836269274263866
S1,Composite,0.9946616328320642,0.9812927328115062,0.0,0.9994621228695566,0.997918669243055,0.900120194049967,24,25,24.0,48.0,300,-0.35422601538035736,-1.5880116387270214e-05,23.187852484758032,4.150510089258715,0.9925508200736978,,,
S2,Seasonal,0.6505486882256195,0.8795215867127062,0.0,0.906329293400371,0.9897143105219647,0.9291313506751745,24,25,24.0,48.0,300,0.0,0.0,18.59960435301923,11.361907665469264,1.9635379197179952,,,
S3,Stationary_WN,0.18600251257343536,0.15993991599296564,0.0,0.547136874140774,0.21400718429091248,0.32023169625433157,None,2,,,300,0.0,0.0,0.0,0.0,9.63555456991859,,,
S4,Trending_RandomWalkDrift,0.20945193686636154,0.8493696448198007,0.0,0.0,0.725698337746369,0.0,None,150,,,300,,,0.0,0.0,1.0328686543725367,,,0.12218784271728832
S1,Composite,0.9959857590663365,0.951427050615046,0.0,0.9983584239939381,0.9783808062830294,0.5910676387217916,48,50,48.0,96.0,300,0.32705302575506157,1.5562922255019906e-05,11.613040096132163,2.1310068579729524,1.314604165713378,,,
S2,Seasonal,0.47126318530992695,0.9159787561067654,0.0,0.7249418010837032,0.9889475777775967,0.8811018580400481,48,50,48.0,96.0,300,0.0,0.0,24.552652427709724,9.668377699569684,1.8203268663207743,,,
S3,Stationary_WN,0.08626772408190908,0.18587013910231742,0.0,0.24999518463543569,0.2909891876535464,0.2984291747783696,None,5,,,300,0.0,0.0,0.0,0.0,13.295010982158333,,,
S4,Trending_RandomWalkDrift,0.9810872518462234,0.24302241500660082,0.0,0.9966069494080605,0.6284462088086413,0.8301213868549145,None,24,,,300,,,0.0,0.0,0.8873415394586492,,,-0.2066715671979087
S1,Composite,0.9822345169106683,0.856010867288602,0.0,0.999242234345921,0.9924709790686266,0.9586370697269562,36,38,36.0,72.0,300,0.2912581749482846,-3.095683763809949e-05,11.651673902368838,7.906753853494488,1.0434151911519907,,,
S2,Seasonal,0.47985156283812924,0.8311141333950977,0.0,0.6498658087473299,0.9589853395990281,0.8131638215772681,36,38,36.0,72.0,300,0.0,0.0,10.851051255484887,6.116973802193493,1.7563527884661647,,,
S3,Stationary_AR,0.1462488387555524,0.18380215154407853,0.0,0.13062813662488915,0.4143064386288229,0.47459063216545994,None,13,,,300,0.0,0.0,0.0,0.0,5.0,0.42647306307538607,,
S4,Trending_ExponentialGrowth,0.9797017587770565,0.17415157423399874,0.0,0.987862933053168,0.3361478349739474,0.395173357922767,None,24,,,300,,,0.0,0.0,1.1255568521927042,,,
S1,Composite,0.991186098197269,0.9670168590911183,0.0,0.999816462821148,0.9992826074766631,0.9797087106351107,48,50,48.0,96.0,300,-0.3890434104737134,-1.5208179520258411e-05,24.025894166889845,7.640056627207228,0.6741155861221981,,,
S2,Seasonal,0.17310883154217194,0.9440657556737078,0.0,0.5237525283989274,0.9943713161707046,0.9168449037397992,48,50,48.0,96.0,300,0.0,0.0,29.037846158492595,6.440455496210315,1.797857581349663,,,
S3,Stationary_WN,0.10128040928941129,0.22795611575474128,0.0,0.5498901794311621,0.3174754584537972,0.36357989159185544,None,2,,,300,0.0,0.0,0.0,0.0,8.3539072770905,,,
S4,Trending_MeanShift,0.9999393805183632,0.999756503209474,0.0,0.9999132560942325,0.9996497771743406,0.0,None,150,,,300,,,0.0,0.0,1.141694705801713,,150.0,
S1,Composite,0.9704270228717659,0.9063208851689945,0.0,0.9967852445195222,0.9880006882723515,0.8959698893699186,36,38,36.0,72.0,300,0.24479102246684012,-4.983781200974669e-05,16.101216166857615,7.449625382102339,1.4472944031734087,,,
S2,Seasonal,0.4775353889461662,0.977692393247063,0.0,0.8844948437166894,0.9986554721002242,0.9455364344310897,36,38,36.0,72.0,300,0.0,0.0,29.87114618587865,5.386085095516341,0.9607157595347775,,,
S3,Stationary_WN,0.08022891338842042,0.24166500280575087,0.0,0.2336431356530917,0.3178172188397773,0.26534090897402574,None,9,,,300,0.0,0.0,0.0,0.0,12.111216071539006,,,
S4,Trending_ExponentialGrowth,0.9990402549846203,0.13821971192751537,0.0,0.999604813533844,0.49929486501479925,0.579693790152845,None,24,,,300,,,0.0,0.0,0.531075412673383,,,
S1,Composite,0.9819408862822271,0.9455129567831969,0.0,0.99933213574786,0.9978805053926639,0.9641711227386336,48,50,48.0,96.0,300,0.2475530409455534,1.8138919588036004e-05,18.106187085422313,7.3865683405127065,0.923712857209589,,,
S2,Seasonal,0.10811660314380245,0.9522889707796324,0.0,0.7428800230329801,0.997978557563206,0.964619488244396,48,50,48.0,96.0,300,0.0,0.0,28.63601079167474,5.369262170097554,0.8892654118954342,,,
S3,Stationary_WN,0.10517402964386036,0.08836721742564457,0.0,0.38399684875517814,0.1473451409110107,0.38391803737090946,None,3,,,300,0.0,0.0,0.0,0.0,9.561980822876972,,,
S4,Trending_ExponentialGrowth,0.9952411165127002,0.22221067259233362,0.0,0.996838337069808,0.4140249504360177,0.32220896564013235,None,24,,,300,,,0.0,0.0,0.7516639579075042,,,
S1,Composite,0.9867333013447436,0.9729682817098517,0.0,0.9990852410427513,0.9981499369030071,0.9326404688880425,12,12,12.0,24.0,300,-0.1978291730677914,-1.7745906584451984e-05,17.437342196347693,5.713481342677742,0.8021395985763492,,,
S2,Seasonal,0.6868879128770295,0.9676498342284614,0.0,0.8169577849349873,0.9941763071850465,0.8229215279387635,12,12,12.0,24.0,300,0.0,0.0,20.637978709145866,6.432623281963105,1.5443793724663646,,,
S3,Stationary_WN,0.28388698061035766,0.16687335704030304,0.0,0.5036921789727845,0.25652593806270807,0.33796037247261357,None,3,,,300,0.0,0.0,0.0,0.0,7.386569562707052,,,
S4,Trending_MeanShift,0.9999151591828078,0.9996625488902443,0.0,0.999938778108949,0.9997550365270942,0.2771305224776155,None,150,,,300,,,0.0,0.0,0.8592073371774759,,150.0,
S1,Composite,0.9891353216309455,0.895659327534211,0.0,0.999597130732898,0.9954606442811859,0.9638158935975784,24,25,24.0,48.0,300,0.35719731979480995,-3.38278753930927e-05,13.283935902467764,7.81506366966151,0.8357361589353596,,,
S2,Seasonal,0.6379010642351057,0.9665574367397537,0.0,0.9468663376177586,0.9986961615209027,0.9650346948149567,24,25,24.0,48.0,300,0.0,0.0,26.526366749334567,8.00212131271754,0.9243525203228355,,,
S3,Stationary_AR,0.24482805986275857,0.3488087210511045,0.0,0.4413548090102476,0.5225447322400298,0.5825172933567356,None,24,,,300,0.0,0.0,0.0,0.0,5.0,0.44628875156392833,,
S4,Trending_RandomWalkDrift,0.9925331699248522,0.7151346222736181,0.0,0.02717120020549979,0.0,0.0,None,100,,,300,,,0.0,0.0,0.7418891492432766,,,0.48125269286432903
S1,Composite,0.9919877301810178,0.9592755872295566,0.0,0.9996829621522842,0.9982382636138429,0.9611275640797698,24,25,24.0,48.0,300,0.3743389837471909,-1.579245007155961e-05,20.03014082791804,6.878368054618932,0.907204580148842,,,
S2,Seasonal,0.6406457278470118,0.9465967668946322,0.0,0.9286175696724143,0.9970786259505685,0.9518636210953147,24,25,24.0,48.0,300,0.0,0.0,26.72970642739434,10.579507872513437,1.6294708773904278,,,
S3,Stationary_AR,0.08045520131041917,0.32924284754976685,0.0,0.09770555930398439,0.6407491042691067,0.6382802220822592,None,38,,,300,0.0,0.0,0.0,0.0,5.0,0.5825102989355343,,
S4,Trending_RandomWalkDrift,0.9897931184974278,0.15468348902989326,0.0,0.9991756337564451,0.7678534566100907,0.9186328523287974,None,24,,,300,,,0.0,0.0,0.6934492034330471,,,0.46446691076297464
S1,Composite,0.9940226325309727,0.917507623976049,0.0,0.9994330258473322,0.9905533752886937,0.9060112362870072,36,38,36.0,72.0,300,0.3266645573291685,-2.0341472921617388e-05,10.18117172132019,4.469849355450241,0.9893905348829551,,,
S2,Seasonal,0.6740634222936688,0.8435024950053506,0.0,0.9301831815360823,0.9874360463517323,0.9360366102993121,36,38,36.0,72.0,300,0.0,0.0,13.209064456177597,10.073385136933148,1.5636219540991754,,,
S3,Stationary_AR,0.266240563768505,0.359398146485605,0.0,0.34663703596257145,0.4606037070366592,0.4180108738333542,None,23,,,300,0.0,0.0,0.0,0.0,5.0,0.5703192575791957,,
S4,Trending_MeanShift,0.9998973753592033,0.9995894242803716,0.0,0.999905289666509,0.999623408391802,0.07923767943568749,None,150,,,300,,,0.0,0.0,1.1022653988232092,,150.0,
S1,Composite,0.9788921144829181,0.9293887821993722,0.0,0.9984261576729123,0.993879260340751,0.9277866686505802,36,38,36.0,72.0,300,0.26614740521018954,-4.990521868723825e-05,17.078937574006282,7.064633142654051,1.341440515978456,,,
S2,Seasonal,0.6253114912412194,0.9538707512994515,0.0,0.9800206193667068,0.9992284793244647,0.985415845886433,36,38,36.0,72.0,300,0.0,0.0,22.150809976198524,7.681105574448472,0.5741811548469834,,,
S3,Stationary_WN,0.01978904699820483,0.27184916534576664,0.0,0.07008409562540308,0.4609023259723468,0.3663561947622346,None,17,,,300,0.0,0.0,0.0,0.0,6.531894294648505,,,
S4,Trending_RandomWalkDrift,0.990284040109138,0.39469762041757095,0.0,0.9985217667577885,0.8640563397095821,0.8496771358627779,None,24,,,300,,,0.0,0.0,1.2123334209564265,,,0.18182761189914012
S1,Composite,0.9908278778825734,0.9754318419049662,0.0,0.9982013697316106,0.9947221147244506,0.8011096150729305,36,38,36.0,72.0,300,0.3168292995392972,1.6331987338048017e-05,24.36632536734507,2.9352131352767517,1.2861599542592972,,,
S2,Seasonal,0.5726130896017304,0.9050293690385702,0.0,0.7846206484804731,0.9823328020129063,0.8477804027904419,36,38,36.0,72.0,300,0.0,0.0,16.067804293929704,7.488584596428745,1.8402103017782623,,,
S3,Stationary_WN,0.10030764824134197,0.027590465961966903,0.0,0.38079256603788547,0.0732415693656322,0.32331253986480857,None,3,,,300,0.0,0.0,0.0,0.0,6.6227946140617675,,,
S4,Trending_MeanShift,0.9999512207375489,0.9998049628559228,0.0,0.9999304946715747,0.9997214963100228,0.0,None,150,,,300,,,0.0,0.0,0.7926856188835693,,150.0,
S1,Composite,0.9877661587025534,0.9680008639101901,0.0,0.9984719672896933,0.9957513323996722,0.8766804518657877,48,50,48.0,96.0,300,0.27093191205203315,-3.697384824912278e-05,20.03340003004741,5.090165227859561,1.0516954978108983,,,
S2,Seasonal,0.6184795884436189,0.8848272025131364,0.0,0.9262965284514839,0.9936172821397916,0.9514248851974078,48,50,48.0,96.0,300,0.0,0.0,17.01055633882623,9.924593986885153,1.2316149985842921,,,
S3,Stationary_AR,0.15280877693544725,0.25040600865424734,0.0,0.4064962196799793,0.5770658420037156,0.6850677006540049,None,38,,,300,0.0,0.0,0.0,0.0,5.0,0.5521325489722999,,
S4,Trending_MeanShift,0.9998855208720321,0.999545468953688,0.0,0.999846350679004,0.9993945486545389,0.0,None,150,,,300,,,0.0,0.0,1.0595716620986437,,150.0,
S1,Composite,0.9657482268129635,0.9164838726639192,0.0,0.9991196090172558,0.9977773823127274,0.9760453675494628,48,50,48.0,96.0,300,0.19888089405600864,-4.521265310346465e-05,15.021639516787298,7.891652691036606,0.8415269643085984,,,
S2,Seasonal,0.2344647031664896,0.9241182291681578,0.0,0.5746880545254748,0.9921390433804397,0.9108972692097005,48,50,48.0,96.0,300,0.0,0.0,25.370415904568397,7.036482772355898,1.3168982227403792,,,
S3,Stationary_WN,0.11317798879836727,0.14975083007714696,0.0,0.4128474095283243,0.23660803139851128,0.3711430119276855,None,4,,,300,0.0,0.0,0.0,0.0,8.642403824574334,,,
S4,Trending_RandomWalkDrift,0.9882345132433985,0.0987664944212352,0.0,0.9985912713940288,0.5725970583763923,0.8876476226087372,None,24,,,300,,,0.0,0.0,1.4984983215679963,,,0.11094311864149704
S1,Composite,0.9954999237697985,0.9774448735641388,0.0,0.9991953623766308,0.9953739027770423,0.8212051898665357,24,25,24.0,48.0,300,-0.3890058876887944,4.198679309312773e-05,20.244151643850294,2.9765541527343897,1.1431631736425638,,,
S2,Seasonal,0.6194019102130872,0.9476866843839339,0.0,0.8942203109413834,0.9960655294376001,0.933892426430711,24,25,24.0,48.0,300,0.0,0.0,17.27673291148443,6.50952170253675,1.087324492857159,,,
S3,Stationary_WN,0.1852675760243464,0.20706514386261798,0.0,0.40164243516670106,0.3466612598123644,0.31138786582807876,None,5,,,300,0.0,0.0,0.0,0.0,13.174500957366737,,,
S4,Trending_RandomWalkDrift,0.9946407351602671,0.1826003167191722,0.0,0.9994760664438594,0.7622721814359001,0.9049907297978879,None,24,,,300,,,0.0,0.0,1.2055995996578035,,,-0.3273338689485865
S1,Composite,0.9718030900270399,0.8996380494944645,0.0,0.9928911774874885,0.970447338579113,0.757778500007094,36,38,36.0,72.0,300,-0.15480720249101423,4.1840959296620654e-05,8.674074051980737,3.3201302206427474,1.2766875251052803,,,
S2,Seasonal,0.024465667206765795,0.9878973933097068,0.0,0.12818177979662837,0.9975930359321254,0.8172531736330915,36,75,36.0,72.0,300,0.0,0.0,14.17888684730626,11.969709939397685,0.7832446709082782,,,
S3,Stationary_AR,0.2220431165397201,0.5059395918616599,0.0,0.3563496144736319,0.7038293381019932,0.6091662157247745,None,50,,,300,0.0,0.0,0.0,0.0,5.0,0.6860632614260949,,
S4,Trending_MeanShift,0.9999530022749671,0.9998104812820316,0.0,0.9998770973843715,0.9995006831661678,0.0,None,150,,,300,,,0.0,0.0,0.8319197949492296,,150.0,
S1,Composite,0.9466639389506224,0.9645092840429325,0.0,0.9955034299121108,0.9970652666598837,0.9230502159795506,48,50,48.0,96.0,300,0.13690256131729311,-4.382537698902988e-05,20.796001350982014,6.173393908897002,1.0835302352013425,,,
S2,Seasonal,0.5107989758086706,0.9392349237017693,0.0,0.7825267692867381,0.9927217322081494,0.8920493672861353,48,50,48.0,96.0,300,0.0,0.0,15.915134773003565,5.626019340468561,1.0882624499033846,,,
S3,Stationary_AR,0.0,0.6980946945755275,0.0,0.009939158380844582,0.7348678204163573,0.10911237445982025,None,150,,,300,0.0,0.0,0.0,0.0,5.0,0.5053892135587973,,
S4,Trending_ExponentialGrowth,0.9728498010931987,0.30259852365573203,0.0,0.9821704102534619,0.3986003779276549,0.3252659833514533,None,24,,,300,,,0.0,0.0,1.2572103750855042,,,
S1,Composite,0.9434332219225695,0.9520384733550744,0.0,0.9979402541592842,0.9983351085603359,0.967722018734553,48,50,48.0,96.0,300,0.11423627140657719,4.4410724118530135e-05,19.204210720250337,7.547422982868237,0.7718017501410288,,,
S2,Seasonal,0.24352357530235336,0.9466508345327298,0.0,0.6715952416357642,0.9957476841615963,0.9299573677056028,48,50,48.0,96.0,300,0.0,0.0,28.9604348953333,6.876701444036185,1.6462233159303494,,,
S3,Stationary_WN,0.16747004901176132,0.21559213278001743,0.0,0.20031895361649765,0.3402796378837074,0.23489098202241587,None,9,,,300,0.0,0.0,0.0,0.0,11.539813913552504,,,
S4,Trending_MeanShift,0.9998108781431598,0.999242149054697,0.0,0.9998044028685411,0.9992358176914491,0.0,None,150,,,300,,,0.0,0.0,1.388625967781624,,150.0,
S1,Composite,0.9940094196973407,0.9736561382096067,0.0,0.9998030204871329,0.999131703996123,0.9675284734938328,12,12,12.0,24.0,300,-0.3814576326729219,3.174151735362195e-05,21.489283127080725,7.140253280508115,0.6846546179553533,,,
S2,Seasonal,0.7234656484902916,0.9548700660408362,0.0,0.9204247516615627,0.9964229895956395,0.9231658530690721,12,12,12.0,24.0,300,0.0,0.0,21.93647444273177,8.956446847159544,1.3766592217370481,,,
S3,Stationary_WN,0.1098654841167177,0.06191813502193044,0.0,0.3948664061230833,0.11189735085129704,0.27666485749358616,None,3,,,300,0.0,0.0,0.0,0.0,8.683630737047903,,,
S4,Trending_ExponentialGrowth,0.9840020666356502,0.2460448975284919,0.0,0.9900730914045326,0.40303789725677386,0.3800286323868739,None,24,,,300,,,0.0,0.0,0.7748578247544367,,,
S1,Composite,0.9567324705385438,0.9526556750507592,0.0,0.9941005015499701,0.9933359336382037,0.873899977029398,36,38,36.0,72.0,300,-0.22838956838883742,2.7136714806525655e-05,24.990296095864792,5.266908515394885,1.0946352307644487,,,
S2,Seasonal,0.31075068720406496,0.9178825384450734,0.0,0.6978232739844048,0.9877150985930817,0.879246326837021,36,38,36.0,72.0,300,0.0,0.0,15.0729125512837,4.3191662305121845,1.164129556954772,,,
S3,Stationary_AR,0.10653130196945637,0.31402488123818295,0.0,0.23673227424276688,0.6406677064351284,0.6872733010675686,None,43,,,300,0.0,0.0,0.0,0.0,5.0,0.4495229139151919,,
S4,Trending_ExponentialGrowth,0.9793316240905758,0.07142773431387961,0.0,0.9876748124691361,0.31325771382187806,0.39998251861474077,None,24,,,300,,,0.0,0.0,1.3125679430768766,,,
S1,Composite,0.9735265891689425,0.9384987589730809,0.0,0.9958436117858844,0.9898269461216467,0.8517879345561965,48,50,48.0,96.0,300,-0.16431385349143207,2.451849217792803e-05,11.815236616945656,4.685369813894512,1.195123768862386,,,
S2,Seasonal,0.5626403574025205,0.9730431953800384,0.0,0.8263736865332543,0.997103957838936,0.8998146180856128,48,50,48.0,96.0,300,0.0,0.0,22.03357326569287,5.361323228051551,1.22579212250311,,,
S3,Stationary_AR,0.10664845644897913,0.2634620014102067,0.0,0.17339231493221874,0.39550673916832046,0.39063766720214343,None,20,,,300,0.0,0.0,0.0,0.0,5.0,0.47045759397237535,,
S4,Trending_RandomWalkDrift,0.9499544871257516,0.16160303132789267,0.0,0.9946475855258025,0.6911658082900571,0.8941978768027492,None,24,,,300,,,0.0,0.0,1.2499416001002959,,,-0.10766423281994349
S1,Composite,0.967230108030252,0.9698933879039431,0.0,0.9932558174585379,0.9933100061823679,0.8010371677151996,48,50,48.0,96.0,300,-0.1290657278195745,4.206050296318059e-05,14.458181223060778,2.3216965904366162,1.2137700717043702,,,
S2,Seasonal,0.5723837125663953,0.9566821336484533,0.0,0.8036243179337816,0.9940566752499314,0.8740291587030369,48,50,48.0,96.0,300,0.0,0.0,21.738116979490044,6.613871648767939,1.590184596143002,,,
S3,Stationary_WN,0.06747581957823101,0.20184210877522546,0.0,0.2720520843243075,0.35024618327017865,0.4798123928903846,None,8,,,300,0.0,0.0,0.0,0.0,9.729926361698993,,,
S4,Trending_RandomWalkDrift,0.9870998780658917,0.41588103121339604,0.0,0.7182826733212606,0.0,0.0,None,100,,,300,,,0.0,0.0,1.492877278961025,,,0.4444619495142449
S1,Composite,0.9761610792584079,0.9751923496152801,0.0,0.9985817576610141,0.9984954303787534,0.9430018048887502,48,50,48.0,96.0,300,0.18238964501822466,4.269420198285213e-05,24.707006810833377,6.348677626774488,1.006005913580424,,,
S2,Seasonal,0.6844803251504179,0.9022000050576098,0.0,0.9592931217061569,0.995926060182153,0.963276405169872,48,50,48.0,96.0,300,0.0,0.0,12.07165665141105,7.191046653297414,0.89151439899783,,,
S3,Stationary_WN,0.15006600698736283,0.11310556458476151,0.0,0.3967921365094853,0.18261113719425293,0.35810057853347865,None,3,,,300,0.0,0.0,0.0,0.0,5.38896872252042,,,
S4,Trending_MeanShift,0.9997200321743597,0.9988847178495341,0.0,0.9998009223606796,0.9992175723262633,0.2925516433323144,None,150,,,300,,,0.0,0.0,1.0448074542337151,,150.0,
S1,Composite,0.8978037740865403,0.9569679334279441,0.0,0.9932638251789995,0.9974978855601506,0.9484808581103662,24,25,24.0,48.0,300,0.10475151859376705,-1.5588281938258266e-05,22.9313650112258,7.978901283913666,1.1087441244091472,,,
S2,Seasonal,0.03741766182224637,0.9818217020730367,0.0,0.2450151733660907,0.9988722836173016,0.9434451175210746,24,50,24.0,48.0,300,0.0,0.0,16.922849419046678,11.40203284850016,0.7953262269418435,,,
S3,Stationary_WN,0.26241280787516763,0.28123661446141135,0.0,0.35477814043095546,0.3438288015005053,0.24238985814130565,None,4,,,300,0.0,0.0,0.0,0.0,5.161241787363304,,,
S4,Trending_ExponentialGrowth,0.9857312507007884,0.2858633422093114,0.0,0.9903371597357016,0.4202164418457721,0.30974870208561156,None,24,,,300,,,0.0,0.0,0.994235645422318,,,
S1,Composite,0.9960663121245145,0.9661339716935929,0.0,0.9985052704411655,0.9872912090294518,0.6237603809745198,12,12,12.0,24.0,300,0.3287088747603373,-3.769763447941936e-05,13.2567725356732,2.5561283279470794,1.4919473003216943,,,
S2,Seasonal,0.7515572024768793,0.9349524230737123,0.0,0.9845351255762952,0.9988693440280644,0.9835836797491481,12,12,12.0,24.0,300,0.0,0.0,20.146207392703804,10.762357962901493,0.6926258505912735,,,
S3,Stationary_WN,0.19103757040171854,0.20633821600845614,0.0,0.4358102196095912,0.27955733782635783,0.29110795392458777,None,3,,,300,0.0,0.0,0.0,0.0,13.754472570247497,,,
S4,Trending_MeanShift,0.9999793712657409,0.9999174518828567,0.0,0.9999805186220159,0.999922342340428,0.056489820778031774,None,150,,,300,,,0.0,0.0,0.5176581996691207,,150.0,
S1,Composite,0.9892082706086672,0.9437800444374987,0.0,0.9994035523151229,0.9964604414366335,0.9458472266992475,36,38,36.0,72.0,300,-0.32928482438664813,1.0325886632724407e-05,16.71720339321653,6.140762216870383,1.1829606917360533,,,
S2,Seasonal,0.6177681907974529,0.9064859146772176,0.0,0.9191388383692457,0.9934756774338112,0.9427624352873563,36,38,36.0,72.0,300,0.0,0.0,14.116190318738637,7.229749024877204,1.0276947049636784,,,
S3,Stationary_AR,0.10880654954078062,0.27172460833816736,0.0,0.17653020930588514,0.3657382863758992,0.46689123543875555,None,15,,,300,0.0,0.0,0.0,0.0,5.0,0.420726228870772,,
S4,Trending_MeanShift,0.99993110483055,0.999724817058272,0.0,0.9999542002655317,0.9998165710126575,0.3343061287875425,None,150,,,300,,,0.0,0.0,1.2910712696217255,,150.0,
S1,Composite,0.992718993745852,0.9712737594667666,0.0,0.9991951101457545,0.9964820940756804,0.8904374118565732,24,25,24.0,48.0,300,0.16156464767701537,-2.3579841734228135e-05,9.457827958662158,2.1273735331816175,0.5047163930271039,,,
S2,Seasonal,0.6713816048076902,0.8994621255572122,0.0,0.9560344881633209,0.9959076950848845,0.9659126190724837,24,25,24.0,48.0,300,0.0,0.0,18.221574197672368,10.402135980301725,1.200875750946192,,,
S3,Stationary_AR,0.07392351568159417,0.29950092620544955,0.0,0.09268793041236134,0.5612039613068052,0.5432530125985953,None,38,,,300,0.0,0.0,0.0,0.0,5.0,0.5073733853853237,,
S4,Trending_RandomWalkDrift,0.8329261909357737,0.6575142300328505,0.0,0.9374979453585017,0.8858296160215126,0.6757942886971962,None,150,,,300,,,0.0,0.0,0.7788485498326431,,,-0.3999511212196879
S1,Composite,0.9809644507833036,0.9083277084375403,0.0,0.9981100903094892,0.9909684069532232,0.9069974211016814,12,12,12.0,24.0,300,0.23627964692954306,2.271515103853407e-05,13.263636904851634,7.800273641442522,1.4568649696803375,,,
S2,Seasonal,0.7314788924924307,0.8523282050840084,0.0,0.9305694153523341,0.9878708555825684,0.9282507816424442,12,12,12.0,24.0,300,0.0,0.0,13.756093419526925,11.000130880710984,1.7944903812466304,,,
S3,Stationary_AR,0.0987907804567486,0.7567308435952514,0.0,0.0,0.7397736994585027,0.0,None,150,,,300,0.0,0.0,0.0,0.0,5.0,0.48869451425088034,,
S4,Trending_MeanShift,0.9999796684690624,0.9999188185507791,0.0,0.9999867460754901,0.9999471003081895,0.34815173066179983,None,150,,,300,,,0.0,0.0,1.185329491794053,,150.0,
S1,Composite,0.9893162964972628,0.8810114343347814,0.0,0.9990301883348162,0.9869682755425865,0.9109009188981309,36,38,36.0,72.0,300,0.3295603138318443,-1.8532855378863238e-05,11.289841020683596,6.874593628929923,1.395220362095584,,,
S2,Seasonal,0.5826421280724251,0.9568616523383495,0.0,0.9463416540333366,0.9983980046954853,0.967847560590827,36,38,36.0,72.0,300,0.0,0.0,26.107779636904077,8.121235265385671,1.0252525700618913,,,
S3,Stationary_WN,0.03584368780606351,0.011648067431743514,0.0,0.550309049069992,0.061418125123711365,0.4615840089013036,None,2,,,300,0.0,0.0,0.0,0.0,12.81555748159614,,,
S4,Trending_ExponentialGrowth,0.9877332864677604,0.14092565509054933,0.0,0.9910252773870303,0.3289758286071848,0.2660752390589226,None,24,,,300,,,0.0,0.0,0.6833015808239891,,,
S1,Composite,0.9827216938158563,0.9153667186385491,0.0,0.9985174702159457,0.9914315085491884,0.9171407376955046,36,38,36.0,72.0,300,-0.2952214549892634,3.0236893010601514e-05,14.915792551872826,6.051485577128478,0.9802970730261695,,,
S2,Seasonal,0.6069683384879867,0.9112809272348211,0.0,0.9056380356720889,0.9931423313471782,0.9355743264522283,36,38,36.0,72.0,300,0.0,0.0,17.90507653060193,8.429853286112106,1.4702536636445793,,,
S3,Stationary_WN,0.049597541629335495,0.22592717697772313,0.0,0.05303819156625755,0.3812752708803101,0.35587911029881136,None,12,,,300,0.0,0.0,0.0,0.0,7.290077665454265,,,
S4,Trending_MeanShift,0.9999420416654704,0.9997680452554907,0.0,0.999941783463587,0.9997664291077489,0.0,None,150,,,300,,,0.0,0.0,0.7062768681206314,,150.0,
S1,Composite,0.9928493010142228,0.9701506741026964,0.0,0.9998403150028955,0.9993286711032898,0.9779918483942952,12,12,12.0,24.0,300,-0.38819388185411074,2.348532679155063e-05,22.59825889843507,7.960042873708301,0.6346121838672549,,,
S2,Seasonal,0.7170758479941994,0.9502248751564849,0.0,0.9024805113562274,0.9951632353885813,0.905104798443301,12,12,12.0,24.0,300,0.0,0.0,23.96114834640847,10.183799928947012,1.8481186179846896,,,
S3,Stationary_WN,0.010538129113461414,0.20018676474349373,0.0,0.056724230308002555,0.3804794454705065,0.4305656005473788,None,27,,,300,0.0,0.0,0.0,0.0,5.949730143024292,,,
S4,Trending_MeanShift,0.999661005681032,0.9986492362607164,0.0,0.9994856465893897,0.9979410873036199,0.0,None,150,,,300,,,0.0,0.0,1.3662709958270793,,150.0,
S1,Composite,0.9939248585126531,0.9758254653830358,0.0,0.9991633851895018,0.9966619523489263,0.8635028975448429,12,12,12.0,24.0,300,-0.25035932905999836,1.3445229148915933e-05,14.914897301296596,4.257650718934865,0.9257926968112131,,,
S2,Seasonal,0.6642527989781415,0.9570195913488871,0.0,0.7556312246180469,0.9905559401735279,0.7869520651875397,12,12,12.0,24.0,300,0.0,0.0,18.26288657650551,6.6222530952482215,1.948971229901303,,,
S3,Stationary_WN,0.11408672997101132,0.2326084485106189,0.0,0.3348969728638077,0.3339854705939581,0.3546164445747195,None,5,,,300,0.0,0.0,0.0,0.0,12.826244403505413,,,
S4,Trending_RandomWalkDrift,0.9942845500496953,0.8795467369670189,0.0,0.9896450429758883,0.7674333641324603,0.0,None,150,,,300,,,0.0,0.0,1.0251449259118512,,,0.4442784227573139
S1,Composite,0.9795949102644592,0.9091960858866758,0.0,0.9986274232315093,0.9937673306485001,0.9356557539418794,12,12,12.0,24.0,300,-0.20908123409645746,2.595861788305265e-05,11.241592716418356,6.945027762841095,0.9840776625317995,,,
S2,Seasonal,0.7244514442500898,0.9884348965853456,0.0,0.8986515651416372,0.9987987860806218,0.896793541939152,12,12,12.0,24.0,300,0.0,0.0,20.452316270858418,4.241391000712333,0.774941795959323,,,
S3,Stationary_WN,0.15939830608725236,0.10236697584567922,0.0,0.5955761809473286,0.17282440725737536,0.41675069238113305,None,2,,,300,0.0,0.0,0.0,0.0,12.334012898785968,,,
S4,Trending_MeanShift,0.9997944557063381,0.9991702051627926,0.0,0.999783813777115,0.9991350320586504,0.0,None,150,,,300,,,0.0,0.0,1.1726038802482361,,150.0,
S1,Composite,0.9603743743371322,0.9285379856795514,0.0,0.9983400652766543,0.9969988479408725,0.962047488493259,48,50,48.0,96.0,300,-0.11314183228557702,-1.7780579260028506e-05,10.44252319999207,4.964793076546492,0.6137772889430928,,,
S2,Seasonal,0.2585528031587545,0.8948930975132585,0.0,0.4837856240642524,0.9806747879186559,0.8477234063427688,48,50,48.0,96.0,300,0.0,0.0,19.832665943770078,7.078433753233883,1.8617658160266677,,,
S3,Stationary_WN,0.10925516420975512,0.34281840324768964,0.0,0.13837029504889253,0.45193898081150874,0.3140803650645031,None,15,,,300,0.0,0.0,0.0,0.0,10.1115331092759,,,
S4,Trending_ExponentialGrowth,0.9884600672621652,0.14435365488726404,0.0,0.9923182200194753,0.313937244679801,0.31625620181668346,None,24,,,300,,,0.0,0.0,0.5657075053582044,,,
S1,Composite,0.9958678227636213,0.9459717197701296,0.0,0.9989227261091675,0.9849064218069981,0.740931667999736,48,50,48.0,96.0,300,-0.3401979864831576,-3.402486499452592e-05,11.250998358118725,2.889271897857463,1.3799986787111345,,,
S2,Seasonal,0.5699580305042478,0.9447318380220928,0.0,0.799966054651542,0.9925206010897293,0.8767773240619918,48,50,48.0,96.0,300,0.0,0.0,20.384856560142026,7.4073049071717065,1.7678287603615264,,,
S3,Stationary_AR,0.10811018526527738,0.4732520274606118,0.0,0.2878972017696576,0.8074519716288537,0.7472355434874169,None,50,,,300,0.0,0.0,0.0,0.0,5.0,0.6849366193417132,,
S4,Trending_RandomWalkDrift,0.9879628937952696,0.8675518986593812,0.0,0.9937872028835101,0.9217142434012848,0.5061254150945137,None,150,,,300,,,0.0,0.0,0.6386899840177265,,,-0.24705101803542517
S1,Composite,0.9735772545739212,0.8959217759920935,0.0,0.9970309752109068,0.9864976815396922,0.8906764741578912,48,50,48.0,96.0,300,-0.3742093995877227,-3.4261800512927785e-05,22.4051772985934,7.194062413127692,1.0827681566094665,,,
S2,Seasonal,0.6895886859521048,0.8941309453951544,0.0,0.9849865338350716,0.998373268042565,0.9864636793132094,48,50,48.0,96.0,300,0.0,0.0,13.430151968218144,8.33267313328242,0.5625181554291101,,,
S3,Stationary_WN,0.125228652626035,0.17164987288296274,0.0,0.28831727641061644,0.24675833905566835,0.20305821437856186,None,5,,,300,0.0,0.0,0.0,0.0,5.789191361694753,,,
S4,Trending_RandomWalkDrift,0.981436774085205,0.0,0.0,0.9973288514588635,0.507537647504558,0.8613935469047822,None,24,,,300,,,0.0,0.0,0.5758251543552608,,,-0.473184338434276
S1,Composite,0.994650011130387,0.969770744202428,0.0,0.9996515142059639,0.9978447665544034,0.9356281230185937,24,25,24.0,48.0,300,-0.3385924931091001,-1.2416643322614084e-05,17.320592162196775,4.727396402411855,0.8093394397544988,,,
S2,Seasonal,0.6119694454149132,0.890999972376692,0.0,0.8233394963383203,0.9852254311995944,0.8866493112483685,24,25,24.0,48.0,300,0.0,0.0,12.55587505721802,7.097738254335472,1.599636314141689,,,
S3,Stationary_AR,0.13236247228406328,0.26594684341512076,0.0,0.31727702746346365,0.5204658755850551,0.6161768044075797,None,13,,,300,0.0,0.0,0.0,0.0,5.0,0.45162132339960853,,
S4,Trending_MeanShift,0.9999792026279587,0.9999167676746377,0.0,0.9999080108194471,0.9996235908442257,0.0,None,150,,,300,,,0.0,0.0,0.7430499613187007,,150.0,
S1,Composite,0.9938753033005163,0.9763282476219358,0.0,0.9991744369429647,0.9963358994846645,0.8658043659264059,24,25,24.0,48.0,300,-0.37713004625097213,-1.2316338581947127e-05,23.36520723350328,3.6006150003538933,1.0171731485985314,,,
S2,Seasonal,0.5963008544156347,0.9832579212507254,0.0,0.9387160058266449,0.9994191760435139,0.968217677015797,24,25,24.0,48.0,300,0.0,0.0,27.370962694471224,5.396967763984505,0.6267370011547911,,,
S3,Stationary_WN,0.052933903366212065,0.2937112384463513,0.0,0.0764089312032602,0.4613662418898238,0.32184674477391517,None,19,,,300,0.0,0.0,0.0,0.0,9.205182524421435,,,
S4,Trending_MeanShift,0.9996887294899011,0.9987731396917668,0.0,0.9991445328870973,0.9967395653612303,0.0,None,150,,,300,,,0.0,0.0,1.2485310363689224,,150.0,
S1,Composite,0.9871705236785805,0.863834791891069,0.0,0.9988136277126742,0.9864320153872862,0.9115184695076667,12,12,12.0,24.0,300,0.2800166106515569,1.2065259049755316e-05,10.044989354002153,7.65390949498674,1.285840804611404,,,
S2,Seasonal,0.7151552430291447,0.9406905212095511,0.0,0.8844570493924995,0.9934801684344458,0.8955401400145815,12,12,12.0,24.0,300,0.0,0.0,23.18884392311968,10.675206935987834,1.9122513718263843,,,
S3,Stationary_WN,0.27662895433877066,0.14825293546771645,0.0,0.46567973797763285,0.21060912827304945,0.2985765919934933,None,3,,,300,0.0,0.0,0.0,0.0,11.067103894376217,,,
S4,Trending_MeanShift,0.9999131519149315,0.9996521976467239,0.0,0.9999519667462707,0.9998065480461211,0.4452998800760525,None,150,,,300,,,0.0,0.0,1.1927434551157319,,150.0,
S1,Composite,0.9960865188014557,0.979151266715705,0.0,0.9997879692196262,0.998747265768785,0.9459172218727853,36,38,36.0,72.0,300,0.3782468939720207,-1.5877502734595094e-05,19.92596336465642,3.3045831212325236,0.588887844763151,,,
S2,Seasonal,0.6602654122716145,0.9114177158485539,0.0,0.9841081077109489,0.9986351465533833,0.9872033184276563,36,38,36.0,72.0,300,0.0,0.0,17.94429049941074,9.422161121356844,0.5476079194796488,,,
S3,Stationary_AR,0.04044959871117715,0.24542077773518722,0.0,0.1262940992824667,0.6129762941751554,0.6540373751337238,None,60,,,300,0.0,0.0,0.0,0.0,5.0,0.6106185241257653,,
S4,Trending_ExponentialGrowth,0.9917675032405662,0.20637947522755606,0.0,0.9941543942064266,0.3031840642512341,0.28588243858905604,None,24,,,300,,,0.0,0.0,0.7535012019225056,,,
S1,Composite,0.9917422110907745,0.9388407973072506,0.0,0.9984949073320684,0.9885806385795745,0.8201735694896076,12,12,12.0,24.0,300,-0.29943811504191536,2.743853578226662e-05,12.429274582989681,5.737679389890107,1.4472520571375804,,,
S2,Seasonal,0.7502024819284527,0.9507118382467388,0.0,0.9868093608490999,0.9992934280098049,0.9862147582311858,12,12,12.0,24.0,300,0.0,0.0,24.943946524078594,11.409520343026145,0.6922827044495725,,,
S3,Stationary_AR,0.1178488415643133,0.3601485666837936,0.0,0.19689363579126173,0.691239071052457,0.5760408659262274,None,60,,,300,0.0,0.0,0.0,0.0,5.0,0.5195185038892054,,
S4,Trending_ExponentialGrowth,0.9901322570272337,0.18483682249290867,0.0,0.9947210670270754,0.44361139906061375,0.45549876176175474,None,24,,,300,,,0.0,0.0,1.4687109570761274,,,
S1,Composite,0.9977962287935735,0.9742443435213357,0.0,0.9998370756272635,0.9978286850643757,0.9259045884298353,48,50,48.0,96.0,300,0.3587629756263393,2.3549743507762838e-05,13.057614082555332,2.1238144775259804,0.5060132953083173,,,
S2,Seasonal,0.6889111769185299,0.9117636000044136,0.0,0.9836714388685116,0.9985818630761819,0.985577815110311,48,50,48.0,96.0,300,0.0,0.0,14.893940553567742,8.396999756377745,0.5885426835027395,,,
S3,Stationary_WN,0.06243983412174969,0.2358037537081995,0.0,0.34647150613010036,0.32075626231897425,0.2959071553269139,None,4,,,300,0.0,0.0,0.0,0.0,12.105781091029762,,,
S4,Trending_ExponentialGrowth,0.9907459128205306,0.1705533985650053,0.0,0.9946304618243257,0.44187111729123174,0.42039533210528224,None,24,,,300,,,0.0,0.0,0.7257892518516654,,,
S1,Composite,0.9574566624648065,0.846999413645058,0.0,0.997814376636467,0.9922116055715368,0.9555924718401211,12,12,12.0,24.0,300,0.1480680267737339,-1.7574450372655e-05,9.006601632039764,7.704157753908383,0.883641930025989,,,
S2,Seasonal,0.7342464290116326,0.9868192222883818,0.0,0.9346761528115946,0.9991170461180616,0.9335824248409197,12,12,12.0,24.0,300,0.0,0.0,23.727780161205395,5.159792038961051,0.7806130759080281,,,
S3,Stationary_AR,0.15465115743853552,0.23910974239773886,0.0,0.24208698302104914,0.3612755942716429,0.5299905305547499,None,16,,,300,0.0,0.0,0.0,0.0,5.0,0.4671123921135264,,
S4,Trending_MeanShift,0.9999841726438455,0.9999363737799405,0.0,0.999988596258381,0.9999543581436029,0.28057706414781525,None,150,,,300,,,0.0,0.0,0.5421846556660471,,150.0,
S1,Composite,0.9840701220280716,0.9355611208828238,0.0,0.997753839773961,0.9898739208886272,0.8632513545288552,24,25,24.0,48.0,300,-0.22514369865233852,-1.8724155712077437e-05,13.770833462015528,5.188282825805143,1.434833993607143,,,
S2,Seasonal,0.6301689522828879,0.9671460636625355,0.0,0.9288896315776732,0.9983615266874349,0.9551805097838602,24,25,24.0,48.0,300,0.0,0.0,26.893935273245916,8.030309736105409,1.1258297824773411,,,
S3,Stationary_WN,0.173134841432541,0.0911554395684192,0.0,0.5995915848482534,0.13867038997212688,0.3619453604298909,None,2,,,300,0.0,0.0,0.0,0.0,7.766048149613207,,,
S4,Trending_MeanShift,0.9999451734136995,0.9997816933448933,0.0,0.99990330968842,0.9996147996374461,0.0,None,150,,,300,,,0.0,0.0,1.1897447847423992,,150.0,
S1,Composite,0.9888625800981163,0.938901511709015,0.0,0.9990552918468625,0.993998566215248,0.9161962091566014,36,38,36.0,72.0,300,0.20578222675260377,4.219268836466696e-05,11.366000967209445,4.309840286437984,0.763722405110569,,,
S2,Seasonal,0.5835729344977062,0.9192971612628805,0.0,0.8693369015367083,0.9916358439240485,0.9128180410355667,36,38,36.0,72.0,300,0.0,0.0,16.3077721222204,7.199453662002187,1.5638982141778222,,,
S3,Stationary_AR,0.16585978512349553,0.3804672879830755,0.0,0.3544302246417179,0.6890943565202254,0.6565355176478069,None,60,,,300,0.0,0.0,0.0,0.0,5.0,0.5969623091698768,,
S4,Trending_ExponentialGrowth,0.9952373837751718,0.2888348838501883,0.0,0.9969070695204952,0.4157798452053494,0.340087431539585,None,24,,,300,,,0.0,0.0,1.1461829532877439,,,
S1,Composite,0.9891248983619503,0.8749488517972873,0.0,0.9993201928733828,0.9904893271592391,0.9385957939272109,36,38,36.0,72.0,300,0.2619834670388086,-3.030341226826183e-05,8.846932531759826,5.637059126988156,0.9710259199570302,,,
S2,Seasonal,0.6177129146376314,0.9268576900378169,0.0,0.9089174064874919,0.9943158175485143,0.9343019952239804,36,38,36.0,72.0,300,0.0,0.0,27.079607985872602,11.585818157700292,1.9935966989343683,,,
S3,Stationary_AR,0.1107445290585305,0.3149594716751001,0.0,0.20127048726721353,0.6005967355881512,0.6031448453984107,None,43,,,300,0.0,0.0,0.0,0.0,5.0,0.6007884498575209,,
S4,Trending_ExponentialGrowth,0.9891397411284768,0.21970848974168522,0.0,0.9938213274931369,0.41780288766990203,0.42328492056620826,None,24,,,300,,,0.0,0.0,1.493391603086371,,,
S1,Composite,0.9898860513934329,0.9751678866960558,0.0,0.9979725885854798,0.9950624029348064,0.8020488405331979,12,12,12.0,24.0,300,-0.15204657579141706,-3.6039458751206156e-05,12.709073553459486,3.335196739847506,0.9168771313104209,,,
S2,Seasonal,0.6396119067309709,0.9752709435257867,0.0,0.7015122743142972,0.9935792150672756,0.7450810910962855,12,12,12.0,24.0,300,0.0,0.0,21.801615182912244,5.2500595734524325,1.898796924016041,,,
S3,Stationary_WN,0.15006350712399152,0.09558607974444822,0.0,0.4309460283195229,0.1391672350722457,0.2847297696939909,None,3,,,300,0.0,0.0,0.0,0.0,6.6790815805502355,,,
S4,Trending_RandomWalkDrift,0.9900850836377049,0.8716545879242947,0.0,0.9807070427636659,0.8067296427975975,0.0,None,150,,,300,,,0.0,0.0,1.214965458657188,,,0.38339883685870335
S1,Composite,0.9915966643905826,0.9000753198261726,0.0,0.9993985556424915,0.9915619779263701,0.9292542204670289,48,50,48.0,96.0,300,0.3762046525883481,-2.0297206799451775e-05,12.63382597820611,4.191164469957484,0.8379797207816001,,,
S2,Seasonal,0.4661157575755682,0.9289643072707007,0.0,0.8450921184161311,0.995537203832,0.9419422208987924,48,50,48.0,96.0,300,0.0,0.0,29.45488912895896,10.64843043299364,1.4854976461606957,,,
S3,Stationary_WN,0.07509815220865101,0.3193073941306215,0.0,0.10584835154361127,0.3840791210305351,0.18901780976499127,None,8,,,300,0.0,0.0,0.0,0.0,13.606421213292409,,,
S4,Trending_RandomWalkDrift,0.9884737964203318,0.0214023086950611,0.0,0.9986047151147338,0.5560280633390025,0.8821647333110592,None,24,,,300,,,0.0,0.0,1.4233017794845173,,,0.2620305543505366
S1,Composite,0.9532001030669097,0.9564075312471085,0.0,0.9985516191479177,0.99846463258136,0.9709609476162898,48,50,48.0,96.0,300,-0.1760634966568999,-2.0474905311292492e-05,22.601320309500192,3.8576819946840786,0.5791541481524729,,,
S2,Seasonal,0.6766933259933031,0.9214220902670813,0.0,0.9529183464440413,0.9964696698773302,0.9596150657543742,48,50,48.0,96.0,300,0.0,0.0,22.418644174383996,11.578178555961866,1.553852243018188,,,
S3,Stationary_AR,0.1337117769504188,0.2734550805319669,0.0,0.2494290169037522,0.570321558416031,0.6427878490212751,None,25,,,300,0.0,0.0,0.0,0.0,5.0,0.6028878846716502,,
S4,Trending_ExponentialGrowth,0.9773327132871944,0.12220159736978575,0.0,0.9833481142560581,0.32600462470182545,0.22072101205143257,None,24,,,300,,,0.0,0.0,1.4420510712342174,,,
S1,Composite,0.9893061000543317,0.9294802261636061,0.0,0.9998612448488943,0.9989489087400298,0.9873489917212787,36,38,36.0,72.0,300,-0.3856866242143753,2.9883375713415503e-05,17.056877520964335,7.789013946877542,0.5338645908753212,,,
S2,Seasonal,0.0037231173904662684,0.9757893142380858,0.0,0.004464642382451256,0.9911706108410641,0.6823231469919367,36,75,36.0,72.0,300,0.0,0.0,11.50545693372868,11.528113429687412,1.4987760559278271,,,
S3,Stationary_WN,0.013255480452121327,0.30146881445380724,0.0,0.0692075337384287,0.46252089706212984,0.3257207820727428,None,43,,,300,0.0,0.0,0.0,0.0,10.676919901190397,,,
S4,Trending_MeanShift,0.9997818175102231,0.999130799575131,0.0,0.9997760366771743,0.9991084488466684,0.0,None,150,,,300,,,0.0,0.0,1.3713071118790818,,150.0,
S1,Composite,0.9986771854617783,0.9798686075083797,0.0,0.9997893960895069,0.9967762265230175,0.8406628950752439,12,12,12.0,24.0,300,-0.28807803168290413,1.0825066461699554e-05,8.855344899255048,2.292984209075533,0.5589390634664412,,,
S2,Seasonal,0.7411130821568097,0.9881581145724877,0.0,0.9520012532014777,0.9994163559371327,0.9510815010827018,12,12,12.0,24.0,300,0.0,0.0,28.968509084104547,6.1958294231887265,0.7343125890230915,,,
S3,Stationary_WN,0.15456259644037906,0.1081169735248757,0.0,0.3600219223399771,0.21246263222880302,0.3276767954802682,None,4,,,300,0.0,0.0,0.0,0.0,7.768342233749398,,,
S4,Trending_MeanShift,0.9999818964004131,0.9999275044764845,0.0,0.9999194673661064,0.9996736437672398,0.0,None,150,,,300,,,0.0,0.0,0.6173220747589864,,150.0,
S1,Composite,0.9756734682454429,0.9423728891664789,0.0,0.997126519642235,0.9926502105707691,0.8879763864848389,24,23,24.0,48.0,300,-0.18956835614810064,1.1961882798128745e-05,14.581385774130986,6.2291036276480005,1.2986242917964261,,,
S2,Seasonal,0.6522085648086293,0.9214628643252477,0.0,0.929325188119559,0.9955741572086908,0.9510233832734819,24,25,24.0,48.0,300,0.0,0.0,13.040814233163587,6.485293642200851,0.8901793708806789,,,
S3,Stationary_AR,0.2836911667189701,0.3064442689383461,0.0,0.2987392454041885,0.44679158439770184,0.38061746084781434,None,9,,,300,0.0,0.0,0.0,0.0,5.0,0.48943853340087173,,
S4,Trending_ExponentialGrowth,0.9982438821514988,0.21791319926598074,0.0,0.998983504783075,0.4042202291446053,0.40968223907104573,None,24,,,300,,,0.0,0.0,1.1689949258838883,,,
S1,Composite,0.9766954288237488,0.9770369829774563,0.0,0.9982601366461247,0.9983489365553392,0.9294072129826267,12,12,12.0,24.0,300,-0.16896585991468321,4.719437942205075e-05,19.408022387789895,5.6896724123485924,0.8546647727268666,,,
S2,Seasonal,0.738739605334803,0.9878725413239974,0.0,0.9461411533374071,0.9993435189313519,0.9462469355027318,12,12,12.0,24.0,300,0.0,0.0,28.55134537434858,6.252699074341649,0.7872520607805082,,,
S3,Stationary_WN,0.2385170817349218,0.22068880075146646,0.0,0.368998073059718,0.3054995792688223,0.2966777088161844,None,4,,,300,0.0,0.0,0.0,0.0,5.569143712004715,,,
S4,Trending_RandomWalkDrift,0.9954426976064148,0.07861156940642167,0.0,0.9994640978548138,0.6485675355408866,0.8827731397017339,None,24,,,300,,,0.0,0.0,0.8607278152039363,,,0.46547283192029465
S1,Composite,0.934457133844616,0.9463299911944432,0.0,0.9903479671809452,0.99158209446727,0.8664593632972611,36,38,36.0,72.0,300,-0.12984859432647525,1.1370616256820072e-05,16.798728784795088,3.329026936339474,0.7731220677719541,,,
S2,Seasonal,0.5363686503549481,0.9674184189195153,0.0,0.8976181192052062,0.9978082861112068,0.9408831096574914,36,38,36.0,72.0,300,0.0,0.0,23.293796440499747,5.838049799196625,1.213367061002613,,,
S3,Stationary_WN,0.231387157641335,0.22942309132661098,0.0,0.34668833393808385,0.2922354098454094,0.24655840934180306,None,4,,,300,0.0,0.0,0.0,0.0,7.020090399960337,,,
S4,Trending_RandomWalkDrift,0.9404157499368374,0.07723038369457436,0.0,0.9934396003913939,0.761399326855241,0.9039965557303842,None,24,,,300,,,0.0,0.0,1.4624656220810222,,,-0.2764878375995901
S1,Composite,0.9714426869591634,0.9797233766702835,0.0,0.996048649584927,0.9973271465457972,0.8698343508610454,12,12,12.0,24.0,300,-0.1547275046659912,-1.0948578029984613e-05,23.570786868836052,6.062704159179018,1.3642893339418367,,,
S2,Seasonal,0.7305053961361112,0.9698757673704308,0.0,0.919961987230266,0.9975655730067068,0.9206835989658048,12,12,12.0,24.0,300,0.0,0.0,26.668136088308714,8.796524589457844,1.3722855987672709,,,
S3,Stationary_AR,0.1327604785993045,0.2487743045009322,0.0,0.2770773946183902,0.6709047040084415,0.7502517436239041,None,33,,,300,0.0,0.0,0.0,0.0,5.0,0.6988761480037566,,
S4,Trending_ExponentialGrowth,0.9991163350509928,0.3138218468847026,0.0,0.999563225602077,0.5817425036485246,0.4992273190943104,None,24,,,300,,,0.0,0.0,0.5987172442008395,,,
S1,Composite,0.9927494172778883,0.9400735804110033,0.0,0.999147074969773,0.9927242805196528,0.8838714456966525,12,12,12.0,24.0,300,-0.29913049078217513,2.565358831911095e-05,11.901108847241707,5.57815807257796,1.0999651207369605,,,
S2,Seasonal,0.7326012634825289,0.9789441495459725,0.0,0.9319486663667516,0.9985383379899135,0.9313848280819421,12,12,12.0,24.0,300,0.0,0.0,24.109395250950644,6.849420704557647,0.9617953553428559,,,
S3,Stationary_AR,0.1227583418449063,0.2674027486688595,0.0,0.30888902821240316,0.457420351967721,0.5171654639200889,None,23,,,300,0.0,0.0,0.0,0.0,5.0,0.4033794897533827,,
S4,Trending_ExponentialGrowth,0.9968671702359919,0.31826514953583196,0.0,0.9978566103475482,0.39617978400122755,0.3102725039182015,None,24,,,300,,,0.0,0.0,1.3463639208866236,,,
S1,Composite,0.9940866476618971,0.950376489294835,0.0,0.9998213288766231,0.9984716727263937,0.9704639186258079,12,12,12.0,24.0,300,0.31563560763692233,4.752711653559156e-05,13.665832873415003,6.184766385895491,0.5827786431084012,,,
S2,Seasonal,0.7427047373728777,0.9344025400956161,0.0,0.9593287636682788,0.9970392851074872,0.9574099655940972,12,12,12.0,24.0,300,0.0,0.0,20.328278053501244,10.546624933718142,1.2431657249396237,,,
S3,Stationary_AR,0.1637983058876582,0.3111886661142925,0.0,0.2322633463428151,0.46855603643291455,0.5265822177402233,None,27,,,300,0.0,0.0,0.0,0.0,5.0,0.49505565149406416,,
S4,Trending_RandomWalkDrift,0.9830138964928812,0.18215883872228178,0.0,0.9974074697906405,0.7134886483657855,0.8471630955603027,None,24,,,300,,,0.0,0.0,1.2247989768104686,,,0.16894627678913823
S1,Composite,0.9948924342264678,0.9301594564695508,0.0,0.9998568034794024,0.99777522037069,0.9723083656494025,24,25,24.0,48.0,300,-0.3961924664502928,-1.9598325276230912e-05,12.837250832534757,6.090866982991608,0.5894862916820954,,,
S2,Seasonal,0.6307488208369112,0.8567656426830689,0.0,0.8674346920340634,0.9837800666584444,0.906924450707236,24,25,24.0,48.0,300,0.0,0.0,13.675702124021692,9.080444844947078,1.6582212072080291,,,
S3,Stationary_AR,0.13357300570378827,0.2890003576556248,0.0,0.31026387561460855,0.5838397883146754,0.7403605982146904,None,25,,,300,0.0,0.0,0.0,0.0,5.0,0.6544965486604701,,
S4,Trending_RandomWalkDrift,0.9960329406839646,0.16643995489903862,0.0,0.9993012007462813,0.4939139917031963,0.8295081924793231,None,24,,,300,,,0.0,0.0,1.0129865539715373,,,0.47674842878679946
S1,Composite,0.9935014530393548,0.99107152229369,0.0,0.9989052778526798,0.9984001992456022,0.8318846966097435,48,50,48.0,96.0,300,0.20390533630128133,-3.174799704674742e-05,20.71605024219453,2.168405988444311,0.7861645657194835,,,
S2,Seasonal,0.5895370766962911,0.9431713352658924,0.0,0.8896562077072576,0.9958966611514493,0.9321699259574212,48,50,48.0,96.0,300,0.0,0.0,22.797476307169333,8.637331702572002,1.4950852592108779,,,
S3,Stationary_WN,0.08310424053987364,0.30867381145243034,0.0,0.18412026883258814,0.3725234343860343,0.339816067154747,None,12,,,300,0.0,0.0,0.0,0.0,13.845422610314596,,,
S4,Trending_RandomWalkDrift,0.983555387147951,0.07863352388195921,0.0,0.9987059676656483,0.7246191738658574,0.9245013583201698,None,24,,,300,,,0.0,0.0,1.2408490965184698,,,0.390315827133512
S1,Composite,0.9886366147011226,0.9649992897167747,0.0,0.9978079626190874,0.9924073279236569,0.8077665548930986,36,38,36.0,72.0,300,0.2432368784074669,-3.841452613960696e-05,16.291419608737186,3.2879722816320642,1.2145552048055446,,,
S2,Seasonal,0.4249253772729188,0.963838100711212,0.0,0.6505612716841742,0.9914189316503964,0.7885444666241063,36,38,36.0,72.0,300,0.0,0.0,21.251692901736945,4.215617371915749,1.9095170812393092,,,
S3,Stationary_WN,0.0380733479503963,0.07238894633711135,0.0,0.5137539288286845,0.12224787808905402,0.3471530004161698,None,2,,,300,0.0,0.0,0.0,0.0,5.406505451492839,,,
S4,Trending_MeanShift,0.9999772887713252,0.999908925095637,0.0,0.9999806214000605,0.9999221329369973,0.14549100545961247,None,150,,,300,,,0.0,0.0,0.7282939314250102,,150.0,
S1,Composite,0.8827726009389075,0.9094597349197427,0.0,0.987732519510067,0.9896505214419449,0.9115872973793884,36,38,36.0,72.0,300,-0.1508683629095393,-1.9386620499961817e-05,21.782382485611024,7.110518599032755,1.2585109045129328,,,
S2,Seasonal,0.6262243715721042,0.9536037108673368,0.0,0.9813352155873624,0.9992652281223958,0.9862572789445908,36,38,36.0,72.0,300,0.0,0.0,25.279138838828473,8.682271578314264,0.566144373271954,,,
S3,Stationary_AR,0.08769806668351798,0.16532432522826512,0.0,0.23415288985533678,0.5446547560395303,0.7053830556515877,None,43,,,300,0.0,0.0,0.0,0.0,5.0,0.6715517401031665,,
S4,Trending_MeanShift,0.9998698863814618,0.9994762761815911,0.0,0.9996830643759347,0.9987092327934001,0.0,None,150,,,300,,,0.0,0.0,0.7264868078587027,,150.0,
S1,Composite,0.9817802060358685,0.9848451353497442,0.0,0.999175863117034,0.9992578288301123,0.956662011426293,24,25,24.0,48.0,300,0.173807633217827,-1.1494428590700331e-05,23.23724731414595,3.3062378217559925,0.5439534169733975,,,
S2,Seasonal,0.6493105534917197,0.962693209973139,0.0,0.9598709540572813,0.9988624166992098,0.972632503701194,24,25,24.0,48.0,300,0.0,0.0,24.97500497829536,8.240842583532427,0.8538470551652824,,,
S3,Stationary_AR,0.2283415009737444,0.17003330552859508,0.0,0.3878586530285921,0.3388812066139971,0.548038656890322,None,14,,,300,0.0,0.0,0.0,0.0,5.0,0.5813840948066347,,
S4,Trending_ExponentialGrowth,0.9878748193774005,0.2807512326796293,0.0,0.9932926485528775,0.4110098245478718,0.4469663284117641,None,24,,,300,,,0.0,0.0,1.1211099523865866,,,
S1,Composite,0.9587819598084736,0.9748347585292801,0.0,0.9921461023877228,0.9949981317995503,0.8131656609890493,36,38,36.0,72.0,300,0.12804356205576553,2.5544324797901043e-05,22.37812822870532,2.6550367950106915,1.1510133413511765,,,
S2,Seasonal,0.6429537545907282,0.9046787354414528,0.0,0.9500090730499182,0.9956531059947317,0.9623794487838355,36,38,36.0,72.0,300,0.0,0.0,17.977481898228643,9.698116096600149,0.8915205382905488,,,
S3,Stationary_WN,0.0997983102199187,0.10868530465952386,0.0,0.25253715106790575,0.27686662566389453,0.2932800039927438,None,6,,,300,0.0,0.0,0.0,0.0,12.149831267095871,,,
S4,Trending_MeanShift,0.9998752354803976,0.9994980506366116,0.0,0.9998934430579307,0.999575869859859,0.1486224011360373,None,150,,,300,,,0.0,0.0,1.0283807884932894,,150.0,
S1,Composite,0.9873166662332339,0.9815330177052797,0.0,0.9984456017455883,0.9977642413472206,0.8804183571283771,12,12,12.0,24.0,300,-0.18764001516413908,1.4379337137276164e-05,18.7145446710024,4.542954610964747,0.9863857993034525,,,
S2,Seasonal,0.7386427199553371,0.9222214787827855,0.0,0.9450056687182001,0.9953854885055643,0.943898608969461,12,12,12.0,24.0,300,0.0,0.0,17.314677420012234,9.749907246738104,1.2585581054876904,,,
S3,Stationary_AR,0.03798540264388073,0.442202386963372,0.0,0.0,0.2637094257132767,0.0,None,100,,,300,0.0,0.0,0.0,0.0,5.0,0.6447876785654276,,
S4,Trending_ExponentialGrowth,0.9884019646361056,0.2015576316955604,0.0,0.9925414649415393,0.34888174091803337,0.34638972178365013,None,24,,,300,,,0.0,0.0,1.2387600793085631,,,
S1,Composite,0.9824449620757952,0.8791691913958398,0.0,0.9980826242738247,0.9841797694116334,0.8943112144431754,36,38,36.0,72.0,300,0.24549875756598954,3.850246362230398e-05,11.56588704084857,6.923564960554143,1.381191335943921,,,
S2,Seasonal,0.6269312206547373,0.822444364938437,0.0,0.9066327672574308,0.9842768081688841,0.9325842047883618,36,38,36.0,72.0,300,0.0,0.0,14.586750771154094,10.989030518797748,1.86815008198319,,,
S3,Stationary_WN,0.11498576831246132,0.00751653099033156,0.0,0.5286577010648639,0.030241160144168888,0.3961797664543666,None,2,,,300,0.0,0.0,0.0,0.0,12.696902979426122,,,
S4,Trending_MeanShift,0.999881426883339,0.9995238440272869,0.0,0.9998902494552582,0.9995570153473227,0.07225924050885546,None,150,,,300,,,0.0,0.0,1.0740170936120614,,150.0,
S1,Composite,0.995370559514055,0.9412216022740852,0.0,0.9994687776371196,0.9923322558457656,0.8861460770233022,24,25,24.0,48.0,300,-0.35213635547873556,-4.101348279312616e-05,12.026031460632002,4.5203609690264885,1.168148450573995,,,
S2,Seasonal,0.6470206048074498,0.9162241859649591,0.0,0.9022701102154774,0.9933548817529113,0.9317010902634565,24,25,24.0,48.0,300,0.0,0.0,12.645205253690918,6.28014547124799,1.072789145658549,,,
S3,Stationary_AR,0.30720467093157156,0.2717781079185375,0.0,0.47676614984284027,0.5146844128130172,0.5479590818056225,None,11,,,300,0.0,0.0,0.0,0.0,5.0,0.6405735724343091,,
S4,Trending_ExponentialGrowth,0.9778471749919042,0.18950813790307142,0.0,0.9841508357277645,0.29950831923644594,0.27858271742756613,None,24,,,300,,,0.0,0.0,1.2640180526112799,,,
S1,Composite,0.9447249417823832,0.9527307051345452,0.0,0.9950635869794013,0.9958536676689332,0.9192276857717548,48,50,48.0,96.0,300,0.12885831984391224,2.3280635958067302e-05,20.040617013350165,6.877196386491395,1.33087387110912,,,
S2,Seasonal,0.6893003166394032,0.9447390710361341,0.0,0.989159435357146,0.9994127031591337,0.990233305760405,48,50,48.0,96.0,300,0.0,0.0,25.146755727828577,10.961648552532594,0.5237933570973856,,,
S3,Stationary_AR,0.006139798741803371,0.26535474429681105,0.0,0.00831323965902031,0.6541445649248725,0.6162008111667996,None,75,,,300,0.0,0.0,0.0,0.0,5.0,0.569204422830178,,
S4,Trending_RandomWalkDrift,0.9823578244783203,0.0954844949527881,0.0,0.9980159835809503,0.8008897956275352,0.8968061150482581,None,24,,,300,,,0.0,0.0,1.3758404940770355,,,0.25648416188460066
S1,Composite,0.9939586872609493,0.9307811135362878,0.0,0.9988377138065712,0.9843484209010698,0.8096941127123745,36,38,36.0,72.0,300,0.35894551400213004,-3.659873198136994e-05,12.368371594780466,3.9096788159566005,1.2888293101348787,,,
S2,Seasonal,0.5533135087997758,0.86409044334811,0.0,0.7374306602975731,0.9692484458374416,0.8145515389118553,36,38,36.0,72.0,300,0.0,0.0,10.267226996359533,5.756850719151871,1.7036274000118063,,,
S3,Stationary_WN,0.11523835823374984,0.15175248298774158,0.0,0.38652917363512485,0.2158545497188099,0.33385235512361455,None,3,,,300,0.0,0.0,0.0,0.0,5.5371717901990625,,,
S4,Trending_MeanShift,0.9997817812995594,0.9991165959093542,0.0,0.9998120625956183,0.9992423508718465,0.1405091578184331,None,150,,,300,,,0.0,0.0,1.1185665306353978,,150.0,
S1,Composite,0.9299225038914295,0.9754750669224136,0.0,0.9958361445377245,0.998830316563814,0.953329912053414,12,12,12.0,24.0,300,0.10040959310859529,-1.9580581005245094e-05,22.704899511565085,7.041142741611273,0.7933900672377243,,,
S2,Seasonal,0.7073774290467008,0.946479563966217,0.0,0.8624169121765244,0.9931228453843641,0.8745228858976454,12,12,12.0,24.0,300,0.0,0.0,24.051843037499413,10.23127841015528,1.8987747703527933,,,
S3,Stationary_AR,0.2520536955228525,0.3649136349839942,0.0,0.24963197230013767,0.536429092331318,0.48187030276531895,None,10,,,300,0.0,0.0,0.0,0.0,5.0,0.5061823642764645,,
S4,Trending_MeanShift,0.999852251203433,0.9994083010752881,0.0,0.9991152299793714,0.9962968552599654,0.0,None,150,,,300,,,0.0,0.0,1.3684920175855588,,150.0,
S1,Composite,0.9955902787153111,0.9839200539468361,0.0,0.999309706132342,0.9974953739940969,0.8458833838148545,12,12,12.0,24.0,300,0.3817543331879103,1.869262804768862e-05,24.62503425618941,5.671134396951707,1.2619116650929167,,,
S2,Seasonal,0.738286206403205,0.9406951249033072,0.0,0.943741092576681,0.9963670889315241,0.9412644393224828,12,12,12.0,24.0,300,0.0,0.0,17.83177795800839,8.689734140475846,1.1578097930286106,,,
S3,Stationary_WN,0.03143039958828342,0.1654113565908989,0.0,0.10651438038051175,0.3136572956974911,0.29479587257042916,None,25,,,300,0.0,0.0,0.0,0.0,7.55249848080383,,,
S4,Trending_RandomWalkDrift,0.9832279769175627,0.5826259142698564,0.0,0.9931851333042507,0.8537399359497571,0.6321337750986981,None,150,,,300,,,0.0,0.0,0.7483659436441754,,,-0.2911255681568717
S1,Composite,0.9823244730074625,0.8902623233360762,0.0,0.9987473713422623,0.99152644055988,0.9321411206546485,48,50,48.0,96.0,300,-0.1614806704190773,-4.7795269453195215e-05,8.028454330922987,4.6956642112828035,0.8038261248697641,,,
S2,Seasonal,0.3999035205750012,0.8557454455480121,0.0,0.7247457058525892,0.9845287697672584,0.9029908281365611,48,50,48.0,96.0,300,0.0,0.0,23.676679159670535,11.740713196439703,1.9757194306383037,,,
S3,Stationary_AR,0.35218168544329354,0.23393199644841467,0.0,0.44993942566032685,0.3223239396195495,0.4942276332734514,None,10,,,300,0.0,0.0,0.0,0.0,5.0,0.5183736322348863,,
S4,Trending_RandomWalkDrift,0.9885007742171249,0.23399489240563343,0.0,0.9982622802160638,0.7107553649113618,0.8548611474159662,None,24,,,300,,,0.0,0.0,0.530502339924966,,,-0.3147127745927697
S1,Composite,0.965387066566054,0.9636942745467489,0.0,0.9978006548894722,0.9976580327098088,0.940973987938135,48,50,48.0,96.0,300,-0.20231523669258247,-4.0483137499937094e-05,24.936207527739032,7.296249709160284,1.1426218429080257,,,
S2,Seasonal,0.569534555922567,0.9572453820155914,0.0,0.8795874862688682,0.996722288814025,0.9314003162565998,48,50,48.0,96.0,300,0.0,0.0,28.00348094435273,8.88974081342652,1.5458536842756745,,,
S3,Stationary_AR,0.08355611565840626,0.3442082610590621,0.0,0.06677813257840137,0.5890833337382808,0.606030532562209,None,60,,,300,0.0,0.0,0.0,0.0,5.0,0.5817060347100633,,
S4,Trending_MeanShift,0.9999841759552927,0.9999367396202841,0.0,0.9999832793025129,0.9999333518642107,0.0,None,150,,,300,,,0.0,0.0,0.5240065045638812,,150.0,
S1,Composite,0.9877360845877438,0.9575172645889289,0.0,0.9993379014445275,0.9975792354657664,0.9470884374873889,48,50,48.0,96.0,300,0.28600966763080776,1.613131587254984e-05,19.589410994506608,6.942062185601042,1.0946188613132544,,,
S2,Seasonal,0.3870919446925677,0.8277404309575332,0.0,0.7254695537735731,0.9860684941684831,0.9261473074982378,48,50,48.0,96.0,300,0.0,0.0,19.63368191753704,10.690343092762356,1.8634854821557707,,,
S3,Stationary_WN,0.1341205789038299,0.04765673925708813,0.0,0.603259223673132,0.0738738213968424,0.34939277441912675,None,2,,,300,0.0,0.0,0.0,0.0,8.395289631397356,,,
S4,Trending_ExponentialGrowth,0.998883501069172,0.19235116206012481,0.0,0.9995834156586383,0.5346727368863238,0.620486762907463,None,24,,,300,,,0.0,0.0,0.8425205896804919,,,
S1,Composite,0.9773119408110488,0.874721208544944,0.0,0.9965546407807339,0.979031065780386,0.8546359272054868,24,25,24.0,48.0,300,-0.1787593074264448,-3.158279110174263e-05,9.256475116640514,5.121315284480364,1.3222338926100368,,,
S2,Seasonal,0.05120169309121103,0.9732843320571778,0.0,0.09395115110564356,0.9907922678966811,0.6921279705835424,24,50,24.0,48.0,300,0.0,0.0,13.337770582688062,11.419869645388424,1.6939782052017032,,,
S3,Stationary_WN,0.10152153698870037,0.3546105580817327,0.0,0.12716530709048623,0.52484672242252,0.348438675247039,None,17,,,300,0.0,0.0,0.0,0.0,8.01740194656311,,,
S4,Trending_ExponentialGrowth,0.9987442093776786,0.021316952653407828,0.0,0.9996904956627716,0.6365313878687753,0.7477760537984183,None,24,,,300,,,0.0,0.0,0.6901747373164894,,,
S1,Composite,0.9883221266457902,0.9590422547018592,0.0,0.9996724948917006,0.9987459357694681,0.9727206322296036,24,25,24.0,48.0,300,-0.34707332937698554,4.808176262117994e-05,21.38399553419028,7.210104588621815,0.7077411433890801,,,
S2,Seasonal,0.6552586028461107,0.9549024673263731,0.0,0.9663189718609113,0.9988345502361039,0.9769204527549163,24,25,24.0,48.0,300,0.0,0.0,29.79486628932639,10.99884280155188,0.9173442081301748,,,
S3,Stationary_WN,0.045667524029363915,0.18178069567101873,0.0,0.2926208538500136,0.3102229977924995,0.3512782302755538,None,5,,,300,0.0,0.0,0.0,0.0,6.784670148273609,,,
S4,Trending_RandomWalkDrift,0.6123204114014433,0.5749683356558859,0.0,0.6971478244966837,0.8279374480850308,0.40272377478633437,None,100,,,300,,,0.0,0.0,0.7756138314513688,,,-0.4065546559658636
S1,Composite,0.9858090931916069,0.983153152169421,0.0,0.9962365088329445,0.9952968567159732,0.7420150674804407,24,25,24.0,48.0,300,0.2023442062032053,4.838273192254981e-05,24.575858954400427,3.4694284372500936,1.0708324929455384,,,
S2,Seasonal,0.026542518436345808,0.9811406263781874,0.0,0.10305432120616242,0.9983651234443696,0.9212827367146209,24,50,24.0,48.0,300,0.0,0.0,11.774805396111683,7.773666983245632,0.7230050832436388,,,
S3,Stationary_AR,0.1772813234579249,0.5063430143194725,0.0,0.0,0.7118455659838443,0.4771155126232006,None,100,,,300,0.0,0.0,0.0,0.0,5.0,0.6042265156903012,,
S4,Trending_RandomWalkDrift,0.958699038548492,0.6884853897658525,0.0,0.7605606001469384,0.48855339644699824,0.0,None,150,,,300,,,0.0,0.0,1.1213087307423577,,,-0.23330059016091798
S1,Composite,0.9834138704747496,0.9161267600611763,0.0,0.997975320836987,0.9880580582582155,0.881426004721284,36,38,36.0,72.0,300,0.19502014981557347,2.590642621335651e-05,11.118268049440207,4.792127806267438,1.171839631903684,,,
S2,Seasonal,0.5345715589275322,0.9617663102470032,0.0,0.8232513001762609,0.995098107497638,0.8885572615971359,36,38,36.0,72.0,300,0.0,0.0,25.600182272559387,6.755958964497783,1.8455761704985865,,,
S3,Stationary_AR,0.15013255504081402,0.2567198883979084,0.0,0.25012476910865433,0.4527721154189319,0.5009928403575719,None,11,,,300,0.0,0.0,0.0,0.0,5.0,0.4349533704370512,,
S4,Trending_ExponentialGrowth,0.9957744157495168,0.25804221211944944,0.0,0.9973098732722596,0.4963617100908121,0.3527549010501805,None,24,,,300,,,0.0,0.0,0.7906193892494554,,,
S1,Composite,0.9952973912085292,0.9936359058397962,0.0,0.9994838092380649,0.9993049397092809,0.890998957287864,12,12,12.0,24.0,300,-0.23417449270539242,2.244416411567058e-05,23.93213952181947,3.4819159542339495,0.6709091188536173,,,
S2,Seasonal,0.7309754190082384,0.7742769575552335,0.0,0.9250236261547351,0.9785856623559226,0.9232432278688156,12,12,12.0,24.0,300,0.0,0.0,10.514881797712745,11.062867145581254,1.9073937651217978,,,
S3,Stationary_WN,0.04168431671915218,0.17198107384687544,0.0,0.28307076843350965,0.2947537801577128,0.3414667585092055,None,6,,,300,0.0,0.0,0.0,0.0,7.345609791362801,,,
S4,Trending_ExponentialGrowth,0.9917127839296642,0.28303409933974155,0.0,0.9935387566738088,0.3640147422708805,0.21246927777287317,None,24,,,300,,,0.0,0.0,1.2965123504500298,,,
S1,Composite,0.9620083352693476,0.8252173678019772,0.0,0.9989689608164978,0.9948669110303545,0.9752138214614258,48,50,48.0,96.0,300,-0.1786550242246585,1.811805923976535e-05,8.839490047490063,7.268551147689873,0.5203223998564572,,,
S2,Seasonal,0.40571526489465093,0.9270503545350024,0.0,0.6303219162009155,0.9850334475767882,0.8155383137536436,48,50,48.0,96.0,300,0.0,0.0,13.728557330466682,4.413530617528875,1.4256660992243524,,,
S3,Stationary_AR,0.10297461626681192,0.2202723487207262,0.0,0.25203426410522867,0.5958033187035995,0.6078659415740615,None,43,,,300,0.0,0.0,0.0,0.0,5.0,0.5011667551388428,,
S4,Trending_RandomWalkDrift,0.9940868291676987,0.8397032364980496,0.0,0.9288946845268378,0.0,0.0,None,150,,,300,,,0.0,0.0,0.8005256455118196,,,0.2905850548907101
S1,Composite,0.975943468136741,0.8957913177605271,0.0,0.9994200140668654,0.9973004837224654,0.977089331491556,48,50,48.0,96.0,300,0.19269814820744713,4.670531536579004e-05,12.156922792172054,7.469608271895921,0.666536595468948,,,
S2,Seasonal,0.37261414052935904,0.8969696965622181,0.0,0.7846840466456613,0.9928354872892341,0.938912371800179,48,50,48.0,96.0,300,0.0,0.0,23.589861387979788,9.27972292061628,1.2499786893459484,,,
S3,Stationary_AR,0.03269111817440207,0.2660489685113253,0.0,0.10727443241183887,0.49790845322688215,0.5065556177199848,None,43,,,300,0.0,0.0,0.0,0.0,5.0,0.4277281259724656,,
S4,Trending_ExponentialGrowth,0.9986460653765914,0.09687127566546172,0.0,0.9997358975478645,0.7436144704928751,0.7992000185375068,None,24,,,300,,,0.0,0.0,0.756617999704128,,,
S1,Composite,0.9977236756127514,0.9863543358147963,0.0,0.9997526389009748,0.9985184602273651,0.8922696114816779,12,12,12.0,24.0,300,0.29351439010689884,1.62990139998964e-05,14.89114201850478,3.270663082677113,0.5887444293954849,,,
S2,Seasonal,0.7188834785028888,0.9008200390568738,0.0,0.8880210831321824,0.988192973274245,0.8898945342139548,12,12,12.0,24.0,300,0.0,0.0,14.796534157764324,9.300955769269908,1.872657962735882,,,
S3,Stationary_AR,0.3718698655607561,0.29462308474595356,0.0,0.47273465636972867,0.5639952304060656,0.6057660674159897,None,8,,,300,0.0,0.0,0.0,0.0,5.0,0.6502049785357382,,
S4,Trending_RandomWalkDrift,0.9789328967322025,0.10684206577397648,0.0,0.9973025964866771,0.7120683246833153,0.8790917858462859,None,24,,,300,,,0.0,0.0,0.8310497613291995,,,0.1504930094587018
S1,Composite,0.9574666446917044,0.9519642010649351,0.0,0.9968893730833294,0.9965496575238514,0.9336616435030368,48,50,48.0,96.0,300,-0.1727358419211964,4.040935434736019e-05,17.857946799286907,6.792347941354915,1.134892134543752,,,
S2,Seasonal,0.6785813746253273,0.9173524890658579,0.0,0.9810425652931756,0.9985300978870937,0.9839758821697716,48,50,48.0,96.0,300,0.0,0.0,18.40783117402301,9.655040458638881,0.6935822579661028,,,
S3,Stationary_WN,0.13470717303299695,0.17030036839507423,0.0,0.36024596160157574,0.2321913919923907,0.2108879097909696,None,4,,,300,0.0,0.0,0.0,0.0,10.178851528205483,,,
S4,Trending_ExponentialGrowth,0.9969691218121222,0.2363668548456358,0.0,0.9982887014464058,0.47675552403117794,0.42584136058752986,None,24,,,300,,,0.0,0.0,1.2418536093964883,,,
S1,Composite,0.9958137668638748,0.9744504648460789,0.0,0.9988865824203571,0.9926526213458421,0.737122561224184,48,50,48.0,96.0,300,-0.3739137015581273,-1.1217590942961026e-05,18.16339675885451,2.6792204643278366,1.3296215988122462,,,
S2,Seasonal,0.680216614491631,0.9370383294608319,0.0,0.9815019451926168,0.9988991544028994,0.9839977781662347,48,50,48.0,96.0,300,0.0,0.0,22.44557560425702,10.321198598060214,0.8208867606830442,,,
S3,Stationary_WN,0.16608446820919465,0.20294499687994205,0.0,0.3541353870997608,0.29726242523215185,0.29881910733223593,None,4,,,300,0.0,0.0,0.0,0.0,10.484374941096826,,,
S4,Trending_ExponentialGrowth,0.998619275424199,0.2364673841524425,0.0,0.9995473677501231,0.6266700714108506,0.6649999609957988,None,24,,,300,,,0.0,0.0,1.1514739822092728,,,
S1,Composite,0.9741539439923164,0.8581803468761576,0.0,0.9992510193980851,0.9955155265117193,0.9728727278830402,48,50,48.0,96.0,300,-0.20097255343789772,4.900393027230488e-05,8.906863758853781,6.537379613917794,0.6250848656003202,,,
S2,Seasonal,0.14607358953048066,0.9338956846386688,0.0,0.6186949730020432,0.9957859797679399,0.9476727200773475,48,50,48.0,96.0,300,0.0,0.0,19.207547210798705,4.399904818358874,0.9266429988061751,,,
S3,Stationary_WN,0.1948450056737313,0.25639463861056966,0.0,0.33650545620610484,0.34497531646724044,0.3402697420707439,None,4,,,300,0.0,0.0,0.0,0.0,8.158942459172493,,,
S4,Trending_RandomWalkDrift,0.9979210513548035,0.985371671634793,0.0,0.9941383555905954,0.9550317916631522,0.0,None,150,,,300,,,0.0,0.0,0.6319112242882332,,,0.23309293635950326
S1,Composite,0.9865880297691908,0.9197870813097611,0.0,0.9993881247320807,0.9958916997059644,0.9556495838119649,24,25,24.0,48.0,300,-0.3184635107466345,1.6010373631804116e-05,14.993741568350815,7.362624224565355,1.0186533157764466,,,
S2,Seasonal,0.6505987188411473,0.9497823100966188,0.0,0.9547276605467245,0.9982543576100101,0.969252899823911,24,25,24.0,48.0,300,0.0,0.0,22.900041738455563,9.04923839560261,1.1380333059768941,,,
S3,Stationary_AR,0.0679914833444073,0.24091695799846147,0.0,0.17717734169647037,0.48882171224743043,0.6014482495229243,None,30,,,300,0.0,0.0,0.0,0.0,5.0,0.5257873944485356,,
S4,Trending_MeanShift,0.9999772072979837,0.9999087198977266,0.0,0.9996686010471876,0.9985998496608673,0.0,None,150,,,300,,,0.0,0.0,0.6732203568004395,,150.0,
S1,Composite,0.9779539968725546,0.9130086029836324,0.0,0.9988272106607544,0.9945230956492579,0.9488358456946268,36,38,36.0,72.0,300,0.2726998391716309,-1.8254614892949104e-05,16.636181975212807,7.594404333746427,1.0346424425058034,,,
S2,Seasonal,0.5496574385976338,0.8911022568665914,0.0,0.788461686940068,0.983791345254711,0.8785730807954267,36,38,36.0,72.0,300,0.0,0.0,13.018279617343048,6.41474459971019,1.5638821674480243,,,
S3,Stationary_WN,0.1892672369929208,0.21518534025519453,0.0,0.6105936830613056,0.28938901632541003,0.36543547496420814,None,2,,,300,0.0,0.0,0.0,0.0,14.888227377713527,,,
S4,Trending_ExponentialGrowth,0.9960407580961522,0.34644674582726154,0.0,0.9976968780925928,0.4680508889076358,0.4148238580205622,None,24,,,300,,,0.0,0.0,0.7720125968279867,,,
S1,Composite,0.9752854315846178,0.932676186776131,0.0,0.9978877689509191,0.9935115748533665,0.9178171291868784,48,50,48.0,96.0,300,-0.34581811894288744,2.595618873687138e-05,23.989053137642323,7.2380405948913475,1.0734781295936924,,,
S2,Seasonal,0.4732475796541188,0.9485690595946683,0.0,0.8336457841148053,0.9960201543142765,0.9312525962330518,48,50,48.0,96.0,300,0.0,0.0,26.503490064793475,7.977825511683522,1.1945480666037778,,,
S3,Stationary_AR,0.17572845939532966,0.301296412160862,0.0,0.2411994190027359,0.6198446618515718,0.5995441656329641,None,23,,,300,0.0,0.0,0.0,0.0,5.0,0.5618857653808393,,
S4,Trending_ExponentialGrowth,0.9748487384656677,0.14880868402839365,0.0,0.981514126212499,0.2667596880220391,0.26266595867328435,None,24,,,300,,,0.0,0.0,1.4159540511248836,,,
S1,Composite,0.9503216552536912,0.952598968078785,0.0,0.9947213661911423,0.9947812946994962,0.9034280441020817,24,25,24.0,48.0,300,0.13566001444530407,1.820238495786663e-05,18.856893425383504,6.483848924234124,1.4158962971759588,,,
S2,Seasonal,0.6425341019179578,0.9499807623545868,0.0,0.9456637031032596,0.9979561437057838,0.9639165814446075,24,25,24.0,48.0,300,0.0,0.0,18.762470204050274,7.047779268014913,1.0084168612256572,,,
S3,Stationary_AR,0.4244992951272726,0.19929019972965867,0.0,0.6088244439254384,0.43217352330409053,0.6626922034386238,None,24,,,300,0.0,0.0,0.0,0.0,5.0,0.6772775629453708,,
S4,Trending_MeanShift,0.9998287098916864,0.9993228336823612,0.0,0.9997011509400656,0.9988012425324433,0.0,None,150,,,300,,,0.0,0.0,0.9809462645753607,,150.0,
S1,Composite,0.9907585875136297,0.9538100364228029,0.0,0.9983550742744911,0.990934671164759,0.8251763202483036,24,25,24.0,48.0,300,-0.21760936950209445,2.2945279448380653e-05,11.252966370996507,3.34402710109836,0.9490572575289371,,,
S2,Seasonal,0.13707564719398269,0.9545044908960861,0.0,0.3214624214262104,0.993726640603222,0.8896943142369707,24,25,24.0,48.0,300,0.0,0.0,29.472299151777207,5.362935295318648,1.3561791564408048,,,
S3,Stationary_WN,0.16270196235449885,0.15763625447662466,0.0,0.5902613014013838,0.24386913821738465,0.4056548672003405,None,2,,,300,0.0,0.0,0.0,0.0,13.175575694538665,,,
S4,Trending_RandomWalkDrift,0.96526736285478,0.28385575746515956,0.0,0.9937087186374816,0.8317581376287451,0.8665062934283466,None,150,,,300,,,0.0,0.0,0.853544077702654,,,-0.39411480703558155
S1,Composite,0.950733043746421,0.9790316510801965,0.0,0.9938154647066687,0.9973681390811461,0.8858813728808057,24,25,24.0,48.0,300,0.116887975174088,-1.0725416351657305e-05,22.998056980627176,5.078472138158753,1.2177017213177277,,,
S2,Seasonal,0.6458121180223517,0.9520403503813547,0.0,0.9413715821094751,0.9977882544821872,0.9590714931452825,24,25,24.0,48.0,300,0.0,0.0,19.597389850731147,7.29182508842844,0.8995422082548188,,,
S3,Stationary_AR,0.0,0.8488463342421279,0.0,0.0,0.891888845115292,0.2857444223513521,None,150,,,300,0.0,0.0,0.0,0.0,5.0,0.4543758341758484,,
S4,Trending_RandomWalkDrift,0.9904522031175399,0.7584777499573224,0.0,0.934722657137472,0.0,0.0,None,100,,,300,,,0.0,0.0,0.7670547572160632,,,-0.18626000272652665
S1,Composite,0.9927070419903077,0.9837410785157817,0.0,0.9996976032512707,0.9992660694229778,0.9589919136701703,24,25,24.0,48.0,300,-0.2403947697081031,2.9996456911640673e-05,18.70218402281005,3.631761807138624,0.5241107113447677,,,
S2,Seasonal,0.6598782634453146,0.94610933724613,0.0,0.9676868494148361,0.9986003126977059,0.9770751563193477,24,25,24.0,48.0,300,0.0,0.0,23.44383815502207,9.462275101709597,0.8467078851464758,,,
S3,Stationary_WN,0.1201352574611475,0.04240518144022476,0.0,0.5643532362959383,0.0922811090061324,0.43576687632529765,None,2,,,300,0.0,0.0,0.0,0.0,14.044838693732821,,,
S4,Trending_MeanShift,0.9998239981255309,0.9992989173384799,0.0,0.9994260184603763,0.997719377558752,0.0,None,150,,,300,,,0.0,0.0,1.463222007527431,,150.0,
S1,Composite,0.9964106940947768,0.9675705692643344,0.0,0.9995572744913849,0.9959780304759037,0.8775156183687655,12,12,12.0,24.0,300,-0.31479321382257464,-4.8402594524299096e-05,13.168643263322874,4.36167562516567,0.8920311159299272,,,
S2,Seasonal,0.6986273440002523,0.939126624248572,0.0,0.8435041434166433,0.9903738552314162,0.8479536342362906,12,12,12.0,24.0,300,0.0,0.0,14.09953990618154,6.31894876925691,1.3961154286861606,,,
S3,Stationary_WN,0.30927065732925973,0.1654419816210183,0.0,0.5997155572936186,0.22882234785307065,0.34512583458711055,None,2,,,300,0.0,0.0,0.0,0.0,12.07947132945806,,,
S4,Trending_ExponentialGrowth,0.9948336657481596,0.2874355721768338,0.0,0.9965389062679506,0.39448672233999926,0.3223701183347477,None,24,,,300,,,0.0,0.0,1.1919559628581147,,,
S1,Composite,0.969692695460742,0.989064291908127,0.0,0.9985994185811721,0.999474880098707,0.9559133812004325,24,25,24.0,48.0,300,-0.1220972639192904,2.6882537341349345e-05,23.354657264611085,3.300308449838483,0.5177215495734746,,,
S2,Seasonal,0.5984895965467822,0.9643432994357507,0.0,0.883105838741123,0.997334632747494,0.9334985299852862,24,25,24.0,48.0,300,0.0,0.0,21.650838219400512,6.368038591928951,1.1505766806882687,,,
S3,Stationary_AR,0.11938952173764983,0.24994327144876383,0.0,0.20509699085417632,0.3895045192032317,0.40411197295843415,None,9,,,300,0.0,0.0,0.0,0.0,5.0,0.45534424665512463,,
S4,Trending_RandomWalkDrift,0.9905522463788538,0.474580873021759,0.0,0.9991476209907305,0.9396607376372108,0.909312184158566,None,75,,,300,,,0.0,0.0,0.7770438412140092,,,0.47925204413596467
S1,Composite,0.986650013523513,0.9900085200586541,0.0,0.9962057126980863,0.9971812106857126,0.7171754683592151,12,12,12.0,24.0,300,-0.1899710596078821,4.094668810947858e-05,24.89776755994688,3.552825518398118,1.4249849983537628,,,
S2,Seasonal,0.728671677245524,0.8486266604980913,0.0,0.9422145028128297,0.9904876139316613,0.9447038293750777,12,12,12.0,24.0,300,0.0,0.0,12.213380236656066,10.156711989796033,1.4374222822959777,,,
S3,Stationary_WN,0.014860463462848639,0.22937674240251327,0.0,0.12648585087940978,0.25743880553939125,0.22646214868608416,None,10,,,300,0.0,0.0,0.0,0.0,11.095022988195469,,,
S4,Trending_ExponentialGrowth,0.9980948937297515,0.24294574405872005,0.0,0.998839685763722,0.4023344036617722,0.3807113094456209,None,24,,,300,,,0.0,0.0,0.7300162528523226,,,
S1,Composite,0.9945283011587103,0.9774017144160027,0.0,0.9996312802567023,0.9983690198736637,0.9319482762021599,36,38,36.0,72.0,300,0.39366440822840176,-3.0228254898193457e-05,23.366850961936493,2.203352392776979,0.5670002169766925,,,
S2,Seasonal,0.0,0.9797876661602788,0.0,0.026882266956557377,0.9946703569241965,0.7696817205482084,36,75,36.0,72.0,300,0.0,0.0,11.19433241096978,10.800520673210244,0.9693821857774618,,,
S3,Stationary_AR,0.09794215944023887,0.1836629218183018,0.0,0.22935674866816413,0.4606598125506365,0.6498564244054678,None,17,,,300,0.0,0.0,0.0,0.0,5.0,0.5548033430157805,,
S4,Trending_MeanShift,0.9999725426004218,0.9998904095053397,0.0,0.9999683577594267,0.9998741345252312,0.0,None,150,,,300,,,0.0,0.0,0.809889082916815,,150.0,
S1,Composite,0.9779830905871694,0.902838607105658,0.0,0.9989855470850459,0.9954993500584504,0.9571712685460173,12,12,12.0,24.0,300,0.22707677058485076,-3.2921362798462054e-05,12.379388932952603,7.947950197855347,0.9153950761618616,,,
S2,Seasonal,0.7427390972564569,0.8331455619858494,0.0,0.9609706252546317,0.9921283133896452,0.9591905735534907,12,12,12.0,24.0,300,0.0,0.0,10.813478001183174,9.85693460089737,1.1896280284937517,,,
S3,Stationary_AR,0.26724418261739713,0.28510885385291873,0.0,0.35333102384144577,0.4438401909617312,0.4335006750584848,None,24,,,300,0.0,0.0,0.0,0.0,5.0,0.5990918001825335,,
S4,Trending_MeanShift,0.9999608491650044,0.9998434792982559,0.0,0.9999277835469104,0.9997132708323367,0.0,None,150,,,300,,,0.0,0.0,0.5913310260855756,,150.0,
S1,Composite,0.9891414923981333,0.9225670789078522,0.0,0.997561406394841,0.9811236753138016,0.7766297895815185,48,50,48.0,96.0,300,0.2799894400347097,4.74782122591682e-05,13.184267753950353,3.187031671933747,1.468842403880771,,,
S2,Seasonal,0.6766269852422178,0.86459905403629,0.0,0.9515408579987674,0.9935989439957688,0.9592287022510272,48,50,48.0,96.0,300,0.0,0.0,10.66041828569928,7.44023739560636,1.063108034787519,,,
S3,Stationary_WN,0.21088918803551615,0.1817846440839731,0.0,0.45502307429894717,0.2736688221130489,0.34218799134335454,None,3,,,300,0.0,0.0,0.0,0.0,11.919272736076543,,,
S4,Trending_RandomWalkDrift,0.9994030562261883,0.9163650670877775,0.0,0.9995874903027628,0.9430913753113154,0.3095462057807278,None,150,,,300,,,0.0,0.0,1.475666485626534,,,0.31745184256845915
S1,Composite,0.9834758210407797,0.9700423782747803,0.0,0.9996217796949208,0.9992642288558258,0.9779184100499326,24,25,24.0,48.0,300,0.24616079895470275,3.9025483752311355e-05,23.91927913688163,6.9075180386389325,0.6985603397154806,,,
S2,Seasonal,0.6025000536859448,0.9198767977702682,0.0,0.8363794232301895,0.9896509981961698,0.8901716391503748,24,25,24.0,48.0,300,0.0,0.0,12.575333780649203,5.7579931205477095,1.4898574168603294,,,
S3,Stationary_AR,0.05751632307191068,0.2559331715783252,0.0,0.1446181889096303,0.49547964177435566,0.5743792852576548,None,38,,,300,0.0,0.0,0.0,0.0,5.0,0.4545718945245994,,
S4,Trending_ExponentialGrowth,0.9986023676922043,0.3087655619991587,0.0,0.9992228891768661,0.4869568609186201,0.44157228182416364,None,24,,,300,,,0.0,0.0,0.5692220922575437,,,
S1,Composite,0.9270603553652333,0.9545048209557383,0.0,0.9982439922107554,0.9989030939169258,0.9790999700143391,36,38,36.0,72.0,300,0.10235745494097775,4.8738623192822264e-05,21.017574211838877,7.10254905104486,0.6960569754238495,,,
S2,Seasonal,0.615070922132087,0.9210158219188634,0.0,0.9152807672739258,0.9942394817132837,0.938788531755814,36,38,36.0,72.0,300,0.0,0.0,22.634972212958367,10.229931929674699,1.718821643046615,,,
S3,Stationary_AR,0.027155067925651477,0.5474589711726631,0.0,0.0,0.1214807789575888,0.0,None,100,,,300,0.0,0.0,0.0,0.0,5.0,0.6719800389675215,,
S4,Trending_ExponentialGrowth,0.9968285508377661,0.34211837336312234,0.0,0.9978323291166167,0.4020212994481861,0.3140457651393651,None,24,,,300,,,0.0,0.0,1.0184820348454022,,,
S1,Composite,0.9897234980901028,0.9582234039322738,0.0,0.9987576718937916,0.9940136279770604,0.8812951040289937,24,25,24.0,48.0,300,-0.3094731485195613,-4.25735402933327e-05,19.257385860249656,3.736142764179836,1.0393466608854558,,,
S2,Seasonal,0.669038549689272,0.9143559223945477,0.0,0.9561829410854872,0.9965690917532367,0.9661508737922359,24,25,24.0,48.0,300,0.0,0.0,18.572700349967324,9.865090417027968,0.767235514961462,,,
S3,Stationary_WN,0.07915711400924985,0.26981166584798133,0.0,0.21478414032358661,0.3556823001014444,0.24446059424379796,None,7,,,300,0.0,0.0,0.0,0.0,13.377238283581693,,,
S4,Trending_RandomWalkDrift,0.998891616579098,0.9184957001869841,0.0,0.997010084411443,0.8261324645926205,0.0,None,150,,,300,,,0.0,0.0,1.4832535446824577,,,0.35357147136167166
S1,Composite,0.9974989569439792,0.9725109324095307,0.0,0.9994231330913119,0.9936007759856803,0.7704269987952741,12,12,12.0,24.0,300,-0.28744756504054536,-3.260945142350235e-05,10.834281498370064,2.992840265044708,0.7513087195329191,,,
S2,Seasonal,0.7329217622688643,0.9396237400584478,0.0,0.9357614536113088,0.9959269897836772,0.9355449534303967,12,12,12.0,24.0,300,0.0,0.0,21.32959676540861,10.179469490679413,1.4192350233957152,,,
S3,Stationary_AR,0.07640129313728883,0.3151718798019807,0.0,0.1765923754836869,0.6943630823099323,0.6263959378355124,None,60,,,300,0.0,0.0,0.0,0.0,5.0,0.6919155841707203,,
S4,Trending_MeanShift,0.9999565294690911,0.9998262350450956,0.0,0.9999276011878917,0.9997135735542138,0.0,None,150,,,300,,,0.0,0.0,0.8555840489431548,,150.0,
S1,Composite,0.9917282766971306,0.9043403480594071,0.0,0.9980975628482003,0.9749289724138431,0.7755194312145607,48,50,48.0,96.0,300,-0.2733743205614938,3.383612189000509e-05,8.841176080542109,2.928680085502651,1.116032843593576,,,
S2,Seasonal,0.34916796219005286,0.9474924486484145,0.0,0.648782292068474,0.993952303920103,0.8999608308742305,48,50,48.0,96.0,300,0.0,0.0,22.11024253979669,5.704108256177668,1.5753402114241282,,,
S3,Stationary_AR,0.19567990088558407,0.24282988853747822,0.0,0.25725509321657936,0.48421642285940325,0.4468291075609988,None,9,,,300,0.0,0.0,0.0,0.0,5.0,0.4151626777912261,,
S4,Trending_MeanShift,0.999928832426917,0.9997141640171092,0.0,0.9990179252161407,0.996405199903995,0.0,None,150,,,300,,,0.0,0.0,1.1909803728696233,,150.0,
S1,Composite,0.9117628366487709,0.9555379230530099,0.0,0.9939502351475998,0.997234884446308,0.9427844793501342,48,50,48.0,96.0,300,-0.12418123190362869,-2.4843759656111557e-05,22.682117067521673,7.140501790685238,0.9781223219209649,,,
S2,Seasonal,0.6345826857102111,0.9044286065240297,0.0,0.9451459715783644,0.9958452150359584,0.9614498356081995,48,50,48.0,96.0,300,0.0,0.0,20.380285076900307,10.89576519034478,1.244986790880532,,,
S3,Stationary_AR,0.18972230257530376,0.24851431841825788,0.0,0.1908325370528584,0.42448672110630525,0.4062576792410577,None,14,,,300,0.0,0.0,0.0,0.0,5.0,0.5190247130400578,,
S4,Trending_RandomWalkDrift,0.9761708904758787,0.05404645951959597,0.0,0.9982479918214704,0.8688147817785745,0.928400588503857,None,24,,,300,,,0.0,0.0,1.1158960938307452,,,0.20990930981985217
S1,Composite,0.9775870196591622,0.9762380281655183,0.0,0.9989124824126707,0.9989136780885939,0.9550284255037774,12,12,12.0,24.0,300,0.19532785295291194,-3.85263829453016e-05,22.830481885242232,6.822716665439646,0.8128602160322643,,,
S2,Seasonal,0.7483077691715098,0.872691955999374,0.0,0.9773121487694066,0.9966634986811866,0.9764601516974561,12,12,12.0,24.0,300,0.0,0.0,14.45219776069437,11.028492000712932,0.8673600769012788,,,
S3,Stationary_AR,0.05200391253648007,0.4999090110876556,0.0,0.11996294534867413,0.7375197261139743,0.6548926378289079,None,50,,,300,0.0,0.0,0.0,0.0,5.0,0.5164541181354994,,
S4,Trending_RandomWalkDrift,0.9619739668000322,0.14012038309213048,0.0,0.9962845656953169,0.711933821005541,0.9083407467706995,None,24,,,300,,,0.0,0.0,1.019296121424746,,,0.24392330768779336
S1,Composite,0.9884270086969434,0.9359083673910493,0.0,0.9998498975366829,0.9990506530112916,0.9873685665522662,36,38,36.0,72.0,300,-0.3842270853695,2.5422840365042814e-05,18.62231631049002,7.947724862688796,0.5668207380257735,,,
S2,Seasonal,0.42504088395486905,0.97089810550723,0.0,0.8682682692237573,0.9980487200506641,0.9380020948280676,36,38,36.0,72.0,300,0.0,0.0,26.509664557881784,4.7344475810132405,0.8644830885636834,,,
S3,Stationary_WN,0.16627010905318662,0.12568959130713975,0.0,0.3832745718718449,0.26407081283143674,0.42859957577968233,None,4,,,300,0.0,0.0,0.0,0.0,10.730420148720533,,,
S4,Trending_MeanShift,0.9999280826361369,0.9997128146738167,0.0,0.9999381025139321,0.99975258750071,0.13832890494477224,None,150,,,300,,,0.0,0.0,0.9437189008306381,,150.0,
S1,Composite,0.9835433801085371,0.8676961633888474,0.0,0.9948765921963021,0.9535347901075241,0.69910749151918,24,25,24.0,48.0,300,-0.1891659229682025,-2.6881355187437475e-05,8.101116048827652,4.1556768124172265,1.4924339179395423,,,
S2,Seasonal,0.6190795088257262,0.9484670105633235,0.0,0.8862819837695579,0.9958734485274334,0.9295808086091975,24,25,24.0,48.0,300,0.0,0.0,13.574605422665847,4.937683832271623,0.9159036993510434,,,
S3,Stationary_WN,0.12178546494406528,0.2516740484003147,0.0,0.2790570772618113,0.32213122966675156,0.2589974128367476,None,5,,,300,0.0,0.0,0.0,0.0,6.646780286476192,,,
S4,Trending_RandomWalkDrift,0.9500482974034038,0.0,0.0,0.9881011964059216,0.1892008548392834,0.7611073575399818,None,24,,,300,,,0.0,0.0,1.3174736946596548,,,-0.29061063494564643
S1,Composite,0.9862588416848347,0.9752150451136036,0.0,0.9996807651228196,0.9994325113611163,0.9775158293831799,12,12,12.0,24.0,300,-0.23590824826218712,2.0164440365677217e-05,21.131757015949304,6.780516217453343,0.523384463617997,,,
S2,Seasonal,0.694845322723064,0.9886582145213288,0.0,0.8469407811637368,0.9984823372250519,0.866203401766839,12,12,12.0,24.0,300,0.0,0.0,27.268276639929777,5.310889058928432,1.1472594790927308,,,
S3,Stationary_WN,0.16448684068788577,0.18655782134615972,0.0,0.4671393086958171,0.2679234354512997,0.33822012500457443,None,2,,,300,0.0,0.0,0.0,0.0,13.755848146422998,,,
S4,Trending_ExponentialGrowth,0.9926335144758943,0.1964577562381593,0.0,0.9952196789927997,0.3435117471831186,0.33316014005661476,None,24,,,300,,,0.0,0.0,1.327274177297979,,,
S1,Composite,0.9594212063824935,0.9569466532960973,0.0,0.9924500613740526,0.9908619491274162,0.822490978149746,24,25,24.0,48.0,300,0.13763795075257013,2.698119126632521e-05,18.04914783812205,3.833365912833271,1.3166228854937714,,,
S2,Seasonal,0.6473968547516529,0.9402396289275234,0.0,0.9495360729987233,0.9977182691557286,0.9664390364639849,24,25,24.0,48.0,300,0.0,0.0,26.009819601030944,10.897573449430146,1.2354283604713794,,,
S3,Stationary_AR,0.015476777200785552,0.24774708877120355,0.0,0.06757984090087221,0.47357366005392865,0.553053273775159,None,50,,,300,0.0,0.0,0.0,0.0,5.0,0.5423013289954474,,
S4,Trending_ExponentialGrowth,0.9973191905270142,0.27487604026280654,0.0,0.9984347663413377,0.49236283100690337,0.4058375388710125,None,24,,,300,,,0.0,0.0,0.9934889430071121,,,
S1,Composite,0.9545873019965574,0.9725948838485571,0.0,0.9910100108109424,0.9946852636603345,0.8185633893498285,36,38,36.0,72.0,300,-0.16227547408537255,3.980796997806093e-05,23.433332684986773,2.6579314664652043,1.335954682100735,,,
S2,Seasonal,0.5333006540839825,0.9705043264107867,0.0,0.9619655550770764,0.9993185626739808,0.9795864589448843,36,38,36.0,72.0,300,0.0,0.0,28.170954759022123,6.416303115788,0.6045010896388898,,,
S3,Stationary_AR,0.06414734989920645,0.27805208103566736,0.0,0.1245301797299383,0.6715854740235179,0.6916248601977227,None,38,,,300,0.0,0.0,0.0,0.0,5.0,0.6404053150968451,,
S4,Trending_RandomWalkDrift,0.999073297793526,0.978903088663461,0.0,0.9976870981111662,0.957939766313222,0.0,None,150,,,300,,,0.0,0.0,0.9829927034398142,,,0.4339533591045218
S1,Composite,0.9913135254045412,0.9928731024875311,0.0,0.9970302423171102,0.9976048673128803,0.6619202226315448,12,12,12.0,24.0,300,-0.12492564161161933,-4.705349594511171e-05,18.9956608226924,2.0674211844682335,0.8880340792546901,,,
S2,Seasonal,0.7513426048544184,0.9527673530640253,0.0,0.9800813271036799,0.9989589137943217,0.9787366227012606,12,12,12.0,24.0,300,0.0,0.0,19.28061939786813,8.591432680643438,0.8015430443199861,,,
S3,Stationary_AR,0.0,0.8599714124466842,0.0,0.0,0.7846135892224416,0.0,None,150,,,300,0.0,0.0,0.0,0.0,5.0,0.6937682566050843,,
S4,Trending_RandomWalkDrift,0.9561599444209389,0.20228364259755172,0.0,0.9915935835572045,0.5604973144362949,0.8324051053563459,None,24,,,300,,,0.0,0.0,0.7495680971377446,,,0.10152465472663126
S1,Composite,0.99238748364956,0.9417897834177182,0.0,0.9993072604903113,0.9935975198520179,0.9098497738558515,36,38,36.0,72.0,300,0.33692304618458013,-2.2354436689216678e-05,14.477748413491195,4.075700663683627,0.7744287213513465,,,
S2,Seasonal,0.5919639429834329,0.9543610560024434,0.0,0.9639203616995146,0.9987759539357931,0.9767237583853636,36,38,36.0,72.0,300,0.0,0.0,21.665911575220825,6.963628662784302,0.6630750538990553,,,
S3,Stationary_WN,0.028719059171947503,0.06599209322007649,0.0,0.45453362747854786,0.130144121813475,0.45925623404950566,None,3,,,300,0.0,0.0,0.0,0.0,14.246694685637015,,,
S4,Trending_MeanShift,0.999978791494696,0.9999150316076366,0.0,0.9998471775630966,0.9993767510783812,0.0,None,150,,,300,,,0.0,0.0,0.925795672002358,,150.0,
S1,Composite,0.9743624466879599,0.901284414594874,0.0,0.9958515443819514,0.9823280352399923,0.8431229305387167,48,50,48.0,96.0,300,-0.25626526891250906,-3.560964647926334e-05,15.666398449990995,5.811510189807874,1.4223207266977262,,,
S2,Seasonal,0.15791086606428484,0.9341884784523005,0.0,0.42379203515493835,0.9895972199410298,0.8667514711454452,48,50,48.0,96.0,300,0.0,0.0,26.05181075656145,6.0072209129749226,1.8830729262330053,,,
S3,Stationary_WN,0.15297950026250906,0.09926829564248829,0.0,0.4850573964523266,0.13206566532506758,0.329268181091137,None,2,,,300,0.0,0.0,0.0,0.0,11.38210391019149,,,
S4,Trending_MeanShift,0.9999794396031793,0.9999174544360542,0.0,0.9999696886010812,0.9998785140630014,0.0,None,150,,,300,,,0.0,0.0,0.6112047319171958,,150.0,
S1,Composite,0.9910407124383135,0.9875460902559768,0.0,0.999623407833723,0.9994825688369515,0.9587016796722257,12,12,12.0,24.0,300,-0.23297526898276502,3.2611805843494754e-05,23.29741161242508,5.029244978386277,0.5686196419270072,,,
S2,Seasonal,0.7474664577560445,0.9018679024050382,0.0,0.9657325268955906,0.9961723821617127,0.9647554718458747,12,12,12.0,24.0,300,0.0,0.0,12.063174621000844,8.087275673847433,0.6963735091586403,,,
S3,Stationary_AR,0.1044441293698547,0.3341849101589135,0.0,0.10176790616133635,0.5420215130627257,0.5783543335713068,None,38,,,300,0.0,0.0,0.0,0.0,5.0,0.5954836031324644,,
S4,Trending_MeanShift,0.9999611980523196,0.9998442964012411,0.0,0.9987455792278405,0.9942533735372511,0.0,None,150,,,300,,,0.0,0.0,1.3734728729447356,,150.0,
S1,Composite,0.9916719140564542,0.8279502057534687,0.0,0.9995260976314043,0.9888837746478897,0.943932265228058,12,12,12.0,24.0,300,-0.3583727425935125,1.3289343645530842e-05,8.568952984909258,7.837962464097178,0.9983999506758323,,,
S2,Seasonal,0.7339231841990006,0.9742189791328895,0.0,0.9309105997319282,0.9981479698906345,0.9295028407703466,12,12,12.0,24.0,300,0.0,0.0,20.31084057755728,6.343316077112259,0.9677447530197505,,,
S3,Stationary_WN,0.036405331928029194,0.14043234236114566,0.0,0.3789439981813544,0.22413226510750173,0.3838339629513605,None,3,,,300,0.0,0.0,0.0,0.0,11.696940599852484,,,
S4,Trending_RandomWalkDrift,0.9872582510080639,0.8371832743896295,0.0,0.9695879846687934,0.3978286072420436,0.0,None,150,,,300,,,0.0,0.0,1.3836928826825456,,,0.3184837466076512
S1,Composite,0.9854418815991903,0.9791714424167837,0.0,0.9995412800008984,0.9993546688330963,0.9695310194709956,12,12,12.0,24.0,300,-0.24537346627332643,4.607579346251275e-05,23.963065097293065,6.900569981866414,0.7881635788649503,,,
S2,Seasonal,0.6286805224178464,0.9500231479254144,0.0,0.6690645229521313,0.986293990211216,0.7337205235084083,12,12,12.0,24.0,300,0.0,0.0,15.115178973126497,5.097951340486668,1.757081129545863,,,
S3,Stationary_AR,0.004210595227615688,0.7647056149158039,0.0,0.0030996538265023466,0.702712946589128,0.0,None,150,,,300,0.0,0.0,0.0,0.0,5.0,0.620981573393127,,
S4,Trending_ExponentialGrowth,0.9865598438903402,0.37987798156520336,0.0,0.9917048766894716,0.4882673240602683,0.38490084020142523,None,24,,,300,,,0.0,0.0,0.7636221580352401,,,
S1,Composite,0.9767363358267543,0.9166635927887938,0.0,0.9982675635474919,0.993507879944184,0.9293067434813692,48,50,48.0,96.0,300,-0.2108135509717667,-4.0132736060764885e-05,13.577493745677682,6.972489519801771,1.247333587650708,,,
S2,Seasonal,0.5675059373457302,0.9526386303476101,0.0,0.9026344414653873,0.9972386671433935,0.946789784769431,48,50,48.0,96.0,300,0.0,0.0,18.392340733635635,6.0800062891590585,0.8162219196314218,,,
S3,Stationary_AR,0.011788679067417429,0.24555610388099613,0.0,0.011354236392136507,0.6612343491991466,0.551844104456249,None,75,,,300,0.0,0.0,0.0,0.0,5.0,0.4001085024198434,,
S4,Trending_RandomWalkDrift,0.9790303567094515,0.0,0.0,0.9980460429826856,0.6621619866441335,0.9088979761733067,None,24,,,300,,,0.0,0.0,0.5742236868045463,,,-0.23100902260297695
S1,Composite,0.9980952662124029,0.9728729230804859,0.0,0.9995466543526252,0.9927974783982528,0.7629267147439232,24,50,24.0,48.0,300,-0.39857023357502164,4.158384977280361e-05,9.810079474185695,7.0967518417987066,1.1679627939570252,,,
S2,Seasonal,0.6563370615241002,0.939607644712539,0.0,0.9627945369751673,0.9982819991714643,0.9749960260959011,24,25,24.0,48.0,300,0.0,0.0,19.507202307838384,8.543679303144877,0.7360408393135099,,,
S3,Stationary_AR,0.21631748827145503,0.09817615784142408,0.0,0.46915149620551133,0.3359004040566157,0.6177563614484667,None,24,,,300,0.0,0.0,0.0,0.0,5.0,0.6523156993905139,,
S4,Trending_MeanShift,0.9998022318225355,0.9992186829375734,0.0,0.9996113402483963,0.9984434037669894,0.0,None,150,,,300,,,0.0,0.0,1.3223482833457738,,150.0,
S1,Composite,0.8870997167468717,0.9108855941311798,0.0,0.9912709526943355,0.9926089958338681,0.9349831586785935,36,38,36.0,72.0,300,-0.12544074763826163,-4.206483327934121e-05,18.99375916857477,6.975134986671241,1.164700188605693,,,
S2,Seasonal,0.42407542252335517,0.9410721938426847,0.0,0.7602160542239974,0.9916997674646859,0.8792162065020485,36,38,36.0,72.0,300,0.0,0.0,27.697145613037197,7.578630133956879,1.5894907221690469,,,
S3,Stationary_AR,0.08956828130873096,0.2291129805554578,0.0,0.05095444208579458,0.4112089119826382,0.3449738977282092,None,43,,,300,0.0,0.0,0.0,0.0,5.0,0.4312090693430033,,
S4,Trending_MeanShift,0.9997335630997825,0.9989528292524338,0.0,0.9996811732792602,0.9987226207197422,0.0,None,150,,,300,,,0.0,0.0,1.2234331781085324,,150.0,
S1,Composite,0.9957947986426072,0.9299470713503999,0.0,0.9986304296747429,0.9730701426553355,0.675969740044624,24,25,24.0,48.0,300,0.3452394817225344,-4.750623731609426e-05,9.751471421599515,2.206002103642927,1.372128662515702,,,
S2,Seasonal,0.6832728863917111,0.9562010418952442,0.0,0.8688153833515331,0.9942843736432216,0.8830966494401126,24,23,24.0,48.0,300,0.0,0.0,10.805570984506582,4.009203600685849,0.8615274653643208,,,
S3,Stationary_AR,0.14008909279783577,0.1591248082280854,0.0,0.36156101336833724,0.5708829518638312,0.6953668757273159,None,14,,,300,0.0,0.0,0.0,0.0,5.0,0.5462148410482588,,
S4,Trending_MeanShift,0.9999614301425246,0.9998456520970168,0.0,0.9998699855828814,0.9994734643235492,0.0,None,150,,,300,,,0.0,0.0,0.8480678429619066,,150.0,
S1,Composite,0.9705638635583126,0.9352477116614824,0.0,0.993402224821788,0.9830943795426895,0.7759335313658615,48,50,48.0,96.0,300,0.11377193223829632,3.3560948893213275e-05,10.263738998990227,2.2819738887175807,1.0309525529976598,,,
S2,Seasonal,0.679489338270991,0.9296313418675686,0.0,0.9696978684560257,0.9979338178089302,0.9733064221463228,48,50,48.0,96.0,300,0.0,0.0,24.18233665646042,11.725934740450707,1.0927397989866423,,,
S3,Stationary_AR,0.14065508381393432,0.31483384568489925,0.0,0.33485578083963374,0.6409201453571167,0.6604785717732006,None,33,,,300,0.0,0.0,0.0,0.0,5.0,0.6252554607746457,,
S4,Trending_ExponentialGrowth,0.969057257506394,0.18514100683660561,0.0,0.9793007019770004,0.29187513408240495,0.3248294170796743,None,24,,,300,,,0.0,0.0,1.310734136041713,,,
S1,Composite,0.9969451518006326,0.954257687497402,0.0,0.9995123043474523,0.9925682173238094,0.8422155536760211,12,12,12.0,24.0,300,0.293376863263528,-1.4744022686271203e-05,8.879348342906102,3.486024641281453,0.7788596317844562,,,
S2,Seasonal,0.7352128066302784,0.9727604973933447,0.0,0.9448755880457036,0.9984860389254306,0.9453291431707526,12,12,12.0,24.0,300,0.0,0.0,20.41923740203548,6.660136381500585,0.9223085443608805,,,
S3,Stationary_AR,0.18543469553119651,0.2354978028786704,0.0,0.2639621821454581,0.36896523197987363,0.43820832944337595,None,19,,,300,0.0,0.0,0.0,0.0,5.0,0.5242019087969981,,
S4,Trending_ExponentialGrowth,0.9965912995043099,0.1926586822138654,0.0,0.9976419798968068,0.3022262357010851,0.2984370631926824,None,24,,,300,,,0.0,0.0,0.8648494245001018,,,
S1,Composite,0.9866083133890436,0.9571186924046483,0.0,0.9971751932298978,0.9899343114975376,0.7951205776387178,36,38,36.0,72.0,300,-0.17659803915539207,-2.5236763000143234e-05,12.193510398195441,2.452872737299944,0.7800117676227585,,,
S2,Seasonal,0.6347717422280597,0.9405892707570146,0.0,0.960823673199257,0.9979651993549851,0.9707529107008718,36,38,36.0,72.0,300,0.0,0.0,19.119507578101086,7.6562584672696286,0.7593884173442865,,,
S3,Stationary_WN,0.13836483589839266,0.2116008693109408,0.0,0.2971737267750999,0.39101495087049,0.36514278942632095,None,10,,,300,0.0,0.0,0.0,0.0,10.687126046020483,,,
S4,Trending_RandomWalkDrift,0.9932216955662949,0.05386008556922217,0.0,0.999267394501817,0.7247728317289541,0.8954158681610798,None,24,,,300,,,0.0,0.0,0.6618188613517476,,,0.3411618440897174
S1,Composite,0.9941960351261562,0.9879459645539138,0.0,0.9985993496954897,0.9971383279334031,0.7622521206053805,12,12,12.0,24.0,300,0.2183001042711533,4.6762082338239014e-05,19.89842753557236,3.494381533504562,1.1024255498835627,,,
S2,Seasonal,0.7390856969500805,0.9532136722099956,0.0,0.9531234673927034,0.9977229633966541,0.952965669322482,12,12,12.0,24.0,300,0.0,0.0,23.393165920446513,10.295181859677793,1.3426546106260373,,,
S3,Stationary_WN,0.07081180189379499,0.18290437479671307,0.0,0.19937958512843024,0.3717438240459733,0.4310740127044457,None,10,,,300,0.0,0.0,0.0,0.0,5.579740588343496,,,
S4,Trending_MeanShift,0.9999852521483711,0.999940798208564,0.0,0.9999895961621498,0.9999583274023253,0.29479981011780165,None,150,,,300,,,0.0,0.0,0.8685206229943913,,150.0,
S1,Composite,0.9811116579681306,0.9648385306718853,0.0,0.9953339248713436,0.9904649970888494,0.7601821417051622,24,25,24.0,48.0,300,0.16188520004791224,-3.183685198023256e-05,13.720315919612329,2.857009715542953,1.365244032480002,,,
S2,Seasonal,0.6177286306067513,0.927825975054745,0.0,0.8411851198483334,0.9914303338577879,0.8971085714217006,24,25,24.0,48.0,300,0.0,0.0,17.376414222928634,7.359767463453037,1.767598244984234,,,
S3,Stationary_WN,0.045599768818118,0.3075425957553237,0.0,0.04866264311439894,0.46167071426755957,0.2863708075173189,None,43,,,300,0.0,0.0,0.0,0.0,13.722975323161,,,
S4,Trending_MeanShift,0.9999223529858906,0.9996880137174102,0.0,0.9965967557836839,0.9885791139226225,0.0,None,150,,,300,,,0.0,0.0,1.2366473934869084,,150.0,
S1,Composite,0.9884327513165736,0.9816765394024345,0.0,0.9975451379586305,0.9961845324460012,0.7922632520038391,12,12,12.0,24.0,300,-0.24211658116535187,4.712477631943276e-05,22.172335834205477,5.291449873065906,1.3916151005510473,,,
S2,Seasonal,0.736764382875289,0.8189666558067974,0.0,0.9523101757430326,0.9897113096004718,0.9518591125639808,12,12,12.0,24.0,300,0.0,0.0,10.910296616270365,10.308161498047866,1.3027223217799022,,,
S3,Stationary_AR,0.1508413370126358,0.2962699743133117,0.0,0.41878909910605533,0.34038954565645985,0.5057425099508124,None,17,,,300,0.0,0.0,0.0,0.0,5.0,0.6694505082235825,,
S4,Trending_ExponentialGrowth,0.9949870939324146,0.10725168510634664,0.0,0.9966212840879188,0.27920718248890064,0.3178293261242112,None,24,,,300,,,0.0,0.0,1.3179303399581022,,,
S1,Composite,0.9888272744455759,0.8910026952562293,0.0,0.999777762438474,0.9974025787067129,0.9806524779206881,36,38,36.0,72.0,300,-0.3329722554829063,-2.9976550289630065e-05,12.413643668552663,7.335086286074688,0.593212032202109,,,
S2,Seasonal,0.5687869305166933,0.9427011831492453,0.0,0.9547389655530242,0.9982408343690405,0.9743670987372572,36,38,36.0,72.0,300,0.0,0.0,26.76765339852409,9.43119696669918,0.8743326188533784,,,
S3,Stationary_WN,0.0,0.46241741022396354,0.0,0.0048091410480991525,0.07912764057612953,0.0,None,100,,,300,0.0,0.0,0.0,0.0,8.347891639770474,,,
S4,Trending_RandomWalkDrift,0.9281483623688651,0.0654642435468924,0.0,0.9939011424218449,0.8024074157718505,0.9346416434859989,None,24,,,300,,,0.0,0.0,0.9014694718778321,,,-0.19881446171847053
S1,Composite,0.9969544632299007,0.9595335134236486,0.0,0.9995617577632989,0.9935181322433959,0.8562716618507258,36,38,36.0,72.0,300,0.3968445989541851,-2.3442012936485335e-05,12.979383274883215,2.9892320861389368,0.6080616413409174,,,
S2,Seasonal,0.6184562757667433,0.8740124036363291,0.0,0.9232228450582612,0.9912653813749583,0.9459013502287794,36,38,36.0,72.0,300,0.0,0.0,18.244202496266297,10.745683195541329,1.832213948931356,,,
S3,Stationary_WN,0.18862824419438484,0.10109844507024734,0.0,0.45893937344926194,0.15651222994673775,0.28618859324251633,None,3,,,300,0.0,0.0,0.0,0.0,9.00855880176448,,,
S4,Trending_ExponentialGrowth,0.9950920018296148,0.26425672669762923,0.0,0.9963710456821187,0.2900026129074422,0.24676660021666397,None,24,,,300,,,0.0,0.0,1.0025192494379864,,,
S1,Composite,0.9888162351912779,0.984748612350162,0.0,0.9995416849804499,0.9993964046267572,0.9607012396827358,12,12,12.0,24.0,300,0.21908801896606866,1.128193771108721e-05,23.584420207679514,5.797363412447225,0.6158055920632296,,,
S2,Seasonal,0.7310297901846292,0.9705666833800363,0.0,0.9212463765962146,0.9976350441439247,0.9208377944751416,12,12,12.0,24.0,300,0.0,0.0,23.328932384640627,7.783834256427188,1.1485112289515786,,,
S3,Stationary_AR,0.18185447914303865,0.3778935442719499,0.0,0.25181053411197896,0.5871793263696148,0.5538474046010387,None,21,,,300,0.0,0.0,0.0,0.0,5.0,0.6667997778107895,,
S4,Trending_MeanShift,0.9997439108367661,0.9989687953298483,0.0,0.986277015501892,0.9313470776377273,0.0,None,150,,,300,,,0.0,0.0,1.3343838797297891,,150.0,
S1,Composite,0.9905212085944535,0.9501139622815915,0.0,0.9997970230949037,0.9988156974797618,0.9789950151489554,24,25,24.0,48.0,300,-0.30637270970256547,-1.9994677248534995e-05,16.241325482563553,6.199926359873624,0.6046681573569999,,,
S2,Seasonal,0.5207436340218768,0.9809728506708328,0.0,0.70974770663734,0.996888769216303,0.8498703151667566,24,25,24.0,48.0,300,0.0,0.0,27.321726474834076,5.153362606556584,1.5041295347217243,,,
S3,Stationary_AR,0.27193504130596635,0.38772905083007836,0.0,0.40607450705367965,0.5911253239361893,0.5980132055033432,None,17,,,300,0.0,0.0,0.0,0.0,5.0,0.6905703681234819,,
S4,Trending_MeanShift,0.999963284240118,0.9998529965432592,0.0,0.999962899023497,0.9998517157795846,0.0,None,150,,,300,,,0.0,0.0,0.5297523281532273,,150.0,
S1,Composite,0.9607921313503925,0.9595769586708242,0.0,0.9971734112337266,0.9971350528516216,0.9343564516519056,48,50,48.0,96.0,300,-0.17564052402396046,1.8439986716038734e-05,20.035370582012646,6.764479963875698,1.3027378907630953,,,
S2,Seasonal,0.615016111362018,0.9320407827904649,0.0,0.9281974123029921,0.9962700712671081,0.9498272329459009,48,50,48.0,96.0,300,0.0,0.0,27.1854034185128,11.756723135396147,1.6524436042831532,,,
S3,Stationary_AR,0.13410194957824384,0.253093420926644,0.0,0.17569269559267142,0.3198621903519021,0.47306174098323783,None,19,,,300,0.0,0.0,0.0,0.0,5.0,0.5359754716556033,,
S4,Trending_ExponentialGrowth,0.9914023040204691,0.10111054125728913,0.0,0.9958635681693105,0.37773507180140264,0.49930204806589396,None,24,,,300,,,0.0,0.0,1.469322101561165,,,
S1,Composite,0.990896029799642,0.9065421333292043,0.0,0.9986765428167445,0.9859234390090204,0.8591427875309408,12,12,12.0,24.0,300,0.286346756647324,-3.922513921785464e-05,10.039975257075595,5.886172205414152,1.3334520971068176,,,
S2,Seasonal,0.6506018928370687,0.9810527058053234,0.0,0.69554154021396,0.9947892642126145,0.7254071136307929,12,12,12.0,24.0,300,0.0,0.0,18.316566787060648,4.167684529654534,1.3196776817479303,,,
S3,Stationary_WN,0.06722766771618816,0.0671567452238584,0.0,0.5332934234579896,0.10951959314755744,0.33759858754497185,None,2,,,300,0.0,0.0,0.0,0.0,11.558428290279716,,,
S4,Trending_MeanShift,0.9999591067378991,0.9998370533963609,0.0,0.9999492102282166,0.9997989189763442,0.0,None,150,,,300,,,0.0,0.0,1.160283457872811,,150.0,
S1,Composite,0.9593921361340986,0.8862793259662306,0.0,0.9983307554163912,0.9949051880896975,0.9629712754172336,24,25,24.0,48.0,300,-0.15366837674161798,-4.870482215153904e-05,11.789669762972327,7.336275383745775,0.9820755591596504,,,
S2,Seasonal,0.030782643399269727,0.9800195683767862,0.0,0.1242610974502606,0.9974637598722679,0.8849196234582689,24,50,24.0,48.0,300,0.0,0.0,15.658726590614425,10.943101236899963,1.041956049971981,,,
S3,Stationary_AR,0.0258203147419912,0.2200616456017327,0.0,0.10408591965690261,0.487722493208379,0.480049520020025,None,50,,,300,0.0,0.0,0.0,0.0,5.0,0.42139415424131194,,
S4,Trending_ExponentialGrowth,0.9821729201239142,0.2745950731038227,0.0,0.9869650328259105,0.3518209220645645,0.26610089986204977,None,24,,,300,,,0.0,0.0,0.979395781050292,,,
S1,Composite,0.9635440463420591,0.8976592980472579,0.0,0.9992977602227647,0.9978353189256273,0.9823150459916892,24,25,24.0,48.0,300,0.1646937835698411,3.1448882144293466e-05,13.179167436781805,7.705417284634515,0.6083360362442158,,,
S2,Seasonal,0.7256099447442657,0.9238046510919911,0.0,0.9619417997450171,0.9964081280436478,0.9592141508044781,24,23,24.0,48.0,300,0.0,0.0,17.47214166979316,9.473520571504324,1.0580481967158555,,,
S3,Stationary_AR,0.1686846697983696,0.4031412148459681,0.0,0.3079635475658383,0.6817220894274808,0.6598505956766105,None,60,,,300,0.0,0.0,0.0,0.0,5.0,0.6436691073314933,,
S4,Trending_MeanShift,0.9999933617708151,0.9999734637100839,0.0,0.999869848332124,0.9994901917943209,0.0,None,150,,,300,,,0.0,0.0,0.5909356641285878,,150.0,
S1,Composite,0.9913512674525219,0.9776083476043544,0.0,0.9991995211618944,0.9978008838288877,0.9090655030446738,36,38,36.0,72.0,300,-0.31311030552145647,4.6485303962405355e-05,22.19396670845481,3.072105666972575,0.725335889419233,,,
S2,Seasonal,0.5781003516510872,0.9294681986070239,0.0,0.8953327210494488,0.9947733240576075,0.9377294969380546,36,38,36.0,72.0,300,0.0,0.0,10.371637062342408,4.120728201046379,0.7073525993995154,,,
S3,Stationary_AR,0.05293435025703341,0.2542482342497355,0.0,0.07972006967055367,0.591794271306055,0.626830078163739,None,30,,,300,0.0,0.0,0.0,0.0,5.0,0.5730910597452898,,
S4,Trending_RandomWalkDrift,0.9946361992030643,0.20793736608900426,0.0,0.9989736201407339,0.6654550407954491,0.808477624686677,None,24,,,300,,,0.0,0.0,1.4656297079461393,,,-0.39475335743258433
S1,Composite,0.9976846998196163,0.9909322834419443,0.0,0.9994327510439568,0.997768205243566,0.7549588923943267,12,12,12.0,24.0,300,-0.3593003302189145,-1.3948405687785848e-05,22.135029569677876,3.3748658058510923,1.1130261567911393,,,
S2,Seasonal,0.7223132711135241,0.9498666710516922,0.0,0.9018643719071402,0.9951595469162248,0.90639866196207,12,12,12.0,24.0,300,0.0,0.0,13.784570509195941,5.881259650555377,1.079514225334383,,,
S3,Stationary_WN,0.0029481598429922373,0.2014607991904962,0.0,0.03969548673355905,0.40507018855177035,0.37342340213144953,None,25,,,300,0.0,0.0,0.0,0.0,11.666279514093883,,,
S4,Trending_MeanShift,0.9999500250252278,0.9997991133837304,0.0,0.9997269505387391,0.998958884855798,0.0,None,150,,,300,,,0.0,0.0,0.6192983644074086,,150.0,
S1,Composite,0.9972545861931721,0.9750726145622126,0.0,0.9997042077144601,0.9969542014646774,0.892499771024543,24,25,24.0,48.0,300,0.39292382556652694,-1.995975156138059e-05,15.562618283475999,3.282944329075058,0.7098577361469516,,,
S2,Seasonal,0.601770987010858,0.9731704523017095,0.0,0.9252882754299534,0.9988288952305799,0.9608515573062661,24,25,24.0,48.0,300,0.0,0.0,19.226746078738017,4.9267542892528935,0.6672073224106337,,,
S3,Stationary_AR,0.04387130278628604,0.15947943592715996,0.0,0.09674260637091392,0.5203902113944929,0.6567219082585471,None,33,,,300,0.0,0.0,0.0,0.0,5.0,0.619352251554812,,
S4,Trending_RandomWalkDrift,0.9965460661632837,0.10185454832779928,0.0,0.9993904378983794,0.38166215365825973,0.822887837500794,None,24,,,300,,,0.0,0.0,1.4873742969039845,,,0.4702623261181349
S1,Composite,0.9663598182993504,0.9574340061978899,0.0,0.9964029649413646,0.9949277181468139,0.8973042530225183,48,50,48.0,96.0,300,-0.1801379287900967,-2.2812596040213365e-05,19.827550197514693,3.8006209709530916,1.0323817652377316,,,
S2,Seasonal,0.14734147583563462,0.952737008315296,0.0,0.44174941695212766,0.9919140847205631,0.8543239594286914,48,50,48.0,96.0,300,0.0,0.0,25.008156884424498,4.948900740484065,1.3439079849339493,,,
S3,Stationary_WN,0.1126700768629928,0.1966350708898017,0.0,0.3406368424074645,0.2542269289026964,0.20103557914161163,None,5,,,300,0.0,0.0,0.0,0.0,6.130864084928341,,,
S4,Trending_MeanShift,0.9999408076061397,0.9997642560488537,0.0,0.9999094856561767,0.9996389866249501,0.0,None,150,,,300,,,0.0,0.0,1.0903943500268638,,150.0,
S1,Composite,0.9760443110366098,0.9066630182317403,0.0,0.9987035997083511,0.994208810945116,0.9483338591155819,36,38,36.0,72.0,300,0.2367679002334396,-3.803007645880492e-05,14.116304511174903,7.542001802341524,1.251343960059524,,,
S2,Seasonal,0.5869811915130227,0.9595156216303842,0.0,0.9710998065142948,0.9991560441964913,0.9818996678958692,36,38,36.0,72.0,300,0.0,0.0,27.204624400232497,8.081306863952173,0.8642910477166674,,,
S3,Stationary_AR,0.06574124141625082,0.3111752731040698,0.0,0.10258392598762,0.6852030076533446,0.7045763535380452,None,50,,,300,0.0,0.0,0.0,0.0,5.0,0.460400925557907,,
S4,Trending_RandomWalkDrift,0.9898957270313279,0.9538130463299272,0.0,0.9702719287021565,0.8864363466775541,0.0,None,150,,,300,,,0.0,0.0,1.117917109247236,,,0.1525574492965982
S1,Composite,0.9557181919438986,0.9439988375996803,0.0,0.9967237560954032,0.9954815554352283,0.9316892337732938,36,38,36.0,72.0,300,-0.2266536788842083,1.8220264674768086e-05,23.367248681761083,7.572353752931659,1.385575529308572,,,
S2,Seasonal,0.5846234219467377,0.9466824966235277,0.0,0.906849693062027,0.996330313860783,0.9410509319251078,36,38,36.0,72.0,300,0.0,0.0,20.80506268422783,7.532329383662817,1.3186753518767984,,,
S3,Stationary_WN,0.05178629643352073,0.07833720070208028,0.0,0.5226986183519433,0.15180136847824588,0.3276223919483311,None,2,,,300,0.0,0.0,0.0,0.0,13.586699127597939,,,
S4,Trending_MeanShift,0.9999175603153166,0.9996703396493114,0.0,0.9999380028455755,0.9997522733593814,0.2477907252633944,None,150,,,300,,,0.0,0.0,0.9607093523949928,,150.0,
S1,Composite,0.991016935104789,0.9388859791643214,0.0,0.9998156013955243,0.9987311335829856,0.9801245849098642,12,12,12.0,24.0,300,0.3238256990079612,-1.078472273640065e-05,14.665396280353601,7.4974071196877325,0.5987152769792966,,,
S2,Seasonal,0.7513770778139286,0.9712444172195248,0.0,0.9847373648786842,0.9995296478643566,0.9839455087602145,12,12,12.0,24.0,300,0.0,0.0,28.362828724539945,9.803225010557338,0.6137685064331939,,,
S3,Stationary_AR,0.16489505053522502,0.24767687945455263,0.0,0.20923110027961478,0.42371242903254003,0.4028990687079693,None,21,,,300,0.0,0.0,0.0,0.0,5.0,0.5983109298672127,,
S4,Trending_RandomWalkDrift,0.9278164068610043,0.09857685638433722,0.0,0.9878772462246654,0.5167334403700226,0.8394519895076078,None,24,,,300,,,0.0,0.0,1.4181736922901589,,,0.10334884055440181
S1,Composite,0.98612760058711,0.9509065228296598,0.0,0.9985541496886109,0.9943406140761157,0.898406768708243,24,25,24.0,48.0,300,0.31702261079617766,-4.6946729375249157e-05,19.752938107860366,6.62906427723105,1.3303774655554026,,,
S2,Seasonal,0.6213917194978923,0.9510745841854982,0.0,0.8961895018964777,0.9963296895350885,0.9337059804608522,24,25,24.0,48.0,300,0.0,0.0,23.59845138876159,8.235679865736163,1.4670039028545794,,,
S3,Stationary_AR,0.20094401394824724,0.24424155662408598,0.0,0.3529097945563022,0.41758054185296434,0.537743184000024,None,24,,,300,0.0,0.0,0.0,0.0,5.0,0.5602159004209333,,
S4,Trending_MeanShift,0.9997735855786288,0.9990978870666335,0.0,0.9997986646280307,0.9992084143887552,0.1076831972598663,None,150,,,300,,,0.0,0.0,1.4193119022440444,,150.0,
S1,Composite,0.9964731920266147,0.958186022012017,0.0,0.9992180411308029,0.9906382327791384,0.7785894268572908,12,12,12.0,24.0,300,-0.25385806449008375,-3.678662081082294e-05,9.108351579482784,2.987827950103801,1.0319334715456687,,,
S2,Seasonal,0.7401066781618624,0.9741416468767351,0.0,0.9505469017012904,0.998646661504853,0.9483254754902498,12,12,12.0,24.0,300,0.0,0.0,29.440730108274757,9.353545541586776,1.1641705749018003,,,
S3,Stationary_WN,0.12281763452105687,0.039974832709154584,0.0,0.38945522022826173,0.05664420827624472,0.24329410833128318,None,3,,,300,0.0,0.0,0.0,0.0,11.433288107397546,,,
S4,Trending_RandomWalkDrift,0.9782355118192836,0.18147875916515888,0.0,0.996234961748919,0.6714883578339301,0.8359204072837864,None,24,,,300,,,0.0,0.0,1.1717616982199532,,,-0.18719327286547852
S1,Composite,0.9909658372266565,0.9391379531181685,0.0,0.9978818873003626,0.983169517677625,0.7644845311415537,48,50,48.0,96.0,300,0.26327765048344276,4.4992304830455005e-05,12.82284725074748,3.100186517525118,1.3381566895979682,,,
S2,Seasonal,0.24682718046782537,0.9354387685071524,0.0,0.5891637665941498,0.9917957696728048,0.8896747765899592,48,50,48.0,96.0,300,0.0,0.0,27.26709083944405,7.141851709891641,1.4899194780110376,,,
S3,Stationary_WN,0.17809191446905448,0.3474593055890004,0.0,0.2885855234244894,0.3995115414491157,0.2111041771151455,None,6,,,300,0.0,0.0,0.0,0.0,6.445192395524904,,,
S4,Trending_MeanShift,0.9997172373704781,0.9988742296186135,0.0,0.9997766934632271,0.9991188370886235,0.2085992627901324,None,150,,,300,,,0.0,0.0,1.2118214935534908,,150.0,
S1,Composite,0.9876492270836493,0.8884810716724433,0.0,0.9991680589314504,0.9918010668312075,0.9343386697821006,48,50,48.0,96.0,300,-0.25156195321436814,-2.129615225530961e-05,9.682691761753862,5.553019937012933,0.6432522329025396,,,
S2,Seasonal,0.604539082542729,0.9228679367629973,0.0,0.8547904766989487,0.9918787943011692,0.9057754025299184,48,50,48.0,96.0,300,0.0,0.0,19.566417332608516,8.999128857083976,1.5254387403785405,,,
S3,Stationary_WN,0.0857398915469042,0.32027071928806017,0.0,0.11338381577236378,0.43985015221466095,0.25353763658431105,None,16,,,300,0.0,0.0,0.0,0.0,10.16136838297738,,,
S4,Trending_MeanShift,0.9999683083920936,0.9998732801253213,0.0,0.9999749601015284,0.9999002298645124,0.21085855833049638,None,150,,,300,,,0.0,0.0,1.3080022400043458,,150.0,
S1,Composite,0.9827381115483526,0.9550395760561361,0.0,0.9975455567742382,0.9921451130676195,0.859932909758209,24,25,24.0,48.0,300,-0.2868123271619195,-2.115619522547264e-05,22.00592764983623,3.9172068237776605,1.263565588836007,,,
S2,Seasonal,0.7293464216844754,0.9092378976083545,0.0,0.9341113263556862,0.9917186815150675,0.9218041531903899,24,23,24.0,48.0,300,0.0,0.0,13.328327082181165,7.960076839240866,1.242401412502677,,,
S3,Stationary_AR,0.11140508910119351,0.16642392958637264,0.0,0.22626340412550616,0.32606282796610897,0.526890660171634,None,10,,,300,0.0,0.0,0.0,0.0,5.0,0.4444957752428819,,
S4,Trending_MeanShift,0.9998076691038554,0.9992319953771804,0.0,0.9859634304290908,0.9562567520853418,0.0,None,150,,,300,,,0.0,0.0,1.3868136366228498,,150.0,
S1,Composite,0.9969553678203678,0.981839714331331,0.0,0.9996302167814274,0.9975193485455353,0.8786809849147416,24,25,24.0,48.0,300,0.3752082266322486,1.248680373332015e-05,18.86251885753118,3.1742925236797523,0.8843442468827264,,,
S2,Seasonal,0.677117420860638,0.8856918908613249,0.0,0.9853986256204214,0.9984459027435236,0.9887782177236218,24,25,24.0,48.0,300,0.0,0.0,18.639421429013545,11.801139700534026,0.5961926566115457,,,
S3,Stationary_AR,0.056319940989820405,0.33820439216223575,0.0,0.062289305701556774,0.6142261414211883,0.5002438478662266,None,50,,,300,0.0,0.0,0.0,0.0,5.0,0.4425647705070821,,
S4,Trending_RandomWalkDrift,0.9691569754346117,0.1681591537488809,0.0,0.9950624194609865,0.5620633416539891,0.8467204414198544,None,24,,,300,,,0.0,0.0,0.9590159952976558,,,0.4009319172584527
S1,Composite,0.9933345345384382,0.9660640046402145,0.0,0.9994425983757215,0.9969284501619627,0.9160700366256354,36,38,36.0,72.0,300,0.39552476673871206,-1.115184925124376e-05,21.46916894659855,3.440146491144692,0.8879990216812442,,,
S2,Seasonal,0.5832189383791465,0.9601126698909482,0.0,0.967230097535764,0.9991226517630117,0.9808191006257311,36,38,36.0,72.0,300,0.0,0.0,28.8587833117225,8.593125311168105,0.7387433201225826,,,
S3,Stationary_AR,0.07915981602380995,0.20451957545369592,0.0,0.17543384286920172,0.3993172801830851,0.38850679964564916,None,18,,,300,0.0,0.0,0.0,0.0,5.0,0.504502197410711,,
S4,Trending_ExponentialGrowth,0.9988145552369145,0.006164116441157441,0.0,0.9998185173702926,0.7453134866999501,0.8423059565633251,None,24,,,300,,,0.0,0.0,0.539389019940376,,,
S1,Composite,0.994943357583843,0.9842471166534399,0.0,0.9982001919153672,0.9944385355588525,0.6467120234506468,12,12,12.0,24.0,300,0.2367663866889318,1.129048188955745e-05,16.290345601843107,2.9094599579901184,1.311312896036005,,,
S2,Seasonal,0.7043897981226592,0.8723075995049262,0.0,0.8427749521978951,0.97981123837249,0.8536462718683201,12,12,12.0,24.0,300,0.0,0.0,10.00678002814897,7.101385431060896,1.5319368055142637,,,
S3,Stationary_WN,0.15930989049736777,0.15042619120040845,0.0,0.5809459896548865,0.21752353733883456,0.31334357861572826,None,2,,,300,0.0,0.0,0.0,0.0,11.124995696328668,,,
S4,Trending_RandomWalkDrift,0.9950083940311145,0.529731143273547,0.0,0.9994059714960982,0.9359070003288315,0.8819921014263653,None,75,,,300,,,0.0,0.0,1.3404108935095156,,,0.22438438179563827
S1,Composite,0.993580736532584,0.9772210440822995,0.0,0.9996784531507286,0.9987580001433123,0.9505778833338138,24,25,24.0,48.0,300,0.3124688689918541,3.5235647730238875e-05,20.91049867129116,4.849188230010546,0.8404454762107173,,,
S2,Seasonal,0.663543981405365,0.924709160790411,0.0,0.9730670607800033,0.9983037264049213,0.9806666787106553,24,25,24.0,48.0,300,0.0,0.0,15.69124658611165,7.806671182586636,0.707200105213959,,,
S3,Stationary_WN,0.06766702700658322,0.12789618768155864,0.0,0.23064320424516782,0.18062452857824363,0.2184664521191304,None,6,,,300,0.0,0.0,0.0,0.0,6.276059482998699,,,
S4,Trending_RandomWalkDrift,0.9976778447434462,0.9092306907023265,0.0,0.9893701870664319,0.7400703583356903,0.0,None,150,,,300,,,0.0,0.0,1.0361639597422772,,,0.34691653721668014
S1,Composite,0.9912663561126068,0.969292673452928,0.0,0.9981883231072327,0.9927344969033932,0.7950206848182688,24,25,24.0,48.0,300,0.18953243622107435,2.3093547051205778e-05,12.73929800035813,2.3213072951224376,0.8672232763731725,,,
S2,Seasonal,0.016087063331149287,0.969034185931198,0.0,0.03471371088324082,0.9882787536704513,0.6639687396032863,24,50,24.0,48.0,300,0.0,0.0,16.988603590429975,11.26476429851741,1.989841059155164,,,
S3,Stationary_AR,0.23281205767548674,0.3378464914268118,0.0,0.3933365826547728,0.6498243152335378,0.6969282685827403,None,21,,,300,0.0,0.0,0.0,0.0,5.0,0.6258912297756495,,
S4,Trending_ExponentialGrowth,0.9981043135917723,0.116702080850697,0.0,0.9992588539734822,0.5329991017545939,0.5997367596091714,None,24,,,300,,,0.0,0.0,0.9734359795157727,,,
S1,Composite,0.9948595602306919,0.9712972268508793,0.0,0.9995067853400025,0.9972178300958655,0.9049141460848609,12,12,12.0,24.0,300,-0.3518057278289515,1.2928189288015047e-05,17.735490869172192,5.679995052906198,0.9256663479768032,,,
S2,Seasonal,0.7105605108677755,0.9682627239178739,0.0,0.8697466333727271,0.9958888085295308,0.8730000742172871,12,12,12.0,24.0,300,0.0,0.0,24.056497014056696,7.859723750890313,1.6109344031521444,,,
S3,Stationary_WN,0.18373673355819764,0.11605029168421488,0.0,0.48228396162058174,0.1810338555680674,0.33926442353905273,None,3,,,300,0.0,0.0,0.0,0.0,9.939706213291704,,,
S4,Trending_MeanShift,0.9999747312495738,0.9998987596826144,0.0,0.9998665064391209,0.9994746841368183,0.0,None,150,,,300,,,0.0,0.0,0.9399808343377293,,150.0,
S1,Composite,0.993608174921774,0.9837706286579507,0.0,0.9995021412525537,0.9987421962915125,0.9230902950156722,12,12,12.0,24.0,300,-0.28995979390435833,-3.114997673143811e-05,22.927221431429324,5.782058571817842,0.792278280265973,,,
S2,Seasonal,0.7489567095287999,0.9641482535994232,0.0,0.9800413762702976,0.9992299721318313,0.9791202064429526,12,12,12.0,24.0,300,0.0,0.0,28.068087086402798,10.833412012790518,0.7116322608560333,,,
S3,Stationary_WN,0.18708388524834474,0.23769167004199765,0.0,0.30615964184742606,0.2987348615072857,0.290220011510245,None,4,,,300,0.0,0.0,0.0,0.0,7.544680186600904,,,
S4,Trending_MeanShift,0.9999805248858057,0.9999218491222566,0.0,0.999981199596002,0.9999250215153501,0.03711266069694186,None,150,,,300,,,0.0,0.0,0.7881694189301867,,150.0,
S1,Composite,0.9833458595500736,0.9102492161727496,0.0,0.99914118123762,0.9945707166618627,0.9499133487047615,36,38,36.0,72.0,300,0.2520631929693271,1.3985015885226859e-05,13.498324338695866,6.688836109216104,0.869345203474839,,,
S2,Seasonal,0.6714038462723461,0.8768501632045237,0.0,0.9782815443715894,0.9972273481197078,0.9819124600919525,36,38,36.0,72.0,300,0.0,0.0,17.5484094816235,11.448916939222837,0.8603693708118443,,,
S3,Stationary_AR,0.2916513624050787,0.369742326848989,0.0,0.45663116488506716,0.5046107391766832,0.4931198618506063,None,18,,,300,0.0,0.0,0.0,0.0,5.0,0.6421554191640175,,
S4,Trending_MeanShift,0.9998853464584319,0.9995380421815506,0.0,0.9998766999225432,0.9995067364219692,0.0,None,150,,,300,,,0.0,0.0,1.4691248388290994,,150.0,
S1,Composite,0.9765131033287758,0.9348352603963691,0.0,0.9983254847185029,0.9947933509125615,0.9318530358196034,36,38,36.0,72.0,300,0.24537108283048698,-2.459307502829882e-05,17.772527795433138,7.517180993150923,1.3169385069239992,,,
S2,Seasonal,0.668506643538362,0.8340418774517222,0.0,0.9434304717684137,0.9895854941412513,0.9510109030932465,36,38,36.0,72.0,300,0.0,0.0,15.206875885495034,11.72016842621959,1.8416316798068002,,,
S3,Stationary_AR,0.07847223663079339,0.3160755016504745,0.0,0.1631122747167726,0.5733057305779923,0.5915365171949822,None,27,,,300,0.0,0.0,0.0,0.0,5.0,0.5132496013860763,,
S4,Trending_MeanShift,0.9999492900314697,0.99979828844217,0.0,0.9998980420075878,0.9995956771255928,0.0,None,150,,,300,,,0.0,0.0,1.3229506715388117,,150.0,
S1,Composite,0.9959624170240045,0.9907071136621437,0.0,0.9993334368066389,0.9983488634543383,0.8367021835355026,24,25,24.0,48.0,300,-0.23631600258974303,-2.8898795120685432e-05,19.6263355854214,2.098523137454576,0.7422416436722993,,,
S2,Seasonal,0.6487178346973369,0.9209078942199589,0.0,0.9297861359874149,0.9954378571327525,0.9505205241917146,24,25,24.0,48.0,300,0.0,0.0,21.013747230719346,9.988799617718353,1.5685810673373428,,,
S3,Stationary_AR,0.16488337351010018,0.8923052897154563,0.0,0.0,0.1892179681091496,0.0,None,150,,,300,0.0,0.0,0.0,0.0,5.0,0.696077175853548,,
S4,Trending_MeanShift,0.9999705278252108,0.9998811735031584,0.0,0.9999773408555176,0.9999088324312587,0.23220226732779603,None,150,,,300,,,0.0,0.0,0.692527464050961,,150.0,
S1,Composite,0.9912780865390035,0.8063688224000118,0.0,0.9976294748927165,0.9369018106636279,0.7293930122750403,48,50,48.0,96.0,300,0.3628706881575907,2.161473706036995e-05,8.955333450667576,3.933554582354403,1.3899810561605939,,,
S2,Seasonal,0.664640615588048,0.963691311491281,0.0,0.9314386283320241,0.9976430691521472,0.9394584446379843,48,50,48.0,96.0,300,0.0,0.0,19.551074524449795,6.345151113558227,1.1987557360662957,,,
S3,Stationary_WN,0.3129284878513474,0.22073846723256363,0.0,0.3814330838382455,0.284819514216872,0.26686335847229103,None,4,,,300,0.0,0.0,0.0,0.0,11.91406981324252,,,
S4,Trending_ExponentialGrowth,0.9979697684108052,0.25821670276935027,0.0,0.9987748399389189,0.4293431116695151,0.38673500900218416,None,24,,,300,,,0.0,0.0,1.4831379066416668,,,
S1,Composite,0.9922320893557188,0.9900288830338058,0.0,0.9986952649039005,0.9983566454944726,0.8361976032049565,12,12,12.0,24.0,300,0.1969189434018321,3.989614430986425e-05,22.64942680196122,3.9147243432003647,0.7876040704141037,,,
S2,Seasonal,0.7474509990680991,0.9837406624993954,0.0,0.9684265675232412,0.9994572676237955,0.9670211495910797,12,12,12.0,24.0,300,0.0,0.0,27.10210694247987,6.935883882743518,0.7297369969438916,,,
S3,Stationary_WN,0.06959277232126704,0.17284620919595195,0.0,0.1787215448777142,0.3370528353187926,0.2781193438115588,None,8,,,300,0.0,0.0,0.0,0.0,7.124568168888041,,,
S4,Trending_RandomWalkDrift,0.9794745468677923,0.25751567966866995,0.0,0.9981173981325298,0.8144257733503434,0.9063997666347312,None,24,,,300,,,0.0,0.0,1.4032845155948688,,,0.4914469130445215
S1,Composite,0.9870265538329405,0.9592592118409893,0.0,0.9991203733148185,0.9972773687070261,0.9350277484307874,12,12,12.0,24.0,300,0.18473655390833676,4.6360115684607195e-05,13.74835796274793,5.409038409289046,0.8240781889944904,,,
S2,Seasonal,0.7301299636049517,0.8433994656025048,0.0,0.9286342738317074,0.9871903714276361,0.9286298312455791,12,12,12.0,24.0,300,0.0,0.0,14.236997051723659,11.856387047406255,1.6416794296407358,,,
S3,Stationary_WN,0.09113729490624412,0.20752095574740148,0.0,0.14471116425513952,0.33542355688308945,0.304389071737468,None,9,,,300,0.0,0.0,0.0,0.0,8.980049546234918,,,
S4,Trending_MeanShift,0.9999298855702816,0.9997175932794686,0.0,0.9999400908784464,0.9997576903953314,0.14468910502993992,None,150,,,300,,,0.0,0.0,1.2473963816668654,,150.0,
S1,Composite,0.9244228045060332,0.90660591708823,0.0,0.9932400250046397,0.9907418212454233,0.9197420580353688,48,50,48.0,96.0,300,-0.18833354442792177,-2.2477138835288428e-05,20.792034227661723,6.7215646770065405,1.302798774422449,,,
S2,Seasonal,0.6037621728511524,0.9418096438442772,0.0,0.8607606841065636,0.9938755364761415,0.9045088399026731,48,50,48.0,96.0,300,0.0,0.0,11.267281935269295,4.273753907877387,0.837803721827522,,,
S3,Stationary_AR,0.1967289566473669,0.36075052630827287,0.0,0.3007594550662953,0.6136085667539207,0.6634527236803766,None,27,,,300,0.0,0.0,0.0,0.0,5.0,0.6451242045603998,,
S4,Trending_ExponentialGrowth,0.9987448391795426,0.13939953415238815,0.0,0.9994544379008531,0.5434856405337555,0.5576027302214595,None,24,,,300,,,0.0,0.0,0.6664236229426974,,,
S1,Composite,0.9889191921236103,0.9473875677412533,0.0,0.9997889004708049,0.9989494840610191,0.9815155121241025,48,50,48.0,96.0,300,-0.34187000601913464,1.1588266064057115e-05,18.132291641204105,7.594177692707864,0.633643603102291,,,
S2,Seasonal,0.37605410797701033,0.954797018659536,0.0,0.7915761751946346,0.9968005021211307,0.9381434967754576,48,50,48.0,96.0,300,0.0,0.0,23.636873669760686,6.209970569721617,0.9912512305869955,,,
S3,Stationary_AR,0.09087582038393216,0.38239620004808805,0.0,0.07097660156172203,0.599485578816663,0.5607582071153401,None,30,,,300,0.0,0.0,0.0,0.0,5.0,0.44619596532477684,,
S4,Trending_MeanShift,0.9999340200188814,0.9997385445377172,0.0,0.9994935471628047,0.9978810202823876,0.0,None,150,,,300,,,0.0,0.0,1.2297281946158523,,150.0,
S1,Composite,0.9081984521164772,0.9220344138062364,0.0,0.9968629716333596,0.9969572237489047,0.9684375650514784,48,50,48.0,96.0,300,0.1794522241308829,-2.8672100817894187e-05,24.2907113682328,6.30011900456579,0.6754676716291802,,,
S2,Seasonal,0.6449845166907449,0.825596785836889,0.0,0.907479378163211,0.985193492088186,0.9290005334898572,48,50,48.0,96.0,300,0.0,0.0,13.882992825783303,10.41721840285185,1.6848971253547633,,,
S3,Stationary_WN,0.08535539561272254,0.13001526953002274,0.0,0.4298011414252175,0.18836042566581557,0.3558487465937439,None,3,,,300,0.0,0.0,0.0,0.0,9.52296289262562,,,
S4,Trending_MeanShift,0.9999203595150883,0.9996836060550213,0.0,0.9999488278695504,0.9997973883435094,0.35899724412206335,None,150,,,300,,,0.0,0.0,1.3367486533688027,,150.0,
S1,Composite,0.9736335454154518,0.8839930967167062,0.0,0.9965037372618318,0.9832911088981516,0.875697864001619,24,23,24.0,48.0,300,0.1524846833168572,1.8915218995718387e-05,9.21497030797094,5.759526405620804,1.2123109806875114,,,
S2,Seasonal,0.44896507037402833,0.9758420845348157,0.0,0.7338224087407288,0.9975957140635924,0.9135137450651225,24,25,24.0,48.0,300,0.0,0.0,22.134552881956164,4.3594356434099035,1.0329427134351197,,,
S3,Stationary_AR,0.0023296273186543814,0.22412968962173196,0.0,0.05864311926641974,0.5124765507242515,0.4410174717223728,None,60,,,300,0.0,0.0,0.0,0.0,5.0,0.46747270067459357,,
S4,Trending_MeanShift,0.999979220311603,0.9999168866723918,0.0,0.9999823448998424,0.9999292053002901,0.1499068054323459,None,150,,,300,,,0.0,0.0,0.7276385673912811,,150.0,
S1,Composite,0.9790715093012073,0.945226148046153,0.0,0.9953444680297688,0.9862166591357633,0.784530669424409,36,38,36.0,72.0,300,-0.18800032589088167,2.2437874277288364e-05,13.284165811350077,3.1858517546292884,1.0105685275692826,,,
S2,Seasonal,0.2806744075971108,0.8795791743055935,0.0,0.6256822613991677,0.9815799760620929,0.8815746387515103,36,38,36.0,72.0,300,0.0,0.0,14.708271076719832,5.186902902681003,1.492141568480297,,,
S3,Stationary_WN,0.23145605778137834,0.12505710294958083,0.0,0.4303317154698154,0.19041970572681233,0.3229819408703728,None,3,,,300,0.0,0.0,0.0,0.0,12.647413572040715,,,
S4,Trending_RandomWalkDrift,0.9489779979773474,0.6456028420888549,0.0,0.18093581314461216,0.40537385918905255,0.0,None,150,,,300,,,0.0,0.0,0.9246869443502526,,,-0.3425401711910521
S1,Composite,0.9784379600620059,0.9219780466059688,0.0,0.998583352956466,0.9944983333759905,0.9368541844172752,48,50,48.0,96.0,300,0.1627009030155806,2.0074464948895036e-05,11.009819894564425,5.305328186771027,0.8553546336934504,,,
S2,Seasonal,0.4683841244847422,0.9636165710549669,0.0,0.675187242832348,0.9932240831939991,0.8280594892728572,48,50,48.0,96.0,300,0.0,0.0,23.964046964107776,5.85510588292776,1.7792077841133365,,,
S3,Stationary_WN,0.11905844979014446,0.10866208386776666,0.0,0.30102376035029765,0.2930544006246677,0.3430865396533904,None,5,,,300,0.0,0.0,0.0,0.0,6.256401288934522,,,
S4,Trending_ExponentialGrowth,0.9980729529197472,0.29530257443554975,0.0,0.9987073270293304,0.39877425987629667,0.32346053054091806,None,24,,,300,,,0.0,0.0,0.6789709831226142,,,
S1,Composite,0.9946542739858497,0.9852794293991233,0.0,0.9986855253168279,0.9964018638693113,0.7555980035978453,12,12,12.0,24.0,300,-0.1687835614559448,1.808670423753789e-05,11.927871968994118,2.3648310106407946,0.6968830285300923,,,
S2,Seasonal,0.7503917686004044,0.9582306899103429,0.0,0.9815881269874145,0.9991563327965152,0.9803960773901523,12,12,12.0,24.0,300,0.0,0.0,21.940853080447702,9.168114545510704,0.6000353665332583,,,
S3,Stationary_WN,0.03485048011672354,0.2668853212701989,0.0,0.06747998892318363,0.4479577234186908,0.2812901341837216,None,38,,,300,0.0,0.0,0.0,0.0,13.879651663012146,,,
S4,Trending_RandomWalkDrift,0.9932626886422671,0.17358352611832917,0.0,0.9991430099814002,0.747580497427037,0.8731072586691557,None,24,,,300,,,0.0,0.0,0.888588276744066,,,0.3322186976007727
S1,Composite,0.9829291319565941,0.9428359113169994,0.0,0.9980751819983276,0.9937107630342017,0.893420387732614,12,12,12.0,24.0,300,0.240754417621474,-3.586600949714843e-05,15.233562681843518,7.028193735389463,1.2727515036271486,,,
S2,Seasonal,0.7461244562277354,0.9891469710197188,0.0,0.9721080173824672,0.9996777465297926,0.9704414092976393,12,12,12.0,24.0,300,0.0,0.0,28.3526238379785,5.797555673669417,0.6110844000446639,,,
S3,Stationary_AR,0.03357444162858969,0.4844589921074811,0.0,0.11828365188612788,0.36884507222056584,0.0,None,100,,,300,0.0,0.0,0.0,0.0,5.0,0.5669103425030538,,
S4,Trending_RandomWalkDrift,0.9902908462599356,0.37705265707216584,0.0,0.7169608040712911,0.07722060738279857,0.0,None,100,,,300,,,0.0,0.0,0.7096846924241408,,,-0.3865929340372246
S1,Composite,0.9764956593281752,0.934400794903199,0.0,0.9910239444869213,0.9718831169695009,0.6296726026004311,24,23,24.0,48.0,300,-0.15163391061337078,4.414763261175657e-05,10.034393913624383,2.8190663549534776,1.412079456741306,,,
S2,Seasonal,0.6221278416677596,0.8845600601563612,0.0,0.8592952971989414,0.9865261000939002,0.9010550744383663,24,25,24.0,48.0,300,0.0,0.0,12.893956029830642,7.4697592595615525,1.5346152803212056,,,
S3,Stationary_WN,0.0708179349023047,0.11955902397148921,0.0,0.375966636980839,0.20725701997913726,0.3501974210418466,None,3,,,300,0.0,0.0,0.0,0.0,5.260228934782316,,,
S4,Trending_RandomWalkDrift,0.8769065052357257,0.44000297744106387,0.0,0.9511057178532978,0.7742011247879133,0.5437796472142347,None,100,,,300,,,0.0,0.0,0.9476847201839974,,,-0.2771118196528114
S1,Composite,0.9582462625151911,0.957462563458679,0.0,0.9905370535623791,0.989608217105259,0.7844450598021719,48,50,48.0,96.0,300,-0.1407785991191798,3.4853575273946894e-05,15.200207349695393,3.346708273242812,1.1480457937250916,,,
S2,Seasonal,0.5016524823648054,0.8101383975672255,0.0,0.750837472232059,0.9764378250999426,0.890538395490293,48,50,48.0,96.0,300,0.0,0.0,11.224575301428048,7.333037712607211,1.4885337697309737,,,
S3,Stationary_WN,0.1099258485707022,0.20399384481994975,0.0,0.5520114455535151,0.2987797918315154,0.4077718218934707,None,2,,,300,0.0,0.0,0.0,0.0,5.600539328833085,,,
S4,Trending_MeanShift,0.9999745240358684,0.9998976273847822,0.0,0.999978145354956,0.9999128180850234,0.14366583552154266,None,150,,,300,,,0.0,0.0,0.5005914637258038,,150.0,
S1,Composite,0.9721015943749863,0.9690012770424078,0.0,0.9988015997887479,0.9986052260402468,0.959436117569776,24,25,24.0,48.0,300,-0.13761354232314585,-4.224364088838031e-05,17.232630606586003,4.968473582912185,0.7068902895558539,,,
S2,Seasonal,0.005546177254240892,0.9652542841142792,0.0,0.03941470818296566,0.9870968574867565,0.6750373940824472,24,50,24.0,48.0,300,0.0,0.0,13.194311193488602,11.79246563132562,1.8628080458458975,,,
S3,Stationary_WN,0.10343202192017553,0.0,0.0,0.5647309818588184,0.0,0.2972940311679373,None,2,,,300,0.0,0.0,0.0,0.0,10.285152081236266,,,
S4,Trending_RandomWalkDrift,0.9871595910136398,0.0,0.0,0.9961371199377974,0.30363882490909,0.7071263243336117,None,24,,,300,,,0.0,0.0,1.370097372899965,,,0.46302472006767037
S1,Composite,0.9853025512124173,0.9778586610865676,0.0,0.9987134642220177,0.9979248839612573,0.9148478788401676,24,25,24.0,48.0,300,-0.18887845550111323,-4.00540028750445e-05,19.79976538926276,4.4700451576969025,0.8589619762749359,,,
S2,Seasonal,0.6494638739487235,0.9570287902201113,0.0,0.9542130859047107,0.998480284517048,0.9684962090910982,24,25,24.0,48.0,300,0.0,0.0,23.52964685763864,8.386805689035054,0.8914300443253027,,,
S3,Stationary_AR,0.02852763936232461,0.25085395801127996,0.0,0.07481717472414817,0.5784500025506385,0.6551303663961902,None,38,,,300,0.0,0.0,0.0,0.0,5.0,0.5518343958044266,,
S4,Trending_MeanShift,0.999647488611229,0.9986078767915046,0.0,0.9973957809845653,0.9903292064447599,0.0,None,150,,,300,,,0.0,0.0,1.4112229206388829,,150.0,
S1,Composite,0.9921928059453554,0.9870555306545817,0.0,0.9988651753713893,0.9981552050246996,0.8575671723853834,12,12,12.0,24.0,300,0.23654546349739847,-3.706737066406838e-05,21.448246056212426,4.505986175260209,0.9368443426208838,,,
S2,Seasonal,0.7515603618314204,0.8219002266321401,0.0,0.9882768668279099,0.9973835743632615,0.9876064481372289,12,12,12.0,24.0,300,0.0,0.0,11.616631950951028,11.083321568746895,0.6235566497617115,,,
S3,Stationary_AR,0.14342910872724302,0.3204771076529591,0.0,0.3062722530767963,0.691820270007556,0.7233957308937732,None,50,,,300,0.0,0.0,0.0,0.0,5.0,0.6367423262328844,,
S4,Trending_RandomWalkDrift,0.9188633074822896,0.7220191205527691,0.0,0.9884770744149051,0.9444589076307803,0.8276709896022444,None,150,,,300,,,0.0,0.0,0.6573438840919731,,,-0.1908296485960951
S1,Composite,0.9857818666832928,0.9556184533145601,0.0,0.9993747359813349,0.9976885631189898,0.9570124366330325,48,50,48.0,96.0,300,-0.26250909184181825,3.152308283758017e-05,17.08925979062014,3.1735118077330666,0.5780676028546102,,,
S2,Seasonal,0.5401483290903353,0.8368384876442662,0.0,0.8580889452306435,0.9869316460663057,0.9303465735261087,48,50,48.0,96.0,300,0.0,0.0,17.433639907626684,10.817963745892712,1.8323425137614227,,,
S3,Stationary_AR,0.36888047132687585,0.2819422186162085,0.0,0.6022160511632311,0.5439745147592232,0.6907255667888256,None,24,,,300,0.0,0.0,0.0,0.0,5.0,0.6890459848122681,,
S4,Trending_MeanShift,0.9999790803775914,0.9999164772081355,0.0,0.9999781671236682,0.9999126847795572,0.0,None,150,,,300,,,0.0,0.0,0.8632788430117082,,150.0,
S1,Composite,0.9935917295637473,0.9170041577824986,0.0,0.9991786144794556,0.9874455445458761,0.8738470850289608,48,50,48.0,96.0,300,-0.3984611635511388,-1.5978117340596815e-05,13.048715010517224,3.7664416937367564,1.0540571119769773,,,
S2,Seasonal,0.11337206483937079,0.933517403407562,0.0,0.5779616928249967,0.9940535179299497,0.927485090887999,48,50,48.0,96.0,300,0.0,0.0,22.270912766900576,5.063757187648721,1.083377220998428,,,
S3,Stationary_WN,0.2427097051885414,0.17359965988466497,0.0,0.40636992719035536,0.22534953229963106,0.25624531210228096,None,3,,,300,0.0,0.0,0.0,0.0,11.497724251811489,,,
S4,Trending_MeanShift,0.9998970164243491,0.9995870095424263,0.0,0.999581912346193,0.9982855635482819,0.0,None,150,,,300,,,0.0,0.0,1.434966178812818,,150.0,
S1,Composite,0.992105119439353,0.9782896232431406,0.0,0.9992999579631711,0.9978947617886543,0.9125932369236993,24,25,24.0,48.0,300,0.31008611332264235,-4.909419705604141e-05,21.878994089078027,4.168071560525004,1.070437382580426,,,
S2,Seasonal,0.44171671607680973,0.9551007343844947,0.0,0.5557569470500925,0.9896875805564886,0.8022368387272736,24,25,24.0,48.0,300,0.0,0.0,16.189055140368154,4.07655021231747,1.3211187035937664,,,
S3,Stationary_AR,0.37227624480723254,0.363339710206944,0.0,0.4134932507370629,0.3709883838533993,0.14485829206968426,None,7,,,300,0.0,0.0,0.0,0.0,5.0,0.5053191461997583,,
S4,Trending_MeanShift,0.9999920997921323,0.9999683591338432,0.0,0.9999800372886896,0.9999196370867434,0.0,None,150,,,300,,,0.0,0.0,0.5505051783200764,,150.0,
S1,Composite,0.9680144164166999,0.9863058850003283,0.0,0.9935175740731537,0.9970450734704487,0.801284036594877,48,50,48.0,96.0,300,0.1332540086102676,-1.951360607172755e-05,24.799722916654662,2.4485248547426286,1.2569591278814451,,,
S2,Seasonal,0.5817555321452845,0.944865804615722,0.0,0.8995105420244278,0.9963576907893984,0.9399712181706011,48,50,48.0,96.0,300,0.0,0.0,16.483077827674787,6.018172700757246,1.2188798817730748,,,
S3,Stationary_AR,0.11816746375193643,0.2909249288216966,0.0,0.11218099085622424,0.4381602314606168,0.5117474576966541,None,21,,,300,0.0,0.0,0.0,0.0,5.0,0.4977394922521037,,
S4,Trending_RandomWalkDrift,0.9926436174131704,0.12504953998802615,0.0,0.9987915568180049,0.6881011635650884,0.8410734936741368,None,24,,,300,,,0.0,0.0,0.8171779850319203,,,-0.23489371960083552
S1,Composite,0.9853646004053966,0.9193115878792189,0.0,0.9989769963920044,0.9936023787677356,0.9321001579632535,24,25,24.0,48.0,300,0.23487199708595596,3.746137275649843e-05,12.746944535589094,6.478360383086271,1.030031856071962,,,
S2,Seasonal,0.537120265602198,0.976491787593911,0.0,0.8135746970883693,0.997695521593588,0.9114958352159916,24,25,24.0,48.0,300,0.0,0.0,26.466518090572063,5.85090285744122,1.5003831861787245,,,
S3,Stationary_WN,0.0,0.19009087908768596,0.0,0.11857268727551018,0.2866022292688656,0.2929412852024864,None,14,,,300,0.0,0.0,0.0,0.0,14.396436635653906,,,
S4,Trending_ExponentialGrowth,0.998057010222282,0.2626435133179418,0.0,0.9987256125661106,0.3673559295010048,0.33145726142256215,None,24,,,300,,,0.0,0.0,1.4546368047008724,,,
S1,Composite,0.9921964249491763,0.9173394258094372,0.0,0.9991979954002814,0.9901243865939233,0.8988942868693661,36,38,36.0,72.0,300,-0.26938890431930523,2.2377008597714818e-05,9.33168965689591,4.261326564931585,0.9967499654292484,,,
S2,Seasonal,0.4889389699336264,0.9398809743304367,0.0,0.8389471657158221,0.9939284610390344,0.9137281408364262,36,38,36.0,72.0,300,0.0,0.0,14.705248033757583,4.569689255029998,0.980080147619036,,,
S3,Stationary_WN,0.03733827675800083,0.27747145757152614,0.0,0.2023816358838355,0.382261551655499,0.3604142750948799,None,10,,,300,0.0,0.0,0.0,0.0,14.75134785071449,,,
S4,Trending_ExponentialGrowth,0.9973159685922487,0.32748966383722045,0.0,0.9984120686449135,0.48014496462711787,0.40476992588367144,None,24,,,300,,,0.0,0.0,1.160536337239824,,,
S1,Composite,0.9859211234106177,0.9725457795125491,0.0,0.9986514506431665,0.9972559565290924,0.9077624758056666,48,50,48.0,96.0,300,-0.23860772829586807,-2.2252722967343845e-05,20.98033549870582,5.069812403582102,0.9961315761496227,,,
S2,Seasonal,0.5015065717403782,0.9620389403479741,0.0,0.8030994753714331,0.9957170774350325,0.8974434601386869,48,50,48.0,96.0,300,0.0,0.0,29.568272016751216,7.5742985282018145,1.6102390613671167,,,
S3,Stationary_AR,0.14429249775033237,0.2834750881243474,0.0,0.28624315823543567,0.5331134031384067,0.6610729877198549,None,27,,,300,0.0,0.0,0.0,0.0,5.0,0.6835050582781047,,
S4,Trending_ExponentialGrowth,0.9881921778272058,0.3051293885462668,0.0,0.992431860212366,0.41402434306714997,0.3500477004901059,None,24,,,300,,,0.0,0.0,0.9919069758327002,,,
S1,Composite,0.9950158472496133,0.9799639991388753,0.0,0.999815519376036,0.9992668396012953,0.9637525973018928,12,12,12.0,24.0,300,0.3645394953761131,3.892783218172659e-05,23.010180228623565,6.471513175552965,0.7207124628721095,,,
S2,Seasonal,0.7348824183540339,0.9445044786343951,0.0,0.9412013247897878,0.9965540646928772,0.940191200556914,12,12,12.0,24.0,300,0.0,0.0,14.798415686407054,6.943885799709969,1.009578519921202,,,
S3,Stationary_WN,0.06875028068194344,0.2346508325627351,0.0,0.19575760095845773,0.31159022469715303,0.29136242442765503,None,6,,,300,0.0,0.0,0.0,0.0,7.438658470989551,,,
S4,Trending_RandomWalkDrift,0.9905501832428223,0.07652940727097313,0.0,0.9989098299575541,0.5202895781136249,0.8878342871263751,None,24,,,300,,,0.0,0.0,0.5665220405709419,,,0.3357899019656965
S1,Composite,0.9859198028533175,0.9211579902036586,0.0,0.9962397888841263,0.9764035984826844,0.7403918606277395,24,23,24.0,48.0,300,0.18197846754102848,-2.1555289003667338e-05,8.668551568212354,3.4891842303535867,1.377710524128523,,,
S2,Seasonal,0.5807338997880975,0.9681762640386757,0.0,0.8500572609652619,0.9971065560492407,0.9190335887393123,24,25,24.0,48.0,300,0.0,0.0,18.832195499389677,5.132622466005911,1.0661187302872577,,,
S3,Stationary_WN,0.20372547903131066,0.24341405892091994,0.0,0.5491505379948451,0.3350694604415928,0.3658109915961262,None,2,,,300,0.0,0.0,0.0,0.0,5.411089004825596,,,
S4,Trending_ExponentialGrowth,0.994351518848475,0.25538282689099856,0.0,0.9957384372231747,0.3722743356266184,0.25190476484657565,None,24,,,300,,,0.0,0.0,0.6234952494924193,,,
S1,Composite,0.979804924171448,0.8886000200743108,0.0,0.9983029302758194,0.9891612087500724,0.9193420429143372,36,38,36.0,72.0,300,-0.22444020355826227,-1.4968210292823021e-05,11.129850941507211,6.3437526301049845,1.2057471184476616,,,
S2,Seasonal,0.6627902318919672,0.923334422942793,0.0,0.9874650411464251,0.9990736332092375,0.9898197171920022,36,38,36.0,72.0,300,0.0,0.0,24.129927322905555,11.650194567120952,0.6613051996134104,,,
S3,Stationary_WN,0.1396006171552151,0.15563964116398188,0.0,0.379701795378231,0.2561050469135514,0.29031128376081905,None,3,,,300,0.0,0.0,0.0,0.0,14.85524742091587,,,
S4,Trending_ExponentialGrowth,0.9921970376349013,0.1418650835014007,0.0,0.9942957469605208,0.2692499577837073,0.2687336595814882,None,24,,,300,,,0.0,0.0,0.8275532301076135,,,
S1,Composite,0.9894350289667948,0.9008807103707548,0.0,0.9995667492008712,0.9952056753769289,0.9600583165371487,36,38,36.0,72.0,300,-0.29857548417293267,-1.3418915280693292e-05,11.337109235928233,6.280835595502964,0.7493210801643567,,,
S2,Seasonal,0.47637604653683396,0.9219699800442744,0.0,0.8156488156023712,0.9914708216373596,0.9095902150284179,36,38,36.0,72.0,300,0.0,0.0,21.630937825779096,7.893862657634184,1.7601645042544367,,,
S3,Stationary_WN,0.019276316034180452,0.31257194874645333,0.0,0.03128556469851862,0.43187094622041,0.1712801570936553,None,50,,,300,0.0,0.0,0.0,0.0,9.23923394119057,,,
S4,Trending_RandomWalkDrift,0.9802235108006434,0.07087362956232579,0.0,0.9969907197849179,0.557963827222173,0.8607237578714861,None,24,,,300,,,0.0,0.0,1.147190255268431,,,0.11724954091377744
S1,Composite,0.9846550933408587,0.8370414416689095,0.0,0.9987132591189682,0.9844630366869754,0.9186001193804904,48,50,48.0,96.0,300,0.3250186384781527,-4.957777739087179e-05,10.99744138684324,7.830558610460999,1.3638475272036916,,,
S2,Seasonal,0.45767602479138536,0.9010708408652773,0.0,0.45100719627456554,0.9675206462535328,0.6886430053640713,48,50,48.0,96.0,300,0.0,0.0,10.774587641608877,4.397648742151419,1.6036023875137535,,,
S3,Stationary_AR,0.04967742020255039,0.46588201132213847,0.0,0.0,0.03637395960027057,0.0,None,100,,,300,0.0,0.0,0.0,0.0,5.0,0.6012141265952781,,
S4,Trending_RandomWalkDrift,0.9811697213117365,0.8789127539653977,0.0,0.20791257315113953,0.09212508485275261,0.0,None,150,,,300,,,0.0,0.0,1.3380360673923777,,,0.17248232230342747
S1,Composite,0.9953682743102645,0.9826545827160318,0.0,0.9993249799787399,0.9972482026877597,0.8552845406193412,24,25,24.0,48.0,300,0.27525801919090787,-3.195538608590842e-05,16.921615902000248,2.899784209300262,0.8450718464122574,,,
S2,Seasonal,0.02741633163033086,0.9802757517280019,0.0,0.19194584999381004,0.9941885679966557,0.7222786392591996,24,50,24.0,48.0,300,0.0,0.0,10.72237044043371,9.152209283728386,0.7745083940609323,,,
S3,Stationary_WN,0.13645363973614455,0.21421349752544827,0.0,0.3133748326166038,0.2944983324791842,0.2568476713768719,None,4,,,300,0.0,0.0,0.0,0.0,11.829927943780227,,,
S4,Trending_MeanShift,0.9998107752077782,0.9992485189423943,0.0,0.9847720171355854,0.9544557425831695,0.0,None,150,,,300,,,0.0,0.0,0.7929225443208019,,150.0,
S1,Composite,0.9417666489653826,0.9536201071488632,0.0,0.9915912717134158,0.9926742533453196,0.8647166578952351,36,38,36.0,72.0,300,0.13439370748781804,3.658645941715157e-05,21.053621140611575,5.131712496139246,1.4469929392067962,,,
S2,Seasonal,0.5794104546658048,0.957295866280787,0.0,0.9628331649044134,0.9988978806714742,0.9776210736705615,36,38,36.0,72.0,300,0.0,0.0,21.861920062813095,6.669797559730484,0.596485324725173,,,
S3,Stationary_WN,0.26656801612620573,0.24458466701071468,0.0,0.4633863017349623,0.3228501905025456,0.300810295633389,None,3,,,300,0.0,0.0,0.0,0.0,14.24052462055764,,,
S4,Trending_MeanShift,0.9999530838440002,0.9998109229913023,0.0,0.9999482857551055,0.999792400890532,0.0,None,150,,,300,,,0.0,0.0,1.021616583212193,,150.0,
S1,Composite,0.9983248646372607,0.9581970476997651,0.0,0.9994557626035863,0.9852790654177248,0.6767574735758526,24,25,24.0,48.0,300,-0.3739223860269153,3.863859782768654e-05,8.443709325954528,2.1524182169636985,1.1575511731293373,,,
S2,Seasonal,0.6398119484375473,0.9473517141407919,0.0,0.9289467139082228,0.9971945565263707,0.9530614716053029,24,25,24.0,48.0,300,0.0,0.0,22.013619894445018,8.349208773846684,1.2658887603973068,,,
S3,Stationary_AR,0.1601458372195601,0.22454340095212233,0.0,0.25143623772681833,0.4381463008008212,0.5782637656892123,None,27,,,300,0.0,0.0,0.0,0.0,5.0,0.591455000244828,,
S4,Trending_ExponentialGrowth,0.9933954919927938,0.30164073127366553,0.0,0.9950975076659224,0.3967338050038639,0.2567792731255619,None,24,,,300,,,0.0,0.0,1.3767915399917934,,,
S1,Composite,0.9774750114017745,0.9650452253501252,0.0,0.9963018405205114,0.9939377593031018,0.844324135770683,48,50,48.0,96.0,300,-0.2323407968211137,4.0019104037021623e-05,21.037165034371945,5.418423775172977,1.4549078779782918,,,
S2,Seasonal,0.3209867265846178,0.9637762777144347,0.0,0.5254795717050007,0.9930234896989498,0.829994498817935,48,50,48.0,96.0,300,0.0,0.0,22.000274789157952,4.460316374101826,1.1454893261429444,,,
S3,Stationary_WN,0.058140712426829166,0.11883502220324416,0.0,0.454759787396689,0.17903003617438673,0.31071484303908736,None,3,,,300,0.0,0.0,0.0,0.0,11.172461038764745,,,
S4,Trending_RandomWalkDrift,0.9587159287360894,0.7953488867190264,0.0,0.9905709209094571,0.9400201770319233,0.7490974060174587,None,150,,,300,,,0.0,0.0,0.9662819187494432,,,-0.2017893914974931
S1,Composite,0.9897736427839061,0.9685436078218242,0.0,0.9988350632476395,0.9961381490502721,0.8886036126099244,36,38,36.0,72.0,300,-0.31085943100050245,1.9421106358868482e-05,20.73295621567189,3.345497970669215,0.7334697674911299,,,
S2,Seasonal,0.39090487025348475,0.9562645369069738,0.0,0.6697137584620687,0.9934681631465918,0.8733969251080813,36,38,36.0,72.0,300,0.0,0.0,23.238435526371138,5.013125074032649,1.3104149314505051,,,
S3,Stationary_AR,0.011256354396148915,0.44430605945012425,0.0,0.0,0.46047056898995187,0.0,None,100,,,300,0.0,0.0,0.0,0.0,5.0,0.4841171982335742,,
S4,Trending_MeanShift,0.9999392708848983,0.9997596207470274,0.0,0.999962053655288,0.9998484632297799,0.3728124634677159,None,150,,,300,,,0.0,0.0,0.59807806388602,,150.0,
S1,Composite,0.9973606891086917,0.9424198974903676,0.0,0.999476657884572,0.9884815695332375,0.8039935165080672,12,12,12.0,24.0,300,0.32680892122917093,3.191790222981723e-05,8.379581332088174,3.554344109109298,0.8516048117645006,,,
S2,Seasonal,0.7496035149671001,0.8842704051032355,0.0,0.9817627717864494,0.9975365720369214,0.9807721908436559,12,12,12.0,24.0,300,0.0,0.0,13.257776908705424,9.680548911941905,0.7248098748250859,,,
S3,Stationary_WN,0.09730400163325392,0.15652434569361384,0.0,0.2531267343827349,0.21413121492544163,0.17414693066477982,None,6,,,300,0.0,0.0,0.0,0.0,6.509012578009977,,,
S4,Trending_ExponentialGrowth,0.9934572051109114,0.2835378283905794,0.0,0.9951811795965066,0.4032482085933137,0.2618531595373661,None,24,,,300,,,0.0,0.0,1.0660365610728495,,,
S1,Composite,0.9891710308071735,0.9039025496209393,0.0,0.9996326835706937,0.9961995200096005,0.9669534993953578,36,38,36.0,72.0,300,-0.3648131425161748,1.1824700630380309e-05,13.874856895706777,7.718896312103327,0.980559383715692,,,
S2,Seasonal,0.6418062329071517,0.8977437252869263,0.0,0.9289602657152797,0.9931846788896561,0.9450983934988497,36,38,36.0,72.0,300,0.0,0.0,21.695849820367833,11.91777098472296,1.7450115094137548,,,
S3,Stationary_AR,0.0,0.14959133648062906,0.0,0.13614825185275892,0.5431107772251563,0.685215818151964,None,43,,,300,0.0,0.0,0.0,0.0,5.0,0.4641572729646669,,
S4,Trending_RandomWalkDrift,0.9856753881451494,0.9477569385871054,0.0,0.9565360423200162,0.8597385874567071,0.0,None,150,,,300,,,0.0,0.0,0.9376577981251635,,,0.26938235491625406
S1,Composite,0.9907678055043636,0.9432186046596318,0.0,0.9992599663340517,0.9953369652852502,0.9214268888961225,12,12,12.0,24.0,300,-0.26606879832065167,-3.6158287812738853e-05,13.497508620806752,6.32803610648123,0.9236044147236682,,,
S2,Seasonal,0.713058613373342,0.9760347439390635,0.0,0.8931126635999085,0.9976101488457955,0.9014828526188994,12,12,12.0,24.0,300,0.0,0.0,24.563909534305346,6.95561088492299,1.446400110556279,,,
S3,Stationary_AR,0.09470125425338671,0.337152523530181,0.0,0.1478532635700489,0.5923481647461597,0.6462958089754851,None,23,,,300,0.0,0.0,0.0,0.0,5.0,0.4773929389414409,,
S4,Trending_MeanShift,0.9999787650270896,0.9999152499444516,0.0,0.9999862634336785,0.9999453846982237,0.35400787107821774,None,150,,,300,,,0.0,0.0,0.8676185932308674,,150.0,
S1,Composite,0.9838186478404529,0.9653694579028593,0.0,0.9970708392148062,0.9938797983425852,0.8236208767107274,12,12,12.0,24.0,300,-0.22150754607727063,4.427718582442258e-05,17.644619085056107,5.670507962471639,1.3149286512400264,,,
S2,Seasonal,0.745970141527589,0.9212732847308641,0.0,0.9733585089147444,0.9976742170354791,0.9723528896530198,12,12,12.0,24.0,300,0.0,0.0,11.466103221535297,6.706668114424225,0.5798949836388967,,,
S3,Stationary_AR,0.17727298355524068,0.1923758314546682,0.0,0.19734542390441245,0.50363143978236,0.6867363612057824,None,30,,,300,0.0,0.0,0.0,0.0,5.0,0.6516048730220503,,
S4,Trending_RandomWalkDrift,0.9918322645374027,0.0,0.0,0.9992145248678785,0.6392181389112257,0.9048298013691676,None,24,,,300,,,0.0,0.0,1.4819545405533323,,,0.25849627942693054
S1,Composite,0.9861683554358259,0.9670304058275654,0.0,0.9982815928775196,0.9959285225558739,0.879064940461846,12,12,12.0,24.0,300,-0.24723827424776526,-1.7367129694847857e-05,19.90960319023234,6.576391707528313,1.2153308215038992,,,
S2,Seasonal,0.6721423664917461,0.9782260685229082,0.0,0.7711344431711793,0.9954647718405212,0.7921312304940643,12,12,12.0,24.0,300,0.0,0.0,22.08831642590324,5.350589692659899,1.5658204179898358,,,
S3,Stationary_AR,0.22000687610341818,0.2680573639546091,0.0,0.2939007793311912,0.5005258505038594,0.4672099578901524,None,10,,,300,0.0,0.0,0.0,0.0,5.0,0.5362584114507194,,
S4,Trending_MeanShift,0.9998072777555632,0.9992318580771287,0.0,0.9998482420181009,0.9993892737767057,0.2103572334047159,None,150,,,300,,,0.0,0.0,1.3701243655878654,,150.0,
S1,Composite,0.9773945460396415,0.9484299045349766,0.0,0.9988245865959449,0.9968060411460866,0.9490379867340415,48,50,48.0,96.0,300,0.3003069767201634,-3.975193954255621e-05,23.574294141927,4.658119366878361,0.9099024461177627,,,
S2,Seasonal,0.22907798913987187,0.9276030045046473,0.0,0.2737960709905106,0.9791590477066664,0.7526350321347007,48,50,48.0,96.0,300,0.0,0.0,17.501305644287775,4.3375979762330195,1.8222073425369278,,,
S3,Stationary_AR,0.04577795080645697,0.20889601907323052,0.0,0.08506724858031278,0.41381480751679,0.4962245893198065,None,25,,,300,0.0,0.0,0.0,0.0,5.0,0.4368677310848265,,
S4,Trending_RandomWalkDrift,0.99959692847359,0.9887711313513646,0.0,0.9994667098410962,0.9857017506878772,0.0,None,150,,,300,,,0.0,0.0,0.9060119177011828,,,0.381848112832731
S1,Composite,0.9913799317482486,0.9781044183267866,0.0,0.9990207948906993,0.9972826028331238,0.8869078429186862,36,38,36.0,72.0,300,0.31027043021017015,-4.563739780971941e-05,22.97998707179628,3.14411985537133,0.9550363262364182,,,
S2,Seasonal,0.6434436790249435,0.8411710285406551,0.0,0.8898436331065324,0.9830804710655261,0.9157998397882648,36,38,36.0,72.0,300,0.0,0.0,12.710773424740383,9.213462365409772,1.9739366418880184,,,
S3,Stationary_AR,0.1734077865284135,0.8796978547637987,0.0,0.21854483430729743,0.9004194775383776,0.20051076966580994,None,150,,,300,0.0,0.0,0.0,0.0,5.0,0.5658412578381069,,
S4,Trending_RandomWalkDrift,0.9040408455414253,0.0,0.0,0.9800863908101242,0.45398745451854217,0.8176479210425767,None,24,,,300,,,0.0,0.0,1.249589782483225,,,-0.26298203784709284
S1,Composite,0.9705606450564608,0.9636614668137649,0.0,0.9976047545866438,0.9968437114748225,0.9230701354581958,24,25,24.0,48.0,300,-0.16941102743329106,-4.1131675159161614e-05,20.064194823528098,6.15355340714968,1.0130649831460457,,,
S2,Seasonal,0.6741430567476077,0.8978464555477726,0.0,0.9785910409101991,0.9980004916756844,0.9837406632775818,24,25,24.0,48.0,300,0.0,0.0,17.411268726891414,10.325231107366264,0.6605494027318257,,,
S3,Stationary_AR,0.0011301167945259039,0.21240581720395624,0.0,0.04545903385534977,0.5464829616341379,0.5459270086127658,None,50,,,300,0.0,0.0,0.0,0.0,5.0,0.40526565032687645,,
S4,Trending_RandomWalkDrift,0.9965226595138811,0.09450928900358757,0.0,0.9997353010438699,0.7571197698827484,0.9235657348103521,None,24,,,300,,,0.0,0.0,1.1846488765134144,,,0.4196722765368507
S1,Composite,0.9845071287860953,0.8911117398578288,0.0,0.9988088256724869,0.9902669030405064,0.9259144725044354,36,38,36.0,72.0,300,-0.23142222834405116,1.0632480627699961e-05,9.73580994541745,5.630519827359242,0.9968179624818689,,,
S2,Seasonal,0.5087000756724618,0.9497605319643201,0.0,0.9214179189118376,0.997578984912982,0.9587707417428888,36,38,36.0,72.0,300,0.0,0.0,29.269404043208485,8.498414726468226,1.0802407708318174,,,
S3,Stationary_WN,0.18693828049276617,0.13544394158316841,0.0,0.438996918477051,0.18653657479666685,0.2375374668933724,None,3,,,300,0.0,0.0,0.0,0.0,12.720044301537328,,,
S4,Trending_ExponentialGrowth,0.9982479466227538,0.2697842160330257,0.0,0.9990116945140126,0.4914276248152689,0.4283109703093255,None,24,,,300,,,0.0,0.0,1.1241466488922334,,,
S1,Composite,0.951573506647592,0.9587176916428041,0.0,0.9970121686167369,0.9972646522053777,0.9432478743813616,36,38,36.0,72.0,300,-0.15337037359254196,-2.5736698317451498e-05,20.786315788993257,5.551257376318177,0.849274224365057,,,
S2,Seasonal,0.6648122125392324,0.8969390602915285,0.0,0.9814570516047045,0.9980809041443598,0.9847447086642267,36,38,36.0,72.0,300,0.0,0.0,19.524326154101516,11.221258605599296,0.7802669570129489,,,
S3,Stationary_AR,0.2442704300594204,0.3499887366960487,0.0,0.40089831888693583,0.5681644990296935,0.6129191148887544,None,21,,,300,0.0,0.0,0.0,0.0,5.0,0.5770500350115693,,
S4,Trending_MeanShift,0.9995592641699883,0.9982619910898332,0.0,0.9996126414447623,0.998486264814271,0.11766586870423534,None,150,,,300,,,0.0,0.0,1.1272606857824705,,150.0,
S1,Composite,0.9947664419091623,0.9759530720617302,0.0,0.9986966131540681,0.9934767819254314,0.7529789568241932,24,25,24.0,48.0,300,0.34903817017996974,2.4855220182941377e-05,20.106857505502916,3.299035757102608,1.3885223550757675,,,
S2,Seasonal,0.6195597583726047,0.8985654766921437,0.0,0.8355628469513467,0.9872496226901373,0.8948997785387915,24,25,24.0,48.0,300,0.0,0.0,14.121721295565639,7.475111518598891,1.6037204091791684,,,
S3,Stationary_WN,0.0,0.5302624758691227,0.0,0.0,0.03921638331774657,0.0,None,100,,,300,0.0,0.0,0.0,0.0,11.031779885502399,,,
S4,Trending_RandomWalkDrift,0.9942710420952108,0.15854983273642365,0.0,0.9993841052861949,0.8033649387397865,0.8961348246484021,None,24,,,300,,,0.0,0.0,1.4066592555493789,,,0.23179829496185064
S1,Composite,0.9959806683464669,0.9773227160446288,0.0,0.9997838065452885,0.998783214970156,0.9471205546044933,12,12,12.0,24.0,300,0.35883121282960084,-1.4822888286789785e-05,18.186485355916723,5.431415723243105,0.6338184372161956,,,
S2,Seasonal,0.6588700087478199,0.9745901568712667,0.0,0.7685829799907067,0.9949871387942261,0.8063056011875802,12,12,12.0,24.0,300,0.0,0.0,14.817553403634292,4.007880471887567,1.1452926811292907,,,
S3,Stationary_WN,0.06624992429361964,0.1502035678054724,0.0,0.37659846888103143,0.20842847176646973,0.28635261487101127,None,3,,,300,0.0,0.0,0.0,0.0,11.202708608246544,,,
S4,Trending_MeanShift,0.9997769358259917,0.999105217123204,0.0,0.9998137587752708,0.9992464259813038,0.16279727377488407,None,150,,,300,,,0.0,0.0,1.0410946995149115,,150.0,
S1,Composite,0.9921460131051679,0.9406220735476292,0.0,0.998988532770418,0.9910617335332086,0.8720177309265014,36,38,36.0,72.0,300,0.38073690723101106,-4.66674245834337e-05,16.20682998309066,5.405302629337686,1.3493455652585504,,,
S2,Seasonal,0.3272421468352249,0.9284799437725056,0.0,0.7799399867098193,0.9930103727537949,0.9178786584080157,36,38,36.0,72.0,300,0.0,0.0,25.682129788720424,6.524130247626633,1.5950740943087491,,,
S3,Stationary_WN,0.12393972304151801,0.167733246240098,0.0,0.32968818960089175,0.2999398051278851,0.19648823219378742,None,5,,,300,0.0,0.0,0.0,0.0,10.18292286193736,,,
S4,Trending_MeanShift,0.9998826272486909,0.9995273684449426,0.0,0.9998207252093989,0.9992871242003969,0.0,None,150,,,300,,,0.0,0.0,0.9195694509435507,,150.0,
S1,Composite,0.93758132403949,0.9548156845351607,0.0,0.9958231681486901,0.9970726106877454,0.9419111039157957,24,25,24.0,48.0,300,0.11166653136714774,2.3846858478427043e-05,18.8410925240763,6.8010808464609065,0.8936724014019481,,,
S2,Seasonal,0.47818780052286447,0.966299927554418,0.0,0.7324750080386643,0.9960021114887962,0.8956394727967446,24,25,24.0,48.0,300,0.0,0.0,24.166237191190916,5.933138685361198,1.346056193671998,,,
S3,Stationary_WN,0.059147873165535714,0.2873499013525418,0.0,0.07368090315126241,0.3997665725946187,0.31416337010443074,None,18,,,300,0.0,0.0,0.0,0.0,11.010688879187674,,,
S4,Trending_RandomWalkDrift,0.9648021642190109,0.9229842077831258,0.0,0.7809778660133817,0.4794364026994593,0.0,None,150,,,300,,,0.0,0.0,0.9608426441617189,,,-0.3270654478462096
S1,Composite,0.9910243264189615,0.9559049817155424,0.0,0.9994132280973117,0.9971127850182184,0.9366392606154256,12,12,12.0,24.0,300,0.3349059079299075,-2.8282743799817505e-05,17.772044709044337,7.322392970452448,1.1094590332811227,,,
S2,Seasonal,0.6722496876729771,0.9756759590212993,0.0,0.7501757050490561,0.9941985247892551,0.7662836985178324,12,12,12.0,24.0,300,0.0,0.0,22.949137752320983,6.022801310877072,1.9159212221128126,,,
S3,Stationary_WN,0.015805761669688834,0.19379711870854832,0.0,0.04214474668288315,0.38482483447186144,0.33377775399624476,None,25,,,300,0.0,0.0,0.0,0.0,13.003104775692057,,,
S4,Trending_ExponentialGrowth,0.9915394412670056,0.2632816807437909,0.0,0.9954467121594803,0.42315731453109207,0.45936781476145006,None,24,,,300,,,0.0,0.0,1.2806340137134107,,,
S1,Composite,0.918649646848064,0.9454373976759068,0.0,0.9905601195165504,0.9939850858150125,0.9007039857248068,36,38,36.0,72.0,300,-0.15014443661179167,-2.0641955950707395e-05,22.60218189420657,4.41863126020467,1.2915914599153955,,,
S2,Seasonal,0.6831268391407608,0.8311983780572849,0.0,0.9705469386723722,0.9941405771331567,0.9735070364154004,36,38,36.0,72.0,300,0.0,0.0,10.385560244857677,8.15525936869134,0.8612954912090953,,,
S3,Stationary_WN,0.16753545747852472,0.18722762135864235,0.0,0.4259207651253033,0.2421173643779424,0.23742561133267404,None,3,,,300,0.0,0.0,0.0,0.0,13.355981148649809,,,
S4,Trending_ExponentialGrowth,0.9967343881490993,0.23761877460278114,0.0,0.9980905795506678,0.386633993228491,0.40968446225119526,None,24,,,300,,,0.0,0.0,0.6931227539000397,,,
S1,Composite,0.992123950477621,0.981863366945276,0.0,0.9991956552727478,0.9979707306552336,0.8989012184317196,24,25,24.0,48.0,300,-0.2668737149134309,-1.4566924921298228e-05,21.774090419154703,4.024232697640414,0.988495184104402,,,
S2,Seasonal,0.3363342303100766,0.9685037733091852,0.0,0.5920802929762463,0.9963699755879054,0.9010540924469885,24,25,24.0,48.0,300,0.0,0.0,26.21550142881133,5.058821320650267,1.1255730475552808,,,
S3,Stationary_WN,0.12977535664997963,0.05538018807615608,0.0,0.39220624629153944,0.11726728963081634,0.37093353754848424,None,3,,,300,0.0,0.0,0.0,0.0,11.67290178460635,,,
S4,Trending_RandomWalkDrift,0.9924171210806438,0.6155963167056855,0.0,0.9974463843274382,0.7970745295592372,0.6710653189127642,None,150,,,300,,,0.0,0.0,1.1247888348952875,,,-0.4550221508561393
S1,Composite,0.9957881098636354,0.9386329500420906,0.0,0.9997356103248408,0.9956570819230685,0.9377582352887156,24,25,24.0,48.0,300,0.3612311364826778,4.652360657223948e-05,11.798670277877395,4.903223957014081,0.7453754163893526,,,
S2,Seasonal,0.4594597616123808,0.9576203629791703,0.0,0.5848494202599537,0.9907329397042293,0.8102150624333463,24,25,24.0,48.0,300,0.0,0.0,20.995328760711864,5.059056278550139,1.9673759793296801,,,
S3,Stationary_WN,0.09034576426469443,0.11946711434762636,0.0,0.3644566347449779,0.23536832828850984,0.3743011117581836,None,3,,,300,0.0,0.0,0.0,0.0,13.675179928124052,,,
S4,Trending_MeanShift,0.9999749160681533,0.9998999622183121,0.0,0.9998850206140955,0.9995380626022506,0.0,None,150,,,300,,,0.0,0.0,0.8307285655363607,,150.0,
S1,Composite,0.9613077112883426,0.9386535525895999,0.0,0.9969967410168568,0.9948055820134802,0.9272838578341853,36,38,36.0,72.0,300,0.18039971896263418,2.971899019269497e-05,19.332339994745,7.311408316322538,1.3864082271306215,,,
S2,Seasonal,0.6678647982259807,0.8694733139066616,0.0,0.9425289119853657,0.9921136082857014,0.9511386640384578,36,38,36.0,72.0,300,0.0,0.0,12.726827408272406,8.277255992455043,1.1424089460347995,,,
S3,Stationary_AR,0.08967076618411596,0.3630831539343605,0.0,0.15778399003997579,0.5775643594258711,0.5274764390109977,None,27,,,300,0.0,0.0,0.0,0.0,5.0,0.42177853249226677,,
S4,Trending_ExponentialGrowth,0.9967703553589645,0.19384408742091463,0.0,0.9979372950747154,0.3600374275055229,0.3587746683603974,None,24,,,300,,,0.0,0.0,0.6920766431327012,,,
S1,Composite,0.9805183039736036,0.9585577268398304,0.0,0.998287790940078,0.9965057628195937,0.917570729272393,12,12,12.0,24.0,300,0.23466937314464043,-4.051216779298197e-05,18.870300646689593,7.543694376483241,1.3361438756540231,,,
S2,Seasonal,0.744186188273021,0.957856718874944,0.0,0.9585884285050333,0.9981192724200665,0.9568325324668074,12,12,12.0,24.0,300,0.0,0.0,23.74770996487428,9.731853569006727,1.1912746943898993,,,
S3,Stationary_WN,0.06676395671215063,0.30185187077088693,0.0,0.14700743938808414,0.4263356876060118,0.36098529728543294,None,19,,,300,0.0,0.0,0.0,0.0,9.213621721761257,,,
S4,Trending_MeanShift,0.9998807925025903,0.9995230771484422,0.0,0.999767186209642,0.9990966055001625,0.0,None,150,,,300,,,0.0,0.0,1.205052953771179,,150.0,
S1,Composite,0.9950423393482629,0.9681853397599751,0.0,0.9990511775851163,0.9939518098325747,0.8093726674112279,12,12,12.0,24.0,300,-0.37415843184280395,4.338235087276325e-05,17.31449505221706,5.2417920313405455,1.3093414747326888,,,
S2,Seasonal,0.750313821156172,0.9196740742821108,0.0,0.9828082260151013,0.9984179976081317,0.9817419031996537,12,12,12.0,24.0,300,0.0,0.0,19.74640544283713,11.786833215142877,0.729708988448745,,,
S3,Stationary_AR,0.10392896942650454,0.8077147141576684,0.0,0.2611382585126254,0.8856461042230032,0.44635918006208175,None,150,,,300,0.0,0.0,0.0,0.0,5.0,0.697799568608958,,
S4,Trending_ExponentialGrowth,0.9976663328806787,0.31764058238146997,0.0,0.9985260996789961,0.42934183602564324,0.3616022886960367,None,24,,,300,,,0.0,0.0,0.8563548301946059,,,
S1,Composite,0.9926804662541272,0.9638299298523073,0.0,0.9988363440425225,0.9931362630265325,0.8387593890223405,24,25,24.0,48.0,300,-0.298340023481526,-4.011123690287945e-05,16.827561644256,3.0423955300123042,1.4462190965006454,,,
S2,Seasonal,0.6438461146819727,0.9471882225967034,0.0,0.9314863492585183,0.99718181918206,0.9532040054963161,24,25,24.0,48.0,300,0.0,0.0,21.00693636455237,8.263809216120276,0.9897840014545864,,,
S3,Stationary_AR,0.03184674980002633,0.4531655637875751,0.0,0.02228409640174478,0.26395614000394885,0.0,None,100,,,300,0.0,0.0,0.0,0.0,5.0,0.4917125205784121,,
S4,Trending_RandomWalkDrift,0.9957476822803154,0.11034771874586524,0.0,0.999347130669307,0.605801409528603,0.847391415833608,None,24,,,300,,,0.0,0.0,0.5729549722867626,,,0.4933078068357145
S1,Composite,0.9968863307716599,0.9572019520290755,0.0,0.9995743221068905,0.9940043268189378,0.863607492920134,12,12,12.0,24.0,300,-0.39616372699877167,-1.216235875168374e-05,12.85790576828274,4.838073548300017,1.0522729756858877,,,
S2,Seasonal,0.729798981613065,0.8448237282516966,0.0,0.9293321096721383,0.987399495466788,0.9278538043640748,12,12,12.0,24.0,300,0.0,0.0,13.3294686437083,11.000316305132198,1.8261804234518586,,,
S3,Stationary_AR,0.05995768815216729,0.120738109182991,0.0,0.1555971462208926,0.20408750656441144,0.4637095715294557,None,21,,,300,0.0,0.0,0.0,0.0,5.0,0.4486929832971134,,
S4,Trending_ExponentialGrowth,0.9986589243154853,0.19768943657429872,0.0,0.9994801560739497,0.5780544061143471,0.602985364230613,None,24,,,300,,,0.0,0.0,0.9336799849218697,,,
S1,Composite,0.9930187668620687,0.9480496300153126,0.0,0.9998144877546383,0.9986002476619943,0.974130950503976,12,12,12.0,24.0,300,0.31884238549525223,1.2381325929768062e-05,14.1077363827008,6.555480569974457,0.5236544741296142,,,
S2,Seasonal,0.7471325056594588,0.9633620381731023,0.0,0.9701258134870638,0.9988250849782946,0.9688043875689459,12,12,12.0,24.0,300,0.0,0.0,20.83153395907266,8.013053047022186,0.7534874654524928,,,
S3,Stationary_WN,0.21966939294374188,0.052975594258923064,0.0,0.5477169603561627,0.08648719356859191,0.33945761368811567,None,2,,,300,0.0,0.0,0.0,0.0,14.185569890400815,,,
S4,Trending_ExponentialGrowth,0.9811052050214076,0.2299573536036783,0.0,0.9866498187026774,0.3881737199712093,0.3008508266811184,None,24,,,300,,,0.0,0.0,1.0811612308547969,,,
S1,Composite,0.9671869156372591,0.9289180514157505,0.0,0.9958778444436641,0.9894820146352807,0.8793576369385703,36,38,36.0,72.0,300,-0.28107463626693596,-1.603315838699202e-05,22.68296924472594,5.459196258947202,0.8618594961140054,,,
S2,Seasonal,0.24685782411863622,0.8652010039548725,0.0,0.3965222991623939,0.9582866827033455,0.7581798400231512,36,38,36.0,72.0,300,0.0,0.0,13.5063216307422,4.458684514470395,1.8773010659700384,,,
S3,Stationary_WN,0.14337610476314477,0.2403758069833718,0.0,0.37692813329052155,0.3504847287319466,0.33426167085109304,None,4,,,300,0.0,0.0,0.0,0.0,12.122780955367812,,,
S4,Trending_RandomWalkDrift,0.988806065877147,0.8742487206135306,0.0,0.9838403693230171,0.8397696259679878,0.0,None,150,,,300,,,0.0,0.0,0.8910352396862886,,,0.33816240779145423
S1,Composite,0.9971948917474198,0.9680775662871701,0.0,0.9990741939960379,0.9884886979306389,0.6704323805463399,24,50,24.0,48.0,300,-0.31159830243125697,-1.2347817026106066e-05,8.993516415569323,6.393936379118058,1.0481324653847355,,,
S2,Seasonal,0.03866259344787937,0.9722526465470934,0.0,0.04175976593319941,0.9927967605643492,0.7689002748421401,24,50,24.0,48.0,300,0.0,0.0,14.171272697189314,10.482798906595214,1.6935769352623937,,,
S3,Stationary_WN,0.09952478828826972,0.06224870107922009,0.0,0.5519676961320179,0.11647280934052984,0.3964849195146637,None,2,,,300,0.0,0.0,0.0,0.0,9.279905318664785,,,
S4,Trending_ExponentialGrowth,0.9931281410848832,0.13951855047328088,0.0,0.9955062931287011,0.29467749173959434,0.3403325046197071,None,24,,,300,,,0.0,0.0,1.2453921655722622,,,
S1,Composite,0.9974846545166395,0.952721207202102,0.0,0.9990793480899528,0.9799301650091107,0.6351079737239743,24,23,24.0,48.0,300,-0.35265957795677627,2.7668113088936666e-05,9.417560605360595,2.0280831965437676,1.0641579382300155,,,
S2,Seasonal,0.04280611782096111,0.9638399642083861,0.0,0.13528039177690254,0.9884342794270778,0.7151089397685473,24,50,24.0,48.0,300,0.0,0.0,13.035566867923617,9.20629949673792,1.8643800587379844,,,
S3,Stationary_WN,0.010398814358346775,0.2279640478960755,0.0,0.14697690946214303,0.4272817917186408,0.37532857990248947,None,43,,,300,0.0,0.0,0.0,0.0,9.655293375857475,,,
S4,Trending_MeanShift,0.9999854822279358,0.9999417243835431,0.0,0.9999808886045193,0.9999229039840187,0.0,None,150,,,300,,,0.0,0.0,0.6636301898056679,,150.0,
S1,Composite,0.8551524754518656,0.8978611324854104,0.0,0.9846697010691323,0.9893790847136981,0.9100612000260093,48,50,48.0,96.0,300,0.13139229063383942,-4.516677478622021e-05,19.102927056833124,6.201854759544605,1.4891682851488404,,,
S2,Seasonal,0.0,0.9803104753372237,0.0,0.0030293490598293227,0.9807660149085669,0.06782634187251169,48,100,48.0,96.0,300,0.0,0.0,10.346797626937406,9.398914389053381,1.3184483445460953,,,
S3,Stationary_AR,0.2942967043990171,0.27122956245371144,0.0,0.43001628902006717,0.4297483109839958,0.45913418921143156,None,12,,,300,0.0,0.0,0.0,0.0,5.0,0.5746586876855533,,
S4,Trending_ExponentialGrowth,0.9927879623158865,0.2306624074097895,0.0,0.9952103596071792,0.32362278574999837,0.32776086949050187,None,24,,,300,,,0.0,0.0,0.9947848092918142,,,
S1,Composite,0.985985178673584,0.9295225263632085,0.0,0.9994636836457856,0.9969636710751593,0.9628913000428991,24,25,24.0,48.0,300,0.23297408123648986,2.4356512615589335e-05,13.080257182764381,6.1391881271831235,0.70093770790369,,,
S2,Seasonal,0.18721407729080997,0.9563001815381459,0.0,0.5223143784559448,0.995265530643273,0.9127445632225581,24,25,24.0,48.0,300,0.0,0.0,27.227288061415713,5.087013339394984,1.5450255713534722,,,
S3,Stationary_AR,0.18764235112631944,0.3536797460187825,0.0,0.3429495378341385,0.5787929278379725,0.6309691221988196,None,23,,,300,0.0,0.0,0.0,0.0,5.0,0.6838801503417187,,
S4,Trending_RandomWalkDrift,0.9800344457948584,0.08266335340471676,0.0,0.9980933539833463,0.7319083329242272,0.9130490589239769,None,24,,,300,,,0.0,0.0,1.4890021726576885,,,0.35131057221226336
S1,Composite,0.996438208236616,0.9360142379415529,0.0,0.999232679617004,0.9840886971875584,0.7856995648287385,36,38,36.0,72.0,300,0.27850854690978233,4.2418743107964295e-05,8.056606105075229,2.357008757566139,1.1077022506503993,,,
S2,Seasonal,0.46672608988407105,0.9618630349018822,0.0,0.8367257248016979,0.9964606633603089,0.9174865922732167,36,38,36.0,72.0,300,0.0,0.0,28.74753707344524,6.514720836481443,1.1851787204696307,,,
S3,Stationary_AR,0.0687403296586162,0.37453092021191914,0.0,0.24258915534053827,0.7367177528161559,0.7369755346311211,None,50,,,300,0.0,0.0,0.0,0.0,5.0,0.662432844837569,,
S4,Trending_MeanShift,0.9999727955592277,0.999890942984919,0.0,0.9999770657501247,0.9999085348055231,0.15689483809208493,None,150,,,300,,,0.0,0.0,0.6403533597173989,,150.0,
S1,Composite,0.9896896713467203,0.7918232655603943,0.0,0.9989461735515818,0.9718847710288825,0.8988836490229188,36,38,36.0,72.0,300,0.3833901642328713,3.662982723168296e-05,9.871817852067315,7.47242178831052,1.470572274253089,,,
S2,Seasonal,0.6174415530000066,0.7916742983662868,0.0,0.8823191552785744,0.9759543106208847,0.9136048188864562,36,38,36.0,72.0,300,0.0,0.0,10.198615024939725,7.89845206660483,1.611119157428765,,,
S3,Stationary_WN,0.0202384092768898,0.07797365505668163,0.0,0.3814881795988392,0.1370005913572946,0.32714179018140244,None,3,,,300,0.0,0.0,0.0,0.0,10.94858720587012,,,
S4,Trending_ExponentialGrowth,0.9929545749847988,0.22450669366650133,0.0,0.995557260498515,0.328017534253361,0.36710437708734667,None,24,,,300,,,0.0,0.0,0.9691777798737959,,,
S1,Composite,0.9948557344442427,0.9884837771689561,0.0,0.9986365730615555,0.9969445904883708,0.7361380399522283,12,12,12.0,24.0,300,-0.276308781709378,1.3692006605251967e-05,22.214672508220755,3.8763537704268396,1.3894754148567563,,,
S2,Seasonal,0.7455609021079277,0.8738027863990031,0.0,0.976718885989003,0.9966141027394589,0.9759896178631385,12,12,12.0,24.0,300,0.0,0.0,15.2817040292557,11.749066132117589,0.9528687795273526,,,
S3,Stationary_WN,0.1611281592087045,0.1287418871651015,0.0,0.4063248328413197,0.20214549032751716,0.3183997693789661,None,3,,,300,0.0,0.0,0.0,0.0,10.431181207448699,,,
S4,Trending_RandomWalkDrift,0.7806073978460074,0.5080454851404808,0.0,0.9777888640470793,0.973128211016055,0.9334491317713042,None,100,,,300,,,0.0,0.0,1.2346804785357746,,,0.23879226544953336
S1,Composite,0.9904415200044462,0.943413057536198,0.0,0.9997489137359177,0.998295216861793,0.9741961709326323,36,38,36.0,72.0,300,0.32451923098757196,-3.446713571807395e-05,15.85217197720398,6.1635998635061355,0.5400918257316097,,,
S2,Seasonal,0.6541880997260414,0.9140510927358073,0.0,0.9575216440819638,0.9964118582867721,0.9652446579549279,36,38,36.0,72.0,300,0.0,0.0,18.110216997202762,9.122414986544007,1.1319685221256381,,,
S3,Stationary_AR,0.14383315594742263,0.13233727220513036,0.0,0.19586769354228595,0.5129787537298818,0.6800329947328059,None,43,,,300,0.0,0.0,0.0,0.0,5.0,0.6530932281522978,,
S4,Trending_RandomWalkDrift,0.9919764355708439,0.22629137675862254,0.0,0.9989131425819768,0.6542381863821056,0.8669950660274102,None,24,,,300,,,0.0,0.0,0.6927376964537644,,,-0.4929149237597139
S1,Composite,0.9620488271769374,0.9210951407325846,0.0,0.9943756624394791,0.9856636032277313,0.8552086172844492,36,38,36.0,72.0,300,0.26878375011167793,-4.9500040598305666e-05,22.41608092549609,5.7230773351604896,1.2171617683604692,,,
S2,Seasonal,0.5995499708242145,0.9358122050066381,0.0,0.8934165071116454,0.9944420318126324,0.9268473647993537,36,38,36.0,72.0,300,0.0,0.0,17.607716403936493,6.836006024941992,1.3002944263979146,,,
S3,Stationary_WN,0.06015226003578411,0.3358975301147552,0.0,0.12425591430186933,0.42641434481522966,0.222423086386777,None,13,,,300,0.0,0.0,0.0,0.0,5.445439327765456,,,
S4,Trending_RandomWalkDrift,0.9974132989920225,0.11357977799474583,0.0,0.9996708091851481,0.7140033265609638,0.8718167527378768,None,24,,,300,,,0.0,0.0,1.1028504060942497,,,0.4873604869040692
S1,Composite,0.9677399985383563,0.8621434139762286,0.0,0.9966500636195568,0.9857913726074957,0.906394332461492,12,12,12.0,24.0,300,0.16523281819274344,4.1792395412518214e-05,10.031056128735628,7.688266453206086,1.322942360659872,,,
S2,Seasonal,0.7365281614955057,0.9744874878823012,0.0,0.9290564676657027,0.9981001403689074,0.9271132106471198,12,12,12.0,24.0,300,0.0,0.0,29.001794029832585,9.23741623649051,1.4230757665389333,,,
S3,Stationary_AR,0.17501555589573714,0.3002819927644583,0.0,0.3256212932089547,0.6602388443959952,0.7109944048078947,None,30,,,300,0.0,0.0,0.0,0.0,5.0,0.5702393458678444,,
S4,Trending_MeanShift,0.9999450222183625,0.9997797246573938,0.0,0.9999589898785667,0.9998366018042933,0.25608276829405574,None,150,,,300,,,0.0,0.0,1.2815103065574491,,150.0,
S1,Composite,0.9674331755405563,0.9078225027515321,0.0,0.9987550633333462,0.9961246125588528,0.9645840151821213,24,25,24.0,48.0,300,-0.1603699927313157,-1.7985730873302158e-05,11.866357479720842,6.465921417713118,0.7429614584364637,,,
S2,Seasonal,0.42911704594384525,0.9573061873895355,0.0,0.4332269990229016,0.986942472174349,0.7349883400586437,24,25,24.0,48.0,300,0.0,0.0,17.088714911772485,4.006512500687135,1.872167917696944,,,
S3,Stationary_WN,0.0696274164287497,0.058858186091417464,0.0,0.5152427613267336,0.11413041325613527,0.3952689205689902,None,2,,,300,0.0,0.0,0.0,0.0,12.505359153685287,,,
S4,Trending_MeanShift,0.9999885504548491,0.9999542251354684,0.0,0.9999892866161182,0.9999571666605489,0.06434566293895616,None,150,,,300,,,0.0,0.0,0.6632538514357985,,150.0,
S1,Composite,0.9931344523476454,0.9766403964157062,0.0,0.9980879603280248,0.993522111925328,0.722860085464298,12,12,12.0,24.0,300,-0.2764339027210221,3.583860177605192e-05,17.35980865082266,3.785607161376403,1.4179198932471895,,,
S2,Seasonal,0.7083125732542882,0.983479031688051,0.0,0.8530873024202285,0.9976165146040195,0.8569167175140621,12,12,12.0,24.0,300,0.0,0.0,28.278592413867255,6.579989871192591,1.4023824455370666,,,
S3,Stationary_WN,0.16334982615553262,0.16042828162049816,0.0,0.5688773039435693,0.2212979530161493,0.3789630346694558,None,2,,,300,0.0,0.0,0.0,0.0,14.80745491070546,,,
S4,Trending_ExponentialGrowth,0.9756159992662691,0.2627695249502553,0.0,0.9828079576605295,0.37505068866735347,0.2842478118238524,None,24,,,300,,,0.0,0.0,1.2243486162793424,,,
S1,Composite,0.9903480706460086,0.9731103786915867,0.0,0.9995127561474783,0.9985201601448133,0.9503770932378294,24,25,24.0,48.0,300,-0.33060735385172063,-3.219077396929265e-05,24.5078462200669,6.175717423108797,0.9489447267501747,,,
S2,Seasonal,0.6637366302639017,0.8928088527767715,0.0,0.9496771413412303,0.9954012055363853,0.9643723208539464,24,25,24.0,48.0,300,0.0,0.0,15.197939279560268,9.187030253673349,1.0939567667406824,,,
S3,Stationary_WN,0.07487779390796923,0.14379103507861024,0.0,0.5920782077192324,0.21746281604126583,0.3670273275029561,None,2,,,300,0.0,0.0,0.0,0.0,10.89491470070391,,,
S4,Trending_MeanShift,0.9999752545510653,0.9999010096760119,0.0,0.9999825759172112,0.9999300782041011,0.29499113985058456,None,150,,,300,,,0.0,0.0,0.7000494481995504,,150.0,
S1,Composite,0.9855734646154924,0.9871671245103757,0.0,0.9977894551855551,0.9979569243404149,0.8509953272760299,48,50,48.0,96.0,300,-0.1733752481672619,3.2583439756854645e-05,20.831369103826393,2.7982190615818996,0.9214095673888598,,,
S2,Seasonal,0.5628893410133493,0.8212664765671609,0.0,0.8631142594480576,0.9846781761708278,0.9264914802077486,48,50,48.0,96.0,300,0.0,0.0,16.51059677407911,11.599145421723911,1.8417263793849805,,,
S3,Stationary_WN,0.055218082988671036,0.3424174097434257,0.0,0.08099252000926216,0.42965429067337724,0.3609495180393728,None,16,,,300,0.0,0.0,0.0,0.0,5.573068742077193,,,
S4,Trending_MeanShift,0.9998414927953551,0.9993659305982744,0.0,0.9997370517303589,0.9989655026565895,0.0,None,150,,,300,,,0.0,0.0,1.3872617718567017,,150.0,
S1,Composite,0.994868574816719,0.9841930988492783,0.0,0.999503598113721,0.998306520878786,0.9039586961613666,24,25,24.0,48.0,300,-0.33153253648769526,4.055966474813229e-05,21.94312979437089,3.3564769200267515,0.7411708097599824,,,
S2,Seasonal,0.5551011601898996,0.9866486682115164,0.0,0.9287384230246369,0.9995138590167323,0.966804223598706,24,25,24.0,48.0,300,0.0,0.0,28.803783991174765,4.791710440445994,0.6751501493722379,,,
S3,Stationary_WN,0.21905595028020852,0.23732617782432586,0.0,0.41204970934057716,0.31860926355559926,0.2823376153859303,None,4,,,300,0.0,0.0,0.0,0.0,12.961133855194104,,,
S4,Trending_ExponentialGrowth,0.9988735429774362,0.16248646144635615,0.0,0.999775105749287,0.7866633070836844,0.7954566900235935,None,24,,,300,,,0.0,0.0,0.6805503401939851,,,
S1,Composite,0.9955305858990734,0.9554917610916984,0.0,0.9995001936894967,0.9949529022496388,0.8896842253789282,12,12,12.0,24.0,300,0.36496502271100106,1.523210645548682e-05,14.141985697323008,5.475932033828698,1.2199107517392158,,,
S2,Seasonal,0.7166989220819735,0.9373505268641714,0.0,0.8696536564505638,0.9918289690235604,0.8744410582803019,12,12,12.0,24.0,300,0.0,0.0,20.984840114421424,10.165916366588071,1.9655552654386812,,,
S3,Stationary_AR,0.09974135596457179,0.2383189083516991,0.0,0.2833598810333374,0.5927262097396571,0.559914841310443,None,38,,,300,0.0,0.0,0.0,0.0,5.0,0.6452945750284461,,
S4,Trending_ExponentialGrowth,0.9761906907601031,0.24379108250591464,0.0,0.9855228012208381,0.43827693033264803,0.38867956826225636,None,24,,,300,,,0.0,0.0,1.227850479582609,,,
S1,Composite,0.9967828377963953,0.9808116599828771,0.0,0.9996740892117467,0.998048104858761,0.8993600553040857,12,12,12.0,24.0,300,-0.37250572698283024,-1.3361762083429412e-05,18.81366283362067,4.977423635865897,0.8542850540237922,,,
S2,Seasonal,0.6313103928840215,0.982204159633582,0.0,0.684533995122135,0.995559488000233,0.7515465629270781,12,12,12.0,24.0,300,0.0,0.0,20.796791719771374,4.401786409359745,1.445572034254184,,,
S3,Stationary_WN,0.3132343487290713,0.2943062570736512,0.0,0.6614000907358437,0.42545921326867,0.4403869942458971,None,2,,,300,0.0,0.0,0.0,0.0,8.326704496105958,,,
S4,Trending_MeanShift,0.9999456378247963,0.9997817055582637,0.0,0.9999537565823421,0.999814636931526,0.15058409266534,None,150,,,300,,,0.0,0.0,0.6469634572449862,,150.0,
S1,Composite,0.9899153590388068,0.972111766475356,0.0,0.9993822075777319,0.998052995918482,0.9397602403637746,48,50,48.0,96.0,300,-0.30420196847397485,-4.188672289809967e-05,22.797008239392625,3.325277183177916,0.7439313483372925,,,
S2,Seasonal,0.3900937626840021,0.9097693642564584,0.0,0.7842064209370941,0.9933789480398985,0.9324702227432442,48,50,48.0,96.0,300,0.0,0.0,28.088366845988467,10.540281846891268,1.493130347136094,,,
S3,Stationary_WN,0.1605178605903692,0.15678650097013302,0.0,0.5896189046957024,0.2541318766395533,0.4644355959481389,None,2,,,300,0.0,0.0,0.0,0.0,5.58119393178575,,,
S4,Trending_RandomWalkDrift,0.9923428544837632,0.1802083517335905,0.0,0.9991925572212498,0.7988867688725545,0.8980971210109007,None,24,,,300,,,0.0,0.0,0.7337244593707176,,,0.3188879344615799
S1,Composite,0.993020226354907,0.9026028988433791,0.0,0.999862514020299,0.9978868756893572,0.9805853033029662,48,50,48.0,96.0,300,0.33977750283138686,-1.168863220239033e-05,10.5854986289089,6.347922068771456,0.5655860928725196,,,
S2,Seasonal,0.6727670682886442,0.9506915763078005,0.0,0.9872096991624191,0.9994364339734321,0.9894710065999741,48,50,48.0,96.0,300,0.0,0.0,20.300714369909937,8.115247572328137,0.5677908706550232,,,
S3,Stationary_WN,0.016626564429309543,0.0,0.0,0.5687152488449876,0.0,0.4619273041313775,None,2,,,300,0.0,0.0,0.0,0.0,12.580154128550983,,,
S4,Trending_RandomWalkDrift,0.9975148774321807,0.9571639117527466,0.0,0.9960957067773466,0.938670905656722,0.0,None,150,,,300,,,0.0,0.0,0.8520579484617273,,,0.3978580719989071
S1,Composite,0.9911710321426659,0.9282218265572664,0.0,0.9997708784131211,0.997893413531297,0.97457289097221,24,25,24.0,48.0,300,-0.2878465336470095,-4.0270257160968456e-05,12.341666922577378,5.952696648157264,0.5486693303994112,,,
S2,Seasonal,0.6421825449050991,0.9469396703100925,0.0,0.9245433386552021,0.996947352894679,0.949047252791361,24,25,24.0,48.0,300,0.0,0.0,17.416727126404712,6.869217255490283,0.8956905437834555,,,
S3,Stationary_WN,0.2147836828541393,0.16977483138713023,0.0,0.3409193780804064,0.24879097375098302,0.27671913859408237,None,3,,,300,0.0,0.0,0.0,0.0,10.80271138754009,,,
S4,Trending_ExponentialGrowth,0.9981324038187714,0.28493595282164896,0.0,0.999028419436,0.49268356921431333,0.4714513801138126,None,24,,,300,,,0.0,0.0,1.1456906974461236,,,
S1,Composite,0.9935681345270838,0.9783912388175798,0.0,0.9997218376545756,0.9989849229906725,0.9573053448465206,24,25,24.0,48.0,300,-0.24694998980174895,-3.6915261020511494e-05,16.943306645359336,3.9223789625354755,0.5046669232378747,,,
S2,Seasonal,0.65812856434433,0.9434082982748491,0.0,0.9771861950986943,0.9989543973756768,0.9837009728457194,24,25,24.0,48.0,300,0.0,0.0,26.636153979179756,11.102561413702732,0.7421928386873802,,,
S3,Stationary_WN,0.12442282840253793,0.29213647675911003,0.0,0.18527570837553087,0.4250176029302333,0.3264052932812511,None,8,,,300,0.0,0.0,0.0,0.0,11.603418551368847,,,
S4,Trending_ExponentialGrowth,0.985311255978586,0.20548233327591436,0.0,0.989727787095119,0.350724591981289,0.29604634585083267,None,24,,,300,,,0.0,0.0,1.050114133077679,,,
S1,Composite,0.9938812778625759,0.982846278431223,0.0,0.9991389399513869,0.9972973261034016,0.8592226049827919,24,25,24.0,48.0,300,-0.24304043217070964,-1.631149172168804e-05,17.97149044911818,2.370179773183323,0.726145273161542,,,
S2,Seasonal,0.6258396577931256,0.9318009069397982,0.0,0.8760618428398711,0.9930634885105277,0.9123359960750059,24,25,24.0,48.0,300,0.0,0.0,19.991829294621397,8.630365053247903,1.7052210127697105,,,
S3,Stationary_AR,0.06528118369882763,0.19604351890759342,0.0,0.10662589155074864,0.4692344871098527,0.5396247801871465,None,33,,,300,0.0,0.0,0.0,0.0,5.0,0.5328031638398621,,
S4,Trending_MeanShift,0.9999356564164255,0.9997429062506554,0.0,0.9989703790376863,0.9958210375672942,0.0,None,150,,,300,,,0.0,0.0,1.400693695389582,,150.0,
S1,Composite,0.9944507780486838,0.9601522041903664,0.0,0.9996410028304665,0.9972340656350194,0.9366803001122045,36,38,36.0,72.0,300,-0.3742924750066938,-2.062390326429902e-05,16.80146638748813,3.252359689997474,0.5087665293893764,,,
S2,Seasonal,0.5265785581233405,0.8494816265202149,0.0,0.7749421369053687,0.9741363472821701,0.870557000519415,36,38,36.0,72.0,300,0.0,0.0,14.009840526662988,7.915716715157934,1.9707660137310672,,,
S3,Stationary_AR,0.15466955267034865,0.3127387697587831,0.0,0.27741311134227276,0.6690142372639163,0.7350918747099333,None,30,,,300,0.0,0.0,0.0,0.0,5.0,0.6529837399902116,,
S4,Trending_ExponentialGrowth,0.9656947252754102,0.29296405750869925,0.0,0.9777813697962148,0.39995723798402116,0.3610567900630508,None,24,,,300,,,0.0,0.0,1.4117411282122854,,,
S1,Composite,0.9976035132995092,0.9834408876805683,0.0,0.9997971087422398,0.9984716614379836,0.915567150811685,24,50,24.0,48.0,300,-0.2584715521001192,-4.408762658821266e-05,9.627227706575876,7.790709706138525,0.5274735405325847,,,
S2,Seasonal,0.02321098277084599,0.9792780090880049,0.0,0.022110454109347866,0.99495800789472,0.7790309889477001,24,50,24.0,48.0,300,0.0,0.0,12.48919076261979,11.028952970197723,1.245886889179351,,,
S3,Stationary_WN,0.22562886225590217,0.16377199897393135,0.0,0.3770763886972418,0.22426914961521216,0.2754324875205817,None,3,,,300,0.0,0.0,0.0,0.0,12.53931512939545,,,
S4,Trending_ExponentialGrowth,0.9977602442362444,0.2849800299210682,0.0,0.9986371040020768,0.40285408902130115,0.38460345361747705,None,24,,,300,,,0.0,0.0,0.6723690938004827,,,
S1,Composite,0.9811830469679175,0.9273008750767201,0.0,0.999282725748235,0.9969287545490922,0.9635069693298008,24,25,24.0,48.0,300,0.2582108454003348,2.031042935997814e-05,16.611073748381298,7.8090562717629615,0.8955246164251868,,,
S2,Seasonal,0.6480814698240063,0.9200413143781618,0.0,0.9293919833740256,0.9955899560846163,0.9526314007041665,24,25,24.0,48.0,300,0.0,0.0,19.13074813733022,9.45274939358186,1.3441038554625124,,,
S3,Stationary_WN,0.11463045614424772,0.10621161163982218,0.0,0.40749899401589107,0.16486719517194293,0.27172400262122287,None,3,,,300,0.0,0.0,0.0,0.0,12.055222600362375,,,
S4,Trending_MeanShift,0.99999462863841,0.9999785280572524,0.0,0.9999933842436154,0.9999735743300397,0.0,None,150,,,300,,,0.0,0.0,0.5426847079904678,,150.0,
S1,Composite,0.9624894066832925,0.9744441666961433,0.0,0.9989064861855577,0.9992425382822141,0.9731661309833599,24,25,24.0,48.0,300,0.1691445423092963,-4.068481678146618e-05,24.95305282101208,6.664606651954937,0.6564682802455276,,,
S2,Seasonal,0.6656539042673211,0.9450426843208665,0.0,0.9865036967247216,0.9993902094812414,0.9902366415178989,24,25,24.0,48.0,300,0.0,0.0,25.633269985813154,10.695265931907379,0.5194596582137047,,,
S3,Stationary_AR,0.00418051113149609,0.4871478054033872,0.0,0.0,0.0065222871493512136,0.0,None,100,,,300,0.0,0.0,0.0,0.0,5.0,0.40495697979596423,,
S4,Trending_RandomWalkDrift,0.9904649991178684,0.1347431451181682,0.0,0.9984905433995586,0.6284197631599646,0.8434895545147729,None,24,,,300,,,0.0,0.0,0.5373862730412641,,,0.3789361375923558
S1,Composite,0.9607186752169268,0.9860517280801016,0.0,0.9957179422734402,0.9984663431552653,0.9000264541240443,24,25,24.0,48.0,300,0.12033092135454243,-4.701961486395995e-05,22.64189990209845,2.2870753485233304,0.5670401803404888,,,
S2,Seasonal,0.6631247341004135,0.9074776722436133,0.0,0.9478425508919132,0.9958751769799301,0.9618192363442752,24,25,24.0,48.0,300,0.0,0.0,15.611540986325906,8.401465440893286,0.9135640835502743,,,
S3,Stationary_WN,0.17189237226558485,0.19454023643081497,0.0,0.3533553920180783,0.2491382020790036,0.2446732492407795,None,4,,,300,0.0,0.0,0.0,0.0,7.97873950040806,,,
S4,Trending_ExponentialGrowth,0.99503612370373,0.17619755298629736,0.0,0.9968172605143341,0.36729944033365725,0.358268367508183,None,24,,,300,,,0.0,0.0,0.5180835665522416,,,
S1,Composite,0.9921848295097201,0.9281992836441266,0.0,0.9994204197950612,0.9945177675865491,0.9278387667176777,12,12,12.0,24.0,300,0.3221734546387093,-2.5094654728292382e-05,12.370084936865602,6.702416280260831,1.1992970592659296,,,
S2,Seasonal,0.7508338767528613,0.9342049144674885,0.0,0.978569223544971,0.9984109302471,0.9771314014704361,12,12,12.0,24.0,300,0.0,0.0,17.94722987962442,9.68195583015908,0.7206097221500364,,,
S3,Stationary_AR,0.31540183896628027,0.3783953016019219,0.0,0.6124355431753759,0.6555451818399166,0.7618780484122168,None,18,,,300,0.0,0.0,0.0,0.0,5.0,0.6863174430420349,,
S4,Trending_ExponentialGrowth,0.9912448872834235,0.12787963646068112,0.0,0.9943059801874103,0.35494449919883597,0.3529541289991256,None,24,,,300,,,0.0,0.0,1.3387939380261957,,,
S1,Composite,0.9879426788577611,0.9546249179354958,0.0,0.9994518708397189,0.9976095045502854,0.9553610803847248,36,38,36.0,72.0,300,0.31414146778094865,-2.0079419044396176e-05,19.46843365097363,5.787946001597658,0.8984748132009958,,,
S2,Seasonal,0.2572023461388596,0.9492281793493286,0.0,0.4694467096473651,0.9868823471997538,0.7702621207573855,36,38,36.0,72.0,300,0.0,0.0,23.87482515491996,4.314996765680281,1.970129674731731,,,
S3,Stationary_AR,0.07540519481785768,0.3164020063021826,0.0,0.19786047407820584,0.6024111315024612,0.6756608573179972,None,38,,,300,0.0,0.0,0.0,0.0,5.0,0.6854840765182164,,
S4,Trending_RandomWalkDrift,0.9920606762229331,0.2920740597008602,0.0,0.9982567895745266,0.6271407443610657,0.7900019821567046,None,24,,,300,,,0.0,0.0,1.0597201424871217,,,-0.12620904538586175
S1,Composite,0.9889118990459245,0.9120240704993963,0.0,0.9989759824664137,0.9914838099127637,0.9096385443504054,12,12,12.0,24.0,300,-0.2796717502222289,3.647572045204384e-05,11.32204997783488,6.493591992047865,1.1900367414427673,,,
S2,Seasonal,0.7285676809678052,0.9730771152925184,0.0,0.912760961823322,0.997630377358795,0.9133468227894435,12,12,12.0,24.0,300,0.0,0.0,26.589465561558892,8.203617720528012,1.3777961470632696,,,
S3,Stationary_WN,0.06128051327724826,0.3828924370131199,0.0,0.00793803215493738,0.48318904139018626,0.31254469219758996,None,23,,,300,0.0,0.0,0.0,0.0,8.965917476297474,,,
S4,Trending_RandomWalkDrift,0.9850974168829041,0.6049260428858521,0.0,0.9979269419616803,0.932717815062507,0.8625121627758694,None,75,,,300,,,0.0,0.0,1.2697723174077626,,,-0.3766211605824429
S1,Composite,0.9592121395876653,0.931540316126413,0.0,0.9942699812733398,0.9898210861871214,0.8664541566631384,48,50,48.0,96.0,300,-0.20133403054009702,3.4857250042664845e-05,17.356318000468015,4.976340377008659,1.1996828523659104,,,
S2,Seasonal,0.26961162605343836,0.7231968921456053,0.0,0.510437274283077,0.9667094191306359,0.8924529109943652,48,50,48.0,96.0,300,0.0,0.0,12.280723572041147,7.785124791785402,1.8886081482151564,,,
S3,Stationary_AR,0.10647655164152436,0.47132262069194975,0.0,0.0,0.0,0.0,None,100,,,300,0.0,0.0,0.0,0.0,5.0,0.5306734210478972,,
S4,Trending_MeanShift,0.999974915842958,0.9998998768151137,0.0,0.9999783792434912,0.9999137269140823,0.13715833672130673,None,150,,,300,,,0.0,0.0,0.850225682087374,,150.0,
S1,Composite,0.997069382082253,0.962255243457406,0.0,0.9993145420887662,0.990451137489879,0.7677532995630911,48,50,48.0,96.0,300,-0.26615489868921216,-3.058275926245463e-05,9.045323034067126,2.18141288142564,0.8434897603672636,,,
S2,Seasonal,0.6965027787299778,0.8267392232089477,0.0,0.987577911130964,0.9975671430300432,0.9884030311216571,48,50,48.0,96.0,300,0.0,0.0,11.754930512599968,9.960161488531247,0.5931122903145776,,,
S3,Stationary_AR,0.1530016549513774,0.24148535499876,0.0,0.21740941355726695,0.6010233723747324,0.673010961408206,None,38,,,300,0.0,0.0,0.0,0.0,5.0,0.6658385892096804,,
S4,Trending_MeanShift,0.999964646218878,0.9998582844997579,0.0,0.9999300147167477,0.9997216534947562,0.0,None,150,,,300,,,0.0,0.0,0.764920596184836,,150.0,
S1,Composite,0.9936393371768694,0.9630803998515888,0.0,0.9990902027445668,0.9948208281521786,0.860139072951365,12,12,12.0,24.0,300,0.33081222217026307,-3.668980912529861e-05,15.989782462746678,5.71643773134622,1.3240388968474046,,,
S2,Seasonal,0.73338922073205,0.9453390416247159,0.0,0.94117942352644,0.9966130209803801,0.9407721786106513,12,12,12.0,24.0,300,0.0,0.0,22.40475469147666,10.385472728143128,1.5282779339336348,,,
S3,Stationary_WN,0.16346110621698073,0.2033830106789728,0.0,0.3342148452401178,0.3618187364453942,0.3233395855663519,None,5,,,300,0.0,0.0,0.0,0.0,14.660978831388926,,,
S4,Trending_MeanShift,0.9999495631859683,0.9997989766880785,0.0,0.9999509826021268,0.9998059152915341,0.030266891090620307,None,150,,,300,,,0.0,0.0,1.4462508128311893,,150.0,
S1,Composite,0.9980915472548673,0.9888215658502219,0.0,0.9996663235490255,0.9980435898000017,0.8262101548436604,12,12,12.0,24.0,300,0.3516830692477979,-4.194834919493146e-05,17.039945827585214,2.960820823007892,0.9256130901003392,,,
S2,Seasonal,0.7501150335873663,0.881360298441372,0.0,0.9821519492824208,0.9975161090300949,0.9811563025613738,12,12,12.0,24.0,300,0.0,0.0,16.23351059264632,11.896476786065875,0.9027804908513427,,,
S3,Stationary_WN,0.18412421351400055,0.19242337611999394,0.0,0.6213946869865146,0.2856493567125711,0.41312078655985607,None,2,,,300,0.0,0.0,0.0,0.0,12.91859671981718,,,
S4,Trending_RandomWalkDrift,0.993603437689828,0.06727081273247915,0.0,0.9988210858069521,0.6145981173556997,0.8203902976535805,None,24,,,300,,,0.0,0.0,0.8130112201900103,,,0.2976396518094997
S1,Composite,0.9952088658790846,0.9743964174802631,0.0,0.9988788792322997,0.9930760453728184,0.7672899161000057,24,25,24.0,48.0,300,0.2992367312469573,4.972558906020017e-05,16.54765447397802,2.4385275959739285,1.2210915531911077,,,
S2,Seasonal,0.6449035724883523,0.9623121735230552,0.0,0.9542990785598938,0.9987233983558431,0.9697644420362223,24,25,24.0,48.0,300,0.0,0.0,16.55185114566663,5.453970893048941,0.5434414500842168,,,
S3,Stationary_WN,0.08117347817921028,0.22426553235988977,0.0,0.19261285754232116,0.3870718370122693,0.36018346681214275,None,13,,,300,0.0,0.0,0.0,0.0,14.899256298881841,,,
S4,Trending_RandomWalkDrift,0.9780939918239755,0.7500713318569141,0.0,0.993827959379636,0.9128530692936927,0.7053212992539677,None,150,,,300,,,0.0,0.0,0.9530969055099288,,,-0.43668509296605496
S1,Composite,0.976915077396408,0.9570490005235068,0.0,0.9984082935158151,0.9971821435774859,0.9364293366861446,12,12,12.0,24.0,300,0.18334118572945085,2.6150339107455256e-05,17.265708824088925,7.107790277082182,0.9742804326153769,,,
S2,Seasonal,0.721154586719211,0.9104419361789741,0.0,0.8916988308284061,0.9900458339652771,0.895258703959755,12,12,12.0,24.0,300,0.0,0.0,12.645560091595607,7.550304518349724,1.2828821949504423,,,
S3,Stationary_AR,0.1597264319338737,0.3912093907813433,0.0,0.19026469669172497,0.5982997664202738,0.5500239000040683,None,38,,,300,0.0,0.0,0.0,0.0,5.0,0.5708310893842836,,
S4,Trending_RandomWalkDrift,0.9769322368690767,0.06498591176296231,0.0,0.998280643034399,0.6826453629192346,0.928949147131376,None,24,,,300,,,0.0,0.0,1.3359254617896072,,,0.14610218318668672
S1,Composite,0.9832295534552445,0.9290509761265284,0.0,0.9992350596902947,0.996118999533189,0.9555706357820528,48,50,48.0,96.0,300,-0.2999188665679964,-2.406421065057675e-05,17.59692605194239,4.352057794615386,0.578660735089573,,,
S2,Seasonal,0.5425381117606674,0.9633020409610107,0.0,0.7295965003077862,0.993837606809343,0.8428825052815071,48,50,48.0,96.0,300,0.0,0.0,20.180501859263106,5.70611530242922,1.5337309618348791,,,
S3,Stationary_WN,0.11946491681490934,0.1169697082825959,0.0,0.5125866552508769,0.17511835822568955,0.3930236420942136,None,2,,,300,0.0,0.0,0.0,0.0,12.797186835629637,,,
S4,Trending_RandomWalkDrift,0.9744601399343673,0.9166351201635208,0.0,0.5408729412142639,0.42949560070919024,0.0,None,150,,,300,,,0.0,0.0,0.609814442002026,,,0.17658238323937636
S1,Composite,0.9796789165643736,0.875287114915678,0.0,0.9987988709908415,0.9922673009275057,0.9435346439935669,12,12,12.0,24.0,300,-0.20144273167835902,3.982478153911161e-05,8.941348353278139,6.5143514733145516,0.8207369078126558,,,
S2,Seasonal,0.7069056790391233,0.939234682924238,0.0,0.8630613774669116,0.992092107963639,0.8747811103347657,12,12,12.0,24.0,300,0.0,0.0,19.382112374845356,9.036236958886999,1.8337288356215744,,,
S3,Stationary_WN,0.07866983515834403,0.2568987038498757,0.0,0.16690438881084912,0.40770347887859093,0.3680354649600829,None,15,,,300,0.0,0.0,0.0,0.0,10.713357510447489,,,
S4,Trending_RandomWalkDrift,0.9972887846802527,0.9370078274218014,0.0,0.9972623585737231,0.9401524465562948,0.0,None,150,,,300,,,0.0,0.0,0.6304067307798031,,,0.48889983757535205
S1,Composite,0.9944517822639225,0.9589212762355199,0.0,0.9997815613875318,0.9979789445870274,0.9608042127763816,24,25,24.0,48.0,300,0.39087198758711206,-3.7581035848434056e-05,16.980511778963006,3.026332770180039,0.5006026950888166,,,
S2,Seasonal,0.6475907978298994,0.9371954824021952,0.0,0.9405775048524706,0.9970737542219122,0.9595322715938138,24,25,24.0,48.0,300,0.0,0.0,25.33664953326114,11.009384653243114,1.3454651656358325,,,
S3,Stationary_AR,0.08379704841147884,0.2857667799309549,0.0,0.1409491277776157,0.5624255035678005,0.5948381044624709,None,60,,,300,0.0,0.0,0.0,0.0,5.0,0.6071589048321471,,
S4,Trending_ExponentialGrowth,0.9984811804929787,0.05526562173974703,0.0,0.9996758851086642,0.7031803671093444,0.7806058586723301,None,24,,,300,,,0.0,0.0,0.8078684582320761,,,
S1,Composite,0.9901214501073737,0.9755737542198073,0.0,0.9988511401198493,0.9968915139128518,0.8853350333896086,24,25,24.0,48.0,300,-0.20538849047225594,1.8404074185106587e-05,15.150441167080775,3.435859804278522,0.852775568448827,,,
S2,Seasonal,0.6411913702631913,0.9445240099240435,0.0,0.9053869051990506,0.9958406190622094,0.9341129723985678,24,25,24.0,48.0,300,0.0,0.0,23.839077713902043,9.512960991746715,1.5362839923186415,,,
S3,Stationary_AR,0.07132740443727681,0.5999709282365153,0.0,0.0,0.7620639511132551,0.36601780919095794,None,100,,,300,0.0,0.0,0.0,0.0,5.0,0.533055933497758,,
S4,Trending_ExponentialGrowth,0.9987111056842075,0.21640372017507226,0.0,0.9992775733972431,0.4528715590476754,0.4306397371969679,None,24,,,300,,,0.0,0.0,0.7129255449178331,,,
S1,Composite,0.9721716076092599,0.9811481225260839,0.0,0.9956684789405166,0.9969457136749666,0.8518963415069174,24,25,24.0,48.0,300,0.15699866195031562,-3.899469473411375e-05,22.461579011130755,4.185876620411298,1.1589209140309538,,,
S2,Seasonal,0.6159973437868593,0.8705934163277129,0.0,0.8356719311993528,0.9828428981491518,0.890417246688328,24,25,24.0,48.0,300,0.0,0.0,12.394207213016358,7.437816150672904,1.6167489465900415,,,
S3,Stationary_AR,0.04364648329202625,0.35835313506539335,0.0,0.1321023571848673,0.5143937800555916,0.5901870668157663,None,43,,,300,0.0,0.0,0.0,0.0,5.0,0.5370624033472868,,
S4,Trending_MeanShift,0.9997604053746253,0.9990415370935877,0.0,0.9993606938270333,0.9976489596521916,0.0,None,150,,,300,,,0.0,0.0,1.1785752073553235,,150.0,
S1,Composite,0.9976655688482612,0.9503700127921235,0.0,0.999678557804536,0.9921492756974497,0.861605379792173,36,38,36.0,72.0,300,0.3671978362607806,-3.7545978591061524e-05,9.347254264386526,2.255248419401247,0.6180997719536326,,,
S2,Seasonal,0.6444337398719857,0.9327122566698738,0.0,0.9739633773425067,0.9984014492624532,0.9797898518561656,36,38,36.0,72.0,300,0.0,0.0,23.32904205589173,10.16639953315257,0.9428135787777951,,,
S3,Stationary_WN,0.0686521479708826,0.2062362895899078,0.0,0.2885348431576965,0.2831839137148673,0.2573555607499389,None,5,,,300,0.0,0.0,0.0,0.0,6.445517174853372,,,
S4,Trending_RandomWalkDrift,0.9494472876311632,0.1366865378759835,0.0,0.9945183404673548,0.7349960318353841,0.9028579704548891,None,24,,,300,,,0.0,0.0,1.444698734895673,,,-0.13371892186442624
S1,Composite,0.9951743053180561,0.9671001286672435,0.0,0.9989026879862426,0.9918888233831209,0.7741537457971531,36,38,36.0,72.0,300,-0.35880007104938405,-3.2753616467186655e-05,16.96503795626002,2.6922722946439546,1.0629646486091884,,,
S2,Seasonal,0.4695706069598966,0.9362868724360656,0.0,0.8058949758499374,0.9923618503706959,0.9018987489175001,36,38,36.0,72.0,300,0.0,0.0,18.362334841402717,5.587249607903006,1.6390765076211469,,,
S3,Stationary_AR,0.09489907165088196,0.3501837971231596,0.0,0.14041741012986952,0.6794387858191965,0.6430046823368751,None,30,,,300,0.0,0.0,0.0,0.0,5.0,0.5735177665328173,,
S4,Trending_MeanShift,0.9999724111997319,0.999889628443068,0.0,0.9997561874409683,0.9989910689169953,0.0,None,150,,,300,,,0.0,0.0,0.8044085881185948,,150.0,
S1,Composite,0.9923443326094472,0.9723373629855763,0.0,0.9993270586869554,0.9975771751343452,0.913340142843439,12,12,12.0,24.0,300,-0.28398872669480374,-1.3986536331323843e-05,18.452370282157446,5.848319455899458,0.9943310502191027,,,
S2,Seasonal,0.7486819672895351,0.9573597876815759,0.0,0.9784297534547495,0.9990125561822516,0.9775554374353866,12,12,12.0,24.0,300,0.0,0.0,26.81779544449923,11.397932498293322,0.9664868215332171,,,
S3,Stationary_WN,0.17703826586904614,0.08018171754129877,0.0,0.5596386208357779,0.122348443273253,0.3998171698936567,None,2,,,300,0.0,0.0,0.0,0.0,9.909816865869129,,,
S4,Trending_MeanShift,0.999554401310857,0.9982059875109814,0.0,0.9995524262652667,0.998208464557864,0.0,None,150,,,300,,,0.0,0.0,1.3756609940424973,,150.0,
S1,Composite,0.9968397445218837,0.9920256552007017,0.0,0.9989607296517932,0.9973787880754635,0.6696679240700166,12,12,12.0,24.0,300,0.20463026475776513,4.244742060895067e-05,16.80396337027721,2.0306814365989196,0.7764435911741939,,,
S2,Seasonal,0.7452372757103647,0.915402757361538,0.0,0.9765588105382518,0.9978136425959758,0.9759394862197517,12,12,12.0,24.0,300,0.0,0.0,15.620841193645834,9.394616299498912,0.7289506363397109,,,
S3,Stationary_AR,0.10284114706139047,0.33308163588221007,0.0,0.23333382414606174,0.6470911778700003,0.6302867579006207,None,30,,,300,0.0,0.0,0.0,0.0,5.0,0.598611116938931,,
S4,Trending_ExponentialGrowth,0.9969045682850933,0.15918743362014254,0.0,0.9984335948037326,0.39065575324948854,0.48201577358287384,None,24,,,300,,,0.0,0.0,1.448678237715347,,,
S1,Composite,0.9819968297894296,0.9663276741949722,0.0,0.9994790916628067,0.9989504452753768,0.9721119919760016,24,25,24.0,48.0,300,-0.24970807766771194,-3.115582371300527e-05,22.895076668389525,6.898461661583298,0.775417850959834,,,
S2,Seasonal,0.6059610960900013,0.9565193538887351,0.0,0.894740561908247,0.9968963971676169,0.936945172099571,24,25,24.0,48.0,300,0.0,0.0,29.443591597312025,9.776273812917998,1.4471740914116735,,,
S3,Stationary_AR,0.1879585767423294,0.23491098335891858,0.0,0.335789533315795,0.55130143914418,0.6926298622570746,None,30,,,300,0.0,0.0,0.0,0.0,5.0,0.6951311430873135,,
S4,Trending_ExponentialGrowth,0.9993122232559773,0.21118351549317316,0.0,0.9996965311879545,0.45006550325789396,0.5525635914432228,None,24,,,300,,,0.0,0.0,0.5866682484013845,,,
S1,Composite,0.9952859135349431,0.9719219970601556,0.0,0.9986241748645018,0.9911471088302868,0.7108297151450607,24,50,24.0,48.0,300,-0.3077549107425384,4.1833432811960436e-05,12.154428587716815,7.960003320700704,1.368287413179059,,,
S2,Seasonal,0.5825535851062232,0.9810068735164886,0.0,0.8572094264957888,0.9983586001163407,0.921183800307198,24,25,24.0,48.0,300,0.0,0.0,29.644993713349585,6.136961991539664,1.2884899060132375,,,
S3,Stationary_AR,0.26158503311784,0.3010826411980284,0.0,0.4101512490045187,0.5260933961467233,0.5101090359232401,None,21,,,300,0.0,0.0,0.0,0.0,5.0,0.5008622398320167,,
S4,Trending_RandomWalkDrift,0.9508348750488367,0.6492047581946934,0.0,0.8351035399222424,0.5483174368099926,0.0,None,150,,,300,,,0.0,0.0,1.253313739754137,,,-0.2448432033195987
S1,Composite,0.9947429747381191,0.9845051148244158,0.0,0.9987118146582595,0.9961757788165662,0.7575117140491087,12,12,12.0,24.0,300,-0.35880582471358746,2.4522373888502664e-05,24.803385501226423,5.050669086822951,1.4934283409935623,,,
S2,Seasonal,0.7468116510886769,0.917375874170006,0.0,0.9706488796358748,0.9972572597522482,0.9688909824877916,12,12,12.0,24.0,300,0.0,0.0,13.99220511263512,8.457264631993514,0.8709237721996039,,,
S3,Stationary_WN,0.24921788005394985,0.05765575948098833,0.0,0.5704100643190887,0.08644384280745776,0.2894557054153477,None,2,,,300,0.0,0.0,0.0,0.0,12.04527771570473,,,
S4,Trending_RandomWalkDrift,0.9976741486532854,0.8349371600626238,0.0,0.953596948312452,0.0,0.0,None,150,,,300,,,0.0,0.0,1.1294580943010322,,,0.41890628763860993
S1,Composite,0.9879744622733283,0.985273953680215,0.0,0.9990630609257739,0.9987325875399004,0.9229312303879186,24,25,24.0,48.0,300,-0.22110710763526822,2.6258538248367865e-05,23.296767245203263,3.376073586203235,0.6545333917948766,,,
S2,Seasonal,0.6379855273710131,0.9359038014135631,0.0,0.9298976373354837,0.9967106883436944,0.9552260705733275,24,25,24.0,48.0,300,0.0,0.0,22.866460559637478,9.843688502249925,1.4253169667980752,,,
S3,Stationary_AR,0.0,0.8630616103165816,0.0,0.2018661587142786,0.9028953485418156,0.3121587235153137,None,150,,,300,0.0,0.0,0.0,0.0,5.0,0.6834052957109134,,
S4,Trending_RandomWalkDrift,0.969161433016391,0.17458338033220067,0.0,0.9949997890061973,0.7153403635527518,0.8455922469282886,None,24,,,300,,,0.0,0.0,0.9840604426042303,,,0.24826435410569184
S1,Composite,0.9803728557542685,0.979133714518565,0.0,0.9986175848300127,0.9984292172634575,0.9317190783610727,24,25,24.0,48.0,300,-0.1890723850145241,-1.974400289916415e-05,23.007953223525284,5.012663662448096,0.8190946756664579,,,
S2,Seasonal,0.35138690902819303,0.9681181334110656,0.0,0.4001401432945366,0.9913649146927973,0.7652855504150168,24,25,24.0,48.0,300,0.0,0.0,24.747463350973582,4.325312272587562,1.9975653843359833,,,
S3,Stationary_AR,0.0948148878973617,0.3368058977112611,0.0,0.10270814673987483,0.5924144692825397,0.6423612864013415,None,25,,,300,0.0,0.0,0.0,0.0,5.0,0.5028854966117345,,
S4,Trending_RandomWalkDrift,0.9610019994755609,0.7245474419836136,0.0,0.959521237070885,0.8476779837759751,0.2029450464426672,None,100,,,300,,,0.0,0.0,0.6031980999463452,,,-0.3988206004575071
S1,Composite,0.9978754118172671,0.9898817535344182,0.0,0.9995909364841614,0.9980470061147895,0.8073274752354316,12,12,12.0,24.0,300,-0.3813106090667432,4.77211847619141e-05,20.547317254246522,3.33400016217695,0.9400680479702622,,,
S2,Seasonal,0.7464981421602483,0.9360855400133632,0.0,0.9757924989594069,0.9983330856860058,0.9752018581429327,12,12,12.0,24.0,300,0.0,0.0,22.07945231860965,11.612250888786008,0.8615801512142782,,,
S3,Stationary_WN,0.2381562514366955,0.24464521815194917,0.0,0.4451656688452553,0.274725017100224,0.14537700077382176,None,3,,,300,0.0,0.0,0.0,0.0,13.59566753747979,,,
S4,Trending_RandomWalkDrift,0.993381634092465,0.8662767185466496,0.0,0.9513961372349304,0.37131430116702147,0.0,None,150,,,300,,,0.0,0.0,1.0244877392133507,,,0.23805541903841673
S1,Composite,0.9906907305563717,0.9775326599175667,0.0,0.9993754742926853,0.9983668055325607,0.9339564231538268,24,25,24.0,48.0,300,-0.18244069424159942,4.764606931748361e-05,13.114501155958996,3.0366837009224756,0.573813972744746,,,
S2,Seasonal,0.4797670553178067,0.9795113302795215,0.0,0.7064163564522277,0.9970702573733611,0.8726126150662387,24,25,24.0,48.0,300,0.0,0.0,26.430433616731467,4.991893940937672,1.2789488162500335,,,
S3,Stationary_WN,0.14517833470953279,0.1578500770268808,0.0,0.2905168555892528,0.23672645443980533,0.30143479522248695,None,4,,,300,0.0,0.0,0.0,0.0,13.377673871244143,,,
S4,Trending_ExponentialGrowth,0.9640395612925862,0.09882520016473773,0.0,0.9765121765027741,0.2630026722683756,0.3459116456341661,None,24,,,300,,,0.0,0.0,1.1156774665652462,,,
S1,Composite,0.9920744237078034,0.921045913541824,0.0,0.9993447847037672,0.9925692258216804,0.918412436046874,24,23,24.0,48.0,300,-0.3078715152471723,1.6891885699580285e-05,11.029756823443703,6.093649017632688,1.118579378173364,,,
S2,Seasonal,0.632017282459185,0.9631727078015875,0.0,0.9210578845181161,0.9978620046790149,0.9481445065475372,24,25,24.0,48.0,300,0.0,0.0,28.681050429368195,9.158789700286832,1.3162597876756852,,,
S3,Stationary_AR,0.13897791840460916,0.3948773205908571,0.0,0.19863771740416958,0.6078779298277291,0.584949031150555,None,27,,,300,0.0,0.0,0.0,0.0,5.0,0.45185799436984675,,
S4,Trending_RandomWalkDrift,0.9926872019422712,0.8694142047142872,0.0,0.9913494777304289,0.7630924532979486,0.0,None,150,,,300,,,0.0,0.0,1.0004285406744835,,,-0.45393174045970053
S1,Composite,0.9915347131961441,0.9821425864371208,0.0,0.9985629343166601,0.9967199615619916,0.8329461524375525,24,25,24.0,48.0,300,-0.18207129192406343,3.9445912465266525e-05,14.187639652013484,2.5650445087387928,0.8363727665589458,,,
S2,Seasonal,0.6812085330879478,0.9460743275343281,0.0,0.8853648615531214,0.9938337447268314,0.8978280363506929,24,23,24.0,48.0,300,0.0,0.0,22.119524386973815,9.272355144538249,1.7579110954736936,,,
S3,Stationary_WN,0.12049142122452117,0.2846997511347893,0.0,0.14628449074755867,0.3666284445179012,0.26191548516646457,None,9,,,300,0.0,0.0,0.0,0.0,8.509243697180175,,,
S4,Trending_ExponentialGrowth,0.9746332963301362,0.2869982251523897,0.0,0.9817854977399814,0.3868446565405327,0.2692053406102408,None,24,,,300,,,0.0,0.0,1.194344679224189,,,
S1,Composite,0.9801353189936098,0.9740310466412271,0.0,0.9973337543257372,0.9966905993387817,0.8739382957100545,12,12,12.0,24.0,300,0.17798820341031102,-3.8347557256506995e-05,18.214183236501405,5.28058806248353,1.0408780411952736,,,
S2,Seasonal,0.7412140361515467,0.9758749440921922,0.0,0.9662931406482285,0.9991690937457103,0.9660483137769145,12,12,12.0,24.0,300,0.0,0.0,25.091875780055055,7.74423080474828,0.8099831167130104,,,
S3,Stationary_AR,0.14759423544130934,0.3349672276334318,0.0,0.19986246132595975,0.48614208276670057,0.446972279602056,None,16,,,300,0.0,0.0,0.0,0.0,5.0,0.42838671651504967,,
S4,Trending_ExponentialGrowth,0.9921520483819772,0.2916649934470972,0.0,0.9954707569830666,0.4344976127468415,0.42287093885941607,None,24,,,300,,,0.0,0.0,0.8044216975246612,,,
S1,Composite,0.9963287734970367,0.9567901855430606,0.0,0.9993119105245907,0.9908939111154096,0.8130549097604414,24,25,24.0,48.0,300,-0.374271238723341,4.523927840041395e-05,12.386421519819638,3.537908195795447,1.2011291042966254,,,
S2,Seasonal,0.038977416389912034,0.9829208782637492,0.0,0.14839008003284604,0.9972427564488135,0.8516290919769374,24,50,24.0,48.0,300,0.0,0.0,13.884990672850918,11.9027405748311,0.9980557157426289,,,
S3,Stationary_WN,0.15061108691577174,0.20426953709790063,0.0,0.35826256408461865,0.2598930374499384,0.263685437201993,None,4,,,300,0.0,0.0,0.0,0.0,8.764172171903741,,,
S4,Trending_MeanShift,0.9999190788466704,0.999675474848777,0.0,0.9998911188168519,0.999568477906269,0.0,None,150,,,300,,,0.0,0.0,1.2773306259659383,,150.0,
S1,Composite,0.9899188995701836,0.9759589598456454,0.0,0.9994306547119048,0.9986664897922786,0.9454915877524008,12,12,12.0,24.0,300,0.2352078074897657,-2.756663319885274e-05,18.113697765475184,5.5399393591748485,0.7159886302331274,,,
S2,Seasonal,0.7364379909189068,0.9331095498802756,0.0,0.9448812701539744,0.9960787235211012,0.944217154336372,12,12,12.0,24.0,300,0.0,0.0,15.147618422597445,7.840643560064488,1.051245753689349,,,
S3,Stationary_AR,0.15929098408772147,0.22729937410375312,0.0,0.21621180984618782,0.4250220392304853,0.5244650953286341,None,20,,,300,0.0,0.0,0.0,0.0,5.0,0.4970148751527588,,
S4,Trending_ExponentialGrowth,0.9822731073818018,0.2648635275433825,0.0,0.9883948839142901,0.3902563557839368,0.3382180826318779,None,24,,,300,,,0.0,0.0,1.002740314378926,,,
S1,Composite,0.9861942902313814,0.9605433206709452,0.0,0.9994602864205663,0.9982568383214236,0.9617615679038503,36,38,36.0,72.0,300,0.31573278288112033,4.38249914023476e-05,24.15960118999468,6.735787940010706,0.8387231189816978,,,
S2,Seasonal,0.5702819297292091,0.9400818635197039,0.0,0.8869975148775227,0.994914373071271,0.9275129928344227,36,38,36.0,72.0,300,0.0,0.0,19.65893941532184,7.008447100187814,1.3788553414762736,,,
S3,Stationary_WN,0.10350095622500644,0.09772302853658543,0.0,0.3332815377842486,0.19114699921827427,0.36651200419545404,None,3,,,300,0.0,0.0,0.0,0.0,8.242008311163534,,,
S4,Trending_MeanShift,0.9997511702584109,0.9990044026491555,0.0,0.9989942471025395,0.9958021779471105,0.0,None,150,,,300,,,0.0,0.0,1.076122550929206,,150.0,
S1,Composite,0.9566170623394002,0.9681992769564013,0.0,0.9911239465933126,0.9929722235896588,0.8009578622069573,48,50,48.0,96.0,300,0.10790610890629626,3.667637980258722e-05,17.718852963043872,2.875940098983238,1.2839723844485673,,,
S2,Seasonal,0.5499672136518254,0.9753182755332396,0.0,0.8806883205433381,0.9981361405901413,0.9303947933961585,48,50,48.0,96.0,300,0.0,0.0,19.875319953506526,4.343123023696172,0.9004012396138871,,,
S3,Stationary_AR,0.1318017263320348,0.18910419889852137,0.0,0.1976246431253046,0.481964673946206,0.5574189011522461,None,38,,,300,0.0,0.0,0.0,0.0,5.0,0.5351627963285459,,
S4,Trending_ExponentialGrowth,0.9986816019341132,0.0,0.0,0.9997758831899783,0.7361987633911398,0.8250740206425367,None,24,,,300,,,0.0,0.0,0.6110509062587999,,,
S1,Composite,0.9709187162684924,0.9744016427849076,0.0,0.9929480383051927,0.9932701403969464,0.7599590060378266,48,50,48.0,96.0,300,0.13859514754227298,-2.2653049966814955e-05,17.68286786169503,2.7993321418758192,1.208590142412156,,,
S2,Seasonal,0.6494864772514499,0.9420178181103154,0.0,0.9639454452788279,0.9983339634017998,0.9738163435574835,48,50,48.0,96.0,300,0.0,0.0,27.18257430752139,11.321504874896597,1.0732806804473412,,,
S3,Stationary_AR,0.28364765004890047,0.26001033228173953,0.0,0.2592105015655577,0.36372193743874137,0.4421548557708368,None,9,,,300,0.0,0.0,0.0,0.0,5.0,0.5065596290964612,,
S4,Trending_ExponentialGrowth,0.9907265934201557,0.17741283735922309,0.0,0.9940861977764491,0.3164810179993601,0.3748184583565334,None,24,,,300,,,0.0,0.0,1.0531368010790716,,,
S1,Composite,0.9908673716151802,0.9537783271066351,0.0,0.9996002164304167,0.9978509652353564,0.9569331117772278,48,50,48.0,96.0,300,0.3192220786062322,2.3203266163281575e-05,17.891100491836646,6.950828633743852,0.7962578563957929,,,
S2,Seasonal,0.6917307822382955,0.9202515248407717,0.0,0.9766490657140038,0.9981213635949251,0.9788033476213954,48,50,48.0,96.0,300,0.0,0.0,13.55273891400007,7.242664191786208,0.7267687417761648,,,
S3,Stationary_AR,0.14117721578430542,0.27142048461473267,0.0,0.29809654773251637,0.49065089611147195,0.6571021300519093,None,33,,,300,0.0,0.0,0.0,0.0,5.0,0.6307925287620159,,
S4,Trending_RandomWalkDrift,0.9843997106567709,0.10455353211028595,0.0,0.9973803690829189,0.6690414900446504,0.840831664517075,None,24,,,300,,,0.0,0.0,0.6397750025788744,,,-0.4084290265034919
S1,Composite,0.9957537008067251,0.9634838118950423,0.0,0.9991135384330835,0.9916909154749421,0.7925186940063382,36,38,36.0,72.0,300,0.38234187428564226,3.141399448251248e-05,16.456125320401423,2.947724997752074,1.1529239832309457,,,
S2,Seasonal,0.5659876582091612,0.9376755268681891,0.0,0.9338158436898243,0.9971462892105947,0.9620062403742599,36,38,36.0,72.0,300,0.0,0.0,19.460264813665802,7.070451673713489,0.939837931648171,,,
S3,Stationary_WN,0.08225980592847149,0.16014272887449454,0.0,0.4659792146630308,0.23149086425295506,0.3356613073192627,None,3,,,300,0.0,0.0,0.0,0.0,5.1106796227756055,,,
S4,Trending_MeanShift,0.9999056447643414,0.9996243657572271,0.0,0.9972103593301439,0.9877614813490686,0.0,None,150,,,300,,,0.0,0.0,1.379988307746436,,150.0,
S1,Composite,0.9948987197193514,0.9797203996636852,0.0,0.999601418855853,0.9982541828530777,0.9227764543284893,24,25,24.0,48.0,300,0.3055624027357301,2.5097942419492346e-05,19.421704351501578,3.8181823233386405,0.7968219495803255,,,
S2,Seasonal,0.6625359607004258,0.8716406850528088,0.0,0.9511426008657532,0.9945746623576708,0.965212718624672,24,25,24.0,48.0,300,0.0,0.0,13.836581414303147,8.842286693491651,1.0577267260363388,,,
S3,Stationary_WN,0.18459501536557765,0.10504600594659674,0.0,0.3701197154808592,0.16266496817639142,0.36543462549974914,None,3,,,300,0.0,0.0,0.0,0.0,12.326529288965023,,,
S4,Trending_MeanShift,0.9998755459139353,0.9995052100034998,0.0,0.9996916345327739,0.998789533393731,0.0,None,150,,,300,,,0.0,0.0,1.4810796799972756,,150.0,
S1,Composite,0.9957595731763855,0.9730374570919355,0.0,0.9994214046218354,0.9962866642601474,0.8642032411844909,12,12,12.0,24.0,300,-0.3340697290220258,-2.36009714066096e-05,16.467374187363287,4.7471399812660255,1.0233601251183864,,,
S2,Seasonal,0.6606743218236977,0.9835714388361583,0.0,0.7630141518218903,0.9964984601597404,0.7883986031273402,12,12,12.0,24.0,300,0.0,0.0,21.94240228274926,4.586037795488281,1.5908689538214753,,,
S3,Stationary_AR,0.10670850506588847,0.31894357646200966,0.0,0.19091983476079644,0.5783268871838532,0.6545560782328548,None,21,,,300,0.0,0.0,0.0,0.0,5.0,0.4662713940896324,,
S4,Trending_RandomWalkDrift,0.9875053118828931,0.7735859307554089,0.0,0.6210748916642159,0.12887970435810814,0.0,None,100,,,300,,,0.0,0.0,0.8416593237249208,,,-0.26354954892847254
S1,Composite,0.9969961734727316,0.9791058171960098,0.0,0.9997666604170293,0.998221149745912,0.9228407496522415,24,25,24.0,48.0,300,0.3893483829613553,-1.2059064509322034e-05,17.7751853270992,3.688096928719271,0.7022682501002706,,,
S2,Seasonal,0.7176144717038444,0.8974589339858196,0.0,0.9228303016915522,0.9900085127831553,0.9169576433659186,24,23,24.0,48.0,300,0.0,0.0,11.813041482831895,7.346409049280154,1.240059252444835,,,
S3,Stationary_WN,0.09391214502302447,0.15481443444742127,0.0,0.14884730984072114,0.23464759450428596,0.20850636094351194,None,8,,,300,0.0,0.0,0.0,0.0,9.859269198219124,,,
S4,Trending_ExponentialGrowth,0.9991492434391993,0.25111717921939425,0.0,0.9995941091467888,0.49702526937015346,0.515528791019361,None,24,,,300,,,0.0,0.0,0.5114577119446505,,,
S1,Composite,0.9800704352999045,0.9855046555720589,0.0,0.9986212112346848,0.9989338522116049,0.9329708118478954,24,25,24.0,48.0,300,0.1227315986603578,-2.1797781629268398e-05,17.217561911950902,2.9411645806402724,0.5395528767692745,,,
S2,Seasonal,0.015323823674270098,0.9448931465855626,0.0,0.22437010305890615,0.9778949223361487,0.6377912953747658,24,50,24.0,48.0,300,0.0,0.0,11.83826103785864,9.491867430855827,1.8078614309843755,,,
S3,Stationary_WN,0.23050732207763547,0.26580504270255634,0.0,0.43535062664836754,0.3448947572650122,0.28403086511605635,None,4,,,300,0.0,0.0,0.0,0.0,13.849726642572005,,,
S4,Trending_RandomWalkDrift,0.9761163800990869,0.16902231267155254,0.0,0.9965040466394666,0.6422916087073813,0.8633820215171121,None,24,,,300,,,0.0,0.0,1.108291757880777,,,0.18824249268673776
S1,Composite,0.9283135112538944,0.929929381297431,0.0,0.996374295566181,0.9967737922072579,0.9580362493128463,48,50,48.0,96.0,300,-0.12050508958443895,-1.243293104007123e-05,15.370596731110094,7.415012354236572,0.958737958136713,,,
S2,Seasonal,0.10947366755586863,0.9441961521623427,0.0,0.5949264623385814,0.9964863726537136,0.9480158446460798,48,50,48.0,96.0,300,0.0,0.0,24.122733621415794,5.107749193425185,0.8003853733629029,,,
S3,Stationary_WN,0.14814058385900164,0.07400325930730323,0.0,0.3683839166036029,0.1181768704302687,0.32538811249312727,None,3,,,300,0.0,0.0,0.0,0.0,7.031110175999706,,,
S4,Trending_ExponentialGrowth,0.9817125459868161,0.2608062214288869,0.0,0.9882654061259883,0.4277135224081525,0.34372687013817815,None,24,,,300,,,0.0,0.0,1.1811899681739473,,,
S1,Composite,0.9895432908397128,0.9522264043105887,0.0,0.998817837943138,0.9939950634938121,0.8888677466566083,24,25,24.0,48.0,300,-0.3544529845597363,-4.546238784938494e-05,20.226175807357553,6.313715542139467,1.3762259094904494,,,
S2,Seasonal,0.6701094296896397,0.9166438522678466,0.0,0.9755768706557173,0.9982641437715906,0.9822180027035685,24,25,24.0,48.0,300,0.0,0.0,17.76466179507466,9.237608547186984,0.711792990496861,,,
S3,Stationary_AR,0.2381386542632049,0.21046479588990263,0.0,0.3621261810192884,0.45570575401879265,0.5709235465194628,None,18,,,300,0.0,0.0,0.0,0.0,5.0,0.6178633678760656,,
S4,Trending_ExponentialGrowth,0.9966466430939298,0.35869780122125094,0.0,0.9977268869694381,0.45660522011846116,0.31786451604034227,None,24,,,300,,,0.0,0.0,1.2329705174133179,,,
S1,Composite,0.9877492526550483,0.9748019887636596,0.0,0.9994479082838583,0.9987711235298798,0.9558089892331675,24,25,24.0,48.0,300,-0.24443096852022014,1.264654974671832e-05,20.239878471818315,4.998526270135905,0.7296496458635529,,,
S2,Seasonal,0.6509898106542841,0.9459444504783001,0.0,0.9507952520914534,0.9979744537366536,0.9668044207339516,24,25,24.0,48.0,300,0.0,0.0,26.910606746306225,10.770663542889833,1.1607163098090127,,,
S3,Stationary_AR,0.002592763405853238,0.3850092690622633,0.0,0.009352278163735961,0.32419153197395045,0.0,None,100,,,300,0.0,0.0,0.0,0.0,5.0,0.5137972262932102,,
S4,Trending_ExponentialGrowth,0.971465860947106,0.2228349597108834,0.0,0.9831576561431388,0.39963452330075755,0.4071482424282842,None,24,,,300,,,0.0,0.0,0.9382484816799783,,,
S1,Composite,0.9896539746100732,0.9872371360167749,0.0,0.9974974631129875,0.9969939092225435,0.76284537328751,12,12,12.0,24.0,300,-0.18206565822691756,-3.2556568852735354e-05,21.303754422181335,3.9453331130838007,1.269911606121724,,,
S2,Seasonal,0.7413691381593968,0.9758205041788041,0.0,0.9550584188784915,0.9988539699402493,0.9532916357701605,12,12,12.0,24.0,300,0.0,0.0,26.195892404480734,7.9773918754768145,1.0038933635108227,,,
S3,Stationary_AR,0.022678617751966335,0.2551050865220672,0.0,0.10839482565240255,0.61051272843298,0.6620519464426045,None,50,,,300,0.0,0.0,0.0,0.0,5.0,0.5984904249659398,,
S4,Trending_RandomWalkDrift,0.9831961614993924,0.14027668054393894,0.0,0.996808690581478,0.6315472255077865,0.8174995925960757,None,24,,,300,,,0.0,0.0,0.8173070221376536,,,0.3647984324453659
S1,Composite,0.9933428060307898,0.9614691627719693,0.0,0.9997311832745336,0.9984420878695582,0.9605712706848846,12,12,12.0,24.0,300,0.38296361227129316,-1.4269355352150598e-05,19.057077930701034,7.345393253894045,0.8226128426555742,,,
S2,Seasonal,0.750183493985887,0.8316911342191149,0.0,0.9869089976454718,0.9972876936070811,0.9862792890042841,12,12,12.0,24.0,300,0.0,0.0,12.685209838116505,11.584395080842214,0.7152570459646632,,,
S3,Stationary_WN,0.1378874402217436,0.20889123207314064,0.0,0.6105454702931417,0.3145995820182559,0.4107727318694312,None,2,,,300,0.0,0.0,0.0,0.0,7.442516893744951,,,
S4,Trending_ExponentialGrowth,0.9851338219036028,0.18902673781018398,0.0,0.9896753532573813,0.33518548455835506,0.3201970031664695,None,24,,,300,,,0.0,0.0,1.1957645643011128,,,
S1,Composite,0.8464727357028085,0.8985675590721087,0.0,0.990316829411147,0.993334732704841,0.9476439137444257,48,50,48.0,96.0,300,-0.14233572909748315,-2.030870695258387e-05,22.343035315340526,7.275030771807316,1.071680849940951,,,
S2,Seasonal,0.6830262913084189,0.9347927648742576,0.0,0.9668551405599001,0.997929301514608,0.970948259100747,48,50,48.0,96.0,300,0.0,0.0,24.472656741029873,11.506246767953932,1.2005401862423868,,,
S3,Stationary_AR,0.2703152580284157,0.218557146095524,0.0,0.48452718667893935,0.4635838776957778,0.5865900135614055,None,24,,,300,0.0,0.0,0.0,0.0,5.0,0.6847317561116307,,
S4,Trending_RandomWalkDrift,0.9945203632972401,0.9369961075902656,0.0,0.9934398427890938,0.9302689289959037,0.0,None,150,,,300,,,0.0,0.0,0.8763860221050491,,,0.32635182272232865
S1,Composite,0.9892220013495723,0.9685220184160583,0.0,0.9988854330082232,0.9964614129803436,0.8985084529411637,36,38,36.0,72.0,300,-0.21441639068635154,4.716077001224921e-05,13.916409866114439,2.553246238461119,0.5964465965956705,,,
S2,Seasonal,0.6276001019779003,0.894583486784217,0.0,0.8891541199919545,0.9889291339702652,0.9125556253981839,36,38,36.0,72.0,300,0.0,0.0,19.017282566232772,10.373439777020533,1.9265355865685403,,,
S3,Stationary_WN,0.2108199985714746,0.17685603032553354,0.0,0.4240734278163336,0.27544647118955334,0.3687197356760299,None,3,,,300,0.0,0.0,0.0,0.0,11.762382401137076,,,
S4,Trending_ExponentialGrowth,0.9771757935565261,0.20664932215057086,0.0,0.9864064916734894,0.3677610748463781,0.4181726888027356,None,24,,,300,,,0.0,0.0,1.0988659206270177,,,
S1,Composite,0.9781283516228176,0.9520010590397417,0.0,0.9980537795623122,0.9951932735989559,0.9140149417223691,36,38,36.0,72.0,300,0.2921545991178049,-4.67127347110534e-05,23.5520857798307,6.396671354568452,1.2813320156544095,,,
S2,Seasonal,0.5390571571613649,0.9696630045432568,0.0,0.9108897181809196,0.9983645517168755,0.9519846367702518,36,38,36.0,72.0,300,0.0,0.0,18.171137228892125,4.306467669352232,0.7784281770687458,,,
S3,Stationary_AR,0.3091964363951487,0.29227519543363945,0.0,0.5574554016824114,0.6003886919477928,0.7393654693122862,None,19,,,300,0.0,0.0,0.0,0.0,5.0,0.6588106750499916,,
S4,Trending_MeanShift,0.9999902819209674,0.9999611134478925,0.0,0.9999804062654556,0.9999217465815042,0.0,None,150,,,300,,,0.0,0.0,0.591497526158308,,150.0,
S1,Composite,0.9869691691756172,0.9060587110852918,0.0,0.9996021545843684,0.9967299645504037,0.9703720105416527,24,25,24.0,48.0,300,0.3040882495862248,3.3556830513690096e-05,14.145468814605035,7.775622535440167,0.766289874026223,,,
S2,Seasonal,0.667324761009398,0.9425687054273848,0.0,0.9887346913455453,0.999473219994892,0.9919304751548053,24,25,24.0,48.0,300,0.0,0.0,27.185431080031528,11.56926728987403,0.511656069155602,,,
S3,Stationary_AR,0.07108473998017617,0.31677689311450696,0.0,0.3240663167633925,0.6214309697755,0.6916149105863583,None,25,,,300,0.0,0.0,0.0,0.0,5.0,0.5839210277986863,,
S4,Trending_MeanShift,0.9997702611498104,0.9990788483747972,0.0,0.9997982574456924,0.9991909601684318,0.12185485392062045,None,150,,,300,,,0.0,0.0,1.0566028655416415,,150.0,
S1,Composite,0.9928036963606015,0.9076440080267905,0.0,0.9997281024086043,0.996330009491846,0.9632491238742459,12,12,12.0,24.0,300,0.3852099366695949,-1.1707099317954156e-05,12.501526948487259,7.866637363658069,0.8351636495679153,,,
S2,Seasonal,0.7323523615825553,0.8299451321880216,0.0,0.9287988717134916,0.9858039039726455,0.9271464326612616,12,12,12.0,24.0,300,0.0,0.0,10.78119640568296,9.549355812190463,1.4389515734496343,,,
S3,Stationary_WN,0.10967805564194288,0.35549810101858736,0.0,0.1251478573723358,0.4139163743660229,0.24964681035872172,None,13,,,300,0.0,0.0,0.0,0.0,11.691020261413772,,,
S4,Trending_RandomWalkDrift,0.8602290449101317,0.4386375448950445,0.0,0.9746035780863411,0.8040628007251827,0.8483302234404622,None,24,,,300,,,0.0,0.0,1.2937035390892193,,,-0.20510499607526272
S1,Composite,0.9381887486894276,0.9726225367655046,0.0,0.9928115360589851,0.9966882287714764,0.8875633916108369,36,38,36.0,72.0,300,0.10350806228661787,-4.36585786494118e-05,18.400303734388842,2.842314002369859,1.0031740634556083,,,
S2,Seasonal,0.6024256725564048,0.8876498801084992,0.0,0.8588109431739813,0.986673151423035,0.904020046710798,36,38,36.0,72.0,300,0.0,0.0,16.269992587292084,8.282918852347397,1.956665511788198,,,
S3,Stationary_AR,0.02062450304590202,0.1358921307344345,0.0,0.028287143058272624,0.5347537070886947,0.6666961758961301,None,60,,,300,0.0,0.0,0.0,0.0,5.0,0.667383200164527,,
S4,Trending_RandomWalkDrift,0.9730870775130032,0.2833448019569531,0.0,0.9962982376298876,0.6870207401240356,0.8678112347223734,None,24,,,300,,,0.0,0.0,0.6621073093596795,,,0.13821602830279534
S1,Composite,0.9844310566758671,0.9669735078330027,0.0,0.9985681650682453,0.9967230711845935,0.9111251511378965,24,25,24.0,48.0,300,0.2922355577188286,-4.744023125333568e-05,23.540842313998404,6.171421944469348,1.2209831567093008,,,
S2,Seasonal,0.6427337014327316,0.9027690554240767,0.0,0.8845279132922834,0.9903934974130353,0.9170196306101485,24,25,24.0,48.0,300,0.0,0.0,11.802181358059583,6.34818194954887,1.1873211982379663,,,
S3,Stationary_AR,0.33290999220570117,0.30208186989440633,0.0,0.4765376798603429,0.5174006291356001,0.6247953499042538,None,9,,,300,0.0,0.0,0.0,0.0,5.0,0.6415524984535792,,
S4,Trending_ExponentialGrowth,0.9895738717060242,0.24162426093843392,0.0,0.9937439756237993,0.41764364150683997,0.39656756656346326,None,24,,,300,,,0.0,0.0,1.064740263745772,,,
S1,Composite,0.9929317663422377,0.9871944871244968,0.0,0.9976570676434419,0.9958283885398496,0.6700692448245296,12,12,12.0,24.0,300,-0.15918339541899512,3.1028861523123235e-05,13.713294913220754,2.0781811492858764,0.9687770547834095,,,
S2,Seasonal,0.7360678950648375,0.7915714557950242,0.0,0.9275759007357665,0.9807142073275174,0.9235172022460892,12,12,12.0,24.0,300,0.0,0.0,11.140201956824797,11.04966697446183,1.6814989918249799,,,
S3,Stationary_WN,0.03462533331809703,0.09601874968623347,0.0,0.04383622044363167,0.22959389848206557,0.2806467335188969,None,15,,,300,0.0,0.0,0.0,0.0,11.62930680864352,,,
S4,Trending_ExponentialGrowth,0.9952123032976127,0.20990196011761741,0.0,0.9970644969586994,0.35227335697956796,0.37736905650015595,None,24,,,300,,,0.0,0.0,1.0346530662131497,,,
S1,Composite,0.8522060281042535,0.9344446404917157,0.0,0.9936645433588266,0.9973239761420778,0.9652014571707722,48,50,48.0,96.0,300,0.11038613820715598,-3.36927366756612e-05,21.916961127648662,6.532153983028786,0.8284654195316444,,,
S2,Seasonal,0.33931050928744466,0.9215857543262015,0.0,0.5983893516676791,0.9890378750944647,0.8746821094970589,48,50,48.0,96.0,300,0.0,0.0,21.504326883790437,6.934238362873524,1.5466441400145994,,,
S3,Stationary_WN,0.11844222423184947,0.08157846741532826,0.0,0.5551744984170468,0.1385458108990174,0.4162165093930188,None,2,,,300,0.0,0.0,0.0,0.0,10.049734000859159,,,
S4,Trending_ExponentialGrowth,0.9968542857697317,0.26635908566690125,0.0,0.99796680155675,0.36522893829234293,0.3459429995125963,None,24,,,300,,,0.0,0.0,0.7492555890941159,,,
S1,Composite,0.9853038079654546,0.9298329573664955,0.0,0.998381935285622,0.9910719457380311,0.892533415796634,24,25,24.0,48.0,300,-0.22536134688362577,-2.7059769810203328e-05,12.536896684737448,4.682032931066729,1.0174496137742484,,,
S2,Seasonal,0.02762341405912816,0.9786740268191133,0.0,0.08208376486963276,0.9954324598278219,0.8059008876809378,24,50,24.0,48.0,300,0.0,0.0,14.032015425879084,11.11287256099152,1.425905390982927,,,
S3,Stationary_WN,0.12971590024438762,0.24338044773119072,0.0,0.3649221798439103,0.2837021997356066,0.2738077612604375,None,4,,,300,0.0,0.0,0.0,0.0,10.91098954290433,,,
S4,Trending_RandomWalkDrift,0.6447489286751062,0.7507507522933148,0.0,0.4303273840042323,0.7547805243854098,0.0,None,150,,,300,,,0.0,0.0,1.4184427951739877,,,0.1003852630763471
S1,Composite,0.9820013364375039,0.9099454698947556,0.0,0.999349396288859,0.9965670238767218,0.9656259247348167,48,50,48.0,96.0,300,-0.1986245661027624,-4.3072147350555426e-05,10.859907627765686,6.183479754711048,0.6574124953781894,,,
S2,Seasonal,0.6664956653946925,0.9554435703083991,0.0,0.9839995405658495,0.9993737711483837,0.9870008335466167,48,50,48.0,96.0,300,0.0,0.0,29.91448467341003,11.293992949078689,0.8319580087335916,,,
S3,Stationary_AR,0.23228119093771193,0.39544147781218875,0.0,0.30018683114807554,0.48054004320069177,0.4420080380785443,None,15,,,300,0.0,0.0,0.0,0.0,5.0,0.440152475495266,,
S4,Trending_MeanShift,0.9997016351578685,0.9987863918570905,0.0,0.9997354096080292,0.998950282963105,0.11704896140145193,None,150,,,300,,,0.0,0.0,1.2775139971390448,,150.0,
S1,Composite,0.904534991702111,0.9127760378943487,0.0,0.9919761022122018,0.9924924390887255,0.9269916804806742,48,50,48.0,96.0,300,-0.1761231410540499,-1.3710252827669478e-05,22.315139237397496,6.977722664231342,1.4312361690247417,,,
S2,Seasonal,0.2289603953738768,0.8386521322488601,0.0,0.5090458667225041,0.9756849036629359,0.8766889431099941,48,50,48.0,96.0,300,0.0,0.0,16.85319141253987,7.205289115294582,1.5831981281450054,,,
S3,Stationary_AR,0.028181797751171578,0.2539532512479621,0.0,0.1274756719288932,0.5938968656693658,0.6306206058916801,None,60,,,300,0.0,0.0,0.0,0.0,5.0,0.48857312714493334,,
S4,Trending_MeanShift,0.9998996394842842,0.9996006593885822,0.0,0.9978364438009324,0.9923146236132531,0.0,None,150,,,300,,,0.0,0.0,1.4116968118989948,,150.0,
S1,Composite,0.9955615354288049,0.9644866302358825,0.0,0.9997187870150456,0.9973829592644654,0.9367899044772893,48,50,48.0,96.0,300,-0.38263299287009234,-3.5900647634754044e-05,16.620171628608286,2.5820181961444497,0.5938900680701633,,,
S2,Seasonal,0.6887720271283624,0.9608520529824247,0.0,0.972355817873346,0.9989401610131211,0.9746248884745848,48,50,48.0,96.0,300,0.0,0.0,29.724448408489476,10.647286668330034,1.0865066954812117,,,
S3,Stationary_WN,0.19328643644649823,0.17270721623395924,0.0,0.4249325792827293,0.2690659917234116,0.35865349221955445,None,3,,,300,0.0,0.0,0.0,0.0,5.761079935820294,,,
S4,Trending_RandomWalkDrift,0.9938287066801752,0.7538935479394564,0.0,0.9103429497855412,0.2380438958369947,0.0,None,100,,,300,,,0.0,0.0,0.8722662182833358,,,0.31404349470457027
S1,Composite,0.9920137379776444,0.9746086601973273,0.0,0.9996883742414339,0.9990183390784259,0.9621326518435989,12,12,12.0,24.0,300,0.3315057353562438,-1.628828054698748e-05,22.40706507608914,7.129400800652989,0.7382212734799789,,,
S2,Seasonal,0.7182123578418381,0.9593355777801733,0.0,0.8785565538810912,0.9951571114279948,0.8824621768186086,12,12,12.0,24.0,300,0.0,0.0,25.291946073659126,9.79782118252918,1.7424162894415567,,,
S3,Stationary_WN,0.24089221828008722,0.23605453145856448,0.0,0.31353529601096364,0.30538253279118877,0.2685970430593472,None,4,,,300,0.0,0.0,0.0,0.0,11.985921931988765,,,
S4,Trending_RandomWalkDrift,0.9072292103440612,0.27263824844156004,0.0,0.9839279479819827,0.7771008856933274,0.8718400456940703,None,24,,,300,,,0.0,0.0,0.7648512245584669,,,0.1407709362873577
S1,Composite,0.9459433453227767,0.9301481304125994,0.0,0.9878948531612392,0.9859713671706091,0.8062406050073496,12,12,12.0,24.0,300,0.11914131168523528,-4.6138854228276444e-05,11.79509621163794,5.7044335032252675,1.4542950555571872,,,
S2,Seasonal,0.710948388741001,0.9768753545112223,0.0,0.8740179970749474,0.9972518978821009,0.8828841693913222,12,12,12.0,24.0,300,0.0,0.0,23.01918779167518,6.127356979116517,1.3861893491810529,,,
S3,Stationary_AR,0.09548705439468608,0.3463261687285014,0.0,0.1981850504394782,0.6668752143414297,0.6822070566149196,None,38,,,300,0.0,0.0,0.0,0.0,5.0,0.5374751094097838,,
S4,Trending_RandomWalkDrift,0.991086522699626,0.14808770828912343,0.0,0.9992235286721176,0.7573942736528709,0.9163025404725978,None,24,,,300,,,0.0,0.0,0.8145790940863418,,,0.37096003174743153
S1,Composite,0.9902127297886031,0.9427264131237529,0.0,0.9995944058586188,0.9973236292135578,0.959501791393924,36,38,36.0,72.0,300,-0.38286207157750207,4.69599557839941e-05,17.74976968818546,6.997919038150357,0.9994017035555148,,,
S2,Seasonal,0.572604886421084,0.9078932991645586,0.0,0.8314690378491889,0.9878542756469523,0.8926144368309845,36,38,36.0,72.0,300,0.0,0.0,13.364274580662979,6.190036069380293,1.3933570671318107,,,
S3,Stationary_AR,0.0299418865589407,0.30712685153888686,0.0,0.08371020380760064,0.6423553169618584,0.6519843784638589,None,60,,,300,0.0,0.0,0.0,0.0,5.0,0.5329253659885043,,
S4,Trending_RandomWalkDrift,0.9914444035030153,0.05214802237820437,0.0,0.9993663193853729,0.7133525650178381,0.9275302542137343,None,24,,,300,,,0.0,0.0,0.7673726629953871,,,-0.3925051564050538
S1,Composite,0.9788807166094454,0.9833773431962997,0.0,0.9979353566462625,0.9983655627037091,0.9073702789464241,36,38,36.0,72.0,300,-0.1762782190436225,-3.177830487959275e-05,24.893640097262626,2.392076115140549,0.6624273076498383,,,
S2,Seasonal,0.47166062147685095,0.9164280119514582,0.0,0.8865454307136563,0.9948481924520648,0.9513182814562184,36,38,36.0,72.0,300,0.0,0.0,28.77063889293376,10.94578073946596,1.5841662013033493,,,
S3,Stationary_WN,0.284268922982691,0.25321758966095775,0.0,0.34284190279045945,0.34409970569039405,0.3106493137858024,None,4,,,300,0.0,0.0,0.0,0.0,12.860011823127758,,,
S4,Trending_MeanShift,0.9999822025676917,0.9999284924594399,0.0,0.9998741278046137,0.9994934327931745,0.0,None,150,,,300,,,0.0,0.0,0.5031927705530322,,150.0,
S1,Composite,0.9891501896220624,0.9571617674096347,0.0,0.9976942516898,0.9897341355494406,0.7917037043496,24,25,24.0,48.0,300,0.25744703565339766,1.4592192971366458e-05,16.052896421802046,4.453984255284483,1.489768083375096,,,
S2,Seasonal,0.6635428829804274,0.9265739402240422,0.0,0.9854669092172585,0.9991239810524776,0.9897363194693317,24,25,24.0,48.0,300,0.0,0.0,19.544429536216047,9.387561460173629,0.5669850331120003,,,
S3,Stationary_AR,0.14234586205569622,0.21090978642029246,0.0,0.1759917072788112,0.38048935460443056,0.46194476815885277,None,30,,,300,0.0,0.0,0.0,0.0,5.0,0.43199116121440084,,
S4,Trending_ExponentialGrowth,0.9978129759283776,0.20173872148524485,0.0,0.9989018550820759,0.48210667676948527,0.48534859782341977,None,24,,,300,,,0.0,0.0,1.3878395754153017,,,
S1,Composite,0.9448946932154814,0.9721211467704114,0.0,0.9945929313884821,0.9976522811711641,0.9175115657624292,12,12,12.0,24.0,300,0.11255479623975317,4.393414417557644e-05,23.800931837751207,7.717666502454117,1.2448639398225487,,,
S2,Seasonal,0.7280174196848713,0.7846843405968198,0.0,0.9177438700173397,0.9781617798378895,0.9181660964550324,12,12,12.0,24.0,300,0.0,0.0,12.164300532821244,11.98293758300585,1.9996841717350367,,,
S3,Stationary_WN,0.056364407853488174,0.39790877491476395,0.0,0.07711104073183062,0.5211748389596835,0.3403550364280594,None,17,,,300,0.0,0.0,0.0,0.0,14.605313160550047,,,
S4,Trending_MeanShift,0.9999725695958956,0.9998899784816137,0.0,0.9999756573334858,0.9999027017582522,0.11369112724123542,None,150,,,300,,,0.0,0.0,0.8047889836078645,,150.0,
S1,Composite,0.9579229352770103,0.9635993182658376,0.0,0.996087986587735,0.9965321601836288,0.9141320443665957,24,25,24.0,48.0,300,-0.16991341091750223,-4.4443593043509084e-05,24.269378601271804,7.755840889559101,1.444153275055759,,,
S2,Seasonal,0.5175370481254753,0.9436601465339428,0.0,0.6064245053287138,0.9867692990795568,0.7919224663262356,24,25,24.0,48.0,300,0.0,0.0,15.108272894514425,4.799789780343301,1.605055019882073,,,
S3,Stationary_WN,0.2040875453772819,0.18729498154106972,0.0,0.5482264402212109,0.26045505989589035,0.33869134437875204,None,2,,,300,0.0,0.0,0.0,0.0,11.226985813802344,,,
S4,Trending_RandomWalkDrift,0.998683240063345,0.9771742902924602,0.0,0.9965038965299354,0.9500342095354135,0.0,None,150,,,300,,,0.0,0.0,0.5597255401905452,,,0.34112772026241156
S1,Composite,0.9866753579994678,0.9748037452034493,0.0,0.999495155692279,0.9990612368774846,0.963237498242645,12,12,12.0,24.0,300,-0.28295699355871884,3.6029879436886355e-05,24.30714128980877,7.735828233187911,0.7418757816024214,,,
S2,Seasonal,0.7482089109962887,0.8312282768722674,0.0,0.9816635140982772,0.9963029099630683,0.9812441390995249,12,12,12.0,24.0,300,0.0,0.0,10.91961991111937,10.025766141152399,0.7226279467518278,,,
S3,Stationary_WN,0.15717594605103824,0.15040869771627507,0.0,0.3968193548662913,0.21155445476191315,0.21619038438662308,None,4,,,300,0.0,0.0,0.0,0.0,10.862038531958486,,,
S4,Trending_ExponentialGrowth,0.9821157615845738,0.30232622470603476,0.0,0.9870675608583694,0.40155572889201974,0.27270176356060927,None,24,,,300,,,0.0,0.0,1.1200584020897795,,,
S1,Composite,0.9786166236812632,0.9602803334280187,0.0,0.9981514383346907,0.9962727770576201,0.9177749372778609,24,25,24.0,48.0,300,-0.1438885824174119,4.50974195792898e-05,11.527261190038818,3.2599878030719998,0.7404807331831007,,,
S2,Seasonal,0.582520232868458,0.9621322947728664,0.0,0.8145460420996087,0.9954563857535949,0.892870307836649,24,25,24.0,48.0,300,0.0,0.0,25.614594404958154,7.758020362722457,1.7021754632719426,,,
S3,Stationary_AR,0.06297302893757362,0.24211049054750444,0.0,0.24491716554700227,0.695633170273176,0.7783343512519579,None,33,,,300,0.0,0.0,0.0,0.0,5.0,0.6584299975641007,,
S4,Trending_RandomWalkDrift,0.9708735682595865,0.5041146685042683,0.0,0.9455716881417084,0.5516117985984839,0.0,None,150,,,300,,,0.0,0.0,0.6743107845981055,,,-0.30756517991391763
S1,Composite,0.9929753087747905,0.936497004039732,0.0,0.9986274521913722,0.986718708666812,0.8074954647849008,48,50,48.0,96.0,300,-0.3940551462979798,4.70653489155107e-05,14.567086459669788,5.456000419718436,1.3323818487812211,,,
S2,Seasonal,0.4847022068087845,0.8432879665357778,0.0,0.7218118442233328,0.977182256119613,0.8720495443758337,48,50,48.0,96.0,300,0.0,0.0,15.402896330830833,8.69027456104726,1.962519532573725,,,
S3,Stationary_AR,0.012955551958108935,0.743924132696721,0.0,0.1384728887150698,0.836734073461745,0.3928628503062551,None,150,,,300,0.0,0.0,0.0,0.0,5.0,0.5412660963728834,,
S4,Trending_MeanShift,0.9997087374149942,0.9988382488780495,0.0,0.9997409378717692,0.9989779576432499,0.11536451680122584,None,150,,,300,,,0.0,0.0,1.3414845957941353,,150.0,
S1,Composite,0.9807381661951774,0.9775222314427449,0.0,0.9985496544249851,0.9982065469342726,0.9277809344614143,24,25,24.0,48.0,300,-0.12732583871223357,-2.5530453693028012e-05,15.100921483897093,3.52969587372783,0.6299273214452412,,,
S2,Seasonal,0.018524091145201926,0.9662483696423467,0.0,0.06680971223571852,0.9898348692264289,0.731436843882841,24,50,24.0,48.0,300,0.0,0.0,11.943072427666365,8.319457341095553,1.461609153388017,,,
S3,Stationary_WN,0.03659056728352561,0.21127798074358628,0.0,0.0519099683394908,0.4613807420134405,0.3967292946326879,None,23,,,300,0.0,0.0,0.0,0.0,11.437125942638152,,,
S4,Trending_MeanShift,0.999991901193627,0.9999676212076534,0.0,0.9999844613200554,0.9999379239181189,0.0,None,150,,,300,,,0.0,0.0,0.565897970355159,,150.0,
S1,Composite,0.9903714827916064,0.9693598943349425,0.0,0.9987551453822547,0.9956602942009989,0.8730305699847591,24,25,24.0,48.0,300,-0.21021660016954452,-3.450393369886044e-05,14.962215106590902,3.8503310880663664,1.0206336039281791,,,
S2,Seasonal,0.6549596019140482,0.9555345460435825,0.0,0.9868545692183223,0.9995583988391977,0.9911606955310652,24,25,24.0,48.0,300,0.0,0.0,28.330112547966554,10.398080272797152,0.5493281598615025,,,
S3,Stationary_WN,0.06904383538273573,0.10065206854897801,0.0,0.4573056982467476,0.1832352348453552,0.39728945967490115,None,3,,,300,0.0,0.0,0.0,0.0,7.782279853028806,,,
S4,Trending_ExponentialGrowth,0.9977191251314191,0.16360933669229283,0.0,0.9986228305583015,0.33175991384068537,0.3874826000655168,None,24,,,300,,,0.0,0.0,0.7946976645649624,,,
S1,Composite,0.9778495849405247,0.9505842886939521,0.0,0.9991143540421751,0.9979746096943807,0.9621973984399959,48,50,48.0,96.0,300,-0.20237605637864214,-1.9001646580054373e-05,16.46402261176571,6.341167470690808,0.6876389911616062,,,
S2,Seasonal,0.6706473815574532,0.9193269573454318,0.0,0.9373801642908048,0.9952495420356404,0.9466812217528634,48,50,48.0,96.0,300,0.0,0.0,12.811060681730481,6.663607478548284,0.9088846396021857,,,
S3,Stationary_WN,0.07775886246005226,0.12079929825583324,0.0,0.5179883328666421,0.19612719372011123,0.3716757824267606,None,2,,,300,0.0,0.0,0.0,0.0,8.71213305621482,,,
S4,Trending_RandomWalkDrift,0.8053174581020862,0.5092687123366637,0.0,0.9612361032068042,0.8566608325584822,0.8407012311173032,None,150,,,300,,,0.0,0.0,0.6912589891035197,,,-0.15167790131544223
S1,Composite,0.965689301977591,0.8708243832037721,0.0,0.9981796553891111,0.9921739518767063,0.9496168250675221,48,50,48.0,96.0,300,0.2694659654713558,-4.100043605618578e-05,16.090821597142885,6.36949494340082,0.8751076844145839,,,
S2,Seasonal,0.6755728491634889,0.8809759286349337,0.0,0.9741785041915886,0.9971087975603787,0.9788362113581615,48,50,48.0,96.0,300,0.0,0.0,15.362865884502366,10.159698844345531,1.0940449361687559,,,
S3,Stationary_WN,0.10736198355611193,0.19063300703569397,0.0,0.2638663106674435,0.2894840148067416,0.41757298009221777,None,5,,,300,0.0,0.0,0.0,0.0,5.670862399621445,,,
S4,Trending_RandomWalkDrift,0.9895962765964478,0.0,0.0,0.9979226557037661,0.5131544512262147,0.8134472711742332,None,24,,,300,,,0.0,0.0,1.1696068934354402,,,-0.2544864352255876
S1,Composite,0.9773788103765689,0.9831221669059567,0.0,0.9977589127600986,0.9981460625622138,0.9036102669361713,24,25,24.0,48.0,300,0.14682672920259782,3.633822649068151e-05,22.934411550217657,3.116970605228061,0.6124520802129892,,,
S2,Seasonal,0.5807390679629882,0.9537935480822817,0.0,0.7613316772977656,0.9923217923960918,0.8529326477962668,24,25,24.0,48.0,300,0.0,0.0,18.303556209029956,6.074440476555154,1.646818054252979,,,
S3,Stationary_WN,0.11464368556432047,0.1075844359920507,0.0,0.4208942876402515,0.16156550287370097,0.32513571609177183,None,3,,,300,0.0,0.0,0.0,0.0,10.432035530071193,,,
S4,Trending_RandomWalkDrift,0.8806679161853079,0.007376426552484272,0.0,0.9897491791330574,0.7570677168243914,0.9378590088211227,None,24,,,300,,,0.0,0.0,0.5790400320075139,,,0.29764542021088297
S1,Composite,0.9945282687409635,0.9604656366998194,0.0,0.9992888217153947,0.9942822915023071,0.87142547463413,24,25,24.0,48.0,300,0.28133032727709145,1.528784779216147e-05,13.010409260336086,3.8933490563971516,0.9836437953266273,,,
S2,Seasonal,0.6350488699953751,0.940527805361154,0.0,0.9128623360600798,0.9959462098190047,0.9407004184729444,24,25,24.0,48.0,300,0.0,0.0,11.69322919060763,4.759149588250994,0.7672070568290155,,,
S3,Stationary_WN,0.10906385636880167,0.004845244847278107,0.0,0.5647419662968327,0.01601220787704616,0.45471664241257337,None,2,,,300,0.0,0.0,0.0,0.0,12.151856958788109,,,
S4,Trending_ExponentialGrowth,0.9953124385700299,0.19454690031826005,0.0,0.9973129040827666,0.40193336062889706,0.4159078229254912,None,24,,,300,,,0.0,0.0,0.9267611271811107,,,
S1,Composite,0.9906438277770722,0.9536948438935478,0.0,0.9991821013535425,0.995301220281126,0.9131649235227722,36,38,36.0,72.0,300,0.30748063942105985,3.796041210849349e-05,17.570960216831445,3.846609308795065,0.7143782732283877,,,
S2,Seasonal,0.47584292626181257,0.9591551393865574,0.0,0.8712185375119117,0.9971653734420767,0.9391746675245678,36,38,36.0,72.0,300,0.0,0.0,24.61027008930262,6.028998328796355,0.8851918324620138,,,
S3,Stationary_AR,0.19486875932151926,0.22377151228831627,0.0,0.23569613168279424,0.38420218709895326,0.47056290702566517,None,12,,,300,0.0,0.0,0.0,0.0,5.0,0.4518102589462079,,
S4,Trending_ExponentialGrowth,0.9918162389723649,0.23777470130765221,0.0,0.9945025348988347,0.36377691555183245,0.318133883337574,None,24,,,300,,,0.0,0.0,1.2362442148764594,,,
S1,Composite,0.989963227360949,0.9451845883617047,0.0,0.9961414487215474,0.9790583045053823,0.6172934636519822,12,12,12.0,24.0,300,-0.20534730004855992,-4.2523312242605855e-05,10.97373737955945,2.372713878489339,1.2573483364884601,,,
S2,Seasonal,0.7175835507435713,0.9585910518424703,0.0,0.8898802441154231,0.9954215205519125,0.8928793569065624,12,12,12.0,24.0,300,0.0,0.0,13.807484424517822,5.420157797652624,0.9480382348637604,,,
S3,Stationary_WN,0.1520310957527885,0.21251209151878458,0.0,0.29600312048190414,0.3194901939090894,0.31334831837441546,None,4,,,300,0.0,0.0,0.0,0.0,5.9030961932501125,,,
S4,Trending_ExponentialGrowth,0.9980709048782616,0.177519748203401,0.0,0.9990833603798644,0.3895620395406483,0.5133160284381275,None,24,,,300,,,0.0,0.0,1.1961968808575874,,,
S1,Composite,0.9941189096092556,0.9579987855553844,0.0,0.9989924870453206,0.9920144373971276,0.8314709387835626,48,50,48.0,96.0,300,-0.3682298435741771,-1.2289967240678143e-05,16.41109262003853,3.8050448955547402,1.322478254753201,,,
S2,Seasonal,0.4299848128008572,0.9581569389090996,0.0,0.9222042592713929,0.9988563529585323,0.9751955600299295,48,50,48.0,96.0,300,0.0,0.0,29.242663766648814,7.591838494466573,0.5934316933489328,,,
S3,Stationary_WN,0.013635234590137824,0.1644009609527065,0.0,0.040792594041629604,0.32452527105469586,0.30343473428678447,None,33,,,300,0.0,0.0,0.0,0.0,11.252242522114665,,,
S4,Trending_RandomWalkDrift,0.954588710895899,0.3192158717326673,0.0,0.9895169460714353,0.6898928152312298,0.7890172464892946,None,24,,,300,,,0.0,0.0,1.2086660349001659,,,0.21429381108895162
S1,Composite,0.9320869335547115,0.9530605935561461,0.0,0.9932391451789833,0.9954285239987816,0.9144411442093261,24,25,24.0,48.0,300,-0.13354127177384414,-2.5430788859896153e-05,21.341937241120945,7.5146239735346505,1.381617215324464,,,
S2,Seasonal,0.35117997523209477,0.9650377314277885,0.0,0.39224337098610496,0.9889533322193605,0.7224926407633945,24,25,24.0,48.0,300,0.0,0.0,22.303957536091474,4.256483165987045,1.9321692869843845,,,
S3,Stationary_WN,0.0759645541659748,0.21635849867694734,0.0,0.15883717834010225,0.3629368686547295,0.35016275927061025,None,9,,,300,0.0,0.0,0.0,0.0,14.784770678145586,,,
S4,Trending_RandomWalkDrift,0.9905212251808455,0.05056334264106521,0.0,0.9988784060732653,0.6665823563879951,0.8845500687492157,None,24,,,300,,,0.0,0.0,1.486291103555395,,,-0.3785845714041235
S1,Composite,0.9941339846413367,0.9732056819369639,0.0,0.9994608651986676,0.9973226119982732,0.9091336800156827,24,25,24.0,48.0,300,-0.3628508453094109,-2.959556344680464e-05,20.797150342322684,5.280943803736271,1.220913422774398,,,
S2,Seasonal,0.6136581783883718,0.8862872062844501,0.0,0.8027752290432277,0.9825969724445739,0.8693209922507708,24,25,24.0,48.0,300,0.0,0.0,10.77151148202568,5.90097031465769,1.4595845091705266,,,
S3,Stationary_AR,0.36274008263004476,0.8710591419057392,0.0,0.0,0.2225282616671974,0.0,None,150,,,300,0.0,0.0,0.0,0.0,5.0,0.6770193051311268,,
S4,Trending_MeanShift,0.9999647335212376,0.9998587953947424,0.0,0.9999650925718013,0.999861030738535,0.012359582000895042,None,150,,,300,,,0.0,0.0,1.0301732269056085,,150.0,
S1,Composite,0.9760720987925735,0.9682341501260663,0.0,0.9987369530922827,0.9984164291815185,0.9512972451190708,12,12,12.0,24.0,300,0.20149290419283933,-2.3924586171389154e-05,21.13876088986337,7.482218568631625,0.951821065669835,,,
S2,Seasonal,0.5946370850171296,0.9493100763400245,0.0,0.6120727603642305,0.9851464738800979,0.7128183690786811,12,12,12.0,24.0,300,0.0,0.0,15.545310123004185,5.248814535395914,1.8119327950848136,,,
S3,Stationary_WN,0.16204837418893803,0.15005418211291044,0.0,0.49064624953015556,0.27134135206238286,0.419720920719615,None,3,,,300,0.0,0.0,0.0,0.0,11.292262953636918,,,
S4,Trending_MeanShift,0.9999784822701546,0.9999141040593322,0.0,0.999752230160884,0.9990610065632126,0.0,None,150,,,300,,,0.0,0.0,1.1220804793107286,,150.0,
S1,Composite,0.9437203686292321,0.9745023913173859,0.0,0.9973900407544892,0.9987496121780901,0.953547299915108,36,38,36.0,72.0,300,0.12647380163117652,-3.154281014745157e-05,23.03393726583233,3.106916660371778,0.5755577018427545,,,
S2,Seasonal,0.624765023597168,0.8703516385367175,0.0,0.9146396210158427,0.9899314058923775,0.9378234998906161,36,38,36.0,72.0,300,0.0,0.0,10.470719881387181,6.5364157723448635,0.839269747059784,,,
S3,Stationary_WN,0.0072895661971743575,0.30886757098875606,0.0,0.04776363731887079,0.409381149221246,0.23580004873199256,None,33,,,300,0.0,0.0,0.0,0.0,12.05747789725676,,,
S4,Trending_RandomWalkDrift,0.9450777852176302,0.0838542288413453,0.0,0.9909210535192462,0.6503930131283775,0.851383377478589,None,24,,,300,,,0.0,0.0,1.0661642494845756,,,-0.3043504334477117
S1,Composite,0.9886891312434256,0.9544483229351534,0.0,0.9987296364686037,0.9944071195735831,0.889742046063337,36,38,36.0,72.0,300,-0.29631121634344193,2.5892505956094128e-05,16.99265906571494,3.4247928975712476,0.7043181309421419,,,
S2,Seasonal,0.563559858888169,0.9520325170073097,0.0,0.9024788295778283,0.996794375281008,0.9428528683645907,36,38,36.0,72.0,300,0.0,0.0,21.451202963977078,6.8869305581659885,1.1340412035854595,,,
S3,Stationary_WN,0.20300345972352762,0.3259699691847603,0.0,0.24328383569469658,0.4082160943963433,0.19084328816282248,None,7,,,300,0.0,0.0,0.0,0.0,11.101081591174747,,,
S4,Trending_RandomWalkDrift,0.9739244882420499,0.524007245438464,0.0,0.997955257561828,0.9435758115238958,0.9176758528169306,None,75,,,300,,,0.0,0.0,1.4364616659542486,,,0.4174444046237039
S1,Composite,0.9937432183428229,0.9632342510658408,0.0,0.9992388692892226,0.9948410663425761,0.8800163741232889,24,25,24.0,48.0,300,-0.3997492837643011,-2.5643727832390696e-05,20.08679021419951,4.84624734876302,1.4376566560537412,,,
S2,Seasonal,0.6556411970188232,0.9188068638910586,0.0,0.9303895659893429,0.9951922343566054,0.9490914492597216,24,25,24.0,48.0,300,0.0,0.0,12.89059423008344,6.445108697960926,0.906948404893291,,,
S3,Stationary_WN,0.0006916622282044926,0.45471670616897775,0.0,3.189592799612839e-05,0.5657037434819332,0.26316815123014836,None,100,,,300,0.0,0.0,0.0,0.0,9.79947911475813,,,
S4,Trending_MeanShift,0.9999891973247809,0.9999566846805307,0.0,0.999975897981072,0.9999034647982931,0.0,None,150,,,300,,,0.0,0.0,0.540053021388825,,150.0,
S1,Composite,0.9553106735945965,0.9586334403196101,0.0,0.9947834738930001,0.9951027974725463,0.8923380758753963,24,25,24.0,48.0,300,-0.14942718785116557,-2.7024816078455007e-05,20.002894939339697,5.837106398942864,1.3332982093115047,,,
S2,Seasonal,0.6207506463998775,0.9447231339039056,0.0,0.8637503834893463,0.9943632814428309,0.9108778422494731,24,25,24.0,48.0,300,0.0,0.0,16.570898269724943,6.125162363731958,1.1752899994716683,,,
S3,Stationary_AR,0.1735985475941877,0.211462105520126,0.0,0.20989719376048788,0.4141464648291514,0.5808223488781394,None,33,,,300,0.0,0.0,0.0,0.0,5.0,0.48264264361747966,,
S4,Trending_MeanShift,0.9998556546069286,0.9994214370000691,0.0,0.9998485632388183,0.9993956135472644,0.0,None,150,,,300,,,0.0,0.0,1.29341904383603,,150.0,
S1,Composite,0.9556874016320768,0.9638822975086173,0.0,0.9934991545605516,0.9945626629363795,0.8655955700352207,24,25,24.0,48.0,300,0.14557820546105593,-2.6444142982101866e-05,19.85631208157576,5.694050995076093,1.4269770646574975,,,
S2,Seasonal,0.6043146037073432,0.9737245948659534,0.0,0.8791264681641995,0.9979091794862356,0.9279457703780104,24,25,24.0,48.0,300,0.0,0.0,22.611898452205978,5.736392208197714,0.9856056129331237,,,
S3,Stationary_WN,0.030850583827077283,0.20283480638280837,0.0,0.08021056668678206,0.37287200550663313,0.40029623811537307,None,27,,,300,0.0,0.0,0.0,0.0,13.576106077858894,,,
S4,Trending_RandomWalkDrift,0.9800272136516334,0.11474080230454742,0.0,0.99696112905466,0.6611195036468327,0.8576209796518132,None,24,,,300,,,0.0,0.0,1.4999627416047048,,,0.3006675855809181
S1,Composite,0.9937965196549985,0.9728229319889686,0.0,0.9986844370079504,0.9938063282300742,0.7869786688594285,36,38,36.0,72.0,300,0.33646475572750656,-2.2705482012487507e-05,19.305256663778792,2.839023774981614,1.188552479715653,,,
S2,Seasonal,0.647273130099742,0.884416327988087,0.0,0.9499206746873147,0.9945792061229265,0.9618684103101667,36,38,36.0,72.0,300,0.0,0.0,18.491266925115397,11.199443809083542,1.176977425205283,,,
S3,Stationary_AR,0.42786510597535554,0.2609198575902405,0.0,0.49006757927470423,0.40891912458726876,0.42650862380843735,None,5,,,300,0.0,0.0,0.0,0.0,5.0,0.4789733768236338,,
S4,Trending_ExponentialGrowth,0.9981240547646254,0.24042064682395692,0.0,0.9988715117050015,0.3587173530857726,0.39274703313103065,None,24,,,300,,,0.0,0.0,0.7601395471103255,,,
S1,Composite,0.9898565468460031,0.9866142727695721,0.0,0.9978761128531074,0.9972491764853947,0.7951089719464163,12,12,12.0,24.0,300,-0.1809708166170897,-1.0859248645704175e-05,19.465190473758547,3.7912907022092375,1.042110128717777,,,
S2,Seasonal,0.7356701728759049,0.9095374999635099,0.0,0.935963220713249,0.9934739723235148,0.9328009545577989,12,12,12.0,24.0,300,0.0,0.0,19.491108797359267,11.99483804094123,1.6134356544817006,,,
S3,Stationary_AR,0.21533190356513132,0.34567951930624374,0.0,0.3749092625026278,0.5983681542710425,0.6713032519323503,None,15,,,300,0.0,0.0,0.0,0.0,5.0,0.6101473053416937,,
S4,Trending_RandomWalkDrift,0.9851066580880894,0.7235692886681393,0.0,0.9149868552824018,0.0,0.0,None,150,,,300,,,0.0,0.0,1.2137683827959354,,,0.4533393319769292
S1,Composite,0.997545842631981,0.9371963028412885,0.0,0.9995674157363852,0.9870793901772466,0.8241686795292884,24,25,24.0,48.0,300,0.3929188885602959,-3.578262564227152e-05,9.085288624936904,3.39334493758079,0.9435467342019122,,,
S2,Seasonal,0.028938051786707608,0.965862113717911,0.0,0.12855435016547945,0.9868683966892005,0.6547006315025559,24,50,24.0,48.0,300,0.0,0.0,11.03985111252294,9.85552556932656,1.6394922599489157,,,
S3,Stationary_WN,0.0729784849332541,0.3649814999190726,0.0,0.07630399006952893,0.44294221887506746,0.2493308257473701,None,18,,,300,0.0,0.0,0.0,0.0,14.896720899728898,,,
S4,Trending_RandomWalkDrift,0.9938548065551935,0.09384807088394875,0.0,0.999114276086221,0.5997162417725586,0.8581027647794767,None,24,,,300,,,0.0,0.0,0.7962742139177003,,,-0.30723329248868536
S1,Composite,0.9834585094479025,0.9389457976714971,0.0,0.9986284707607028,0.9944476761431577,0.9199571500581061,24,25,24.0,48.0,300,0.23665248690732907,-4.3998505904258415e-05,14.267938226164684,5.971488523052378,0.9961167500052275,,,
S2,Seasonal,0.5909002664425348,0.9722882490525192,0.0,0.835963922071938,0.9969020073774645,0.89856246665517,24,25,24.0,48.0,300,0.0,0.0,29.309157360562512,7.4016001993597405,1.6146159006651102,,,
S3,Stationary_AR,0.19700255857769156,0.3348516196282394,0.0,0.38094957367701854,0.5497689259037344,0.6312584475393488,None,23,,,300,0.0,0.0,0.0,0.0,5.0,0.654025784878312,,
S4,Trending_RandomWalkDrift,0.9767125373066419,0.19815971716706327,0.0,0.9981348333751899,0.7987656655979601,0.9217641320830371,None,24,,,300,,,0.0,0.0,1.4098572566278897,,,-0.16967038152569072
S1,Composite,0.9844730450482829,0.8766888259767248,0.0,0.9980733365766268,0.9834698500392853,0.8819250958833937,12,12,12.0,24.0,300,0.25765639108535515,-1.2046668534683307e-05,10.352354554952477,7.401381313710711,1.4043347530176429,,,
S2,Seasonal,0.5507805468158438,0.9399327147304648,0.0,0.5243187794712867,0.9772496643390182,0.6264513514247161,12,12,12.0,24.0,300,0.0,0.0,12.22018095138445,4.002917853640063,1.8332069349527629,,,
S3,Stationary_AR,0.3557625978200084,0.3145979389208817,0.0,0.5894747062099835,0.4836601504642528,0.58383237293183,None,10,,,300,0.0,0.0,0.0,0.0,5.0,0.5772186004642855,,
S4,Trending_MeanShift,0.9999569239436482,0.9998277754889474,0.0,0.9998494864024774,0.999408582259897,0.0,None,150,,,300,,,0.0,0.0,0.8574663177145679,,150.0,
S1,Composite,0.9926358470703641,0.9229512831252703,0.0,0.9994215538930675,0.9931146747816122,0.9227536836598732,24,25,24.0,48.0,300,0.3546852757140375,2.502819548019892e-05,13.392843401739206,6.2514085164932265,1.1160465589036663,,,
S2,Seasonal,0.6224821686326341,0.9437304525210642,0.0,0.8714458224325957,0.9946349699474905,0.9161629410504973,24,25,24.0,48.0,300,0.0,0.0,23.492886999478195,9.038990687198925,1.8438789113629384,,,
S3,Stationary_WN,0.07523399199309533,0.24831800973148377,0.0,0.294758128644784,0.3249010399632001,0.3292140600165462,None,7,,,300,0.0,0.0,0.0,0.0,13.017875863779478,,,
S4,Trending_MeanShift,0.9999487566470789,0.9997947217585309,0.0,0.9998113470111282,0.9992711591907784,0.0,None,150,,,300,,,0.0,0.0,0.7679728781571884,,150.0,
S1,Composite,0.95235813143446,0.9807680006453849,0.0,0.998001336242577,0.9991286674831403,0.9604827563705899,24,25,24.0,48.0,300,-0.1288784204414773,3.013735911012224e-05,23.291701611841873,3.6647616116679553,0.5133507620742833,,,
S2,Seasonal,0.6151716418743352,0.9776193924047316,0.0,0.9344607668042172,0.9990479334708208,0.9611120359705677,24,25,24.0,48.0,300,0.0,0.0,19.68639759235939,4.709777364335268,0.5510601277554814,,,
S3,Stationary_WN,0.1227071811124133,0.3066339563027388,0.0,0.22586556651552891,0.3651588984768035,0.3233146122391658,None,13,,,300,0.0,0.0,0.0,0.0,7.444838905095726,,,
S4,Trending_RandomWalkDrift,0.9776530486346515,0.21040347610962695,0.0,0.9970177967246472,0.7277246129830472,0.8721978884693693,None,24,,,300,,,0.0,0.0,0.5410531965669941,,,-0.11100175746247683
S1,Composite,0.9777532018729822,0.9666277174135501,0.0,0.9984667101105364,0.9978268197318628,0.9361964348019529,12,12,12.0,24.0,300,0.1992212011552892,2.6858138572780325e-05,21.124408743077467,7.634290605938453,1.1144144801462463,,,
S2,Seasonal,0.7429365485965064,0.9638925930894044,0.0,0.9624944903835138,0.9985631063915855,0.9611667685433558,12,12,12.0,24.0,300,0.0,0.0,29.941329948559662,11.482074094275802,1.2766165191849168,,,
S3,Stationary_WN,0.12606598625163312,0.14390857160706827,0.0,0.3896098740599089,0.19708975882183188,0.3151512281401798,None,4,,,300,0.0,0.0,0.0,0.0,9.409416312006623,,,
S4,Trending_ExponentialGrowth,0.988680865740949,0.171430942551832,0.0,0.9921287100030445,0.30636645361604575,0.2835608553516308,None,24,,,300,,,0.0,0.0,1.2087724892784932,,,
S1,Composite,0.9933245328782262,0.938168939500964,0.0,0.9991639860903632,0.9914875013574791,0.8757154690077052,48,50,48.0,96.0,300,0.3775478470321648,4.618098801543145e-05,15.041029842433048,5.454522692799475,1.4051730430740554,,,
S2,Seasonal,0.19828598141581355,0.951537264285204,0.0,0.6464081380141224,0.9960756262566258,0.9313714606856924,48,50,48.0,96.0,300,0.0,0.0,24.163215686335334,5.247320530108393,0.9919695944384662,,,
S3,Stationary_WN,0.09533978256928244,0.26663434738208225,0.0,0.2177888259203541,0.3808600814327904,0.28415464853742955,None,14,,,300,0.0,0.0,0.0,0.0,8.962262931249864,,,
S4,Trending_ExponentialGrowth,0.9841457410779679,0.28848099402423955,0.0,0.9901471515947452,0.42489466576978163,0.3671265048051945,None,24,,,300,,,0.0,0.0,1.2483495764294452,,,
S1,Composite,0.9499149275873336,0.9490232653296752,0.0,0.9977805643073968,0.9977396516504328,0.9605636030085748,24,25,24.0,48.0,300,0.10998884192174711,3.82111491854335e-05,15.900093691398377,6.22820208199056,0.9218991779143735,,,
S2,Seasonal,0.62811996901878,0.9427797274259123,0.0,0.87782258766204,0.9946626843345706,0.9170277187195386,24,25,24.0,48.0,300,0.0,0.0,13.54558368693225,5.505026241431729,1.253220908276972,,,
S3,Stationary_WN,0.10589926799208182,0.15947564328814812,0.0,0.5327335849378763,0.2349385379297223,0.330985713965783,None,2,,,300,0.0,0.0,0.0,0.0,5.433592525575406,,,
S4,Trending_MeanShift,0.9998445802372095,0.9993730817008823,0.0,0.9997857755040641,0.9991236229009572,0.0,None,150,,,300,,,0.0,0.0,1.3125853026904784,,150.0,
S1,Composite,0.9645908270656397,0.9706931946175849,0.0,0.9986941256550511,0.9987445689379758,0.9635804625632602,48,50,48.0,96.0,300,0.17216281685254708,2.276212260525802e-05,24.843022849407237,3.3941416660315245,0.7107983155751112,,,
S2,Seasonal,0.5435813874330162,0.9408589310725078,0.0,0.8823458121487848,0.9960907247447877,0.9395304406941962,48,50,48.0,96.0,300,0.0,0.0,24.609670452674283,8.710621971389099,1.2013086477439952,,,
S3,Stationary_AR,0.16333412261163105,0.2904755462810854,0.0,0.3913344926372869,0.617993760741842,0.6699394384357851,None,21,,,300,0.0,0.0,0.0,0.0,5.0,0.693904333124989,,
S4,Trending_ExponentialGrowth,0.9905627805507857,0.2308718840988354,0.0,0.9949437698859539,0.42205699401786134,0.45633893180478713,None,24,,,300,,,0.0,0.0,1.205819974694328,,,
S1,Composite,0.9859086340372197,0.9708244262293855,0.0,0.9993018514587155,0.9984651957226773,0.9513362946923221,48,50,48.0,96.0,300,0.23249381737468156,3.843686900553009e-05,21.33885926745316,5.40412273509606,0.6720829566724028,,,
S2,Seasonal,0.5831384832792689,0.9134052120920404,0.0,0.9142457917004798,0.9952497602855851,0.9497583776353504,48,50,48.0,96.0,300,0.0,0.0,17.72955253278273,8.26828505236267,0.9790398134058197,,,
S3,Stationary_WN,0.1238722669932879,0.09506547149644706,0.0,0.3789589703074503,0.15669881612089642,0.3013023170206469,None,3,,,300,0.0,0.0,0.0,0.0,14.301701947931601,,,
S4,Trending_MeanShift,0.9999813442793384,0.9999251770140062,0.0,0.9999754863354839,0.9999012734514858,0.0,None,150,,,300,,,0.0,0.0,0.7274736311524015,,150.0,
S1,Composite,0.9966234680933094,0.9335034179380567,0.0,0.999180560149449,0.98364873878829,0.7559567948406358,12,12,12.0,24.0,300,-0.37607924487054134,1.0566995938803003e-05,10.086234635553275,3.9620220919751388,1.2430794857013403,,,
S2,Seasonal,0.7213681183133637,0.9707215081691963,0.0,0.9208359701489662,0.9977670866680309,0.9247754054771299,12,12,12.0,24.0,300,0.0,0.0,23.202311212800353,7.366018267916566,1.2270277208804041,,,
S3,Stationary_AR,0.36405676618884497,0.3165179043543003,0.0,0.31197454634495847,0.3978030965439321,0.37931672236131386,None,8,,,300,0.0,0.0,0.0,0.0,5.0,0.4987848497822926,,
S4,Trending_MeanShift,0.9999759933146897,0.9999041178733841,0.0,0.9997317032776453,0.9989572805786773,0.0,None,150,,,300,,,0.0,0.0,0.5378463535667886,,150.0,
S1,Composite,0.9974878140585887,0.9671094358706135,0.0,0.9990026990786262,0.9867305776640325,0.604432207857535,12,12,12.0,24.0,300,-0.3181484048651295,2.0896002885494396e-05,10.194752000923497,2.399642420632124,1.1637686284411408,,,
S2,Seasonal,0.7039509660676218,0.9843856085918266,0.0,0.8589788262893232,0.9979414727309176,0.8691246966150777,12,12,12.0,24.0,300,0.0,0.0,27.7836963231903,6.231446758349947,1.4195268345182912,,,
S3,Stationary_WN,0.08814219798689638,0.04989111475596297,0.0,0.40159148448773463,0.11408633108094657,0.30837316737956344,None,4,,,300,0.0,0.0,0.0,0.0,11.425476584145393,,,
S4,Trending_MeanShift,0.9999831311932994,0.9999324913575031,0.0,0.9999817523726001,0.999927180314131,0.0,None,150,,,300,,,0.0,0.0,0.6308567810204363,,150.0,
S1,Composite,0.9696168083196437,0.9295411115579814,0.0,0.9957731793448975,0.9896063975341439,0.8655311583006515,48,50,48.0,96.0,300,-0.2956203574699391,-1.8971864570541876e-05,23.10654711923842,6.595643469972505,1.3755259457741742,,,
S2,Seasonal,0.682794053753617,0.8953515782714748,0.0,0.9573680890050795,0.9954565296847457,0.9619478488775199,48,50,48.0,96.0,300,0.0,0.0,14.96525726038006,9.287272955430321,1.0207616627393294,,,
S3,Stationary_AR,0.1637012668710346,0.21350919947291824,0.0,0.21510104497421423,0.34404692115464397,0.40670152028003437,None,11,,,300,0.0,0.0,0.0,0.0,5.0,0.40408710206607523,,
S4,Trending_RandomWalkDrift,0.9736194967093489,0.023753651241843032,0.0,0.9962729291837783,0.56397422121013,0.8665321577166079,None,24,,,300,,,0.0,0.0,0.9782884549409813,,,0.28848189475018243
S1,Composite,0.9500346836899662,0.9761532354137608,0.0,0.9960737625868248,0.9983193652104908,0.9305797708285053,12,12,12.0,24.0,300,-0.11424676307420503,-2.1314961854039202e-05,22.987581801428117,6.992945431620453,1.047564338171136,,,
S2,Seasonal,0.6723904753491545,0.9869286337018506,0.0,0.7455345890852698,0.996738054541513,0.7530452961757075,12,12,12.0,24.0,300,0.0,0.0,25.192224260898904,4.779567792937463,1.420398131563582,,,
S3,Stationary_WN,0.0773446102930122,0.21291876720217384,0.0,0.2615763543936538,0.3532899634001052,0.31381557192744525,None,5,,,300,0.0,0.0,0.0,0.0,12.787930367435283,,,
S4,Trending_RandomWalkDrift,0.9972016963108599,0.17514354060372306,0.0,0.9995005279672599,0.6123640063615863,0.8218089584631543,None,24,,,300,,,0.0,0.0,1.116656341946459,,,0.42270609750466226
S1,Composite,0.9932767277947696,0.9870031406733507,0.0,0.9978284479072218,0.9955245166724018,0.6772947448645775,48,50,48.0,96.0,300,0.2834498513371001,-3.61978120307894e-05,24.089480852720484,2.173816464622792,1.4071061148911388,,,
S2,Seasonal,0.5871858166121341,0.9451583345026823,0.0,0.8297606185310562,0.9927795133350509,0.8802321431778822,48,50,48.0,96.0,300,0.0,0.0,14.615629343501348,5.351204458615208,1.4486008235173617,,,
S3,Stationary_AR,0.016208038636587596,0.641168207351817,0.0,0.002276335253251216,0.020565520746527177,0.0,None,100,,,300,0.0,0.0,0.0,0.0,5.0,0.6333263048581314,,
S4,Trending_RandomWalkDrift,0.857584390326126,0.06336349086443638,0.0,0.9847016188915297,0.7836916242779881,0.9150631325260175,None,24,,,300,,,0.0,0.0,0.6418440679828513,,,0.14958916553644414
S1,Composite,0.9925031989618956,0.939381642915479,0.0,0.9996748493568204,0.9970465486930048,0.9573018924082836,24,25,24.0,48.0,300,-0.2878005441820597,4.0529625412190214e-05,11.408522974921999,4.957086796564201,0.5769002174631462,,,
S2,Seasonal,0.6116292589317953,0.9658686963434544,0.0,0.9014339503378721,0.997710405279337,0.9398605701442965,24,25,24.0,48.0,300,0.0,0.0,25.522788530636255,7.532034763595272,1.2481885855017563,,,
S3,Stationary_AR,0.07663918543130777,0.3629651105107252,0.0,0.09500650193177596,0.68232954393848,0.6014770865867103,None,75,,,300,0.0,0.0,0.0,0.0,5.0,0.5929876763204625,,
S4,Trending_ExponentialGrowth,0.9948745507311454,0.2750635731059796,0.0,0.9965856696261362,0.35789456563334765,0.31902530750129965,None,24,,,300,,,0.0,0.0,1.2231658089763817,,,
S1,Composite,0.9679873169690811,0.8756484073059799,0.0,0.9961344702981217,0.984985784287744,0.8901488795625806,12,12,12.0,24.0,300,0.15630486597915708,3.1648879651751036e-05,10.037836642726948,6.907584531630819,1.3150436387424644,,,
S2,Seasonal,0.7490957860433787,0.9784022419443809,0.0,0.9783116052261779,0.9994960878867621,0.9769917226899135,12,12,12.0,24.0,300,0.0,0.0,27.8627501768609,8.323086498995108,0.6117314145904476,,,
S3,Stationary_AR,0.19297710870738083,0.6277454017812245,0.0,0.11958570045985006,0.03069588575656723,0.0,None,100,,,300,0.0,0.0,0.0,0.0,5.0,0.6971861250634297,,
S4,Trending_ExponentialGrowth,0.9987176075412002,0.11999370412240329,0.0,0.9995254966322593,0.5486617523372206,0.6205978525362827,None,24,,,300,,,0.0,0.0,0.8329725435826728,,,
S1,Composite,0.9815380429159212,0.9887564840383296,0.0,0.9988328705079783,0.9993267267901209,0.9405632860446322,12,12,12.0,24.0,300,0.10547162154286209,3.7848456414768746e-05,18.756728698930544,3.8870576346673777,0.5101263299589672,,,
S2,Seasonal,0.7395321358915394,0.9882217005203145,0.0,0.949451688750017,0.99938766048617,0.948262219668657,12,12,12.0,24.0,300,0.0,0.0,20.022294713144756,4.208614090127254,0.542281884380288,,,
S3,Stationary_AR,0.3578307777688515,0.23771599211003336,0.0,0.4927116754741444,0.373983600502412,0.5707131985064556,None,9,,,300,0.0,0.0,0.0,0.0,5.0,0.5633976726889377,,
S4,Trending_MeanShift,0.9999027913740562,0.9996072852088254,0.0,0.9999310843382853,0.9997192674261778,0.2896586928835313,None,150,,,300,,,0.0,0.0,0.8623662102130423,,150.0,
S1,Composite,0.9423683903627096,0.9576886802296914,0.0,0.9959832936703257,0.9968081045019479,0.936772043623373,36,38,36.0,72.0,300,0.15834144508843187,-3.7794990748959514e-05,22.838349714820183,5.69363800558468,0.9759924539167685,,,
S2,Seasonal,0.5487561463224113,0.9101385685566888,0.0,0.790556230783466,0.9859750963996022,0.8720963195666562,36,38,36.0,72.0,300,0.0,0.0,16.927925160355894,7.438980089617063,1.8181559329120784,,,
S3,Stationary_AR,0.0003909945782887281,0.7497619562685465,0.0,0.0,0.8419458071089614,0.3319993781403676,None,150,,,300,0.0,0.0,0.0,0.0,5.0,0.5455423868935774,,
S4,Trending_MeanShift,0.9998901891210414,0.9995581707636514,0.0,0.9994361568414638,0.9978062025090673,0.0,None,150,,,300,,,0.0,0.0,1.2054618399151287,,150.0,
S1,Composite,0.9755044615186206,0.9713596666943841,0.0,0.9991025106455367,0.998939670782157,0.9650662638576275,48,50,48.0,96.0,300,0.18652537050290885,-2.4673483633307843e-05,21.52518561854638,6.41462676992456,0.6583313792489852,,,
S2,Seasonal,0.43582096748455923,0.8675346572347833,0.0,0.5276298504579885,0.9622800146935039,0.7341163247967973,48,50,48.0,96.0,300,0.0,0.0,10.987702035131822,4.748009373295662,1.8771563011384103,,,
S3,Stationary_WN,0.05258973301922665,0.2414250093425182,0.0,0.22018787982316534,0.30721234763759253,0.24884282071597474,None,8,,,300,0.0,0.0,0.0,0.0,6.624965467919013,,,
S4,Trending_RandomWalkDrift,0.9942244514861724,0.2946151143591692,0.0,0.9987331698567614,0.7380571579847115,0.78226952165611,None,24,,,300,,,0.0,0.0,1.4643012014477992,,,0.38102230353347033
S1,Composite,0.9075107259467464,0.9490671046941693,0.0,0.9886551508415921,0.9944040718773509,0.8982299235529616,48,50,48.0,96.0,300,0.10069203335975391,1.012793702832338e-05,20.228827449864532,6.820701350546411,1.299235698443945,,,
S2,Seasonal,0.6185806425789608,0.9689355047833788,0.0,0.9055733697838081,0.9977184857783985,0.9321088115918108,48,50,48.0,96.0,300,0.0,0.0,14.851227310907436,4.209949618796444,0.6893143960507759,,,
S3,Stationary_AR,0.11727807346026098,0.35033822140109694,0.0,0.10888424603139846,0.5863045107804573,0.590586127670999,None,27,,,300,0.0,0.0,0.0,0.0,5.0,0.5773866558728704,,
S4,Trending_MeanShift,0.9998958415513935,0.999584036264659,0.0,0.9998967238428109,0.99958880289686,0.006354962554832033,None,150,,,300,,,0.0,0.0,1.2832358879064651,,150.0,
S1,Composite,0.996922346923854,0.9753370086343275,0.0,0.998889233127247,0.9904787453422594,0.6434822051818454,48,50,48.0,96.0,300,-0.3702515982111553,-1.4983985548897008e-05,15.599312601780454,2.245656717387546,1.4307573452361915,,,
S2,Seasonal,0.43169015933914245,0.8690178754720099,0.0,0.7112972444372667,0.9797650466198456,0.8708115270670966,48,50,48.0,96.0,300,0.0,0.0,15.76562216098476,7.3083208685392895,1.7555284345008146,,,
S3,Stationary_WN,0.0681604260319647,0.13959434279548844,0.0,0.5827688553186339,0.19149252391721583,0.35722265487276483,None,2,,,300,0.0,0.0,0.0,0.0,6.316058040460963,,,
S4,Trending_MeanShift,0.9999382509435379,0.9997527663569418,0.0,0.9999534729178935,0.9998143984329304,0.24711776140268615,None,150,,,300,,,0.0,0.0,1.2081948440634753,,150.0,
S1,Composite,0.9645827759689605,0.9081464614590915,0.0,0.9946531884058031,0.9841310817043406,0.8602430873298432,36,38,36.0,72.0,300,-0.17103233392964912,-1.6711877381345162e-05,12.692862409038518,5.673602289553203,1.4616828650861229,,,
S2,Seasonal,0.6346401774790169,0.9113970699679752,0.0,0.9404835199022545,0.9952059630649661,0.9554820957051673,36,38,36.0,72.0,300,0.0,0.0,18.69284541268546,9.219512016945957,1.088571683986197,,,
S3,Stationary_AR,0.07155150154078771,0.26373322326293536,0.0,0.19847596621167718,0.6114395073393661,0.6722631226799924,None,38,,,300,0.0,0.0,0.0,0.0,5.0,0.5442253517581472,,
S4,Trending_ExponentialGrowth,0.9983158121905641,0.32047581407072623,0.0,0.9989843111594008,0.4563582087707371,0.3871827755808569,None,24,,,300,,,0.0,0.0,1.2407682624986367,,,
S1,Composite,0.9802984313084464,0.9246638814512567,0.0,0.997259684938291,0.9889247054015302,0.8646723925340285,48,50,48.0,96.0,300,-0.23400162221672371,-1.7466596648485415e-05,14.076755361719693,4.917696041034412,1.157314587914223,,,
S2,Seasonal,0.529645797373884,0.9071375145131176,0.0,0.8965266023710413,0.9953222146256174,0.9531156635617787,48,50,48.0,96.0,300,0.0,0.0,13.919606503600509,6.358711019969327,0.6933916382656988,,,
S3,Stationary_AR,0.031070731666158147,0.24519434045354938,0.0,0.020875589842128894,0.6125685961052048,0.7251874482546947,None,43,,,300,0.0,0.0,0.0,0.0,5.0,0.5216487879905117,,
S4,Trending_MeanShift,0.999960294558307,0.9998411120014098,0.0,0.9999647651240356,0.9998588896470975,0.11138712000199158,None,150,,,300,,,0.0,0.0,1.102699807632252,,150.0,
S1,Composite,0.9819897891643966,0.9547035373433641,0.0,0.9972839473607295,0.9928678007104471,0.8529667489295996,48,50,48.0,96.0,300,0.22744881834558933,2.3409523733329965e-05,18.488316384457224,5.011157446297355,1.276231594102502,,,
S2,Seasonal,0.3342547368471728,0.9553128585467212,0.0,0.5839044653045002,0.9929969917618013,0.8617096631203824,48,50,48.0,96.0,300,0.0,0.0,28.125827943549794,6.856547177532768,1.6970789834809832,,,
S3,Stationary_WN,0.12707216621624662,0.144852198359387,0.0,0.44084336682880576,0.20898913336970582,0.28245286971425376,None,3,,,300,0.0,0.0,0.0,0.0,6.40586761789801,,,
S4,Trending_ExponentialGrowth,0.9896606915055883,0.22160249421331046,0.0,0.992832149719366,0.34175676637389585,0.29836042523391115,None,24,,,300,,,0.0,0.0,1.0024297505601463,,,
S1,Composite,0.9651038022935555,0.9020242404296905,0.0,0.9992573136822349,0.9976648378102657,0.980387502794669,36,38,36.0,72.0,300,-0.18860775132474772,-2.8315307617512005e-05,13.755170196343915,7.617696558506536,0.5673529017486215,,,
S2,Seasonal,0.63254226925093,0.9440059626776159,0.0,0.9715529486442579,0.9986409650931198,0.9790359254799028,36,38,36.0,72.0,300,0.0,0.0,25.055967606673768,9.764309021158105,0.9025918859109996,,,
S3,Stationary_WN,0.16153350276714695,0.03267995467756346,0.0,0.6230278790679944,0.06093628456956213,0.34377597664090753,None,2,,,300,0.0,0.0,0.0,0.0,14.58669795130167,,,
S4,Trending_MeanShift,0.9998533756542531,0.99941510362718,0.0,0.9998732508474533,0.9994910539990709,0.1336938887494128,None,150,,,300,,,0.0,0.0,1.157321339556853,,150.0,
S1,Composite,0.9748436490371342,0.9826569547875817,0.0,0.9968753648982652,0.997707759910012,0.8785791036013806,48,50,48.0,96.0,300,0.1202147666628724,1.1835812045781686e-05,18.985803138230118,3.0041078090964355,0.7803221585493922,,,
S2,Seasonal,0.6420988682666287,0.9468893727868712,0.0,0.9639037789039031,0.9984835302424839,0.9740053383964985,48,50,48.0,96.0,300,0.0,0.0,23.962591496296323,9.425227825550785,0.9122419234760664,,,
S3,Stationary_AR,0.03635810998963784,0.5252637563241942,0.0,0.07582142134561365,0.7652097198497786,0.5638668434114977,None,100,,,300,0.0,0.0,0.0,0.0,5.0,0.6174168104267099,,
S4,Trending_MeanShift,0.9999551488376873,0.9998200304647455,0.0,0.9999704147159251,0.9998810496309389,0.33959090417460036,None,150,,,300,,,0.0,0.0,1.0021705463064206,,150.0,
S1,Composite,0.9902358597882884,0.9181303579942921,0.0,0.9994761775047564,0.9952752848971749,0.947299324012455,48,50,48.0,96.0,300,0.2685859141458319,-4.4615486974820365e-05,10.526931789438734,5.183394342614024,0.6959190073967373,,,
S2,Seasonal,0.6948186321536756,0.8366343468381205,0.0,0.9904235280936047,0.9982843932366509,0.9913466099488942,48,50,48.0,96.0,300,0.0,0.0,12.006681514123782,9.82122418441594,0.5493012117329763,,,
S3,Stationary_AR,0.08776982356646545,0.3181244151281817,0.0,0.20420015986186857,0.6325015196266045,0.6978638450007226,None,50,,,300,0.0,0.0,0.0,0.0,5.0,0.6999908096501279,,
S4,Trending_RandomWalkDrift,0.9916349471092682,0.27291255196139874,0.0,0.9981057694811439,0.7297695594096523,0.7784249545561472,None,50,,,300,,,0.0,0.0,1.1401822474077197,,,0.4853848811782264
S1,Composite,0.996512994373293,0.9591268295573231,0.0,0.9986599230328497,0.9844072602446867,0.6185012402399197,12,12,12.0,24.0,300,0.32941301742106044,-1.8231362079878435e-05,11.420853807845273,3.0116538204800793,1.4374499768819,,,
S2,Seasonal,0.7300919082773851,0.817913407516562,0.0,0.9250760204833981,0.9845418105332354,0.9271840406493952,12,12,12.0,24.0,300,0.0,0.0,11.668376030546554,10.695560622729769,1.4995516419690598,,,
S3,Stationary_WN,0.018480625337042422,0.47567380527493386,0.0,0.008971448284909034,0.5718356263401194,0.3568621219082493,None,50,,,300,0.0,0.0,0.0,0.0,11.133564321801742,,,
S4,Trending_ExponentialGrowth,0.9974514177101732,0.26190696551688586,0.0,0.9983275797189429,0.3823825371571976,0.3349684094955353,None,24,,,300,,,0.0,0.0,0.5713851111605329,,,
S1,Composite,0.9938057349941214,0.9537374976834592,0.0,0.9983365825838632,0.9868274073523225,0.7332010427330456,48,50,48.0,96.0,300,-0.29720343663334065,-3.504957793903606e-05,13.304116851216813,3.255319255623962,1.2853433373886793,,,
S2,Seasonal,0.23581198473590892,0.8534279779179412,0.0,0.4736616835742461,0.9791697246683213,0.8809645312612723,48,50,48.0,96.0,300,0.0,0.0,22.821098072520208,9.22057326286356,1.755157471268751,,,
S3,Stationary_AR,0.07807362144088681,0.23516313954200618,0.0,0.16403245428388546,0.47343692190819064,0.5617419609338641,None,27,,,300,0.0,0.0,0.0,0.0,5.0,0.479519439416579,,
S4,Trending_ExponentialGrowth,0.9965174041540225,0.05436156904160694,0.0,0.9978047849061445,0.2686621672629542,0.3632468866548295,None,24,,,300,,,0.0,0.0,1.2185517821699205,,,
S1,Composite,0.9767036583631958,0.9507506442358116,0.0,0.9984226026295069,0.996215634312859,0.9341050826946405,48,50,48.0,96.0,300,0.2449863841021317,-1.6139302474566894e-05,20.509762521074457,3.9579826937714815,1.0326402309467835,,,
S2,Seasonal,0.39108703497410124,0.9334338899041252,0.0,0.8219733590160304,0.9962235957795627,0.9486509132902539,48,50,48.0,96.0,300,0.0,0.0,21.45522213070614,6.833600577800329,0.9180485409107431,,,
S3,Stationary_WN,0.18848373797310292,0.22132117537574192,0.0,0.36256917836648317,0.3175857044293967,0.3220193329133967,None,4,,,300,0.0,0.0,0.0,0.0,10.742250341780599,,,
S4,Trending_RandomWalkDrift,0.9930264067543585,0.7962589721853126,0.0,0.9972243509080888,0.905082086478524,0.5935783064012651,None,150,,,300,,,0.0,0.0,1.1987899838895524,,,0.4601081108351618
S1,Composite,0.9943774190663152,0.9664632993420523,0.0,0.9994267539753509,0.9960877053626468,0.8984998638975735,36,38,36.0,72.0,300,0.34743326673616826,1.0076673667975653e-05,17.635841127740022,2.965412003450397,0.7507888344080426,,,
S2,Seasonal,0.6241762998597679,0.9519670569013384,0.0,0.9664936758588771,0.9986753776935603,0.9759611946091216,36,38,36.0,72.0,300,0.0,0.0,22.147280553460092,7.748100181643579,0.5426411524526991,,,
S3,Stationary_WN,0.08728136504785577,0.15407804153780558,0.0,0.2220969108721963,0.2110984892408443,0.21214616024754318,None,7,,,300,0.0,0.0,0.0,0.0,9.634298388004359,,,
S4,Trending_RandomWalkDrift,0.9861967466905972,0.6745145883065038,0.0,0.9991539298174767,0.9822070925057717,0.9412315894352745,None,75,,,300,,,0.0,0.0,0.6164082770235588,,,-0.34724399875625434
S1,Composite,0.9838317852938294,0.8567272744790061,0.0,0.9982907293002715,0.9833385785245734,0.8976615362968285,48,50,48.0,96.0,300,0.229828984056767,-2.6655652514244563e-05,8.597048969623406,5.858096497061025,1.284931653317698,,,
S2,Seasonal,0.3396453828841841,0.9558442122554434,0.0,0.4444534105272647,0.9885259524574201,0.7660454174852733,48,50,48.0,96.0,300,0.0,0.0,26.327953367055684,6.081145336690269,1.8567389532701297,,,
S3,Stationary_AR,0.0373962545188703,0.7113510834821093,0.0,0.2143205516012443,0.8160992334800309,0.335296159260399,None,150,,,300,0.0,0.0,0.0,0.0,5.0,0.6163669187255336,,
S4,Trending_MeanShift,0.9998985097112465,0.9995936399667315,0.0,0.9997735555040008,0.9991048877410558,0.0,None,150,,,300,,,0.0,0.0,1.2993696702673458,,150.0,
S1,Composite,0.9779953064739653,0.9586587050286752,0.0,0.9972240710156862,0.9941417506891025,0.8767686697622137,36,38,36.0,72.0,300,-0.25272234334330546,-3.758313385873338e-05,22.989087140292806,5.705655364364006,1.134158671099306,,,
S2,Seasonal,0.5891152849923178,0.9549629151938235,0.0,0.9403151673017466,0.9980027896295373,0.9617482564685392,36,38,36.0,72.0,300,0.0,0.0,12.731809994880173,4.017213649838828,0.5027450253195662,,,
S3,Stationary_AR,0.02941887495145079,0.35880540003725814,0.0,0.11286049651460806,0.678772523172554,0.6767192045841413,None,50,,,300,0.0,0.0,0.0,0.0,5.0,0.6108421043426777,,
S4,Trending_ExponentialGrowth,0.9969548899308005,0.21621094906285154,0.0,0.9982721704942354,0.46377082597470587,0.42127653965209877,None,24,,,300,,,0.0,0.0,0.839902578571225,,,
S1,Composite,0.9839770490571244,0.9680097940390521,0.0,0.997311785057382,0.9947019334970303,0.8378728644049801,12,12,12.0,24.0,300,-0.11927874722216944,4.311736505673728e-05,9.232563731504449,2.9581808176683158,0.7887872199731428,,,
S2,Seasonal,0.7117687531501735,0.9518625624638012,0.0,0.8660538146827851,0.9934651316793656,0.8686308220040508,12,12,12.0,24.0,300,0.0,0.0,18.959365727526865,7.911520122187241,1.678625875019343,,,
S3,Stationary_AR,0.1498787204795453,0.39765280390735525,0.0,0.26884596959506823,0.6736386640883645,0.6597176456314378,None,27,,,300,0.0,0.0,0.0,0.0,5.0,0.6980574978848382,,
S4,Trending_ExponentialGrowth,0.9989676165524155,0.07901731312924953,0.0,0.9996784947130256,0.6220613616943186,0.6823191070251027,None,24,,,300,,,0.0,0.0,0.5073286167586696,,,
S1,Composite,0.9870636157795396,0.960339098587601,0.0,0.9997914660928355,0.9993614740282395,0.9843702853983359,12,12,12.0,24.0,300,-0.2826679878685892,3.5548015596853174e-05,19.057040598252403,7.7822166093842915,0.5699133910446037,,,
S2,Seasonal,0.7401623878031119,0.9859721164452268,0.0,0.9458797384973133,0.9991994959609415,0.9432456920391632,12,12,12.0,24.0,300,0.0,0.0,26.876081237603454,6.227499509617213,0.8282660243371518,,,
S3,Stationary_WN,0.26484649186706566,0.28200030739557425,0.0,0.6207583440136248,0.37200713790312023,0.3887053507049205,None,2,,,300,0.0,0.0,0.0,0.0,12.741642606147405,,,
S4,Trending_ExponentialGrowth,0.9977658627013472,0.21040033205804398,0.0,0.9985629938409452,0.38623244856636685,0.3427512978184267,None,24,,,300,,,0.0,0.0,1.147829351851955,,,
S1,Composite,0.988659918264286,0.9374066297893147,0.0,0.9981560552452047,0.9893201591306611,0.8399252762229181,12,12,12.0,24.0,300,-0.2454345590927136,3.127069165782526e-05,12.025564883493333,5.1500153980633785,1.4527630320583913,,,
S2,Seasonal,0.71833791649991,0.8848411464460025,0.0,0.902826719206442,0.9886614424856789,0.9088081889155097,12,12,12.0,24.0,300,0.0,0.0,15.644091654684043,10.383754966446748,1.5871367611395033,,,
S3,Stationary_WN,0.2428356545401541,0.13332851076765062,0.0,0.6087831439688935,0.1831935065523943,0.3335885906763836,None,2,,,300,0.0,0.0,0.0,0.0,6.620819086114577,,,
S4,Trending_RandomWalkDrift,0.9667234623957377,0.19392027713296223,0.0,0.9958165892990342,0.8020143396107644,0.8923089050507406,None,24,,,300,,,0.0,0.0,1.3165190631384818,,,-0.18972952323918243
S1,Composite,0.972622742670689,0.8106343596298529,0.0,0.9957688747740012,0.9672650697625642,0.8522945210430453,48,50,48.0,96.0,300,0.2114256712360494,-2.9419806707626383e-05,8.827852510436806,6.418536240392939,1.2916729401193505,,,
S2,Seasonal,0.24046605689407785,0.9397558543757396,0.0,0.5408826271188724,0.990650246146251,0.8689221843998676,48,50,48.0,96.0,300,0.0,0.0,19.49629269406033,4.788250658916846,1.3684174735106407,,,
S3,Stationary_WN,0.12222813676729538,0.040680836187815594,0.0,0.549570372068032,0.07123249457626879,0.4079175560429743,None,2,,,300,0.0,0.0,0.0,0.0,7.498945733240517,,,
S4,Trending_RandomWalkDrift,0.9668104881615284,0.3735258796194454,0.0,0.9942609107301282,0.7476303225106312,0.8445545121263285,None,24,,,300,,,0.0,0.0,0.9281466501393992,,,-0.13637906212448914
S1,Composite,0.9927005613549715,0.9540751532845436,0.0,0.9985657284555507,0.9896556161482853,0.8054502021456205,48,50,48.0,96.0,300,-0.25244956195540125,-1.506506099832796e-05,12.230745731643209,2.270336884631704,1.0083279219917225,,,
S2,Seasonal,0.6004979151653644,0.8296111211249769,0.0,0.9173369871082798,0.9900985113609468,0.9502410715729301,48,50,48.0,96.0,300,0.0,0.0,15.777772109075807,11.243378584989365,1.2930394320052316,,,
S3,Stationary_WN,0.07056397321894381,0.2520642543810049,0.0,0.0822037118739739,0.2977196252491222,0.2552476258411379,None,18,,,300,0.0,0.0,0.0,0.0,12.941992103596286,,,
S4,Trending_RandomWalkDrift,0.9955857424289133,0.5072525872643073,0.0,0.9991587046854208,0.812483200663842,0.8095006512597405,None,33,,,300,,,0.0,0.0,0.5403213059957425,,,-0.4870843602451207
S1,Composite,0.9779715736529072,0.9832179689192752,0.0,0.9979246280248817,0.9983009894013507,0.9084683654470651,24,25,24.0,48.0,300,-0.16734077228494645,4.701848391313896e-05,21.33493217135222,3.523904349212522,0.7479518875387621,,,
S2,Seasonal,0.5918412973349918,0.9604674998672764,0.0,0.8158762722656027,0.9953690575394177,0.8950551399604276,24,25,24.0,48.0,300,0.0,0.0,25.450237149005822,7.868390339568542,1.7813216566808832,,,
S3,Stationary_WN,0.08517511077890694,0.18108946881612786,0.0,0.19259700020466675,0.331204160780172,0.35238472072121496,None,7,,,300,0.0,0.0,0.0,0.0,10.23842508174693,,,
S4,Trending_RandomWalkDrift,0.9827778621616801,0.9733709148432313,0.0,0.8190323078513302,0.7913487305470084,0.0,None,150,,,300,,,0.0,0.0,0.7860277718598525,,,0.24956014281871203
S1,Composite,0.9972089195116319,0.9798274037707357,0.0,0.9995667999072584,0.9965804212928944,0.845374429068257,24,50,24.0,48.0,300,0.24468751075572473,-2.5751861606676554e-05,8.718698820238977,5.942089451879422,0.616603773892074,,,
S2,Seasonal,0.6081543758828183,0.951596486469659,0.0,0.8350989402656459,0.9943569643311373,0.8965299628205563,24,25,24.0,48.0,300,0.0,0.0,22.21137946013799,7.775329541709809,1.7306891598256078,,,
S3,Stationary_AR,0.032441663049337155,0.36449266937810554,0.0,0.06679451800675662,0.7300323004741327,0.7462766352823895,None,50,,,300,0.0,0.0,0.0,0.0,5.0,0.6531696427441325,,
S4,Trending_ExponentialGrowth,0.9794135123401464,0.14501765518831666,0.0,0.9869927695757374,0.3093906460864517,0.362067352211926,None,24,,,300,,,0.0,0.0,1.45068768739895,,,
S1,Composite,0.9888568647745044,0.9341239154626328,0.0,0.9985644674417588,0.9902317646963222,0.8740153221907311,36,38,36.0,72.0,300,-0.36214064278422764,1.3936488143019289e-05,17.18389289256657,6.351549918057425,1.455686432485296,,,
S2,Seasonal,0.33502665640453755,0.958055609981033,0.0,0.8497560050498997,0.9972775492897797,0.9409730897020784,36,38,36.0,72.0,300,0.0,0.0,27.41790896549296,5.131588113225952,0.7891756041189577,,,
S3,Stationary_WN,0.02527230896114141,0.27481265348672745,0.0,0.04084958114921522,0.44703611966467693,0.3415877239608275,None,33,,,300,0.0,0.0,0.0,0.0,11.259835014850546,,,
S4,Trending_RandomWalkDrift,0.991339006609691,0.013904824384330938,0.0,0.9992474725313857,0.7101074537273198,0.9166824421894787,None,24,,,300,,,0.0,0.0,0.8916226872534087,,,0.41092434098520414
S1,Composite,0.9880355832893202,0.9589372772698646,0.0,0.9989623514124782,0.9960814180619216,0.9152771616728591,24,25,24.0,48.0,300,0.299033339676265,-4.220086380205906e-05,19.140492405326704,5.976299048393521,1.2950060035078514,,,
S2,Seasonal,0.6060502145924921,0.93761474192222,0.0,0.8330473126151687,0.9926801714457378,0.896680732875723,24,25,24.0,48.0,300,0.0,0.0,19.242252249730512,7.571901594777847,1.6739775340534297,,,
S3,Stationary_AR,0.1901234445196721,0.31063970839637656,0.0,0.30109231081496024,0.499864616218367,0.5318580005112135,None,20,,,300,0.0,0.0,0.0,0.0,5.0,0.5308162338386507,,
S4,Trending_MeanShift,0.9996974356749422,0.9988030645507608,0.0,0.999311585768386,0.9974608238406448,0.0,None,150,,,300,,,0.0,0.0,1.4336727887469056,,150.0,
S1,Composite,0.9905709572671209,0.9890012832003293,0.0,0.999535919360694,0.9994745595473625,0.9525164305788261,12,12,12.0,24.0,300,0.2029616947628299,4.7498639684467693e-05,24.881313325146145,5.136027887421687,0.5717636041656933,,,
S2,Seasonal,0.7267032307885224,0.9468513213269163,0.0,0.9101636359776956,0.9950884979297436,0.9108154850772244,12,12,12.0,24.0,300,0.0,0.0,14.456658203500986,6.4480069076607345,1.063825333313294,,,
S3,Stationary_WN,0.08532107814969758,0.19428436464957644,0.0,0.2155778607476626,0.2851203944407983,0.27558164601826773,None,8,,,300,0.0,0.0,0.0,0.0,12.363771388895607,,,
S4,Trending_ExponentialGrowth,0.9961526844351315,0.25452803955297243,0.0,0.9974920098999526,0.4217694903897078,0.3375813973305486,None,24,,,300,,,0.0,0.0,1.3952014624044455,,,
S1,Composite,0.9652542540536464,0.977759570929228,0.0,0.9966442362857794,0.9977021040538464,0.9024327099931109,36,38,36.0,72.0,300,0.1387318233685112,-1.2952136919232326e-05,21.546819640771368,2.423894041767598,0.9421093951762007,,,
S2,Seasonal,0.6401991967659895,0.9403609722715938,0.0,0.9808507859303626,0.9990027811795745,0.9857221547516357,36,38,36.0,72.0,300,0.0,0.0,24.77777172348381,10.142675083832543,0.692308950017499,,,
S3,Stationary_WN,0.15544407382336867,0.030652375380369468,0.0,0.4296281798585583,0.061632522355908215,0.38395101167038503,None,3,,,300,0.0,0.0,0.0,0.0,6.442934547054816,,,
S4,Trending_MeanShift,0.9999617684951497,0.9998468644006294,0.0,0.9999606867757188,0.9998428783274597,0.0,None,150,,,300,,,0.0,0.0,1.0242307627582563,,150.0,
S1,Composite,0.9860394590047222,0.9690190773393917,0.0,0.999184419804066,0.9980373981311145,0.9432516084768172,24,25,24.0,48.0,300,-0.2774567350628773,-2.5665760903257264e-05,22.891351350181495,6.288124224319971,1.0566656252647677,,,
S2,Seasonal,0.6668431249716634,0.9104481606798226,0.0,0.9628638396106366,0.9971239194289241,0.9726871705954471,24,25,24.0,48.0,300,0.0,0.0,21.03075152268279,11.354326884165435,1.1828890865576775,,,
S3,Stationary_AR,0.20952555841492593,0.38403497836762834,0.0,0.3521869453112869,0.595912677660184,0.5899682328128004,None,23,,,300,0.0,0.0,0.0,0.0,5.0,0.596606093329349,,
S4,Trending_ExponentialGrowth,0.9982218685548838,0.19474592051543294,0.0,0.9990094590465939,0.47541773272076027,0.43299801426128715,None,24,,,300,,,0.0,0.0,1.0050998450883513,,,
S1,Composite,0.9787442648370341,0.9292027187969725,0.0,0.9983113470975935,0.993707091224474,0.9223630528132759,48,50,48.0,96.0,300,0.23328030436270966,-3.8587575828071696e-05,14.948075801697753,4.868346468213465,0.8521933559758902,,,
S2,Seasonal,0.6638067879789846,0.9192840444778678,0.0,0.9102514946770195,0.9927136104196856,0.920109565901897,48,50,48.0,96.0,300,0.0,0.0,12.076720769246043,6.0859811073429455,1.055291922293487,,,
S3,Stationary_WN,0.15954421049434908,0.21868076830975192,0.0,0.2615731319666399,0.28804821911138756,0.3001091341245067,None,5,,,300,0.0,0.0,0.0,0.0,12.101245135602028,,,
S4,Trending_ExponentialGrowth,0.9966588595593823,0.29375676773605297,0.0,0.9979558004560614,0.4839887882049738,0.3862116489383417,None,24,,,300,,,0.0,0.0,0.8096942687323573,,,
S1,Composite,0.9949266482603513,0.9398281701617612,0.0,0.9990482411208962,0.9870553243822917,0.8143976984294411,24,25,24.0,48.0,300,-0.32807405895763087,-3.0227317246552806e-05,11.356448383634582,3.956844438349613,1.203121373731462,,,
S2,Seasonal,0.03777808523760251,0.9845554806644072,0.0,0.2720966811158876,0.9991223447009123,0.9478322321096274,24,50,24.0,48.0,300,0.0,0.0,14.91714804366552,11.785939526104587,0.585944059224028,,,
S3,Stationary_WN,0.04217563985612094,0.15381851602068952,0.0,0.10172334150989404,0.3062833746175252,0.3404086495341362,None,23,,,300,0.0,0.0,0.0,0.0,9.81167838330411,,,
S4,Trending_MeanShift,0.999959351162465,0.9998375444279831,0.0,0.9984738158550558,0.9946520034306684,0.0,None,150,,,300,,,0.0,0.0,0.9905560995608306,,150.0,
S1,Composite,0.9912945469897353,0.9521615802320583,0.0,0.9996283256807762,0.997800055196127,0.9580196019232557,48,50,48.0,96.0,300,-0.3142003471534648,3.080086332210757e-05,15.210314550333962,4.563489452854806,0.542748553053209,,,
S2,Seasonal,0.6428136416817367,0.9301991544299618,0.0,0.9464117106782612,0.9970253686457639,0.9613902758833902,48,50,48.0,96.0,300,0.0,0.0,13.808566641884388,6.312241301250098,0.726004621561932,,,
S3,Stationary_AR,0.021325139145048966,0.39581474198368594,0.0,0.015662077668110452,0.7312637030837863,0.6106005711021677,None,75,,,300,0.0,0.0,0.0,0.0,5.0,0.5840347698240359,,
S4,Trending_MeanShift,0.9995281941487935,0.9981262735667201,0.0,0.9997796135856957,0.9991140947530908,0.5305515840510111,None,150,,,300,,,0.0,0.0,1.3620595180336075,,150.0,
S1,Composite,0.9707422559137469,0.8894925841121215,0.0,0.9993959912653341,0.9974523762879292,0.9807593437553264,24,25,24.0,48.0,300,0.1534166155212019,3.808059616516253e-05,10.493004355535824,6.427673186206952,0.5546522742204559,,,
S2,Seasonal,0.040069690174501904,0.9830199756688559,0.0,0.2268381590833991,0.9972546038113774,0.8477362563120977,24,50,24.0,48.0,300,0.0,0.0,14.221386460000927,11.65267023786815,0.6400228739942262,,,
S3,Stationary_WN,0.09651173457637707,0.0646211265281259,0.0,0.35412773136600195,0.12071680895158732,0.30072913417119096,None,4,,,300,0.0,0.0,0.0,0.0,10.831390725921896,,,
S4,Trending_ExponentialGrowth,0.9946766804692387,0.24532223560793287,0.0,0.9967051795121229,0.4086531674459678,0.36948996189519023,None,24,,,300,,,0.0,0.0,1.274816119086343,,,
S1,Composite,0.9751340190406871,0.9650002530338156,0.0,0.9988735688649726,0.9983836913638432,0.9567887577281456,48,50,48.0,96.0,300,0.17551347275808482,-4.5614733591776125e-05,17.552532840332653,5.696710679316057,0.7819524511997563,,,
S2,Seasonal,0.12894342565571926,0.9630962502501123,0.0,0.3501513445394727,0.9909446333303544,0.7792930606295679,48,50,48.0,96.0,300,0.0,0.0,27.795313779859484,4.530375459753344,1.7857713512011155,,,
S3,Stationary_AR,0.012449649491109271,0.538251670169485,0.0,0.04635721793937386,0.8035573522020567,0.6126803275359392,None,100,,,300,0.0,0.0,0.0,0.0,5.0,0.47369896474171935,,
S4,Trending_MeanShift,0.9999514699253786,0.9998060283875208,0.0,0.9998144795013004,0.999278178743928,0.0,None,150,,,300,,,0.0,0.0,0.6729936929755009,,150.0,
S1,Composite,0.9582549660308761,0.9367520226272029,0.0,0.9927331890731808,0.9894282389734795,0.841638219335516,12,12,12.0,24.0,300,-0.12131536793008299,-3.763048192831383e-05,13.496003833223742,6.172730423291943,1.479399593147836,,,
S2,Seasonal,0.6341560941657755,0.9734498560806114,0.0,0.7143128537244889,0.9939823236484059,0.7745616806020424,12,12,12.0,24.0,300,0.0,0.0,22.45350279182294,6.106956656653432,1.848746198444526,,,
S3,Stationary_WN,0.09446888719354807,0.05177380815625776,0.0,0.3215720143450185,0.10330811543642182,0.30666524596400746,None,3,,,300,0.0,0.0,0.0,0.0,9.403954623653078,,,
S4,Trending_MeanShift,0.9999301731290684,0.9997198801232764,0.0,0.9999175205401802,0.9996694564290693,0.0,None,150,,,300,,,0.0,0.0,1.3754674212207567,,150.0,
S1,Composite,0.9835016828884581,0.9536214963744507,0.0,0.99897719872044,0.9968773348074941,0.9401818166055042,24,25,24.0,48.0,300,0.26374526684651667,-1.1601211107601777e-05,19.311266559450875,6.945232200042748,1.0720564167263429,,,
S2,Seasonal,0.5407008224859737,0.9732494855440446,0.0,0.6748522239858297,0.9939918522815195,0.7985824357623246,24,23,24.0,48.0,300,0.0,0.0,27.29721656927021,6.320437706054067,1.8993884176642735,,,
S3,Stationary_WN,0.09976004931185256,0.2803279076189924,0.0,0.13587314814966456,0.3656163557138722,0.26940517689742327,None,9,,,300,0.0,0.0,0.0,0.0,11.704039565082216,,,
S4,Trending_ExponentialGrowth,0.9976489502369689,0.13298910812557851,0.0,0.9987419712873764,0.37461218083571735,0.4543276113728417,None,24,,,300,,,0.0,0.0,1.306553546691,,,
S1,Composite,0.9685685984112076,0.9073347772462304,0.0,0.9967113647748073,0.9905921996394557,0.9052528877308812,12,12,12.0,24.0,300,0.13790111190369758,-3.1696880916629006e-05,9.161575418478318,5.423278828380218,0.981959476850456,,,
S2,Seasonal,0.7207465351963105,0.9679827033542533,0.0,0.9094810270551226,0.9971275313384195,0.9113013398174298,12,12,12.0,24.0,300,0.0,0.0,23.65659721627943,8.19777844104808,1.3772597061426264,,,
S3,Stationary_WN,0.19144933887115723,0.22011242528542152,0.0,0.3427117392120269,0.281728595264371,0.2855571910353144,None,4,,,300,0.0,0.0,0.0,0.0,5.900646720484234,,,
S4,Trending_MeanShift,0.999977510641996,0.999910675162517,0.0,0.9999734890584971,0.9998947774010549,0.0,None,150,,,300,,,0.0,0.0,0.7139256325185475,,150.0,
S1,Composite,0.9963939847857103,0.982536064626479,0.0,0.9996105584830698,0.9979520441826937,0.8922246891983078,24,50,24.0,48.0,300,-0.2084838735058925,3.182807303684822e-05,8.687316507958217,6.483094503946571,0.5039718881974096,,,
S2,Seasonal,0.6563122053915669,0.8904751297428052,0.0,0.9281081113342411,0.9933516673524452,0.9490918699604934,24,25,24.0,48.0,300,0.0,0.0,18.904355044989057,10.895874082673966,1.6454200584133811,,,
S3,Stationary_AR,0.1599356047406394,0.4337729105988034,0.0,0.1599596301363193,0.6908480595032981,0.631908922526843,None,60,,,300,0.0,0.0,0.0,0.0,5.0,0.6346349601883277,,
S4,Trending_RandomWalkDrift,0.7556892691562828,0.34220444583640053,0.0,0.8517983048320782,0.6563951299173287,0.0,None,100,,,300,,,0.0,0.0,0.8005811136694763,,,-0.2965121805797908
S1,Composite,0.9925154604534654,0.9384662219521895,0.0,0.9982093067346725,0.983169747962807,0.7624724506956909,48,50,48.0,96.0,300,-0.3789525227861912,2.1952380357119538e-05,15.124547465179692,3.6982937916781276,1.0961502487219694,,,
S2,Seasonal,0.4127273583247907,0.9493350067793721,0.0,0.8106946274918543,0.9962326935128875,0.9334458781351005,48,50,48.0,96.0,300,0.0,0.0,22.3575278838144,6.207218112914038,1.0433500467292118,,,
S3,Stationary_WN,0.24014644127058438,0.13076302353476876,0.0,0.6204484984219624,0.2343379485686008,0.4786391354015147,None,2,,,300,0.0,0.0,0.0,0.0,5.054712904923146,,,
S4,Trending_RandomWalkDrift,0.8939742082744262,0.20228875709574623,0.0,0.9869307901758166,0.7561480496550814,0.8988403978853137,None,24,,,300,,,0.0,0.0,1.204925901815586,,,0.11362742709361595
S1,Composite,0.9582413658270936,0.9617305798698991,0.0,0.994618256381432,0.9947493768390553,0.8747971956732513,36,38,36.0,72.0,300,0.1289947076198818,-1.4733915431679675e-05,16.70304776913722,3.242930422600783,1.1893248307810484,,,
S2,Seasonal,0.3796311138057342,0.9179348346385807,0.0,0.45568222851846785,0.9761150403306937,0.7491353355567563,36,38,36.0,72.0,300,0.0,0.0,15.95303448576005,4.592322193645859,1.914378953215493,,,
S3,Stationary_AR,0.40361612836736716,0.3267229131773084,0.0,0.4735310114981728,0.41777304821466077,0.34312178907690205,None,6,,,300,0.0,0.0,0.0,0.0,5.0,0.46661799244944435,,
S4,Trending_ExponentialGrowth,0.9988525543699464,0.26591652925328246,0.0,0.999479174517455,0.5559768906267591,0.5389146655906917,None,24,,,300,,,0.0,0.0,0.9508401169884664,,,
S1,Composite,0.992329494636573,0.9129474435815735,0.0,0.9996440510393008,0.9953305654090723,0.9543189313210265,24,25,24.0,48.0,300,0.3259436700724623,4.791280208814229e-05,12.13615860141735,6.278573011564159,0.8114067537717959,,,
S2,Seasonal,0.45246387420359635,0.9104488907788499,0.0,0.4874035776485379,0.9733557765258479,0.7534575581339822,24,25,24.0,48.0,300,0.0,0.0,11.9371539700838,4.451918365856709,1.780566926127889,,,
S3,Stationary_AR,0.09243490084928385,0.3248910486467892,0.0,0.1702407090199718,0.5608235073202161,0.6420033344004392,None,27,,,300,0.0,0.0,0.0,0.0,5.0,0.5019399655735888,,
S4,Trending_MeanShift,0.9995867839051833,0.9983520871849724,0.0,0.999683062513188,0.9987495460778706,0.23200728541850757,None,150,,,300,,,0.0,0.0,1.2856918685903191,,150.0,
S1,Composite,0.9916647447264032,0.9777623448263969,0.0,0.9987962581050431,0.9968186847689957,0.859122522130614,12,12,12.0,24.0,300,0.2291888316760232,-3.410213988873659e-05,16.271413366246456,4.34838208961704,0.9845962827977973,,,
S2,Seasonal,0.7443671226426127,0.9207995404802681,0.0,0.9742170573001651,0.9977762495857855,0.9736608053626016,12,12,12.0,24.0,300,0.0,0.0,13.55343549838327,7.96556716480528,0.7306883221464111,,,
S3,Stationary_AR,0.18118975548311267,0.14454226013046279,0.0,0.3400547821309716,0.4096755809350475,0.534959515258004,None,33,,,300,0.0,0.0,0.0,0.0,5.0,0.6132944907823166,,
S4,Trending_ExponentialGrowth,0.9971384414544404,0.2442265679677339,0.0,0.9985674607019221,0.465745961208598,0.4864189908085762,None,24,,,300,,,0.0,0.0,0.8278659656990849,,,
S1,Composite,0.9952648563808492,0.9773986789871796,0.0,0.9997880286102249,0.9988966096958605,0.9555733588386736,24,25,24.0,48.0,300,-0.3389829199787896,4.406372258361042e-05,17.98344093779125,4.266302999382162,0.6771838244036655,,,
S2,Seasonal,0.5753204629421695,0.9670231629710263,0.0,0.7839531211748835,0.9953583664129457,0.8741889451144507,24,25,24.0,48.0,300,0.0,0.0,18.157133442514148,4.684310069700741,1.2308315190000467,,,
S3,Stationary_WN,0.1262787329469599,0.09177610828190763,0.0,0.39031620108798126,0.13889365116268015,0.3018688170782472,None,3,,,300,0.0,0.0,0.0,0.0,7.199732736438243,,,
S4,Trending_RandomWalkDrift,0.9921558128632447,0.9191110357180378,0.0,0.9925520262713601,0.910572535291042,0.02867777531526705,None,150,,,300,,,0.0,0.0,0.6951193230442383,,,0.43322831902712233
S1,Composite,0.9796486538904148,0.9852414211147873,0.0,0.9959326132896014,0.9968206260771509,0.8017635237323718,48,50,48.0,96.0,300,0.15845753871684418,-4.0847451112066156e-05,21.932411713620127,2.6298659759035106,1.360350575780874,,,
S2,Seasonal,0.4740749117300628,0.9176530502793713,0.0,0.6698012832175366,0.9844090009200688,0.8335527178011597,48,50,48.0,96.0,300,0.0,0.0,15.421557430811312,6.186779613292948,1.6510883035804715,,,
S3,Stationary_AR,0.21246571983760898,0.27942208528222123,0.0,0.380117352984344,0.49226308330784185,0.6048165315080615,None,24,,,300,0.0,0.0,0.0,0.0,5.0,0.47661072187058995,,
S4,Trending_MeanShift,0.9999663537253906,0.999865367134159,0.0,0.9999721284253698,0.9998890178987495,0.17377686724170294,None,150,,,300,,,0.0,0.0,1.0477159803186216,,150.0,
S1,Composite,0.9875512838769938,0.9549899360274076,0.0,0.9994037389959831,0.9975719958085798,0.9532609565177316,36,38,36.0,72.0,300,-0.3090800983700278,-1.990813808645555e-05,19.616779968105796,5.950057812400699,1.0305906384620864,,,
S2,Seasonal,0.4634641710994365,0.9597971840982565,0.0,0.849969350579604,0.9966991806389913,0.92771118638713,36,38,36.0,72.0,300,0.0,0.0,27.545149740770796,6.381426718451465,0.8361908005375462,,,
S3,Stationary_AR,0.05785276629282787,0.26826654781023695,0.0,0.08698631878303287,0.5020543261713971,0.5070285006988057,None,43,,,300,0.0,0.0,0.0,0.0,5.0,0.466272596651745,,
S4,Trending_RandomWalkDrift,0.9063293454259695,0.06239652055802247,0.0,0.9825971658321149,0.5207244707885442,0.8640513230151234,None,24,,,300,,,0.0,0.0,1.008812233064714,,,0.22990653545778042
S1,Composite,0.9912362493218165,0.90975514532695,0.0,0.9996898669646024,0.996664316277409,0.965706147025656,12,12,12.0,24.0,300,0.2694439712130915,3.3206044750138145e-05,10.202800816966537,6.373290769445128,0.6011352233763315,,,
S2,Seasonal,0.71763539120285,0.9918325804266783,0.0,0.8921791821286315,0.9991073161587634,0.891205101210464,12,12,12.0,24.0,300,0.0,0.0,28.748896247059214,4.79675602313319,0.8590902598705925,,,
S3,Stationary_WN,0.0498662729331214,0.29351927546828205,0.0,0.09751498029748173,0.4459799129669776,0.47186445461521687,None,21,,,300,0.0,0.0,0.0,0.0,12.132355811571763,,,
S4,Trending_MeanShift,0.9998977404841385,0.9995876005362396,0.0,0.9981457665448311,0.991985156985293,0.0,None,150,,,300,,,0.0,0.0,0.6685595958589232,,150.0,
S1,Composite,0.9759085768938099,0.9374279195455566,0.0,0.9981675007417018,0.9943327860241178,0.9250725319766361,48,50,48.0,96.0,300,0.2415374304489854,1.6555711284836036e-05,18.760889612940474,4.317414099459603,1.1992517468559352,,,
S2,Seasonal,0.18580904781971197,0.9061689857054313,0.0,0.6041261635938948,0.9947687678939422,0.9517025926037138,48,50,48.0,96.0,300,0.0,0.0,26.370549318853953,8.326420216886024,1.4773110651172154,,,
S3,Stationary_WN,0.1323699259279083,0.19297569902832423,0.0,0.5118135123379337,0.2618302462717651,0.3178408947844443,None,2,,,300,0.0,0.0,0.0,0.0,7.984138053670257,,,
S4,Trending_RandomWalkDrift,0.9716837982296636,0.4703356830257027,0.0,0.9975496190505121,0.9272759629891969,0.9143150261429659,None,43,,,300,,,0.0,0.0,1.3216138479983455,,,-0.27341822575885183
S1,Composite,0.994357821774424,0.9637938761299393,0.0,0.998976106900143,0.9928102057589535,0.8205646532463777,48,50,48.0,96.0,300,-0.2772276807574008,-3.350695834858739e-05,13.415188652418259,3.1446981231824696,0.8566957653722889,,,
S2,Seasonal,0.6739074739090622,0.8370004071810546,0.0,0.9527489533185511,0.9921189943764029,0.9596572535224561,48,50,48.0,96.0,300,0.0,0.0,15.59401269615604,11.935693933892363,1.6557392555935453,,,
S3,Stationary_AR,0.11460516336103477,0.3358965405062666,0.0,0.1564195355561011,0.637620074011818,0.6381863659347837,None,30,,,300,0.0,0.0,0.0,0.0,5.0,0.5537080038606746,,
S4,Trending_ExponentialGrowth,0.9989252833217169,0.16504994811839002,0.0,0.9995366809480085,0.4860286462669552,0.5602182687201944,None,24,,,300,,,0.0,0.0,0.5741220431942697,,,
S1,Composite,0.978059135305483,0.9487136108313408,0.0,0.9990296095473781,0.9974442952842911,0.95741868221926,36,38,36.0,72.0,300,0.17566251509568764,4.202275911799573e-05,15.579201228774032,5.316689095407188,0.6815419708066404,,,
S2,Seasonal,0.3201526017710924,0.9450112783185196,0.0,0.7145146787494607,0.9910125294992929,0.8543764971352874,36,38,36.0,72.0,300,0.0,0.0,22.57881103331707,4.938469098739632,1.5747660113266193,,,
S3,Stationary_AR,0.16422758344674737,0.31481206054215427,0.0,0.27880009485550805,0.513492723950102,0.5698035347142875,None,20,,,300,0.0,0.0,0.0,0.0,5.0,0.5234820724497693,,
S4,Trending_MeanShift,0.9998931511884946,0.999572438846856,0.0,0.9998884832678924,0.9995536025786385,0.0,None,150,,,300,,,0.0,0.0,0.5670590779603247,,150.0,
S1,Composite,0.9737239056235462,0.9688344454236336,0.0,0.9987535320588948,0.9984210008151213,0.9549097632429671,36,38,36.0,72.0,300,-0.18832389197803384,2.657770826027903e-05,19.638767691804716,4.336056540721787,0.5216896615432577,,,
S2,Seasonal,0.5956218056137936,0.9609244033935433,0.0,0.931031776933573,0.997987301172287,0.9549286664957303,36,38,36.0,72.0,300,0.0,0.0,19.438264879577005,5.751349289673661,0.9444434317396134,,,
S3,Stationary_AR,0.16919106905710712,0.3337741818833858,0.0,0.3571852487687669,0.6442018974845507,0.6769884005716349,None,25,,,300,0.0,0.0,0.0,0.0,5.0,0.687355515139944,,
S4,Trending_ExponentialGrowth,0.9986681202978045,0.08096773043786143,0.0,0.9996751710160815,0.635714574268121,0.7487752451993,None,24,,,300,,,0.0,0.0,0.5529563487136749,,,
S1,Composite,0.9840270050667892,0.8986819160543384,0.0,0.9991462512232125,0.9943495711986534,0.9486166302449848,12,12,12.0,24.0,300,-0.19509650996968297,1.4493842278924568e-05,9.033031989763327,5.902857614587845,0.7134572889571609,,,
S2,Seasonal,0.7406349035174944,0.9606093869726412,0.0,0.9602118259720265,0.9983553295398527,0.9594072553770293,12,12,12.0,24.0,300,0.0,0.0,28.144751426966394,11.22128378633477,1.3367746321755343,,,
S3,Stationary_AR,0.1335932301381907,0.3007889467041346,0.0,0.24454090678874185,0.5693957890421617,0.5851703630739886,None,15,,,300,0.0,0.0,0.0,0.0,5.0,0.44885879541273277,,
S4,Trending_ExponentialGrowth,0.993645827024817,0.3688484813027654,0.0,0.996165215626635,0.5117819679046339,0.3870666248670752,None,24,,,300,,,0.0,0.0,1.2052471042927908,,,
S1,Composite,0.9887931048081651,0.97974042831909,0.0,0.9995928024217221,0.9992021179279534,0.9644200194598818,24,25,24.0,48.0,300,0.25956495047632344,3.60320048137906e-05,24.869574002414105,5.364861544896107,0.618880538510059,,,
S2,Seasonal,0.6182605444322011,0.936637664283727,0.0,0.8341038821617808,0.991972081343047,0.8884071286441184,24,25,24.0,48.0,300,0.0,0.0,10.8561016179386,4.456165809296956,0.902160900901043,,,
S3,Stationary_AR,0.03895269594585271,0.32205001393932553,0.0,0.10196181517760838,0.5389256453075294,0.5138456366158355,None,50,,,300,0.0,0.0,0.0,0.0,5.0,0.430898779755654,,
S4,Trending_MeanShift,0.9997646284331574,0.9990569982186436,0.0,0.9995770187197988,0.9983120025838179,0.0,None,150,,,300,,,0.0,0.0,1.1743449596459086,,150.0,
S1,Composite,0.9867555091826726,0.8312078554227447,0.0,0.9996834606801109,0.995388026666289,0.9768090660732427,12,12,12.0,24.0,300,-0.2514225474594222,-4.634393899176323e-05,8.275244947332602,7.619179764431618,0.5733060793494096,,,
S2,Seasonal,0.5467209353642838,0.9849342290362086,0.0,0.5493811556489683,0.995070924543535,0.6781042297982444,12,12,12.0,24.0,300,0.0,0.0,29.25458460826747,4.801832258654438,1.9950332743843537,,,
S3,Stationary_AR,0.0,0.3596470689573936,0.0,0.023563786767633266,0.7867991421700049,0.6972252868863443,None,75,,,300,0.0,0.0,0.0,0.0,5.0,0.6171128992740887,,
S4,Trending_MeanShift,0.9999433163956253,0.9997746976259209,0.0,0.9998923522413534,0.9995731446208117,0.0,None,150,,,300,,,0.0,0.0,1.110451280723938,,150.0,
S1,Composite,0.9871927290265111,0.9909106908847747,0.0,0.9973653592201299,0.9981472437231047,0.7978172670611863,12,12,12.0,24.0,300,-0.17544735122766675,2.3169644413344268e-05,24.562640149366693,4.110940251047379,1.155288771987371,,,
S2,Seasonal,0.7377560994365104,0.9401411253279898,0.0,0.9366992124918524,0.9959392418204367,0.9352772926766166,12,12,12.0,24.0,300,0.0,0.0,16.456107764242034,8.334522487705874,1.1060045219687413,,,
S3,Stationary_AR,0.1623801283739098,0.17800627772225386,0.0,0.40884110273552554,0.46263611893866274,0.7075165271239894,None,21,,,300,0.0,0.0,0.0,0.0,5.0,0.689845713319198,,
S4,Trending_ExponentialGrowth,0.995833706898886,0.16473443653773734,0.0,0.9976256961932292,0.39084866955164344,0.42652778577970374,None,24,,,300,,,0.0,0.0,0.8507654084560926,,,
S1,Composite,0.9763314692073588,0.9308190659942739,0.0,0.9992463308661832,0.9975832077336535,0.9697191117659831,24,25,24.0,48.0,300,0.21253228840037747,-1.9903122427099568e-05,15.031946934463154,6.839834373910798,0.7012441411914935,,,
S2,Seasonal,0.4148980415844383,0.9694344517958465,0.0,0.49230856015406943,0.9922016967516305,0.7714814915467404,24,25,24.0,48.0,300,0.0,0.0,24.90503639425184,5.1457832024719945,1.6650136554251085,,,
S3,Stationary_AR,0.2463546990361709,0.19939549965972048,0.0,0.49082744765512953,0.43601427807411863,0.5883899753296495,None,9,,,300,0.0,0.0,0.0,0.0,5.0,0.4921969743984814,,
S4,Trending_ExponentialGrowth,0.9971276683459561,0.3290190106761738,0.0,0.998184101779545,0.44673825659272903,0.3526768692085558,None,24,,,300,,,0.0,0.0,0.7083727078905837,,,
S1,Composite,0.996282819876222,0.9775644474442272,0.0,0.9996393968208115,0.9975829548026226,0.9034672105210662,24,25,24.0,48.0,300,0.26739365412138016,-4.418054913301189e-05,12.635130971331732,2.5467191284962647,0.5208657216835471,,,
S2,Seasonal,0.21888441413389093,0.9733662556284626,0.0,0.5900762687554373,0.9981073135085812,0.9398531785921693,24,25,24.0,48.0,300,0.0,0.0,28.480440515422316,4.454114801435538,1.0427295369931788,,,
S3,Stationary_AR,0.024630622899874388,0.23110674364562112,0.0,0.07109720986716428,0.6812597355165122,0.6279777254041309,None,75,,,300,0.0,0.0,0.0,0.0,5.0,0.5945670116967947,,
S4,Trending_MeanShift,0.9997298043981261,0.9989240500458524,0.0,0.9963022237845183,0.9859686623163949,0.0,None,150,,,300,,,0.0,0.0,1.2358184716354281,,150.0,
S1,Composite,0.9927507422502254,0.9579248610955563,0.0,0.9988779257346662,0.9933752556024759,0.8468892292053303,12,12,12.0,24.0,300,-0.36991868216822865,-2.5478404396996347e-05,18.899818576622934,6.99633060832759,1.4873098241780127,,,
S2,Seasonal,0.7345548191513782,0.8252818893107878,0.0,0.9499895890709317,0.9899314676041634,0.9503175335755017,12,12,12.0,24.0,300,0.0,0.0,10.589169577241872,9.627926014396902,1.165800645510307,,,
S3,Stationary_AR,0.15146495495148993,0.2012703946502009,0.0,0.19720289520348577,0.34057721081316206,0.45795748435967243,None,15,,,300,0.0,0.0,0.0,0.0,5.0,0.5016544608832763,,
S4,Trending_ExponentialGrowth,0.9981451116626752,0.27441124093182945,0.0,0.9989163067125818,0.44570217381599575,0.4032346581682724,None,24,,,300,,,0.0,0.0,0.5620414889760376,,,
S1,Composite,0.9892259681622783,0.9784497448984412,0.0,0.999315329784404,0.998639240583817,0.9376609219014634,12,12,12.0,24.0,300,-0.16641240944359625,3.7409443712832997e-05,13.526000471304217,3.8724805576338728,0.5872528458468518,,,
S2,Seasonal,0.7296177708150755,0.9490722090226816,0.0,0.9094788019741986,0.9951322239685978,0.9075513774550765,12,12,12.0,24.0,300,0.0,0.0,11.55890994064385,5.060983786674632,0.8405889632260453,,,
S3,Stationary_AR,0.13426687119624836,0.3730487801379764,0.0,0.2416563493537215,0.533445014617898,0.6086117589445954,None,33,,,300,0.0,0.0,0.0,0.0,5.0,0.5990957023518027,,
S4,Trending_RandomWalkDrift,0.996592619002826,0.35054723826840617,0.0,0.9995466922686156,0.7783896660039653,0.8682876222069239,None,24,,,300,,,0.0,0.0,1.2423645326688042,,,-0.20369719344094814
S1,Composite,0.9796640242646478,0.962609985612322,0.0,0.9971713236990326,0.9949522058139548,0.8690564616391592,12,12,12.0,24.0,300,0.14139310026008853,-1.013801194542738e-05,12.65081472130008,4.552630911331277,0.8388963277968697,,,
S2,Seasonal,0.6822874148877125,0.9773916398774669,0.0,0.8166468208939182,0.9962733864313323,0.8370097800984555,12,12,12.0,24.0,300,0.0,0.0,24.653900760644692,6.627109849715443,1.5677101792850674,,,
S3,Stationary_AR,0.11813465305196846,0.30972946034628135,0.0,0.39394212074787816,0.5682321899436821,0.747367518559374,None,30,,,300,0.0,0.0,0.0,0.0,5.0,0.6811448074314397,,
S4,Trending_ExponentialGrowth,0.9969448327235099,0.27007597324422206,0.0,0.9980710175890953,0.4190784729259547,0.35033611095730943,None,24,,,300,,,0.0,0.0,1.3630168257931374,,,
S1,Composite,0.9917971453801664,0.9299387157568517,0.0,0.9980648897251837,0.9805324716580592,0.7635039860613757,36,38,36.0,72.0,300,0.3294824804162896,3.3242791338236466e-05,14.203357968058874,3.9064621902719114,1.4083612817161595,,,
S2,Seasonal,0.576101501548001,0.9607088333026221,0.0,0.9400709913098698,0.9983767183257855,0.9638033476142156,36,38,36.0,72.0,300,0.0,0.0,27.9690383495542,8.115282875916659,1.031501229334312,,,
S3,Stationary_AR,0.06641388978340179,0.20841296123973552,0.0,0.15356394187572464,0.36464877375306903,0.4916770128143033,None,25,,,300,0.0,0.0,0.0,0.0,5.0,0.4258107398259671,,
S4,Trending_MeanShift,0.9999540735295818,0.9998161878647862,0.0,0.9999631175317417,0.9998526387793277,0.19698177071140732,None,150,,,300,,,0.0,0.0,0.6275131936475493,,150.0,
S1,Composite,0.9935689391168417,0.9521935923082153,0.0,0.9996107285544038,0.9969280696231337,0.9401004849568606,48,50,48.0,96.0,300,0.33453057532087976,-3.248558914749642e-05,14.487938827542209,5.094279299613977,0.738840426783677,,,
S2,Seasonal,0.6906926813696252,0.9388450766034335,0.0,0.9802354081984743,0.9988060923662853,0.9821179393229641,48,50,48.0,96.0,300,0.0,0.0,20.397943213819573,9.408636215969977,0.7574526170249645,,,
S3,Stationary_WN,0.19038849911579625,0.11758547902892158,0.0,0.5767882672188895,0.17303301816819738,0.35986246534207766,None,2,,,300,0.0,0.0,0.0,0.0,10.630492015680366,,,
S4,Trending_ExponentialGrowth,0.9952948746354527,0.15285838643660266,0.0,0.9970124565781563,0.34572184903138314,0.34411109218104496,None,24,,,300,,,0.0,0.0,1.0282925891370394,,,
S1,Composite,0.991353822000153,0.95150736496414,0.0,0.9991692644744523,0.9950362502882669,0.9048416279946476,48,50,48.0,96.0,300,0.3982307738401565,-3.119895011610871e-05,20.114760622812177,6.925056675918567,1.4092327518268655,,,
S2,Seasonal,0.6584357412711761,0.9499648979847022,0.0,0.9375889939264075,0.9972832798247273,0.9496354674203862,48,50,48.0,96.0,300,0.0,0.0,27.78936012463903,10.854122740094283,1.48865546788372,,,
S3,Stationary_AR,0.27014770875899163,0.33224803321342333,0.0,0.4743668416730371,0.6181199757120854,0.6341526165418644,None,25,,,300,0.0,0.0,0.0,0.0,5.0,0.6218960056965137,,
S4,Trending_ExponentialGrowth,0.9980228718589176,0.3232624327713087,0.0,0.9987970350980431,0.45711449382511116,0.38773789418016025,None,24,,,300,,,0.0,0.0,0.8602189286549352,,,
S1,Composite,0.9969135514581662,0.9917670581918978,0.0,0.9998058813197832,0.9994866993982757,0.9379765968177384,12,12,12.0,24.0,300,0.28954902470133514,3.178518974206059e-05,22.365083743950024,3.8612281535656963,0.5098182350532713,,,
S2,Seasonal,0.7499119623027175,0.8693249763849302,0.0,0.9859410722987673,0.997851509828662,0.9854206514091332,12,12,12.0,24.0,300,0.0,0.0,14.301866994026458,11.169268599419897,0.672813064062954,,,
S3,Stationary_WN,0.16098171551577145,0.16293649710287195,0.0,0.5674577661538664,0.2458973390865653,0.3856266328926029,None,2,,,300,0.0,0.0,0.0,0.0,10.251603122655013,,,
S4,Trending_MeanShift,0.999964368323259,0.9998572302461335,0.0,0.9999094414281432,0.9996371502374514,0.0,None,150,,,300,,,0.0,0.0,0.8416951602814046,,150.0,
S1,Composite,0.9926872949455345,0.9227917624846593,0.0,0.9996993029333047,0.9967069424674962,0.959925076636236,12,12,12.0,24.0,300,0.3355500161825964,-3.878389911783316e-05,11.786621208574989,6.766748179785424,0.7400130962267628,,,
S2,Seasonal,0.7340676936101185,0.9404063430985754,0.0,0.9324598471758893,0.9957357462803609,0.9317104362680788,12,12,12.0,24.0,300,0.0,0.0,18.35931028969014,8.910984279649707,1.388933559408076,,,
S3,Stationary_WN,0.0,0.15762006208507695,0.0,0.5996039115886727,0.26888281273297965,0.5208915464386767,None,2,,,300,0.0,0.0,0.0,0.0,12.788310536895423,,,
S4,Trending_ExponentialGrowth,0.9989981635523959,0.30831328408088754,0.0,0.9995080152717121,0.540621637382348,0.5043302640557348,None,24,,,300,,,0.0,0.0,0.5635231372479304,,,
S1,Composite,0.9726782383472001,0.9619049061814255,0.0,0.9986271856545368,0.9980564309928983,0.9522111087094863,48,50,48.0,96.0,300,0.18474774820772194,-4.161530345578973e-05,18.894273731443125,6.188875010550028,0.7534441091998364,,,
S2,Seasonal,0.14841026943571511,0.9549503023823286,0.0,0.5146937976143159,0.995368091927771,0.9119642605563385,48,50,48.0,96.0,300,0.0,0.0,26.026054216336146,5.035790460377552,1.2358262967016467,,,
S3,Stationary_WN,0.2456702879121594,0.21673576109480597,0.0,0.4042965955279233,0.30994807806199764,0.32830152750472696,None,5,,,300,0.0,0.0,0.0,0.0,8.561264548186347,,,
S4,Trending_MeanShift,0.9999864681805225,0.9999458570601446,0.0,0.9999865707996456,0.9999462832500148,0.008219750587666774,None,150,,,300,,,0.0,0.0,0.5628042269689176,,150.0,
S1,Composite,0.9960649333843044,0.9810885113133305,0.0,0.9988067324550289,0.9938135646474578,0.7003953298507688,48,50,48.0,96.0,300,-0.2964650561894726,-4.014327683239782e-05,16.82455368098028,2.0330882360960256,1.2792291651343914,,,
S2,Seasonal,0.18939846308180786,0.9270906415057603,0.0,0.4521308102334092,0.9894597973789327,0.8789027478102314,48,50,48.0,96.0,300,0.0,0.0,28.219525361261276,7.4081580669630025,1.4139899453217877,,,
S3,Stationary_WN,0.2469408480270181,0.17022661849437903,0.0,0.4262236760478266,0.2530168318742848,0.3421657185138304,None,3,,,300,0.0,0.0,0.0,0.0,8.790121114455745,,,
S4,Trending_RandomWalkDrift,0.9968596228564228,0.0,0.0,0.9994104025780364,0.5476368509715384,0.8166968674821191,None,24,,,300,,,0.0,0.0,1.4313000813291565,,,-0.4598774975552977
S1,Composite,0.9177106699524193,0.9064310789193,0.0,0.9948258776177193,0.9945971498034539,0.9471076718364145,48,50,48.0,96.0,300,-0.10464206860630498,1.4714676283446156e-05,11.435183738975525,6.0557144640301654,0.6511798151178774,,,
S2,Seasonal,0.5631987261061726,0.897420404113068,0.0,0.8104370907173915,0.9871139850479597,0.890717564101336,48,50,48.0,96.0,300,0.0,0.0,17.24001174348068,8.766566901510137,1.9013599782234274,,,
S3,Stationary_AR,0.08659618078588116,0.24182938798454545,0.0,0.14616623406859208,0.4721874973875485,0.5277156670588616,None,43,,,300,0.0,0.0,0.0,0.0,5.0,0.4536256395668825,,
S4,Trending_MeanShift,0.9999802900236787,0.9999211473265002,0.0,0.9965122330588589,0.988449913179948,0.0,None,150,,,300,,,0.0,0.0,0.673617096079046,,150.0,
S1,Composite,0.9947700340760184,0.9673903084173339,0.0,0.9992749501749484,0.9947892574416716,0.8613933872740781,48,50,48.0,96.0,300,-0.39036271461709604,-1.1345823830327252e-05,18.676840450727678,3.0390719359524594,1.2372325904668724,,,
S2,Seasonal,0.08085799735404631,0.9519084808738676,0.0,0.7199593474133449,0.9975351632106384,0.9579462602315131,48,50,48.0,96.0,300,0.0,0.0,22.818649808036138,4.187762225299911,0.7566358184424129,,,
S3,Stationary_WN,0.13786789573841807,0.14914465285429435,0.0,0.47951726110447856,0.21077221266273916,0.2879574396881489,None,3,,,300,0.0,0.0,0.0,0.0,9.752295550180936,,,
S4,Trending_MeanShift,0.9998785805219557,0.9995142913830533,0.0,0.9998480894595131,0.9994030607991562,0.0,None,150,,,300,,,0.0,0.0,1.3331133464023486,,150.0,
S1,Composite,0.8661896464857946,0.958152974752391,0.0,0.9955237977496004,0.9989348053875629,0.9763823065127073,48,50,48.0,96.0,300,-0.10291034292979068,4.5079264003756424e-05,21.105854240786485,7.344190169843613,0.6905135561028724,,,
S2,Seasonal,0.6894164841843118,0.8877060159322347,0.0,0.9896778099339226,0.9988284177159675,0.9908614536476767,48,50,48.0,96.0,300,0.0,0.0,15.346762611558457,9.897324151313356,0.5642864905263851,,,
S3,Stationary_WN,0.05038829064147676,0.1704113241715044,0.0,0.4176899377790103,0.26311831207012015,0.3609749951983422,None,3,,,300,0.0,0.0,0.0,0.0,6.8494132622922566,,,
S4,Trending_MeanShift,0.9999716826482886,0.9998868043383361,0.0,0.9999675830460548,0.9998705237826491,0.0,None,150,,,300,,,0.0,0.0,0.7505039076956079,,150.0,
S1,Composite,0.9792795783281562,0.9773221177664921,0.0,0.9964970102310023,0.9956897904071131,0.8328561933381511,24,25,24.0,48.0,300,-0.1599152793240029,4.657738186710282e-05,17.10730590506337,2.5582844572254824,1.0395546838786252,,,
S2,Seasonal,0.6614125947262469,0.9374235224819139,0.0,0.97934266160143,0.9989481263742347,0.9853012658025073,24,25,24.0,48.0,300,0.0,0.0,19.70224377613144,8.780514984582453,0.5690521896517426,,,
S3,Stationary_AR,0.19168238206522814,0.2632511691093732,0.0,0.3063775086816586,0.5376366801252991,0.6035730149863374,None,21,,,300,0.0,0.0,0.0,0.0,5.0,0.5170638795435983,,
S4,Trending_MeanShift,0.9999663750462242,0.9998656444402804,0.0,0.9999656482990453,0.9998624760253965,0.0,None,150,,,300,,,0.0,0.0,0.9661331753500858,,150.0,
S1,Composite,0.9528314918855971,0.9615893669623935,0.0,0.9970363180244145,0.9975334663805313,0.942685752946272,24,25,24.0,48.0,300,-0.1667087563144477,3.3231026588066595e-05,21.472585853981393,6.811454265163521,1.089712384539233,,,
S2,Seasonal,0.6576688589220228,0.9413616414840118,0.0,0.9741071530743531,0.9987963972540363,0.9820608941577695,24,25,24.0,48.0,300,0.0,0.0,26.015318458914884,11.107809061547165,0.8376814820670482,,,
S3,Stationary_AR,0.16656058749998626,0.2985419698445404,0.0,0.23036282568093613,0.49945546741525615,0.49723254558375674,None,21,,,300,0.0,0.0,0.0,0.0,5.0,0.44540857810551404,,
S4,Trending_ExponentialGrowth,0.9975159398996146,0.28917429219094204,0.0,0.9985571940432987,0.46392615850214003,0.41501499124883057,None,24,,,300,,,0.0,0.0,1.1676396134686664,,,
S1,Composite,0.9860435565683857,0.9629626441563862,0.0,0.9984935876697827,0.9955690955549905,0.8933614814308658,48,50,48.0,96.0,300,-0.3154436634796487,-4.0180102967492285e-05,23.64859203551807,5.1064291471498855,1.2424624664742114,,,
S2,Seasonal,0.6465861407552289,0.9458818858318634,0.0,0.9160213250795435,0.9962600337009684,0.9360751803162191,48,50,48.0,96.0,300,0.0,0.0,22.24656255354656,9.11076220871547,1.4090888226312317,,,
S3,Stationary_WN,0.1734874286647975,0.08992012785228831,0.0,0.5877800912596157,0.14234539362676668,0.36747991477942865,None,2,,,300,0.0,0.0,0.0,0.0,5.830050731893049,,,
S4,Trending_RandomWalkDrift,0.6619560634136906,0.41256609951907086,0.0,0.9643244004810234,0.9686364657193451,0.9441910608729225,None,75,,,300,,,0.0,0.0,1.3276112714753636,,,0.2741511192208922
S1,Composite,0.9908768278123394,0.9702252104512151,0.0,0.999506447710521,0.9983905769183171,0.9469271421162052,12,12,12.0,24.0,300,-0.3228564216400506,-2.974971797146506e-05,22.392184579630523,7.547329020270365,1.1455925848305053,,,
S2,Seasonal,0.7420982623478624,0.9520397916694174,0.0,0.9602209531090938,0.9979507825752825,0.9587784610476637,12,12,12.0,24.0,300,0.0,0.0,21.77248099330852,9.72499550266048,1.047818190692428,,,
S3,Stationary_WN,0.2735166821801416,0.19020907361459438,0.0,0.641506365969712,0.2716443487996837,0.35907224936816606,None,2,,,300,0.0,0.0,0.0,0.0,5.3994026315668915,,,
S4,Trending_MeanShift,0.9998973531650995,0.9995977877979113,0.0,0.99988217861046,0.9995356098827282,0.0,None,150,,,300,,,0.0,0.0,0.873810446556459,,150.0,
S1,Composite,0.9244376896500406,0.9454163517111187,0.0,0.9882820123045019,0.9912743265747741,0.8628105642916983,24,25,24.0,48.0,300,-0.11941844343805307,2.894502986231933e-05,16.325243602476164,5.259643237440931,1.3372957567012245,,,
S2,Seasonal,0.6524978246147171,0.8848553687513552,0.0,0.920415360074706,0.9923023923651194,0.944904509920373,24,25,24.0,48.0,300,0.0,0.0,14.334780689265267,8.60993045862024,1.2649779865547552,,,
S3,Stationary_WN,0.19008864414292803,0.15338870288967754,0.0,0.564762918433126,0.24517885620526836,0.40008170065181237,None,2,,,300,0.0,0.0,0.0,0.0,10.673298794069574,,,
S4,Trending_RandomWalkDrift,0.9939566149116907,0.18856749378618243,0.0,0.9989848490710747,0.5613733358891668,0.8360034182648499,None,24,,,300,,,0.0,0.0,0.5686687496556345,,,-0.3558642754639407
S1,Composite,0.9716623543593421,0.9707387572582563,0.0,0.9936435994677397,0.9930134766834001,0.7860426331917275,36,38,36.0,72.0,300,-0.16874384500043993,-4.6329936963689174e-05,21.3954761769837,3.479991670561234,1.3515600895213866,,,
S2,Seasonal,0.599998447811223,0.9403145585480842,0.0,0.9746134757244928,0.998869350284209,0.9839852714673982,36,38,36.0,72.0,300,0.0,0.0,27.550811384283097,10.513822267616597,0.9119433104573175,,,
S3,Stationary_AR,0.12300228747596686,0.34399500141264805,0.0,0.16323497635180662,0.5409940589361995,0.6699670557429074,None,33,,,300,0.0,0.0,0.0,0.0,5.0,0.5904425242462847,,
S4,Trending_ExponentialGrowth,0.9982312109627067,0.30085109779853114,0.0,0.9987889901919261,0.40179701689285297,0.31197493116856423,None,24,,,300,,,0.0,0.0,1.0697364793739068,,,
S1,Composite,0.9340294225987089,0.8602689503409515,0.0,0.9947659262428139,0.9879763009035899,0.9309676550270141,36,38,36.0,72.0,300,0.11364216627384421,-1.291804258840513e-05,9.539331374023556,6.429212582817924,1.196969252884014,,,
S2,Seasonal,0.4342885184137326,0.9613039913684734,0.0,0.6089913845232015,0.9915997948012532,0.8145624898392753,36,38,36.0,72.0,300,0.0,0.0,19.468831646450585,4.193177694683301,1.76223222805649,,,
S3,Stationary_AR,0.13247332970830783,0.1508519859708477,0.0,0.38659794341796294,0.29222442132146353,0.536392425389153,None,17,,,300,0.0,0.0,0.0,0.0,5.0,0.5395728363927991,,
S4,Trending_MeanShift,0.9999644335357485,0.9998583020843972,0.0,0.9999600657461316,0.9998400259419605,0.0,None,150,,,300,,,0.0,0.0,0.7876308527238122,,150.0,
S1,Composite,0.992863062989061,0.9743609683129875,0.0,0.9992749760347295,0.9972688732304132,0.8993017989409873,48,50,48.0,96.0,300,0.2533251149349156,4.8043298706862394e-05,17.50318532982443,4.2793372748715255,0.8083278932754714,,,
S2,Seasonal,0.6917779379165286,0.886218856108022,0.0,0.9815597358939709,0.997858206190869,0.9834151728978631,48,50,48.0,96.0,300,0.0,0.0,14.329587199465417,9.5150067935829,0.7982419658752544,,,
S3,Stationary_WN,0.04511198765623614,0.1925701345070645,0.0,0.15556203899226162,0.2618168290117976,0.3435117384416113,None,9,,,300,0.0,0.0,0.0,0.0,13.011433170841103,,,
S4,Trending_ExponentialGrowth,0.9967857693830021,0.17243339912166045,0.0,0.9982627520833884,0.32080343024146607,0.4461097158463134,None,24,,,300,,,0.0,0.0,1.3887730228033939,,,
S1,Composite,0.9667205501119603,0.9589772577300154,0.0,0.9898948709540267,0.9859906796031831,0.7064217112704503,24,25,24.0,48.0,300,-0.11741290152177977,-2.926097787456456e-05,13.652108403138584,2.5351345001001295,1.4791019854430578,,,
S2,Seasonal,0.6382205808816497,0.9431643333314952,0.0,0.900755249947062,0.9956733359428849,0.9327096506555451,24,25,24.0,48.0,300,0.0,0.0,27.984797514546262,11.240476167059263,1.7440932359863952,,,
S3,Stationary_AR,0.01274359992640306,0.30609916804748505,0.0,0.026347201684570942,0.6759182291264743,0.700534272165206,None,50,,,300,0.0,0.0,0.0,0.0,5.0,0.5778899741110346,,
S4,Trending_RandomWalkDrift,0.9959815939479661,0.11831518058641266,0.0,0.999451883500776,0.6774010846786169,0.8628823994595547,None,24,,,300,,,0.0,0.0,0.8490714249782156,,,0.49740203466078825
S1,Composite,0.9309983379017229,0.9551133795100468,0.0,0.9973991458133844,0.9985630040004807,0.9692109821706661,12,12,12.0,24.0,300,-0.11286416821258638,4.509830885611018e-05,17.08374798023261,7.343872316236508,0.6871768425599526,,,
S2,Seasonal,0.6976947780510677,0.9435672187489823,0.0,0.830620294041041,0.99100012903935,0.844834262729518,12,12,12.0,24.0,300,0.0,0.0,18.647339177368863,7.799207559634146,1.8852646288067367,,,
S3,Stationary_WN,0.0759135116658245,0.19744087739848648,0.0,0.10604301317458686,0.3373163693285359,0.33454025579384483,None,11,,,300,0.0,0.0,0.0,0.0,13.779552063450007,,,
S4,Trending_ExponentialGrowth,0.9983816033274804,0.11168616242574558,0.0,0.9994928467973582,0.6456289483623612,0.679166120273397,None,24,,,300,,,0.0,0.0,1.0924210024904193,,,
S1,Composite,0.9103261937864926,0.8853387358405116,0.0,0.9923443911835274,0.9894787080087957,0.9217292092844074,48,50,48.0,96.0,300,-0.1805121268646268,2.4847748480392002e-05,17.7457915018136,6.069542654058683,1.1876593073497537,,,
S2,Seasonal,0.1682826121469052,0.9716593904303072,0.0,0.328533300043646,0.99342206300409,0.7903923357895096,48,50,48.0,96.0,300,0.0,0.0,27.705009753521917,4.0602727609100695,1.620844956500322,,,
S3,Stationary_AR,0.0572012465898597,0.4693795579236767,0.0,0.07557044257957324,0.7935931982432981,0.6864972033282171,None,100,,,300,0.0,0.0,0.0,0.0,5.0,0.6132947011541461,,
S4,Trending_RandomWalkDrift,0.9924834565526048,0.8938854455950171,0.0,0.9963020290049579,0.9563347090430565,0.5277145660175167,None,150,,,300,,,0.0,0.0,1.269128563981778,,,-0.4746276643589227
S1,Composite,0.9849091840684396,0.9179160514581548,0.0,0.9986244829141975,0.9916761665314802,0.9116415777058348,24,25,24.0,48.0,300,0.28172023488543435,2.187560811224445e-05,15.057176636895068,7.367780927555751,1.4314136281398444,,,
S2,Seasonal,0.6267454699578474,0.9192566227900032,0.0,0.8775391695347289,0.9922379177989127,0.9177538603508313,24,25,24.0,48.0,300,0.0,0.0,18.543949062503014,8.714661053774508,1.5137773479140963,,,
S3,Stationary_AR,0.06643617363281351,0.32912404810834417,0.0,0.1011449783803865,0.6980810321117892,0.7002441955101131,None,30,,,300,0.0,0.0,0.0,0.0,5.0,0.6126440732362259,,
S4,Trending_MeanShift,0.9998593670449446,0.9994394179895941,0.0,0.9998569036998418,0.9994331262072419,0.0,None,150,,,300,,,0.0,0.0,0.9332712960385628,,150.0,
S1,Composite,0.9970960335955313,0.9912853247674651,0.0,0.9995917022916876,0.9987787830366347,0.8600234022576214,12,12,12.0,24.0,300,-0.3474825025787106,-1.2010392980358084e-05,24.75266663465319,4.189316917810984,0.9604966769503053,,,
S2,Seasonal,0.7352255094585198,0.9715691023569778,0.0,0.9464660175423437,0.9984739844332415,0.9472026414788984,12,12,12.0,24.0,300,0.0,0.0,22.70724053258585,7.556329990324899,0.9851951521463544,,,
S3,Stationary_AR,0.11326056937716011,0.3734366065251442,0.0,0.18511566099592347,0.6024276968839095,0.6518972742850855,None,30,,,300,0.0,0.0,0.0,0.0,5.0,0.670454526901689,,
S4,Trending_RandomWalkDrift,0.740451000549141,0.4959385986610795,0.0,0.05433960663330639,0.15636677525549325,0.0,None,100,,,300,,,0.0,0.0,0.8953299097086139,,,-0.3100555288170683
S1,Composite,0.9671842978949581,0.9637878463631234,0.0,0.9984047823430215,0.9983282526745878,0.9551872260444764,12,12,12.0,24.0,300,-0.12899347127025615,-1.484334344106737e-05,16.30263164290789,6.1906196013837445,0.6609707043776668,,,
S2,Seasonal,0.7361026025542783,0.9623219977736903,0.0,0.931324625172981,0.9972266195103381,0.9281041772514823,12,12,12.0,24.0,300,0.0,0.0,29.163712328907817,10.9351353958388,1.4577494313184547,,,
S3,Stationary_WN,0.16590557432526787,0.20058722754270286,0.0,0.30557927322237155,0.2781867591920316,0.2528510538312493,None,4,,,300,0.0,0.0,0.0,0.0,12.170723396442165,,,
S4,Trending_ExponentialGrowth,0.9915034330955935,0.21475381536050409,0.0,0.9941736483610172,0.3571830696547287,0.3073604542756383,None,24,,,300,,,0.0,0.0,1.464536189645615,,,
S1,Composite,0.9953540020640326,0.9607968775165638,0.0,0.9990719669717237,0.9920071187853481,0.8023846379991628,12,12,12.0,24.0,300,0.30578872388371503,-3.38432805872531e-05,12.310446945396247,3.9800260357627337,1.1797514608068727,,,
S2,Seasonal,0.5910150219903565,0.917680144484979,0.0,0.6163975727649285,0.9747251202951898,0.7067722240989696,12,12,12.0,24.0,300,0.0,0.0,10.500743846162997,4.551701850579531,1.7736848247737602,,,
S3,Stationary_AR,0.09403169600429062,0.23077992278863857,0.0,0.05882965856364364,0.4452306386337509,0.48358343166756723,None,38,,,300,0.0,0.0,0.0,0.0,5.0,0.5588316236549352,,
S4,Trending_ExponentialGrowth,0.9725004869130152,0.16694333075102397,0.0,0.9819258374380435,0.359341649875626,0.37072566183691436,None,24,,,300,,,0.0,0.0,1.1699735750165519,,,
S1,Composite,0.9964386429101494,0.9894822630766414,0.0,0.9998178132028999,0.9994615875653331,0.9490767742856355,12,12,12.0,24.0,300,-0.3503612815712458,4.5490424075332176e-05,23.938290595615513,4.830518796989044,0.6181487084139861,,,
S2,Seasonal,0.6754901657178667,0.9839137387880689,0.0,0.7733307388035371,0.9967478272460825,0.7980894163237429,12,12,12.0,24.0,300,0.0,0.0,28.916171953220978,6.069866264143507,1.8109534049563094,,,
S3,Stationary_WN,0.09231959514329824,0.17465626160086767,0.0,0.20125580560242928,0.3126768320064328,0.31767788741206426,None,7,,,300,0.0,0.0,0.0,0.0,9.837701400270674,,,
S4,Trending_ExponentialGrowth,0.9988118081213004,0.2862398746575362,0.0,0.99933163106003,0.4671033246034163,0.4319302390011852,None,24,,,300,,,0.0,0.0,0.9418414281148337,,,
S1,Composite,0.9925183647892528,0.9369981604254366,0.0,0.999164375435098,0.9913653129420757,0.8881782941882594,48,50,48.0,96.0,300,0.25202760076132413,-3.120193684828107e-05,10.112676596696806,2.1099473057648166,0.6890693157576723,,,
S2,Seasonal,0.6279739806100173,0.8809975437447397,0.0,0.922501458073521,0.9926953399548348,0.9454961221501892,48,50,48.0,96.0,300,0.0,0.0,15.367201567149568,9.148434706189555,1.085259016183177,,,
S3,Stationary_WN,0.08983506578615619,0.19848900046741402,0.0,0.2782566593576655,0.3359620261296423,0.3467404775956836,None,6,,,300,0.0,0.0,0.0,0.0,8.302465327505871,,,
S4,Trending_RandomWalkDrift,0.9418228722432082,0.47408012737356153,0.0,0.9859617240258935,0.8035818147799614,0.7186297402265099,None,150,,,300,,,0.0,0.0,0.5168089972951849,,,-0.13151313430189224
S1,Composite,0.9965856406810536,0.9946398520228446,0.0,0.9995348145693166,0.999272409866322,0.8645436671811,12,12,12.0,24.0,300,-0.22203197210274375,1.7074697044166744e-05,21.20746064308716,2.735121540065826,0.6523942707359313,,,
S2,Seasonal,0.7307645469711392,0.9232540054040864,0.0,0.9118632646528083,0.9929680279547757,0.913404721764157,12,12,12.0,24.0,300,0.0,0.0,18.404269801530138,10.251717115054586,1.4850836880634914,,,
S3,Stationary_WN,0.06014921589599698,0.15952514754483682,0.0,0.23850456337843218,0.31702638977915965,0.3590526809805208,None,7,,,300,0.0,0.0,0.0,0.0,12.822559201870101,,,
S4,Trending_ExponentialGrowth,0.9973450532939773,0.17451636947980065,0.0,0.9984699767418299,0.32118224534026385,0.412610184475354,None,24,,,300,,,0.0,0.0,0.8780006027986482,,,
S1,Composite,0.9971768567543732,0.9837946381705097,0.0,0.9996537017441723,0.9977873936333643,0.8779669245520647,24,25,24.0,48.0,300,0.347509597888299,-1.1986864361391301e-05,17.704751843577007,2.8609886635700423,0.6867109148124172,,,
S2,Seasonal,0.6123791127815987,0.9418923049989183,0.0,0.8370675380352639,0.9926243131059417,0.8885115438704866,24,25,24.0,48.0,300,0.0,0.0,18.295325923267836,6.784979982136228,1.6685515468704262,,,
S3,Stationary_AR,0.15792890127260395,0.21206439320397708,0.0,0.3821509051380386,0.4370624310492883,0.5545344580523155,None,19,,,300,0.0,0.0,0.0,0.0,5.0,0.6152537913856342,,
S4,Trending_MeanShift,0.9997706150208402,0.9990785482961,0.0,0.9997712770446776,0.9990755382872575,0.0009489733111102128,None,150,,,300,,,0.0,0.0,1.2730697306957088,,150.0,
S1,Composite,0.9817372963387005,0.9478077007958824,0.0,0.9995458927455321,0.9987138833001017,0.9762032313906912,12,12,12.0,24.0,300,-0.16978208276853027,-2.7060270688423575e-05,12.861365884379827,6.0442175827359295,0.5193205044356214,,,
S2,Seasonal,0.7325976323229673,0.9627670299539733,0.0,0.9314851540264479,0.997345206206659,0.9305719154778902,12,12,12.0,24.0,300,0.0,0.0,29.934293357244282,11.15054814830616,1.48883585620568,,,
S3,Stationary_WN,0.07839813801589768,0.0,0.0,0.518473055295072,0.0,0.4193802344031262,None,2,,,300,0.0,0.0,0.0,0.0,5.218407044224456,,,
S4,Trending_MeanShift,0.9998978200431106,0.9995923721288061,0.0,0.999913984235254,0.9996527870992648,0.15532100130821236,None,150,,,300,,,0.0,0.0,0.8614886631479152,,150.0,
S1,Composite,0.968285913969287,0.8752907287733231,0.0,0.99848017795885,0.9939894488955322,0.9569032642703127,12,12,12.0,24.0,300,0.14740993515123116,4.339450170617771e-05,9.746682043020906,7.444439619247866,0.8104333894741413,,,
S2,Seasonal,0.7520363012492369,0.7929993250678908,0.0,0.9878024640953031,0.9967590501197451,0.987092998921909,12,12,12.0,24.0,300,0.0,0.0,10.128184837515473,10.52043924800334,0.6267253102648034,,,
S3,Stationary_AR,0.18340523582805068,0.25949935021014425,0.0,0.35337626557548396,0.47605345588833803,0.5289622310637505,None,12,,,300,0.0,0.0,0.0,0.0,5.0,0.5791052290054309,,
S4,Trending_MeanShift,0.9997811754706825,0.9991283164534299,0.0,0.999856295586557,0.9994232892908056,0.34113711335347197,None,150,,,300,,,0.0,0.0,1.1220367992054903,,150.0,
S1,Composite,0.998578430125342,0.9771873081384014,0.0,0.9997527943076139,0.9955732291293641,0.8263241202637726,24,50,24.0,48.0,300,-0.37341511325281407,4.8479211632819675e-05,8.4836076535257,6.396298964498915,0.7497578689915222,,,
S2,Seasonal,0.6136806820464922,0.9590803616666225,0.0,0.8916768363815185,0.997039552319273,0.9355810213179107,24,25,24.0,48.0,300,0.0,0.0,24.015765465392963,7.868210358486456,1.2812249639353044,,,
S3,Stationary_WN,0.12005494584620491,0.286517229548664,0.0,0.15554368699605947,0.36270142410509165,0.2983059480906084,None,11,,,300,0.0,0.0,0.0,0.0,9.113797516200808,,,
S4,Trending_MeanShift,0.9999728756323003,0.9998913175976741,0.0,0.9999721684948906,0.9998884495577728,0.0,None,150,,,300,,,0.0,0.0,0.8956295886780999,,150.0,
S1,Composite,0.9886096272077587,0.9500705189121618,0.0,0.9980885549021419,0.9904713448869565,0.8325150808347332,36,38,36.0,72.0,300,0.22183181694979465,-4.780081945071236e-05,12.07173537808183,3.3577516813774624,1.0295094910135991,,,
S2,Seasonal,0.6193792069483947,0.9480864211311667,0.0,0.948527730866871,0.9978695014329174,0.9645355508570727,36,38,36.0,72.0,300,0.0,0.0,27.069784987204613,9.826076835101855,1.2227768639063266,,,
S3,Stationary_AR,0.18974006570716573,0.3025197738170977,0.0,0.38144456316257247,0.510975808052043,0.6475932025167088,None,16,,,300,0.0,0.0,0.0,0.0,5.0,0.49573705724693096,,
S4,Trending_MeanShift,0.9999650280647499,0.9998591010954557,0.0,0.999622011106385,0.9985095486780432,0.0,None,150,,,300,,,0.0,0.0,1.043507597950585,,150.0,
S1,Composite,0.9687616246759678,0.9255649605716247,0.0,0.9978850460392962,0.9950810997714264,0.9373471679423148,12,12,12.0,24.0,300,-0.16695461526134797,-2.1875006532782158e-05,13.765987943926419,7.610485023932361,1.0994979482111122,,,
S2,Seasonal,0.7136490458118571,0.8672610107015364,0.0,0.8800203883839445,0.9830697011719153,0.8841193303309175,12,12,12.0,24.0,300,0.0,0.0,12.27710318624836,8.751401775065364,1.6357202263841981,,,
S3,Stationary_AR,0.031050237052017704,0.24826948668448967,0.0,0.11949351324446889,0.714950938636957,0.7485389435307526,None,75,,,300,0.0,0.0,0.0,0.0,5.0,0.6079309406469838,,
S4,Trending_ExponentialGrowth,0.9989618456985326,0.3055708705176464,0.0,0.9994367334579591,0.5232414004390108,0.44846155158211,None,24,,,300,,,0.0,0.0,1.2908586320329327,,,
S1,Composite,0.9851913707682207,0.9595673205926576,0.0,0.9990525617725899,0.9974539781116689,0.939161291338252,12,12,12.0,24.0,300,0.18340620417218467,3.122059190349416e-05,14.188821851607468,5.607401863755683,0.7766008258497092,,,
S2,Seasonal,0.7496905460565191,0.8892665965342402,0.0,0.984805658689322,0.9980589983457717,0.9841457423029584,12,12,12.0,24.0,300,0.0,0.0,12.198307482550995,8.731158741889747,0.5545048025575834,,,
S3,Stationary_WN,0.07265553467696173,0.2194795736859677,0.0,0.16997048597514341,0.3971568810158077,0.3231676142151432,None,14,,,300,0.0,0.0,0.0,0.0,9.98173397917083,,,
S4,Trending_RandomWalkDrift,0.9734694282845923,0.18561587807369206,0.0,0.9966960147350288,0.7965526360672879,0.8806823649179876,None,24,,,300,,,0.0,0.0,1.1245545069918719,,,0.21981945538596348
S1,Composite,0.9817185989372252,0.9234454896365438,0.0,0.9994668129320771,0.9976495307618128,0.9722129189100073,48,50,48.0,96.0,300,-0.1923460972133686,-2.891503754537896e-05,11.407709031121694,5.7438520608367725,0.5670252805135627,,,
S2,Seasonal,0.5260228722991421,0.9518771048728554,0.0,0.8148822661286012,0.9952394436307584,0.9074403083699136,48,50,48.0,96.0,300,0.0,0.0,29.934934648722344,9.394410984491248,1.7760388246324599,,,
S3,Stationary_WN,0.11213279765859052,0.14966925903020423,0.0,0.4458927824005494,0.23428905158727864,0.4018757940685148,None,3,,,300,0.0,0.0,0.0,0.0,9.5727804233303,,,
S4,Trending_ExponentialGrowth,0.9957532217445825,0.24027144931655697,0.0,0.9971981068048958,0.3903776147735374,0.331942931965337,None,24,,,300,,,0.0,0.0,0.5216371148528122,,,
S1,Composite,0.9974402521136126,0.952970046072087,0.0,0.9995599774043805,0.99068262578356,0.828441868969529,24,25,24.0,48.0,300,-0.38911277927809684,4.114372810816443e-05,10.554026017183896,2.9072011642625295,0.8885891605960726,,,
S2,Seasonal,0.025759056453746654,0.9744226328111468,0.0,0.08352392427886723,0.9939298737046132,0.7867385514820013,24,50,24.0,48.0,300,0.0,0.0,10.539430961722971,9.101131561796194,1.1433013861938968,,,
S3,Stationary_AR,0.1673199665493298,0.25179243570359267,0.0,0.25468545109064766,0.5527653668298854,0.6313893922521103,None,30,,,300,0.0,0.0,0.0,0.0,5.0,0.5197835594581761,,
S4,Trending_MeanShift,0.9994737060431951,0.9979307979168099,0.0,0.9996111679182551,0.9984790819488955,0.2633627392644423,None,150,,,300,,,0.0,0.0,1.2869383555179037,,150.0,
S1,Composite,0.9789304399483609,0.9566333933704381,0.0,0.998764036018896,0.9972715701211746,0.9439713009405061,24,25,24.0,48.0,300,0.21800943408275286,3.9397945086359184e-05,20.134543609151358,6.875543896718797,1.130658157555815,,,
S2,Seasonal,0.060386079619536015,0.9785085392423105,0.0,0.19151802144514118,0.9958264832326859,0.8241643565539039,24,50,24.0,48.0,300,0.0,0.0,15.944255549909844,11.363648206447065,1.45064358621141,,,
S3,Stationary_WN,0.1316653601396801,0.18133273113057446,0.0,0.4832522568965196,0.275926404570905,0.3699299996912533,None,3,,,300,0.0,0.0,0.0,0.0,5.505210123349517,,,
S4,Trending_ExponentialGrowth,0.99821537413101,0.11143854538574804,0.0,0.9992522234975701,0.5468501472377046,0.5712738291578785,None,24,,,300,,,0.0,0.0,0.5555885709341236,,,
S1,Composite,0.9256637077831205,0.9440168050881559,0.0,0.9952893000707945,0.9959396732441862,0.940193727393284,48,50,48.0,96.0,300,0.13908162977061822,4.649585556708998e-05,22.473962543880027,4.587531330832214,1.0857878374180574,,,
S2,Seasonal,0.6612617827496123,0.9597159644918128,0.0,0.9792324278867997,0.9992855839054332,0.9834732524425661,48,50,48.0,96.0,300,0.0,0.0,19.69479768633044,6.933232589215748,0.5054017921010581,,,
S3,Stationary_AR,0.12507469894497658,0.2648009813946405,0.0,0.35791304269283997,0.5733005287566776,0.6799907558457494,None,38,,,300,0.0,0.0,0.0,0.0,5.0,0.6494531062815405,,
S4,Trending_MeanShift,0.9999485970331917,0.9997956138689332,0.0,0.999955725571691,0.99982311025799,0.13734388506415396,None,150,,,300,,,0.0,0.0,1.1949514429947445,,150.0,
S1,Composite,0.9278806554224055,0.9234127291327604,0.0,0.9887345722240335,0.9872090855680327,0.8617858516543693,36,38,36.0,72.0,300,-0.14649853920499226,3.837700783587536e-05,15.686755077532542,6.200473897258934,1.4388507742995977,,,
S2,Seasonal,0.3480390110381302,0.8440403071335468,0.0,0.7819302196651247,0.9872427374557823,0.9400688155784129,36,38,36.0,72.0,300,0.0,0.0,10.530904197155333,4.851870364255552,0.992692781927315,,,
S3,Stationary_AR,0.018586452736498504,0.26871899363870366,0.0,0.06806093236467525,0.6724457698094313,0.6511050461645107,None,75,,,300,0.0,0.0,0.0,0.0,5.0,0.46324447824056064,,
S4,Trending_MeanShift,0.9999442919920148,0.9997760351597754,0.0,0.9992542026854171,0.9969811091954645,0.0,None,150,,,300,,,0.0,0.0,1.261228068422242,,150.0,
S1,Composite,0.9956443134416669,0.9586090168396373,0.0,0.9991474410533847,0.9917140198764763,0.8054175832213354,12,12,12.0,24.0,300,-0.3477240587605599,1.9841278921981816e-05,13.379481703318355,4.337879977099114,1.4336979223322608,,,
S2,Seasonal,0.6747082159243334,0.9818915846233234,0.0,0.7945950239490203,0.9966534932464682,0.8164682556474747,12,12,12.0,24.0,300,0.0,0.0,27.687855763015293,6.122462146613848,1.6926243037350135,,,
S3,Stationary_WN,0.12845948592635792,0.11422400267802557,0.0,0.4921410687479214,0.20454256127219428,0.37501478777588204,None,2,,,300,0.0,0.0,0.0,0.0,13.252425584029982,,,
S4,Trending_MeanShift,0.9999513010473479,0.9998042407811196,0.0,0.9958405432958956,0.9839713156858269,0.0,None,150,,,300,,,0.0,0.0,1.2642714991282937,,150.0,
S1,Composite,0.9700017863764245,0.9848596579498379,0.0,0.9970673553326431,0.998453247380289,0.9077003802376,24,25,24.0,48.0,300,0.10100114471852743,-1.398100622928952e-05,17.487460167509063,2.9079762916036183,0.6324968764600936,,,
S2,Seasonal,0.6701641695439822,0.877551872485736,0.0,0.9631462855447233,0.9957894768515816,0.9717036639067889,24,25,24.0,48.0,300,0.0,0.0,10.097196635338225,6.5506554319766055,0.6304658388567211,,,
S3,Stationary_AR,0.03458966821358456,0.293064373803931,0.0,0.04860589828004669,0.5993407322704651,0.6409214917880146,None,60,,,300,0.0,0.0,0.0,0.0,5.0,0.4682658420921193,,
S4,Trending_MeanShift,0.9998617125628928,0.9994395028892893,0.0,0.9998327227061714,0.9993284788634862,0.0,None,150,,,300,,,0.0,0.0,1.1251368638565353,,150.0,
S1,Composite,0.9958216376754729,0.9354108684021072,0.0,0.9990760444584262,0.984141932329349,0.7819076748857006,24,23,24.0,48.0,300,0.3182176359850878,2.133317705285859e-05,9.83598483976344,4.0806944021576195,1.2893840771455762,,,
S2,Seasonal,0.522767035271597,0.9681742078111979,0.0,0.6789008069905347,0.9932329132991791,0.8105739769387059,24,25,24.0,48.0,300,0.0,0.0,23.936698815984375,5.695534250185838,1.8768305669219298,,,
S3,Stationary_AR,0.35697155642665446,0.3329065175960272,0.0,0.41813979921755073,0.4877198745375496,0.49206573950715016,None,15,,,300,0.0,0.0,0.0,0.0,5.0,0.6370365109875731,,
S4,Trending_ExponentialGrowth,0.9980036479756599,0.18049602033803047,0.0,0.99884965763918,0.4264628046969594,0.41625655803556294,None,24,,,300,,,0.0,0.0,0.6715144719341635,,,
S1,Composite,0.9828491552634486,0.9680651538694085,0.0,0.9978076458184116,0.9956055236049255,0.8765083232532211,36,38,36.0,72.0,300,-0.19018052000358515,1.4527870664640636e-05,16.40634518141178,2.261757705348726,1.011667683316076,,,
S2,Seasonal,0.5879417983911119,0.9245859580862087,0.0,0.8852686814461147,0.9933298693509184,0.9256288585797651,36,38,36.0,72.0,300,0.0,0.0,19.126856339593427,8.17410047273015,1.2817319981640625,,,
S3,Stationary_WN,0.20561241053276214,0.1316943601500974,0.0,0.33593882014149234,0.23393432683568094,0.3051453229217317,None,5,,,300,0.0,0.0,0.0,0.0,12.931119822679737,,,
S4,Trending_MeanShift,0.9999652004968599,0.9998605203754375,0.0,0.9999704540617226,0.9998817666162669,0.15159645896064755,None,150,,,300,,,0.0,0.0,0.7562505135885998,,150.0,
S1,Composite,0.9853225201790476,0.9400383454793584,0.0,0.9968294413926877,0.9853351521972934,0.786026753036398,36,38,36.0,72.0,300,0.24895408385475024,-4.52351547311823e-05,14.293803595905752,4.046996743805522,1.2662170073962558,,,
S2,Seasonal,0.5865277764883565,0.9598921794021668,0.0,0.9724401980102052,0.9992083571071774,0.9828500529686599,36,38,36.0,72.0,300,0.0,0.0,27.15048251713369,8.158607366706374,0.6362695124151982,,,
S3,Stationary_WN,0.02697112439588456,0.2853198247312876,0.0,0.09683404005856644,0.3264946950173697,0.2748897644480238,None,11,,,300,0.0,0.0,0.0,0.0,11.643580598852076,,,
S4,Trending_MeanShift,0.9996328824877228,0.9985207923288478,0.0,0.9995238809124376,0.9981548058897406,0.0,None,150,,,300,,,0.0,0.0,1.4228337286175337,,150.0,
S1,Composite,0.9559178360129064,0.9433600296921949,0.0,0.9990418613168012,0.9986947715820711,0.9801230856952925,36,38,36.0,72.0,300,0.1833380567383461,-4.407397696147498e-05,19.74473177478147,7.713063471849944,0.6186514252715578,,,
S2,Seasonal,0.612461612424308,0.818548200160167,0.0,0.8573235283862386,0.9764720607009604,0.9041100632772118,36,38,36.0,72.0,300,0.0,0.0,14.774886822390165,10.6006927497209,1.998823113919666,,,
S3,Stationary_AR,0.060352052702549175,0.2967504154517929,0.0,0.18705560973821278,0.49782618573293347,0.5321402632250971,None,43,,,300,0.0,0.0,0.0,0.0,5.0,0.5853814446401058,,
S4,Trending_MeanShift,0.9999901349214685,0.9999605731481354,0.0,0.9999784030070084,0.9999132183221063,0.0,None,150,,,300,,,0.0,0.0,0.5394989176823514,,150.0,
S1,Composite,0.9946019957315771,0.9697046484780542,0.0,0.9989189087506051,0.9932630014730702,0.8020184071518605,24,25,24.0,48.0,300,-0.3495585847027125,2.257638782666342e-05,17.194735262768486,3.5442275608056857,1.3799748972946624,,,
S2,Seasonal,0.3979245835841061,0.929591058272706,0.0,0.43653255578262484,0.9768765413846182,0.7166307019383423,24,25,24.0,48.0,300,0.0,0.0,14.803590232741598,4.202614978125716,1.8699653675568109,,,
S3,Stationary_AR,0.0,0.3178564940959161,0.0,0.0967725898891778,0.7686592010669514,0.7305365733338373,None,75,,,300,0.0,0.0,0.0,0.0,5.0,0.605433657565784,,
S4,Trending_ExponentialGrowth,0.9897174912191729,0.2662794002914346,0.0,0.9920724041962009,0.3524989400729399,0.22129361186523178,None,24,,,300,,,0.0,0.0,0.9859595946719748,,,
S1,Composite,0.9438189993596265,0.9810005805773221,0.0,0.9897764660716779,0.9964967403230112,0.8293225061417603,36,38,36.0,72.0,300,0.11391967054079322,-4.5604631229137766e-05,22.833333421140168,2.5818736353427116,0.9809109350674516,,,
S2,Seasonal,0.42345247290560706,0.969179900873086,0.0,0.7546521050314069,0.995587677665312,0.8672472589088608,36,38,36.0,72.0,300,0.0,0.0,23.588557547468902,4.330486853072869,1.1131935047817487,,,
S3,Stationary_WN,0.028613669834511968,0.11775976628045803,0.0,0.5296600108093423,0.18958963466747003,0.45819950131801734,None,2,,,300,0.0,0.0,0.0,0.0,7.63984133034726,,,
S4,Trending_ExponentialGrowth,0.9966423618925581,0.27829662160153346,0.0,0.9977503348017785,0.3676033035405937,0.3260801012442921,None,24,,,300,,,0.0,0.0,0.6637914729310298,,,
S1,Composite,0.9924121887477415,0.98341823731603,0.0,0.9988167003476426,0.9971635639507254,0.8446130519718553,24,25,24.0,48.0,300,-0.2754800615926417,-2.2412623827980363e-05,23.02160869643284,3.266904172926255,1.2334451868334662,,,
S2,Seasonal,0.7145199780559811,0.9034407551234352,0.0,0.9280908907387314,0.9913241801608357,0.9230352059587468,24,23,24.0,48.0,300,0.0,0.0,16.28855490578039,9.679293449061337,1.4832338760730397,,,
S3,Stationary_AR,0.06975818788248522,0.22258515606856177,0.0,0.13320580301450569,0.3818746579027158,0.4442988545121983,None,18,,,300,0.0,0.0,0.0,0.0,5.0,0.4163096840873235,,
S4,Trending_ExponentialGrowth,0.9833666212412948,0.26519615200139,0.0,0.9901086820918715,0.4307637014084261,0.3938782780450949,None,24,,,300,,,0.0,0.0,1.3431146031274626,,,
S1,Composite,0.9845535140327507,0.9443204754963352,0.0,0.999098132179552,0.9967843374590032,0.9447202014638985,12,12,12.0,24.0,300,0.17578475921065762,3.19808826437671e-05,11.884180295165695,5.510840286825643,0.7137040940619163,,,
S2,Seasonal,0.7504671877616979,0.9258931914960962,0.0,0.9781602373079222,0.9981632199241043,0.9766319404999508,12,12,12.0,24.0,300,0.0,0.0,20.023088744436894,11.358130347370528,0.8766713429662082,,,
S3,Stationary_AR,0.16381905951328335,0.28976162015277884,0.0,0.2530992893720677,0.581075921172242,0.6633065804629223,None,33,,,300,0.0,0.0,0.0,0.0,5.0,0.6127297507241154,,
S4,Trending_ExponentialGrowth,0.9749978864224402,0.016304562872305084,0.0,0.984157981474202,0.29502976325989305,0.3464524176244579,None,24,,,300,,,0.0,0.0,1.4350587956341947,,,
S1,Composite,0.9704658584920333,0.9565391061666502,0.0,0.9988594159074639,0.9982161697701785,0.9637227643538848,24,25,24.0,48.0,300,0.13178015508268223,-3.828034554617529e-05,12.619476513408665,4.415293643624645,0.5018468280374963,,,
S2,Seasonal,0.6303904843849497,0.9561023069343969,0.0,0.8978373884607581,0.996624632290738,0.9312124270151464,24,25,24.0,48.0,300,0.0,0.0,23.168499700191646,8.050094030108443,1.491895046356495,,,
S3,Stationary_AR,0.0843367114217356,0.20780974236401972,0.0,0.20501601039564066,0.49491878562959957,0.5616333116831649,None,38,,,300,0.0,0.0,0.0,0.0,5.0,0.42433166942171946,,
S4,Trending_RandomWalkDrift,0.9821647715636876,0.08718107415085596,0.0,0.9975101520606532,0.6407541897461496,0.8707820663388779,None,24,,,300,,,0.0,0.0,1.0936790042670772,,,0.10814935763658702
S1,Composite,0.9833745097334442,0.9910988594407415,0.0,0.9974989014396455,0.9985203112319104,0.8478929442608155,24,25,24.0,48.0,300,-0.13823414392300223,-3.010413535845835e-05,24.49745503294909,2.1605521845110243,0.5630116441092593,,,
S2,Seasonal,0.6437307082418284,0.9124924794419653,0.0,0.8984248947567293,0.9929214160807519,0.9304830888006439,24,25,24.0,48.0,300,0.0,0.0,18.046546578859694,9.45101167927772,1.5988896089148128,,,
S3,Stationary_WN,0.1473724807897817,0.053008115207055284,0.0,0.5054629640235284,0.0815187341890996,0.33741182707129846,None,2,,,300,0.0,0.0,0.0,0.0,14.781084532246327,,,
S4,Trending_MeanShift,0.9999560550884705,0.9998240020579112,0.0,0.9998955398761884,0.9995799242637075,0.0,None,150,,,300,,,0.0,0.0,0.8396937405461133,,150.0,
S1,Composite,0.992541003757804,0.8976949278976196,0.0,0.9998059573671814,0.9968751720764216,0.9744684307960121,24,25,24.0,48.0,300,-0.26004236776127776,-2.826437731205022e-05,8.402982131347606,4.849609248410241,0.5077806460853657,,,
S2,Seasonal,0.5541444098665289,0.907677452527895,0.0,0.6675868830225581,0.9781713270315116,0.7983188004645628,24,25,24.0,48.0,300,0.0,0.0,11.191345424588082,5.009168767156108,1.6820869932578737,,,
S3,Stationary_WN,0.0,0.01906342413384632,0.0,0.5761090053420422,0.054513543511997,0.45187715834596187,None,2,,,300,0.0,0.0,0.0,0.0,5.729047717739223,,,
S4,Trending_MeanShift,0.9999630467019434,0.9998524843617154,0.0,0.9998902376430306,0.99956294604442,0.0,None,150,,,300,,,0.0,0.0,1.1823754278992094,,150.0,
S1,Composite,0.9396211494730791,0.9544655344554208,0.0,0.9959434691019402,0.9968454671612449,0.9376577545715202,48,50,48.0,96.0,300,0.12175460802014854,4.0971705577689595e-05,20.50875848624589,5.87129017826034,0.8631446253281204,,,
S2,Seasonal,0.38888398467168295,0.9517528724250899,0.0,0.7809720878615608,0.9962639395365925,0.9322986764886019,48,50,48.0,96.0,300,0.0,0.0,15.427190621074313,4.05474034508888,0.8002553736075555,,,
S3,Stationary_WN,0.05890812365698472,0.153538734289837,0.0,0.2975454890182978,0.30404123472959166,0.42970788101138646,None,5,,,300,0.0,0.0,0.0,0.0,13.446804935863895,,,
S4,Trending_RandomWalkDrift,0.9706705169044711,0.08326206759532284,0.0,0.9951315295150827,0.552697399043871,0.837090793237721,None,24,,,300,,,0.0,0.0,0.7958681831385042,,,0.25801347882647807
S1,Composite,0.9912986132802244,0.9627947413242202,0.0,0.9996484293106499,0.9985005048834914,0.9608488696522914,12,12,12.0,24.0,300,0.26136930011243886,4.0824982125175336e-05,16.04058282777224,6.296221555555183,0.710927284870091,,,
S2,Seasonal,0.7317342449069014,0.964940196946097,0.0,0.945242311319619,0.9980092014752278,0.9443358479900771,12,12,12.0,24.0,300,0.0,0.0,26.170286741546814,9.692417551569896,1.3992830505916547,,,
S3,Stationary_AR,0.1410361210218376,0.20039992761774772,0.0,0.2825971606099028,0.4827030962069423,0.704370613819854,None,30,,,300,0.0,0.0,0.0,0.0,5.0,0.6152320583719695,,
S4,Trending_RandomWalkDrift,0.9406825758616725,0.2153067646892497,0.0,0.9870761547338741,0.5652951380019735,0.8085531102777047,None,24,,,300,,,0.0,0.0,1.4704833746105148,,,-0.19549305345958623
S1,Composite,0.9738993844843773,0.7293014778875694,0.0,0.9974564882798388,0.9729999399807646,0.9060985130711292,48,50,48.0,96.0,300,-0.3228670802902601,-3.4107354561617185e-05,10.705553436696947,7.677563369968022,1.3768705491412956,,,
S2,Seasonal,0.023503428005911098,0.9806381561343949,0.0,0.036746302990436575,0.5786026688004418,0.0,48,100,48.0,96.0,300,0.0,0.0,10.131885126518824,8.980829677654743,1.6455573249617728,,,
S3,Stationary_WN,0.18836030604694953,0.21073160511625222,0.0,0.42455300154037934,0.29982221259620445,0.3228219485288323,None,4,,,300,0.0,0.0,0.0,0.0,14.34804287299316,,,
S4,Trending_MeanShift,0.9995959606896495,0.998384558398004,0.0,0.9996531618729255,0.9986162058610698,0.1499814830788635,None,150,,,300,,,0.0,0.0,1.0647675548278217,,150.0,
S1,Composite,0.9792814496021267,0.9720877005220698,0.0,0.9990776897843381,0.9987226558174318,0.9571209464732544,48,50,48.0,96.0,300,0.15359527817198446,-3.4005263848841806e-05,15.85906340766818,4.41565258863106,0.5131944824183288,,,
S2,Seasonal,0.48398614030380804,0.9539006673365198,0.0,0.726095758665341,0.9931213728029695,0.8633876137767413,48,50,48.0,96.0,300,0.0,0.0,19.180402756455557,5.124902007696942,1.5465159405398288,,,
S3,Stationary_WN,0.024298091790122878,0.08072168385604606,0.0,0.4464840674535987,0.15525213047119635,0.3601107926491972,None,3,,,300,0.0,0.0,0.0,0.0,12.962955799824446,,,
S4,Trending_ExponentialGrowth,0.9982600724121602,0.2155040138208406,0.0,0.9991313394257489,0.45353511108125366,0.4899331132729303,None,24,,,300,,,0.0,0.0,1.168777985217065,,,
S1,Composite,0.978250424592077,0.9439403275752016,0.0,0.9974225079229483,0.992313970284032,0.8844035449178183,48,50,48.0,96.0,300,-0.31559049973555553,4.791674169455994e-05,22.256896759347,5.273031177472112,1.4527474475644706,,,
S2,Seasonal,0.6491409844182074,0.9713502595618021,0.0,0.9730038028226474,0.999381933297566,0.9798953745822544,48,50,48.0,96.0,300,0.0,0.0,24.28882111319528,6.992242287985244,0.53367173243735,,,
S3,Stationary_AR,0.22652645801609916,0.21347302110381317,0.0,0.3277231365033455,0.4501999343346641,0.6183690637366683,None,15,,,300,0.0,0.0,0.0,0.0,5.0,0.5791231279924475,,
S4,Trending_ExponentialGrowth,0.9966362775239881,0.09065026597831449,0.0,0.9981586004832065,0.38853721402404884,0.4409634795172269,None,24,,,300,,,0.0,0.0,0.8525612373913377,,,
S1,Composite,0.9426289741390312,0.857751258514712,0.0,0.9985780801393758,0.9960818222322256,0.9782774489710354,36,38,36.0,72.0,300,0.13041755979746353,1.149318283617034e-05,11.140137201962402,7.8409254648745215,0.80689048618508,,,
S2,Seasonal,0.5222157171254044,0.9627296326725361,0.0,0.7868846043751745,0.994731166658724,0.8735934940539025,36,38,36.0,72.0,300,0.0,0.0,18.36030045274719,4.591335693785808,1.3729874052119748,,,
S3,Stationary_WN,0.16188082823988048,0.030741515359158478,0.0,0.6161555209794032,0.04109837645430092,0.3000370757664418,None,2,,,300,0.0,0.0,0.0,0.0,8.979717955658192,,,
S4,Trending_RandomWalkDrift,0.991099149557116,0.23248406873289096,0.0,0.9983010518972218,0.6612054253915876,0.8071972737525116,None,24,,,300,,,0.0,0.0,1.4300311853877845,,,-0.44112313852177987
S1,Composite,0.9384131611587226,0.9369058446830322,0.0,0.9895956709523146,0.9886028294752975,0.8482445991212446,24,25,24.0,48.0,300,-0.10340805682568784,3.49875826283766e-05,11.162740613156723,3.797294387359054,1.0342422887372542,,,
S2,Seasonal,0.6488453549137778,0.9449517019942031,0.0,0.9521850917720786,0.9979658191142738,0.9671505317007791,24,25,24.0,48.0,300,0.0,0.0,27.248611924813375,11.233309384960272,1.2808178692694854,,,
S3,Stationary_AR,0.04647973955107476,0.29325583986206294,0.0,0.22287345306612738,0.8431258314886163,0.7836301951791185,None,75,,,300,0.0,0.0,0.0,0.0,5.0,0.6995713448473815,,
S4,Trending_ExponentialGrowth,0.9988002994940393,0.3769322333242967,0.0,0.9992707224460184,0.5761293950909526,0.38859099461873314,None,24,,,300,,,0.0,0.0,0.5493239482567565,,,
S1,Composite,0.9538632598391574,0.978313958473689,0.0,0.9930714106294197,0.9967077642844326,0.8601532654985673,48,50,48.0,96.0,300,-0.10290810996182136,2.6483635906094922e-05,16.59884991836335,2.7623026537473567,1.0624936360743358,,,
S2,Seasonal,0.4189837596342515,0.7421602267555687,0.0,0.7807943395883956,0.9776464323632625,0.930221074954693,48,50,48.0,96.0,300,0.0,0.0,14.269708445802278,10.52070610073736,1.8554913206207004,,,
S3,Stationary_AR,0.007134389577635569,0.18572277058088882,0.0,0.021293716263349194,0.6272037154597325,0.596487866125265,None,75,,,300,0.0,0.0,0.0,0.0,5.0,0.4508954750618451,,
S4,Trending_ExponentialGrowth,0.9986986991777108,0.15781559720483962,0.0,0.9994006800205271,0.4688967092099252,0.529448946500448,None,24,,,300,,,0.0,0.0,1.128839912614402,,,
S1,Composite,0.9677926742893361,0.9011728479227947,0.0,0.9881780109470697,0.9615000062046833,0.6427086295943564,48,50,48.0,96.0,300,-0.1623612559814605,3.97025304957959e-05,9.795639343360461,2.3935339881156104,1.4277680882309025,,,
S2,Seasonal,0.5680808257200254,0.9329465446796349,0.0,0.933666387838326,0.9972522849369845,0.9631673455998263,48,50,48.0,96.0,300,0.0,0.0,20.15795952402558,7.9748944496096295,1.003023505885178,,,
S3,Stationary_WN,0.08459001532468857,0.03563572438241025,0.0,0.5696481526935937,0.08667270696043883,0.42147053810330615,None,2,,,300,0.0,0.0,0.0,0.0,5.698512482906971,,,
S4,Trending_ExponentialGrowth,0.9987082263583488,0.07222015281548733,0.0,0.9995333183545071,0.5856186884367975,0.6320698260975735,None,24,,,300,,,0.0,0.0,0.6241856177475918,,,
S1,Composite,0.9782221015805075,0.9396518473144901,0.0,0.9991268978119177,0.9973174476208004,0.9617507914387434,36,38,36.0,72.0,300,-0.16577499039237065,-4.8797364637872306e-05,12.76955646384907,5.039359831038348,0.6784345505565019,,,
S2,Seasonal,0.4905911648579858,0.9577836753956811,0.0,0.7202139525894242,0.9921422382335804,0.8369063244745021,36,38,36.0,72.0,300,0.0,0.0,19.62145575475528,5.098815078040544,1.8561637106868418,,,
S3,Stationary_WN,0.1138786179038711,0.18171479109329647,0.0,0.29637892203904204,0.27914096621086437,0.317459746410082,None,5,,,300,0.0,0.0,0.0,0.0,9.637025585726755,,,
S4,Trending_ExponentialGrowth,0.9951102360989528,0.30621945095949976,0.0,0.9968956717710251,0.4456921426366206,0.35592175805303006,None,24,,,300,,,0.0,0.0,1.1730059154281507,,,
S1,Composite,0.980056223299034,0.9472442252858556,0.0,0.9964333882633969,0.9894779233846951,0.8271047900681574,36,38,36.0,72.0,300,0.2345541286814578,-4.005704101682793e-05,16.708747896873444,4.460641612849958,1.3158968243198903,,,
S2,Seasonal,0.46747744666421953,0.9434650984308799,0.0,0.6417242188128705,0.9885701338064916,0.8269416139426577,36,38,36.0,72.0,300,0.0,0.0,19.919005276878796,5.6916742282640564,1.6419481397087146,,,
S3,Stationary_WN,0.2003497742470549,0.11148756595815046,0.0,0.5812610452571902,0.18648187006782102,0.4465770537710082,None,2,,,300,0.0,0.0,0.0,0.0,5.308583216725381,,,
S4,Trending_ExponentialGrowth,0.9829035396983309,0.22915210071725767,0.0,0.988269787380209,0.35570048815783273,0.3201928005546487,None,24,,,300,,,0.0,0.0,1.2843177303305024,,,
S1,Composite,0.9317834517182153,0.8033498583954517,0.0,0.9893014895899098,0.9683248181278401,0.8599861969926801,48,50,48.0,96.0,300,0.11805390388892031,1.6642528306951234e-05,8.880283898541125,6.227044370907971,1.2185137682381075,,,
S2,Seasonal,0.6372383254561642,0.7998748796231039,0.0,0.9563262086861434,0.9924753615386841,0.9690011363274786,48,50,48.0,96.0,300,0.0,0.0,13.52152450323846,11.233020129938325,1.1256444999686304,,,
S3,Stationary_WN,0.09085829846438531,0.19214676790443497,0.0,0.259151190766698,0.2888893993648133,0.2569690607439321,None,7,,,300,0.0,0.0,0.0,0.0,12.835329297961804,,,
S4,Trending_RandomWalkDrift,0.9941165871665834,0.21868451366845854,0.0,0.9988994649435015,0.6267619557758701,0.8162452692981472,None,24,,,300,,,0.0,0.0,1.086690505948493,,,-0.2959444114818287
S1,Composite,0.9962878034010112,0.979888409646095,0.0,0.9996035956487211,0.9978356808522252,0.8938754334291744,12,12,12.0,24.0,300,-0.328776873600514,3.6311657252481517e-05,16.69263720027851,4.4319488352089635,0.8627014973705974,,,
S2,Seasonal,0.7299469409777526,0.8775583006577965,0.0,0.9273414871807472,0.9900475441199625,0.9268614651250372,12,12,12.0,24.0,300,0.0,0.0,15.114053466020184,10.983458788708898,1.7543160899638448,,,
S3,Stationary_WN,0.13730441799372683,0.25406267430562157,0.0,0.306980762099086,0.3675882860965717,0.3031049607272932,None,4,,,300,0.0,0.0,0.0,0.0,8.7808077092677,,,
S4,Trending_ExponentialGrowth,0.998666390130377,0.30109473018329647,0.0,0.9992313904481326,0.47936124915903533,0.41591725422094517,None,24,,,300,,,0.0,0.0,0.8191494291104966,,,
S1,Composite,0.9866434040995707,0.9000131813898132,0.0,0.9977620720070612,0.9811071279232295,0.8347324661841262,48,50,48.0,96.0,300,0.292149373093067,-3.268192984221466e-05,12.247108061229877,4.766803272894415,1.2474708437890443,,,
S2,Seasonal,0.6465036869123784,0.9071076458788767,0.0,0.9097405746143619,0.9929945751998722,0.9316311730062836,48,50,48.0,96.0,300,0.0,0.0,15.314364740128983,8.065884739691878,1.1741976382195607,,,
S3,Stationary_WN,0.05149604551442455,0.11720336177363477,0.0,0.3511246462712686,0.1684882411481834,0.26696642124900705,None,3,,,300,0.0,0.0,0.0,0.0,7.798826704656992,,,
S4,Trending_MeanShift,0.9999205036692422,0.9996838526412042,0.0,0.999931280117445,0.9997220312646198,0.1291050571392932,None,150,,,300,,,0.0,0.0,1.4689019084743868,,150.0,
S1,Composite,0.993856276604981,0.991319436230314,0.0,0.9980784520220412,0.9973039685074397,0.6904895375219149,12,12,12.0,24.0,300,0.2205666454267333,2.815964418896282e-05,23.397912462837454,2.995971782914559,1.3111744063159194,,,
S2,Seasonal,0.7459495104826661,0.8881003446912474,0.0,0.9763805248138865,0.9970127847758697,0.9757431603159048,12,12,12.0,24.0,300,0.0,0.0,11.711711660173112,8.2804498963355,0.7949732190151234,,,
S3,Stationary_AR,0.14887075055125054,0.2958919894208254,0.0,0.205081258350286,0.512333719035283,0.5310067183656484,None,18,,,300,0.0,0.0,0.0,0.0,5.0,0.42996386076897225,,
S4,Trending_RandomWalkDrift,0.9885658792340721,0.1426481215631129,0.0,0.9978135236028138,0.5767783897519092,0.8171383280695982,None,24,,,300,,,0.0,0.0,0.6775939011429349,,,-0.23270967757060365
